step,matrix,m,n,r_null,G_r_spectrum,G_stable_rank_G,G_alignment_GW,G_G_fro,G_energy_top,G_energy_mid,G_energy_tail,G_energy_top_rows,G_energy_tail_rows,G_pangle_Gtop_Wtop_mean,H_r_spectrum,H_stable_rank_G,H_alignment_GW,H_G_fro,H_energy_top,H_energy_mid,H_energy_tail,H_energy_top_rows,H_energy_tail_rows,H_pangle_Gtop_Wtop_mean,snr_diag_median,snr_offdiag_median,spearman_absC_snr,rho_sigma_absmed,rho_frame_absmed
20,model.layers.7.self_attn.q_proj.weight,4096,1024,0.000244140625,0.00017273961566388607,3.165680408477783,-0.0009186238748952746,0.2159600853919983,0.0006440014694817364,0.17409999668598175,0.27079370617866516,0.007041442673653364,0.5414395928382874,1.5367048978805542,0.00033979880390688777,61.9688720703125,1.221197436507282e-07,1.5873202983129886e-06,0.00012573170533869416,0.25050535798072815,0.2400219738483429,0.009813722223043442,0.4675382077693939,1.4959635734558105,0.06782462447881699,0.07297566533088684,0.9006972312927246,0.2959725856781006,0.2966892719268799
20,model.layers.7.self_attn.k_proj.weight,512,1024,0.0009765625,0.0009277764474973083,5.5749077796936035,7.617991286679171e-06,0.15311813354492188,0.0006990442052483559,0.1649990677833557,0.2504817247390747,0.030093969777226448,0.6796610951423645,1.3327124118804932,0.0009819017723202705,32.33259582519531,-2.6548236746748444e-06,1.7234011693290086e-06,0.00012742760009132326,0.20959892868995667,0.2719145119190216,0.008965483866631985,0.5646798610687256,1.4070755243301392,,,,,
20,model.layers.7.self_attn.v_proj.weight,512,1024,0.0009765625,0.0009337944793514907,1.8199065923690796,-0.00104560109321028,0.3207067847251892,0.0008025753195397556,0.1280062049627304,0.2617182731628418,0.004968736786395311,0.7457481622695923,1.4710077047348022,0.0008882532711140811,21.369550704956055,-3.5706584640138317e-06,1.930358848767355e-06,0.00010321251465938985,0.22487741708755493,0.26303520798683167,0.01229067798703909,0.5259798765182495,1.3752000331878662,,,,,
20,model.layers.7.self_attn.o_proj.weight,1024,2048,0.00048828125,0.00023831837461329997,2.2071876525878906,-0.00035926804412156343,0.5037842988967896,3.082908006035723e-05,0.1395495980978012,0.37266314029693604,0.01114670466631651,0.5454206466674805,1.4328287839889526,0.0004968496505171061,75.23507690429688,8.805241122900043e-07,3.824030045507243e-06,3.2849238777998835e-05,0.17872518301010132,0.3147609829902649,0.006519611459225416,0.6205418705940247,1.503445029258728,,,,,
20,model.layers.15.self_attn.q_proj.weight,4096,1024,0.000244140625,0.00013828325609210879,4.364660263061523,0.00039527160697616637,0.21659429371356964,0.0005033498164266348,0.20906983315944672,0.24187272787094116,0.004358244128525257,0.4390413463115692,1.5469810962677002,0.00032795677543617785,63.063148498535156,1.9385001337468566e-07,1.338954803031811e-06,6.094299897085875e-05,0.24331392347812653,0.24427415430545807,0.01006189826875925,0.4525720775127411,1.4855154752731323,0.06043444573879242,0.060097333043813705,0.9007126688957214,,
20,model.layers.15.self_attn.k_proj.weight,512,1024,0.0009765625,0.0008780330535955727,5.2520952224731445,-5.0073426791641396e-06,0.17541591823101044,7.736021507298574e-05,0.25504258275032043,0.23650792241096497,0.003923710901290178,0.5418307185173035,1.4691312313079834,0.0009069853113032877,4.510211944580078,3.4095537557732314e-06,1.7187120420203428e-06,7.17736329534091e-05,0.13155215978622437,0.3664010465145111,0.004020347259938717,0.72784823179245,1.5109297037124634,,,,,
20,model.layers.15.self_attn.v_proj.weight,512,1024,0.0009765625,0.0008332348661497235,1.7285380363464355,-0.000550634867977351,0.19449537992477417,0.00023921126557979733,0.17088021337985992,0.26038557291030884,0.0037629457656294107,0.678791880607605,1.445960283279419,0.0011977966642007232,12.370901107788086,-9.643945730886117e-08,1.1978191878370126e-06,4.233086292515509e-05,0.2554299831390381,0.22450168430805206,0.00663414690643549,0.5386587977409363,1.4917793273925781,,,,0.28994518518447876,0.2979530096054077
20,model.layers.15.self_attn.o_proj.weight,1024,2048,0.00048828125,0.0004987030406482518,1.731602430343628,-0.0001828681124607101,0.3530023396015167,2.183907236030791e-05,0.07890486717224121,0.4650673568248749,0.010367987677454948,0.5826045274734497,1.4459136724472046,0.000532499747350812,45.11928176879883,8.277478968921059e-07,2.47088883043034e-06,4.734663889394142e-05,0.19966717064380646,0.29588422179222107,0.007788063958287239,0.5773802399635315,1.4833024740219116,,,,,
20,model.layers.19.self_attn.q_proj.weight,4096,1024,0.000244140625,0.0001693675440037623,3.2456789016723633,-0.00015523703768849373,0.14243130385875702,0.0008675736025907099,0.21921135485172272,0.23277264833450317,0.009645890444517136,0.42109885811805725,1.5250208377838135,0.0003288608859293163,28.163856506347656,-4.4562267476067063e-07,1.284256995859323e-06,6.609330011997372e-05,0.25569066405296326,0.23960794508457184,0.010024039074778557,0.4459454119205475,1.4854414463043213,0.07162311673164368,0.07359427213668823,0.8844075202941895,,
20,model.layers.19.self_attn.k_proj.weight,512,1024,0.0009765625,0.0011117085814476013,3.6942219734191895,-1.6014366222005805e-10,0.13497313857078552,0.0007854465511627495,0.24895381927490234,0.20925068855285645,0.01177505124360323,0.5719988346099854,1.3916141986846924,0.0009667888516560197,37.95966339111328,4.5505260004574666e-07,1.5605900216542068e-06,4.5534099626820534e-05,0.22086963057518005,0.25981584191322327,0.007832211442291737,0.5788581371307373,1.4490219354629517,,,,,
20,model.layers.19.self_attn.v_proj.weight,512,1024,0.0009765625,0.000596316356677562,1.619830846786499,-0.0008966173627413809,0.11328037083148956,0.0016109521966427565,0.14863291382789612,0.24737370014190674,0.006778025534003973,0.6518363952636719,1.4279860258102417,0.0011224367190152407,16.329010009765625,1.0694033107938594e-06,1.0304354418622097e-06,0.0001755721605150029,0.31325143575668335,0.18222719430923462,0.012102164328098297,0.49982309341430664,1.4126566648483276,,,,,
20,model.layers.19.self_attn.o_proj.weight,1024,2048,0.00048828125,0.000444197648903355,1.4354981184005737,-0.00029093894409015775,0.20829430222511292,0.00011396688933018595,0.06475507467985153,0.49115344882011414,0.009556930512189865,0.589524507522583,1.4534097909927368,0.0005361023941077292,53.84221649169922,-9.491353125667956e-07,1.955944753717631e-06,6.869607022963464e-05,0.22345487773418427,0.2710016071796417,0.008235596120357513,0.5392784476280212,1.469042420387268,,,,,
20,model.layers.1.mlp.gate_proj.weight,3584,1024,0.00027901785714285713,0.000240033317822963,3.2065751552581787,-0.00010646083683241159,0.2134467214345932,0.0004632794007193297,0.18085941672325134,0.29973554611206055,0.010452868416905403,0.5293167233467102,1.5172386169433594,0.0003035634581465274,88.73655700683594,-2.784840624769913e-08,2.043787617367343e-06,0.00011784984963014722,0.24449756741523743,0.24670371413230896,0.009838465601205826,0.49277549982070923,1.5122168064117432,,,,0.27243757247924805,0.2814655005931854
20,model.layers.1.mlp.up_proj.weight,3584,1024,0.00027901785714285713,0.0002303417568327859,2.9571428298950195,-0.0003446534101385623,0.3492887616157532,0.00011571079085115343,0.169895201921463,0.31776878237724304,0.007553812116384506,0.5089184045791626,1.511494517326355,0.00025159851065836847,14.087539672851562,-1.7649746268944e-06,3.267726242484059e-06,0.00011381440708646551,0.21474593877792358,0.2786482572555542,0.009313601069152355,0.49976253509521484,1.5075626373291016,,,,,
20,model.layers.1.mlp.down_proj.weight,1024,3584,0.00027901785714285713,0.0003429792996030301,5.165759563446045,-0.0003450424410402775,0.35304272174835205,0.0009584214421920478,0.18336455523967743,0.29107049107551575,0.01344907283782959,0.559628427028656,1.44113290309906,0.0002951697097159922,94.85803985595703,7.412621698676958e-07,3.221597125957487e-06,5.88805451116059e-05,0.20417705178260803,0.28747400641441345,0.00868685357272625,0.532612681388855,1.4702019691467285,0.0859149768948555,0.07950533926486969,0.9060928225517273,,
20,model.layers.12.mlp.gate_proj.weight,3584,1024,0.00027901785714285713,0.00018208690744359046,2.8130135536193848,0.0003641967778094113,0.24934375286102295,0.00033577033900655806,0.1916312724351883,0.2370416820049286,0.0044459812343120575,0.5663098096847534,1.5314645767211914,0.00038650535861961544,45.94932556152344,-1.6880704833965865e-07,1.9953483842982678e-06,0.00022362638264894485,0.25936806201934814,0.2229408174753189,0.02540467493236065,0.4361584782600403,1.4415944814682007,,,,,
20,model.layers.12.mlp.up_proj.weight,3584,1024,0.00027901785714285713,0.00025527356774546206,2.4908881187438965,0.00037801702274009585,0.41506049036979675,0.0003664919640868902,0.21607805788516998,0.24751335382461548,0.006753635127097368,0.5177795886993408,1.518457055091858,0.00028307695174589753,69.55131530761719,-5.333474746294087e-07,2.7816799956781324e-06,8.610829536337405e-05,0.21082133054733276,0.2756121754646301,0.008641566149890423,0.49757272005081177,1.5145046710968018,,,,,
20,model.layers.12.mlp.down_proj.weight,1024,3584,0.00027901785714285713,0.0002256602019770071,5.585200309753418,0.0004239622794557363,0.38816598057746887,0.00020811933791264892,0.20694513618946075,0.2787134051322937,0.02972831390798092,0.5061784982681274,1.374085783958435,0.0003080898313783109,102.07532501220703,1.1644512198927259e-07,3.1512074656347977e-06,6.256406777538359e-05,0.18182939291000366,0.31243637204170227,0.007213073782622814,0.5981454849243164,1.5178788900375366,0.06811117380857468,0.06446655839681625,0.9107803702354431,,
20,model.layers.22.mlp.gate_proj.weight,3584,1024,0.00027901785714285713,0.0003575642767827958,3.223416566848755,-6.545423093484715e-05,0.09119610488414764,0.0016641480615362525,0.1815052628517151,0.2496691793203354,0.011556803248822689,0.554928183555603,1.511513590812683,0.0003658085479401052,44.01397705078125,7.975729090503592e-07,1.1358013125573052e-06,7.399704190902412e-05,0.2528344988822937,0.23733685910701752,0.00810269545763731,0.4640142023563385,1.5095770359039307,,,,0.3010003864765167,0.2934466600418091
20,model.layers.22.mlp.up_proj.weight,3584,1024,0.00027901785714285713,0.0002079440891975537,2.994730234146118,-0.0006581078050658107,0.2040027379989624,0.0009231865988112986,0.1764010488986969,0.2884111702442169,0.014671418815851212,0.572262167930603,1.5064605474472046,0.00029064860427752137,93.89205932617188,-3.1400742273035576e-07,1.7597639043742674e-06,8.807251288089901e-05,0.23824311792850494,0.25413280725479126,0.00901871733367443,0.501155436038971,1.523815631866455,,,,,
20,model.layers.22.mlp.down_proj.weight,1024,3584,0.00027901785714285713,0.00036837736843153834,2.7202887535095215,-0.0007406057557091117,0.19832147657871246,0.00029574710060842335,0.10184526443481445,0.41177886724472046,0.008130712434649467,0.5687220096588135,1.4663408994674683,0.0002887031005229801,107.94534301757812,-1.144851324852425e-07,2.0605912141036242e-06,7.970128353917971e-05,0.21093295514583588,0.28016966581344604,0.008191455155611038,0.5483613014221191,1.4870165586471558,0.05685481056571007,0.05959702283143997,0.8714137673377991,,
20,model.layers.1.linear_attn.in_proj_qkv.weight,6144,1024,0.00016276041666666666,0.00011238599836360663,2.5974199771881104,-0.0002674319257494062,0.1747146099805832,0.0007716001127846539,0.18685005605220795,0.2631194591522217,0.007939483039081097,0.5165492296218872,1.5366119146347046,0.0001964798866538331,76.18989562988281,-2.776396357262456e-08,1.2712191619357327e-06,0.00011570170318009332,0.23984408378601074,0.24681232869625092,0.00966706220060587,0.4799406826496124,1.5105055570602417,0.09283231943845749,0.08368726819753647,0.9064186215400696,,
20,model.layers.1.linear_attn.out_proj.weight,1024,2048,0.00048828125,0.000904211075976491,1.383453369140625,-0.0004342127067502588,0.41204899549484253,0.0004549231380224228,0.12030204385519028,0.38659152388572693,0.01680886000394821,0.5472362041473389,1.4345320463180542,0.000544944719877094,96.5009994506836,-1.2690952644334175e-06,3.089504161835066e-06,6.185114762047306e-05,0.2224341779947281,0.26961594820022583,0.007741557899862528,0.5520059466362,1.4823909997940063,,,,,
20,model.layers.12.linear_attn.in_proj_qkv.weight,6144,1024,0.00016276041666666666,5.4734737204853445e-05,1.8401408195495605,5.8838806580752134e-05,0.28274646401405334,0.00023940368555486202,0.1571662575006485,0.24448905885219574,0.0022268749307841063,0.6023650765419006,1.5523256063461304,0.000243802773184143,38.01871871948242,1.4039412121746864e-07,1.105990349969943e-06,0.00010561130329733714,0.24246080219745636,0.2418605387210846,0.010943954810500145,0.44657692313194275,1.513990044593811,0.08192644268274307,0.0861772894859314,0.8849868774414062,,
20,model.layers.12.linear_attn.out_proj.weight,1024,2048,0.00048828125,0.00027339893858879805,2.3288373947143555,0.0007237510872073472,0.34030213952064514,8.148271444952115e-05,0.1608806550502777,0.3271928131580353,0.02842019684612751,0.5071133971214294,1.4091039896011353,0.0005297286552377045,60.27137756347656,-5.206002242630348e-07,3.376564791324199e-06,5.888945815968327e-05,0.21380473673343658,0.2783184051513672,0.008552215062081814,0.5488702058792114,1.4720041751861572,,,,,
20,model.layers.21.linear_attn.in_proj_qkv.weight,6144,1024,0.00016276041666666666,9.302768012275919e-05,3.1422245502471924,0.00019242709095124155,0.06743717193603516,0.0010736025869846344,0.1766330748796463,0.2507378160953522,0.0064208852127194405,0.5787783861160278,1.5443271398544312,0.0002242099872091785,27.835119247436523,-2.2004249444762536e-07,7.031721338535135e-07,0.00011417421046644449,0.2665266692638397,0.2210255116224289,0.010296814143657684,0.4354361593723297,1.5161813497543335,0.05685624107718468,0.06044348329305649,0.8974424600601196,,
20,model.layers.21.linear_attn.out_proj.weight,1024,2048,0.00048828125,0.00041581832920201123,2.8907387256622314,0.0007429952383972704,0.12106609344482422,0.00012805128062609583,0.14836618304252625,0.3586937487125397,0.007142599206417799,0.5508086085319519,1.4717248678207397,0.0005459789535962045,76.38618469238281,1.2915305660499143e-06,2.379569878030452e-06,6.650434079347178e-05,0.23992496728897095,0.2518652081489563,0.008141923695802689,0.5194121599197388,1.4751290082931519,,,,,
40,model.layers.7.self_attn.q_proj.weight,4096,1024,0.000244140625,0.00011637547140708193,2.759124994277954,-0.0002818153006955981,0.23490099608898163,0.0008244152995757759,0.1744922399520874,0.2664650082588196,0.009028940461575985,0.5416345000267029,1.534776210784912,0.00035365403164178133,47.70903015136719,4.751830999794038e-07,1.2394168606988387e-06,0.0001549724256619811,0.25550979375839233,0.2377440482378006,0.010815179906785488,0.46341365575790405,1.4902814626693726,0.07616987824440002,0.08057938516139984,0.8826546669006348,0.3243850767612457,0.32353338599205017
40,model.layers.7.self_attn.k_proj.weight,512,1024,0.0009765625,0.0008911817567422986,3.8633787631988525,2.5353067485411884e-06,0.1680244356393814,0.0010290327481925488,0.1417732536792755,0.2636817991733551,0.02789519540965557,0.7200371026992798,1.3028219938278198,0.0009116943110711873,40.13632583618164,-1.333592763330671e-06,1.2763690619976842e-06,0.00010020001354860142,0.215677872300148,0.2664567530155182,0.008586442098021507,0.5626526474952698,1.4481768608093262,,,,,
40,model.layers.7.self_attn.v_proj.weight,512,1024,0.0009765625,0.0008087024907581508,1.8683370351791382,0.0009033165406435728,0.330719530582428,7.555877527920529e-05,0.13691245019435883,0.257565438747406,0.0016365243354812264,0.7313610315322876,1.4799541234970093,0.000984929851256311,20.26972007751465,-1.389201003121343e-07,1.648483021199354e-06,0.0001272374502150342,0.23690949380397797,0.25179368257522583,0.012914066202938557,0.5025200843811035,1.3929961919784546,,,,,
40,model.layers.7.self_attn.o_proj.weight,1024,2048,0.00048828125,0.00023712443362455815,1.989707350730896,0.0002820446970872581,0.5505633354187012,3.1399020372191444e-05,0.1392635852098465,0.37185218930244446,0.014005173929035664,0.54655921459198,1.4266365766525269,0.0005426093703135848,56.35746383666992,-1.6693567204129067e-06,3.0978906124801142e-06,3.2883763196878135e-05,0.14865972101688385,0.3432767987251282,0.00585435563698411,0.6873233914375305,1.5318403244018555,,,,,
40,model.layers.15.self_attn.q_proj.weight,4096,1024,0.000244140625,0.00015790562611073256,3.9863507747650146,0.0006665341788902879,0.23556533455848694,0.000714177789632231,0.20082910358905792,0.2480054646730423,0.0060265245847404,0.46085554361343384,1.542754054069519,0.0003000647120643407,77.06251525878906,5.553038704420032e-07,1.0865912827284774e-06,8.756512397667393e-05,0.23223508894443512,0.2616688013076782,0.009898512624204159,0.48186129331588745,1.5031154155731201,0.08393026143312454,0.08114297688007355,0.8670704960823059,,
40,model.layers.15.self_attn.k_proj.weight,512,1024,0.0009765625,0.0010262224823236465,4.935330390930176,-5.9922986110905185e-06,0.21152959764003754,4.1802573832683265e-05,0.245024636387825,0.2438725382089615,0.0036922800354659557,0.556808590888977,1.470467209815979,0.0011453053448349237,33.967350006103516,-7.846907692510285e-07,1.209725382977922e-06,5.921021875110455e-05,0.19260595738887787,0.29975396394729614,0.008187524974346161,0.6060947179794312,1.4232704639434814,,,,,
40,model.layers.15.self_attn.v_proj.weight,512,1024,0.0009765625,0.000770226470194757,1.8198367357254028,-0.001611645333468914,0.21723376214504242,9.818653779802844e-05,0.16934311389923096,0.26381903886795044,0.006376398261636496,0.672179639339447,1.4406094551086426,0.0009622161742299795,16.006032943725586,-8.935301707424514e-07,9.538540552966879e-07,0.00019491600687615573,0.2186276614665985,0.23842044174671173,0.06945807486772537,0.49824175238609314,1.1950531005859375,,,,0.2648890018463135,0.256490558385849
40,model.layers.15.self_attn.o_proj.weight,1024,2048,0.00048828125,0.00039791653398424387,1.784778118133545,-0.0005318597541190684,0.3928512930870056,2.078932993754279e-05,0.08351640403270721,0.4623623192310333,0.011139784008264542,0.5883371829986572,1.4569467306137085,0.0005107583710923791,30.735998153686523,4.4060681148039293e-07,2.2432036530517507e-06,3.587163519114256e-05,0.18303340673446655,0.32339638471603394,0.007638738490641117,0.6234617233276367,1.5081546306610107,,,,,
40,model.layers.19.self_attn.q_proj.weight,4096,1024,0.000244140625,0.00017210438090842217,3.1682629585266113,0.0006899867439642549,0.13990235328674316,0.0008006124990060925,0.21572917699813843,0.2365012764930725,0.011093531735241413,0.42699846625328064,1.5288546085357666,0.0003759415994863957,53.82668685913086,2.1540142114417904e-08,1.0853646017494611e-06,7.921731594251469e-05,0.26906952261924744,0.22808067500591278,0.008869563229382038,0.4359287619590759,1.4993069171905518,0.06959448754787445,0.07127900421619415,0.8691735863685608,,
40,model.layers.19.self_attn.k_proj.weight,512,1024,0.0009765625,0.00112513592466712,3.088934898376465,2.200435801569256e-06,0.1360122263431549,0.00046706374268978834,0.23538947105407715,0.21954140067100525,0.012742203660309315,0.5929566621780396,1.3765099048614502,0.0010372418910264969,22.09416389465332,-5.47844479115156e-07,1.2378568499116227e-06,3.872961315209977e-05,0.20754167437553406,0.27921950817108154,0.006124178878962994,0.6110575199127197,1.4748848676681519,,,,,
40,model.layers.19.self_attn.v_proj.weight,512,1024,0.0009765625,0.0012144424254074693,1.6971536874771118,-0.001794489799067378,0.10783534497022629,0.0018715367186814547,0.13527995347976685,0.2613718807697296,0.008051525801420212,0.692359447479248,1.4164197444915771,0.0010919441701844335,8.319899559020996,-3.103831886619446e-06,7.957272032399487e-07,0.00010709865455282852,0.2876221835613251,0.19275429844856262,0.012227149680256844,0.5422617793083191,1.4111915826797485,,,,,
40,model.layers.19.self_attn.o_proj.weight,1024,2048,0.00048828125,0.0005399243673309684,1.4595788717269897,-0.0005298067117109895,0.21699348092079163,0.00010261288844048977,0.05488839000463486,0.5418565273284912,0.013458834029734135,0.646260678768158,1.471140742301941,0.0005356711335480213,75.15222930908203,-3.422458050295063e-08,1.6297385627694894e-06,8.475784125039354e-05,0.22924545407295227,0.25908464193344116,0.009392505511641502,0.5345457196235657,1.4539328813552856,,,,,
40,model.layers.1.mlp.gate_proj.weight,3584,1024,0.00027901785714285713,0.0003112601407337934,3.0409390926361084,0.0011638711439445615,0.21533720195293427,0.0002172234235331416,0.17244499921798706,0.3186236023902893,0.006258760113269091,0.5464417338371277,1.5196994543075562,0.0002889760653488338,39.83061981201172,1.9546699547845492e-07,1.5623672879883088e-06,7.940547948237509e-05,0.24114497005939484,0.2500438392162323,0.009818440303206444,0.5021035075187683,1.5121031999588013,,,,0.3114068806171417,0.31662338972091675
40,model.layers.1.mlp.up_proj.weight,3584,1024,0.00027901785714285713,0.00025078124599531293,2.6533751487731934,0.0008473037160001695,0.3650568425655365,0.00018296076450496912,0.1579674482345581,0.3229503631591797,0.009915225207805634,0.4975634217262268,1.5097627639770508,0.00027095541008748114,17.036062240600586,2.342680716083123e-07,2.400184939688188e-06,9.478345600655302e-05,0.2159784883260727,0.27103835344314575,0.009415151551365852,0.5018866062164307,1.507851481437683,,,,,
40,model.layers.1.mlp.down_proj.weight,1024,3584,0.00027901785714285713,0.00025757154799066484,4.71631383895874,0.0008446889696642756,0.3630342185497284,0.0013465838273987174,0.181187704205513,0.2874390780925751,0.013448119163513184,0.5615819692611694,1.4463768005371094,0.0002908003516495228,113.01303100585938,-3.1653485166316386e-07,2.470583694957895e-06,5.707241507479921e-05,0.1925002634525299,0.29924455285072327,0.008438379503786564,0.5588130354881287,1.4828540086746216,0.08183291554450989,0.08022481948137283,0.8934661149978638,,
40,model.layers.12.mlp.gate_proj.weight,3584,1024,0.00027901785714285713,0.00019990246801171452,2.5692319869995117,-0.00043575887684710324,0.283027321100235,0.0006783645949326456,0.18064838647842407,0.24326612055301666,0.005775233265012503,0.5848349928855896,1.5252479314804077,0.0003436563129071146,59.32097625732422,2.5040986173507918e-08,1.603318878551363e-06,0.00012283577234484255,0.24964013695716858,0.2372075766324997,0.012463269755244255,0.45927196741104126,1.479979395866394,,,,,
40,model.layers.12.mlp.up_proj.weight,3584,1024,0.00027901785714285713,0.00025212313630618155,2.0951640605926514,-0.00016825282364152372,0.4868869483470917,0.000664466293528676,0.19824224710464478,0.2585657238960266,0.008795123547315598,0.5494155287742615,1.5121333599090576,0.00032157814712263644,29.100860595703125,-8.834483082864608e-07,2.299486595802591e-06,8.879678352968767e-05,0.21597470343112946,0.26918303966522217,0.008510821498930454,0.494323194026947,1.510962724685669,,,,,
40,model.layers.12.mlp.down_proj.weight,1024,3584,0.00027901785714285713,0.0002584424801170826,3.824211359024048,-0.00018562270270194858,0.45230403542518616,0.00013632062473334372,0.20752494037151337,0.2803550958633423,0.01823110319674015,0.5089635848999023,1.4047436714172363,0.0003043105825781822,84.20904541015625,-1.4590150954063574e-07,2.578823568910593e-06,4.3280189856886864e-05,0.16598641872406006,0.3341270983219147,0.006284382659941912,0.6398802399635315,1.5334898233413696,0.07834329456090927,0.0779251977801323,0.8778806328773499,,
40,model.layers.22.mlp.gate_proj.weight,3584,1024,0.00027901785714285713,0.0002709438558667898,2.9349517822265625,-0.0017951217014342546,0.10827706754207611,0.0008365068351849914,0.18883095681667328,0.25266504287719727,0.0068177771754562855,0.5487570762634277,1.5242937803268433,0.0003504162887111306,40.852901458740234,2.9036655746494944e-07,9.001927310237079e-07,9.399815462529659e-05,0.2512894570827484,0.23861542344093323,0.010023537091910839,0.4655173718929291,1.5015554428100586,,,,0.2994813621044159,0.303061306476593
40,model.layers.22.mlp.up_proj.weight,3584,1024,0.00027901785714285713,0.00025003214250318706,3.140331983566284,-0.0010853580897673965,0.2215479463338852,0.0008784798556007445,0.17746952176094055,0.2908519208431244,0.012918968684971333,0.5671879053115845,1.510546326637268,0.00032031230512075126,61.928199768066406,4.64664736909981e-07,1.4369265954883303e-06,7.675289816688746e-05,0.23794986307621002,0.2544749975204468,0.008280848152935505,0.49820786714553833,1.5082534551620483,,,,,
40,model.layers.22.mlp.down_proj.weight,1024,3584,0.00027901785714285713,0.00040647006244398654,2.8798091411590576,-0.001265810802578926,0.2089633196592331,0.00016371029778383672,0.11485062539577484,0.3893807828426361,0.006935898680239916,0.5470340847969055,1.4701457023620605,0.0002975795359816402,58.46107482910156,-1.0072824352391763e-06,1.6866497389855795e-06,7.158614607760683e-05,0.20335257053375244,0.2873483896255493,0.00864739902317524,0.5356220006942749,1.4743759632110596,0.06641322374343872,0.0725555419921875,0.8528661727905273,,
40,model.layers.1.linear_attn.in_proj_qkv.weight,6144,1024,0.00016276041666666666,0.00011971253843512386,2.412966012954712,2.9190206987550482e-05,0.17856989800930023,0.0008834033505991101,0.18062721192836761,0.26111477613449097,0.007787217851728201,0.5032292008399963,1.5369610786437988,0.00023024831898510456,65.81217193603516,-8.887959523917743e-08,1.0059586657007458e-06,0.00010479295451659709,0.2582932412624359,0.22786611318588257,0.012379364110529423,0.44621697068214417,1.5001009702682495,0.08589637279510498,0.09332934021949768,0.8789301514625549,,
40,model.layers.1.linear_attn.out_proj.weight,1024,2048,0.00048828125,0.0004187233280390501,1.3088817596435547,0.00014725863002240658,0.43229949474334717,0.0004799335147254169,0.10955630242824554,0.3935529589653015,0.01346910372376442,0.5440909266471863,1.4400477409362793,0.00048062746645882726,76.38307189941406,2.830594780789397e-07,2.4267708340630634e-06,5.742759458371438e-05,0.20987363159656525,0.27610543370246887,0.017612194642424583,0.5634734034538269,1.3795855045318604,,,,,
40,model.layers.12.linear_attn.in_proj_qkv.weight,6144,1024,0.00016276041666666666,4.9446691264165565e-05,1.5332801342010498,0.00013506932009477168,0.33929821848869324,0.0005265098880045116,0.1499624252319336,0.25371256470680237,0.0032072814647108316,0.609865665435791,1.5502358675003052,0.00025938317412510514,53.145015716552734,-5.3821668899445285e-08,9.039785595632566e-07,9.202174987876788e-05,0.25241464376449585,0.22520868480205536,0.011196046136319637,0.42674851417541504,1.500182032585144,0.08947835862636566,0.08499032258987427,0.856597900390625,,
40,model.layers.12.linear_attn.out_proj.weight,1024,2048,0.00048828125,0.0002833926700986922,2.1881189346313477,0.001192162511870265,0.37569546699523926,6.566497177118436e-05,0.1593497395515442,0.3247295320034027,0.031954262405633926,0.4983936548233032,1.4257773160934448,0.0005642659380100667,61.43238067626953,-1.3359039030547137e-06,2.739479668889544e-06,3.774144352064468e-05,0.19443613290786743,0.2953599989414215,0.007663853466510773,0.5966472625732422,1.490986704826355,,,,,
40,model.layers.21.linear_attn.in_proj_qkv.weight,6144,1024,0.00016276041666666666,8.438177610514686e-05,3.6455655097961426,0.00020577615941874683,0.07116701453924179,0.0008452694164589047,0.1739351451396942,0.2687835395336151,0.005668601952493191,0.6051634550094604,1.5427603721618652,0.00020690083329100162,40.08324432373047,8.218330549425445e-08,4.969256792719534e-07,0.0001509695575805381,0.27758798003196716,0.2105172574520111,0.013178489170968533,0.4287766218185425,1.4897981882095337,0.07329286634922028,0.07228962332010269,0.8805898427963257,,
40,model.layers.21.linear_attn.out_proj.weight,1024,2048,0.00048828125,0.0003774991782847792,2.9801340103149414,-3.203461892553605e-05,0.130062073469162,0.00014931517944205552,0.1503801941871643,0.3573348820209503,0.008302604779601097,0.5494868755340576,1.4698734283447266,0.0005477580125443637,58.1806755065918,1.6825781585794175e-06,1.9447577415121486e-06,8.766458631725982e-05,0.23171094059944153,0.25857192277908325,0.008540134876966476,0.5247347354888916,1.474157452583313,,,,,
60,model.layers.7.self_attn.q_proj.weight,4096,1024,0.000244140625,0.00021416140953078866,3.1564409732818604,-0.000892382871825248,0.2331864833831787,0.001840198296122253,0.17466416954994202,0.26605841517448425,0.01120405737310648,0.5255261063575745,1.5330513715744019,0.00035312469117343426,40.849430084228516,1.7341498903533648e-07,1.1718781252056942e-06,0.00010876300802920014,0.2576518952846527,0.23238666355609894,0.010646561160683632,0.4554261267185211,1.4937702417373657,0.07815942913293839,0.07869092375040054,0.8308890461921692,0.26728180050849915,0.2634512782096863
60,model.layers.7.self_attn.k_proj.weight,512,1024,0.0009765625,0.0009619412012398243,4.490077495574951,5.747150225943187e-06,0.17689339816570282,0.0008991442155092955,0.15690290927886963,0.2685180902481079,0.020313074812293053,0.6983804702758789,1.3268929719924927,0.0010320825967937708,42.43064880371094,-8.444891932413157e-07,1.1727247510862071e-06,7.224397268146276e-05,0.21192964911460876,0.26017656922340393,0.008761491626501083,0.5683504343032837,1.4508002996444702,,,,,
60,model.layers.7.self_attn.v_proj.weight,512,1024,0.0009765625,0.000858316314406693,1.6589716672897339,-8.838834037305787e-05,0.3609808385372162,0.0006256995256990194,0.12245748192071915,0.26724404096603394,0.004678936209529638,0.7641089558601379,1.4563294649124146,0.0008692468982189894,15.984477043151855,8.778127380537626e-07,1.3832300282956567e-06,0.00011674882989609614,0.23288410902023315,0.2571962773799896,0.007301698438823223,0.5056145787239075,1.4811915159225464,,,,,
60,model.layers.7.self_attn.o_proj.weight,1024,2048,0.00048828125,0.0002283000067109242,2.2517056465148926,-2.8496137019828893e-05,0.5357276201248169,3.5967808798886836e-05,0.1398201882839203,0.36778271198272705,0.013704915530979633,0.5344533920288086,1.4388376474380493,0.0004909649724140763,22.056121826171875,2.2742112548712612e-07,2.8824154014728265e-06,3.1389150535687804e-05,0.1484619826078415,0.34018251299858093,0.005229587201029062,0.6945903301239014,1.5315405130386353,,,,,
60,model.layers.15.self_attn.q_proj.weight,4096,1024,0.000244140625,0.00013049317931290716,3.564312219619751,0.00016417316510342062,0.261309951543808,0.0002633179537951946,0.20737527310848236,0.24492977559566498,0.003926300909370184,0.4535905718803406,1.546878457069397,0.00033140392042696476,41.71208190917969,4.062061975673714e-07,1.0220168178420863e-06,5.690349280484952e-05,0.21509434282779694,0.266128808259964,0.010534850880503654,0.4620152413845062,1.4898960590362549,0.09353601932525635,0.08552221208810806,0.8104724884033203,,
60,model.layers.15.self_attn.k_proj.weight,512,1024,0.0009765625,0.0009476104169152677,4.3543267250061035,-1.1523547982505988e-05,0.220884308218956,0.00014560790441464633,0.26315608620643616,0.21532763540744781,0.003940220922231674,0.539764404296875,1.4686613082885742,0.0011007786961272359,35.14596939086914,1.1633243275355198e-06,1.2372454420983559e-06,3.557983654900454e-05,0.195565328001976,0.29329535365104675,0.006735143717378378,0.6070149540901184,1.488069772720337,,,,,
60,model.layers.15.self_attn.v_proj.weight,512,1024,0.0009765625,0.0007972375024110079,1.9247342348098755,-0.0021852590143680573,0.1998576819896698,0.0003136484301649034,0.18764404952526093,0.25696220993995667,0.005028154700994492,0.6420037150382996,1.4462127685546875,0.001196148805320263,12.203765869140625,3.2208622542384546e-06,8.328888156938774e-07,3.525728970998898e-05,0.27185726165771484,0.22327794134616852,0.0050267549231648445,0.4908834397792816,1.4823801517486572,,,,0.27876850962638855,0.27012598514556885
60,model.layers.15.self_attn.o_proj.weight,1024,2048,0.00048828125,0.00042632195982150733,1.7983818054199219,-0.000687725143507123,0.37925833463668823,1.7409138308721595e-05,0.08641701936721802,0.4529955983161926,0.013345880433917046,0.5780144929885864,1.449859380722046,0.0005569896893575788,63.08963394165039,-6.709676085847605e-07,1.8338756717639626e-06,4.060466380906291e-05,0.19341324269771576,0.30427637696266174,0.007521198131144047,0.6009112000465393,1.5026901960372925,,,,,
60,model.layers.19.self_attn.q_proj.weight,4096,1024,0.000244140625,0.00018343169358558953,3.4407594203948975,-2.177898568334058e-05,0.14624986052513123,0.0007398563902825117,0.20748206973075867,0.2538013458251953,0.009975004009902477,0.46908849477767944,1.5274494886398315,0.0003732152981683612,55.298622131347656,-1.7052062162292714e-07,1.0512318340261118e-06,8.360514766536653e-05,0.2627588212490082,0.22405315935611725,0.008937535807490349,0.44185084104537964,1.4993187189102173,0.07643025368452072,0.07646728307008743,0.8179566860198975,,
60,model.layers.19.self_attn.k_proj.weight,512,1024,0.0009765625,0.0010277810506522655,4.0408616065979,7.565947271359619e-06,0.14144755899906158,0.0009445939213037491,0.2237633466720581,0.23748953640460968,0.012266714125871658,0.6012709736824036,1.3793549537658691,0.0009489302756264806,19.482280731201172,2.5407646262465278e-06,1.3552997870647232e-06,5.026772487326525e-05,0.18304665386676788,0.30148109793663025,0.007213451899588108,0.6460931301116943,1.4839706420898438,,,,,
60,model.layers.19.self_attn.v_proj.weight,512,1024,0.0009765625,0.0006991765694692731,1.5682662725448608,-0.0011295474832877517,0.12529166042804718,0.0007122397655621171,0.11968828737735748,0.28447479009628296,0.004028229974210262,0.7210190892219543,1.4621896743774414,0.001077898545190692,23.735227584838867,1.348081354990427e-06,8.250758583017159e-07,0.00013173471961636096,0.3060646057128906,0.2001579850912094,0.009044947102665901,0.5115800499916077,1.42308509349823,,,,,
60,model.layers.19.self_attn.o_proj.weight,1024,2048,0.00048828125,0.0005322510842233896,1.4247517585754395,-0.00035653190570883453,0.23644709587097168,7.209621981019154e-05,0.05854213610291481,0.5190406441688538,0.010041003115475178,0.6183888912200928,1.455090880393982,0.0004920963547192514,71.97586822509766,4.6153246557878447e-07,1.5183484265435254e-06,5.711886478820816e-05,0.22794103622436523,0.2639833986759186,0.00897906068712473,0.5317661166191101,1.462680459022522,,,,,
60,model.layers.1.mlp.gate_proj.weight,3584,1024,0.00027901785714285713,0.0002620065351948142,3.1179981231689453,0.0010356699349358678,0.21837294101715088,0.00020327631500549614,0.17876553535461426,0.30771785974502563,0.007686199154704809,0.5372088551521301,1.5139336585998535,0.0002923256834037602,57.74188232421875,6.436534931708593e-07,1.1599283880059374e-06,7.877863390604034e-05,0.2437666356563568,0.24863480031490326,0.009676564484834671,0.49111127853393555,1.5091444253921509,,,,0.24991610646247864,0.2512044608592987
60,model.layers.1.mlp.up_proj.weight,3584,1024,0.00027901785714285713,0.0003346419252920896,2.8011605739593506,0.0007659125840291381,0.36476826667785645,0.00017787638353183866,0.16031894087791443,0.32877737283706665,0.009550959803164005,0.5099838376045227,1.5163288116455078,0.00027763479738496244,32.487098693847656,1.177952071884647e-06,1.787244059414661e-06,8.574388630222529e-05,0.21775268018245697,0.2754473090171814,0.008953205309808254,0.5101301670074463,1.5134446620941162,,,,,
60,model.layers.1.mlp.down_proj.weight,1024,3584,0.00027901785714285713,0.0002793105668388307,4.777558326721191,0.0007601664401590824,0.3670205771923065,0.0005879022064618766,0.1866791695356369,0.285282164812088,0.011670305393636227,0.5500787496566772,1.4473146200180054,0.0003087952209170908,121.41539001464844,1.1378480166968075e-06,1.9748342765524285e-06,7.849130633985624e-05,0.18870201706886292,0.31000885367393494,0.00865258276462555,0.5713949203491211,1.4783858060836792,0.07738737761974335,0.08277928084135056,0.8350569009780884,,
60,model.layers.12.mlp.gate_proj.weight,3584,1024,0.00027901785714285713,0.00018723835819400847,2.9989829063415527,-0.0007769755320623517,0.2657058835029602,0.0004719494318123907,0.1851263791322708,0.2437872737646103,0.004789994563907385,0.5735685229301453,1.5299547910690308,0.00039441947592422366,57.41938781738281,1.867125689614113e-07,1.5098728454177035e-06,0.00013317186676431447,0.26395463943481445,0.22672396898269653,0.011723858304321766,0.43851369619369507,1.4850972890853882,,,,,
60,model.layers.12.mlp.up_proj.weight,3584,1024,0.00027901785714285713,0.0002849494921974838,2.7661612033843994,-7.55714499973692e-05,0.43898701667785645,0.0005814399919472635,0.21397708356380463,0.25552886724472046,0.009361042641103268,0.5165944695472717,1.515147089958191,0.00028239606763236225,113.65033721923828,-5.396860842665774e-07,2.031958047155058e-06,8.549336052965373e-05,0.22040177881717682,0.2677392065525055,0.008634309284389019,0.4947795271873474,1.518687129020691,,,,,
60,model.layers.12.mlp.down_proj.weight,1024,3584,0.00027901785714285713,0.0002818309294525534,6.032940864562988,-8.098639955278486e-05,0.42546480894088745,0.00013195692736189812,0.20122253894805908,0.28745749592781067,0.024075156077742577,0.5240193009376526,1.392723560333252,0.00030332893948070705,66.5753402709961,7.058350206534669e-07,2.3417971988237696e-06,4.949557478539646e-05,0.17117787897586823,0.31921592354774475,0.006576416082680225,0.6375890970230103,1.5281548500061035,0.08810225874185562,0.0844658687710762,0.8304330110549927,,
60,model.layers.22.mlp.gate_proj.weight,3584,1024,0.00027901785714285713,0.00025271513732150197,3.340217351913452,0.0006887892377562821,0.09743884205818176,0.0007895482704043388,0.1776614785194397,0.2576378583908081,0.008337230421602726,0.5552073121070862,1.518899917602539,0.00034755223896354437,58.492855072021484,-3.584192143080145e-07,9.397794542564952e-07,6.435050454456359e-05,0.2572201192378998,0.23273374140262604,0.00910854060202837,0.45768430829048157,1.5061949491500854,,,,0.27369678020477295,0.2794235646724701
60,model.layers.22.mlp.up_proj.weight,3584,1024,0.00027901785714285713,0.00021614595607388765,3.4024405479431152,0.00039520839345641434,0.22276753187179565,0.00038135904469527304,0.17990542948246002,0.2915406823158264,0.010471616871654987,0.5670023560523987,1.5129603147506714,0.00028485048096626997,75.93426513671875,1.7444912145947455e-06,1.4721359775649034e-06,8.08413969934918e-05,0.2358805537223816,0.254773885011673,0.009488395415246487,0.49664753675460815,1.5040541887283325,,,,,
60,model.layers.22.mlp.down_proj.weight,1024,3584,0.00027901785714285713,0.0004172968037892133,2.748258590698242,0.0004399968311190605,0.21742625534534454,0.00034893781412392855,0.10543374717235565,0.4175231456756592,0.012703929096460342,0.577256441116333,1.4547706842422485,0.0002935161755885929,97.5328369140625,7.4636602676037e-07,1.6331459846696816e-06,8.115502714645118e-05,0.22127053141593933,0.2748258709907532,0.008338702842593193,0.5302456021308899,1.4777997732162476,0.0819537565112114,0.08358645439147949,0.8011234402656555,,
60,model.layers.1.linear_attn.in_proj_qkv.weight,6144,1024,0.00016276041666666666,0.00016598858928773552,2.38956356048584,2.4399609173997305e-05,0.17842522263526917,0.0004763967008329928,0.18015159666538239,0.2735734283924103,0.006549030542373657,0.5239684581756592,1.5364198684692383,0.00019434622663538903,35.76890563964844,9.145114887587624e-08,7.129563073249301e-07,0.00012247657286934555,0.24990522861480713,0.2404487133026123,0.012796677649021149,0.4753988981246948,1.5223784446716309,0.07438597828149796,0.07507553696632385,0.8360892534255981,,
60,model.layers.1.linear_attn.out_proj.weight,1024,2048,0.00048828125,0.0007184225833043456,1.3597899675369263,-0.00032954642665572464,0.4245089292526245,0.0002979548880830407,0.11878902465105057,0.3825913965702057,0.012789111584424973,0.5369083285331726,1.4280142784118652,0.0005220879684202373,47.017677307128906,8.611442581241135e-07,2.0594720808730926e-06,3.800724516622722e-05,0.19969359040260315,0.2916373014450073,0.00717582181096077,0.5991442799568176,1.494389295578003,,,,,
60,model.layers.12.linear_attn.in_proj_qkv.weight,6144,1024,0.00016276041666666666,6.10847127973102e-05,2.1734981536865234,0.0002740669879131019,0.2706841826438904,0.0008451440371572971,0.152363583445549,0.2624504864215851,0.004480443894863129,0.606709361076355,1.5517395734786987,0.00024397876404691488,35.407344818115234,2.173608315558795e-08,8.120773031805584e-07,0.00011565119348233566,0.2590785324573517,0.22845403850078583,0.019873440265655518,0.4416818916797638,1.4807605743408203,0.09903016686439514,0.08935177326202393,0.7940154075622559,,
60,model.layers.12.linear_attn.out_proj.weight,1024,2048,0.00048828125,0.00030896629323251545,2.378175973892212,0.00033534751855768263,0.3693477213382721,4.257852924638428e-05,0.16034798324108124,0.3317100703716278,0.021434737369418144,0.5125427842140198,1.4174474477767944,0.000502664886880666,88.12403106689453,5.012543056182039e-07,2.6585059913486475e-06,4.377776713226922e-05,0.18148237466812134,0.3098209500312805,0.006711951456964016,0.6187942028045654,1.5119211673736572,,,,,
60,model.layers.21.linear_attn.in_proj_qkv.weight,6144,1024,0.00016276041666666666,9.725294512463734e-05,3.2344911098480225,-0.0004493584274314344,0.07199806720018387,0.000965739251114428,0.1744956523180008,0.25525742769241333,0.006194039713591337,0.5904507637023926,1.5424270629882812,0.00021779841335956007,19.380783081054688,-2.0980381520985247e-07,5.357770191949385e-07,8.890526805771515e-05,0.27316856384277344,0.21732740104198456,0.009729426354169846,0.4403837323188782,1.5019795894622803,0.0794445127248764,0.08475859463214874,0.799860417842865,,
60,model.layers.21.linear_attn.out_proj.weight,1024,2048,0.00048828125,0.00040826090844348073,3.22707200050354,-0.0009492440731264651,0.1376565843820572,0.00010976454359479249,0.14669331908226013,0.36279618740081787,0.00685278931632638,0.5547745227813721,1.4825605154037476,0.000547472620382905,78.90689086914062,-8.429920939079238e-08,1.965291858141427e-06,6.511771789519116e-05,0.2385517656803131,0.25158271193504333,0.008655869401991367,0.5089783668518066,1.4559139013290405,,,,,
80,model.layers.7.self_attn.q_proj.weight,4096,1024,0.000244140625,9.056949056684971e-05,2.412580966949463,-5.82109896640759e-06,0.2317907065153122,0.0006400006823241711,0.17442776262760162,0.2647249400615692,0.006593865808099508,0.5305129885673523,1.538224220275879,0.00036565540358424187,71.61966705322266,1.81609664196003e-07,1.2019301038890262e-06,0.00010644605936249718,0.26252281665802,0.22792653739452362,0.009635455906391144,0.44823625683784485,1.5024255514144897,0.05717422813177109,0.05898405984044075,0.8916624784469604,0.2715049684047699,0.2738969326019287
80,model.layers.7.self_attn.k_proj.weight,512,1024,0.0009765625,0.0013422481715679169,3.6602783203125,-1.5119088857318275e-05,0.16770564019680023,0.002621887717396021,0.14803071320056915,0.2591218054294586,0.027869829908013344,0.7059967517852783,1.3039778470993042,0.0008854510961100459,22.680368423461914,-2.4612214133412635e-07,1.2732167533613392e-06,8.485047874273732e-05,0.21729302406311035,0.2698875367641449,0.00923863984644413,0.558035671710968,1.4260128736495972,,,,,
80,model.layers.7.self_attn.v_proj.weight,512,1024,0.0009765625,0.0008410799200646579,1.710676908493042,0.0005137716070748866,0.33003923296928406,0.00028020143508911133,0.13422225415706635,0.25587472319602966,0.0036332239396870136,0.7369866967201233,1.4656726121902466,0.0009743222035467625,21.473907470703125,5.423282800620655e-06,1.2961518223164603e-06,0.00013224896974861622,0.24060344696044922,0.25217992067337036,0.005460670217871666,0.5052852630615234,1.5019274950027466,,,,,
80,model.layers.7.self_attn.o_proj.weight,1024,2048,0.00048828125,0.00021864401060156524,1.9700857400894165,0.0001786553330020979,0.5010800361633301,3.743608976947144e-05,0.1428869664669037,0.3596954345703125,0.012031053192913532,0.5273715257644653,1.4384516477584839,0.0005639713490381837,58.80726623535156,-3.6898438793286914e-07,2.9671709853573702e-06,2.131863948307e-05,0.15695063769817352,0.34284165501594543,0.005531103815883398,0.6787758469581604,1.5385514497756958,,,,,
80,model.layers.15.self_attn.q_proj.weight,4096,1024,0.000244140625,0.00012744261766783893,3.2180161476135254,-0.00018679871573112905,0.23089422285556793,0.00022713503858540207,0.21175603568553925,0.23026375472545624,0.0029404794331640005,0.42869725823402405,1.5480502843856812,0.00032367525273002684,38.531959533691406,3.277862674622156e-07,1.0746603038569447e-06,8.458705269731581e-05,0.24480383098125458,0.2492944598197937,0.009800146333873272,0.47541889548301697,1.4944366216659546,0.053409405052661896,0.05554783716797829,0.8977343440055847,,
80,model.layers.15.self_attn.k_proj.weight,512,1024,0.0009765625,0.0009955945424735546,4.4531707763671875,-1.1324069419060834e-05,0.1968383491039276,9.93229987216182e-05,0.25409114360809326,0.2277449369430542,0.004494426306337118,0.5396835803985596,1.4499033689498901,0.0009295298368670046,10.27255630493164,-9.414446253686037e-07,1.3664138123203884e-06,3.556130104698241e-05,0.15760110318660736,0.34070491790771484,0.006553683429956436,0.673775851726532,1.483232021331787,,,,,
80,model.layers.15.self_attn.v_proj.weight,512,1024,0.0009765625,0.0008535103406757116,1.6436697244644165,-0.00010403792111901566,0.20303688943386078,8.551184146199375e-05,0.17141193151474,0.2754919230937958,0.0022138445638120174,0.674085259437561,1.4533663988113403,0.0010472767753526568,26.515554428100586,3.0418152618949534e-07,8.815712249088392e-07,4.1971070459112525e-05,0.27440163493156433,0.21782630681991577,0.0057242331095039845,0.49231478571891785,1.4370065927505493,,,,0.2836860418319702,0.29495054483413696
80,model.layers.15.self_attn.o_proj.weight,1024,2048,0.00048828125,0.0003936503198929131,1.6764605045318604,-3.813379225903191e-05,0.36537909507751465,2.3152102585299872e-05,0.08221908658742905,0.477579802274704,0.008771203458309174,0.5995190739631653,1.449730396270752,0.0005474649951793253,43.4649772644043,4.681304233145056e-07,2.1228991045063594e-06,2.995850081788376e-05,0.17514830827713013,0.3169713318347931,0.007177955005317926,0.6351411938667297,1.5216625928878784,,,,,
80,model.layers.19.self_attn.q_proj.weight,4096,1024,0.000244140625,0.00016700339620001614,2.842970371246338,0.0009583018836565316,0.1452549546957016,0.0004357685393188149,0.20903897285461426,0.2486782670021057,0.007510739844292402,0.45507916808128357,1.5337845087051392,0.0003399057313799858,33.714263916015625,3.583131444884202e-07,1.0516362181078875e-06,7.658133836230263e-05,0.2602534592151642,0.23712648451328278,0.009443691931664944,0.4459580183029175,1.5033897161483765,0.06290007382631302,0.06636857241392136,0.8894321322441101,,
80,model.layers.19.self_attn.k_proj.weight,512,1024,0.0009765625,0.001025654491968453,2.8614699840545654,-1.5313321455323603e-06,0.1465207040309906,0.00013207056326791644,0.23853422701358795,0.228565976023674,0.008737471885979176,0.5851640105247498,1.3868718147277832,0.0009107402293011546,33.627113342285156,4.9086872877524e-07,1.2214580920044682e-06,2.9366185117396526e-05,0.20280979573726654,0.2818548083305359,0.0068749310448765755,0.6117985248565674,1.462234377861023,,,,,
80,model.layers.19.self_attn.v_proj.weight,512,1024,0.0009765625,0.0006529184756800532,1.4318944215774536,-0.0003729457675945014,0.12925325334072113,0.0016702883876860142,0.13484998047351837,0.26180392503738403,0.0061544557102024555,0.6798489689826965,1.4429676532745361,0.0009576839511282742,11.429248809814453,2.648210966071929e-06,8.122984809233458e-07,0.00012280413648113608,0.3295094966888428,0.18639695644378662,0.007715954445302486,0.48073306679725647,1.4264787435531616,,,,,
80,model.layers.19.self_attn.o_proj.weight,1024,2048,0.00048828125,0.00045262655476108193,1.3724627494812012,-0.00011833908502012491,0.23165413737297058,0.0001266980543732643,0.06187043339014053,0.5022224187850952,0.014433637261390686,0.599560558795929,1.462882399559021,0.0005272397538647056,37.357173919677734,1.3217177183832973e-06,1.5242487734212773e-06,5.665361459250562e-05,0.22593510150909424,0.2613270878791809,0.008833153173327446,0.5395452380180359,1.4582841396331787,,,,,
80,model.layers.1.mlp.gate_proj.weight,3584,1024,0.00027901785714285713,0.0003568305110093206,2.9416146278381348,0.0007491874857805669,0.19614000618457794,0.00017592502990737557,0.17144612967967987,0.3134523034095764,0.007635355461388826,0.5364255309104919,1.514971137046814,0.00030109696672298014,95.1575698852539,-1.8077504648772447e-07,1.3322367067303276e-06,0.00011666679347399622,0.2376614362001419,0.2502971589565277,0.010382101871073246,0.4945056438446045,1.5045855045318604,,,,0.2851559519767761,0.27960118651390076
80,model.layers.1.mlp.up_proj.weight,3584,1024,0.00027901785714285713,0.0002670036628842354,2.655306816101074,0.000614536867942661,0.3306693136692047,0.00018954540428239852,0.15964004397392273,0.3305712342262268,0.011450967751443386,0.5065617561340332,1.5179331302642822,0.0002890976029448211,23.70897674560547,7.592730071337428e-07,2.1419341464934405e-06,0.00011464599083410576,0.22024933993816376,0.2704891264438629,0.00954571831971407,0.5011877417564392,1.5167160034179688,,,,,
80,model.layers.1.mlp.down_proj.weight,1024,3584,0.00027901785714285713,0.00024449857301078737,4.735490798950195,0.0006151699926704168,0.3298453986644745,0.0016237511299550533,0.1765565723180771,0.2935463488101959,0.016028214246034622,0.5669033527374268,1.4247077703475952,0.0002844923292286694,119.96826934814453,4.933183390676277e-07,2.1980290512146894e-06,7.406871009152383e-05,0.19569966197013855,0.2981467843055725,0.008192325942218304,0.561191976070404,1.4912924766540527,0.04508817568421364,0.048621755093336105,0.9101070165634155,,
80,model.layers.12.mlp.gate_proj.weight,3584,1024,0.00027901785714285713,0.00019513707957230508,2.977707624435425,-0.00045332248555496335,0.23548650741577148,0.0010039519984275103,0.1865157186985016,0.243314728140831,0.0062839980237185955,0.5653479695320129,1.5308794975280762,0.0003722506226040423,27.737836837768555,1.7165699972565562e-08,1.5156225572354742e-06,0.00010377543367212638,0.24771268665790558,0.24676670134067535,0.0107957124710083,0.46999257802963257,1.4800751209259033,,,,,
80,model.layers.12.mlp.up_proj.weight,3584,1024,0.00027901785714285713,0.0002357120392844081,2.7980473041534424,-0.00036386094870977104,0.38518470525741577,0.0003591911809053272,0.2198697030544281,0.2529071569442749,0.007352851331233978,0.5084792971611023,1.5123709440231323,0.00031321527785621583,119.50226593017578,-7.276946689671604e-07,2.0587444851116743e-06,7.880148768890649e-05,0.21667028963565826,0.2755037546157837,0.009126941673457623,0.4992908239364624,1.5124845504760742,,,,,
80,model.layers.12.mlp.down_proj.weight,1024,3584,0.00027901785714285713,0.0002856168139260262,6.222004413604736,-0.00037969645927660167,0.37892967462539673,0.00018259187345393002,0.20362307131290436,0.28655606508255005,0.020355409011244774,0.5200179815292358,1.4087733030319214,0.00027332224999554455,69.28791046142578,-4.2726347260213515e-07,2.5070298761420418e-06,4.0276863728649914e-05,0.15514081716537476,0.34136077761650085,0.006184705533087254,0.6641713976860046,1.5412994623184204,0.06467375159263611,0.060093265026807785,0.9115614891052246,,
80,model.layers.22.mlp.gate_proj.weight,3584,1024,0.00027901785714285713,0.000204907453735359,3.0031967163085938,-0.0002724291116464883,0.09136838465929031,0.002074680756777525,0.17119869589805603,0.2614656388759613,0.010769524611532688,0.5679622888565063,1.520714521408081,0.0003439016581978649,33.83283233642578,-7.210713448557726e-08,8.798554063105257e-07,0.00010729800851549953,0.26002800464630127,0.22934122383594513,0.009852087125182152,0.4487418234348297,1.5085185766220093,,,,0.27893126010894775,0.28568822145462036
80,model.layers.22.mlp.up_proj.weight,3584,1024,0.00027901785714285713,0.00023982065613381565,2.4958596229553223,-1.3381089956965297e-05,0.22062818706035614,0.0009855694370344281,0.1657288521528244,0.2957237958908081,0.013425657525658607,0.5895393490791321,1.5115822553634644,0.00026900600641965866,88.85696411132812,-2.41202116058048e-07,1.44692717185535e-06,8.089830225799233e-05,0.2377040982246399,0.2520747780799866,0.00964412558823824,0.49412840604782104,1.5039663314819336,,,,,
80,model.layers.22.mlp.down_proj.weight,1024,3584,0.00027901785714285713,0.0004055021272506565,2.2206900119781494,-9.886685802484863e-06,0.21111594140529633,0.0002669934183359146,0.09309761226177216,0.42597803473472595,0.009260018356144428,0.5715043544769287,1.4681248664855957,0.00029673537937924266,97.69094848632812,7.936225756566273e-07,1.6424428395112045e-06,9.290772140957415e-05,0.2191678285598755,0.2714684009552002,0.008421242237091064,0.5243564248085022,1.4697893857955933,0.061476998031139374,0.06297463923692703,0.8647962808609009,,
80,model.layers.1.linear_attn.in_proj_qkv.weight,6144,1024,0.00016276041666666666,0.00012176337622804567,2.467916488647461,3.3602067560423166e-05,0.16841007769107819,0.0008936350932344794,0.1825064718723297,0.2645098865032196,0.008526785299181938,0.5114702582359314,1.5335793495178223,0.0001775310665834695,37.89512252807617,-1.0170187181302026e-07,8.708320251571422e-07,0.00011742278729798272,0.23115962743759155,0.2571762800216675,0.010833315551280975,0.4964262843132019,1.520321011543274,0.044632796198129654,0.042886700481176376,0.9049393534660339,,
80,model.layers.1.linear_attn.out_proj.weight,1024,2048,0.00048828125,0.00027848195168189704,1.3107510805130005,0.00038603003486059606,0.41015487909317017,0.0004777016874868423,0.11005011945962906,0.392934113740921,0.0143883740529418,0.5414382219314575,1.4439315795898438,0.0005455810460262001,83.42919921875,9.044715056916175e-07,2.173595703425235e-06,4.674742012866773e-05,0.2201831340789795,0.27316421270370483,0.008573716506361961,0.5565322041511536,1.461731195449829,,,,,
80,model.layers.12.linear_attn.in_proj_qkv.weight,6144,1024,0.00016276041666666666,6.567031232407317e-05,2.16546630859375,-0.00037477712612599134,0.24414916336536407,0.0004193842178210616,0.1609349250793457,0.25179335474967957,0.003033977234736085,0.5968178510665894,1.5512416362762451,0.00022044125944375992,65.04146575927734,2.655568778209272e-07,7.484526349799125e-07,0.00013235521328169852,0.2520904242992401,0.23404955863952637,0.011149801313877106,0.4465957581996918,1.499441385269165,0.060525134205818176,0.056620050221681595,0.8754202723503113,,
80,model.layers.12.linear_attn.out_proj.weight,1024,2048,0.00048828125,0.0003036854905076325,2.451594591140747,0.0008751553250476718,0.3267805874347687,5.0043770897900686e-05,0.16247397661209106,0.3338872492313385,0.012794077396392822,0.5151040554046631,1.4317560195922852,0.0005107771139591932,68.44080352783203,-8.817273311478857e-08,2.6067693852382945e-06,4.2662417399697006e-05,0.1754806488752365,0.3173552453517914,0.006480756215751171,0.6389596462249756,1.5267425775527954,,,,,
80,model.layers.21.linear_attn.in_proj_qkv.weight,6144,1024,0.00016276041666666666,0.00011096472735516727,2.959561824798584,0.00014865437697153538,0.06977561116218567,0.0007006963132880628,0.17296448349952698,0.25710752606391907,0.005204486194998026,0.5905513167381287,1.5441627502441406,0.00020762119675055146,29.07207679748535,-1.57580650750333e-08,4.82815437408135e-07,0.00013735446555074304,0.2580191195011139,0.22732679545879364,0.010252952575683594,0.4551179111003876,1.511470913887024,0.05771546810865402,0.066093310713768,0.8950954079627991,,
80,model.layers.21.linear_attn.out_proj.weight,1024,2048,0.00048828125,0.000365759595297277,2.5932319164276123,0.0012406688183546066,0.1259918510913849,0.00015683310630265623,0.14776022732257843,0.3527756631374359,0.007160421926528215,0.5360473990440369,1.478799819946289,0.0005262176273390651,60.98673629760742,-8.591551363679173e-07,1.9380865978746442e-06,5.604839316220023e-05,0.23542168736457825,0.25568005442619324,0.008974835276603699,0.5216725468635559,1.4777650833129883,,,,,
100,model.layers.7.self_attn.q_proj.weight,4096,1024,0.000244140625,0.000120736745884642,2.826528549194336,0.0003361204289831221,0.23473452031612396,0.000877479265909642,0.16940352320671082,0.27778956294059753,0.007959067821502686,0.5563704967498779,1.5363106727600098,0.00034885830245912075,70.7442398071289,3.394545160517737e-07,1.1942914852625108e-06,0.00012576622248161584,0.25359147787094116,0.2337205410003662,0.010276609100401402,0.44498637318611145,1.490091323852539,0.06668568402528763,0.06846398860216141,0.8460503816604614,0.2722218632698059,0.28612685203552246
100,model.layers.7.self_attn.k_proj.weight,512,1024,0.0009765625,0.0010690978961065412,3.5722763538360596,1.5820756743778475e-05,0.16927915811538696,0.0018068311037495732,0.1570180207490921,0.25370046496391296,0.024891916662454605,0.6972997188568115,1.321260690689087,0.0009183968068100512,18.982053756713867,-1.104335638046905e-06,1.2997708154216525e-06,0.00013732729712501168,0.19846588373184204,0.2737257182598114,0.01176308374851942,0.5857903361320496,1.3784668445587158,,,,,
100,model.layers.7.self_attn.v_proj.weight,512,1024,0.0009765625,0.000749104714486748,1.965348482131958,0.00017260372987948358,0.33137333393096924,0.0008151213405653834,0.13112907111644745,0.2550967037677765,0.005881582852452993,0.7422152161598206,1.4700067043304443,0.0010190993780270219,18.40437889099121,4.90397042085533e-07,1.3220304708738695e-06,6.395772652467713e-05,0.2370261549949646,0.2563806474208832,0.006546565797179937,0.5124456286430359,1.500793218612671,,,,,
100,model.layers.7.self_attn.o_proj.weight,1024,2048,0.00048828125,0.0002451369073241949,2.0878729820251465,5.627618884318508e-05,0.5576809048652649,3.0437620807788335e-05,0.1316785365343094,0.3922579288482666,0.010790012776851654,0.5722352862358093,1.4308836460113525,0.0005255297292023897,33.959747314453125,-4.2268061406502966e-07,3.153637635477935e-06,4.492635343922302e-05,0.13843634724617004,0.36212143301963806,0.005178851541131735,0.7134976387023926,1.5389994382858276,,,,,
100,model.layers.15.self_attn.q_proj.weight,4096,1024,0.000244140625,0.00015579389582853764,2.840643882751465,-0.0002142865996574983,0.27416133880615234,0.0001253168156836182,0.20501938462257385,0.24232067167758942,0.0027515990659594536,0.46329349279403687,1.5493162870407104,0.00034710392355918884,59.94169616699219,-4.5793449032771605e-08,1.0589548082862166e-06,8.865313429851085e-05,0.22547689080238342,0.2589024305343628,0.009941672906279564,0.4665139317512512,1.4915302991867065,0.0708300918340683,0.07507412135601044,0.8516700863838196,,
100,model.layers.15.self_attn.k_proj.weight,512,1024,0.0009765625,0.0010037437314167619,3.5306456089019775,7.385798198811244e-06,0.24053695797920227,0.00010977740021189675,0.24693094193935394,0.24791811406612396,0.003618845948949456,0.5466170310974121,1.4534578323364258,0.0009886706247925758,12.006115913391113,-1.0917866575255175e-06,1.2902290791316773e-06,0.000101936784631107,0.1860729157924652,0.3111681640148163,0.008204019628465176,0.6198192834854126,1.4730428457260132,,,,,
100,model.layers.15.self_attn.v_proj.weight,512,1024,0.0009765625,0.000985630671493709,2.004145860671997,0.0024848878383636475,0.20954474806785583,0.0002221290924353525,0.17495083808898926,0.2644924521446228,0.006875266786664724,0.665799081325531,1.437955379486084,0.0010761480079963803,39.653282165527344,1.4646574300059e-06,9.061399168786011e-07,0.00017626516637392342,0.26281872391700745,0.23015134036540985,0.01365711260586977,0.4985736310482025,1.3918870687484741,,,,0.30508098006248474,0.3004691004753113
100,model.layers.15.self_attn.o_proj.weight,1024,2048,0.00048828125,0.0005150933284312487,1.8566415309906006,0.000755697546992451,0.41332682967185974,1.860988231783267e-05,0.07582490891218185,0.5191339254379272,0.008855246007442474,0.6529136896133423,1.441558837890625,0.0005090716877020895,12.820282936096191,-8.377071480936138e-08,2.139063781214645e-06,3.566145460354164e-05,0.17183513939380646,0.3300691843032837,0.00656167371198535,0.6486849188804626,1.5159885883331299,,,,,
100,model.layers.19.self_attn.q_proj.weight,4096,1024,0.000244140625,0.00017769899568520486,3.0538840293884277,-2.7155962015967816e-05,0.15756601095199585,0.0002906832378357649,0.2242577075958252,0.21881107985973358,0.007018416654318571,0.39556780457496643,1.5300054550170898,0.0003528225643094629,38.67084503173828,2.7129391355629195e-07,1.0586354619590566e-06,9.640679490985349e-05,0.2563154101371765,0.23652875423431396,0.009538073092699051,0.45910435914993286,1.5003706216812134,0.07898838073015213,0.07491479068994522,0.8414883613586426,,
100,model.layers.19.self_attn.k_proj.weight,512,1024,0.0009765625,0.0010627361480146646,2.637667655944824,-6.5834756242111325e-06,0.17024554312229156,0.0007126863347366452,0.25882652401924133,0.21619059145450592,0.012338672764599323,0.5552415251731873,1.3549634218215942,0.0010699070990085602,37.406742095947266,-2.05919377549435e-06,1.4299366739578545e-06,4.215639637550339e-05,0.19273681938648224,0.2853051424026489,0.006290558259934187,0.6363597512245178,1.4877851009368896,,,,,
100,model.layers.19.self_attn.v_proj.weight,512,1024,0.0009765625,0.0006131315021775663,1.6471294164657593,-0.001122330198995769,0.13110342621803284,0.001157531514763832,0.15067027509212494,0.2504134178161621,0.00667973468080163,0.6807292699813843,1.4115694761276245,0.0011001258390024304,30.749528884887695,4.0782734345157223e-07,7.06575804088061e-07,0.00012182457430753857,0.3206363022327423,0.19309869408607483,0.00661578169092536,0.46968796849250793,1.4731857776641846,,,,,
100,model.layers.19.self_attn.o_proj.weight,1024,2048,0.00048828125,0.00043757297680713236,1.4943376779556274,-0.0003528706729412079,0.2452182173728943,9.107975347433239e-05,0.06879648566246033,0.5056576132774353,0.00860488973557949,0.6185492873191833,1.4616601467132568,0.0005028846790082753,77.34391784667969,4.6831425493110146e-07,1.5763961300763185e-06,5.7247034419560805e-05,0.22737590968608856,0.2637859284877777,0.00891696847975254,0.5329710245132446,1.4710958003997803,,,,,
100,model.layers.1.mlp.gate_proj.weight,3584,1024,0.00027901785714285713,0.0002999817079398781,3.145386219024658,0.001469011534936726,0.21325969696044922,0.00034376519033685327,0.17311646044254303,0.3099234402179718,0.007191536482423544,0.5325049161911011,1.5186266899108887,0.00029292056569829583,90.39012145996094,-6.131156169431051e-07,1.411251787430956e-06,9.246425906894729e-05,0.24349652230739594,0.24746018648147583,0.009627185761928558,0.48593372106552124,1.51189386844635,,,,0.35203859210014343,0.36037909984588623
100,model.layers.1.mlp.up_proj.weight,3584,1024,0.00027901785714285713,0.000325323868310079,2.9345319271087646,0.0014204410836100578,0.3542647957801819,0.0001140512540587224,0.1622861623764038,0.3327612280845642,0.008171296678483486,0.5146750807762146,1.5105876922607422,0.0002848064759746194,30.134986877441406,-1.347795830497489e-07,2.1550847577600507e-06,7.925485988380387e-05,0.2210512012243271,0.2681835889816284,0.009449301287531853,0.5031246542930603,1.5174235105514526,,,,,
100,model.layers.1.mlp.down_proj.weight,1024,3584,0.00027901785714285713,0.0002738407929427922,5.645402908325195,0.0013975006295368075,0.3594101369380951,0.0011731162667274475,0.1759089231491089,0.30005118250846863,0.013731591403484344,0.5748603343963623,1.4352508783340454,0.00028345815371721983,43.95558547973633,1.1330969300615834e-06,2.323560011063819e-06,6.330732867354527e-05,0.18503805994987488,0.30982130765914917,0.007632368244230747,0.577735424041748,1.4952610731124878,0.0575544536113739,0.06022154539823532,0.8623222708702087,,
100,model.layers.12.mlp.gate_proj.weight,3584,1024,0.00027901785714285713,0.00020449909789022058,3.0168354511260986,-0.0006936115678399801,0.2648993730545044,0.0003574161964934319,0.18706820905208588,0.24468107521533966,0.004577215760946274,0.5686615705490112,1.5319544076919556,0.0003680705849546939,45.727718353271484,9.966927336790832e-07,1.6279094552373863e-06,0.00010640146501827985,0.2689591348171234,0.22324000298976898,0.010866901837289333,0.4353785812854767,1.484279990196228,,,,,
100,model.layers.12.mlp.up_proj.weight,3584,1024,0.00027901785714285713,0.00023634123499505222,2.9182651042938232,-0.0007834495627321303,0.42467644810676575,0.00023786780366208404,0.2239864319562912,0.24633045494556427,0.006194800138473511,0.5005140900611877,1.5164790153503418,0.00031569163547828794,127.13002014160156,-2.8857351708211354e-07,2.1268651835271157e-06,6.92795219947584e-05,0.21798360347747803,0.2703309655189514,0.009075996465981007,0.5011547803878784,1.5090607404708862,,,,,
100,model.layers.12.mlp.down_proj.weight,1024,3584,0.00027901785714285713,0.00028036432922817767,6.160208702087402,-0.0007923342636786401,0.43218737840652466,0.00010124464461114258,0.19253575801849365,0.3024757504463196,0.015270069241523743,0.5531544089317322,1.4182825088500977,0.00027241712086834013,37.3679313659668,-7.746192522972706e-07,2.5527622256049654e-06,5.0887865654658526e-05,0.16522745788097382,0.33447280526161194,0.006782913114875555,0.6505621671676636,1.5275670289993286,0.08315121382474899,0.07172185927629471,0.8676785230636597,,
100,model.layers.22.mlp.gate_proj.weight,3584,1024,0.00027901785714285713,0.0002766970719676465,2.7550699710845947,0.0001252990186912939,0.10993822664022446,0.0011827816488221288,0.16701911389827728,0.26514777541160583,0.009428229182958603,0.5648915767669678,1.5202854871749878,0.0003310440806671977,27.624135971069336,8.659638979224837e-07,9.398222005074786e-07,0.00011566412285901606,0.25404998660087585,0.23486961424350739,0.011442061513662338,0.4599916636943817,1.4857683181762695,,,,0.30573558807373047,0.2917773127555847
100,model.layers.22.mlp.up_proj.weight,3584,1024,0.00027901785714285713,0.00026016353513114154,2.836942672729492,-0.00047399671166203916,0.21701085567474365,0.001112201833166182,0.16973842680454254,0.3011043071746826,0.015004042536020279,0.5765272974967957,1.509415864944458,0.00027709666755981743,77.23906707763672,-4.2649412534956355e-07,1.5693682371420437e-06,7.962848030729219e-05,0.23802007734775543,0.2536700963973999,0.00885767675936222,0.49996235966682434,1.515044093132019,,,,,
100,model.layers.22.mlp.down_proj.weight,1024,3584,0.00027901785714285713,0.00039838007069192827,2.574174165725708,-0.000513581617269665,0.21546460688114166,0.00018246450053993613,0.10000351071357727,0.4232385754585266,0.008185436949133873,0.5787470936775208,1.4700307846069336,0.0002762659278232604,86.86470794677734,-1.0398101721875719e-06,1.7690288132143905e-06,8.476845687255263e-05,0.2182154506444931,0.27044913172721863,0.008526421152055264,0.525895893573761,1.473244547843933,0.07030421495437622,0.07955535501241684,0.8253040909767151,,
100,model.layers.1.linear_attn.in_proj_qkv.weight,6144,1024,0.00016276041666666666,0.0001217542594531551,2.431670665740967,-0.0002023077686317265,0.18268921971321106,0.0006187356193549931,0.18374186754226685,0.26850152015686035,0.007085440680384636,0.5177377462387085,1.5339916944503784,0.0002075420634355396,56.73456573486328,-3.147163170069689e-07,9.420068067811371e-07,9.43165723583661e-05,0.25526970624923706,0.2323591411113739,0.011100782081484795,0.4558263421058655,1.516806721687317,0.0548945888876915,0.05542474985122681,0.8483669757843018,,
100,model.layers.1.linear_attn.out_proj.weight,1024,2048,0.00048828125,0.0018110002856701612,1.3963717222213745,-0.0005348464474081993,0.4174332320690155,0.0007607577135786414,0.11453866958618164,0.3907671272754669,0.017935292795300484,0.5525689721107483,1.4579699039459229,0.0004933993332087994,67.82386779785156,-1.495233391324291e-06,2.3199072529678233e-06,4.378017911221832e-05,0.21143455803394318,0.28056973218917847,0.00783168151974678,0.5775780081748962,1.4859179258346558,,,,,
100,model.layers.12.linear_attn.in_proj_qkv.weight,6144,1024,0.00016276041666666666,7.701540744164959e-05,2.354947805404663,-0.0002201202150899917,0.25237905979156494,0.00022924442600924522,0.15828771889209747,0.2541998028755188,0.002467260230332613,0.5875376462936401,1.5518893003463745,0.00021914136596024036,41.45440673828125,-5.120726953578014e-08,7.9115199014268e-07,8.151549991453066e-05,0.26688385009765625,0.2263317108154297,0.009319585748016834,0.4515179991722107,1.515058159828186,0.08773248642683029,0.07978259772062302,0.8345210552215576,,
100,model.layers.12.linear_attn.out_proj.weight,1024,2048,0.00048828125,0.0003031297819688916,2.524921178817749,0.0007903517107479274,0.36687248945236206,4.5443772251019254e-05,0.15475213527679443,0.35165590047836304,0.013590588234364986,0.5440377593040466,1.4443663358688354,0.0005549296620301902,72.05439758300781,1.736042065658694e-07,2.678264536370989e-06,6.0453141486505046e-05,0.1877201795578003,0.3037768602371216,0.007950925268232822,0.6064843535423279,1.5037363767623901,,,,,
100,model.layers.21.linear_attn.in_proj_qkv.weight,6144,1024,0.00016276041666666666,0.0001071657461579889,3.2796289920806885,-0.00010293928062310442,0.07185888290405273,0.0006603311630897224,0.17995235323905945,0.2597540020942688,0.005796104669570923,0.5796241760253906,1.54293954372406,0.00020748515089508146,50.47301483154297,2.3172977137164708e-07,5.48109937881236e-07,9.885242616292089e-05,0.26730409264564514,0.22067300975322723,0.009260795079171658,0.44739434123039246,1.5081868171691895,0.08365795016288757,0.07384585589170456,0.8572597503662109,,
100,model.layers.21.linear_attn.out_proj.weight,1024,2048,0.00048828125,0.00042214966379106045,2.8320579528808594,-0.0001368180674035102,0.13394926488399506,0.00017100518743973225,0.1416063904762268,0.3706791400909424,0.007903346791863441,0.5695875883102417,1.4712387323379517,0.0005535121308639646,79.3629150390625,-1.3555763871409e-06,2.264675003971206e-06,8.78080609254539e-05,0.23407848179340363,0.25941434502601624,0.00823108572512865,0.5330986976623535,1.468177080154419,,,,,
120,model.layers.7.self_attn.q_proj.weight,4096,1024,0.000244140625,0.00014059938257560134,2.6576919555664062,-0.0008709168760105968,0.1822168231010437,0.0012932453537359834,0.1673269420862198,0.2717832326889038,0.008815045468509197,0.5492119193077087,1.5365923643112183,0.0003634644963312894,50.088714599609375,-1.735405561476e-07,1.079388425750949e-06,0.00014337620814330876,0.25595927238464355,0.23516437411308289,0.011381483636796474,0.44852134585380554,1.4828201532363892,0.07954715937376022,0.07521042227745056,0.858367383480072,0.33041003346443176,0.3317955732345581
120,model.layers.7.self_attn.k_proj.weight,512,1024,0.0009765625,0.0008542519644834101,4.537565231323242,-1.5019198144727852e-05,0.12472072243690491,0.00047200231347233057,0.15875084698200226,0.2483726441860199,0.02201729826629162,0.7039076089859009,1.3380873203277588,0.000907775538507849,22.02262306213379,2.309528326804866e-06,1.1556110166566214e-06,9.466311894357204e-05,0.20251333713531494,0.27858826518058777,0.007571001071482897,0.5852370262145996,1.4178305864334106,,,,,
120,model.layers.7.self_attn.v_proj.weight,512,1024,0.0009765625,0.0008629978983663023,1.8282064199447632,0.002663759281858802,0.25132760405540466,0.00022669130703434348,0.13455811142921448,0.2512294054031372,0.002964458893984556,0.740695595741272,1.4477471113204956,0.0010064552770927548,38.48418426513672,5.3957865020493045e-06,1.2336421377767692e-06,4.734801041195169e-05,0.23357364535331726,0.26175153255462646,0.004802240990102291,0.5179870128631592,1.4770327806472778,,,,,
120,model.layers.7.self_attn.o_proj.weight,1024,2048,0.00048828125,0.00024077642592601478,2.1111133098602295,0.0008484226418659091,0.41616091132164,3.380681300768629e-05,0.13387179374694824,0.3837200701236725,0.011407138779759407,0.5631605982780457,1.4443787336349487,0.0004807997029274702,94.58008575439453,9.902224746838328e-07,2.6504658308112994e-06,4.055434328620322e-05,0.16052933037281036,0.33202052116394043,0.006031538359820843,0.6601014137268066,1.5126789808273315,,,,,
120,model.layers.15.self_attn.q_proj.weight,4096,1024,0.000244140625,0.0001367282820865512,4.14535665512085,-5.563153899856843e-05,0.19502736628055573,0.0005430930177681148,0.21718984842300415,0.23425175249576569,0.004254832863807678,0.4441525936126709,1.5482944250106812,0.00031273113563656807,36.26137924194336,-3.4848945063004066e-08,1.0877448630708386e-06,7.623047713423148e-05,0.22712364792823792,0.2564966082572937,0.010184469632804394,0.4564621150493622,1.4893020391464233,0.06849072128534317,0.06961008906364441,0.8582869172096252,,
120,model.layers.15.self_attn.k_proj.weight,512,1024,0.0009765625,0.0011523826979100704,3.915304183959961,3.174684024997987e-06,0.1769837886095047,0.00047712994273751974,0.26767170429229736,0.2217448353767395,0.00635575270280242,0.493726909160614,1.454727292060852,0.0006347297457978129,2.0844807624816895,5.971430141471501e-07,1.8784855910780607e-06,2.5456953153479844e-05,0.08558708429336548,0.39722326397895813,0.0032819174230098724,0.825498104095459,1.5207985639572144,,,,,
120,model.layers.15.self_attn.v_proj.weight,512,1024,0.0009765625,0.0009345553116872907,1.9182860851287842,-0.00013376139395404607,0.1595126986503601,8.679518214194104e-05,0.18929073214530945,0.26683786511421204,0.005161297973245382,0.6359219551086426,1.43511962890625,0.0011424524709582329,27.430953979492188,9.60714828579512e-07,9.185308158521366e-07,6.810014747316018e-05,0.2499886006116867,0.2435576468706131,0.006575727369636297,0.5383949279785156,1.4733141660690308,,,,0.30544501543045044,0.2985689043998718
120,model.layers.15.self_attn.o_proj.weight,1024,2048,0.00048828125,0.000426178245106712,1.9797781705856323,-4.8243451601592824e-05,0.2943500876426697,2.2997965061222203e-05,0.08703397959470749,0.4692542254924774,0.013836756348609924,0.6056898236274719,1.4398313760757446,0.0005465809372253716,39.873565673828125,-1.4649631907559524e-07,1.8555820133769885e-06,4.041626743855886e-05,0.18332694470882416,0.31026655435562134,0.007062804885208607,0.6102074980735779,1.517316460609436,,,,,
120,model.layers.19.self_attn.q_proj.weight,4096,1024,0.000244140625,0.00015983940102159977,3.5271787643432617,-0.00012482605234254152,0.11040525883436203,0.0007228216854855418,0.21885432302951813,0.23400293290615082,0.01032191701233387,0.42526522278785706,1.5264532566070557,0.0004000778717454523,52.54072952270508,1.710291996914748e-08,1.0444078952787095e-06,8.028560114325956e-05,0.24969498813152313,0.23730599880218506,0.008429805748164654,0.4402250051498413,1.506998896598816,0.06490819901227951,0.074676513671875,0.8555671572685242,,
120,model.layers.19.self_attn.k_proj.weight,512,1024,0.0009765625,0.0011080799158662558,3.3015553951263428,-8.873665137798525e-06,0.11148813366889954,0.00023409569985233247,0.24514499306678772,0.22736261785030365,0.010877110064029694,0.569460391998291,1.3863940238952637,0.0008837624336592853,20.51388931274414,2.705484348553e-06,1.3283363387017744e-06,2.9309492674656212e-05,0.19207574427127838,0.27616357803344727,0.006898995954543352,0.629804253578186,1.4644615650177002,,,,,
120,model.layers.19.self_attn.v_proj.weight,512,1024,0.0009765625,0.0006834965315647423,1.6314077377319336,0.0009023715974763036,0.09421053528785706,0.0009364182478748262,0.13184291124343872,0.28005847334861755,0.004709731787443161,0.7009848952293396,1.4446001052856445,0.0010197348892688751,19.774137496948242,9.201875172948348e-07,7.951518341542396e-07,6.154429138405249e-05,0.30201780796051025,0.16373994946479797,0.0058812894858419895,0.5323147177696228,1.4526915550231934,,,,,
120,model.layers.19.self_attn.o_proj.weight,1024,2048,0.00048828125,0.0003912365064024925,1.486763834953308,0.00028053848654963076,0.1790606528520584,8.652637188788503e-05,0.0635785236954689,0.4680064022541046,0.012229717336595058,0.5718966722488403,1.481554388999939,0.0005588479689322412,32.310264587402344,7.687329173222679e-08,1.4748064813829842e-06,5.5196556786540896e-05,0.21490252017974854,0.27381542325019836,0.008858272805809975,0.5568178296089172,1.4765980243682861,,,,,
120,model.layers.1.mlp.gate_proj.weight,3584,1024,0.00027901785714285713,0.0003179987834300846,3.068812608718872,0.0007880690973252058,0.18811361491680145,0.0005185799091123044,0.18037258088588715,0.3041680157184601,0.010091956704854965,0.5341659188270569,1.5147379636764526,0.00029920702218078077,83.0899887084961,-3.2575508157606237e-07,1.344527163382736e-06,0.00010407798254163936,0.2401960790157318,0.24681665003299713,0.012985175475478172,0.4848853349685669,1.4819988012313843,,,,0.37357938289642334,0.34977319836616516
120,model.layers.1.mlp.up_proj.weight,3584,1024,0.00027901785714285713,0.00022169854491949081,2.5252199172973633,0.00024342935648746789,0.3220788538455963,0.0001962174428626895,0.1582687944173813,0.3297487497329712,0.010137190110981464,0.5071866512298584,1.5093231201171875,0.00029097270453348756,22.150104522705078,8.636228585601202e-07,2.0837728698097635e-06,9.208794654114172e-05,0.21380406618118286,0.27697405219078064,0.009415010921657085,0.504122257232666,1.5118459463119507,,,,,
120,model.layers.1.mlp.down_proj.weight,1024,3584,0.00027901785714285713,0.0002497150853741914,4.333125114440918,0.0002542752190493047,0.31570541858673096,0.001285956590436399,0.18098397552967072,0.2841475307941437,0.01415066234767437,0.550071120262146,1.4411576986312866,0.00029730534879490733,79.66914367675781,3.7260926433191344e-07,2.193555019402993e-06,5.7470544561510906e-05,0.18954867124557495,0.30582210421562195,0.008261105976998806,0.5503203868865967,1.488218903541565,0.07750573009252548,0.07337693125009537,0.8710350394248962,,
120,model.layers.12.mlp.gate_proj.weight,3584,1024,0.00027901785714285713,0.0001952722668647766,3.1287124156951904,0.0010606657015159726,0.2097076177597046,0.00043213673052378,0.18235144019126892,0.24935230612754822,0.004880582448095083,0.5881737470626831,1.5285203456878662,0.0004014417645521462,65.96070861816406,1.0766910918391659e-06,1.4747569139217376e-06,0.00014096590166445822,0.2733326554298401,0.2160434126853943,0.015887808054685593,0.4231485426425934,1.4389644861221313,,,,,
120,model.layers.12.mlp.up_proj.weight,3584,1024,0.00027901785714285713,0.0002499039692338556,2.8971409797668457,0.0004866670351475477,0.34026849269866943,0.00032842688960954547,0.21872647106647491,0.25185108184814453,0.008219722658395767,0.5153703689575195,1.5169728994369507,0.00033054579398594797,38.4144287109375,5.749832894252904e-07,2.0507511635514675e-06,7.949440623633564e-05,0.20965994894504547,0.27200791239738464,0.008787013590335846,0.4900282621383667,1.5108968019485474,,,,,
120,model.layers.12.mlp.down_proj.weight,1024,3584,0.00027901785714285713,0.00025367081980220973,6.890067100524902,0.000507436110638082,0.3395499587059021,0.00013615631905850023,0.19481825828552246,0.29702237248420715,0.01896294765174389,0.5401095151901245,1.4013012647628784,0.0003014219691976905,71.44132232666016,2.678263626876287e-06,2.397744083282305e-06,5.649219747283496e-05,0.1695299744606018,0.3227711617946625,0.006653456017374992,0.6384620666503906,1.5319744348526,0.06967426091432571,0.07032927125692368,0.8683193325996399,,
120,model.layers.22.mlp.gate_proj.weight,3584,1024,0.00027901785714285713,0.00029194855596870184,2.9553983211517334,0.0001351758255623281,0.08446556329727173,0.0010774517431855202,0.17389318346977234,0.258050799369812,0.008547087199985981,0.5620214343070984,1.5224469900131226,0.0003853295638691634,57.7428092956543,1.4530938585721742e-07,9.612759868105059e-07,9.301752288592979e-05,0.2627820372581482,0.22682075202465057,0.009785993956029415,0.45009928941726685,1.5066441297531128,,,,0.3256036043167114,0.31839483976364136
120,model.layers.22.mlp.up_proj.weight,3584,1024,0.00027901785714285713,0.00027763936668634415,3.002007484436035,-0.00033801989047788084,0.1798696666955948,0.0009492913959547877,0.17806178331375122,0.2917433977127075,0.012560385279357433,0.5650773048400879,1.5084894895553589,0.00026505213463678956,102.43622589111328,2.1383593207247031e-07,1.5055553603815497e-06,9.851568029262125e-05,0.2398674190044403,0.24988098442554474,0.009196687489748001,0.49628889560699463,1.510011911392212,,,,,
120,model.layers.22.mlp.down_proj.weight,1024,3584,0.00027901785714285713,0.0003444715985096991,2.732539415359497,-0.00038417012547142804,0.17366787791252136,0.00018851355707738549,0.10834845900535583,0.4100012481212616,0.008124317042529583,0.5643361210823059,1.4764941930770874,0.0002957354881800711,42.64734649658203,1.8389222589121346e-07,1.6891718814804335e-06,8.969195187091827e-05,0.20916752517223358,0.2815163731575012,0.00904751569032669,0.5245070457458496,1.4777878522872925,0.07144466787576675,0.0660020112991333,0.8291553258895874,,
120,model.layers.1.linear_attn.in_proj_qkv.weight,6144,1024,0.00016276041666666666,9.731080353958532e-05,2.3682312965393066,-2.1322914108168334e-05,0.16076819598674774,0.0007446414092555642,0.17593760788440704,0.27276352047920227,0.0070877294056117535,0.5339615345001221,1.5382864475250244,0.00019935471937060356,88.40966796875,1.38305091823554e-08,8.400698447985633e-07,0.00010431272676214576,0.24620744585990906,0.24449650943279266,0.011683389544487,0.47357428073883057,1.494768500328064,0.07968444377183914,0.08232591301202774,0.8542084693908691,,
120,model.layers.1.linear_attn.out_proj.weight,1024,2048,0.00048828125,0.0002385457482887432,1.292681336402893,4.9053207476390526e-05,0.393686443567276,0.0008088484755717218,0.11276423186063766,0.3713226914405823,0.021662484854459763,0.5164893865585327,1.433937668800354,0.0005511243361979723,76.53172302246094,-5.165260859030241e-07,2.2124872884887736e-06,4.797731526196003e-05,0.22565339505672455,0.26664841175079346,0.008482305333018303,0.5456212759017944,1.4870432615280151,,,,,
120,model.layers.12.linear_attn.in_proj_qkv.weight,6144,1024,0.00016276041666666666,6.792273052269593e-05,2.3809168338775635,-0.00016127458366099745,0.1927201747894287,0.0005419317167252302,0.1597231924533844,0.25342756509780884,0.00375197222456336,0.5919815897941589,1.5519424676895142,0.000212561571970582,67.29898834228516,4.884024065177073e-07,7.369544050561672e-07,8.352771692443639e-05,0.24261826276779175,0.2516801655292511,0.009045829065144062,0.4788605868816376,1.5237706899642944,0.06722897291183472,0.06560588628053665,0.8350255489349365,,
120,model.layers.12.linear_attn.out_proj.weight,1024,2048,0.00048828125,0.0003086811921093613,2.7492470741271973,-0.000627574510872364,0.2809915244579315,5.078311005490832e-05,0.15936723351478577,0.3379814624786377,0.01992752216756344,0.5336958169937134,1.428953766822815,0.00054440728854388,64.73316192626953,-4.188596278709156e-07,2.4953378670034e-06,5.34350037924014e-05,0.20247243344783783,0.2891160845756531,0.00737032713368535,0.5815531015396118,1.4846059083938599,,,,,
120,model.layers.21.linear_attn.in_proj_qkv.weight,6144,1024,0.00016276041666666666,8.631754462840036e-05,3.7350282669067383,0.0007019115146249533,0.056006234139204025,0.0008653458207845688,0.17023968696594238,0.2654486894607544,0.006108697038143873,0.6021471619606018,1.5450248718261719,0.00018976273713633418,50.08720016479492,9.574118564614764e-08,5.311838435773097e-07,7.646891026524827e-05,0.2597188353538513,0.22922226786613464,0.009885073639452457,0.46406885981559753,1.5069345235824585,0.06684587150812149,0.06813222169876099,0.8531966805458069,,
120,model.layers.21.linear_attn.out_proj.weight,1024,2048,0.00048828125,0.00034206314012408257,3.1663625240325928,0.00028922356432303786,0.10527899116277695,0.0001298261049669236,0.14706841111183167,0.3632161319255829,0.007000742945820093,0.5564637780189514,1.4804222583770752,0.0005811998853459954,45.78321838378906,-9.796634685699246e-07,1.9815415726043284e-06,7.901711069280282e-05,0.22640742361545563,0.26676177978515625,0.008435693569481373,0.5327816009521484,1.4849001169204712,,,,,
140,model.layers.7.self_attn.q_proj.weight,4096,1024,0.000244140625,9.584332292433828e-05,2.1627416610717773,0.0009620055207051337,0.25105980038642883,0.0004664035513997078,0.1681097447872162,0.2587679326534271,0.005335600581020117,0.5220529437065125,1.5394777059555054,0.00034484482603147626,56.39366912841797,5.106063127868765e-08,1.0834639851964312e-06,0.00014112648204900324,0.24450814723968506,0.2367129921913147,0.015035800635814667,0.4456263780593872,1.4530364274978638,0.0639968290925026,0.06580524891614914,0.8911195993423462,0.28788504004478455,0.3084714710712433
140,model.layers.7.self_attn.k_proj.weight,512,1024,0.0009765625,0.0017515361541882157,3.0445010662078857,1.3860530089004897e-05,0.18800964951515198,0.008637204766273499,0.13579417765140533,0.24716690182685852,0.03927892446517944,0.7076147198677063,1.305896520614624,0.0009833280928432941,44.02058410644531,-1.678716330388852e-06,1.1185437642780016e-06,0.00011140038986923173,0.22701704502105713,0.26187771558761597,0.007674017921090126,0.5386037826538086,1.4485888481140137,,,,,
140,model.layers.7.self_attn.v_proj.weight,512,1024,0.0009765625,0.0008601491572335362,1.8300291299819946,0.0011291595874354243,0.3214983642101288,0.00036802890826947987,0.1232321709394455,0.2669404447078705,0.0033738757483661175,0.762596607208252,1.471948504447937,0.0009360642288811505,26.28555679321289,2.4243599909823388e-06,1.2223588328197366e-06,9.715434134704992e-05,0.23225462436676025,0.2602090537548065,0.008880948647856712,0.5225535035133362,1.4066566228866577,,,,,
140,model.layers.7.self_attn.o_proj.weight,1024,2048,0.00048828125,0.00021909231145400554,1.9018230438232422,0.00037228225846774876,0.5223264098167419,3.444124376983382e-05,0.13806499540805817,0.37281128764152527,0.013551461510360241,0.5460098385810852,1.4345356225967407,0.0005589220090769231,43.903568267822266,2.008278698895083e-07,2.691313966352027e-06,2.5695602744235657e-05,0.13642995059490204,0.3600139915943146,0.004769941791892052,0.7165493965148926,1.532143473625183,,,,,
140,model.layers.15.self_attn.q_proj.weight,4096,1024,0.000244140625,0.00011538046965142712,2.5406198501586914,0.0004670974740292877,0.2554827034473419,0.0003494200645945966,0.2270272672176361,0.2224314957857132,0.0035873218439519405,0.43597760796546936,1.5490801334381104,0.00034144471283070743,51.997314453125,7.472540346498135e-07,1.0798694347613491e-06,7.079885108396411e-05,0.25601592659950256,0.23001515865325928,0.011048002168536186,0.4392831325531006,1.472235083580017,0.06917360424995422,0.06343282759189606,0.8986901044845581,,
140,model.layers.15.self_attn.k_proj.weight,512,1024,0.0009765625,0.0009733560727909207,4.356263637542725,8.396475095651112e-06,0.21112091839313507,0.0002542953297961503,0.24485334753990173,0.23745080828666687,0.0033741190563887358,0.5712634921073914,1.4667778015136719,0.001002817996777594,22.615596771240234,6.835198291810229e-07,1.1593762110351236e-06,5.2645209507318214e-05,0.17175085842609406,0.3223751187324524,0.005717267282307148,0.6480183601379395,1.4671592712402344,,,,,
140,model.layers.15.self_attn.v_proj.weight,512,1024,0.0009765625,0.0009125842479988933,1.8258970975875854,0.0009072023094631732,0.20217061042785645,0.0003065033524762839,0.2044437974691391,0.2441864311695099,0.00547270942479372,0.621626079082489,1.4637634754180908,0.000983187579549849,28.840423583984375,-3.9893225789455755e-07,8.628740033600479e-07,7.347740756813437e-05,0.2642156779766083,0.22856521606445312,0.009432929567992687,0.5207309722900391,1.3975363969802856,,,,0.29231733083724976,0.3072746992111206
140,model.layers.15.self_attn.o_proj.weight,1024,2048,0.00048828125,0.00039965406176634133,1.6568267345428467,0.00029005034593865275,0.3761790990829468,2.657228833413683e-05,0.08154534548521042,0.4851725399494171,0.010261847637593746,0.6041275262832642,1.4420487880706787,0.0005524854641407728,16.859485626220703,-5.866295182954673e-08,2.1708544863940915e-06,4.4084194087190554e-05,0.15403811633586884,0.34984952211380005,0.006195065565407276,0.6836679577827454,1.5295295715332031,,,,,
140,model.layers.19.self_attn.q_proj.weight,4096,1024,0.000244140625,0.00018688976706471294,3.451624631881714,-0.0010964160319417715,0.1317005753517151,0.0004964973777532578,0.21761661767959595,0.23421819508075714,0.008467274717986584,0.4286659359931946,1.5252294540405273,0.00039672033744864166,37.01663589477539,3.675410198411555e-07,1.0282128641847521e-06,9.490946104051545e-05,0.2602223753929138,0.2316352128982544,0.01120958011597395,0.4463697373867035,1.4790334701538086,0.06714268773794174,0.06701243668794632,0.8882116675376892,,
140,model.layers.19.self_attn.k_proj.weight,512,1024,0.0009765625,0.0010354641126468778,3.703739881515503,6.039054824213963e-06,0.12763729691505432,0.0008035341743379831,0.24347318708896637,0.21335743367671967,0.011970196850597858,0.5920611023902893,1.3661965131759644,0.0009272805182263255,18.752796173095703,-2.7844748728966806e-06,1.233503780895262e-06,2.108976877934765e-05,0.18312008678913116,0.29148024320602417,0.006410196889191866,0.6392813920974731,1.4789841175079346,,,,,
140,model.layers.19.self_attn.v_proj.weight,512,1024,0.0009765625,0.0005822607781738043,1.5216259956359863,0.0015835302183404565,0.1212882399559021,0.0010421066544950008,0.13036851584911346,0.2693629860877991,0.004502919502556324,0.6988121271133423,1.4471403360366821,0.0010312444064766169,18.215065002441406,5.28440239122574e-07,7.829236210454837e-07,6.659110658802092e-05,0.25203076004981995,0.21036383509635925,0.007360182702541351,0.5637221932411194,1.4131276607513428,,,,,
140,model.layers.19.self_attn.o_proj.weight,1024,2048,0.00048828125,0.0006683741230517626,1.3893094062805176,0.0004887093091383576,0.23169676959514618,6.212940206751227e-05,0.056085582822561264,0.5532169342041016,0.007512273266911507,0.655746579170227,1.4627331495285034,0.0004993441398255527,73.68144226074219,9.22157482818875e-07,1.5602487337673665e-06,6.449178181355819e-05,0.21177567541599274,0.2764952778816223,0.007977182045578957,0.5613035559654236,1.4915337562561035,,,,,
140,model.layers.1.mlp.gate_proj.weight,3584,1024,0.00027901785714285713,0.00022401678143069148,2.8639419078826904,-0.0001857494644355029,0.21112756431102753,0.0001437804166926071,0.17817692458629608,0.3008740246295929,0.0062711345963180065,0.519917905330658,1.517085313796997,0.0002933850046247244,56.553306579589844,-5.066421593369341e-08,1.0108744845638284e-06,7.649787585251033e-05,0.24857750535011292,0.2423170953989029,0.009816198609769344,0.48450836539268494,1.5088261365890503,,,,0.2608886957168579,0.26527902483940125
140,model.layers.1.mlp.up_proj.weight,3584,1024,0.00027901785714285713,0.0003782659478019923,2.530606746673584,-0.0001507862762082368,0.3592132031917572,0.0001556877832626924,0.1558143049478531,0.3352397680282593,0.00854701828211546,0.5085427165031433,1.5139501094818115,0.00027199534815736115,20.33036231994629,-7.935311145956803e-07,1.6559268942728522e-06,0.00010689423652365804,0.21770209074020386,0.273114413022995,0.009402109310030937,0.5042836666107178,1.514347791671753,,,,,
140,model.layers.1.mlp.down_proj.weight,1024,3584,0.00027901785714285713,0.0002904933935496956,3.986480236053467,-0.0001567289000377059,0.3570643365383148,0.0021407082676887512,0.1807844489812851,0.2841390073299408,0.01669629104435444,0.5554031133651733,1.4345420598983765,0.0002965745225083083,69.75482940673828,-1.1734628060366958e-06,1.7985172462431365e-06,6.041897358954884e-05,0.17324219644069672,0.3194445073604584,0.0071718571707606316,0.5970463752746582,1.5091469287872314,0.05264370143413544,0.05788945034146309,0.9115092754364014,,
140,model.layers.12.mlp.gate_proj.weight,3584,1024,0.00027901785714285713,0.00022274725779425353,3.103698492050171,0.00014430235023610294,0.24199305474758148,0.0004778795992024243,0.1923695206642151,0.23688942193984985,0.004834748338907957,0.55668044090271,1.533144474029541,0.00038515179767273366,84.88011932373047,-2.3143054761476378e-07,1.3757615988652105e-06,0.00012254301691427827,0.2593235373497009,0.23044925928115845,0.011246231384575367,0.44342365860939026,1.4720982313156128,,,,,
140,model.layers.12.mlp.up_proj.weight,3584,1024,0.00027901785714285713,0.00025164225371554494,2.9387459754943848,-5.907985269004712e-06,0.3933844566345215,0.0004172345215920359,0.21962910890579224,0.24675989151000977,0.009835268370807171,0.5011762380599976,1.5203489065170288,0.00031563069205731153,76.57376098632812,1.4487892485703924e-07,1.8944650719276979e-06,6.883287278469652e-05,0.2170746922492981,0.27171561121940613,0.008513318374752998,0.49757030606269836,1.5197477340698242,,,,,
140,model.layers.12.mlp.down_proj.weight,1024,3584,0.00027901785714285713,0.00025788421044126153,5.613608360290527,-7.314506092370721e-06,0.39684751629829407,0.00010926123650278896,0.20239810645580292,0.2885158658027649,0.01999707892537117,0.522419273853302,1.3915449380874634,0.00027883314760401845,71.96370697021484,4.1528781480337784e-07,2.3209850041894242e-06,4.271454963600263e-05,0.15602508187294006,0.3397817015647888,0.0065455250442028046,0.6676469445228577,1.5350146293640137,0.061493996530771255,0.06244251877069473,0.9135031700134277,,
140,model.layers.22.mlp.gate_proj.weight,3584,1024,0.00027901785714285713,0.00030475552193820477,3.774585723876953,-0.0006119662430137396,0.0955614447593689,0.0004900293424725533,0.18409274518489838,0.2573610544204712,0.006639778148382902,0.5616394877433777,1.5237339735031128,0.00035880174254998565,28.698392868041992,6.192384205405688e-08,9.106218499255192e-07,8.116077515296638e-05,0.2521485984325409,0.23855498433113098,0.009524337016046047,0.46758121252059937,1.5044835805892944,,,,0.30477142333984375,0.3084752857685089
140,model.layers.22.mlp.up_proj.weight,3584,1024,0.00027901785714285713,0.00025147839915007353,3.3671531677246094,-0.00028132976149208844,0.21784737706184387,0.0014604933094233274,0.1808319240808487,0.28597086668014526,0.01676909066736698,0.565794050693512,1.5118136405944824,0.0002905177534557879,68.45555877685547,-7.161210646700056e-07,1.4941587096473086e-06,8.816537592792884e-05,0.23885750770568848,0.2525170147418976,0.008942272514104843,0.4961906373500824,1.5109472274780273,,,,,
140,model.layers.22.mlp.down_proj.weight,1024,3584,0.00027901785714285713,0.0003473857359495014,2.990457534790039,-0.00031226687133312225,0.2118823528289795,0.00021224949159659445,0.1125425323843956,0.40119388699531555,0.008551355451345444,0.5600270628929138,1.4711240530014038,0.0003115174768026918,116.49237823486328,8.795334451860981e-07,1.6645984715069062e-06,8.911269105738029e-05,0.21606215834617615,0.2764930725097656,0.008376188576221466,0.5244609713554382,1.47702157497406,0.05585552006959915,0.06667881458997726,0.864778995513916,,
140,model.layers.1.linear_attn.in_proj_qkv.weight,6144,1024,0.00016276041666666666,0.00010227062739431858,2.2785205841064453,-0.0004437722382135689,0.18253302574157715,0.000708012143149972,0.17963683605194092,0.2627662718296051,0.006799324881285429,0.5113940238952637,1.5356603860855103,0.00018691243894863874,22.135517120361328,-1.3135743870407168e-07,6.754076480319782e-07,8.155649265972897e-05,0.2581135332584381,0.22786368429660797,0.012298863381147385,0.434257447719574,1.5133006572723389,0.057026904076337814,0.061739105731248856,0.8951090574264526,,
140,model.layers.1.linear_attn.out_proj.weight,1024,2048,0.00048828125,0.0008764503872953355,1.3000130653381348,-0.00021295258193276823,0.43954938650131226,0.000207419041544199,0.1081404760479927,0.4217807352542877,0.007091552950441837,0.5775513648986816,1.4435452222824097,0.0005280334735289216,47.9689826965332,-9.544793329041568e-07,1.9033597027373617e-06,3.616499452618882e-05,0.19746777415275574,0.2952274680137634,0.007382609415799379,0.6066964864730835,1.495001196861267,,,,,
140,model.layers.12.linear_attn.in_proj_qkv.weight,6144,1024,0.00016276041666666666,7.225739682326093e-05,2.144882917404175,-0.00022101741342339665,0.24199111759662628,0.0002544050512369722,0.1523093581199646,0.2563857138156891,0.0022216620855033398,0.6041343808174133,1.5527148246765137,0.00022206049470696598,30.51018524169922,2.349672882928644e-07,7.409985300910193e-07,7.507605187129229e-05,0.2533870041370392,0.2313339114189148,0.010114599950611591,0.4337405860424042,1.5232914686203003,0.06409145891666412,0.06912194192409515,0.8785056471824646,,
140,model.layers.12.linear_attn.out_proj.weight,1024,2048,0.00048828125,0.0002956884854938835,2.360995292663574,0.00011633639951469377,0.3465726971626282,5.024479469284415e-05,0.15473167598247528,0.34960100054740906,0.013331745751202106,0.5360170602798462,1.4297960996627808,0.0005224033375270665,27.727041244506836,-3.066499232318165e-08,2.4944538381532766e-06,4.643589636543766e-05,0.16158628463745117,0.3329293429851532,0.006199525203555822,0.6656971573829651,1.5371408462524414,,,,,
140,model.layers.21.linear_attn.in_proj_qkv.weight,6144,1024,0.00016276041666666666,0.00011532729695318267,3.341386556625366,-0.00023128458997234702,0.0677371621131897,0.0005545637686736882,0.18483218550682068,0.24624693393707275,0.005146694835275412,0.5645963549613953,1.542168140411377,0.00019605511624831706,53.82426834106445,-9.935704525787514e-08,4.895497340839938e-07,6.985494837863371e-05,0.2567598819732666,0.23395761847496033,0.008227748796343803,0.47429561614990234,1.5255367755889893,0.05823139473795891,0.05835941433906555,0.8913314938545227,,
140,model.layers.21.linear_attn.out_proj.weight,1024,2048,0.00048828125,0.0004084059619344771,2.9029202461242676,-0.0013478355249390006,0.1280859112739563,0.0001466287358198315,0.14481784403324127,0.362612247467041,0.007333043031394482,0.5551210045814514,1.477484941482544,0.0005555127863772213,65.5319595336914,-1.4873293707751145e-07,1.9356787106517004e-06,7.566022395621985e-05,0.23305584490299225,0.255326509475708,0.00830180011689663,0.5234206318855286,1.4755250215530396,,,,,
160,model.layers.7.self_attn.q_proj.weight,4096,1024,0.000244140625,0.00012188467371743172,2.6272034645080566,0.0007421850459650159,0.1849903166294098,0.0005541042773984373,0.17461960017681122,0.2667548358440399,0.00718561839312315,0.5356581807136536,1.5362986326217651,0.0003486521600279957,42.80012130737305,-9.807327217004058e-08,1.1773397545766784e-06,9.875830437522382e-05,0.26317089796066284,0.22460885345935822,0.0102904187515378,0.4415815472602844,1.492174506187439,0.07212337851524353,0.07032925635576248,0.8570575714111328,0.38235825300216675,0.3760858476161957
160,model.layers.7.self_attn.k_proj.weight,512,1024,0.0009765625,0.0009169278782792389,2.5808537006378174,8.243173397204373e-06,0.139205664396286,0.0017560399137437344,0.13130445778369904,0.2582498788833618,0.02399997040629387,0.7377392053604126,1.3217443227767944,0.0010178599040955305,34.165992736816406,1.9054963331655017e-06,1.1504721442179289e-06,0.00010650136391632259,0.20886701345443726,0.28690582513809204,0.008176757954061031,0.5923531651496887,1.467079520225525,,,,,
160,model.layers.7.self_attn.v_proj.weight,512,1024,0.0009765625,0.0006993853021413088,1.72866952419281,0.0004553924663923681,0.2699112296104431,0.0002508346806280315,0.11527249962091446,0.2730099558830261,0.002823903923854232,0.7819544672966003,1.4788784980773926,0.0010204875143244863,21.936452865600586,3.6310773339209845e-06,1.4383898587766453e-06,7.724793977104127e-05,0.2426983118057251,0.24444955587387085,0.007103913929313421,0.48355066776275635,1.4394559860229492,,,,,
160,model.layers.7.self_attn.o_proj.weight,1024,2048,0.00048828125,0.0002375057665631175,2.2567756175994873,0.00016007531667128205,0.4003412425518036,3.518403900670819e-05,0.13516579568386078,0.3776122033596039,0.013741670176386833,0.5475022196769714,1.421687364578247,0.00048015767242759466,20.94086265563965,-3.9397190221279743e-07,4.180036739853676e-06,2.7112982934340835e-05,0.08064845949411392,0.40048524737358093,0.0025453411508351564,0.8346544504165649,1.552156925201416,,,,,
160,model.layers.15.self_attn.q_proj.weight,4096,1024,0.000244140625,0.00011754205479519442,3.1046042442321777,-4.225960947223939e-05,0.18974962830543518,0.00020683745970018208,0.2089253067970276,0.2430649846792221,0.003027683589607477,0.45890846848487854,1.5469807386398315,0.0003214846074115485,71.81237030029297,5.354634708965023e-07,1.1965255453105783e-06,7.627632294315845e-05,0.23312202095985413,0.2569325566291809,0.010557373985648155,0.47399255633354187,1.4853633642196655,0.06475255638360977,0.07255672663450241,0.856681227684021,,
160,model.layers.15.self_attn.k_proj.weight,512,1024,0.0009765625,0.0010045769158750772,5.402557373046875,7.75375883677043e-06,0.1607087254524231,0.0001250695058843121,0.24014481902122498,0.23749789595603943,0.0040036761201918125,0.56261146068573,1.4639123678207397,0.0008887759177014232,20.221160888671875,-2.0405315126481582e-07,1.2399729030221351e-06,8.281083864858374e-05,0.20580920577049255,0.28439077734947205,0.010589037090539932,0.5749475359916687,1.3705495595932007,,,,,
160,model.layers.15.self_attn.v_proj.weight,512,1024,0.0009765625,0.0008988912450149655,2.127269744873047,-0.00116417882964015,0.18838483095169067,0.00012053507816744968,0.23261235654354095,0.22308573126792908,0.004036806523799896,0.5960724949836731,1.454332947731018,0.0009912463137879968,12.064485549926758,5.671437293131021e-07,9.99227609099762e-07,3.9947150071384385e-05,0.26626288890838623,0.22610172629356384,0.007235894910991192,0.5138483047485352,1.4535893201828003,,,,0.391074001789093,0.39880189299583435
160,model.layers.15.self_attn.o_proj.weight,1024,2048,0.00048828125,0.0004070512659382075,1.8979332447052002,-0.00045211249380372465,0.2957129180431366,3.5600569390226156e-05,0.09405997395515442,0.43920227885246277,0.015673063695430756,0.5633600354194641,1.4294849634170532,0.0005412971950136125,23.586795806884766,-7.182122772064758e-07,2.7056200906372396e-06,3.034430483239703e-05,0.12996035814285278,0.37386438250541687,0.00511079840362072,0.7298780083656311,1.5332850217819214,,,,,
160,model.layers.19.self_attn.q_proj.weight,4096,1024,0.000244140625,0.00016082124784588814,3.412813901901245,0.000804782728664577,0.10884743183851242,0.00025702465791255236,0.21281251311302185,0.24801546335220337,0.006973939947783947,0.45668116211891174,1.5302400588989258,0.00036150935920886695,46.81889343261719,1.1209288430791275e-07,1.0509822914173128e-06,6.557063170475885e-05,0.2510293126106262,0.24125991761684418,0.008640773594379425,0.45174574851989746,1.507521629333496,0.07284536957740784,0.0674213394522667,0.8358847498893738,,
160,model.layers.19.self_attn.k_proj.weight,512,1024,0.0009765625,0.0009885355830192566,4.261202812194824,-1.8425232610752573e-06,0.10221824795007706,0.0005555544630624354,0.23888759315013885,0.2273740917444229,0.013320035301148891,0.5789487957954407,1.3328803777694702,0.0009923756588250399,17.475130081176758,-9.09145228433772e-07,1.216864689013164e-06,6.0675603890558705e-05,0.18350984156131744,0.304015576839447,0.006059000268578529,0.6519428491592407,1.4706772565841675,,,,,
160,model.layers.19.self_attn.v_proj.weight,512,1024,0.0009765625,0.0009582588099874556,1.626682996749878,-0.0014592487132176757,0.09096795320510864,0.0011248274240642786,0.138075053691864,0.2676032483577728,0.005256410222500563,0.6776489019393921,1.4553806781768799,0.0010217629605904222,8.623764991760254,2.3254076495504705e-06,7.477562462554488e-07,6.22779771219939e-05,0.29673466086387634,0.16908589005470276,0.005817472469061613,0.5445424318313599,1.4430785179138184,,,,,
160,model.layers.19.self_attn.o_proj.weight,1024,2048,0.00048828125,0.0004774484841618687,1.4174115657806396,-0.00043697457294911146,0.17988750338554382,6.29864152870141e-05,0.05999842286109924,0.4940381348133087,0.00900470744818449,0.5871626138687134,1.4643925428390503,0.0004807545046787709,50.47242736816406,8.034314191718295e-07,1.6205226529564243e-06,4.113090835744515e-05,0.20871315896511078,0.2848462760448456,0.007865410298109055,0.568513810634613,1.4894946813583374,,,,,
160,model.layers.1.mlp.gate_proj.weight,3584,1024,0.00027901785714285713,0.00024730584118515253,3.394489049911499,0.00013716526154894382,0.15711885690689087,0.00020617537666112185,0.17849284410476685,0.30733874440193176,0.007803720887750387,0.537900984287262,1.5146288871765137,0.0002959280682262033,83.54806518554688,1.8196709916651344e-08,1.3781155985270743e-06,8.91160307219252e-05,0.24110953509807587,0.2497110515832901,0.009387406520545483,0.4978875517845154,1.5039913654327393,,,,0.3693670630455017,0.35834842920303345
160,model.layers.1.mlp.up_proj.weight,3584,1024,0.00027901785714285713,0.00024038121046032757,2.9594886302948,0.00028099134215153754,0.26590046286582947,0.00014894639025442302,0.1612800657749176,0.33545786142349243,0.008966977708041668,0.5202329754829407,1.5116428136825562,0.0003001366276293993,27.225006103515625,-2.393072975337418e-07,2.2996207462711027e-06,7.070788706187159e-05,0.2214331179857254,0.26770883798599243,0.009262317791581154,0.5061013698577881,1.514940857887268,,,,,
160,model.layers.1.mlp.down_proj.weight,1024,3584,0.00027901785714285713,0.0003130302357021719,7.169294357299805,0.0002804368268698454,0.2657584249973297,0.0005418961518444121,0.17477554082870483,0.30760177969932556,0.010865834541618824,0.5815249085426331,1.4474235773086548,0.0003115212603006512,35.115394592285156,2.0316679183451924e-06,2.570446895333589e-06,6.59048673696816e-05,0.16079936921596527,0.33530426025390625,0.007428620010614395,0.6275502443313599,1.5045480728149414,0.074562668800354,0.07102573662996292,0.8636075258255005,,
160,model.layers.12.mlp.gate_proj.weight,3584,1024,0.00027901785714285713,0.00024159571330528706,3.3078930377960205,-2.538186890888028e-05,0.1921839863061905,0.0010092121083289385,0.18578821420669556,0.24676966667175293,0.007223077584058046,0.5714876055717468,1.5260123014450073,0.0003906846686732024,36.686851501464844,5.992842488922179e-07,1.6259393760265084e-06,0.00013716141984332353,0.2687176465988159,0.22530807554721832,0.014324815012514591,0.44096696376800537,1.4616646766662598,,,,,
160,model.layers.12.mlp.up_proj.weight,3584,1024,0.00027901785714285713,0.0002639744780026376,3.0034921169281006,-0.0002805919211823493,0.3118969202041626,0.0006064854096621275,0.22179268300533295,0.24914389848709106,0.010251827538013458,0.49781376123428345,1.5167925357818604,0.0002915120276156813,79.3611068725586,1.1673007520585088e-06,2.1504395135707455e-06,7.013612048467621e-05,0.2133179008960724,0.27407366037368774,0.008777368813753128,0.4928624629974365,1.5165925025939941,,,,,
160,model.layers.12.mlp.down_proj.weight,1024,3584,0.00027901785714285713,0.00027098742430098355,7.782985210418701,-0.0002901674306485802,0.31457650661468506,0.00013793082325719297,0.19554930925369263,0.2973262071609497,0.020531369373202324,0.5406854152679443,1.4015744924545288,0.00030288781272247434,23.936954498291016,1.538551600788196e-06,4.214752152620349e-06,1.6321097064064816e-05,0.06940586119890213,0.42301231622695923,0.0025718461256474257,0.8548160195350647,1.5508860349655151,0.06712685525417328,0.07066687941551208,0.866173505783081,,
160,model.layers.22.mlp.gate_proj.weight,3584,1024,0.00027901785714285713,0.00025290570920333266,3.445496082305908,-0.0003532450064085424,0.07656147330999374,0.0007346573984250426,0.18464571237564087,0.24830931425094604,0.0070700026117265224,0.554565966129303,1.5270617008209229,0.0003518997982610017,42.94607162475586,-4.6865912395333e-07,9.174448223348008e-07,0.00010555108747212216,0.2509337067604065,0.23264692723751068,0.009840903803706169,0.45203280448913574,1.5006431341171265,,,,0.3281320631504059,0.34418272972106934
160,model.layers.22.mlp.up_proj.weight,3584,1024,0.00027901785714285713,0.0002514038060326129,3.042947769165039,0.0003192631702404469,0.17958569526672363,0.0006006542826071382,0.17882905900478363,0.28787726163864136,0.01093912124633789,0.5727299451828003,1.5090090036392212,0.00029304466443136334,73.13558197021484,-1.1158010515543992e-08,1.4923527942301007e-06,7.72831408539787e-05,0.23904575407505035,0.2509619891643524,0.009008319117128849,0.49458402395248413,1.5166951417922974,,,,,
160,model.layers.22.mlp.down_proj.weight,1024,3584,0.00027901785714285713,0.000446581922005862,2.6966323852539062,0.00036463706055656075,0.17290917038917542,0.00018259549688082188,0.10306589305400848,0.4247127175331116,0.007914832793176174,0.5821051001548767,1.4709309339523315,0.00029102020198479295,107.71041107177734,5.034289642935619e-07,1.6695106523911818e-06,5.9561163652688265e-05,0.21733823418617249,0.2730596661567688,0.00843678880482912,0.5266603827476501,1.4757444858551025,0.07329355925321579,0.07589828222990036,0.818763256072998,,
160,model.layers.1.linear_attn.in_proj_qkv.weight,6144,1024,0.00016276041666666666,0.00010174651106353849,2.692049980163574,0.0004842453927267343,0.12875919044017792,0.0004012145509477705,0.17653152346611023,0.29152655601501465,0.005429598968476057,0.542971670627594,1.5411819219589233,0.00020260241581127048,47.93855285644531,2.0216580409737617e-08,8.570123668505403e-07,0.0001201692211907357,0.2586921453475952,0.2247859537601471,0.0159757137298584,0.43959641456604004,1.4931330680847168,0.06737112998962402,0.07097955793142319,0.8445546627044678,,
160,model.layers.1.linear_attn.out_proj.weight,1024,2048,0.00048828125,0.0006846311734989285,1.4426302909851074,-3.8450598367489874e-05,0.2995670735836029,0.000316015153657645,0.12135010212659836,0.38503941893577576,0.010528494603931904,0.5639337301254272,1.457521677017212,0.00051379349315539,62.23355484008789,9.748674756338005e-07,2.3521888579125516e-06,3.9498227124568075e-05,0.194482684135437,0.29787126183509827,0.007354768458753824,0.6081226468086243,1.4955618381500244,,,,,
160,model.layers.12.linear_attn.in_proj_qkv.weight,6144,1024,0.00016276041666666666,6.538476736750454e-05,2.7549455165863037,0.00025842789909802377,0.18506763875484467,0.0005146122421137989,0.1589861512184143,0.26708361506462097,0.003601648146286607,0.5952123999595642,1.551976203918457,0.00021567143267020583,40.00936508178711,-7.23361992527316e-08,7.5508171448746e-07,9.808102913666517e-05,0.25528770685195923,0.23643003404140472,0.010427063331007957,0.44961994886398315,1.5080375671386719,0.0728738009929657,0.07254860550165176,0.8429862856864929,,
160,model.layers.12.linear_attn.out_proj.weight,1024,2048,0.00048828125,0.0003246613487135619,2.695810556411743,0.0004690491477958858,0.265859991312027,6.485610356321558e-05,0.1602821946144104,0.34692373871803284,0.012249598279595375,0.5389987230300903,1.4279574155807495,0.0005630956729874015,30.528066635131836,-5.847369948241976e-07,3.453095132499584e-06,3.458414721535519e-05,0.11274060606956482,0.37293949723243713,0.0039645531214773655,0.7682902812957764,1.5421141386032104,,,,,
160,model.layers.21.linear_attn.in_proj_qkv.weight,6144,1024,0.00016276041666666666,8.743671787669882e-05,3.6305806636810303,-0.00024241050414275378,0.06284485757350922,0.0007166786817833781,0.17389792203903198,0.2678626477718353,0.005227109882980585,0.5940305590629578,1.5465576648712158,0.00022703208378516138,42.564796447753906,-1.7317690037543798e-07,5.657037149831012e-07,0.00011029324377886951,0.28099310398101807,0.21006044745445251,0.010898031294345856,0.423549622297287,1.4952385425567627,0.08681924641132355,0.08220607787370682,0.8544845581054688,,
160,model.layers.21.linear_attn.out_proj.weight,1024,2048,0.00048828125,0.0003412491932976991,3.4081878662109375,0.00016884112847037613,0.11316506564617157,9.528174268780276e-05,0.1499355286359787,0.3590083420276642,0.007003252860158682,0.5516738891601562,1.4683046340942383,0.0005204758490435779,60.700443267822266,2.0954588819677156e-07,2.1519815618376015e-06,8.099523984128609e-05,0.2336515337228775,0.2556239366531372,0.008465215563774109,0.5262892246246338,1.477389931678772,,,,,
180,model.layers.7.self_attn.q_proj.weight,4096,1024,0.000244140625,0.0001101378002204001,2.616661310195923,-0.0004241171118337661,0.24670876562595367,0.0015350603498518467,0.17210650444030762,0.27135390043258667,0.010020049288868904,0.5436639189720154,1.534327507019043,0.00034448245423845947,70.64908599853516,7.377189970014797e-09,1.12025884391187e-06,0.00014899550296831876,0.24968360364437103,0.23273034393787384,0.011535531841218472,0.4419806897640228,1.479657769203186,0.0711391419172287,0.06931620091199875,0.886336624622345,0.2538708448410034,0.2682909071445465
180,model.layers.7.self_attn.k_proj.weight,512,1024,0.0009765625,0.0012482849415391684,3.8909835815429688,6.664606644335436e-06,0.18037454783916473,0.0020941118709743023,0.14947709441184998,0.2807823419570923,0.02164054661989212,0.7146267890930176,1.3392332792282104,0.0009263991960324347,16.47150421142578,-3.3656839093509916e-08,1.2419330914781312e-06,0.00010750586079666391,0.21084074676036835,0.26514002680778503,0.011420977301895618,0.5842432379722595,1.385515809059143,,,,,
180,model.layers.7.self_attn.v_proj.weight,512,1024,0.0009765625,0.0010423518251627684,2.08144474029541,0.0004845262737944722,0.3346203565597534,0.0006222254014573991,0.13067781925201416,0.26050636172294617,0.0045144460164010525,0.7454363703727722,1.4772194623947144,0.0008446275605820119,43.829376220703125,1.3111169891999452e-06,1.1643796824500896e-06,0.00013664919242728502,0.23653173446655273,0.25334781408309937,0.008432811126112938,0.5086408853530884,1.4948301315307617,,,,,
180,model.layers.7.self_attn.o_proj.weight,1024,2048,0.00048828125,0.00021742134413216263,1.9832403659820557,0.0001560030650580302,0.5613328218460083,3.741082036867738e-05,0.13708844780921936,0.3722429573535919,0.016427291557192802,0.5446674823760986,1.4098292589187622,0.0005164003814570606,35.51643371582031,-3.6323674521554494e-06,3.950404334318591e-06,1.3831643627781887e-05,0.09223368763923645,0.40438562631607056,0.0031098301988095045,0.8095986843109131,1.552125096321106,,,,,
180,model.layers.15.self_attn.q_proj.weight,4096,1024,0.000244140625,0.00011356384493410587,3.0674686431884766,0.0006217210902832448,0.2698224186897278,0.0002205302007496357,0.20275460183620453,0.24947503209114075,0.003186790971085429,0.4655272364616394,1.5464881658554077,0.00032790753175504506,59.49925994873047,-1.6036325689583464e-07,1.2094075145796523e-06,6.292056787060574e-05,0.23300963640213013,0.26124507188796997,0.010181086137890816,0.4796741306781769,1.496207594871521,0.07368329167366028,0.0721723660826683,0.8897754549980164,,
180,model.layers.15.self_attn.k_proj.weight,512,1024,0.0009765625,0.0010404266649857163,3.802577257156372,8.281824648292968e-07,0.22833934426307678,1.227017492055893e-05,0.23964372277259827,0.24106763303279877,0.0036808843724429607,0.5671907067298889,1.471474528312683,0.0011721646878868341,30.95828628540039,4.446350430953316e-06,1.3516306580640958e-06,7.206942973425612e-05,0.19518156349658966,0.2964518666267395,0.006143622100353241,0.6038902401924133,1.461154580116272,,,,,
180,model.layers.15.self_attn.v_proj.weight,512,1024,0.0009765625,0.0008412513416260481,1.8275421857833862,-0.0005341748474165797,0.22909027338027954,9.477850835537538e-05,0.17177064716815948,0.27075257897377014,0.0028205313719809055,0.6828833222389221,1.438724398612976,0.0010821061441674829,17.40422821044922,7.047258918646548e-07,1.0021448133556987e-06,6.549890531459823e-05,0.25837621092796326,0.2315763384103775,0.007196394260972738,0.5288377404212952,1.4613592624664307,,,,0.2506820559501648,0.2521555721759796
180,model.layers.15.self_attn.o_proj.weight,1024,2048,0.00048828125,0.00041891043656505644,1.6888017654418945,-0.00018342601833865047,0.4149022102355957,3.932567415176891e-05,0.08923191577196121,0.43631747364997864,0.014177478849887848,0.5610504150390625,1.4314943552017212,0.0005371671868488193,19.760047912597656,4.1000768646881625e-07,2.9628979518747656e-06,2.8140531867393292e-05,0.11584736406803131,0.401276171207428,0.004572059027850628,0.7577077746391296,1.5450102090835571,,,,,
180,model.layers.19.self_attn.q_proj.weight,4096,1024,0.000244140625,0.0001803175255190581,3.1794447898864746,-0.0003893569519277662,0.1586431860923767,0.00031267182203009725,0.2183026522397995,0.22870869934558868,0.007486831862479448,0.4206310510635376,1.5290480852127075,0.000358769204467535,63.59783935546875,5.069274493507692e-07,1.088316025743552e-06,6.361027044476941e-05,0.27159902453422546,0.22545687854290009,0.008844238705933094,0.43575364351272583,1.5067040920257568,0.06685592979192734,0.06941824406385422,0.883613646030426,,
180,model.layers.19.self_attn.k_proj.weight,512,1024,0.0009765625,0.00113765150308609,3.1730074882507324,-2.9665879992535338e-06,0.16810916364192963,0.0005892220069654286,0.2544447183609009,0.21778973937034607,0.011755607090890408,0.5685461759567261,1.348699927330017,0.0010205364087596536,34.302486419677734,1.0742971880972618e-06,1.4492882201011525e-06,3.1515392038272694e-05,0.21563689410686493,0.2599087655544281,0.0062730275094509125,0.6114357113838196,1.4791477918624878,,,,,
180,model.layers.19.self_attn.v_proj.weight,512,1024,0.0009765625,0.0006887504132464528,1.552010178565979,-0.0005946877063252032,0.1311424970626831,0.0008679520105943084,0.1431407630443573,0.25554102659225464,0.0042176018469035625,0.6760720610618591,1.4487953186035156,0.001155342673882842,12.758941650390625,-6.227969606698025e-07,8.516230991517659e-07,7.701523281866685e-05,0.28695765137672424,0.18710577487945557,0.005162832327187061,0.5415324568748474,1.4749605655670166,,,,,
180,model.layers.19.self_attn.o_proj.weight,1024,2048,0.00048828125,0.0004662457504309714,1.3716775178909302,-0.0001789569651009515,0.2557055950164795,6.049912917660549e-05,0.05803344026207924,0.5173063278198242,0.0064826770685613155,0.6157166957855225,1.461624264717102,0.0004851499979849905,80.18856811523438,7.926158218651835e-07,1.719986130410689e-06,6.260904774535447e-05,0.21498987078666687,0.2729334831237793,0.008637371473014355,0.5536971092224121,1.4726155996322632,,,,,
180,model.layers.1.mlp.gate_proj.weight,3584,1024,0.00027901785714285713,0.00023198858252726495,3.203235149383545,0.00047827165690250695,0.22368115186691284,0.000502561335451901,0.1814146339893341,0.3042895197868347,0.009657329879701138,0.5329769849777222,1.5074524879455566,0.00028379648574627936,86.21027374267578,5.5016357691783924e-08,1.405126909048704e-06,0.00010535142064327374,0.2468228042125702,0.24337367713451385,0.010420975275337696,0.48217013478279114,1.5027379989624023,,,,0.2220788449048996,0.22968851029872894
180,model.layers.1.mlp.up_proj.weight,3584,1024,0.00027901785714285713,0.00036549626383930445,2.877147912979126,0.0002835974155459553,0.37235426902770996,0.0001534169277874753,0.1642608642578125,0.33207547664642334,0.008855127729475498,0.5159245133399963,1.5096073150634766,0.00029487034771591425,83.02132415771484,2.242544780983735e-07,2.1766131794720422e-06,8.162760059349239e-05,0.22170919179916382,0.27169156074523926,0.00938318856060505,0.5083056092262268,1.5173977613449097,,,,,
180,model.layers.1.mlp.down_proj.weight,1024,3584,0.00027901785714285713,0.0002839330118149519,5.305700778961182,0.00027900940040126443,0.37397655844688416,0.000459781993413344,0.18436354398727417,0.28951820731163025,0.012811072170734406,0.5594776272773743,1.430808663368225,0.0002939304104074836,66.53337097167969,5.095653818898427e-07,2.49188042289461e-06,5.825610060128383e-05,0.16903530061244965,0.32459118962287903,0.0072196368128061295,0.6111652851104736,1.5118865966796875,0.0673481747508049,0.06398724019527435,0.9102219343185425,,
180,model.layers.12.mlp.gate_proj.weight,3584,1024,0.00027901785714285713,0.00020761038467753679,2.768784761428833,0.00012540766329038888,0.2862454056739807,0.0009176029125228524,0.17922265827655792,0.24985924363136292,0.006451775785535574,0.5887584090232849,1.5262101888656616,0.00036760183866135776,70.69767761230469,-5.382855192692659e-07,1.5552983541056165e-06,0.00015616905875504017,0.2711082100868225,0.2133682519197464,0.01804511621594429,0.4107823371887207,1.4550045728683472,,,,,
180,model.layers.12.mlp.up_proj.weight,3584,1024,0.00027901785714285713,0.00025818016729317605,2.6885769367218018,7.268907938851044e-05,0.46125662326812744,0.00038042166852392256,0.22066359221935272,0.24655748903751373,0.008234081789851189,0.5032243132591248,1.510850429534912,0.0003079102316405624,117.84358978271484,6.371994913934032e-07,2.02546971195261e-06,9.217608749167994e-05,0.22470611333847046,0.26768550276756287,0.00943323876708746,0.49441415071487427,1.50487220287323,,,,,
180,model.layers.12.mlp.down_proj.weight,1024,3584,0.00027901785714285713,0.00026161796995438635,5.431257247924805,7.653049397049472e-05,0.44832539558410645,0.00014131983334664255,0.2064255028963089,0.28302744030952454,0.019095228984951973,0.5135988593101501,1.4092973470687866,0.0003173828299622983,31.251516342163086,-7.352907687163679e-07,3.804395419138018e-06,2.1575173377641477e-05,0.07884956151247025,0.4259859621524811,0.0031007970683276653,0.8292629718780518,1.5522407293319702,0.06831184029579163,0.06662023812532425,0.9085820317268372,,
180,model.layers.22.mlp.gate_proj.weight,3584,1024,0.00027901785714285713,0.00028013275004923344,3.0070784091949463,0.0016797548159956932,0.10793519020080566,0.0007208979805000126,0.17540912330150604,0.2655975818634033,0.0070107923820614815,0.5638923048973083,1.5208362340927124,0.0003641687799245119,54.13649368286133,-6.325666390694096e-08,9.303179240305326e-07,0.0001299535360885784,0.25659963488578796,0.23061905801296234,0.011622347868978977,0.45587629079818726,1.4753503799438477,,,,0.3268502950668335,0.3280418813228607
180,model.layers.22.mlp.up_proj.weight,3584,1024,0.00027901785714285713,0.0002147794293705374,2.998692512512207,0.0005160288419574499,0.23854462802410126,0.0008809785358607769,0.16732637584209442,0.3037879765033722,0.014294602908194065,0.5859652161598206,1.512839674949646,0.0002829671138897538,97.27985382080078,-1.3341890792162303e-07,1.4887582437950186e-06,9.281651000492275e-05,0.2345108985900879,0.2562350332736969,0.00883338414132595,0.4983998239040375,1.5132893323898315,,,,,
180,model.layers.22.mlp.down_proj.weight,1024,3584,0.00027901785714285713,0.00043680856470018625,2.463736057281494,0.0005947019089944661,0.23136842250823975,0.0004309563955757767,0.09634420275688171,0.4414042532444,0.014946038834750652,0.5980051159858704,1.4633041620254517,0.00029464400722645223,105.69266510009766,3.543900675140321e-07,1.768509946487029e-06,6.263035902520642e-05,0.21362349390983582,0.27649053931236267,0.008127139881253242,0.5330348014831543,1.4816226959228516,0.07524453848600388,0.07040698081254959,0.8471009731292725,,
180,model.layers.1.linear_attn.in_proj_qkv.weight,6144,1024,0.00016276041666666666,0.0001339003210887313,2.470186948776245,-0.00010724333696998656,0.19452068209648132,0.0007658270187675953,0.19090275466442108,0.25894981622695923,0.008633888326585293,0.5115870237350464,1.5334535837173462,0.00021944075706414878,50.78766632080078,-4.77122625852644e-08,8.887986950867344e-07,0.00016752442752476782,0.25737446546554565,0.21872806549072266,0.011836749501526356,0.4213760197162628,1.4979565143585205,0.059438593685626984,0.05720454081892967,0.8895452618598938,,
180,model.layers.1.linear_attn.out_proj.weight,1024,2048,0.00048828125,0.0015735692577436566,1.3796409368515015,-0.000452256528660655,0.44539371132850647,0.00017564753943588585,0.12618011236190796,0.3614788055419922,0.009123723022639751,0.5157517790794373,1.44792640209198,0.0005489960312843323,29.05554962158203,1.662973204474838e-06,2.3744571535644354e-06,4.679638004745357e-05,0.18576960265636444,0.30845892429351807,0.006688049528747797,0.628226637840271,1.5110994577407837,,,,,
180,model.layers.12.linear_attn.in_proj_qkv.weight,6144,1024,0.00016276041666666666,7.11599932401441e-05,2.1663122177124023,0.00026562955463305116,0.27638742327690125,0.00030908247572369874,0.16271699965000153,0.24183031916618347,0.0026567026507109404,0.5782660245895386,1.5519357919692993,0.00026605496532283723,24.168426513671875,2.0451798832255008e-07,7.107955184437742e-07,9.516562568023801e-05,0.28474971652030945,0.2099657505750656,0.012829420156776905,0.43000179529190063,1.4867218732833862,0.0563310943543911,0.06966347992420197,0.8712007403373718,,
180,model.layers.12.linear_attn.out_proj.weight,1024,2048,0.00048828125,0.000275894912192598,2.3373923301696777,9.958172449842095e-05,0.38770008087158203,3.488078436930664e-05,0.16007858514785767,0.34003978967666626,0.015427151694893837,0.5246357321739197,1.4196875095367432,0.0005258906749077141,27.1452579498291,-7.959285142078443e-08,3.347916162965703e-06,2.1600164473056793e-05,0.10815408825874329,0.3894895315170288,0.003685812931507826,0.7755362391471863,1.5498590469360352,,,,,
180,model.layers.21.linear_attn.in_proj_qkv.weight,6144,1024,0.00016276041666666666,8.091515337582678e-05,3.3111679553985596,-0.0003477916761767119,0.08560099452733994,0.000632330309599638,0.17508524656295776,0.2577764689922333,0.005755495745688677,0.5971412062644958,1.5470703840255737,0.0002109480556100607,38.08979034423828,-1.956292194904563e-08,5.204972808314778e-07,7.954584725666791e-05,0.257149338722229,0.23164957761764526,0.009251301176846027,0.46149712800979614,1.5107892751693726,0.08497174829244614,0.07559675723314285,0.8738569021224976,,
180,model.layers.21.linear_attn.out_proj.weight,1024,2048,0.00048828125,0.00042702219798229635,3.003284454345703,4.204197466606274e-05,0.14155888557434082,0.00018875909154303372,0.14430366456508636,0.36290591955184937,0.008037281222641468,0.5533038377761841,1.473629355430603,0.000532390084117651,57.577117919921875,-2.3200032046588603e-06,2.086300582959666e-06,7.428695971611887e-05,0.2264997810125351,0.26549142599105835,0.008469998836517334,0.5302013158798218,1.4701334238052368,,,,,
200,model.layers.7.self_attn.q_proj.weight,4096,1024,0.000244140625,9.798118117032573e-05,2.801467180252075,-0.0002918198879342526,0.1860513985157013,0.000489050813484937,0.17653946578502655,0.2698354125022888,0.006817531306296587,0.5368428826332092,1.537319540977478,0.0003105606301687658,58.64972686767578,8.88463347337165e-08,1.0720854106693878e-06,0.00010985072003677487,0.2551109492778778,0.238985076546669,0.010786616243422031,0.45907965302467346,1.4891366958618164,0.0651237890124321,0.07017633318901062,0.8697585463523865,0.289470911026001,0.2905313968658447
200,model.layers.7.self_attn.k_proj.weight,512,1024,0.0009765625,0.0009038318530656397,3.7152137756347656,-3.295104534117854e-06,0.12934982776641846,0.0008696618606336415,0.1564338654279709,0.23984816670417786,0.026937833055853844,0.6988261938095093,1.3086416721343994,0.001032756408676505,33.60337829589844,-2.2478739083453547e-06,1.1923427791771246e-06,7.83728901296854e-05,0.19463393092155457,0.28130215406417847,0.008884175680577755,0.6026871204376221,1.419359803199768,,,,,
200,model.layers.7.self_attn.v_proj.weight,512,1024,0.0009765625,0.000839851563796401,1.7947999238967896,1.8971864847117104e-05,0.26905694603919983,0.0005217455327510834,0.1342869997024536,0.26376840472221375,0.00447761919349432,0.7444409728050232,1.470974326133728,0.0009767276933416724,22.26666259765625,-6.3153123619486e-07,1.1905648307219963e-06,6.840689457021654e-05,0.23700453341007233,0.25765442848205566,0.006315815262496471,0.5112603902816772,1.5037645101547241,,,,,
200,model.layers.7.self_attn.o_proj.weight,1024,2048,0.00048828125,0.00021352899784687907,2.193291425704956,7.636776899744291e-06,0.42063409090042114,3.3205393265234306e-05,0.139674574136734,0.3662756681442261,0.013017904944717884,0.5349283218383789,1.4284719228744507,0.0005627349601127207,39.36711883544922,-9.576634738550638e-07,2.874634674299159e-06,4.680419806391001e-05,0.14043456315994263,0.35450074076652527,0.005491169169545174,0.7071322798728943,1.5310519933700562,,,,,
200,model.layers.15.self_attn.q_proj.weight,4096,1024,0.000244140625,0.00012573554704431444,2.98772931098938,0.000315067678457126,0.19392508268356323,0.0002323260996490717,0.20302866399288177,0.250327467918396,0.003314194967970252,0.46692654490470886,1.5485641956329346,0.00035199246485717595,52.51915740966797,3.2411037409474375e-07,1.134113972511841e-06,7.779807492624968e-05,0.2442578226327896,0.24775680899620056,0.009122133255004883,0.45770326256752014,1.4972070455551147,0.07705284655094147,0.07648095488548279,0.8725572228431702,,
200,model.layers.15.self_attn.k_proj.weight,512,1024,0.0009765625,0.000880997336935252,3.8986926078796387,1.3711110113945324e-05,0.15803448855876923,0.00010439687321195379,0.24088336527347565,0.23622004687786102,0.0032767560333013535,0.568632960319519,1.4685401916503906,0.0012171762064099312,26.920400619506836,9.041265229825513e-07,1.2490536391851492e-06,5.987698386888951e-05,0.2117094248533249,0.284776896238327,0.00742390938103199,0.5736238956451416,1.4325662851333618,,,,,
200,model.layers.15.self_attn.v_proj.weight,512,1024,0.0009765625,0.0008749020635150373,1.9381364583969116,0.0010392090771347284,0.15978679060935974,0.0002221711038146168,0.1760309487581253,0.27385765314102173,0.00372512498870492,0.6702275276184082,1.4620414972305298,0.0009690049337223172,24.999557495117188,-1.168155790765013e-06,8.429295235146128e-07,7.273893425008282e-05,0.2713387608528137,0.22348050773143768,0.006716875359416008,0.498999685049057,1.4816807508468628,,,,0.2621743679046631,0.2781732380390167
200,model.layers.15.self_attn.o_proj.weight,1024,2048,0.00048828125,0.0004200641706120223,1.802706003189087,0.0003253467148169875,0.30595463514328003,2.593146746221464e-05,0.08800800889730453,0.4470319151878357,0.012330777943134308,0.5678170323371887,1.4457571506500244,0.0005024299025535583,52.10374450683594,-3.3798563947584626e-08,1.9838166736008134e-06,3.6800709494855255e-05,0.1828782558441162,0.30007994174957275,0.007125223055481911,0.6189965605735779,1.5047438144683838,,,,,
200,model.layers.19.self_attn.q_proj.weight,4096,1024,0.000244140625,0.00021238614863250405,3.3976144790649414,-0.00035500951344147325,0.11220919340848923,0.0008736735908314586,0.21294449269771576,0.24135854840278625,0.010367374867200851,0.44473031163215637,1.52688467502594,0.0003513858828227967,66.62889099121094,-1.9907135140329046e-07,1.0030113344328129e-06,9.873503586277366e-05,0.25162273645401,0.24103005230426788,0.009543410502374172,0.45803895592689514,1.5002446174621582,0.06758686155080795,0.07037618011236191,0.8679749965667725,,
200,model.layers.19.self_attn.k_proj.weight,512,1024,0.0009765625,0.0010519735515117645,3.42397141456604,4.164296569797443e-06,0.1083117201924324,0.0004450671549420804,0.22824083268642426,0.2253761887550354,0.010051703080534935,0.6019449234008789,1.387872338294983,0.0010449336841702461,20.71515464782715,-2.6668487862480106e-06,1.2843494232583907e-06,4.295244798413478e-05,0.19446724653244019,0.28392836451530457,0.007859521545469761,0.6157304048538208,1.4656703472137451,,,,,
200,model.layers.19.self_attn.v_proj.weight,512,1024,0.0009765625,0.0006467811763286591,1.5615733861923218,0.00023640162544324994,0.09518636763095856,0.0006365830777212977,0.11871595680713654,0.27598366141319275,0.00355376279912889,0.7175499200820923,1.4547812938690186,0.0010932241566479206,32.74521255493164,7.908575980763999e-07,7.71169482050027e-07,0.00011727589298970997,0.2678782641887665,0.21935534477233887,0.011397840455174446,0.5452557802200317,1.3545643091201782,,,,,
200,model.layers.19.self_attn.o_proj.weight,1024,2048,0.00048828125,0.0004896614700555801,1.3813413381576538,6.868450145702809e-05,0.18696269392967224,6.633351586060598e-05,0.05471904203295708,0.5112388134002686,0.009670807048678398,0.604708731174469,1.4662660360336304,0.0005540265119634569,68.442138671875,1.81817040356691e-06,1.5503278518735897e-06,5.140746361576021e-05,0.21398557722568512,0.2779482305049896,0.007873772643506527,0.5545077919960022,1.4772380590438843,,,,,
200,model.layers.1.mlp.gate_proj.weight,3584,1024,0.00027901785714285713,0.00025908317184075713,3.2366104125976562,-9.487524039286654e-06,0.16220837831497192,0.0004947221023030579,0.1770622432231903,0.3031572103500366,0.01046663336455822,0.5273777842521667,1.5212677717208862,0.0002891152398660779,72.94873046875,5.206026685300458e-07,1.2183359103801195e-06,0.00013435589789878577,0.24014835059642792,0.24740895628929138,0.0107340719550848,0.48571616411209106,1.49569833278656,,,,0.2791408896446228,0.28081315755844116
200,model.layers.1.mlp.up_proj.weight,3584,1024,0.00027901785714285713,0.00023906469868961722,2.8033454418182373,-0.000530695600900799,0.27543824911117554,0.00019634825002867728,0.1587112843990326,0.3313125967979431,0.010562327690422535,0.5099287033081055,1.5095142126083374,0.0002691724512260407,104.04230499267578,8.187506068679795e-07,2.002461087613483e-06,0.00010497728362679482,0.22939914464950562,0.2607232630252838,0.009130141697824001,0.5024749040603638,1.5158905982971191,,,,,
200,model.layers.1.mlp.down_proj.weight,1024,3584,0.00027901785714285713,0.00026629737112671137,5.441614151000977,-0.0005438197986222804,0.27182191610336304,0.0016784713370725513,0.1832956075668335,0.2880250811576843,0.015195781365036964,0.5567378401756287,1.4462496042251587,0.00029609978082589805,80.6290283203125,1.6074858422143734e-06,2.0676106942119077e-06,7.933601591503248e-05,0.1827244758605957,0.3110851049423218,0.007738965563476086,0.5633891820907593,1.4883087873458862,0.07575753331184387,0.07455302029848099,0.8767396211624146,,
200,model.layers.12.mlp.gate_proj.weight,3584,1024,0.00027901785714285713,0.00018165906658396125,2.8757266998291016,0.0005846495623700321,0.21631112694740295,0.00024096103152260184,0.19303850829601288,0.233779177069664,0.004336706828325987,0.5540523529052734,1.534192442893982,0.00039424459100700915,34.38621139526367,1.0111164101545e-06,1.6021181181713473e-06,0.00010652342461980879,0.25362303853034973,0.2373759001493454,0.013831913471221924,0.46750345826148987,1.4667460918426514,,,,,
200,model.layers.12.mlp.up_proj.weight,3584,1024,0.00027901785714285713,0.00026869220891967416,2.8084182739257812,0.000216778353205882,0.34573376178741455,0.0003274584887549281,0.22113947570323944,0.25143009424209595,0.006764876656234264,0.5090177655220032,1.5151182413101196,0.00030859329854138196,136.21861267089844,7.326048603317759e-07,2.091200713039143e-06,8.79644212545827e-05,0.22226551175117493,0.2675105035305023,0.009063201025128365,0.49594274163246155,1.5123376846313477,,,,,
200,model.layers.12.mlp.down_proj.weight,1024,3584,0.00027901785714285713,0.00024098801077343524,6.559396266937256,0.00022990013530943543,0.33327043056488037,0.0002663051418494433,0.2098623812198639,0.27578088641166687,0.026754161342978477,0.500523030757904,1.384648084640503,0.00032428899430669844,73.71414184570312,1.7036788904079003e-06,2.6568989142106147e-06,5.8841869758907706e-05,0.15585868060588837,0.3366117477416992,0.0063546099700033665,0.6635646224021912,1.5367149114608765,0.06972989439964294,0.07383441179990768,0.8845496773719788,,
200,model.layers.22.mlp.gate_proj.weight,3584,1024,0.00027901785714285713,0.0002866880677174777,3.090280294418335,-0.0026699346490204334,0.08014500886201859,0.0010835315333679318,0.17769427597522736,0.25953012704849243,0.008136109448969364,0.5655717253684998,1.5188173055648804,0.00035780822508968413,53.68030548095703,-5.341019004845293e-07,9.936620699591003e-07,6.664190732408315e-05,0.2615129053592682,0.22654259204864502,0.009699364192783833,0.45122814178466797,1.4933829307556152,,,,0.2607349455356598,0.2786365747451782
200,model.layers.22.mlp.up_proj.weight,3584,1024,0.00027901785714285713,0.00024869467597454786,2.9099578857421875,-0.0014624830801039934,0.1849469691514969,0.0013021265622228384,0.17360879480838776,0.2948799133300781,0.015747297555208206,0.5787635445594788,1.509437084197998,0.00031067506643012166,95.91291046142578,5.054704956819478e-07,1.6385362187065766e-06,8.560891728848219e-05,0.23717725276947021,0.25291377305984497,0.009322566911578178,0.4940653145313263,1.5236104726791382,,,,,
200,model.layers.22.mlp.down_proj.weight,1024,3584,0.00027901785714285713,0.0003725932037923485,2.522512912750244,-0.0016310112550854683,0.1812007576227188,0.0001346245117019862,0.09484713524580002,0.45951855182647705,0.008201252669095993,0.6184874773025513,1.4648001194000244,0.0002911831543315202,92.48371124267578,3.399168804207875e-07,1.8802375052473508e-06,6.618928455282003e-05,0.21420520544052124,0.277200311422348,0.008582424372434616,0.5265290141105652,1.4784021377563477,0.0692100077867508,0.0734059140086174,0.8314695954322815,,
200,model.layers.1.linear_attn.in_proj_qkv.weight,6144,1024,0.00016276041666666666,0.00010629672760842368,2.4905502796173096,-0.0005418923101387918,0.13378219306468964,0.0005404192488640547,0.1866823434829712,0.25637149810791016,0.006351376883685589,0.4998215436935425,1.5370241403579712,0.00020555609080474824,47.40024948120117,3.7327345125959255e-07,8.459892342216335e-07,0.00015370457549579442,0.24883891642093658,0.23575732111930847,0.015545944683253765,0.46672555804252625,1.5010818243026733,0.0733179971575737,0.07248549163341522,0.8675548434257507,,
200,model.layers.1.linear_attn.out_proj.weight,1024,2048,0.00048828125,0.0010172028560191393,1.3262176513671875,-0.00030152269755490124,0.3336932957172394,0.00022983929375186563,0.11024860292673111,0.3907110095024109,0.00802992470562458,0.5407965779304504,1.4461355209350586,0.000524120987392962,36.068504333496094,8.266882218777027e-07,2.3154852897278033e-06,3.835896131931804e-05,0.2004302740097046,0.29125773906707764,0.0077744945883750916,0.593926191329956,1.4641410112380981,,,,,
200,model.layers.12.linear_attn.in_proj_qkv.weight,6144,1024,0.00016276041666666666,6.348990427795798e-05,2.2218210697174072,-0.000131727458210662,0.2109500616788864,0.0003477580612525344,0.14583685994148254,0.2687269449234009,0.002982058562338352,0.6259756684303284,1.5500078201293945,0.0002574533864390105,39.54037857055664,4.6123076913318073e-07,7.726716830802616e-07,0.00012737019278574735,0.2744287848472595,0.21737001836299896,0.013980520889163017,0.43235352635383606,1.497261881828308,0.07207044214010239,0.07169366627931595,0.850982666015625,,
200,model.layers.12.linear_attn.out_proj.weight,1024,2048,0.00048828125,0.00031131217838265,2.495661973953247,2.7150819732923992e-05,0.28262636065483093,4.62273383163847e-05,0.1664351373910904,0.3251747786998749,0.017556272447109222,0.5049251317977905,1.4152752161026,0.0005465668509714305,54.75532150268555,-5.82440918606153e-07,2.656464630490518e-06,2.8831931558670476e-05,0.17871218919754028,0.3143865764141083,0.007153054233640432,0.6224207878112793,1.5048773288726807,,,,,
200,model.layers.21.linear_attn.in_proj_qkv.weight,6144,1024,0.00016276041666666666,9.205318929161876e-05,3.102600336074829,-0.00011198757420061156,0.06127198785543442,0.0007688396144658327,0.1758640557527542,0.24898454546928406,0.005651921033859253,0.5878213047981262,1.5449130535125732,0.0002264239446958527,21.396224975585938,1.178791606548657e-07,5.514151553143165e-07,6.696654600091279e-05,0.2677251398563385,0.22369901835918427,0.009845737367868423,0.4428855776786804,1.5054634809494019,0.07578826695680618,0.07455001771450043,0.8587475419044495,,
200,model.layers.21.linear_attn.out_proj.weight,1024,2048,0.00048828125,0.0004204152210149914,2.953277587890625,0.000569391530007124,0.11041770130395889,0.0002729262923821807,0.14220987260341644,0.3666447103023529,0.011935462243855,0.55994713306427,1.4682236909866333,0.000524414936080575,60.277137756347656,-2.6713593115346157e-08,2.069532456516754e-06,0.00010507807019166648,0.23952876031398773,0.2508614659309387,0.00908512994647026,0.5104051232337952,1.4615265130996704,,,,,
220,model.layers.7.self_attn.q_proj.weight,4096,1024,0.000244140625,0.0001183010172098875,2.461693525314331,0.0009945620549842715,0.1991785168647766,0.0008709236863069236,0.17032839357852936,0.2678247392177582,0.008569291792809963,0.5404287576675415,1.5349582433700562,0.00038483605021610856,48.50120162963867,2.451291436500469e-07,1.0967892194457818e-06,0.00010054148879135028,0.26769185066223145,0.22334255278110504,0.010446464642882347,0.4477103352546692,1.4952224493026733,0.07427939027547836,0.07697506994009018,0.8554461002349854,0.28096380829811096,0.28048986196517944
220,model.layers.7.self_attn.k_proj.weight,512,1024,0.0009765625,0.0010056335013359785,3.208982229232788,-6.529505753860576e-06,0.14631915092468262,0.001268246560357511,0.14367595314979553,0.2600092887878418,0.02665693126618862,0.721615731716156,1.3115220069885254,0.0010252628708258271,36.01496887207031,2.0797294837393565e-06,1.098178017855389e-06,7.27228180039674e-05,0.22178815305233002,0.25689345598220825,0.008927581831812859,0.5547001957893372,1.3960024118423462,,,,,
220,model.layers.7.self_attn.v_proj.weight,512,1024,0.0009765625,0.0009042812744155526,1.9958521127700806,-0.0002800843503791839,0.2698875367641449,0.00028587866108864546,0.14487165212631226,0.24797919392585754,0.002664014231413603,0.7200090289115906,1.4786194562911987,0.0009215148165822029,41.03889846801758,-7.465257567673689e-07,1.0782697472677683e-06,0.00010966948320856318,0.24158160388469696,0.2509033977985382,0.00854983739554882,0.505353569984436,1.4887813329696655,,,,,
220,model.layers.7.self_attn.o_proj.weight,1024,2048,0.00048828125,0.00024155354185495526,2.0275959968566895,-9.307346044806764e-05,0.4583856165409088,3.3212862035725266e-05,0.139709934592247,0.36976176500320435,0.014356759376823902,0.5443875193595886,1.4246180057525635,0.0005668397643603384,66.03960418701172,2.8016092983307317e-06,2.8192282570671523e-06,2.9231821827124804e-05,0.15745970606803894,0.336839884519577,0.0055883945897221565,0.6735898852348328,1.5382407903671265,,,,,
220,model.layers.15.self_attn.q_proj.weight,4096,1024,0.000244140625,0.00011793496378231794,3.7307751178741455,-0.0002180392184527591,0.21460646390914917,0.000144082005135715,0.21202987432479858,0.23799969255924225,0.0029189428314566612,0.44982287287712097,1.548636794090271,0.0003180026833433658,34.3430061340332,-3.0148510177241405e-07,1.0493804438738152e-06,6.440807192120701e-05,0.2248922735452652,0.2582567036151886,0.010976370424032211,0.468713641166687,1.4890081882476807,0.0761745274066925,0.072198785841465,0.8658481240272522,,
220,model.layers.15.self_attn.k_proj.weight,512,1024,0.0009765625,0.0010327893542125821,3.207686185836792,-1.2184725164843258e-05,0.1856967657804489,0.00012656360922846943,0.23698844015598297,0.2456863671541214,0.0035267428029328585,0.5762051343917847,1.4634180068969727,0.0010155135532841086,16.767663955688477,5.6748413044260815e-06,1.281939034925017e-06,7.568391447421163e-05,0.15150468051433563,0.33824479579925537,0.004658941179513931,0.6861582398414612,1.4922624826431274,,,,,
220,model.layers.15.self_attn.v_proj.weight,512,1024,0.0009765625,0.0007630525506101549,1.8800454139709473,-0.00010965144610963762,0.17132730782032013,8.757093019085005e-05,0.1643352508544922,0.2778025269508362,0.0048200637102127075,0.6849972009658813,1.4525941610336304,0.0009964671917259693,29.6818790435791,1.215297743328847e-06,9.775743592399522e-07,0.0001382408372592181,0.2382895052433014,0.2464648187160492,0.021380530670285225,0.5248606204986572,1.2728214263916016,,,,0.26740550994873047,0.27220097184181213
220,model.layers.15.self_attn.o_proj.weight,1024,2048,0.00048828125,0.00038771238178014755,1.8038976192474365,-2.8693393687717617e-05,0.33140650391578674,1.990354030567687e-05,0.08251363784074783,0.47776734828948975,0.0065921880304813385,0.6003614664077759,1.4478319883346558,0.00047005736269056797,12.905611991882324,-7.477636358999007e-07,2.1284090507833753e-06,3.714023841894232e-05,0.16694864630699158,0.34912461042404175,0.006486798636615276,0.6533821225166321,1.5264371633529663,,,,,
220,model.layers.19.self_attn.q_proj.weight,4096,1024,0.000244140625,0.00015635300951544195,3.380188226699829,0.00043407315388321877,0.12739337980747223,0.00034315325319767,0.22582054138183594,0.22637619078159332,0.007710969541221857,0.4155862331390381,1.5319185256958008,0.00033256522146984935,59.433040618896484,2.7121910761707113e-07,1.0631514442138723e-06,9.112415136769414e-05,0.24973200261592865,0.2372119426727295,0.010360797867178917,0.4412815570831299,1.4899845123291016,0.07605176419019699,0.07723592966794968,0.8307560086250305,,
220,model.layers.19.self_attn.k_proj.weight,512,1024,0.0009765625,0.0011548129841685295,3.3068230152130127,-7.488994242521585e-07,0.13084323704242706,0.00026458213687874377,0.25549906492233276,0.20829328894615173,0.01112321950495243,0.576557993888855,1.3695995807647705,0.001005357364192605,23.63503074645996,3.536974190865294e-06,1.372577230540628e-06,4.051964788231999e-05,0.23132634162902832,0.25698521733283997,0.007198029663413763,0.5729278922080994,1.4789881706237793,,,,,
220,model.layers.19.self_attn.v_proj.weight,512,1024,0.0009765625,0.0007737571140751243,1.535607099533081,0.0011251299874857068,0.10970743000507355,0.0010298799024894834,0.13177110254764557,0.26615527272224426,0.004493707325309515,0.6824944615364075,1.443192720413208,0.0011117425747215748,10.11669921875,-2.709915634113713e-07,8.478411928081186e-07,8.114225784083828e-05,0.2718212604522705,0.2019493579864502,0.006705882493406534,0.5555521249771118,1.421100378036499,,,,,
220,model.layers.19.self_attn.o_proj.weight,1024,2048,0.00048828125,0.0004619478713721037,1.428888201713562,0.00036428222665563226,0.20365169644355774,5.033518391428515e-05,0.06328228116035461,0.4870835840702057,0.006827496457844973,0.5897032022476196,1.4643882513046265,0.0005139276618137956,67.79322814941406,9.587153044776642e-07,1.551933905830083e-06,5.261672049527988e-05,0.22346605360507965,0.27225765585899353,0.008429711684584618,0.5420357584953308,1.4732791185379028,,,,,
220,model.layers.1.mlp.gate_proj.weight,3584,1024,0.00027901785714285713,0.0003246206324547529,2.997594118118286,0.0009648571722209454,0.19905728101730347,0.00020022038370370865,0.1763186752796173,0.30418553948402405,0.007091283332556486,0.5276785492897034,1.515288233757019,0.0002889356983359903,85.74156188964844,-1.1417633061228116e-07,1.3866047083865851e-06,9.683607640909031e-05,0.23742471635341644,0.24904537200927734,0.010922582820057869,0.49046391248703003,1.4945863485336304,,,,0.2919103801250458,0.28162238001823425
220,model.layers.1.mlp.up_proj.weight,3584,1024,0.00027901785714285713,0.00029330383404158056,2.747068166732788,0.0014193592360243201,0.3304535448551178,0.00017874111654236913,0.1620827615261078,0.3266887664794922,0.008547643199563026,0.505437970161438,1.5128268003463745,0.0002883187844417989,18.675151824951172,1.2312038961681537e-06,2.2964022718952037e-06,7.931518484838307e-05,0.21585936844348907,0.2738673985004425,0.009666875936090946,0.5035266876220703,1.5127619504928589,,,,,
220,model.layers.1.mlp.down_proj.weight,1024,3584,0.00027901785714285713,0.0002625379420351237,4.845613479614258,0.0014067522715777159,0.33269768953323364,0.0006660829531028867,0.1851949691772461,0.2871405780315399,0.011849623173475266,0.5531585216522217,1.445480465888977,0.0002860352979041636,110.07318878173828,2.5628079924899794e-07,2.395428964518942e-06,6.47157066850923e-05,0.2012067437171936,0.2892035245895386,0.008111161179840565,0.5367048978805542,1.480285882949829,0.06677914410829544,0.07006178796291351,0.8751222491264343,,
220,model.layers.12.mlp.gate_proj.weight,3584,1024,0.00027901785714285713,0.0002016335492953658,3.163421630859375,0.0020838251803070307,0.22177697718143463,0.0014440447557717562,0.18569010496139526,0.2449582815170288,0.008159131743013859,0.5769093632698059,1.5285452604293823,0.00036602854379452765,66.44905090332031,2.77208272336793e-07,1.4726165318279527e-06,0.00017780911002773792,0.27282777428627014,0.21362732350826263,0.01663222350180149,0.4196275472640991,1.4260058403015137,,,,,
220,model.layers.12.mlp.up_proj.weight,3584,1024,0.00027901785714285713,0.0002674343704711646,2.9752330780029297,0.0011596442200243473,0.36009272933006287,0.00043457886204123497,0.21867260336875916,0.2512242794036865,0.008272908627986908,0.5094751119613647,1.5199964046478271,0.00031319953268393874,39.39701461791992,2.726495154092845e-07,2.0144263999100076e-06,8.286754018627107e-05,0.21655087172985077,0.2702319622039795,0.008466396480798721,0.4868963360786438,1.5103391408920288,,,,,
220,model.layers.12.mlp.down_proj.weight,1024,3584,0.00027901785714285713,0.00026575310039334,5.849353313446045,0.0011935433140024543,0.3634887933731079,0.00010492080764379352,0.19578026235103607,0.29961448907852173,0.016345351934432983,0.5362515449523926,1.4189485311508179,0.00029970527975820005,98.63463592529297,6.460163604060654e-07,2.4291614408866735e-06,6.221738294698298e-05,0.16909299790859222,0.3209686577320099,0.0075185783207416534,0.634962797164917,1.5343272686004639,0.07489379495382309,0.07056200504302979,0.8801218271255493,,
220,model.layers.22.mlp.gate_proj.weight,3584,1024,0.00027901785714285713,0.0003555561706889421,3.0704751014709473,0.001978830900043249,0.09563813358545303,0.002496707485988736,0.17960621416568756,0.24997834861278534,0.012323103845119476,0.5578309297561646,1.514375925064087,0.0003456245467532426,54.302207946777344,1.8701415172017732e-07,9.88891088127275e-07,8.612727833678946e-05,0.25421425700187683,0.23538503050804138,0.008564647287130356,0.4618043303489685,1.5095232725143433,,,,0.24810737371444702,0.24903897941112518
220,model.layers.22.mlp.up_proj.weight,3584,1024,0.00027901785714285713,0.00027206772938370705,2.95218563079834,0.0016043587820604444,0.21003367006778717,0.0012451153015717864,0.16474159061908722,0.3058466911315918,0.015556068159639835,0.5978352427482605,1.5066670179367065,0.0002935911761596799,49.5493049621582,3.6639173117691826e-07,1.541926053505449e-06,0.00010439013567520306,0.23068176209926605,0.26083120703697205,0.008665225468575954,0.49960243701934814,1.51577889919281,,,,,
220,model.layers.22.mlp.down_proj.weight,1024,3584,0.00027901785714285713,0.00045548679190687835,2.5516695976257324,0.001845184015110135,0.1988810896873474,0.00024332237080670893,0.09607302397489548,0.4459797739982605,0.008565904572606087,0.6015596389770508,1.4631948471069336,0.00028874402050860226,93.95384979248047,1.7546990704886412e-07,1.7722637721817591e-06,0.00012805950245819986,0.21679790318012238,0.2716122567653656,0.013501279056072235,0.5215069055557251,1.3887386322021484,0.07898089289665222,0.07872822135686874,0.7921466827392578,,
220,model.layers.1.linear_attn.in_proj_qkv.weight,6144,1024,0.00016276041666666666,0.00017698311421554536,2.375574827194214,0.00024205981753766537,0.1633124202489853,0.000828918709885329,0.18572640419006348,0.26121440529823303,0.0074202450923621655,0.5171807408332825,1.537663459777832,0.0001906744291773066,53.21116256713867,3.2509686320736364e-07,1.0163184924749658e-06,9.041203156812117e-05,0.2500692307949066,0.23801372945308685,0.010369567200541496,0.47250688076019287,1.53372323513031,0.08017197251319885,0.07298605144023895,0.870498776435852,,
220,model.layers.1.linear_attn.out_proj.weight,1024,2048,0.00048828125,0.00047716041444800794,1.3510788679122925,-0.0003381562128197402,0.39402642846107483,0.00036602793261408806,0.11506500095129013,0.3927654027938843,0.012499736621975899,0.5487260818481445,1.4622963666915894,0.0005150930373929441,73.08001708984375,-4.172435694727028e-07,2.4617718281660927e-06,4.4979122321819887e-05,0.22978517413139343,0.2634972929954529,0.00847399327903986,0.538234293460846,1.468066692352295,,,,,
220,model.layers.12.linear_attn.in_proj_qkv.weight,6144,1024,0.00016276041666666666,6.194354500621557e-05,2.566498279571533,-0.0001551220630062744,0.20180968940258026,0.00048123818123713136,0.1529393345117569,0.26242199540138245,0.0034233692567795515,0.6132098436355591,1.5506240129470825,0.0002288061223225668,33.59785842895508,2.9855542038603744e-07,7.927131377982732e-07,0.00015336940123233944,0.2569175064563751,0.21154727041721344,0.01943860575556755,0.4015660285949707,1.4739922285079956,0.07685130089521408,0.0714368224143982,0.8415096402168274,,
220,model.layers.12.linear_attn.out_proj.weight,1024,2048,0.00048828125,0.0003297851071693003,2.5740535259246826,-8.19571505417116e-05,0.3089471459388733,4.1815270378720015e-05,0.15380749106407166,0.3517354130744934,0.013079565949738026,0.5426575541496277,1.4373681545257568,0.0004807091609109193,78.05571746826172,3.0767755561100785e-06,2.565985823821393e-06,4.2666521039791405e-05,0.1841127723455429,0.3071762025356293,0.006509809754788876,0.6178318858146667,1.5200953483581543,,,,,
220,model.layers.21.linear_attn.in_proj_qkv.weight,6144,1024,0.00016276041666666666,9.576806041877717e-05,3.0467705726623535,-0.00015740824164822698,0.06178201735019684,0.0005232534604147077,0.18019603192806244,0.246793732047081,0.004823035094887018,0.5750909447669983,1.5411628484725952,0.00020773085998371243,57.98178482055664,-1.753810749960394e-07,5.142316013007076e-07,0.00013344334729481488,0.26880359649658203,0.22270433604717255,0.009409994818270206,0.4465424120426178,1.5057165622711182,0.07216867059469223,0.07254767417907715,0.8434769511222839,,
220,model.layers.21.linear_attn.out_proj.weight,1024,2048,0.00048828125,0.00036753088352270424,3.141529083251953,-0.0005564123275689781,0.12709109485149384,0.000149712577695027,0.13927195966243744,0.37398651242256165,0.007682482711970806,0.5647386312484741,1.475594162940979,0.0005618588184006512,58.47727966308594,1.1061632676501176e-06,2.1319419829524122e-06,7.361159805441275e-05,0.23498235642910004,0.2572285532951355,0.008993684314191341,0.5197234153747559,1.4700182676315308,,,,,
240,model.layers.7.self_attn.q_proj.weight,4096,1024,0.000244140625,0.00014583708252757788,2.760248899459839,-0.0009907929925248027,0.1845480352640152,0.0014337021857500076,0.1750469207763672,0.2615523636341095,0.008795850910246372,0.529873788356781,1.5343513488769531,0.0003536118019837886,53.58021545410156,-4.276958165405631e-08,1.1390490044504986e-06,7.769223157083616e-05,0.25809693336486816,0.22873353958129883,0.01157826092094183,0.4450940191745758,1.4765138626098633,0.09344077855348587,0.09294834733009338,0.855025589466095,0.26384690403938293,0.27262914180755615
240,model.layers.7.self_attn.k_proj.weight,512,1024,0.0009765625,0.001103073707781732,3.178781509399414,8.800578143564053e-06,0.13265226781368256,0.0011588535271584988,0.16097226738929749,0.24287506937980652,0.03185223042964935,0.6840788125991821,1.3326215744018555,0.001011228421702981,41.692100524902344,-1.511640107310086e-06,1.1545913594090962e-06,5.751135176979005e-05,0.2164851725101471,0.2750706970691681,0.0074001941829919815,0.5547904372215271,1.4571717977523804,,,,,
240,model.layers.7.self_attn.v_proj.weight,512,1024,0.0009765625,0.0008687807130627334,1.865090250968933,0.0005812400486320257,0.2566130757331848,0.00029338078456930816,0.13854441046714783,0.24778419733047485,0.0034766558092087507,0.7274545431137085,1.4773051738739014,0.0009730288875289261,40.0433349609375,-4.6341577331077133e-07,1.1898871434823377e-06,8.333928417414427e-05,0.24626357853412628,0.24915198981761932,0.006375919096171856,0.48935362696647644,1.502321720123291,,,,,
240,model.layers.7.self_attn.o_proj.weight,1024,2048,0.00048828125,0.0002380596852162853,2.277106285095215,0.0002029413153650239,0.4074626863002777,3.967951124650426e-05,0.13852417469024658,0.36935991048812866,0.014142529107630253,0.5379415154457092,1.4349180459976196,0.000561193039175123,51.64265060424805,1.2353272893506073e-07,2.590157464510412e-06,4.294931568438187e-05,0.17947815358638763,0.3152400553226471,0.006619718391448259,0.634013831615448,1.5034750699996948,,,,,
240,model.layers.15.self_attn.q_proj.weight,4096,1024,0.000244140625,0.00012579803296830505,3.7814340591430664,0.000169411301612854,0.20288804173469543,0.0003481130988802761,0.21656441688537598,0.2293294072151184,0.003931205254048109,0.4299868643283844,1.5469650030136108,0.00031273913918994367,60.98212432861328,-2.6232747529775224e-08,1.0949376019198098e-06,0.00010502481018193066,0.24371229112148285,0.25118786096572876,0.01069563440978527,0.46936026215553284,1.4797872304916382,0.07957795262336731,0.0801328793168068,0.8609470725059509,,
240,model.layers.15.self_attn.k_proj.weight,512,1024,0.0009765625,0.0010356318671256304,4.551971912384033,-1.6088275515357964e-05,0.1717347800731659,0.00010917335021076724,0.2601304054260254,0.2303089201450348,0.0035494386684149504,0.5400312542915344,1.4714497327804565,0.0011050378670915961,11.452818870544434,1.1260536894042161e-06,1.1199776963621844e-06,2.5326151444460265e-05,0.19073566794395447,0.29584988951683044,0.006694272626191378,0.6123354434967041,1.482874870300293,,,,,
240,model.layers.15.self_attn.v_proj.weight,512,1024,0.0009765625,0.0009264711989089847,2.0128417015075684,-0.0006322521367110312,0.15988416969776154,0.00020484723791014403,0.16392925381660461,0.2686864733695984,0.0030456155072897673,0.6926581859588623,1.463464617729187,0.0010960862273350358,12.515663146972656,2.245251607746468e-06,8.694237294548657e-07,8.012984471861273e-05,0.28124865889549255,0.2257038801908493,0.005624757613986731,0.4905105233192444,1.4745206832885742,,,,0.25592297315597534,0.25519242882728577
240,model.layers.15.self_attn.o_proj.weight,1024,2048,0.00048828125,0.0003596197348088026,1.9686299562454224,-0.00019798138237092644,0.29965630173683167,3.257987918914296e-05,0.0881182998418808,0.45797038078308105,0.015410806983709335,0.5839735865592957,1.4328020811080933,0.0005844670813530684,45.887413024902344,1.7805029983719578e-06,1.9832179987133713e-06,6.0431513702496886e-05,0.18427488207817078,0.31472206115722656,0.0075446683913469315,0.6152397990226746,1.5046404600143433,,,,,
240,model.layers.19.self_attn.q_proj.weight,4096,1024,0.000244140625,0.000164951678016223,3.5944199562072754,-0.0004228270845487714,0.11634247750043869,0.0004042043583467603,0.2191968858242035,0.2352062612771988,0.00818836409598589,0.431569367647171,1.5285629034042358,0.00039575411938130856,40.04090881347656,1.2778182068018396e-08,1.147047441918403e-06,9.373577631777152e-05,0.26539281010627747,0.2303083837032318,0.01003759540617466,0.42739883065223694,1.4976341724395752,0.08451689034700394,0.07995011657476425,0.8485806584358215,,
240,model.layers.19.self_attn.k_proj.weight,512,1024,0.0009765625,0.0009068187209777534,4.437735080718994,-3.643668264885491e-07,0.11741868406534195,0.00037007147329859436,0.23732981085777283,0.22991980612277985,0.011872442439198494,0.5832139253616333,1.3604583740234375,0.0010141754755750299,33.516571044921875,2.9874743177060736e-06,1.4227691735868575e-06,9.79238684521988e-05,0.19393251836299896,0.28405433893203735,0.009642492979764938,0.6162363886833191,1.425481915473938,,,,,
240,model.layers.19.self_attn.v_proj.weight,512,1024,0.0009765625,0.0005959116388112307,1.7103452682495117,0.0016518151387572289,0.09559419006109238,0.001868923893198371,0.13764244318008423,0.2608305811882019,0.006445775739848614,0.691662609577179,1.456065058708191,0.001096508582122624,10.260883331298828,1.3626477084471844e-06,9.371984788231202e-07,0.00037864752812311053,0.34931984543800354,0.15285862982273102,0.018335627391934395,0.48025643825531006,1.3978745937347412,,,,,
240,model.layers.19.self_attn.o_proj.weight,1024,2048,0.00048828125,0.0003691742895171046,1.5075830221176147,0.000519574386999011,0.18044644594192505,8.509960753144696e-05,0.0645565316081047,0.49397316575050354,0.006675411481410265,0.6030337810516357,1.457497239112854,0.0005145926843397319,40.255130767822266,4.668656288231432e-07,1.7049570715244045e-06,4.147149593336508e-05,0.20081666111946106,0.2921748459339142,0.007832006551325321,0.5790717601776123,1.4854202270507812,,,,,
240,model.layers.1.mlp.gate_proj.weight,3584,1024,0.00027901785714285713,0.00022788177011534572,3.103318691253662,0.00015967026411090046,0.1821996569633484,0.0004963128594681621,0.17586645483970642,0.31163790822029114,0.009843800216913223,0.5414119958877563,1.5185537338256836,0.0002749487175606191,67.74740600585938,1.157800610940285e-08,1.5582975265715504e-06,0.00011948955216212198,0.23772241175174713,0.25232774019241333,0.01037293765693903,0.492337703704834,1.4975489377975464,,,,0.26584944128990173,0.27215367555618286
240,model.layers.1.mlp.up_proj.weight,3584,1024,0.00027901785714285713,0.0002513211511541158,2.768728494644165,0.0004058735503349453,0.30286163091659546,0.00017046798893716186,0.16398225724697113,0.33422163128852844,0.008967911824584007,0.5195596814155579,1.5170964002609253,0.0002608486101962626,128.64747619628906,-9.467916015637456e-07,2.4528271751478314e-06,7.966235716594383e-05,0.23231767117977142,0.2575952410697937,0.008918420411646366,0.5000153183937073,1.5173311233520508,,,,,
240,model.layers.1.mlp.down_proj.weight,1024,3584,0.00027901785714285713,0.0002889450406655669,4.890146732330322,0.00042114712414331734,0.29608583450317383,0.0013144452823325992,0.1889447718858719,0.28045976161956787,0.015870556235313416,0.5475909113883972,1.4341801404953003,0.0003024130710400641,97.70366668701172,-8.169831744453404e-07,2.531305199227063e-06,6.743483390891925e-05,0.20372700691223145,0.2850842773914337,0.009537980891764164,0.5297082662582397,1.456658124923706,0.09559181332588196,0.10239527374505997,0.877242922782898,,
240,model.layers.12.mlp.gate_proj.weight,3584,1024,0.00027901785714285713,0.00021502298477571458,3.2052085399627686,5.456220969790593e-05,0.20485854148864746,0.0009174423175863922,0.1860405057668686,0.24526360630989075,0.006529458332806826,0.5698928833007812,1.529152274131775,0.0004076405894011259,29.3093318939209,8.663286621413135e-07,1.5049428156999056e-06,7.121237285900861e-05,0.24341796338558197,0.2611367404460907,0.00955919735133648,0.48497045040130615,1.4970074892044067,,,,,
240,model.layers.12.mlp.up_proj.weight,3584,1024,0.00027901785714285713,0.00025028479285538197,3.109023332595825,-0.00019743845041375607,0.33183053135871887,0.0004783577751368284,0.217429056763649,0.25017407536506653,0.008521173149347305,0.511187732219696,1.5116901397705078,0.0003071162791457027,114.54285430908203,-5.949327075427391e-08,2.042028654614114e-06,7.974296022439376e-05,0.2199600636959076,0.2680869400501251,0.00883407797664404,0.49130991101264954,1.5089954137802124,,,,,
240,model.layers.12.mlp.down_proj.weight,1024,3584,0.00027901785714285713,0.0002832852187566459,6.8590779304504395,-0.00020999069965910167,0.32410141825675964,0.00013050154666416347,0.2057562917470932,0.2846890687942505,0.021309254691004753,0.5152732133865356,1.385386347770691,0.0002960889250971377,71.47816467285156,7.876864174249931e-07,2.531618065404473e-06,2.805429176078178e-05,0.15833397209644318,0.3436574637889862,0.006086596753448248,0.6637627482414246,1.5449525117874146,0.07623283565044403,0.07917442172765732,0.880711019039154,,
240,model.layers.22.mlp.gate_proj.weight,3584,1024,0.00027901785714285713,0.00025245657889172435,2.9826509952545166,-0.0016114875907078385,0.0860755443572998,0.0010609993478283286,0.17295058071613312,0.2540872395038605,0.007861784659326077,0.5594678521156311,1.5245726108551025,0.0003563384816516191,52.03715896606445,-3.904430911916279e-07,9.631049806557712e-07,7.97446264186874e-05,0.2551265060901642,0.2327089160680771,0.00845983624458313,0.45673805475234985,1.506928563117981,,,,0.22079288959503174,0.2367912232875824
240,model.layers.22.mlp.up_proj.weight,3584,1024,0.00027901785714285713,0.000208525569178164,3.123666524887085,-0.0012722801184281707,0.1871759444475174,0.0007535802433267236,0.17150366306304932,0.29329267144203186,0.012555361725389957,0.5745846033096313,1.5075371265411377,0.0002868909214157611,104.21285247802734,2.47049712243097e-07,1.5931344705677475e-06,9.960219904314727e-05,0.24027788639068604,0.25012513995170593,0.01013734471052885,0.4933953881263733,1.5017348527908325,,,,,
240,model.layers.22.mlp.down_proj.weight,1024,3584,0.00027901785714285713,0.00040662294486537576,2.626244306564331,-0.0014418341452255845,0.18016447126865387,5.424182381830178e-05,0.09984170645475388,0.4359389543533325,0.0040242657996714115,0.5939944386482239,1.4877351522445679,0.0003017244453076273,76.00249481201172,1.0150481557502644e-06,1.8297100723430049e-06,6.209541606949642e-05,0.20768137276172638,0.2851971387863159,0.008417103439569473,0.54688960313797,1.479967474937439,0.08300590515136719,0.08420553803443909,0.8338213562965393,,
240,model.layers.1.linear_attn.in_proj_qkv.weight,6144,1024,0.00016276041666666666,0.0001074355750461109,2.342924118041992,0.00011553687363630161,0.15603332221508026,0.000388630956877023,0.18260355293750763,0.27161750197410583,0.0053947619162499905,0.5355911254882812,1.5372718572616577,0.00019719851843547076,52.327301025390625,-1.3025568534885679e-07,1.0632076055117068e-06,0.00010009077959693968,0.26166507601737976,0.22803042829036713,0.010867084376513958,0.44906607270240784,1.4909508228302002,0.1138395145535469,0.11576146632432938,0.8614081740379333,,
240,model.layers.1.linear_attn.out_proj.weight,1024,2048,0.00048828125,0.0015844242880120873,1.3462108373641968,-3.500810998957604e-05,0.36581653356552124,0.0004525328113231808,0.12424100935459137,0.3618287146091461,0.013932927511632442,0.5115991234779358,1.4340327978134155,0.0005207606009207666,84.32823944091797,7.892859343883174e-08,2.447837687213905e-06,4.69169499410782e-05,0.23646624386310577,0.25442853569984436,0.01105082780122757,0.5213671922683716,1.4189554452896118,,,,,
240,model.layers.12.linear_attn.in_proj_qkv.weight,6144,1024,0.00016276041666666666,6.604548980249092e-05,2.474632740020752,0.00033443383290432394,0.19625185430049896,0.0005455251084640622,0.16076865792274475,0.25881388783454895,0.0036556969862431288,0.5938726663589478,1.5529723167419434,0.0002254068967886269,38.33369445800781,7.980368366133916e-08,7.663846304239996e-07,0.00011144304880872369,0.2648094594478607,0.22460994124412537,0.011171125806868076,0.4216019809246063,1.5033955574035645,0.06534361839294434,0.07143107056617737,0.8303040862083435,,
240,model.layers.12.linear_attn.out_proj.weight,1024,2048,0.00048828125,0.00028613454196602106,2.748721122741699,8.74903635121882e-05,0.27374401688575745,5.336624235496856e-05,0.15908637642860413,0.3475891947746277,0.013399755582213402,0.5387274026870728,1.4381799697875977,0.0005444078124128282,76.892578125,-1.4337277889353572e-06,2.6644042918633204e-06,6.676604243693873e-05,0.18841619789600372,0.30479830503463745,0.007086442783474922,0.6066237092018127,1.520392656326294,,,,,
240,model.layers.21.linear_attn.in_proj_qkv.weight,6144,1024,0.00016276041666666666,9.517024591332301e-05,3.5255534648895264,0.0002342899824725464,0.054882995784282684,0.0006847620825283229,0.17413848638534546,0.25299569964408875,0.005785529967397451,0.5863621830940247,1.5416537523269653,0.000215078194742091,49.73728561401367,-1.314521398398938e-07,5.967961556052614e-07,8.47890114528127e-05,0.2751849591732025,0.21264807879924774,0.009192735888063908,0.42940565943717957,1.5152603387832642,0.07861031591892242,0.07258979976177216,0.8504564166069031,,
240,model.layers.21.linear_attn.out_proj.weight,1024,2048,0.00048828125,0.00045766757102683187,3.0167927742004395,4.305039965402102e-06,0.10360131412744522,8.932241325965151e-05,0.1419435739517212,0.3703847825527191,0.0067796651273965836,0.5671352744102478,1.475276231765747,0.0005205199122428894,52.53145980834961,1.9297500841730653e-07,2.2560975594387855e-06,5.278381649986841e-05,0.22404305636882782,0.267854243516922,0.00810039509087801,0.5425390005111694,1.4760119915008545,,,,,
260,model.layers.7.self_attn.q_proj.weight,4096,1024,0.000244140625,0.00010058769839815795,2.516650676727295,-0.00019342869927641004,0.27482277154922485,0.000709992425981909,0.17562831938266754,0.26388251781463623,0.0074858283624053,0.5423132181167603,1.5365513563156128,0.00035993216442875564,31.340551376342773,9.919701824401272e-07,1.345330474578077e-06,0.00015150191029533744,0.26400598883628845,0.22287070751190186,0.011323440819978714,0.4348909258842468,1.486540675163269,0.055429860949516296,0.0627053827047348,0.8932400345802307,0.31853213906288147,0.3284800052642822
260,model.layers.7.self_attn.k_proj.weight,512,1024,0.0009765625,0.0015571395633742213,3.669628620147705,-1.0762474857983761e-06,0.1852876842021942,0.0029325501527637243,0.15558657050132751,0.24571509659290314,0.027773620560765266,0.6998457312583923,1.3141754865646362,0.0009739556116983294,28.065031051635742,1.9505009731801692e-06,1.4549161733157234e-06,6.585178198292851e-05,0.1964382827281952,0.2855914831161499,0.00878914725035429,0.5969234704971313,1.405601143836975,,,,,
260,model.layers.7.self_attn.v_proj.weight,512,1024,0.0009765625,0.0008309117401950061,1.98451828956604,-0.0005518944817595184,0.3593456745147705,0.000242807058384642,0.12637342512607574,0.2565268278121948,0.003034306922927499,0.753821074962616,1.456703782081604,0.0010192375630140305,28.07776641845703,1.3414893373919767e-06,1.4460335933108581e-06,5.56536833755672e-05,0.23213432729244232,0.2597692012786865,0.007263309322297573,0.5170508623123169,1.4944308996200562,,,,,
260,model.layers.7.self_attn.o_proj.weight,1024,2048,0.00048828125,0.00022517869365401566,2.205087900161743,-0.00018407274910714477,0.5921571254730225,3.3470860216766596e-05,0.14055073261260986,0.3708389699459076,0.013265867717564106,0.5444031357765198,1.4368575811386108,0.0004977079224772751,31.26655387878418,2.7336827770341188e-06,3.5567102258937666e-06,2.5704634026624262e-05,0.12141362577676773,0.3715924620628357,0.004158558789640665,0.747651994228363,1.5470160245895386,,,,,
260,model.layers.15.self_attn.q_proj.weight,4096,1024,0.000244140625,0.0001225021987920627,3.2988224029541016,0.00035456978366710246,0.28878408670425415,0.00030853887437842786,0.21185551583766937,0.23751035332679749,0.004050886258482933,0.454903244972229,1.5459263324737549,0.00033566378988325596,64.83499145507812,1.6212828768402687e-07,1.101030193240149e-06,7.361824827967212e-05,0.2301124632358551,0.2551003694534302,0.009472731500864029,0.47529157996177673,1.4921464920043945,0.07332724332809448,0.0663008913397789,0.8999912142753601,,
260,model.layers.15.self_attn.k_proj.weight,512,1024,0.0009765625,0.0009945229394361377,4.150325298309326,1.0133460818906315e-05,0.2553611993789673,0.0001558127551106736,0.2547547221183777,0.24023184180259705,0.004180193413048983,0.5381464958190918,1.4605753421783447,0.0009389246697537601,26.514612197875977,4.554574104531639e-07,1.249466208719241e-06,6.217739428393543e-05,0.17709116637706757,0.30949297547340393,0.005859280005097389,0.637340247631073,1.4910951852798462,,,,,
260,model.layers.15.self_attn.v_proj.weight,512,1024,0.0009765625,0.0008688088855706155,1.8384419679641724,-0.0015803672140464187,0.2446098029613495,0.00010184673737967387,0.17314593493938446,0.2651371359825134,0.003864877624437213,0.6730861067771912,1.445197582244873,0.0010843510972335935,17.36516761779785,3.875372385664377e-06,1.0537942216615193e-06,2.335096178285312e-05,0.25228360295295715,0.22691208124160767,0.00380995636805892,0.5431378483772278,1.4972915649414062,,,,0.3153819441795349,0.31543904542922974
260,model.layers.15.self_attn.o_proj.weight,1024,2048,0.00048828125,0.00040551761048845947,1.8489550352096558,-0.0005230914684943855,0.4408436715602875,1.508664536231663e-05,0.08964776992797852,0.44091784954071045,0.009173329919576645,0.5593980550765991,1.459545373916626,0.0005682319751940668,6.06592321395874,-1.8884659169771112e-08,3.2041957638284657e-06,1.4625436961068772e-05,0.08353650569915771,0.44718629121780396,0.003208101261407137,0.8273071646690369,1.5467323064804077,,,,,
260,model.layers.19.self_attn.q_proj.weight,4096,1024,0.000244140625,0.00017148930055554956,3.4842193126678467,-0.0015620863996446133,0.16315042972564697,0.00038356977165676653,0.2228618711233139,0.2326638549566269,0.007975944317877293,0.4351952075958252,1.5271610021591187,0.0004048204282298684,39.357215881347656,2.6544589104560146e-07,1.0732183000072837e-06,6.939050217624754e-05,0.2514480948448181,0.23289981484413147,0.009328131563961506,0.43095508217811584,1.5032955408096313,0.055319894105196,0.06289280951023102,0.8781799674034119,,
260,model.layers.19.self_attn.k_proj.weight,512,1024,0.0009765625,0.0009985929355025291,4.212949275970459,5.5246455303858966e-06,0.164920374751091,0.00042292464058846235,0.2383878082036972,0.2396707534790039,0.011656034737825394,0.5681953430175781,1.3519587516784668,0.0008733642171137035,26.695419311523438,2.1456014565046644e-06,1.2318516837694915e-06,3.550166366039775e-05,0.22602081298828125,0.256717324256897,0.008989307098090649,0.5729880928993225,1.410049557685852,,,,,
260,model.layers.19.self_attn.v_proj.weight,512,1024,0.0009765625,0.0006980496691539884,1.6804240942001343,-0.0004138618824072182,0.13468283414840698,0.000491343264002353,0.14834699034690857,0.2622556686401367,0.003487077308818698,0.6655337810516357,1.4505852460861206,0.0010808975202962756,17.282028198242188,-4.148691914451774e-07,7.520295639551478e-07,4.805653225048445e-05,0.2706660330295563,0.22205503284931183,0.006043927278369665,0.5327739715576172,1.4345077276229858,,,,,
260,model.layers.19.self_attn.o_proj.weight,1024,2048,0.00048828125,0.00044266035547479987,1.4667298793792725,-0.0001285417820326984,0.2599007487297058,7.754906982881948e-05,0.06417037546634674,0.5018791556358337,0.01044954638928175,0.6080670952796936,1.4614166021347046,0.0005478695966303349,27.30253028869629,3.819621099410142e-07,1.6266767488559708e-06,5.693670755135827e-05,0.2106776386499405,0.2784443795681,0.007968390360474586,0.56974858045578,1.4662299156188965,,,,,
260,model.layers.1.mlp.gate_proj.weight,3584,1024,0.00027901785714285713,0.00041585892904549837,3.183556079864502,0.0007708161720074713,0.2631446123123169,0.00028995703905820847,0.18410205841064453,0.3017500638961792,0.008886176161468029,0.5308985114097595,1.5186412334442139,0.0002859544474631548,120.81990814208984,6.262828833314416e-07,1.8971503550346824e-06,9.31438771658577e-05,0.24394917488098145,0.24695906043052673,0.0102110356092453,0.49250465631484985,1.5089629888534546,,,,0.3493141531944275,0.3447246551513672
260,model.layers.1.mlp.up_proj.weight,3584,1024,0.00027901785714285713,0.00037430462543852627,2.8692498207092285,0.0009488922078162432,0.4385419189929962,9.764841524884105e-05,0.16328883171081543,0.32253849506378174,0.008431479334831238,0.5057418942451477,1.5119727849960327,0.0002743142831604928,23.98978042602539,2.6244106265949085e-06,3.171030584780965e-06,6.999645847827196e-05,0.21852171421051025,0.27099528908729553,0.008850893005728722,0.4976089596748352,1.5213876962661743,,,,,
260,model.layers.1.mlp.down_proj.weight,1024,3584,0.00027901785714285713,0.00025696365628391504,5.566070079803467,0.000938009237870574,0.44195356965065,0.0009935351554304361,0.18153931200504303,0.29413560032844543,0.012679340317845345,0.5646305680274963,1.4453591108322144,0.00029584739240817726,51.78125762939453,1.8907350067820516e-06,3.317632945254445e-06,7.346433267230168e-05,0.19421105086803436,0.2968069911003113,0.00818376149982214,0.544326901435852,1.4847415685653687,0.07030730694532394,0.06782982498407364,0.9072103500366211,,
260,model.layers.12.mlp.gate_proj.weight,3584,1024,0.00027901785714285713,0.00021600830950774252,2.9903249740600586,-0.0005912703345529735,0.29802316427230835,0.00077631208114326,0.18652461469173431,0.24584725499153137,0.005933602340519428,0.5739826560020447,1.5311650037765503,0.0003623685915954411,60.76023483276367,-2.1479011991232255e-07,1.5612514516760712e-06,7.551930320914835e-05,0.27148428559303284,0.21478764712810516,0.011989622376859188,0.42057639360427856,1.4674566984176636,,,,,
260,model.layers.12.mlp.up_proj.weight,3584,1024,0.00027901785714285713,0.0002555292739998549,2.9467103481292725,-6.11619179835543e-05,0.4850916266441345,0.0003200579376425594,0.2213398665189743,0.24765533208847046,0.006528218276798725,0.5118915438652039,1.5215271711349487,0.00029899663059040904,130.90049743652344,-4.1946486817323603e-07,2.129882659573923e-06,8.62256929394789e-05,0.22212913632392883,0.2640116512775421,0.009252960793673992,0.4935835599899292,1.5065124034881592,,,,,
260,model.layers.12.mlp.down_proj.weight,1024,3584,0.00027901785714285713,0.00026068140869028866,6.1867756843566895,-7.055361493257806e-05,0.47370025515556335,0.00015895550313871354,0.20110288262367249,0.2886672616004944,0.02207697182893753,0.5284406542778015,1.4077234268188477,0.0002773744927253574,40.88377380371094,2.0884928630948707e-07,3.3267965591221582e-06,2.0621364456019364e-05,0.0972975492477417,0.3966904580593109,0.003729281947016716,0.7926675081253052,1.5508722066879272,0.0609125941991806,0.062118303030729294,0.9093376994132996,,
260,model.layers.22.mlp.gate_proj.weight,3584,1024,0.00027901785714285713,0.0002690537949092686,3.147149085998535,-0.0007164196576923132,0.1163519099354744,0.0011578933335840702,0.18151544034481049,0.254862904548645,0.00847555510699749,0.561381459236145,1.5242823362350464,0.0003522069600876421,26.990732192993164,6.964010594856518e-07,9.167828238787479e-07,6.949948146939278e-05,0.2581252157688141,0.22796912491321564,0.009645257145166397,0.4527234733104706,1.5022616386413574,,,,0.3845517337322235,0.36229661107063293
260,model.layers.22.mlp.up_proj.weight,3584,1024,0.00027901785714285713,0.0003960911126341671,2.835380792617798,-0.0008260626927949488,0.27737897634506226,0.00047207457828335464,0.17722627520561218,0.2915014624595642,0.009488523937761784,0.5706766843795776,1.5107275247573853,0.0003103812923654914,85.37774658203125,3.5293899713906285e-07,1.4338562550619827e-06,7.684237789362669e-05,0.2314409613609314,0.25996169447898865,0.00859020184725523,0.5069690346717834,1.5155487060546875,,,,,
260,model.layers.22.mlp.down_proj.weight,1024,3584,0.00027901785714285713,0.0003437348350416869,2.7156660556793213,-0.0009788940660655499,0.2547823190689087,0.00018254228052683175,0.10438163578510284,0.4102303683757782,0.010634071193635464,0.5690629482269287,1.4564640522003174,0.00039514017407782376,9.352852821350098,-2.1574845732175163e-07,1.7984532405534992e-06,0.0001011915082926862,0.19043317437171936,0.3274971842765808,0.012676255777478218,0.5678567886352539,1.3923107385635376,0.07531711459159851,0.06820721179246902,0.8544374704360962,,
260,model.layers.1.linear_attn.in_proj_qkv.weight,6144,1024,0.00016276041666666666,0.00011701317271217704,2.781606435775757,0.00016848677478265017,0.21581314504146576,0.00039391935570165515,0.189463272690773,0.2635754346847534,0.006752394139766693,0.5181322693824768,1.5343983173370361,0.00022252570488490164,51.05414581298828,5.604980515272473e-07,1.2314875448282692e-06,0.00013423847849480808,0.25357237458229065,0.23095697164535522,0.014472361654043198,0.45028048753738403,1.4941811561584473,0.08160855621099472,0.07613664120435715,0.8955730199813843,,
260,model.layers.1.linear_attn.out_proj.weight,1024,2048,0.00048828125,0.0007550984737463295,1.3911621570587158,-3.8083395338617265e-05,0.502733051776886,0.00019153403991367668,0.12140835076570511,0.3814357817173004,0.008943503722548485,0.5453987121582031,1.4482835531234741,0.0005376344779506326,58.43094253540039,6.260046916395368e-07,2.9579480269603664e-06,6.312500045169145e-05,0.22672529518604279,0.26627177000045776,0.008900524117052555,0.541266143321991,1.453966498374939,,,,,
260,model.layers.12.linear_attn.in_proj_qkv.weight,6144,1024,0.00016276041666666666,6.832726649008691e-05,2.1541531085968018,8.872265607351437e-05,0.2939440608024597,0.00024411616323050112,0.15742845833301544,0.2573571503162384,0.0025987308472394943,0.6081686615943909,1.5528769493103027,0.0002714109141379595,37.22997283935547,5.899565280742536e-07,8.337731856045139e-07,7.362605538219213e-05,0.2828999161720276,0.2124401032924652,0.011037870310246944,0.42140716314315796,1.5098718404769897,0.07108493894338608,0.06851799786090851,0.8678329586982727,,
260,model.layers.12.linear_attn.out_proj.weight,1024,2048,0.00048828125,0.00035379198379814625,2.509289503097534,0.0009020483703352511,0.3974747657775879,3.415307219256647e-05,0.160125732421875,0.34342584013938904,0.013769783079624176,0.5348979830741882,1.4304996728897095,0.0005276657757349312,29.999238967895508,-1.3260311106932932e-06,3.405561528779799e-06,3.386806201888248e-05,0.11720264703035355,0.37224245071411133,0.004128166940063238,0.7603675127029419,1.5494468212127686,,,,,
260,model.layers.21.linear_attn.in_proj_qkv.weight,6144,1024,0.00016276041666666666,0.00010448648390593007,2.883995532989502,0.00042651197873055935,0.09144200384616852,0.0005340862553566694,0.18774381279945374,0.2453298568725586,0.004649816080927849,0.5627161264419556,1.5452178716659546,0.00020483427215367556,58.123348236083984,-5.425816240745007e-08,5.21385459251178e-07,7.469215779565275e-05,0.2684696614742279,0.22125183045864105,0.00951423216611147,0.4559118151664734,1.5154842138290405,0.06563200801610947,0.06573357433080673,0.8906911611557007,,
260,model.layers.21.linear_attn.out_proj.weight,1024,2048,0.00048828125,0.00037636232445947826,3.110016107559204,3.6000707041239366e-05,0.16180947422981262,0.00011989918857580051,0.14545787870883942,0.35975539684295654,0.006827682722359896,0.5570716261863708,1.4744856357574463,0.0005650451057590544,37.09662628173828,2.2737874871836539e-07,2.098338882206008e-06,6.41913284198381e-05,0.22340534627437592,0.2672936022281647,0.007812414783984423,0.5491315126419067,1.4848235845565796,,,,,
280,model.layers.7.self_attn.q_proj.weight,4096,1024,0.000244140625,9.094949928112328e-05,2.3146584033966064,-0.0004355783457867801,0.2663908004760742,0.0006180522032082081,0.1613772213459015,0.2775956988334656,0.006699925288558006,0.5486710071563721,1.5361894369125366,0.00037203021929599345,67.77303314208984,-2.2942439059647768e-08,1.1243155313422903e-06,0.00011868835281347856,0.26530390977859497,0.2261592447757721,0.010560671798884869,0.44646120071411133,1.4942572116851807,0.07654264569282532,0.07868276536464691,0.8408556580543518,0.3601360023021698,0.35320204496383667
280,model.layers.7.self_attn.k_proj.weight,512,1024,0.0009765625,0.0009627232211641967,2.8029046058654785,1.3738595043832902e-06,0.19793152809143066,0.0017757295863702893,0.13017158210277557,0.2731287181377411,0.029088661074638367,0.7314281463623047,1.3073046207427979,0.0009689365979284048,50.9769401550293,-1.4449564105234458e-06,1.2320118685238413e-06,9.99161129584536e-05,0.22680819034576416,0.2607620060443878,0.00806939322501421,0.5394002795219421,1.444965124130249,,,,,
280,model.layers.7.self_attn.v_proj.weight,512,1024,0.0009765625,0.0007631788030266762,1.8573172092437744,0.0013573206961154938,0.341312050819397,0.0002496182860340923,0.13185890018939972,0.26198604702949524,0.002744691912084818,0.7458958029747009,1.47856605052948,0.0009248717688024044,43.47078323364258,2.9990467282914324e-06,1.3613487226393772e-06,6.83856414980255e-05,0.23784621059894562,0.25326693058013916,0.0062894453294575214,0.5084651708602905,1.4954884052276611,,,,,
280,model.layers.7.self_attn.o_proj.weight,1024,2048,0.00048828125,0.00021156383445486426,2.0636041164398193,0.000453080574516207,0.5403221249580383,4.7935965994838625e-05,0.14026367664337158,0.366943359375,0.018963821232318878,0.543471097946167,1.4414554834365845,0.00046405685134232044,6.973831653594971,1.4354302493302384e-06,2.9449442990880925e-06,2.57074243563693e-05,0.1468440592288971,0.35157525539398193,0.0051735336892306805,0.6939681768417358,1.5265395641326904,,,,,
280,model.layers.15.self_attn.q_proj.weight,4096,1024,0.000244140625,0.0001739366998663172,3.894590139389038,0.0006487329374067485,0.23582659661769867,0.0006148466491140425,0.2136056125164032,0.23373307287693024,0.00478752376511693,0.4347204267978668,1.5442949533462524,0.0003237149794586003,60.09517288208008,-3.0559820629605383e-07,1.0345045211579418e-06,0.0001406003430020064,0.25844505429267883,0.23136143386363983,0.01167340762913227,0.43977248668670654,1.4757922887802124,0.062029995024204254,0.06818678230047226,0.8410933613777161,,
280,model.layers.15.self_attn.k_proj.weight,512,1024,0.0009765625,0.0009815256344154477,3.499668836593628,-1.3433656249617343e-06,0.21672776341438293,6.335404032142833e-05,0.25069108605384827,0.2367190420627594,0.004836324602365494,0.5322350859642029,1.4553555250167847,0.0008953619981184602,6.316277027130127,-2.3687418888584943e-06,1.2344972901701112e-06,6.355551886372268e-05,0.1739041656255722,0.31845197081565857,0.007902994751930237,0.6412791609764099,1.447739601135254,,,,,
280,model.layers.15.self_attn.v_proj.weight,512,1024,0.0009765625,0.0007520269718952477,1.8769700527191162,-0.0015256410697475076,0.21978361904621124,0.0002864758134819567,0.17875711619853973,0.26497963070869446,0.003781030187383294,0.6608318090438843,1.454630732536316,0.0008752390858717263,16.509817123413086,2.116347559422138e-06,9.687489637144608e-07,0.00030939216958358884,0.21022483706474304,0.2522236108779907,0.06748680025339127,0.5117220282554626,1.2132376432418823,,,,0.28610965609550476,0.30031582713127136
280,model.layers.15.self_attn.o_proj.weight,1024,2048,0.00048828125,0.00042463504360057414,1.8020908832550049,-0.0004973770119249821,0.39828425645828247,2.0823888917220756e-05,0.08116832375526428,0.4941616654396057,0.014480660669505596,0.6249781847000122,1.452213168144226,0.0005146447801962495,38.26498794555664,-5.843104418090661e-07,1.838274215515412e-06,8.705512300366536e-05,0.1997099369764328,0.3014977276325226,0.007923468947410583,0.579365074634552,1.4831066131591797,,,,,
280,model.layers.19.self_attn.q_proj.weight,4096,1024,0.000244140625,0.00018611073028296232,3.045422315597534,0.0010720735881477594,0.1491686999797821,0.0013771578669548035,0.21436704695224762,0.24252930283546448,0.012852069921791553,0.4490884244441986,1.5240777730941772,0.0003596488677430898,48.842533111572266,-5.50507934349298e-07,9.67452251643408e-07,7.494388410123065e-05,0.25801464915275574,0.23580630123615265,0.009142846800386906,0.4373093843460083,1.497313141822815,0.07278405129909515,0.07313210517168045,0.8464233875274658,,
280,model.layers.19.self_attn.k_proj.weight,512,1024,0.0009765625,0.0012281687231734395,3.6868362426757812,-6.387010216712952e-06,0.13760210573673248,0.003992490004748106,0.23768350481987,0.2258484810590744,0.021825097501277924,0.5724815726280212,1.3124520778656006,0.0010463740909472108,21.075490951538086,-4.072429646839737e-07,1.2237254622959881e-06,4.7626232117181644e-05,0.2126123309135437,0.27414149045944214,0.006955977529287338,0.5937527418136597,1.4765279293060303,,,,,
280,model.layers.19.self_attn.v_proj.weight,512,1024,0.0009765625,0.0011163851013407111,1.5913898944854736,0.0005315248854458332,0.12633788585662842,0.0017994667869061232,0.1296634078025818,0.26406586170196533,0.006253385916352272,0.6920413970947266,1.4536118507385254,0.0009696187335066497,17.392948150634766,3.9978013433028536e-07,7.457410333699954e-07,0.0001060159265762195,0.2680854797363281,0.21008749306201935,0.005678706336766481,0.5311151742935181,1.473582148551941,,,,,
280,model.layers.19.self_attn.o_proj.weight,1024,2048,0.00048828125,0.0005142370355315506,1.4445266723632812,0.00015958996664267033,0.24216292798519135,0.0001648242905503139,0.06169828027486801,0.4976060092449188,0.010782955214381218,0.5934666395187378,1.4553850889205933,0.000540295266546309,29.85894012451172,-1.3450430458306073e-07,1.457484700040368e-06,5.438533844426274e-05,0.21391770243644714,0.27551984786987305,0.008294214494526386,0.552040696144104,1.4812053442001343,,,,,
280,model.layers.1.mlp.gate_proj.weight,3584,1024,0.00027901785714285713,0.00023292390687856823,3.352428913116455,0.000589223112910986,0.24154096841812134,0.0003015695256181061,0.19139038026332855,0.28510937094688416,0.007883612997829914,0.5132043361663818,1.5134363174438477,0.0002823648101184517,73.99732208251953,5.959088866802631e-07,1.1776152177844779e-06,0.00012156933371443301,0.2486840933561325,0.24096466600894928,0.010862165130674839,0.4849473536014557,1.506702184677124,,,,0.3096727132797241,0.306415319442749
280,model.layers.1.mlp.up_proj.weight,3584,1024,0.00027901785714285713,0.0003174435696564615,2.949490547180176,3.8236030377447605e-05,0.40242353081703186,0.0001963238464668393,0.16643734276294708,0.3300759494304657,0.00866586435586214,0.5163910388946533,1.5128298997879028,0.0003013214736711234,22.697154998779297,1.3206831681600306e-06,1.8987414023285965e-06,7.42517804610543e-05,0.22027510404586792,0.270535945892334,0.00911476369947195,0.503230094909668,1.51203191280365,,,,,
280,model.layers.1.mlp.down_proj.weight,1024,3584,0.00027901785714285713,0.00032606424065306783,5.154162883758545,3.583561920095235e-05,0.41420215368270874,0.0012733815237879753,0.17977268993854523,0.29546207189559937,0.013411327265202999,0.5685070157051086,1.4453916549682617,0.00031820323783904314,92.51203155517578,2.2226306555239717e-06,2.0180189039820107e-06,7.45704528526403e-05,0.18950441479682922,0.30565986037254333,0.007733689621090889,0.5680858492851257,1.4800139665603638,0.07330326735973358,0.07157043367624283,0.8439908027648926,,
280,model.layers.12.mlp.gate_proj.weight,3584,1024,0.00027901785714285713,0.00021883865701965988,2.7995803356170654,0.00015348530723713338,0.28357934951782227,0.0007856485899537802,0.18376119434833527,0.2462628036737442,0.005504028405994177,0.5819190144538879,1.5307246446609497,0.00037958554457873106,74.98445129394531,2.2300120861018513e-08,1.4471758049694472e-06,0.0001237031538039446,0.2608606219291687,0.22857999801635742,0.012054451741278172,0.4460577964782715,1.4808695316314697,,,,,
280,model.layers.12.mlp.up_proj.weight,3584,1024,0.00027901785714285713,0.00028131980798207223,2.6070032119750977,0.00015245350368786603,0.4588661193847656,0.0005045806174166501,0.221956267952919,0.244126558303833,0.010244082659482956,0.5009143948554993,1.5170778036117554,0.0002878229133784771,90.96171569824219,5.70250733744615e-07,1.937695060405531e-06,8.229393279179931e-05,0.21308307349681854,0.2757648825645447,0.00884744618088007,0.4931495189666748,1.5185225009918213,,,,,
280,model.layers.12.mlp.down_proj.weight,1024,3584,0.00027901785714285713,0.0002672206028364599,5.3522162437438965,0.000159939139848575,0.4544282555580139,0.00013245460286270827,0.19527608156204224,0.2973109185695648,0.02048381231725216,0.5387462377548218,1.4045495986938477,0.0002977502881549299,75.6681137084961,-2.1755313639459928e-07,2.220824171672575e-06,4.3195403122808784e-05,0.1691601574420929,0.3272209167480469,0.007131271995604038,0.6343501210212708,1.5183167457580566,0.07874974608421326,0.07565061748027802,0.854224681854248,,
280,model.layers.22.mlp.gate_proj.weight,3584,1024,0.00027901785714285713,0.00021562320762313902,3.0848309993743896,-0.0005932158092036843,0.10815264284610748,0.0008888012380339205,0.18506774306297302,0.24430130422115326,0.0070009296759963036,0.5450162291526794,1.5231703519821167,0.00036402675323188305,41.4351806640625,2.365142108828877e-07,8.712376597941329e-07,9.5500196039211e-05,0.26348403096199036,0.22492016851902008,0.00878672394901514,0.445844829082489,1.50495183467865,,,,0.329058974981308,0.32859840989112854
280,model.layers.22.mlp.up_proj.weight,3584,1024,0.00027901785714285713,0.00024693337036296725,2.9851274490356445,-0.001059738453477621,0.2427036464214325,0.001326548750512302,0.17503292858600616,0.28874847292900085,0.014774879440665245,0.5697458982467651,1.509543776512146,0.00028507469687610865,44.342323303222656,7.014399443505681e-07,1.3604949344880879e-06,8.889471064321697e-05,0.23253116011619568,0.2588193118572235,0.009284508414566517,0.5059627294540405,1.5117281675338745,,,,,
280,model.layers.22.mlp.down_proj.weight,1024,3584,0.00027901785714285713,0.0003864956961479038,2.7528107166290283,-0.0012140823528170586,0.23196043074131012,0.00021501240553334355,0.11018750071525574,0.39512279629707336,0.009739678353071213,0.5487633347511292,1.4481191635131836,0.0002859394589904696,18.554443359375,8.110876592581917e-07,1.7124192481787759e-06,7.629414176335558e-05,0.19673556089401245,0.3047564923763275,0.009829438291490078,0.5472199320793152,1.4664801359176636,0.07687223702669144,0.08074776828289032,0.8149994015693665,,
280,model.layers.1.linear_attn.in_proj_qkv.weight,6144,1024,0.00016276041666666666,0.00010451068374095485,2.6258955001831055,0.00011529572657309473,0.20618577301502228,0.00035941565874964,0.1798793226480484,0.27824047207832336,0.005448892712593079,0.5465326905250549,1.5404223203659058,0.00019682747370097786,50.99114990234375,9.710086601444345e-08,8.512507179148088e-07,0.0001322590105701238,0.25802022218704224,0.22756339609622955,0.014488039538264275,0.4482721984386444,1.4984819889068604,0.06701129674911499,0.06471633166074753,0.8294433355331421,,
280,model.layers.1.linear_attn.out_proj.weight,1024,2048,0.00048828125,0.0010739213321357965,1.393079161643982,-0.00014909906894899905,0.4780060350894928,0.0006214927998371422,0.11559920012950897,0.4036194682121277,0.013820959255099297,0.5662436485290527,1.452535629272461,0.000544715381693095,71.18419647216797,1.2325572242843919e-06,2.0115596726100193e-06,0.00017931536422111094,0.21486882865428925,0.2750679850578308,0.01022946834564209,0.5602649450302124,1.4632490873336792,,,,,
280,model.layers.12.linear_attn.in_proj_qkv.weight,6144,1024,0.00016276041666666666,5.4249550885288045e-05,2.034250020980835,-0.00016293328371830285,0.2762316167354584,0.00037394140963442624,0.16009001433849335,0.2566218674182892,0.002748287981376052,0.596872866153717,1.5544332265853882,0.00022843062470201403,14.904067993164062,2.0487240703914722e-07,7.082007869030349e-07,6.46592743578367e-05,0.25325044989585876,0.2372015118598938,0.008533387444913387,0.4615131914615631,1.5204399824142456,0.08120033890008926,0.0841333270072937,0.825190007686615,,
280,model.layers.12.linear_attn.out_proj.weight,1024,2048,0.00048828125,0.00032773311249911785,2.453145980834961,0.00018443465523887426,0.3806535303592682,4.776979039888829e-05,0.15792889893054962,0.339532732963562,0.01642921380698681,0.5275323987007141,1.4259835481643677,0.0005227104993537068,60.481876373291016,1.2443123296179692e-06,2.3396137294184882e-06,4.628013994079083e-05,0.18193744122982025,0.31425783038139343,0.00676199235022068,0.6215639114379883,1.5090550184249878,,,,,
280,model.layers.21.linear_attn.in_proj_qkv.weight,6144,1024,0.00016276041666666666,9.971005783881992e-05,3.3739991188049316,1.887448161141947e-05,0.08226265758275986,0.0011047560255974531,0.1807473599910736,0.2494383454322815,0.006445729173719883,0.5872178077697754,1.544710636138916,0.00020262185717001557,61.597843170166016,-1.6932875723796315e-07,4.822001642423857e-07,8.272613195003942e-05,0.2665296494960785,0.22374793887138367,0.009281977079808712,0.4503687918186188,1.5121277570724487,0.08510488271713257,0.07768499851226807,0.8409159779548645,,
280,model.layers.21.linear_attn.out_proj.weight,1024,2048,0.00048828125,0.0004408959939610213,3.070112466812134,0.00011431035818532109,0.15344074368476868,5.7494064094498754e-05,0.14546163380146027,0.3649308979511261,0.006541109178215265,0.5526090264320374,1.470932960510254,0.0005386662669479847,43.0594482421875,-1.0603179134704988e-06,2.019796511376626e-06,7.422113412758335e-05,0.22302168607711792,0.2686642110347748,0.008193258196115494,0.5474295020103455,1.4881565570831299,,,,,
300,model.layers.7.self_attn.q_proj.weight,4096,1024,0.000244140625,0.0002483577700331807,3.1074960231781006,0.0005730926059186459,0.27500081062316895,0.002363864565268159,0.1705877184867859,0.25953057408332825,0.01392399799078703,0.5346733927726746,1.5317500829696655,0.00035629828926175833,48.26225280761719,8.816010108603223e-07,1.1858679727083654e-06,8.440528472419828e-05,0.24405181407928467,0.23974613845348358,0.009752177633345127,0.45156344771385193,1.5043081045150757,0.10944259911775589,0.10083378106355667,0.7574466466903687,0.21402910351753235,0.21653695404529572
300,model.layers.7.self_attn.k_proj.weight,512,1024,0.0009765625,0.0009459150023758411,4.37039041519165,-6.490921350632561e-06,0.19264651834964752,0.0030889466870576143,0.16680030524730682,0.2600831091403961,0.02538657933473587,0.6752415895462036,1.315165400505066,0.001034701126627624,24.78037452697754,3.3435467230447102e-06,1.3370640772336628e-06,9.615079034119844e-05,0.2061791718006134,0.2743625044822693,0.012642639689147472,0.585735023021698,1.3182806968688965,,,,,
300,model.layers.7.self_attn.v_proj.weight,512,1024,0.0009765625,0.0008503100252710283,1.9364057779312134,-0.0012920098379254341,0.37811243534088135,0.0005547963664866984,0.14149855077266693,0.2509618401527405,0.004216897301375866,0.724812388420105,1.468345284461975,0.0009393071522936225,26.752641677856445,6.9106340561120305e-06,1.4490667581412708e-06,5.582474477705546e-05,0.23043306171894073,0.2609066963195801,0.005874541588127613,0.5234727263450623,1.5019992589950562,,,,,
300,model.layers.7.self_attn.o_proj.weight,1024,2048,0.00048828125,0.00024931595544330776,2.0937678813934326,-0.0004125642008148134,0.636863648891449,3.158878462272696e-05,0.1298883706331253,0.392035573720932,0.013307375833392143,0.5698189735412598,1.4403181076049805,0.0005224721971899271,55.42138671875,1.8934597392217256e-06,3.130827053610119e-06,3.1871484679868445e-05,0.14694629609584808,0.34367966651916504,0.005505062639713287,0.6917577385902405,1.5400537252426147,,,,,
300,model.layers.15.self_attn.q_proj.weight,4096,1024,0.000244140625,0.00012368411989882588,3.3287031650543213,0.00012578294263221323,0.2897252142429352,0.00029363000066950917,0.21017812192440033,0.23780430853366852,0.003760135266929865,0.4469839930534363,1.5459061861038208,0.00033891070052050054,53.720848083496094,2.5188012386934133e-07,1.0921734201474464e-06,6.611445860471576e-05,0.23496359586715698,0.2567790746688843,0.00986529141664505,0.46136483550071716,1.4980062246322632,0.09314288944005966,0.08942876756191254,0.7538875341415405,,
300,model.layers.15.self_attn.k_proj.weight,512,1024,0.0009765625,0.0009697823552414775,4.453152179718018,4.696195446740603e-06,0.25012633204460144,0.0002450847823638469,0.26595279574394226,0.21343906223773956,0.004512722138315439,0.5256932973861694,1.455544352531433,0.0010933013400062919,25.12094497680664,-2.658272535427386e-07,1.2758606544593931e-06,6.0099770053057e-05,0.22312775254249573,0.26635652780532837,0.007875122129917145,0.5458121299743652,1.4234119653701782,,,,,
300,model.layers.15.self_attn.v_proj.weight,512,1024,0.0009765625,0.000897187739610672,1.7957059144973755,0.0005926527082920074,0.2640572190284729,0.00012752019392792135,0.16991515457630157,0.2806081175804138,0.00336267426609993,0.6748667359352112,1.4476882219314575,0.001145117450505495,8.962608337402344,8.32631812386353e-08,1.0757862582977396e-06,9.302862599724904e-05,0.25298944115638733,0.23229312896728516,0.009827611967921257,0.5094209313392639,1.393160343170166,,,,0.21935077011585236,0.21628844738006592
300,model.layers.15.self_attn.o_proj.weight,1024,2048,0.00048828125,0.00039379054214805365,1.8175091743469238,0.0002077465906040743,0.4523015320301056,2.2348704078467563e-05,0.08077288419008255,0.48188117146492004,0.01380159705877304,0.6209757328033447,1.4411333799362183,0.0005020117969252169,34.40353012084961,6.27832491773006e-07,2.1458154151332565e-06,4.408240783959627e-05,0.16997243463993073,0.3262780010700226,0.006541650276631117,0.647038996219635,1.5339634418487549,,,,,
300,model.layers.19.self_attn.q_proj.weight,4096,1024,0.000244140625,0.0001660043781157583,3.089742660522461,0.0005797140765935183,0.16125574707984924,0.0004051874275319278,0.22518564760684967,0.22642269730567932,0.008818881586194038,0.41886061429977417,1.5230834484100342,0.00035142368869856,37.1353645324707,-4.0619602259539533e-07,1.0510946140129818e-06,0.00010396981087978929,0.24340882897377014,0.24398551881313324,0.009607558138668537,0.4506543278694153,1.5026143789291382,0.09210269153118134,0.09291993081569672,0.740277886390686,,
300,model.layers.19.self_attn.k_proj.weight,512,1024,0.0009765625,0.0010794125264510512,3.393152952194214,-4.147367235418642e-06,0.16599202156066895,0.0003551556437741965,0.2536521553993225,0.2102898210287094,0.013645133003592491,0.5619139671325684,1.3589237928390503,0.0010335033293813467,17.85017967224121,1.496116283306037e-06,1.373328245790617e-06,6.32591254543513e-05,0.20161299407482147,0.27210065722465515,0.007264353334903717,0.6209092736244202,1.460042119026184,,,,,
300,model.layers.19.self_attn.v_proj.weight,512,1024,0.0009765625,0.0007827985682524741,1.5982794761657715,-0.0014877519570291042,0.1390802562236786,0.0013211951591074467,0.1280907243490219,0.28535032272338867,0.00544674601405859,0.6933702826499939,1.4641727209091187,0.0011112106731161475,11.319067001342773,3.2075567446554487e-07,9.102078593059559e-07,0.00030230352422222495,0.3892999589443207,0.12872043251991272,0.019588353112339973,0.46595990657806396,1.380613088607788,,,,,
300,model.layers.19.self_attn.o_proj.weight,1024,2048,0.00048828125,0.00061909289797768,1.4160345792770386,-0.00046124079381115735,0.26513829827308655,4.410026303958148e-05,0.05961180850863457,0.5313473343849182,0.005959595553576946,0.632688045501709,1.4572163820266724,0.0005261803744360805,71.60792541503906,1.045539406163698e-07,1.701739620330045e-06,7.225989975268021e-05,0.20971541106700897,0.28286391496658325,0.010820150375366211,0.5582560300827026,1.4469319581985474,,,,,
300,model.layers.1.mlp.gate_proj.weight,3584,1024,0.00027901785714285713,0.0005097324028611183,3.2603962421417236,0.001060175127349794,0.2845449149608612,0.00032124851713888347,0.18714602291584015,0.2873459756374359,0.007756396662443876,0.5177176594734192,1.5175364017486572,0.00030421491828747094,73.00515747070312,6.678906743218249e-07,1.600184532435378e-06,9.660491195973009e-05,0.24165557324886322,0.2488960325717926,0.009032093919813633,0.4982295036315918,1.5110161304473877,,,,0.2390831708908081,0.23456445336341858
300,model.layers.1.mlp.up_proj.weight,3584,1024,0.00027901785714285713,0.0012452974915504456,2.837862491607666,0.0007400425965897739,0.4758010804653168,0.00016936275642365217,0.1703072339296341,0.32374945282936096,0.00962857622653246,0.5103468894958496,1.5131605863571167,0.0002805714029818773,28.701658248901367,4.88005184706708e-07,2.6463794711162336e-06,0.00010421347542433068,0.2256317436695099,0.26584506034851074,0.009405527263879776,0.5001614689826965,1.5145423412322998,,,,,
300,model.layers.1.mlp.down_proj.weight,1024,3584,0.00027901785714285713,0.00028016476426273584,4.8704118728637695,0.0007334592519327998,0.480154424905777,0.0011854696786031127,0.18262729048728943,0.2908787429332733,0.01322358101606369,0.5609544515609741,1.4437999725341797,0.0003175433957949281,115.1700210571289,-1.0301843644811015e-07,2.7939020128542325e-06,6.881001900183037e-05,0.199246346950531,0.2896108329296112,0.00828721933066845,0.5429010987281799,1.4790400266647339,0.10280393809080124,0.10726138949394226,0.7588093876838684,,
300,model.layers.12.mlp.gate_proj.weight,3584,1024,0.00027901785714285713,0.00018875321256928146,2.8614747524261475,0.000913020980078727,0.29831117391586304,0.0006493626278825104,0.1870380938053131,0.2444733828306198,0.006323129404336214,0.5674666166305542,1.5261894464492798,0.00040715618524700403,62.57277297973633,2.882506748846936e-07,1.4666542256236426e-06,0.00011615745461313054,0.2746155261993408,0.21452447772026062,0.014097089879214764,0.4240826666355133,1.451738715171814,,,,,
300,model.layers.12.mlp.up_proj.weight,3584,1024,0.00027901785714285713,0.00025009390083141625,2.4734792709350586,0.0004456132010091096,0.5037597417831421,0.0006134240538813174,0.21555544435977936,0.24830792844295502,0.0097888158634305,0.5168470144271851,1.5144225358963013,0.00029842034564353526,94.3263168334961,5.173743602426839e-07,2.090599991788622e-06,8.922792767407373e-05,0.21843427419662476,0.2700415551662445,0.008708802983164787,0.4900698661804199,1.5170316696166992,,,,,
300,model.layers.12.mlp.down_proj.weight,1024,3584,0.00027901785714285713,0.00025905840448103845,5.335463047027588,0.00046537068556062877,0.49771836400032043,0.0001538147625979036,0.18681278824806213,0.30904677510261536,0.01673956960439682,0.5632229447364807,1.4027369022369385,0.000279008352663368,74.73974609375,-1.528041138953995e-06,2.608871454867767e-06,5.559805504162796e-05,0.15211215615272522,0.3412184417247772,0.005913810804486275,0.6737728118896484,1.5418025255203247,0.09951255470514297,0.09531069546937943,0.7788161039352417,,
300,model.layers.22.mlp.gate_proj.weight,3584,1024,0.00027901785714285713,0.0002004679845413193,2.2613983154296875,-0.0008026864961721003,0.1265454888343811,0.0012695122277364135,0.1739078015089035,0.2537948787212372,0.008294926024973392,0.546893835067749,1.5149646997451782,0.00032871111761778593,55.50975036621094,-2.3747436728172033e-07,9.222087555826874e-07,9.350131585961208e-05,0.26335853338241577,0.2261030226945877,0.009446636773645878,0.4454710781574249,1.49016535282135,,,,0.21434293687343597,0.21331802010536194
300,model.layers.22.mlp.up_proj.weight,3584,1024,0.00027901785714285713,0.00022709449694957584,2.506978988647461,-0.0006910993251949549,0.2699209153652191,0.0009642888908274472,0.17514286935329437,0.2898005545139313,0.011913244612514973,0.5625677704811096,1.5118234157562256,0.0002865383285097778,70.48049926757812,-9.225643111676618e-07,1.506773401160899e-06,0.0001419693580828607,0.2325410693883896,0.25674867630004883,0.008584029972553253,0.49291330575942993,1.511444091796875,,,,,
300,model.layers.22.mlp.down_proj.weight,1024,3584,0.00027901785714285713,0.00035873556043952703,2.3470048904418945,-0.0008216193527914584,0.24760232865810394,0.00025641301181167364,0.10506642609834671,0.39768680930137634,0.008766332641243935,0.5447041988372803,1.465786337852478,0.0002820290974341333,39.450172424316406,-9.907410714049547e-08,1.815175323827134e-06,6.22490479145199e-05,0.2055823653936386,0.2820826470851898,0.008422763086855412,0.5220183730125427,1.4751949310302734,0.09428301453590393,0.08900164067745209,0.7334285974502563,,
300,model.layers.1.linear_attn.in_proj_qkv.weight,6144,1024,0.00016276041666666666,0.00010597696382319555,2.4956564903259277,0.0005119446432217956,0.24208465218544006,0.0006767140002921224,0.18925829231739044,0.26598984003067017,0.006173138972371817,0.5282517671585083,1.538883090019226,0.00019041802443098277,75.31544494628906,6.950238002900733e-07,1.128538769989973e-06,7.59229515097104e-05,0.2415856122970581,0.2464495599269867,0.00963297113776207,0.48379069566726685,1.5153952836990356,0.10597944259643555,0.10942360758781433,0.754575788974762,,
300,model.layers.1.linear_attn.out_proj.weight,1024,2048,0.00048828125,0.00018296211783308536,1.340840220451355,-0.0002021021646214649,0.5779964327812195,0.000297084596240893,0.12245291471481323,0.37253984808921814,0.00924271997064352,0.526120662689209,1.4520800113677979,0.0005416555213741958,91.06655883789062,2.85780652120593e-06,2.752752379819867e-06,5.092898936709389e-05,0.22040975093841553,0.2697623670101166,0.008201852440834045,0.5576112866401672,1.4793899059295654,,,,,
300,model.layers.12.linear_attn.in_proj_qkv.weight,6144,1024,0.00016276041666666666,5.2455197874223813e-05,1.9899179935455322,-0.00025536486646160483,0.30490511655807495,0.00047411915147677064,0.14177194237709045,0.26310843229293823,0.0030301122460514307,0.6279960870742798,1.553483486175537,0.00024157024745363742,37.99247741699219,1.331363819190301e-07,8.235151085500547e-07,8.585426257923245e-05,0.2551380693912506,0.2245052307844162,0.00973955076187849,0.4363766610622406,1.5123891830444336,0.09822726994752884,0.09894482046365738,0.7408350706100464,,
300,model.layers.12.linear_attn.out_proj.weight,1024,2048,0.00048828125,0.0003152441931888461,2.4654853343963623,-0.00026984268333762884,0.41010257601737976,3.690292578539811e-05,0.15139003098011017,0.346861332654953,0.016345316544175148,0.549663782119751,1.4351541996002197,0.0005031463224440813,70.54894256591797,1.0791010254251887e-06,2.484371634636773e-06,4.356746285338886e-05,0.18219079077243805,0.306179940700531,0.0071010286919772625,0.6214607954025269,1.4929203987121582,,,,,
300,model.layers.21.linear_attn.in_proj_qkv.weight,6144,1024,0.00016276041666666666,9.630320710130036e-05,3.276012659072876,0.00030650830012746155,0.07677999883890152,0.0006074435659684241,0.17475688457489014,0.2579217255115509,0.005145313683897257,0.5871578454971313,1.5457834005355835,0.0002212303370470181,64.7791976928711,7.964822401618221e-08,5.502533895196393e-07,9.601267811376601e-05,0.2698934078216553,0.21908685564994812,0.010567995719611645,0.4397880733013153,1.5087907314300537,0.08903390169143677,0.08811946958303452,0.7753587961196899,,
300,model.layers.21.linear_attn.out_proj.weight,1024,2048,0.00048828125,0.00037265854189172387,2.622694253921509,-7.198598905233666e-05,0.14145447313785553,9.860362479230389e-05,0.14295250177383423,0.3699938654899597,0.006260122172534466,0.5613088011741638,1.4804733991622925,0.0005550768692046404,27.964067459106445,5.685579367309401e-07,1.9765666365856305e-06,8.945432637119666e-05,0.22834885120391846,0.2650352120399475,0.008549577556550503,0.5234747529029846,1.4526283740997314,,,,,
