step,matrix,m,n,r_null,G_r_spectrum,G_stable_rank_G,G_alignment_GW,G_G_fro,G_energy_top,G_energy_mid,G_energy_tail,G_energy_top_rows,G_energy_tail_rows,G_pangle_Gtop_Wtop_mean,H_r_spectrum,H_stable_rank_G,H_alignment_GW,H_G_fro,H_energy_top,H_energy_mid,H_energy_tail,H_energy_top_rows,H_energy_tail_rows,H_pangle_Gtop_Wtop_mean,snr_diag_median,snr_offdiag_median,spearman_absC_snr
10,model.layers.1.self_attn.q_proj.weight,3072,3072,0.0003255208333333333,0.00027717198827303946,3.35355806350708,-0.00044423106010071933,0.04060950502753258,0.0010330292861908674,0.1617119461297989,0.24633634090423584,0.006856788415461779,0.6395722031593323,1.48273503780365,0.0004239030531607568,13.640495300292969,-0.002246722811833024,0.010121163912117481,0.001387004042044282,0.39022940397262573,0.10924758017063141,0.021007835865020752,0.31939181685447693,1.4468882083892822,0.08779394626617432,0.0914229303598404,0.7023212909698486
10,model.layers.1.self_attn.k_proj.weight,1024,3072,0.0003255208333333333,0.00036499538691714406,2.2443463802337646,-0.0007472814759239554,0.0320437066257,0.0004244091105647385,0.10691254585981369,0.20696590840816498,0.003115319646894932,0.8010419607162476,1.471063494682312,0.0005939282127656043,8.058493614196777,-0.0022750336211174726,0.005886578466743231,0.0017482320545241237,0.30669450759887695,0.15970486402511597,0.015176237560808659,0.4499962329864502,1.4239203929901123,,,
10,model.layers.1.self_attn.v_proj.weight,1024,3072,0.0003255208333333333,9.373695502290502e-05,1.4277422428131104,-0.00022778112906962633,0.2301449477672577,7.374834240181372e-05,0.11566412448883057,0.38658323884010315,0.012994502671062946,0.5576513409614563,1.4369038343429565,0.00044869398698210716,12.79369068145752,-0.0005479897954501212,0.00580040505155921,0.0002421000972390175,0.2870492935180664,0.20151422917842865,0.013412658125162125,0.48659956455230713,1.439505696296692,,,
10,model.layers.1.self_attn.o_proj.weight,3072,3072,0.0003255208333333333,0.00032929389271885157,4.5820112228393555,-0.00032618819386698306,0.08719858527183533,0.0006125001818872988,0.24952998757362366,0.22286559641361237,0.024172237142920494,0.4625881612300873,1.4264825582504272,0.00033427367452532053,9.057234764099121,0.000603799766395241,0.009976510889828205,0.0003663543611764908,0.24384264647960663,0.23598530888557434,0.018453316763043404,0.4669749438762665,1.445439338684082,,,
10,model.layers.14.self_attn.q_proj.weight,3072,3072,0.0003255208333333333,0.0004095542535651475,1.7362635135650635,-0.000392320187529549,0.07996441423892975,0.0010135595221072435,0.11022573709487915,0.35474488139152527,0.008227115496993065,0.7005167007446289,1.4867513179779053,0.00037479898310266435,7.564170837402344,0.0010455208830535412,0.009856748394668102,0.0015012490330263972,0.25723692774772644,0.2013666182756424,0.0170530267059803,0.4988720417022705,1.4509544372558594,0.08960536122322083,0.08767340332269669,0.8710448741912842
10,model.layers.14.self_attn.k_proj.weight,1024,3072,0.0003255208333333333,0.000429086183430627,2.916125535964966,-0.0008250607643276453,0.05549865588545799,0.0014793484006077051,0.16838060319423676,0.18768441677093506,0.01317595038563013,0.7025070190429688,1.420182466506958,0.0006794551154598594,10.30070972442627,0.0023077207151800394,0.005770609714090824,0.0017817295156419277,0.283270925283432,0.17335399985313416,0.018681271001696587,0.4996230900287628,1.4033005237579346,,,
10,model.layers.14.self_attn.v_proj.weight,1024,3072,0.0003255208333333333,0.00024128990480676293,2.2744288444519043,-0.0008453497430309653,0.17182132601737976,0.0005756228929385543,0.16593043506145477,0.31691646575927734,0.048032063990831375,0.5429336428642273,1.387630581855774,0.0003968217642977834,8.431944847106934,0.001072924816980958,0.005591605789959431,0.0003669294819701463,0.2489924132823944,0.23424923419952393,0.013866687193512917,0.5048193335533142,1.4299513101577759,,,
10,model.layers.14.self_attn.o_proj.weight,3072,3072,0.0003255208333333333,0.0003060096350964159,2.3612918853759766,-0.0004928155685774982,0.15074224770069122,0.0002726303646340966,0.1394050568342209,0.3049766719341278,0.06139663979411125,0.4316260814666748,1.3773212432861328,0.00032363482750952244,8.186962127685547,0.0010367564391344786,0.009617551229894161,0.00022572019952349365,0.19457730650901794,0.2762852609157562,0.033627431839704514,0.4509701430797577,1.3780192136764526,,,
10,model.layers.26.self_attn.q_proj.weight,3072,3072,0.0003255208333333333,0.0003662864619400352,2.0496065616607666,-0.00010339414438931271,0.03726870194077492,0.0032166524324566126,0.17975622415542603,0.24880538880825043,0.026936745271086693,0.6118404865264893,1.441369652748108,0.0003741071850527078,6.684084892272949,0.00017736322479322553,0.009635291062295437,0.0014391887234523892,0.24494335055351257,0.21590985357761383,0.019201619550585747,0.5128693580627441,1.4419922828674316,0.10166572779417038,0.10296440869569778,0.869358479976654
10,model.layers.26.self_attn.k_proj.weight,1024,3072,0.0003255208333333333,0.0005094352527521551,2.4671783447265625,-0.00017807702533900738,0.033179979771375656,0.0011062135454267263,0.21157027781009674,0.1782611459493637,0.013190990313887596,0.6675889492034912,1.4560165405273438,0.00039831429603509605,11.324800491333008,-0.0012545500649139285,0.005561228841543198,0.0007980437949299812,0.25001826882362366,0.19638122618198395,0.015141302719712257,0.5220290422439575,1.4248777627944946,,,
10,model.layers.26.self_attn.v_proj.weight,1024,3072,0.0003255208333333333,0.00020551834313664585,2.1701128482818604,-0.0003811428905464709,0.03805537521839142,0.00011973684013355523,0.14584317803382874,0.3451152741909027,0.04878539964556694,0.5339317917823792,1.4183759689331055,0.00036963066668249667,4.838206768035889,-0.0014286537189036608,0.005466307047754526,0.00012578806490637362,0.2269836813211441,0.2578275203704834,0.02308996021747589,0.48074814677238464,1.4270572662353516,,,
10,model.layers.26.self_attn.o_proj.weight,3072,3072,0.0003255208333333333,0.00035756450961343944,2.6724634170532227,-0.00023808781406842172,0.039922285825014114,0.00014080319670028985,0.14983819425106049,0.34765490889549255,0.005682775285094976,0.5711967349052429,1.5071206092834473,0.0003687863936647773,6.504673480987549,6.402959843399003e-05,0.009367628954350948,0.0002768527192529291,0.18618926405906677,0.3044711947441101,0.009103327989578247,0.5348109006881714,1.4929921627044678,,,
10,model.layers.1.mlp.gate_proj.weight,8192,3072,0.0001220703125,0.00013200927060097456,7.556697845458984,0.0003116446314379573,0.0692031979560852,0.0005011256434954703,0.21631304919719696,0.24283111095428467,0.011139106005430222,0.5842478275299072,1.510016679763794,0.00014140803250484169,19.41857147216797,-4.904461820842698e-05,0.016108712181448936,0.00031927251257002354,0.27178287506103516,0.21003027260303497,0.010845408774912357,0.4963526129722595,1.5118778944015503,,,
10,model.layers.1.mlp.up_proj.weight,8192,3072,0.0001220703125,0.00014363904483616352,6.294947147369385,0.00012983068882022053,0.08263006061315536,0.0001855577720561996,0.23788607120513916,0.2333039939403534,0.006928172428160906,0.5706918835639954,1.5217723846435547,0.0001287632912863046,18.76958465576172,0.00038688883068971336,0.01616462506353855,0.00012709086877293885,0.2848813533782959,0.20472611486911774,0.009958652779459953,0.4912910759449005,1.511278748512268,,,
10,model.layers.1.mlp.down_proj.weight,3072,8192,0.0001220703125,0.00015553233970422298,1.0045959949493408,7.66926950745983e-06,1.423448085784912,0.0012110595125705004,0.33721017837524414,0.13759033381938934,0.025239912793040276,0.4579193592071533,1.3920150995254517,0.00014001011732034385,28.03862953186035,0.00041719607543200254,0.016267532482743263,0.00092908157967031,0.24402867257595062,0.22935913503170013,0.03056524321436882,0.4852503538131714,1.384254813194275,0.09278196841478348,0.09422535449266434,0.6535309553146362
10,model.layers.14.mlp.gate_proj.weight,8192,3072,0.0001220703125,0.00010951876174658537,2.7730495929718018,0.0003841456491500139,0.09950146079063416,0.001144056674093008,0.19227604568004608,0.23382720351219177,0.0082283029332757,0.5571095943450928,1.522411584854126,0.00013100379146635532,11.376989364624023,-3.4916065487777814e-06,0.015752410516142845,0.0007468053954653442,0.25012174248695374,0.21734273433685303,0.01187958475202322,0.49752551317214966,1.5081186294555664,,,
10,model.layers.14.mlp.up_proj.weight,8192,3072,0.0001220703125,0.00013709254562854767,2.586742401123047,-4.675810032495065e-06,0.13044968247413635,0.001109458040446043,0.21887081861495972,0.22874385118484497,0.010677417740225792,0.4975154995918274,1.5111125707626343,0.0001444512017769739,9.753033638000488,0.0005014197085984051,0.01569564826786518,0.000621769402641803,0.2669473886489868,0.2033403068780899,0.010996686294674873,0.479076623916626,1.504934549331665,,,
10,model.layers.14.mlp.down_proj.weight,3072,8192,0.0001220703125,0.00012730843445751816,3.4611661434173584,-5.050449999544071e-06,0.1363823413848877,0.0008462130790576339,0.19834694266319275,0.26490041613578796,0.061969757080078125,0.5023353695869446,1.3570232391357422,0.00014294522406999022,11.353261947631836,0.0006600733613595366,0.015561021864414215,0.0007205646834336221,0.2326146960258484,0.2349165827035904,0.051599279046058655,0.4918161630630493,1.3270426988601685,0.08420130610466003,0.08496364951133728,0.9134979248046875
10,model.layers.26.mlp.gate_proj.weight,8192,3072,0.0001220703125,0.00036232301499694586,2.367544412612915,0.000675220915582031,0.0797797441482544,0.0023584463633596897,0.18143461644649506,0.24411006271839142,0.012509218417108059,0.55022794008255,1.51351797580719,0.00015836150851100683,8.547361373901367,0.0001273161033168435,0.015652699396014214,0.0007504363893531263,0.23223857581615448,0.2278299629688263,0.011494341306388378,0.49473920464515686,1.5106943845748901,,,
10,model.layers.26.mlp.up_proj.weight,8192,3072,0.0001220703125,0.0001261631550733,1.99012291431427,0.0011005609994754195,0.14313320815563202,0.0013864267384633422,0.12903673946857452,0.31881552934646606,0.010888274759054184,0.6600639820098877,1.5208525657653809,0.00015938316937536,7.364100456237793,-0.0009142908384092152,0.015592256560921669,0.0010536839254200459,0.2181243896484375,0.24181309342384338,0.011966950260102749,0.501143217086792,1.509915828704834,,,
10,model.layers.26.mlp.down_proj.weight,3072,8192,0.0001220703125,0.00010458370525157079,1.4980827569961548,0.0013333761598914862,0.12527869641780853,0.0010561172384768724,0.11284623295068741,0.3927816152572632,0.021559443324804306,0.6100547313690186,1.4573709964752197,0.000131943219457753,5.858914852142334,-9.16894496185705e-05,0.015431253239512444,0.0002970611385535449,0.1978488713502884,0.2834773361682892,0.015780264511704445,0.5856309533119202,1.4572796821594238,0.09743098169565201,0.10228066146373749,0.8684419989585876
20,model.layers.1.self_attn.q_proj.weight,3072,3072,0.0003255208333333333,0.0003052485699299723,2.147040605545044,0.0015953455585986376,0.03343205153942108,0.0034933038987219334,0.1791916936635971,0.18630176782608032,0.012427275069057941,0.5833485722541809,1.473009705543518,0.0004594595229718834,17.949861526489258,-0.0008881498943082988,0.007751991972327232,0.0019141208613291383,0.40470683574676514,0.10202053189277649,0.02198716253042221,0.30706244707107544,1.4460315704345703,0.08730804175138474,0.08051447570323944,0.7702752947807312
20,model.layers.1.self_attn.k_proj.weight,1024,3072,0.0003255208333333333,0.0003797954705078155,1.8362065553665161,0.00224286294542253,0.03182131052017212,0.0010894620791077614,0.09302248805761337,0.187676340341568,0.007351888809353113,0.7741266489028931,1.4511834383010864,0.0005672524566762149,9.256917953491211,-0.001550190383568406,0.004541985224932432,0.0013019224861636758,0.3115328550338745,0.1519796997308731,0.01622363179922104,0.43745243549346924,1.424691081047058,,,
20,model.layers.1.self_attn.v_proj.weight,1024,3072,0.0003255208333333333,9.1588131908793e-05,1.438997507095337,-0.0008944073924794793,0.2142723947763443,0.00012704514665529132,0.11915788799524307,0.36447376012802124,0.023123562335968018,0.5117689371109009,1.4432095289230347,0.00045192480320110917,11.328817367553711,0.0035497434437274933,0.004579346626996994,0.00028457341250032187,0.2910120487213135,0.19537946581840515,0.018227605149149895,0.4768853783607483,1.4335424900054932,,,
20,model.layers.1.self_attn.o_proj.weight,3072,3072,0.0003255208333333333,0.00033714028540998697,5.228039264678955,-0.0012749886373057961,0.08231177181005478,0.0005612877430394292,0.2519286572933197,0.22076751291751862,0.018899358808994293,0.46954819560050964,1.4383995532989502,0.00032499805092811584,8.446968078613281,0.0018561724573373795,0.007864125072956085,0.0004818510205950588,0.24211257696151733,0.23688732087612152,0.01909325085580349,0.46764126420021057,1.4505704641342163,,,
20,model.layers.14.self_attn.q_proj.weight,3072,3072,0.0003255208333333333,0.00041838805191218853,3.3507285118103027,0.00014711379481013864,0.07649195939302444,0.0011580995051190257,0.1357908844947815,0.31829357147216797,0.011720077134668827,0.6453699469566345,1.4773921966552734,0.0003294739581178874,10.711100578308105,0.0003045416669920087,0.007848397828638554,0.0010442504426464438,0.25773048400878906,0.20082898437976837,0.015569285489618778,0.5016655325889587,1.4542725086212158,0.07784416526556015,0.07647755742073059,0.8655146360397339
20,model.layers.14.self_attn.k_proj.weight,1024,3072,0.0003255208333333333,0.00048226804938167334,4.323974609375,0.0002606797788757831,0.06497740000486374,0.0014147611800581217,0.1815076470375061,0.20452281832695007,0.01501797791570425,0.6783826947212219,1.4443827867507935,0.000522109039593488,14.8649320602417,0.0006689314031973481,0.004541866481304169,0.0011395353358238935,0.27817031741142273,0.17432840168476105,0.019182883203029633,0.5145015120506287,1.3983086347579956,,,
20,model.layers.14.self_attn.v_proj.weight,1024,3072,0.0003255208333333333,0.0002441591350361705,3.216886281967163,-0.0002201754687121138,0.18469935655593872,0.00028427434153854847,0.19020703434944153,0.3020439147949219,0.015462403185665607,0.5496148467063904,1.4300758838653564,0.0004177895898465067,8.455801963806152,0.0008616769919171929,0.004570373799651861,0.0004979591467417777,0.2551708519458771,0.22864004969596863,0.014758824370801449,0.49182265996932983,1.4313843250274658,,,
20,model.layers.14.self_attn.o_proj.weight,3072,3072,0.0003255208333333333,0.00032473242026753724,4.147809982299805,-0.00011864386033266783,0.17733167111873627,0.00023984216386452317,0.1470758318901062,0.3259405791759491,0.03734308108687401,0.4784005582332611,1.3985936641693115,0.00033124969922937453,9.175149917602539,0.0007407492375932634,0.007842577062547207,0.0003203301166649908,0.19473876059055328,0.2759360373020172,0.038612596690654755,0.4545237123966217,1.3816752433776855,,,
20,model.layers.26.self_attn.q_proj.weight,3072,3072,0.0003255208333333333,0.0003186879330314696,2.6357836723327637,-0.00029589093173854053,0.04657020792365074,0.002119495766237378,0.17601525783538818,0.2513870894908905,0.018655305728316307,0.6291804313659668,1.4375262260437012,0.00035675999242812395,6.508632183074951,0.0016859399620443583,0.00825844518840313,0.0009253971511498094,0.2522442638874054,0.20648466050624847,0.016499899327754974,0.5109749436378479,1.4473886489868164,0.08216667920351028,0.08383854478597641,0.8335269093513489
20,model.layers.26.self_attn.k_proj.weight,1024,3072,0.0003255208333333333,0.0005068756872788072,3.3750405311584473,-0.00045942410361021757,0.045378074049949646,0.0005001626559533179,0.18626856803894043,0.20504087209701538,0.008848486468195915,0.7026729583740234,1.4564703702926636,0.0004080829385202378,10.042527198791504,-9.569762187311426e-05,0.004845555871725082,0.0010439744219183922,0.2554255425930023,0.1957665979862213,0.015650492161512375,0.5164241194725037,1.4296820163726807,,,
20,model.layers.26.self_attn.v_proj.weight,1024,3072,0.0003255208333333333,0.00020485935965552926,2.660341262817383,0.0003516658616717905,0.04831969365477562,9.664019307820126e-05,0.17191679775714874,0.312100887298584,0.03687623515725136,0.5130276083946228,1.422747015953064,0.000357328011887148,5.231893539428711,5.68422328797169e-05,0.004680386278778315,0.00015297277423087507,0.2271239310503006,0.25645893812179565,0.02485981583595276,0.4810195863246918,1.4290827512741089,,,
20,model.layers.26.self_attn.o_proj.weight,3072,3072,0.0003255208333333333,0.0003324829740449786,3.3091328144073486,0.00023087287263479084,0.04820866137742996,0.00025045021902769804,0.1817806214094162,0.31103646755218506,0.00724291754886508,0.5498310923576355,1.4973442554473877,0.00033051479840651155,6.032824516296387,0.001121952896937728,0.008111606352031231,0.00042015290819108486,0.19384199380874634,0.29219621419906616,0.009666978381574154,0.5233586430549622,1.4940098524093628,,,
20,model.layers.1.mlp.gate_proj.weight,8192,3072,0.0001220703125,0.00014331894635688514,5.27836799621582,0.0006044390611350536,0.07164981216192245,0.0003501623577903956,0.22923192381858826,0.23593813180923462,0.008985628373920918,0.5656967759132385,1.5159767866134644,0.00012669473653659225,15.957718849182129,1.3256416423246264e-05,0.012592727318406105,0.0003175052406731993,0.2726691961288452,0.20868079364299774,0.010715633630752563,0.4953858256340027,1.5119301080703735,,,
20,model.layers.1.mlp.up_proj.weight,8192,3072,0.0001220703125,0.00014894666674081236,5.311005592346191,0.0005096665699966252,0.08247178792953491,0.00013382387987803668,0.25266432762145996,0.22652281820774078,0.008139699697494507,0.5466145873069763,1.5165177583694458,0.00012872226943727583,14.819740295410156,0.0003059533191844821,0.01264037936925888,0.0001647269236855209,0.2834964692592621,0.20446649193763733,0.009970004670321941,0.49430108070373535,1.5124728679656982,,,
20,model.layers.1.mlp.down_proj.weight,3072,8192,0.0001220703125,0.00014912316692061722,1.006515622138977,3.399901106604375e-05,1.2482390403747559,0.0016903872601687908,0.34459084272384644,0.13147996366024017,0.03506704047322273,0.4365677535533905,1.4112815856933594,0.00015377861564047635,16.304840087890625,0.00042656034929677844,0.012696458026766777,0.0009243268286809325,0.24442355334758759,0.22981677949428558,0.02778584323823452,0.48746025562286377,1.3999967575073242,0.07935129106044769,0.08102297782897949,0.659124493598938
20,model.layers.14.mlp.gate_proj.weight,8192,3072,0.0001220703125,0.00011032879410777241,3.4700284004211426,0.00032727301004342735,0.12090940028429031,0.0006831445498391986,0.1861320585012436,0.25251540541648865,0.006363485939800739,0.5834552049636841,1.52474045753479,0.00012906815391033888,11.750288963317871,9.698641952127218e-05,0.012822723016142845,0.0005905022844672203,0.25176623463630676,0.21541228890419006,0.010728561319410801,0.4950730502605438,1.512272596359253,,,
20,model.layers.14.mlp.up_proj.weight,8192,3072,0.0001220703125,0.00013172505714464933,4.51053524017334,-1.7728845705278218e-05,0.1384885609149933,0.0009183090296573937,0.21554353833198547,0.2376854568719864,0.009706772863864899,0.508377194404602,1.5133767127990723,0.0001444467343389988,8.75060749053955,0.0008346781833097339,0.01289626769721508,0.0006232497980818152,0.2695823311805725,0.20156268775463104,0.010120553895831108,0.476802259683609,1.5085854530334473,,,
20,model.layers.14.mlp.down_proj.weight,3072,8192,0.0001220703125,0.00013936606410425156,5.683290481567383,-1.6645572031848133e-05,0.15673531591892242,0.00048177727148868144,0.18176484107971191,0.2972610294818878,0.035285353660583496,0.5726787447929382,1.3903688192367554,0.00013061761274002492,10.44084644317627,0.0008521092240698636,0.012887409888207912,0.000553579127881676,0.23559929430484772,0.23879678547382355,0.038354840129613876,0.5020778775215149,1.3579596281051636,0.08276466280221939,0.08174191415309906,0.9018788933753967
20,model.layers.26.mlp.gate_proj.weight,8192,3072,0.0001220703125,0.00023481444804929197,3.524186134338379,0.0010734613751992583,0.06875189393758774,0.0010137371718883514,0.19740547239780426,0.24282436072826385,0.008157642558217049,0.5424599647521973,1.518644094467163,0.000124892481835559,8.391778945922852,0.0008872001781128347,0.013031493872404099,0.0008948001195676625,0.23257464170455933,0.22433941066265106,0.010912842117249966,0.4986741542816162,1.5161926746368408,,,
20,model.layers.26.mlp.up_proj.weight,8192,3072,0.0001220703125,0.00014221867604646832,3.6477105617523193,0.0013468952383846045,0.11127620935440063,0.001460678526200354,0.14943823218345642,0.3037220239639282,0.013296714052557945,0.632762610912323,1.5189813375473022,0.00016912919818423688,7.161037921905518,-0.0008629566873423755,0.012910697609186172,0.0012834349181503057,0.220791295170784,0.2339819073677063,0.013034903444349766,0.4950161576271057,1.5039913654327393,,,
20,model.layers.26.mlp.down_proj.weight,3072,8192,0.0001220703125,0.00010701853170758113,1.8045763969421387,0.0013479669578373432,0.11766684055328369,0.0007551285671070218,0.12099841237068176,0.3825186491012573,0.013542271219193935,0.6158884763717651,1.466376543045044,0.00012892612721771002,5.666684150695801,0.00039086875040084124,0.012784742750227451,0.0002788477286230773,0.20451372861862183,0.2762395441532135,0.014457343146204948,0.5723094940185547,1.4613580703735352,0.08310861885547638,0.08021122962236404,0.8610922694206238
30,model.layers.1.self_attn.q_proj.weight,3072,3072,0.0003255208333333333,0.0002687525993678719,2.256849527359009,0.0005571825313381851,0.04194476827979088,0.0020093952771276236,0.19843478500843048,0.18657387793064117,0.009272206574678421,0.5215367674827576,1.478745937347412,0.0006477295537479222,10.56462574005127,0.0010993501637130976,0.00733153847977519,0.002450548345223069,0.39173808693885803,0.10060007125139236,0.021677281707525253,0.3116600513458252,1.444913387298584,0.07585180550813675,0.07950864732265472,0.7648882865905762
30,model.layers.1.self_attn.k_proj.weight,1024,3072,0.0003255208333333333,0.0004367835936136544,2.9277915954589844,0.0008947551832534373,0.03466937318444252,0.0007849055691622198,0.10045524686574936,0.20508162677288055,0.004144212231040001,0.8043638467788696,1.467105746269226,0.0005915584042668343,7.082521438598633,0.002536366693675518,0.00444194208830595,0.0022153756581246853,0.30820348858833313,0.13591253757476807,0.017914921045303345,0.41166841983795166,1.4090585708618164,,,
30,model.layers.1.self_attn.v_proj.weight,1024,3072,0.0003255208333333333,9.403079457115382e-05,1.5459002256393433,0.00024579273303970695,0.2216075211763382,0.00012609438272193074,0.1445407271385193,0.34316930174827576,0.022256366908550262,0.5006105303764343,1.4344395399093628,0.00045154840336181223,13.04525375366211,0.004044768866151571,0.004144246689975262,0.0002492822241038084,0.2987630367279053,0.19107531011104584,0.013705297373235226,0.4692267179489136,1.4421268701553345,,,
30,model.layers.1.self_attn.o_proj.weight,3072,3072,0.0003255208333333333,0.00035192572977393866,4.776008129119873,0.00033707029069773853,0.08866477757692337,0.0008056231890805066,0.25078943371772766,0.2268352061510086,0.021512912586331367,0.4870704412460327,1.4404914379119873,0.00033744453685358167,8.494668006896973,0.0027766218408942223,0.007172219920903444,0.00044468953274190426,0.2399962693452835,0.24009981751441956,0.01886361464858055,0.47767525911331177,1.4406712055206299,,,
30,model.layers.14.self_attn.q_proj.weight,3072,3072,0.0003255208333333333,0.0003882667515426874,2.6745965480804443,-0.0004584442940540612,0.06980865448713303,0.0009895398980006576,0.1597547084093094,0.28406181931495667,0.008304856717586517,0.5956243872642517,1.4935202598571777,0.0003800349368248135,10.932397842407227,0.0032714884728193283,0.007225017063319683,0.0009778110543265939,0.26786547899246216,0.1951625645160675,0.01600520685315132,0.4899425804615021,1.4499179124832153,0.07818610966205597,0.08106987923383713,0.8805254697799683
30,model.layers.14.self_attn.k_proj.weight,1024,3072,0.0003255208333333333,0.0004331817617639899,3.302086114883423,-0.0009117251029238105,0.05177107825875282,0.0009801676496863365,0.17747536301612854,0.19613003730773926,0.010495951399207115,0.6954541206359863,1.4473202228546143,0.0004394128918647766,10.458845138549805,0.00543805630877614,0.004186324309557676,0.0007678666152060032,0.27227896451950073,0.17955395579338074,0.018709124997258186,0.5237354636192322,1.4011818170547485,,,
30,model.layers.14.self_attn.v_proj.weight,1024,3072,0.0003255208333333333,0.00032703010947443545,1.713005781173706,-0.0020870768930763006,0.2634531259536743,9.810046321945265e-05,0.20825307071208954,0.2847374677658081,0.008621328510344028,0.5311530232429504,1.446414828300476,0.00039269591798074543,7.636464595794678,0.0035751848481595516,0.00428138580173254,0.00029498524963855743,0.2565630376338959,0.23079204559326172,0.010574735701084137,0.49157771468162537,1.4603055715560913,,,
30,model.layers.14.self_attn.o_proj.weight,3072,3072,0.0003255208333333333,0.0003280444070696831,3.4296252727508545,-0.0015964070335030556,0.17601580917835236,0.00017061471589840949,0.18587563931941986,0.2926020920276642,0.03583962470293045,0.4531429409980774,1.398703694343567,0.0003227824345231056,8.862600326538086,0.0025948863476514816,0.0073782033286988735,0.00024459927226416767,0.19442400336265564,0.2773362100124359,0.03480721637606621,0.462405264377594,1.398239016532898,,,
30,model.layers.26.self_attn.q_proj.weight,3072,3072,0.0003255208333333333,0.00041366941877640784,2.961188554763794,-0.0015910242218524218,0.03220725432038307,0.0019168403232470155,0.16809001564979553,0.25517356395721436,0.016609616577625275,0.6389917135238647,1.4614927768707275,0.0003577133466023952,7.9757585525512695,0.00021729234140366316,0.00741572817787528,0.0013363354373723269,0.2603398561477661,0.20198240876197815,0.017807284370064735,0.49090510606765747,1.4478267431259155,0.07163715362548828,0.07188361138105392,0.8729166984558105
30,model.layers.26.self_attn.k_proj.weight,1024,3072,0.0003255208333333333,0.000523691822309047,4.698354721069336,-0.0026397390756756067,0.02950405701994896,0.0008227460784837604,0.19152790307998657,0.1837802529335022,0.010556611232459545,0.6928969025611877,1.4506033658981323,0.0005069014150649309,14.278901100158691,0.002593719633296132,0.00428151898086071,0.0012559730093926191,0.2690609097480774,0.19024774432182312,0.01754460670053959,0.4977034032344818,1.4128353595733643,,,
30,model.layers.26.self_attn.v_proj.weight,1024,3072,0.0003255208333333333,0.0002080938284052536,1.9400949478149414,-0.0006148449028842151,0.043382201343774796,0.0003315822687000036,0.14157485961914062,0.28674083948135376,0.16574488580226898,0.4444347620010376,1.4168809652328491,0.00035003136144950986,6.06771183013916,0.002401017816737294,0.004192466381937265,0.00013567165296990424,0.23837639391422272,0.2506471574306488,0.014796284958720207,0.4759586751461029,1.4399607181549072,,,
30,model.layers.26.self_attn.o_proj.weight,3072,3072,0.0003255208333333333,0.0003203734231647104,3.832430124282837,-0.0004490268474910408,0.038675349205732346,0.0009150064433924854,0.1528681516647339,0.33338233828544617,0.012309553101658821,0.5408480167388916,1.4959673881530762,0.00033771805465221405,7.008234977722168,0.0015011741779744625,0.00741025572642684,0.0001783666230039671,0.18816423416137695,0.30228540301322937,0.006908849347382784,0.5321182608604431,1.4997897148132324,,,
30,model.layers.1.mlp.gate_proj.weight,8192,3072,0.0001220703125,0.00013032936840318143,4.6307525634765625,-0.0007815666613169014,0.07382398098707199,0.0005275490693747997,0.21509888768196106,0.23811936378479004,0.009853314608335495,0.5902010798454285,1.51372492313385,0.00012522426550276577,18.78467559814453,0.0009491807431913912,0.011509294621646404,0.0003130257537122816,0.2713625729084015,0.2097223848104477,0.011162370443344116,0.49766072630882263,1.5108153820037842,,,
30,model.layers.1.mlp.up_proj.weight,8192,3072,0.0001220703125,0.00014161854051053524,4.784184455871582,-0.000688815547619015,0.08524084836244583,0.00019442928896751255,0.24963390827178955,0.22628556191921234,0.008706632070243359,0.5509734153747559,1.5187684297561646,0.00012835380039177835,17.796018600463867,0.001165925757959485,0.011538917198777199,0.000187260375241749,0.28529274463653564,0.2030307501554489,0.01032774243503809,0.4911877512931824,1.5107316970825195,,,
30,model.layers.1.mlp.down_proj.weight,3072,8192,0.0001220703125,0.00016306131146848202,1.006986379623413,-4.9888945795828477e-05,1.1788856983184814,0.0016762190498411655,0.3374917209148407,0.13480857014656067,0.03504641726613045,0.4474460482597351,1.407158613204956,0.00014988009934313595,17.71926498413086,0.001256037037819624,0.011555234901607037,0.0007993799517862499,0.2463669627904892,0.22866570949554443,0.027465568855404854,0.4841834008693695,1.385647177696228,0.08107345551252365,0.08203689754009247,0.6821945309638977
30,model.layers.14.mlp.gate_proj.weight,8192,3072,0.0001220703125,0.00012886011973023415,2.4263534545898438,-0.0005382422241382301,0.11439412832260132,0.0011672255350276828,0.20554396510124207,0.23052453994750977,0.009307987056672573,0.5370069146156311,1.5226103067398071,0.0001265704195247963,10.924623489379883,0.0007729556527920067,0.012130657210946083,0.0005425765994004905,0.2505679726600647,0.21663686633110046,0.01016668789088726,0.4983532726764679,1.5168784856796265,,,
30,model.layers.14.mlp.up_proj.weight,8192,3072,0.0001220703125,0.00014392708544619381,2.3452460765838623,-0.00036694217124022543,0.1543945074081421,0.0004989507142454386,0.24256306886672974,0.22076430916786194,0.007657223846763372,0.4800449013710022,1.5100302696228027,0.00014119823754299432,8.090288162231445,0.0007720220601186156,0.012208927422761917,0.0005097041721455753,0.27335411310195923,0.19990600645542145,0.010158167220652103,0.4734879434108734,1.5095187425613403,,,
30,model.layers.14.mlp.down_proj.weight,3072,8192,0.0001220703125,0.00013160693924874067,2.9302330017089844,-0.00035685781040228903,0.16270135343074799,0.00042720010969787836,0.22727298736572266,0.25601544976234436,0.028524868190288544,0.5005679130554199,1.394645094871521,0.0001313003886025399,10.531377792358398,0.0007343021570704877,0.012153098359704018,0.0004680653219111264,0.23983722925186157,0.2375684231519699,0.03286292776465416,0.49872300028800964,1.3949315547943115,0.07641653716564178,0.07589110732078552,0.8896210789680481
30,model.layers.26.mlp.gate_proj.weight,8192,3072,0.0001220703125,0.0003153590077999979,3.5515248775482178,-0.00034417491406202316,0.06336264312267303,0.0022325932513922453,0.18245872855186462,0.2445591241121292,0.01132412999868393,0.5649496912956238,1.5151915550231934,0.0001383698545396328,8.926522254943848,0.0014430424198508263,0.012169786728918552,0.0008820391958579421,0.23428621888160706,0.22179046273231506,0.01136995293200016,0.4993821084499359,1.5105440616607666,,,
30,model.layers.26.mlp.up_proj.weight,8192,3072,0.0001220703125,0.0001367531658615917,3.4720959663391113,-0.0011093830689787865,0.09157204627990723,0.0029903517570346594,0.15184399485588074,0.2898312211036682,0.017194727435708046,0.6183565855026245,1.5227365493774414,0.0001361190661555156,8.16756534576416,0.0007495200261473656,0.011860060505568981,0.0008396984776481986,0.22327271103858948,0.23267589509487152,0.011387470178306103,0.49542954564094543,1.5141569375991821,,,
30,model.layers.26.mlp.down_proj.weight,3072,8192,0.0001220703125,0.0001011947460938245,1.7601877450942993,-0.0010268900077790022,0.10466476529836655,0.0007537897909060121,0.1319412887096405,0.36681997776031494,0.014720238745212555,0.5856600999832153,1.4521257877349854,0.00013397476868703961,6.337343692779541,0.0008885847055353224,0.011731056496500969,0.0004638605460058898,0.20862433314323425,0.2709996700286865,0.01784045621752739,0.5639589428901672,1.452860951423645,0.0838516354560852,0.07778109610080719,0.8828310370445251
40,model.layers.1.self_attn.q_proj.weight,3072,3072,0.0003255208333333333,0.00025891841505654156,2.4435462951660156,-0.0013145367847755551,0.02915404736995697,0.00323665258474648,0.18281489610671997,0.17366096377372742,0.011614108458161354,0.5501037836074829,1.4758968353271484,0.0004284715687390417,9.68135929107666,0.001061171293258667,0.006669113878160715,0.0023019760847091675,0.38370978832244873,0.101808100938797,0.020877934992313385,0.3206239342689514,1.442840576171875,0.07591504603624344,0.07683736830949783,0.7885357737541199
40,model.layers.1.self_attn.k_proj.weight,1024,3072,0.0003255208333333333,0.0005653520347550511,3.122323989868164,-0.0021986912470310926,0.023395689204335213,0.0017502515111118555,0.10239333659410477,0.18929268419742584,0.005443963687866926,0.7859722375869751,1.4630458354949951,0.0006863033631816506,6.575974464416504,0.003293957794085145,0.003915255423635244,0.0036593598779290915,0.29275551438331604,0.13914667069911957,0.01721056178212166,0.44072628021240234,1.4282383918762207,,,
40,model.layers.1.self_attn.v_proj.weight,1024,3072,0.0003255208333333333,9.8421260190662e-05,1.4845614433288574,-0.00042231709812767804,0.19975045323371887,7.617468509124592e-05,0.1388518363237381,0.35463470220565796,0.016448888927698135,0.5128494501113892,1.4204139709472656,0.0005095158703625202,11.385004043579102,0.005673362407833338,0.0039695855230093,0.0002310936979483813,0.2910419702529907,0.1969468742609024,0.01418735459446907,0.4815836250782013,1.4385802745819092,,,
40,model.layers.1.self_attn.o_proj.weight,3072,3072,0.0003255208333333333,0.000333834090270102,4.212409019470215,-0.0005517752724699676,0.08309707790613174,0.0006412745569832623,0.2500818073749542,0.2233859896659851,0.017323480919003487,0.4815182387828827,1.4508979320526123,0.00034885716740973294,7.536738395690918,0.003068440593779087,0.006875632796436548,0.0004603046691045165,0.23493514955043793,0.2459450513124466,0.017880022525787354,0.48299679160118103,1.4529917240142822,,,
40,model.layers.14.self_attn.q_proj.weight,3072,3072,0.0003255208333333333,0.00043523404747247696,3.25238037109375,-0.0003059569571632892,0.06533123552799225,0.0008957128156907856,0.14230893552303314,0.3147992789745331,0.009024553932249546,0.6401071548461914,1.4871430397033691,0.0003937217697966844,9.24119758605957,0.0005729435943067074,0.007004660554230213,0.0009828828042373061,0.2672056257724762,0.19673363864421844,0.015115899033844471,0.4934931993484497,1.4581987857818604,0.0689578428864479,0.06912411004304886,0.8706130385398865
40,model.layers.14.self_attn.k_proj.weight,1024,3072,0.0003255208333333333,0.000661775004118681,5.30817985534668,-0.0006084470078349113,0.04944543167948723,0.0013165107229724526,0.19126546382904053,0.1957492232322693,0.013303939253091812,0.6682610511779785,1.4337236881256104,0.00045327225234359503,14.577482223510742,-1.1813970559160225e-05,0.004020307213068008,0.0009601328056305647,0.27987948060035706,0.17313635349273682,0.016939053311944008,0.5172668695449829,1.4119482040405273,,,
40,model.layers.14.self_attn.v_proj.weight,1024,3072,0.0003255208333333333,0.000258623156696558,2.934277296066284,0.0003186464018654078,0.16326259076595306,0.00034893309930339456,0.19786182045936584,0.2879406809806824,0.021514737978577614,0.5348877906799316,1.415568232536316,0.0003982074558734894,6.5753493309021,0.0020116486120969057,0.0041434806771576405,0.00026328908279538155,0.2629528045654297,0.22280628979206085,0.01151192281395197,0.4867108464241028,1.439818263053894,,,
40,model.layers.14.self_attn.o_proj.weight,3072,3072,0.0003255208333333333,0.0002867166476789862,2.981492757797241,0.0001615005312487483,0.16301999986171722,0.00023303335183300078,0.13705669343471527,0.3288295269012451,0.04106970503926277,0.46326562762260437,1.3786206245422363,0.0003208660345990211,6.631897449493408,0.0015300287632271647,0.007201939821243286,0.0002562231966294348,0.19083763659000397,0.2866517901420593,0.03130999952554703,0.4674648642539978,1.4118452072143555,,,
40,model.layers.26.self_attn.q_proj.weight,3072,3072,0.0003255208333333333,0.0005762766813859344,2.0677545070648193,0.001109751290641725,0.03823380172252655,0.0035404744558036327,0.15693102777004242,0.2553938627243042,0.025059150531888008,0.646780788898468,1.4327471256256104,0.00039222571649588645,7.192748546600342,-5.424874325399287e-05,0.006917236838489771,0.0013360861921682954,0.24341313540935516,0.21514743566513062,0.017475955188274384,0.5162925720214844,1.4486689567565918,0.07960911095142365,0.08146137744188309,0.8361281156539917
40,model.layers.26.self_attn.k_proj.weight,1024,3072,0.0003255208333333333,0.0006693296600133181,3.168236494064331,0.001854199217632413,0.03483444079756737,0.0013142426032572985,0.20425526797771454,0.18559318780899048,0.011827771551907063,0.6580179929733276,1.4394081830978394,0.0004352458636276424,10.166606903076172,0.0018158906605094671,0.004014438483864069,0.0013363707112148404,0.24560421705245972,0.19327948987483978,0.017038585618138313,0.5305652618408203,1.4130953550338745,,,
40,model.layers.26.self_attn.v_proj.weight,1024,3072,0.0003255208333333333,0.00027384317945688963,1.777698278427124,-0.00030172549304552376,0.044601358473300934,0.00042413463233970106,0.136637881398201,0.320261687040329,0.12556205689907074,0.49392446875572205,1.42255437374115,0.0003679546352941543,4.687004566192627,0.0013544486137107015,0.00396532379090786,0.00019742223958019167,0.2325456589460373,0.2520807981491089,0.020131118595600128,0.480598121881485,1.4306682348251343,,,
40,model.layers.26.self_attn.o_proj.weight,3072,3072,0.0003255208333333333,0.00033035356318578124,2.7673797607421875,-0.0002128276537405327,0.04141305387020111,0.0007958477945066988,0.15872707962989807,0.3171014189720154,0.009248309768736362,0.5374002456665039,1.5034667253494263,0.0003601926437113434,5.329385280609131,0.0007177706575021148,0.0069269961677491665,0.0003607843827921897,0.1833556741476059,0.30203598737716675,0.007481480948626995,0.5362603068351746,1.503825068473816,,,
40,model.layers.1.mlp.gate_proj.weight,8192,3072,0.0001220703125,0.00012242409866303205,6.824895858764648,-8.42887948238058e-06,0.06292473524808884,0.00042998624849133193,0.24438317120075226,0.21774518489837646,0.010048827156424522,0.5381041169166565,1.5130571126937866,0.00012896372936666012,13.588878631591797,0.0013837188016623259,0.011093120090663433,0.0003532265836838633,0.27244770526885986,0.20716041326522827,0.010820746421813965,0.49843379855155945,1.5096927881240845,,,
40,model.layers.1.mlp.up_proj.weight,8192,3072,0.0001220703125,0.00013424856297206134,7.124791145324707,-0.00028901369660161436,0.07395703345537186,0.00016057537868618965,0.2713189721107483,0.2102322280406952,0.008674884214997292,0.5230006575584412,1.5172860622406006,0.00012758246157318354,13.406760215759277,0.001427621697075665,0.011142660863697529,0.0001879554765764624,0.28685566782951355,0.20097719132900238,0.010889038443565369,0.4903706908226013,1.507513165473938,,,
40,model.layers.1.mlp.down_proj.weight,3072,8192,0.0001220703125,0.00018289846775587648,1.0057787895202637,-1.7991644199355505e-05,1.194469928741455,0.002026848727837205,0.3482155203819275,0.12747451663017273,0.04221409186720848,0.42382922768592834,1.4193576574325562,0.00015725562116131186,18.338422775268555,0.0011864706175401807,0.011106442660093307,0.0010614809580147266,0.24167172610759735,0.23333700001239777,0.02657904289662838,0.4937031865119934,1.4087417125701904,0.0885600745677948,0.08694776147603989,0.6442294716835022
40,model.layers.14.mlp.gate_proj.weight,8192,3072,0.0001220703125,0.00011198096763109788,4.021100044250488,-7.776729034958407e-06,0.09616971015930176,0.0006933532422408462,0.2037053257226944,0.23621118068695068,0.006781785748898983,0.5521485209465027,1.5251410007476807,0.00012306083226576447,7.694360733032227,0.0007464438094757497,0.011545802466571331,0.0005633992841467261,0.2529146671295166,0.21396343410015106,0.010118578560650349,0.4966221749782562,1.5130784511566162,,,
40,model.layers.14.mlp.up_proj.weight,8192,3072,0.0001220703125,0.00013496397878043354,3.7405033111572266,9.687298006610945e-05,0.12509745359420776,0.0009993580169975758,0.22967246174812317,0.2242099940776825,0.010736211203038692,0.4968428611755371,1.5098880529403687,0.0001461251376895234,5.410445690155029,0.000759501475840807,0.011773787438869476,0.0005784483510069549,0.27896949648857117,0.1967899054288864,0.010908865369856358,0.4700436294078827,1.503408432006836,,,
40,model.layers.14.mlp.down_proj.weight,3072,8192,0.0001220703125,0.0001319687580689788,4.593226909637451,8.900872489903122e-05,0.13903185725212097,0.0005406964919529855,0.2060842514038086,0.2689949870109558,0.042663633823394775,0.5182035565376282,1.3643896579742432,0.00013514439342543483,6.2140278816223145,0.0007398269372060895,0.01171764638274908,0.00045237314770929515,0.24518105387687683,0.23325541615486145,0.03151170164346695,0.49350130558013916,1.3916618824005127,0.07170949131250381,0.07484064251184464,0.8792269229888916
40,model.layers.26.mlp.gate_proj.weight,8192,3072,0.0001220703125,0.00014461636601481587,3.3363425731658936,0.001149474293924868,0.06686399132013321,0.0012375271180644631,0.1832546442747116,0.24994337558746338,0.008621559478342533,0.5688009262084961,1.521222710609436,0.00013104289246257395,8.741131782531738,-0.000923472223803401,0.011178754270076752,0.000719713163562119,0.23626458644866943,0.22121188044548035,0.010492161847651005,0.5004790425300598,1.5164415836334229,,,
40,model.layers.26.mlp.up_proj.weight,8192,3072,0.0001220703125,0.00011716313747456297,2.2010316848754883,0.00016630061145406216,0.11662296950817108,0.001340628368780017,0.12067992985248566,0.3156018555164337,0.010312855243682861,0.6911395192146301,1.5209324359893799,0.00012511508248280734,7.853188514709473,0.0005505376029759645,0.011049577035009861,0.0009624134982004762,0.22507335245609283,0.22858475148677826,0.011808964423835278,0.49505576491355896,1.5112318992614746,,,
40,model.layers.26.mlp.down_proj.weight,3072,8192,0.0001220703125,0.0001002108256216161,1.6728932857513428,0.0001860365446191281,0.10973171144723892,0.0010398500598967075,0.12111307680606842,0.37461212277412415,0.020143866539001465,0.6041164398193359,1.458456039428711,0.00013378066068980843,6.0477190017700195,0.0001338696019956842,0.011094332672655582,0.00033208989771083,0.2054867446422577,0.2741452753543854,0.01593366451561451,0.5672078132629395,1.4549392461776733,0.08753157407045364,0.08675147593021393,0.8643847703933716
50,model.layers.1.self_attn.q_proj.weight,3072,3072,0.0003255208333333333,0.000457835296401754,1.4706147909164429,0.0017804132075980306,0.04721333086490631,0.003974289633333683,0.16801130771636963,0.17333459854125977,0.011417555622756481,0.5628726482391357,1.4745280742645264,0.00045136682456359267,6.862918853759766,0.0018783251289278269,0.006744314916431904,0.0028311682399362326,0.38482749462127686,0.1039901152253151,0.0220993272960186,0.31675979495048523,1.4449279308319092,0.09324575215578079,0.09364953637123108,0.7328024506568909
50,model.layers.1.self_attn.k_proj.weight,1024,3072,0.0003255208333333333,0.00038282753666862845,1.307682991027832,0.0025121092330664396,0.04466855525970459,0.001225203275680542,0.06409434974193573,0.21096523106098175,0.003481833729892969,0.8451000452041626,1.474066138267517,0.0006029494688846171,6.674954891204834,0.0036139118019491434,0.003939700312912464,0.0035402821376919746,0.2906075417995453,0.1405114382505417,0.017205940559506416,0.4399532675743103,1.4324076175689697,,,
50,model.layers.1.self_attn.v_proj.weight,1024,3072,0.0003255208333333333,0.00011627835920080543,1.6974995136260986,-0.00033741124207153916,0.24408680200576782,7.008293323451653e-05,0.10041487216949463,0.4372313916683197,0.010682208463549614,0.6553487777709961,1.4435299634933472,0.0004762970202136785,7.570540904998779,0.005172310397028923,0.004054153338074684,0.00022754074598196894,0.2869964838027954,0.20269379019737244,0.012173403985798359,0.4874354898929596,1.4651403427124023,,,
50,model.layers.1.self_attn.o_proj.weight,3072,3072,0.0003255208333333333,0.00034734493237920105,1.5143376588821411,-0.00030797612271271646,0.1470135748386383,0.0002669332316145301,0.16746537387371063,0.33766964077949524,0.011990808881819248,0.5746073722839355,1.4408793449401855,0.00033492891816422343,5.336550712585449,0.0031537001486867666,0.007123890798538923,0.0002933395153377205,0.22887453436851501,0.253515362739563,0.014882541261613369,0.48568469285964966,1.4608663320541382,,,
50,model.layers.14.self_attn.q_proj.weight,3072,3072,0.0003255208333333333,0.00032909950823523104,1.8916854858398438,0.00019514086307026446,0.08970806747674942,0.0005774153396487236,0.1392803192138672,0.31786009669303894,0.0063912710174918175,0.6583508849143982,1.4882762432098389,0.0003535926516633481,7.228437900543213,0.0008306007948704064,0.006686380133032799,0.0010233554057776928,0.2675822973251343,0.19551871716976166,0.015818806365132332,0.48931315541267395,1.4525057077407837,0.0846535786986351,0.08541761338710785,0.797254204750061
50,model.layers.14.self_attn.k_proj.weight,1024,3072,0.0003255208333333333,0.00045827540452592075,3.343554735183716,0.0004269886703696102,0.06206871196627617,0.0015945493942126632,0.17801013588905334,0.19247516989707947,0.011549310758709908,0.6910595297813416,1.4387222528457642,0.0004563562397379428,11.19038200378418,0.002586915623396635,0.00385511526837945,0.0014050693716853857,0.27378666400909424,0.1752963811159134,0.018178744241595268,0.5209735631942749,1.4058507680892944,,,
50,model.layers.14.self_attn.v_proj.weight,1024,3072,0.0003255208333333333,0.00027597651933319867,1.5374592542648315,-0.00012870550563093275,0.3163549304008484,0.00016899246838875115,0.2324259728193283,0.24096572399139404,0.006550799589604139,0.4859364330768585,1.4349524974822998,0.0003824046580120921,6.577487468719482,0.0023762984201312065,0.0038784414064139128,0.00033843808341771364,0.26536697149276733,0.21846792101860046,0.01126088760793209,0.47866788506507874,1.4463177919387817,,,
50,model.layers.14.self_attn.o_proj.weight,3072,3072,0.0003255208333333333,0.0003194547025486827,1.60092294216156,-8.43569214339368e-05,0.24599763751029968,9.836475510383025e-05,0.20898057520389557,0.28197816014289856,0.022151099517941475,0.48207417130470276,1.3929624557495117,0.0003145373484585434,6.771120548248291,0.0013508916599676013,0.006639345083385706,0.00022640627867076546,0.1906076818704605,0.2876729667186737,0.03227614238858223,0.47066035866737366,1.392805576324463,,,
50,model.layers.26.self_attn.q_proj.weight,3072,3072,0.0003255208333333333,0.00037070439429953694,3.4562416076660156,-0.00016140371735673398,0.032703083008527756,0.002630610251799226,0.1748376488685608,0.25597089529037476,0.02460966631770134,0.6136056780815125,1.4425981044769287,0.00034170743310824037,10.275044441223145,0.0021089869551360607,0.006385217886418104,0.000978415017016232,0.24270673096179962,0.21987810730934143,0.01821661740541458,0.5166321992874146,1.4400463104248047,0.07968372106552124,0.08142910897731781,0.8225873708724976
50,model.layers.26.self_attn.k_proj.weight,1024,3072,0.0003255208333333333,0.00046417355770245194,3.9210927486419678,-0.00027478139963932335,0.029728421941399574,0.0008121870341710746,0.21741166710853577,0.17789578437805176,0.012402860447764397,0.6624684929847717,1.4425861835479736,0.0004281668516341597,13.784972190856934,0.0015653842128813267,0.0036801255773752928,0.0013446459779515862,0.24542061984539032,0.20248423516750336,0.01800602115690708,0.5308981537818909,1.4016296863555908,,,
50,model.layers.26.self_attn.v_proj.weight,1024,3072,0.0003255208333333333,0.00024017240502871573,2.482375144958496,-0.00010309147910447791,0.04314908757805824,0.00012709862494375557,0.19758805632591248,0.2907111346721649,0.03192522004246712,0.48457071185112,1.4402220249176025,0.0003671605372801423,6.199371814727783,0.0006111267721280456,0.003678565612062812,0.00012502628669608384,0.23685970902442932,0.25124165415763855,0.017546433955430984,0.4884527325630188,1.4451782703399658,,,
50,model.layers.26.self_attn.o_proj.weight,3072,3072,0.0003255208333333333,0.0003464935580268502,1.8769967555999756,-5.4622356401523575e-05,0.05335213243961334,0.00017026637215167284,0.13720370829105377,0.3671688735485077,0.005140551365911961,0.5534396767616272,1.5094972848892212,0.0003469779039733112,6.295879364013672,0.000785050680860877,0.006479994393885136,0.00022029502724763006,0.18356385827064514,0.3067893981933594,0.007024175021797419,0.5367684960365295,1.5004010200500488,,,
50,model.layers.1.mlp.gate_proj.weight,8192,3072,0.0001220703125,0.00028782777371816337,2.4017133712768555,-0.0009401962743140757,0.08208863437175751,0.0007222587009891868,0.21059542894363403,0.24195776879787445,0.00868433341383934,0.599280595779419,1.5144505500793457,0.0001281337026739493,7.628767967224121,0.0009752082987688482,0.010956705547869205,0.00036169044324196875,0.275172621011734,0.20442575216293335,0.010864077135920525,0.4934742748737335,1.509851336479187,,,
50,model.layers.1.mlp.up_proj.weight,8192,3072,0.0001220703125,0.0001526947016827762,2.3410470485687256,-0.0009369282051920891,0.09538986533880234,0.0001605249708518386,0.22421638667583466,0.25136396288871765,0.007713798899203539,0.5876707434654236,1.5204846858978271,0.00013116004993207753,6.625622272491455,0.0010452866554260254,0.011082800105214119,0.00019553997844923288,0.28673043847084045,0.20127980411052704,0.01033171359449625,0.4892043471336365,1.5124837160110474,,,
50,model.layers.1.mlp.down_proj.weight,3072,8192,0.0001220703125,0.00015100292512215674,1.006868600845337,-6.647483678534627e-05,1.3512336015701294,0.001204725238494575,0.32206788659095764,0.1449599266052246,0.025107041001319885,0.4809161126613617,1.4087576866149902,0.00013712671352550387,8.457371711730957,0.0010576104978099465,0.01102454960346222,0.000793514191173017,0.23962309956550598,0.23643526434898376,0.02240176871418953,0.49793902039527893,1.4259624481201172,0.09165173768997192,0.09228473901748657,0.6203387379646301
50,model.layers.14.mlp.gate_proj.weight,8192,3072,0.0001220703125,0.0001125174603657797,1.6149592399597168,0.00025390699738636613,0.18053780496120453,0.0003607243997976184,0.21843068301677704,0.23244301974773407,0.0033289643470197916,0.5366033315658569,1.5273464918136597,0.00012308990699239075,5.094324588775635,0.0004948016721755266,0.011308006942272186,0.0005722522037103772,0.251660019159317,0.21668055653572083,0.010411808267235756,0.49637752771377563,1.5122524499893188,,,
50,model.layers.14.mlp.up_proj.weight,8192,3072,0.0001220703125,0.0001418129977537319,1.644188642501831,0.00013606101856566966,0.20040491223335266,0.00037213892210274935,0.2456846386194229,0.22412841022014618,0.006501608993858099,0.48924946784973145,1.5146431922912598,0.00014856197230983526,3.89640212059021,0.0005112430080771446,0.011559405364096165,0.0004974162438884377,0.28022268414497375,0.19872672855854034,0.01018222700804472,0.4691738486289978,1.508226752281189,,,
50,model.layers.14.mlp.down_proj.weight,3072,8192,0.0001220703125,0.00014277329319156706,1.6096004247665405,0.00012515504204202443,0.2224256992340088,0.0003712501493282616,0.2484900802373886,0.23596671223640442,0.02787099778652191,0.46982839703559875,1.3493101596832275,0.00013853964628651738,4.68098783493042,0.0006812436622567475,0.01134408637881279,0.00040578978951089084,0.25909698009490967,0.2243245542049408,0.028934277594089508,0.48124462366104126,1.3935315608978271,0.08889217674732208,0.09346538782119751,0.7454023361206055
50,model.layers.26.mlp.gate_proj.weight,8192,3072,0.0001220703125,0.00018292308959644288,3.5284392833709717,0.0006284062983468175,0.06157366931438446,0.0008778968476690352,0.2210494875907898,0.2237383872270584,0.007759959436953068,0.5018006563186646,1.5185823440551758,0.00012188829714432359,6.665009498596191,0.000337630306603387,0.01070947665721178,0.0007492798613384366,0.23726040124893188,0.22100013494491577,0.010461707599461079,0.5004737973213196,1.5195958614349365,,,
50,model.layers.26.mlp.up_proj.weight,8192,3072,0.0001220703125,0.00010861203190870583,3.2994847297668457,0.0003742692933883518,0.09685244411230087,0.0015797466039657593,0.1586095243692398,0.28806307911872864,0.011714247986674309,0.6179463267326355,1.5249543190002441,0.0001277237170143053,7.52429723739624,-0.00019080122001469135,0.010321949608623981,0.0006668830174021423,0.227120503783226,0.23005180060863495,0.010398118756711483,0.4986381530761719,1.5136268138885498,,,
50,model.layers.26.mlp.down_proj.weight,3072,8192,0.0001220703125,9.874976240098476e-05,1.8386006355285645,0.0003446320479270071,0.11173831671476364,0.0009968648664653301,0.16530539095401764,0.31880390644073486,0.01847650296986103,0.5220587253570557,1.459732174873352,0.000132966844830662,7.890678882598877,0.00021939714497420937,0.010013420134782791,0.0003235694603063166,0.2245214730501175,0.25764429569244385,0.016141438856720924,0.5302526354789734,1.4631402492523193,0.09010308980941772,0.09026281535625458,0.8098821640014648
60,model.layers.1.self_attn.q_proj.weight,3072,3072,0.0003255208333333333,0.00028022241895087063,3.0492467880249023,0.0010467424290254712,0.05001300200819969,0.002299256855621934,0.19558580219745636,0.1913069188594818,0.010590322315692902,0.551559329032898,1.4738147258758545,0.00040844499017111957,15.683381080627441,0.001425321213901043,0.006751358509063721,0.0016314951935783029,0.4025672376155853,0.09863466769456863,0.020925920456647873,0.29932624101638794,1.4457130432128906,0.07638991624116898,0.08105261623859406,0.7826595902442932
60,model.layers.1.self_attn.k_proj.weight,1024,3072,0.0003255208333333333,0.0004199831164442003,2.460658311843872,0.0016660838155075908,0.04163536801934242,0.0005518129328265786,0.10269023478031158,0.19022715091705322,0.0037767491303384304,0.7898054718971252,1.4683961868286133,0.0005399480578489602,8.28063678741455,0.002270269673317671,0.003920686896890402,0.001778370002284646,0.31734856963157654,0.14345192909240723,0.014904194511473179,0.4400409162044525,1.4284309148788452,,,
60,model.layers.1.self_attn.v_proj.weight,1024,3072,0.0003255208333333333,0.00011271504627075046,1.595139980316162,0.0005908659659326077,0.30296796560287476,8.416004857281223e-05,0.14149080216884613,0.3519539535045624,0.013927419669926167,0.5248029232025146,1.4594662189483643,0.0004663011059165001,11.49467658996582,0.003793944837525487,0.0039588757790625095,0.00018471083603799343,0.2998107969760895,0.1904018521308899,0.013908441178500652,0.4728049635887146,1.4491289854049683,,,
60,model.layers.1.self_attn.o_proj.weight,3072,3072,0.0003255208333333333,0.000319562474032864,4.385129928588867,0.000683455727994442,0.14410996437072754,0.0005201153689995408,0.24954167008399963,0.22504207491874695,0.017867818474769592,0.4864524304866791,1.4476170539855957,0.00034342301660217345,7.840310096740723,0.0023595537059009075,0.007020788732916117,0.0003632639127317816,0.23461343348026276,0.24642863869667053,0.01587551459670067,0.48474496603012085,1.4536783695220947,,,
60,model.layers.14.self_attn.q_proj.weight,3072,3072,0.0003255208333333333,0.00038086806307546794,2.143130302429199,-0.0006085339118726552,0.1140604242682457,0.0010695303790271282,0.13888801634311676,0.3129480481147766,0.009953109547495842,0.6344850063323975,1.4896748065948486,0.00036149375955574214,9.104799270629883,0.002527224365621805,0.006707740947604179,0.0012981717009097338,0.26268622279167175,0.19843916594982147,0.01619715802371502,0.4924916923046112,1.461215853691101,0.08180059492588043,0.08135563135147095,0.8470361232757568
60,model.layers.14.self_attn.k_proj.weight,1024,3072,0.0003255208333333333,0.00048586836783215404,4.41192626953125,-0.0012509512016549706,0.08208917081356049,0.0012910040095448494,0.1770123839378357,0.19564343988895416,0.013172965496778488,0.6946792602539062,1.4232186079025269,0.0005100441048853099,13.002056121826172,0.0045455265790224075,0.0038113787304610014,0.0013448098907247186,0.2753262519836426,0.1730537861585617,0.01847020350396633,0.5193040370941162,1.4167518615722656,,,
60,model.layers.14.self_attn.v_proj.weight,1024,3072,0.0003255208333333333,0.00029545597499236465,2.570843458175659,-0.000154781635501422,0.30445581674575806,0.00014089942851569504,0.2450931817293167,0.2465013861656189,0.011801420710980892,0.45178234577178955,1.4457296133041382,0.0003944518102798611,7.672697067260742,0.0024625160731375217,0.004019634798169136,0.000289540970697999,0.2663775384426117,0.21921713650226593,0.013347429223358631,0.4676530361175537,1.448412299156189,,,
60,model.layers.14.self_attn.o_proj.weight,3072,3072,0.0003255208333333333,0.0002995567047037184,2.307819366455078,-8.009727025637403e-05,0.29903191328048706,0.0001856679009506479,0.1680523306131363,0.29387086629867554,0.042768631130456924,0.4409444034099579,1.3744235038757324,0.00032742315670475364,6.688053131103516,0.0020649840589612722,0.006990490015596151,0.00022195429482962936,0.19720469415187836,0.2753024697303772,0.03406496345996857,0.4529673755168915,1.4099254608154297,,,
60,model.layers.26.self_attn.q_proj.weight,3072,3072,0.0003255208333333333,0.00029307170188985765,2.644523859024048,-0.0004889153642579913,0.05297037214040756,0.001691653043963015,0.17235985398292542,0.2623480558395386,0.01654970459640026,0.6245390176773071,1.4433891773223877,0.00036109512438997626,8.196451187133789,0.0031181788071990013,0.00671094236895442,0.001013060100376606,0.2453901469707489,0.2109798789024353,0.016562053933739662,0.5157777667045593,1.455997109413147,0.08150377124547958,0.08432900905609131,0.8575146198272705
60,model.layers.26.self_attn.k_proj.weight,1024,3072,0.0003255208333333333,0.00045151280937716365,2.533770799636841,-0.0007522372761741281,0.05124260112643242,0.0008710119873285294,0.19595344364643097,0.18656513094902039,0.012196040712296963,0.6834436655044556,1.445913553237915,0.0004998832009732723,10.175942420959473,0.005669145844876766,0.003834011033177376,0.0011445095296949148,0.24259954690933228,0.19551032781600952,0.015592027455568314,0.5321730971336365,1.4074342250823975,,,
60,model.layers.26.self_attn.v_proj.weight,1024,3072,0.0003255208333333333,0.00022668974997941405,2.913588523864746,-0.0010685485322028399,0.06641775369644165,0.00012937048450112343,0.20351548492908478,0.2856176793575287,0.019642610102891922,0.46664923429489136,1.4254798889160156,0.00033837513183243573,5.919888973236084,0.0033018081448972225,0.003929808270186186,0.00012883207818958908,0.2341800481081009,0.2561568319797516,0.012230833061039448,0.49372172355651855,1.4308750629425049,,,
60,model.layers.26.self_attn.o_proj.weight,3072,3072,0.0003255208333333333,0.0003349057224113494,2.9093832969665527,-0.0006486972561106086,0.07111794501543045,0.00017668628424871713,0.17642562091350555,0.31454262137413025,0.005001789424568415,0.5268433690071106,1.5058435201644897,0.0003265331615693867,6.3198652267456055,0.0018484286265447736,0.006788462400436401,0.00013306208711583167,0.1898321658372879,0.3003897964954376,0.005773675628006458,0.5340569615364075,1.5010539293289185,,,
60,model.layers.1.mlp.gate_proj.weight,8192,3072,0.0001220703125,0.00015125064237508923,5.464860916137695,2.2914255168871023e-05,0.1070881187915802,0.00048645862261764705,0.2347877025604248,0.2261868566274643,0.00917145051062107,0.5520332455635071,1.5131481885910034,0.00011706028453772888,18.84025764465332,0.0005971035570837557,0.010901876725256443,0.00035088389995507896,0.27533629536628723,0.20366322994232178,0.010758768767118454,0.4950510263442993,1.510953664779663,,,
60,model.layers.1.mlp.up_proj.weight,8192,3072,0.0001220703125,0.00014153544907458127,5.113853454589844,-0.0002917332749348134,0.1251939833164215,0.00021904539607930928,0.2638825476169586,0.21481019258499146,0.008665781468153,0.5283432602882385,1.5188000202178955,0.0001277818955713883,17.252948760986328,0.0006596330204047263,0.010949089191854,0.0001347607612842694,0.2898929715156555,0.1991690695285797,0.009706448763608932,0.4908874034881592,1.5112931728363037,,,
60,model.layers.1.mlp.down_proj.weight,3072,8192,0.0001220703125,0.00013711281644646078,1.0066847801208496,-1.980092747544404e-05,1.85161554813385,0.001537988311611116,0.3223015069961548,0.14251060783863068,0.03209559619426727,0.4735943675041199,1.412414312362671,0.00013761428999714553,28.080909729003906,0.0007672543288208544,0.010966526344418526,0.0007885304512456059,0.24766933917999268,0.22868892550468445,0.023896554484963417,0.48371097445487976,1.4211177825927734,0.07529358565807343,0.07562779635190964,0.6334038972854614
60,model.layers.14.mlp.gate_proj.weight,8192,3072,0.0001220703125,0.00011881128011737019,2.907089948654175,-0.00026345867081545293,0.1693269908428192,0.0005251515540294349,0.2221163511276245,0.22166121006011963,0.006641768850386143,0.5315229296684265,1.5206375122070312,0.00013149362348485738,9.936847686767578,0.0008144405437633395,0.011143234558403492,0.0006680025835521519,0.2533373534679413,0.2138552963733673,0.01089569367468357,0.4966791272163391,1.511531114578247,,,
60,model.layers.14.mlp.up_proj.weight,8192,3072,0.0001220703125,0.00013468042016029358,2.631913900375366,-0.0001373678824165836,0.23010492324829102,0.0007783060427755117,0.24024800956249237,0.22101768851280212,0.010828911326825619,0.4956279993057251,1.50801682472229,0.00014814954192843288,8.120223045349121,0.001187831163406372,0.011119350790977478,0.0005663093761540949,0.2726109027862549,0.19882555305957794,0.010344871319830418,0.4766994118690491,1.5087043046951294,,,
60,model.layers.14.mlp.down_proj.weight,3072,8192,0.0001220703125,0.00013515974569600075,3.117997407913208,-0.00013057290925644338,0.24716706573963165,0.0005402935785241425,0.22464415431022644,0.25153204798698425,0.039624642580747604,0.4909185767173767,1.3892273902893066,0.0001415397709934041,9.935115814208984,0.0011366400867700577,0.011128868907690048,0.0005439341766759753,0.24330155551433563,0.2326229363679886,0.03556675463914871,0.48917731642723083,1.3914623260498047,0.0879470705986023,0.08350828289985657,0.8459731936454773
60,model.layers.26.mlp.gate_proj.weight,8192,3072,0.0001220703125,0.00015382377023342997,3.2935662269592285,-0.00010702863073674962,0.10027406364679337,0.0010443954961374402,0.2061743438243866,0.22952650487422943,0.008663118816912174,0.5250217914581299,1.514792799949646,0.00011401257506804541,7.192678928375244,0.00029332010308280587,0.011182130314409733,0.0008464762941002846,0.23631812632083893,0.21900662779808044,0.0112849036231637,0.5011792182922363,1.5126227140426636,,,
60,model.layers.26.mlp.up_proj.weight,8192,3072,0.0001220703125,9.58574892138131e-05,2.7334508895874023,0.00011330043344059959,0.15799666941165924,0.0013960800133645535,0.1697760820388794,0.2691875100135803,0.013735317625105381,0.5956321358680725,1.5171048641204834,0.00012321147369220853,7.570471286773682,3.9798895159037784e-05,0.011052601039409637,0.0009390275808982551,0.23011279106140137,0.22534194588661194,0.010983875021338463,0.4919186234474182,1.513235092163086,,,
60,model.layers.26.mlp.down_proj.weight,3072,8192,0.0001220703125,9.363312710775062e-05,1.7504653930664062,0.00011792127770604566,0.16325198113918304,0.0005825552507303655,0.14573505520820618,0.3498537540435791,0.013375201262533665,0.5588774085044861,1.4557565450668335,0.0001282092707697302,6.404266357421875,0.00028953980654478073,0.011054345406591892,0.000252392899710685,0.21732737123966217,0.2659311592578888,0.015198180451989174,0.5466023087501526,1.4593725204467773,0.08748072385787964,0.08740447461605072,0.8350579738616943
70,model.layers.1.self_attn.q_proj.weight,3072,3072,0.0003255208333333333,0.0003256749187130481,1.4327418804168701,-0.0003892968816217035,0.049855347722768784,0.002010765951126814,0.2177831083536148,0.1707567572593689,0.00892469473183155,0.49753057956695557,1.4731584787368774,0.0003963014460168779,6.415585517883301,0.0006653803284280002,0.007031160406768322,0.0015630947891622782,0.4031829535961151,0.0999867394566536,0.022406022995710373,0.3054218888282776,1.4345093965530396,0.08856049925088882,0.08845222741365433,0.6796228289604187
70,model.layers.1.self_attn.k_proj.weight,1024,3072,0.0003255208333333333,0.000516178784891963,1.6510229110717773,-0.0006124119972810149,0.04330898076295853,0.000840983644593507,0.13690678775310516,0.1789475679397583,0.004537581466138363,0.7568273544311523,1.4690477848052979,0.0005499685648828745,5.84308385848999,0.0015561521286144853,0.0042753336019814014,0.0009596748859621584,0.32575586438179016,0.15205018222332,0.014364473521709442,0.4344908893108368,1.4447355270385742,,,
70,model.layers.1.self_attn.v_proj.weight,1024,3072,0.0003255208333333333,0.00011177256237715483,1.563009262084961,0.00028406226192601025,0.22308096289634705,0.0001244900922756642,0.12850695848464966,0.37270084023475647,0.013685641810297966,0.5574609041213989,1.4395726919174194,0.000479619629913941,10.34186840057373,0.00199170783162117,0.004028838127851486,0.0003720994864124805,0.2946709990501404,0.19341984391212463,0.01608271524310112,0.48041844367980957,1.4305155277252197,,,
70,model.layers.1.self_attn.o_proj.weight,3072,3072,0.0003255208333333333,0.0003636951732914895,3.0422685146331787,0.000351767404936254,0.09746528416872025,0.0010512348962947726,0.2604653537273407,0.21070709824562073,0.025091663002967834,0.45547473430633545,1.4301609992980957,0.0003356282541062683,6.886465072631836,0.0020383333321660757,0.007088768761605024,0.00045511015923693776,0.2307489812374115,0.24826088547706604,0.016374744474887848,0.48370152711868286,1.4569405317306519,,,
70,model.layers.14.self_attn.q_proj.weight,3072,3072,0.0003255208333333333,0.00037042066105641425,3.1181135177612305,0.000212515500606969,0.060480423271656036,0.0011414437321946025,0.14444392919540405,0.30548787117004395,0.010064887814223766,0.632188618183136,1.4857044219970703,0.0003618990886025131,9.326150894165039,0.0010949410498142242,0.0068187708966434,0.0008612464880570769,0.2689865231513977,0.1951620876789093,0.015142436139285564,0.48665979504585266,1.4561115503311157,0.07453926652669907,0.07150381058454514,0.8748618960380554
70,model.layers.14.self_attn.k_proj.weight,1024,3072,0.0003255208333333333,0.0005462297121994197,5.235247611999512,0.0003768839524127543,0.050448451191186905,0.0011967744212597609,0.21310646831989288,0.18497011065483093,0.0171513631939888,0.6399768590927124,1.433160424232483,0.0004743248282466084,11.971861839294434,0.0006641906220465899,0.0039029428735375404,0.001182103413157165,0.2878166139125824,0.17150655388832092,0.020189831033349037,0.5044528245925903,1.3979692459106445,,,
70,model.layers.14.self_attn.v_proj.weight,1024,3072,0.0003255208333333333,0.00028929501422680914,3.6749446392059326,-0.00028255226789042354,0.14004650712013245,0.0003341636620461941,0.2037140280008316,0.2864728569984436,0.021468063816428185,0.5398356318473816,1.4025009870529175,0.00039022768032737076,4.585514068603516,0.001683670561760664,0.004210670478641987,0.00021887895127292722,0.27033162117004395,0.21702802181243896,0.012146852910518646,0.4753674864768982,1.4534772634506226,,,
70,model.layers.14.self_attn.o_proj.weight,3072,3072,0.0003255208333333333,0.0003258684591855854,4.163356781005859,-0.000140280433697626,0.1428423672914505,0.00017219310393556952,0.15462695062160492,0.3130935728549957,0.038075800985097885,0.4592186510562897,1.3851745128631592,0.0003321052936371416,6.378195762634277,0.0018892864463850856,0.007129086647182703,0.0001881799689726904,0.21458597481250763,0.2676388919353485,0.028647786006331444,0.4530033767223358,1.4133222103118896,,,
70,model.layers.26.self_attn.q_proj.weight,3072,3072,0.0003255208333333333,0.00035179840051569045,3.9848198890686035,0.00023147017054725438,0.027680618688464165,0.0019074216252192855,0.16634047031402588,0.2672812044620514,0.020721551030874252,0.6344500184059143,1.4357489347457886,0.0003306330181658268,7.3225884437561035,-0.0007876923773437738,0.006765164900571108,0.0010909225093200803,0.24872854351997375,0.20771782100200653,0.016947662457823753,0.5057691931724548,1.4526537656784058,0.0680818036198616,0.06880313903093338,0.8610374927520752
70,model.layers.26.self_attn.k_proj.weight,1024,3072,0.0003255208333333333,0.0005020246608182788,3.8214478492736816,0.00039565132465213537,0.025217555463314056,0.0005391309387050569,0.20148950815200806,0.18517985939979553,0.01143471710383892,0.6889821887016296,1.4479817152023315,0.000433047505794093,10.764132499694824,-0.002165807643905282,0.003983370494097471,0.0008135625976137817,0.2530060112476349,0.1938357651233673,0.016590265557169914,0.5268855094909668,1.4081190824508667,,,
70,model.layers.26.self_attn.v_proj.weight,1024,3072,0.0003255208333333333,0.00026624806923791766,2.5086019039154053,-0.0006304890848696232,0.03415055572986603,0.00026925475685857236,0.16735760867595673,0.32259124517440796,0.04802264645695686,0.5272050499916077,1.41031014919281,0.0005524044390767813,5.44381046295166,-0.0010036631720140576,0.003950134385377169,0.0007275114767253399,0.23114298284053802,0.2546931207180023,0.029885446652770042,0.48953935503959656,1.433946967124939,,,
70,model.layers.26.self_attn.o_proj.weight,3072,3072,0.0003255208333333333,0.00033323594834655523,4.086870193481445,-0.0003552884154487401,0.03924523666501045,0.0002572055673226714,0.15290826559066772,0.3420058488845825,0.005817083176225424,0.5684101581573486,1.5073180198669434,0.0004473414446692914,7.304056167602539,-0.00027384283021092415,0.0068562813103199005,0.0005194098339416087,0.18440966308116913,0.30382201075553894,0.008684133179485798,0.5341505408287048,1.5006400346755981,,,
70,model.layers.1.mlp.gate_proj.weight,8192,3072,0.0001220703125,0.00014747191744390875,3.2402470111846924,0.0002733752189669758,0.07305532693862915,0.00035793476854451,0.21862971782684326,0.23967963457107544,0.008953394368290901,0.5770683288574219,1.511803388595581,0.0001250950590474531,15.791911125183105,0.000518494809512049,0.011059405282139778,0.0003007467312272638,0.27402201294898987,0.20535217225551605,0.010433439165353775,0.49451613426208496,1.5121201276779175,,,
70,model.layers.1.mlp.up_proj.weight,8192,3072,0.0001220703125,0.00013948559353593737,3.306821823120117,0.00015499631990678608,0.08489284664392471,0.0001263677841052413,0.24227863550186157,0.23741517961025238,0.00783164519816637,0.5503383278846741,1.5211089849472046,0.00012580270413309336,14.634354591369629,0.0007189228781498969,0.011089579202234745,0.00014473689952865243,0.28468790650367737,0.20412535965442657,0.00977315753698349,0.4928048551082611,1.5155974626541138,,,
70,model.layers.1.mlp.down_proj.weight,3072,8192,0.0001220703125,0.00016649748431518674,1.0095207691192627,1.2309348676353693e-05,1.1004589796066284,0.00239741918630898,0.33571657538414,0.1315513551235199,0.04880158230662346,0.43578946590423584,1.3984116315841675,0.00014607667981181294,17.998493194580078,0.0005232156254351139,0.0110332565382123,0.0008478868985548615,0.24226194620132446,0.2321712225675583,0.02431323379278183,0.49279138445854187,1.415470838546753,0.0806892141699791,0.07971715182065964,0.6446167230606079
70,model.layers.14.mlp.gate_proj.weight,8192,3072,0.0001220703125,0.00012664395035244524,5.078601837158203,4.206966332276352e-05,0.0875890776515007,0.001114048296585679,0.2077762633562088,0.23537200689315796,0.0097894798964262,0.5403839945793152,1.5196864604949951,0.00013126690464559942,7.326356410980225,0.0008172559319064021,0.011282313615083694,0.0005799985374324024,0.251271516084671,0.2177462875843048,0.011092357337474823,0.4979000687599182,1.510845422744751,,,
70,model.layers.14.mlp.up_proj.weight,8192,3072,0.0001220703125,0.00012361457629594952,4.507060527801514,5.636854257318191e-05,0.10845529288053513,0.0007498441846109927,0.22672812640666962,0.23093843460083008,0.010275016538798809,0.4996561110019684,1.5074021816253662,0.00013640886754728854,5.70380163192749,0.001028597354888916,0.011238528415560722,0.0004211821942590177,0.2754017412662506,0.20115554332733154,0.009927514009177685,0.471736341714859,1.5097949504852295,,,
70,model.layers.14.mlp.down_proj.weight,3072,8192,0.0001220703125,0.00014282223128248006,6.357619762420654,5.288856118568219e-05,0.11699686199426651,0.0004916434409096837,0.2114226073026657,0.2639254927635193,0.04357408359646797,0.5078601837158203,1.3543509244918823,0.00014324260700959712,6.465514659881592,0.0009092864347621799,0.011173742823302746,0.0004127434513065964,0.24733003973960876,0.2322298288345337,0.030763942748308182,0.4940435290336609,1.4040888547897339,0.06668300926685333,0.07052280008792877,0.9049128890037537
70,model.layers.26.mlp.gate_proj.weight,8192,3072,0.0001220703125,0.00019571407756302506,4.8878045082092285,0.0009761155815795064,0.05226757377386093,0.0020032573956996202,0.19980531930923462,0.23838067054748535,0.011409090831875801,0.5302368402481079,1.5144290924072266,0.00012440622958820313,7.728273868560791,-0.00013625709107145667,0.011196293868124485,0.0009263348765671253,0.2383948564529419,0.21871162950992584,0.010966156609356403,0.5012056231498718,1.5146433115005493,,,
70,model.layers.26.mlp.up_proj.weight,8192,3072,0.0001220703125,9.246369154425338e-05,3.5379436016082764,0.00019786867778748274,0.09822668135166168,0.0009057722054421902,0.14714382588863373,0.301384836435318,0.009369810111820698,0.6426151394844055,1.5271685123443604,0.00013288237096276134,8.825325965881348,0.0005958814290352166,0.011051607318222523,0.000855631718877703,0.22941014170646667,0.22773003578186035,0.01088808011263609,0.495388925075531,1.51224946975708,,,
70,model.layers.26.mlp.down_proj.weight,3072,8192,0.0001220703125,0.00010498408664716408,1.94356369972229,0.0002241509937448427,0.09123189747333527,0.0006291602039709687,0.1403234750032425,0.3629113733768463,0.014658474363386631,0.590101957321167,1.4660420417785645,0.00012873414380010217,7.5388078689575195,0.0007918285555206239,0.010948488488793373,0.0002619214355945587,0.2265099585056305,0.2540622055530548,0.016227468848228455,0.5237986445426941,1.4525142908096313,0.07236812263727188,0.07415593415498734,0.8573925495147705
80,model.layers.1.self_attn.q_proj.weight,3072,3072,0.0003255208333333333,0.00029241343145258725,2.620476722717285,0.0002784253447316587,0.02802477963268757,0.0032874627504497766,0.19864846765995026,0.17023277282714844,0.01232294924557209,0.51338130235672,1.478284478187561,0.0004927871632389724,14.42950439453125,0.00033978314604610205,0.006815712433308363,0.0018809543689712882,0.397230327129364,0.10236277431249619,0.022052189335227013,0.3095839023590088,1.4464690685272217,0.07145027816295624,0.06676823645830154,0.8301040530204773
80,model.layers.1.self_attn.k_proj.weight,1024,3072,0.0003255208333333333,0.0004919528146274388,2.136301040649414,0.000397794006858021,0.02689231187105179,0.0009209861746057868,0.09779447317123413,0.1979801505804062,0.003867071121931076,0.8119049072265625,1.4645671844482422,0.0006077254074625671,9.877456665039062,-0.0002340031642233953,0.003966555930674076,0.0007747849449515343,0.30632755160331726,0.1554119884967804,0.013646149076521397,0.4564874470233917,1.4257093667984009,,,
80,model.layers.1.self_attn.v_proj.weight,1024,3072,0.0003255208333333333,0.00011676413123495877,1.6092448234558105,-3.0274042728706263e-05,0.19108843803405762,0.00010299122368451208,0.13394795358181,0.37046879529953003,0.015571067109704018,0.5483742356300354,1.438149094581604,0.00044286256888881326,11.245035171508789,0.00108500721398741,0.004086073022335768,0.0003108573437202722,0.2953880727291107,0.19332769513130188,0.014673126861453056,0.4766155779361725,1.4241236448287964,,,
80,model.layers.1.self_attn.o_proj.weight,3072,3072,0.0003255208333333333,0.0003473753167781979,5.145282745361328,-3.947670120396651e-05,0.08929073810577393,0.0005542543949559331,0.23982149362564087,0.23533895611763,0.01669940911233425,0.49527454376220703,1.4465088844299316,0.0003317428636364639,7.3964338302612305,0.001473878277465701,0.007116945460438728,0.0004375759745016694,0.23501402139663696,0.24431823194026947,0.015834487974643707,0.48315998911857605,1.461039423942566,,,
80,model.layers.14.self_attn.q_proj.weight,3072,3072,0.0003255208333333333,0.0003449048672337085,2.957904577255249,-0.0004319197905715555,0.07142625004053116,0.000923199113458395,0.14926348626613617,0.30052587389945984,0.007981883361935616,0.6226422190666199,1.495819091796875,0.0003875156107824296,9.980417251586914,0.00042522166040726006,0.0069469427689909935,0.0010418721940368414,0.2628452181816101,0.1959967464208603,0.014997843652963638,0.4991607069969177,1.4557597637176514,0.07772580534219742,0.07560794055461884,0.8861986398696899
80,model.layers.14.self_attn.k_proj.weight,1024,3072,0.0003255208333333333,0.00043686802382580936,4.218104839324951,-0.0007838099263608456,0.05840897187590599,0.0010965561959892511,0.17625108361244202,0.1929783970117569,0.011575485579669476,0.7052895426750183,1.4305824041366577,0.0004991396563127637,13.426721572875977,0.0008654415723867714,0.00400209566578269,0.0014642055612057447,0.27637097239494324,0.17041628062725067,0.01878104731440544,0.5165747404098511,1.4038289785385132,,,
80,model.layers.14.self_attn.v_proj.weight,1024,3072,0.0003255208333333333,0.00029302918119356036,3.092170238494873,-0.0001572842156747356,0.17643341422080994,0.00032037257915362716,0.209174245595932,0.27816250920295715,0.021194806322455406,0.5210400819778442,1.446375846862793,0.00042836370994336903,8.457976341247559,0.0014155334793031216,0.0037961420603096485,0.00037257905933074653,0.2697000503540039,0.21627503633499146,0.01271733921021223,0.4705701470375061,1.431589961051941,,,
80,model.layers.14.self_attn.o_proj.weight,3072,3072,0.0003255208333333333,0.000318207690725103,4.027571678161621,-8.53169258334674e-05,0.16348791122436523,0.0003742568369489163,0.1657608151435852,0.28777629137039185,0.05852409079670906,0.4381072521209717,1.3399488925933838,0.00034122742363251746,8.782121658325195,0.001470224349759519,0.006562535651028156,0.000342643354088068,0.19116003811359406,0.2763948142528534,0.039783693850040436,0.44631755352020264,1.379526138305664,,,
80,model.layers.26.self_attn.q_proj.weight,3072,3072,0.0003255208333333333,0.00035836989991366863,3.45125150680542,-0.0010595506755635142,0.040276605635881424,0.002039592480286956,0.1648309826850891,0.2646617889404297,0.022859783843159676,0.6334655284881592,1.4322233200073242,0.00033371784957125783,7.3539910316467285,0.0018358546076342463,0.006695701275020838,0.0014631047379225492,0.23992186784744263,0.21410523355007172,0.019333381205797195,0.5177527666091919,1.4367393255233765,0.06511508673429489,0.07041394710540771,0.8440265655517578
80,model.layers.26.self_attn.k_proj.weight,1024,3072,0.0003255208333333333,0.0005395669140852988,3.202247381210327,-0.0016098024789243937,0.0401131808757782,0.0005753182922489941,0.21453963220119476,0.18276582658290863,0.010858803987503052,0.6529393792152405,1.4450607299804688,0.00046907985233701766,9.92894458770752,0.0036411178298294544,0.003861773991957307,0.0010448325192555785,0.24501439929008484,0.1989222764968872,0.015744401142001152,0.5313684940338135,1.4218370914459229,,,
80,model.layers.26.self_attn.v_proj.weight,1024,3072,0.0003255208333333333,0.00022690050536766648,1.8698867559432983,-0.0011904315324500203,0.04397183284163475,0.00023766678350511938,0.13401493430137634,0.33209869265556335,0.11733976751565933,0.5338491201400757,1.4028149843215942,0.00036425923462957144,5.574446678161621,0.0031462640035897493,0.003906599245965481,0.00018038859707303345,0.22486743330955505,0.258987694978714,0.027043290436267853,0.5004319548606873,1.442399501800537,,,
80,model.layers.26.self_attn.o_proj.weight,3072,3072,0.0003255208333333333,0.0003418037958908826,3.322330951690674,-0.0007676539826206863,0.04417184367775917,0.000582036271225661,0.1720343381166458,0.3151426315307617,0.009135841391980648,0.5471135377883911,1.5034754276275635,0.0003395926905795932,6.478250026702881,0.0020171424839645624,0.006748116109520197,0.00023638141283299774,0.18777187168598175,0.30303511023521423,0.008573712781071663,0.5364676713943481,1.504026174545288,,,
80,model.layers.1.mlp.gate_proj.weight,8192,3072,0.0001220703125,0.000129764957819134,8.852520942687988,-0.00018866641039494425,0.06196119636297226,0.0005276887095533311,0.23190435767173767,0.22983139753341675,0.010155878961086273,0.5543286204338074,1.5094618797302246,0.00012472043454181403,17.855270385742188,0.0005450781318359077,0.011115423403680325,0.000336355617037043,0.27554959058761597,0.20229743421077728,0.010874932631850243,0.49490034580230713,1.5127428770065308,,,
80,model.layers.1.mlp.up_proj.weight,8192,3072,0.0001220703125,0.00014012533938512206,8.466901779174805,-0.0005163797759450972,0.07250259071588516,0.0001808084052754566,0.2587149441242218,0.21936361491680145,0.007672153413295746,0.5327300429344177,1.5209064483642578,0.00012360000982880592,16.52865219116211,0.000715536589268595,0.011184320785105228,0.00014223455218598247,0.28759756684303284,0.2003796100616455,0.009585849940776825,0.49283796548843384,1.5112967491149902,,,
80,model.layers.1.mlp.down_proj.weight,3072,8192,0.0001220703125,0.0001671212667133659,1.0064008235931396,-3.2617746910545975e-05,1.15724515914917,0.0008753197616897523,0.3536273241043091,0.13248680531978607,0.017404766753315926,0.4400995671749115,1.4181064367294312,0.0001472198055125773,28.996742248535156,0.0007314771646633744,0.011206827126443386,0.0006718265940435231,0.24571476876735687,0.2303987741470337,0.02240126021206379,0.48843538761138916,1.4213714599609375,0.07843885570764542,0.08082858473062515,0.6680927872657776
80,model.layers.14.mlp.gate_proj.weight,8192,3072,0.0001220703125,0.00011539291153894737,4.880607604980469,7.032660505501553e-05,0.10192088037729263,0.0007209188188426197,0.21609139442443848,0.23157371580600739,0.008155525662004948,0.5323199033737183,1.521355390548706,0.00012556163710542023,12.546699523925781,0.0003491781244520098,0.010682662948966026,0.0006427087355405092,0.2517889142036438,0.2165714055299759,0.010857144370675087,0.4968511462211609,1.5110094547271729,,,
80,model.layers.14.mlp.up_proj.weight,8192,3072,0.0001220703125,0.00013136485358700156,4.709173202514648,-0.0001244594604941085,0.12640626728534698,0.0007328894571401179,0.2283780723810196,0.23067520558834076,0.009603328071534634,0.4983709156513214,1.5118646621704102,0.00014055408246349543,10.947039604187012,0.0010839542374014854,0.010414335876703262,0.0005469102179631591,0.2704421877861023,0.20312751829624176,0.010868622921407223,0.47462525963783264,1.510465383529663,,,
80,model.layers.14.mlp.down_proj.weight,3072,8192,0.0001220703125,0.0001337923895334825,7.113934516906738,-0.00011792813165811822,0.138164222240448,0.0005830993177369237,0.21475763618946075,0.25794893503189087,0.05059296637773514,0.5035489797592163,1.35040283203125,0.0001399297034367919,13.419377326965332,0.00095895875710994,0.010440030135214329,0.0005085371085442603,0.24106164276599884,0.23459595441818237,0.03726701810956001,0.49315914511680603,1.3728249073028564,0.07177212834358215,0.07070821523666382,0.9034121036529541
80,model.layers.26.mlp.gate_proj.weight,8192,3072,0.0001220703125,0.0001858697651186958,3.855534315109253,-0.0009227517293766141,0.05972430855035782,0.001871547312475741,0.18873284757137299,0.24325211346149445,0.009945260360836983,0.5460436344146729,1.5188500881195068,0.00012241398508194834,9.118158340454102,0.0005660897586494684,0.010625668801367283,0.0008349480340257287,0.23831374943256378,0.21908189356327057,0.011039750650525093,0.4990631341934204,1.5157766342163086,,,
80,model.layers.26.mlp.up_proj.weight,8192,3072,0.0001220703125,0.00014090353215578943,3.558791399002075,-0.0002502214047126472,0.10532115399837494,0.001716693164780736,0.14632548391819,0.2986675202846527,0.013200314715504646,0.6319729089736938,1.5228242874145508,0.0001485677930759266,9.347064971923828,-0.000581990520004183,0.010725456289947033,0.0007841479382477701,0.22682161629199982,0.2304544448852539,0.010572881437838078,0.49860498309135437,1.514061450958252,,,
80,model.layers.26.mlp.down_proj.weight,3072,8192,0.0001220703125,0.00010536025365581736,1.8947227001190186,-0.0002825578849297017,0.09805670380592346,0.0012434787349775434,0.1299857348203659,0.36102351546287537,0.018213335424661636,0.5893881916999817,1.4621639251708984,0.00013334615505300462,7.507213592529297,0.0005938134854659438,0.010813071392476559,0.00034775311360135674,0.219654843211174,0.2619851529598236,0.016222676262259483,0.5367922186851501,1.4587275981903076,0.07155009359121323,0.0726715475320816,0.8744418025016785
90,model.layers.1.self_attn.q_proj.weight,3072,3072,0.0003255208333333333,0.00027706913533620536,2.2817399501800537,0.0005480299005284905,0.055288512259721756,0.0029829051345586777,0.19044339656829834,0.16679182648658752,0.011264909990131855,0.5414324998855591,1.4798874855041504,0.0003954540297854692,7.8194355964660645,0.0010541528463363647,0.0072271693497896194,0.0020113156642764807,0.4064995050430298,0.09560858458280563,0.02264426089823246,0.3103378117084503,1.4318742752075195,0.07883697748184204,0.07920883595943451,0.8078250885009766
90,model.layers.1.self_attn.k_proj.weight,1024,3072,0.0003255208333333333,0.0004140586534049362,2.942474842071533,0.000902663916349411,0.04403212293982506,0.0008958750404417515,0.13350212574005127,0.17837072908878326,0.005801409482955933,0.7278119921684265,1.4680606126785278,0.0007427321979776025,8.354907989501953,0.0024264859966933727,0.004316897131502628,0.0018071940867230296,0.3065301775932312,0.1462891399860382,0.015891477465629578,0.4435288608074188,1.4252722263336182,,,
90,model.layers.1.self_attn.v_proj.weight,1024,3072,0.0003255208333333333,0.00012003000301774591,1.7287393808364868,-0.0006287929718382657,0.31459084153175354,0.0001336100831395015,0.14796097576618195,0.3474184274673462,0.014190888032317162,0.5278931260108948,1.4581552743911743,0.0004937888006679714,9.935673713684082,0.003610310610383749,0.004170035943388939,0.00027771430904977024,0.289421409368515,0.19515646994113922,0.014051462523639202,0.4869482219219208,1.4331610202789307,,,
90,model.layers.1.self_attn.o_proj.weight,3072,3072,0.0003255208333333333,0.0003336245135869831,4.891964912414551,-0.0006195780588313937,0.1751449555158615,0.0003966674266848713,0.2454575151205063,0.23259906470775604,0.013187160715460777,0.5223479270935059,1.4649907350540161,0.00033115147380158305,6.781461238861084,0.002493982668966055,0.00726268021389842,0.000529533892404288,0.2345786839723587,0.24371729791164398,0.01778881438076496,0.480518639087677,1.4470893144607544,,,
90,model.layers.14.self_attn.q_proj.weight,3072,3072,0.0003255208333333333,0.000330130074871704,1.946895956993103,8.456040086457506e-05,0.17700548470020294,0.0010674676159396768,0.1536218672990799,0.2957755923271179,0.01077140960842371,0.6112316250801086,1.4883453845977783,0.0003805926535278559,9.455650329589844,0.0008973305230028927,0.006893176585435867,0.0009658967610448599,0.2620933949947357,0.20171327888965607,0.014727983623743057,0.5000328421592712,1.464584469795227,0.08465585857629776,0.08745643496513367,0.7769201993942261
90,model.layers.14.self_attn.k_proj.weight,1024,3072,0.0003255208333333333,0.0003186630201525986,2.137636661529541,0.00014522454875987023,0.16110369563102722,0.0008767610997892916,0.1808689385652542,0.2096826136112213,0.014635050669312477,0.6914764046669006,1.430463194847107,0.0004865184018854052,9.54465389251709,0.0002729000407271087,0.004060540813952684,0.001282552257180214,0.28072184324264526,0.17475003004074097,0.01784610003232956,0.5109084248542786,1.4169119596481323,,,
90,model.layers.14.self_attn.v_proj.weight,1024,3072,0.0003255208333333333,0.0003301886608824134,2.155822277069092,0.00019304615852888674,0.4509139358997345,0.00010143432155018672,0.2903425693511963,0.20584708452224731,0.007671368308365345,0.4081246852874756,1.4753044843673706,0.00040407650521956384,8.291685104370117,0.001815551077015698,0.0038341155741363764,0.00021092309907544404,0.2844347655773163,0.20473681390285492,0.009680867195129395,0.4501175582408905,1.4739795923233032,,,
90,model.layers.14.self_attn.o_proj.weight,3072,3072,0.0003255208333333333,0.0003245905099902302,3.1480841636657715,0.00011467447620816529,0.37292465567588806,0.0002340681676287204,0.23505151271820068,0.24616675078868866,0.037028197199106216,0.4156334400177002,1.4020390510559082,0.00033451541094109416,8.00418472290039,0.0016038764733821154,0.006587735377252102,0.00031318372930400074,0.19649718701839447,0.27494335174560547,0.03884294256567955,0.45401352643966675,1.3828368186950684,,,
90,model.layers.26.self_attn.q_proj.weight,3072,3072,0.0003255208333333333,0.0003348670725245029,3.629729986190796,-0.0014772003050893545,0.04082731157541275,0.0019152500899508595,0.1658758819103241,0.27020934224128723,0.018649663776159286,0.6314979791641235,1.4501070976257324,0.00035704413312487304,8.63712215423584,-0.0020764414221048355,0.00623728521168232,0.0010025273077189922,0.24420621991157532,0.2159821093082428,0.017769400030374527,0.5071011185646057,1.446789026260376,0.07029896974563599,0.07315637916326523,0.8667526841163635
90,model.layers.26.self_attn.k_proj.weight,1024,3072,0.0003255208333333333,0.00044983436237089336,4.343385696411133,-0.002563911024481058,0.0357167012989521,0.0008395129698328674,0.19000518321990967,0.18005488812923431,0.012730925343930721,0.6889824867248535,1.4383695125579834,0.0005748588591814041,7.681576251983643,-0.0045532891526818275,0.0036873428616672754,0.001628242782317102,0.24061505496501923,0.1894056797027588,0.017933616414666176,0.5269672870635986,1.4007630348205566,,,
90,model.layers.26.self_attn.v_proj.weight,1024,3072,0.0003255208333333333,0.00021378230303525925,1.9595986604690552,-0.0005380833172239363,0.06438309699296951,0.0001737941347528249,0.15873019397258759,0.3276073932647705,0.06988485902547836,0.511693000793457,1.43899405002594,0.0003609581326600164,5.231753349304199,0.0002925195440184325,0.0037919366732239723,0.00020258684526197612,0.2424527406692505,0.25210270285606384,0.012661202810704708,0.48416706919670105,1.4402811527252197,,,
90,model.layers.26.self_attn.o_proj.weight,3072,3072,0.0003255208333333333,0.0003367446770425886,2.531132936477661,-0.0003152587451040745,0.07140358537435532,0.0004102421225979924,0.13512957096099854,0.3651571571826935,0.005647817626595497,0.560413122177124,1.5110068321228027,0.00035455296165309846,6.146227836608887,0.0009269002475775778,0.0065331538207829,0.0001963802642421797,0.18544648587703705,0.30456793308258057,0.00673736073076725,0.5322096943855286,1.5023292303085327,,,
90,model.layers.1.mlp.gate_proj.weight,8192,3072,0.0001220703125,0.00012588611571118236,8.494548797607422,-9.281709208153188e-05,0.10977138578891754,0.0004442266363184899,0.24637584388256073,0.21760013699531555,0.009688537567853928,0.5323136448860168,1.5148085355758667,0.0001251535431947559,15.874296188354492,0.0009451739024370909,0.011334753595292568,0.0003667061391752213,0.275838702917099,0.20211084187030792,0.010562650859355927,0.4961574673652649,1.514159917831421,,,
90,model.layers.1.mlp.up_proj.weight,8192,3072,0.0001220703125,0.00013616026262752712,8.624876976013184,-2.5621531676733866e-05,0.13033905625343323,0.00015563321358058602,0.2707919180393219,0.21146437525749207,0.008060306310653687,0.5217187404632568,1.5173814296722412,0.00013201672118157148,14.559793472290039,0.0010383474873378873,0.011401855386793613,0.0001379527966491878,0.28815609216690063,0.1997455209493637,0.009582594968378544,0.49609583616256714,1.5130093097686768,,,
90,model.layers.1.mlp.down_proj.weight,3072,8192,0.0001220703125,0.00015211623394861817,1.0071370601654053,-1.623819230189838e-06,1.9059823751449585,0.0011021896498277783,0.34705716371536255,0.13389624655246735,0.023709872737526894,0.44390735030174255,1.4302477836608887,0.0001326554047409445,22.33442497253418,0.0009933070978149772,0.01138562522828579,0.0005823007668368518,0.2395423948764801,0.23451508581638336,0.024888712912797928,0.495572566986084,1.4138531684875488,0.07422830909490585,0.0757792741060257,0.6508015990257263
90,model.layers.14.mlp.gate_proj.weight,8192,3072,0.0001220703125,0.00012131187395425513,1.7503185272216797,0.00035788261448033154,0.28571271896362305,0.0003007034247275442,0.18154802918434143,0.2626700699329376,0.0034760821145027876,0.6190674304962158,1.5258702039718628,0.000124237485579215,9.876466751098633,0.00010006722004618496,0.010937662795186043,0.0005822149105370045,0.25098657608032227,0.21712380647659302,0.010789650492370129,0.49773555994033813,1.5121818780899048,,,
90,model.layers.14.mlp.up_proj.weight,8192,3072,0.0001220703125,0.0001350844686385244,3.854369878768921,0.0003304871206637472,0.2661028802394867,0.0007315630209632218,0.23352693021297455,0.2290528267621994,0.009829472750425339,0.5060904622077942,1.5149210691452026,0.0001365754724247381,9.018671035766602,0.0004796464054379612,0.010796693153679371,0.0004960441729053855,0.2723821997642517,0.20221871137619019,0.010931693948805332,0.4765051007270813,1.5080052614212036,,,
90,model.layers.14.mlp.down_proj.weight,3072,8192,0.0001220703125,0.00014476680371444672,4.2273945808410645,0.00029896863270550966,0.30235928297042847,0.0004945824039168656,0.23036564886569977,0.24814839661121368,0.03808016702532768,0.4916735887527466,1.4113165140151978,0.0001408593961969018,11.551996231079102,0.0005123228183947504,0.010803009383380413,0.0005465182475745678,0.24339859187602997,0.23278002440929413,0.03685518354177475,0.49291685223579407,1.3908246755599976,0.08069802820682526,0.07844261825084686,0.8377548456192017
90,model.layers.26.mlp.gate_proj.weight,8192,3072,0.0001220703125,0.00016511903959326446,2.5946450233459473,-0.0009810428600758314,0.11939438432455063,0.0008900913526304066,0.18930594623088837,0.24736642837524414,0.006705922074615955,0.5817186236381531,1.5189464092254639,0.00014945960720069706,8.484877586364746,0.0007580494857393205,0.010383990593254566,0.0011518723331391811,0.24010910093784332,0.21647170186042786,0.01155506819486618,0.4996090531349182,1.513116717338562,,,
90,model.layers.26.mlp.up_proj.weight,8192,3072,0.0001220703125,0.00017185660544782877,3.301973581314087,-0.0007389749516732991,0.16460801661014557,0.001851484295912087,0.1566162407398224,0.29207947850227356,0.013423420488834381,0.6244937181472778,1.5228567123413086,0.0001250467321369797,8.092483520507812,0.0008829551516100764,0.010458141565322876,0.0010349235963076353,0.22720912098884583,0.2261561006307602,0.011781727895140648,0.49735620617866516,1.5117571353912354,,,
90,model.layers.26.mlp.down_proj.weight,3072,8192,0.0001220703125,8.997470285976306e-05,1.5912256240844727,-0.0006759873358532786,0.19065099954605103,0.001016699243336916,0.14025789499282837,0.3610250949859619,0.01635614223778248,0.5783083438873291,1.466615915298462,0.0001270022039534524,5.467310905456543,0.0008842055685818195,0.01074083149433136,0.000369483808754012,0.21749982237815857,0.2643047869205475,0.015417487360537052,0.5415127873420715,1.4631874561309814,0.08523428440093994,0.0827179104089737,0.8231629729270935
100,model.layers.1.self_attn.q_proj.weight,3072,3072,0.0003255208333333333,0.0003675824264064431,1.952836513519287,-0.0009774136124178767,0.05739472433924675,0.001960644731298089,0.14413626492023468,0.18625275790691376,0.00815493892878294,0.646613359451294,1.4807147979736328,0.0003883416356984526,9.832441329956055,0.0002029708120971918,0.006812362466007471,0.0024800330866128206,0.38804298639297485,0.10140609741210938,0.023698894307017326,0.30814453959465027,1.430464267730713,0.08029574155807495,0.08200747519731522,0.7309464812278748
100,model.layers.1.self_attn.k_proj.weight,1024,3072,0.0003255208333333333,0.0007496986072510481,2.4499738216400146,-0.0017254159320145845,0.0433250330388546,0.0014444505795836449,0.08950570225715637,0.19503836333751678,0.005586936604231596,0.7991723418235779,1.4625333547592163,0.0006239413050934672,6.921134948730469,-0.00014266448852140456,0.004093856085091829,0.0010588187724351883,0.30577629804611206,0.14409981667995453,0.014295428059995174,0.4456564486026764,1.433773398399353,,,
100,model.layers.1.self_attn.v_proj.weight,1024,3072,0.0003255208333333333,0.00011843450920423493,1.6433956623077393,-0.0007926724501885474,0.3078438639640808,0.0001205976732308045,0.12433122843503952,0.3782650828361511,0.01570000872015953,0.5601319670677185,1.4495823383331299,0.0004496937617659569,9.873383522033691,0.002678783144801855,0.003998553846031427,0.0002513793297111988,0.2999233305454254,0.1882970780134201,0.01461757067590952,0.4719602167606354,1.4362766742706299,,,
100,model.layers.1.self_attn.o_proj.weight,3072,3072,0.0003255208333333333,0.0003309932362753898,2.9431238174438477,-0.0007993269828148186,0.16702206432819366,0.0004620900144800544,0.2101939171552658,0.26984938979148865,0.01236465573310852,0.5496534109115601,1.4595487117767334,0.0003260104276705533,7.534077167510986,0.002494444604963064,0.00699438014999032,0.0004488145059440285,0.2260970175266266,0.25688496232032776,0.015466589480638504,0.49958041310310364,1.4618178606033325,,,
100,model.layers.14.self_attn.q_proj.weight,3072,3072,0.0003255208333333333,0.0003406741307117045,3.0787649154663086,-0.00045704227522946894,0.11038927733898163,0.0012024801690131426,0.15700307488441467,0.3030102550983429,0.013377643190324306,0.6139158606529236,1.4867870807647705,0.0003275188500992954,7.776169300079346,0.0012905554613098502,0.006931603420525789,0.0008684366475790739,0.27082496881484985,0.19531464576721191,0.014743407256901264,0.4900331199169159,1.4586002826690674,0.07470181584358215,0.07750796526670456,0.8106527924537659
100,model.layers.14.self_attn.k_proj.weight,1024,3072,0.0003255208333333333,0.00036420824471861124,1.8133779764175415,-0.0007078376365825534,0.10728443413972855,0.0006542199989780784,0.17849162220954895,0.23939302563667297,0.012252062559127808,0.6810479760169983,1.448665976524353,0.0004369784437585622,6.212328910827637,0.0010787560604512691,0.004108217544853687,0.0012985108187422156,0.2715679705142975,0.1797882616519928,0.019115036353468895,0.5172601938247681,1.4160593748092651,,,
100,model.layers.14.self_attn.v_proj.weight,1024,3072,0.0003255208333333333,0.00040380030986852944,1.8904070854187012,0.00041423493530601263,0.4783472716808319,4.197591624688357e-05,0.2813309133052826,0.21566760540008545,0.0032064421102404594,0.4570901393890381,1.479921579360962,0.00043324963189661503,5.6795878410339355,0.001685157185420394,0.004132433794438839,0.00015036354307085276,0.28817787766456604,0.2044418901205063,0.009652040898799896,0.4551161229610443,1.4601070880889893,,,
100,model.layers.14.self_attn.o_proj.weight,3072,3072,0.0003255208333333333,0.00035610987106338143,1.8247957229614258,0.00022538121265824884,0.4548586905002594,7.455833838321269e-05,0.2817836105823517,0.22201305627822876,0.01705295592546463,0.45473986864089966,1.4145605564117432,0.0003262361278757453,7.615626335144043,0.001107847667299211,0.007047251798212528,0.00019606668502092361,0.20892544090747833,0.2709544599056244,0.028981026262044907,0.4531605541706085,1.411886215209961,,,
100,model.layers.26.self_attn.q_proj.weight,3072,3072,0.0003255208333333333,0.00037264206912368536,3.6961402893066406,-0.0008287912933155894,0.045885320752859116,0.0017563183791935444,0.1706596314907074,0.2714501917362213,0.02068227156996727,0.6293119192123413,1.4359513521194458,0.000333896983647719,7.198004245758057,0.0007588077569380403,0.006841988768428564,0.0013240287080407143,0.23837359249591827,0.2177458256483078,0.017840061336755753,0.5241237282752991,1.4442570209503174,0.08119712024927139,0.07772119343280792,0.8212428689002991
100,model.layers.26.self_attn.k_proj.weight,1024,3072,0.0003255208333333333,0.00045074537047185004,2.985736131668091,-0.0013349183136597276,0.043435052037239075,0.0008241094183176756,0.20929384231567383,0.1895248144865036,0.013611226342618465,0.650898277759552,1.4388360977172852,0.0005053457571193576,11.59179401397705,3.211992952856235e-05,0.004053677897900343,0.0018874540692195296,0.24995970726013184,0.1935691386461258,0.01942448690533638,0.5177827477455139,1.4129915237426758,,,
100,model.layers.26.self_attn.v_proj.weight,1024,3072,0.0003255208333333333,0.0002603797765914351,2.2769908905029297,0.0011902268743142486,0.06461971253156662,5.942376083112322e-05,0.18476811051368713,0.3140789270401001,0.014014813117682934,0.5370381474494934,1.4562349319458008,0.0003873635723721236,6.4515533447265625,0.00026027008425444365,0.004114906769245863,0.0001286534097744152,0.22701802849769592,0.25893092155456543,0.0094853350892663,0.5310585498809814,1.4555219411849976,,,
100,model.layers.26.self_attn.o_proj.weight,3072,3072,0.0003255208333333333,0.0003440658620093018,2.592496633529663,0.0006742345867678523,0.07448165863752365,0.00013095492613501847,0.15599215030670166,0.3384459912776947,0.005168840754777193,0.5421707034111023,1.5079113245010376,0.0003315486537758261,7.42581844329834,0.0007086092955432832,0.006921383086591959,0.00011936631199205294,0.19368308782577515,0.2956416606903076,0.006425769999623299,0.5273035168647766,1.4967886209487915,,,
100,model.layers.1.mlp.gate_proj.weight,8192,3072,0.0001220703125,0.00013577188656199723,6.197301864624023,0.0002470432664267719,0.10178916156291962,0.0004093662719242275,0.23085683584213257,0.2316027134656906,0.0082169184461236,0.5526843667030334,1.5199897289276123,0.00011757381435018033,11.557133674621582,0.00034000835148617625,0.011270170100033283,0.0003928693477064371,0.27001526951789856,0.20448002219200134,0.011050955392420292,0.5005728006362915,1.5104488134384155,,,
100,model.layers.1.mlp.up_proj.weight,8192,3072,0.0001220703125,0.00013161530659999698,6.351820945739746,0.0003969439130742103,0.11825390160083771,0.0002188946818932891,0.25481876730918884,0.22421635687351227,0.007436852902173996,0.5292960405349731,1.519983172416687,0.00012681000225711614,11.232193946838379,0.000664929102640599,0.011288040317595005,0.00029071184690110385,0.2840501368045807,0.19935043156147003,0.009881312027573586,0.4930989444255829,1.5131442546844482,,,
100,model.layers.1.mlp.down_proj.weight,3072,8192,0.0001220703125,0.00014111220662016422,1.0068715810775757,2.536666397645604e-05,1.8752564191818237,0.0015255931066349149,0.3304567337036133,0.13915294408798218,0.031772028654813766,0.46144813299179077,1.4392681121826172,0.00014079184620641172,11.379714012145996,0.00045593350660055876,0.0113961948081851,0.0006064178887754679,0.24377363920211792,0.23387591540813446,0.020298929885029793,0.49161094427108765,1.4298242330551147,0.08094605803489685,0.0822572335600853,0.6211907267570496
100,model.layers.14.mlp.gate_proj.weight,8192,3072,0.0001220703125,0.00013871754345018417,1.9278972148895264,0.0004179472161922604,0.24581971764564514,0.000454835535492748,0.22080396115779877,0.23548932373523712,0.005552320741117001,0.5355789661407471,1.5291059017181396,0.00012549628445412964,8.171384811401367,0.0010061328066512942,0.011323000304400921,0.0007456059101969004,0.2508939504623413,0.21618208289146423,0.012278414331376553,0.49731072783470154,1.5086876153945923,,,
100,model.layers.14.mlp.up_proj.weight,8192,3072,0.0001220703125,0.0001432770222891122,2.1103389263153076,0.00027820002287626266,0.28610730171203613,0.0003360100381541997,0.2532879710197449,0.22380921244621277,0.00826716423034668,0.49807870388031006,1.5153695344924927,0.00014164576714392751,6.8092756271362305,0.0009628364932723343,0.011364484205842018,0.0005222475156188011,0.27523350715637207,0.20107853412628174,0.011135046370327473,0.47251173853874207,1.5077288150787354,,,
100,model.layers.14.mlp.down_proj.weight,3072,8192,0.0001220703125,0.0001455889141652733,1.5788307189941406,0.00018379378889221698,0.4428355097770691,0.0001485600951127708,0.24458888173103333,0.24621610343456268,0.015798648819327354,0.4814242720603943,1.4238417148590088,0.00013683942961506546,8.022292137145996,0.001177702797576785,0.011361432261765003,0.0005153295351192355,0.24491111934185028,0.23321262001991272,0.03302181512117386,0.49268847703933716,1.4035555124282837,0.09844198077917099,0.09674440324306488,0.7649917006492615
100,model.layers.26.mlp.gate_proj.weight,8192,3072,0.0001220703125,0.00015294156037271023,1.851806640625,-0.0011953265639021993,0.1093045175075531,0.0008747456595301628,0.21181204915046692,0.2365349680185318,0.008696423843502998,0.5525509715080261,1.5173027515411377,0.0001266094041056931,6.082001686096191,0.0007466019596904516,0.011397069320082664,0.0007503053057007492,0.23506252467632294,0.22316713631153107,0.010108144953846931,0.5072658061981201,1.5152966976165771,,,
100,model.layers.26.mlp.up_proj.weight,8192,3072,0.0001220703125,0.00011656140122795478,2.068263053894043,-0.000697704148478806,0.15322166681289673,0.0006126947118900716,0.22110635042190552,0.2362985461950302,0.007703999988734722,0.5195218324661255,1.5203649997711182,0.00011616842675721273,6.683298587799072,0.00044094701297581196,0.011364146135747433,0.0009378056856803596,0.22918298840522766,0.2284630537033081,0.011014692485332489,0.49431732296943665,1.5102847814559937,,,
100,model.layers.26.mlp.down_proj.weight,3072,8192,0.0001220703125,0.00011058735981350765,1.800607681274414,-0.0006057054852135479,0.1870792657136917,0.0005387212731875479,0.22354817390441895,0.25729191303253174,0.01651308871805668,0.45235487818717957,1.4529743194580078,0.00012900367437396199,6.822587013244629,0.0007737443665973842,0.011310352012515068,0.00032604692387394607,0.23200252652168274,0.25067779421806335,0.017529461532831192,0.516130268573761,1.4467384815216064,0.09680240601301193,0.09720191359519958,0.7837061285972595
110,model.layers.1.self_attn.q_proj.weight,3072,3072,0.0003255208333333333,0.0003154269652441144,1.9676488637924194,0.0002922504208981991,0.05463404580950737,0.002361880848184228,0.18940909206867218,0.19430680572986603,0.012228613719344139,0.5595770478248596,1.4681522846221924,0.00045410776510834694,10.830222129821777,-0.001894027809612453,0.006641580257564783,0.001306857098825276,0.40212827920913696,0.10261259973049164,0.022036703303456306,0.3115836977958679,1.4410279989242554,0.09148533642292023,0.08848310261964798,0.7334519624710083
110,model.layers.1.self_attn.k_proj.weight,1024,3072,0.0003255208333333333,0.0004096382181160152,2.1288845539093018,0.00048652730765752494,0.04410223290324211,0.0007476506289094687,0.08506513386964798,0.1998637616634369,0.0035036420449614525,0.8260585069656372,1.4527318477630615,0.0005360565264709294,10.663819313049316,-0.0027267360128462315,0.003804078558459878,0.001700777094811201,0.3184082806110382,0.14948609471321106,0.015204898081719875,0.4440203309059143,1.4259204864501953,,,
110,model.layers.1.self_attn.v_proj.weight,1024,3072,0.0003255208333333333,0.0001393264828948304,1.5364841222763062,1.3504451999324374e-05,0.37218594551086426,8.3789142081514e-05,0.1435232311487198,0.3574613332748413,0.009702537208795547,0.5413855314254761,1.449338436126709,0.0004962703678756952,11.434120178222656,0.0011462918482720852,0.003934284206479788,0.0002748894039541483,0.3001624047756195,0.18843591213226318,0.013792609795928001,0.4704238474369049,1.4448333978652954,,,
110,model.layers.1.self_attn.o_proj.weight,3072,3072,0.0003255208333333333,0.0003395031963009387,1.7922905683517456,1.2774196875398047e-05,0.2149839997291565,0.0003392658254597336,0.25801321864128113,0.21938522160053253,0.013087726198136806,0.5134103894233704,1.4567960500717163,0.0003335309447720647,6.989320278167725,0.0012379006948322058,0.006962100509554148,0.00035730318631976843,0.2294597178697586,0.2529318630695343,0.014224972575902939,0.49323293566703796,1.466010570526123,,,
110,model.layers.14.self_attn.q_proj.weight,3072,3072,0.0003255208333333333,0.0004353164113126695,2.2407474517822266,0.00016357838467229158,0.10326805710792542,0.0009324743878096342,0.14046069979667664,0.317560076713562,0.008178668096661568,0.6577067375183105,1.4831596612930298,0.0003598201437853277,10.560619354248047,0.0016075094463303685,0.006690551061183214,0.0007797812577337027,0.2653995752334595,0.19802162051200867,0.013681469485163689,0.4934931993484497,1.4664418697357178,0.08027376979589462,0.08198464661836624,0.821155846118927
110,model.layers.14.self_attn.k_proj.weight,1024,3072,0.0003255208333333333,0.0006295899511314929,4.3798828125,0.00029361079214140773,0.0810670554637909,0.002110319444909692,0.2178548127412796,0.1859179437160492,0.017248988151550293,0.6208174228668213,1.4339995384216309,0.0004899692721664906,15.03860855102539,0.0010461944621056318,0.0038820505142211914,0.0008004045812413096,0.27567756175994873,0.17664381861686707,0.01670774631202221,0.5201961398124695,1.4189207553863525,,,
110,model.layers.14.self_attn.v_proj.weight,1024,3072,0.0003255208333333333,0.0002877712540794164,2.5672366619110107,-0.0003227027482353151,0.31087279319763184,0.0001315377448918298,0.26457342505455017,0.23776698112487793,0.008465437218546867,0.468543142080307,1.450722336769104,0.00039081345312297344,7.996283054351807,0.0021026195026934147,0.003847435349598527,0.00035781197948381305,0.27516046166419983,0.21214713156223297,0.014231223613023758,0.46100887656211853,1.4443066120147705,,,
110,model.layers.14.self_attn.o_proj.weight,3072,3072,0.0003255208333333333,0.000320669321808964,1.6604150533676147,-0.00016930190031416714,0.3023097813129425,0.000103969759948086,0.17299950122833252,0.316209077835083,0.021886169910430908,0.4835165739059448,1.399162769317627,0.00032673284295015037,6.707268238067627,0.0013882061466574669,0.006753454450517893,0.0002502222778275609,0.18833519518375397,0.2883979082107544,0.029081491753458977,0.4639279246330261,1.4073207378387451,,,
110,model.layers.26.self_attn.q_proj.weight,3072,3072,0.0003255208333333333,0.00035132854827679694,2.075629472732544,0.001084577408619225,0.04795360937714577,0.0012697636848315597,0.17499187588691711,0.25874850153923035,0.014382361434400082,0.6376060247421265,1.4422171115875244,0.0003586250822991133,7.652415752410889,0.00232232385315001,0.006564937066286802,0.0011091855121776462,0.24512732028961182,0.21083903312683105,0.017990821972489357,0.5141006112098694,1.4463262557983398,0.08923152834177017,0.08644139021635056,0.7848492860794067
110,model.layers.26.self_attn.k_proj.weight,1024,3072,0.0003255208333333333,0.00044167431769892573,3.2115488052368164,0.0018387763993814588,0.042865555733442307,0.00039708820986561477,0.18420061469078064,0.1919352114200592,0.010036924853920937,0.6937025785446167,1.4345558881759644,0.0006351181073114276,10.022014617919922,0.003805255750194192,0.0037584747187793255,0.0012965109199285507,0.2546147406101227,0.18962888419628143,0.017246173694729805,0.5171962976455688,1.415621280670166,,,
110,model.layers.26.self_attn.v_proj.weight,1024,3072,0.0003255208333333333,0.00023415073519572616,2.179616689682007,-0.0005997261614538729,0.055043142288923264,0.00021163132623769343,0.15270842611789703,0.3087458610534668,0.114311084151268,0.5033359527587891,1.4284144639968872,0.0003704235714394599,5.506926536560059,0.002855008002370596,0.0037261301185935736,0.00016036418674048036,0.21940986812114716,0.26762568950653076,0.020865458995103836,0.5183118581771851,1.42428719997406,,,
110,model.layers.26.self_attn.o_proj.weight,3072,3072,0.0003255208333333333,0.0003031503292731941,2.645268201828003,-0.00042441801633685827,0.0505061037838459,0.0007386234938167036,0.17916081845760345,0.2885037064552307,0.010200493037700653,0.4840598702430725,1.505141258239746,0.0003391491190996021,6.814381122589111,0.0019183321855962276,0.006384037435054779,0.00025877507869154215,0.1902451515197754,0.2971884310245514,0.006550880614668131,0.525841236114502,1.499466896057129,,,
110,model.layers.1.mlp.gate_proj.weight,8192,3072,0.0001220703125,0.0001557139039505273,1.6799447536468506,0.00015786678704898804,0.15159371495246887,0.000589165196288377,0.23077435791492462,0.23690329492092133,0.012547878548502922,0.5356603860855103,1.5136466026306152,0.00012073785910615698,6.659865856170654,0.0006501476746052504,0.011458108201622963,0.0003150329866912216,0.2705268859863281,0.20792722702026367,0.010935707949101925,0.4976339042186737,1.5131245851516724,,,
110,model.layers.1.mlp.up_proj.weight,8192,3072,0.0001220703125,0.00012782491103280336,1.7429732084274292,-7.051841384964064e-05,0.17792868614196777,0.00021842162823304534,0.2570405900478363,0.2210722118616104,0.010965545661747456,0.5237171053886414,1.5173144340515137,0.0001284625323023647,7.007839679718018,0.000794190913438797,0.011455756612122059,0.00019857556617353112,0.28498902916908264,0.20149528980255127,0.011751485988497734,0.49228888750076294,1.5101314783096313,,,
110,model.layers.1.mlp.down_proj.weight,3072,8192,0.0001220703125,0.00017800770001485944,1.0116219520568848,-6.345029760268517e-06,1.9410945177078247,0.002722889417782426,0.31795936822891235,0.13739079236984253,0.05701138824224472,0.4545644223690033,1.4080677032470703,0.0001392276753904298,7.942634582519531,0.0008647542563267052,0.011368490755558014,0.0006803771830163896,0.24362541735172272,0.23357321321964264,0.02164451777935028,0.49187907576560974,1.4192101955413818,0.08862536400556564,0.09190444648265839,0.588893711566925
110,model.layers.14.mlp.gate_proj.weight,8192,3072,0.0001220703125,0.0001151241667685099,1.9164906740188599,0.00035897421184927225,0.18784907460212708,0.0006260320078581572,0.2376958578824997,0.21101541817188263,0.006391646806150675,0.5096709728240967,1.5232247114181519,0.00012965167115908116,10.357362747192383,0.0007970299338921905,0.01084213424474001,0.0005851471214555204,0.2506091594696045,0.21645841002464294,0.010764102451503277,0.4993916451931,1.51041579246521,,,
110,model.layers.14.mlp.up_proj.weight,8192,3072,0.0001220703125,0.00013346329797059298,1.8149964809417725,0.0003119230386801064,0.2291128933429718,0.0004616721416823566,0.24718987941741943,0.21913361549377441,0.008184962905943394,0.49725350737571716,1.5137453079223633,0.00013852331903763115,8.356815338134766,0.0011149196652695537,0.010894039645791054,0.000644111365545541,0.2700919806957245,0.2034641057252884,0.011697445996105671,0.4764978885650635,1.5027433633804321,,,
110,model.layers.14.mlp.down_proj.weight,3072,8192,0.0001220703125,0.00013032418792136014,2.078793525695801,0.0002849899756256491,0.2555401623249054,0.00039125524926930666,0.21680574119091034,0.2683124840259552,0.026784228160977364,0.5245772004127502,1.3946512937545776,0.00013842199405189604,9.467315673828125,0.0012839795090258121,0.011027248576283455,0.00047961968812160194,0.23796918988227844,0.23905591666698456,0.03429223597049713,0.5058537721633911,1.3916065692901611,0.09132444858551025,0.08863352984189987,0.7847235202789307
110,model.layers.26.mlp.gate_proj.weight,8192,3072,0.0001220703125,0.00016018873429857194,2.9973764419555664,0.000960657955147326,0.07590971142053604,0.001248723128810525,0.19870664179325104,0.2400888055562973,0.007870569825172424,0.5440871715545654,1.5173298120498657,0.00012468761997297406,8.767740249633789,0.0009066700004041195,0.01036010216921568,0.0009996138978749514,0.2368902713060379,0.22139929234981537,0.01209475751966238,0.5011933445930481,1.5117943286895752,,,
110,model.layers.26.mlp.up_proj.weight,8192,3072,0.0001220703125,0.00015632211579941213,3.0277421474456787,0.00039202586049214005,0.1229909211397171,0.0020637798588722944,0.15033885836601257,0.2975391447544098,0.013570889830589294,0.6293968558311462,1.522615671157837,0.00014242471661418676,8.604936599731445,-7.096768968040124e-05,0.010413304902613163,0.001090314006432891,0.22715641558170319,0.23001664876937866,0.01229364424943924,0.49656862020492554,1.5090487003326416,,,
110,model.layers.26.mlp.down_proj.weight,3072,8192,0.0001220703125,0.00010871033009607345,1.7770277261734009,0.0004202543059363961,0.12105695903301239,0.0012365669244900346,0.13755981624126434,0.35763785243034363,0.018362240865826607,0.5739187002182007,1.4567604064941406,0.00012937966675963253,6.619867324829102,0.0005613184184767306,0.010523820295929909,0.0003613014123402536,0.2224017083644867,0.25883638858795166,0.018647575750947,0.5330418944358826,1.4459868669509888,0.0780050978064537,0.08126197755336761,0.8440161943435669
120,model.layers.1.self_attn.q_proj.weight,3072,3072,0.0003255208333333333,0.00027256045723333955,2.796757698059082,-0.001089391065761447,0.03474997356534004,0.003123066620901227,0.187486469745636,0.18736521899700165,0.011046495288610458,0.5409911870956421,1.4770309925079346,0.0003665059630293399,10.88482666015625,-0.00041818563477136195,0.006447367370128632,0.0023026238195598125,0.3992912471294403,0.10216502845287323,0.022214829921722412,0.3132869303226471,1.4439101219177246,0.07459615170955658,0.07479695975780487,0.7915678024291992
120,model.layers.1.self_attn.k_proj.weight,1024,3072,0.0003255208333333333,0.0003745481662917882,2.8996496200561523,-0.001917013549245894,0.026287313550710678,0.0026590866036713123,0.12862344086170197,0.1840732991695404,0.007716492749750614,0.726652979850769,1.4670671224594116,0.0005453785415738821,9.495532989501953,-0.0009276935015805066,0.0038239143323153257,0.0019490186823531985,0.3096744418144226,0.14430196583271027,0.01466317754238844,0.44649600982666016,1.4328809976577759,,,
120,model.layers.1.self_attn.v_proj.weight,1024,3072,0.0003255208333333333,0.0001324997574556619,1.7711488008499146,0.0001821788027882576,0.23849569261074066,7.422499766107649e-05,0.1590263694524765,0.3332585096359253,0.011280338279902935,0.5204381942749023,1.452531099319458,0.00048541350406594574,10.563519477844238,0.0022730294149369,0.0039269449189305305,0.0002308196562808007,0.2920679748058319,0.19758903980255127,0.011696153320372105,0.4847211241722107,1.4559463262557983,,,
120,model.layers.1.self_attn.o_proj.weight,3072,3072,0.0003255208333333333,0.0003246098349336535,4.200726509094238,0.00017816605395637453,0.13433130085468292,0.0003583058714866638,0.2609509229660034,0.2184046059846878,0.012750715017318726,0.501837432384491,1.4612793922424316,0.00035267852945253253,6.998075485229492,0.0018819300457835197,0.006825967691838741,0.00038770047831349075,0.23101170361042023,0.24942509829998016,0.014086848124861717,0.4914509654045105,1.4721603393554688,,,
120,model.layers.14.self_attn.q_proj.weight,3072,3072,0.0003255208333333333,0.0003356036904733628,2.7664124965667725,-5.546748434426263e-05,0.09375416487455368,0.0006610010750591755,0.15687711536884308,0.30185478925704956,0.006366915535181761,0.6131292581558228,1.4949626922607422,0.0003774451033677906,6.263054847717285,0.0019517133478075266,0.007171044126152992,0.0010051372228190303,0.2722623944282532,0.190268412232399,0.01643471233546734,0.485339879989624,1.4628448486328125,0.08147429674863815,0.08077413588762283,0.8211116194725037
120,model.layers.14.self_attn.k_proj.weight,1024,3072,0.0003255208333333333,0.0004262120055500418,5.845343589782715,-0.00011146209726575762,0.06552042067050934,0.0010633106576278806,0.19778978824615479,0.19655096530914307,0.013300888240337372,0.6702133417129517,1.4464943408966064,0.00046858025598339736,6.53894567489624,0.003950480837374926,0.004101636353880167,0.0010145418345928192,0.2817433774471283,0.16851013898849487,0.018451791256666183,0.5119171142578125,1.4033116102218628,,,
120,model.layers.14.self_attn.v_proj.weight,1024,3072,0.0003255208333333333,0.0002980426943395287,3.565080404281616,0.0003728187584783882,0.2066618800163269,0.00021822861162945628,0.21603621542453766,0.27399516105651855,0.012182272039353848,0.5372121930122375,1.4526357650756836,0.00046618026681244373,7.437143802642822,0.0022426978684961796,0.004063757136464119,0.0002972127986140549,0.277163028717041,0.21025359630584717,0.01188416127115488,0.45983585715293884,1.459054708480835,,,
120,model.layers.14.self_attn.o_proj.weight,3072,3072,0.0003255208333333333,0.0003024322504643351,2.412067174911499,0.00017861112428363413,0.2192719429731369,0.00018158233433496207,0.14819395542144775,0.3189597427845001,0.03650771453976631,0.46211037039756775,1.4012675285339355,0.0003157776081934571,6.20831823348999,0.001787325250916183,0.007132991682738066,0.00019605921988841146,0.19456060230731964,0.2824728488922119,0.02604982629418373,0.45896682143211365,1.4196161031723022,,,
120,model.layers.26.self_attn.q_proj.weight,3072,3072,0.0003255208333333333,0.00032104874844662845,1.7416458129882812,0.00021375264623202384,0.058261897414922714,0.0012722986284643412,0.1704474538564682,0.25964823365211487,0.012824716977775097,0.6506990790367126,1.4317899942398071,0.00032709393417462707,7.2560133934021,0.0028168645221740007,0.00679995259270072,0.0013765203766524792,0.2478211522102356,0.21076896786689758,0.018103016540408134,0.5086300373077393,1.4557626247406006,0.08693110942840576,0.08288030326366425,0.7811224460601807
120,model.layers.26.self_attn.k_proj.weight,1024,3072,0.0003255208333333333,0.0004557209904305637,2.5343430042266846,0.0004322976164985448,0.04410289600491524,0.0005063463468104601,0.22745971381664276,0.17660582065582275,0.009368850849568844,0.6444392204284668,1.4475289583206177,0.0007528928108513355,11.131871223449707,0.006380773149430752,0.003973924554884434,0.001653257175348699,0.24622124433517456,0.19832192361354828,0.017735352739691734,0.5241643190383911,1.4202321767807007,,,
120,model.layers.26.self_attn.v_proj.weight,1024,3072,0.0003255208333333333,0.0002494000946171582,2.5337796211242676,0.0010673007927834988,0.045582085847854614,0.00027623327332548797,0.18687665462493896,0.29607653617858887,0.035365764051675797,0.4970867335796356,1.4268953800201416,0.00036243474460206926,5.799748420715332,0.0020255129784345627,0.003912309184670448,0.00018741696840152144,0.23267558217048645,0.2529807388782501,0.018910158425569534,0.49122652411460876,1.435123324394226,,,
120,model.layers.26.self_attn.o_proj.weight,3072,3072,0.0003255208333333333,0.00035133957862854004,3.3346383571624756,0.000658963865134865,0.04796712473034859,0.0004215360968373716,0.17297698557376862,0.3126095235347748,0.015853993594646454,0.5297911167144775,1.491965413093567,0.00034599375794641674,7.410256385803223,0.0013592237373813987,0.006762657314538956,0.00032072607427835464,0.18705697357654572,0.30094656348228455,0.00879773311316967,0.5359036326408386,1.4915269613265991,,,
120,model.layers.1.mlp.gate_proj.weight,8192,3072,0.0001220703125,0.0001373330014757812,6.080238342285156,-7.794408884365112e-05,0.07901391386985779,0.00040733118657954037,0.24813836812973022,0.21970951557159424,0.009453320875763893,0.5324990749359131,1.5124783515930176,0.0001204374639200978,13.346445083618164,0.0003265892737545073,0.010897539556026459,0.00029817456379532814,0.27492666244506836,0.20367850363254547,0.01050935871899128,0.4954751431941986,1.5122268199920654,,,
120,model.layers.1.mlp.up_proj.weight,8192,3072,0.0001220703125,0.00016042229253798723,6.765796661376953,2.5212497348547913e-05,0.09359931945800781,0.0002552543592173606,0.26309382915496826,0.21778704226016998,0.008764084428548813,0.526394784450531,1.5184499025344849,0.00012462666200008243,12.248605728149414,0.0007021476631052792,0.010929219424724579,0.00014237799041438848,0.28819742798805237,0.2002290040254593,0.009756062179803848,0.4930103123188019,1.5121289491653442,,,
120,model.layers.1.mlp.down_proj.weight,3072,8192,0.0001220703125,0.00014234428817871958,1.0097460746765137,1.8334575315748225e-06,1.2292969226837158,0.0014071692712605,0.3240523040294647,0.14267896115779877,0.02918153442442417,0.47319453954696655,1.4231421947479248,0.0001423627691110596,19.3679256439209,0.0006587377283722162,0.010870156809687614,0.0007974751060828567,0.2445022612810135,0.23113739490509033,0.02295003831386566,0.488938570022583,1.42926824092865,0.07137130200862885,0.0712282583117485,0.6295047998428345
120,model.layers.14.mlp.gate_proj.weight,8192,3072,0.0001220703125,0.00011224222544115037,3.0807034969329834,-0.00018191621347796172,0.13987652957439423,0.0009130563703365624,0.22095882892608643,0.218550905585289,0.00823490135371685,0.5247415900230408,1.523488163948059,0.00012564571807160974,8.646012306213379,0.001374442595988512,0.01123376376926899,0.0006480995216406882,0.25223487615585327,0.21361297369003296,0.01096349861472845,0.4994644224643707,1.5112245082855225,,,
120,model.layers.14.mlp.up_proj.weight,8192,3072,0.0001220703125,0.0001315028202952817,3.0099122524261475,-0.0003309820604044944,0.17103837430477142,0.0006383153377100825,0.23832878470420837,0.2233344167470932,0.008964454755187035,0.49977755546569824,1.51223886013031,0.0001412392593920231,6.989537239074707,0.001456060796044767,0.01138021145015955,0.00044285337207838893,0.278214693069458,0.19774706661701202,0.01037617027759552,0.47726836800575256,1.5102808475494385,,,
120,model.layers.14.mlp.down_proj.weight,3072,8192,0.0001220703125,0.00013497754116542637,4.150300979614258,-0.00032252128585241735,0.17929424345493317,0.0004440114716999233,0.2219877988100052,0.2522834837436676,0.04055012762546539,0.48086196184158325,1.4041638374328613,0.0001436088205082342,8.424996376037598,0.0014782951911911368,0.011345983482897282,0.0004317191196605563,0.2515200972557068,0.22836539149284363,0.03163985162973404,0.4819066822528839,1.397343635559082,0.07960396260023117,0.07481317222118378,0.8642443418502808
120,model.layers.26.mlp.gate_proj.weight,8192,3072,0.0001220703125,0.00019253385835327208,4.3592329025268555,-1.8979104424943216e-05,0.061388786882162094,0.0013067597756162286,0.2003386914730072,0.24363552033901215,0.010319272987544537,0.5304101705551147,1.5140628814697266,0.00012547096412163228,8.388351440429688,0.0015019923448562622,0.01077140774577856,0.0007256223470903933,0.2353001981973648,0.22256508469581604,0.01087147556245327,0.5021772384643555,1.5149739980697632,,,
120,model.layers.26.mlp.up_proj.weight,8192,3072,0.0001220703125,0.0001147281436715275,3.628115653991699,0.00022302860452327877,0.09754610806703568,0.0011905712308362126,0.1462678760290146,0.30410757660865784,0.012007400393486023,0.6397767066955566,1.5177388191223145,0.0001283794263144955,8.618011474609375,-0.00023896028869785368,0.010845443233847618,0.0007934477180242538,0.22642579674720764,0.23080554604530334,0.010990508832037449,0.49889853596687317,1.5136663913726807,,,
120,model.layers.26.mlp.down_proj.weight,3072,8192,0.0001220703125,9.591061825631186e-05,1.7925504446029663,0.00021107982320245355,0.10964144766330719,0.0005145360482856631,0.14013449847698212,0.35305503010749817,0.012677178718149662,0.5629100203514099,1.4743304252624512,0.0001325004268437624,7.021625995635986,0.0006965200300328434,0.01095875259488821,0.0002710650151129812,0.2216816395521164,0.261313796043396,0.015520503744482994,0.534903347492218,1.4593427181243896,0.07105684280395508,0.07581210136413574,0.8356147408485413
130,model.layers.1.self_attn.q_proj.weight,3072,3072,0.0003255208333333333,0.0004293561796657741,2.7568652629852295,-0.0008025867864489555,0.04485008865594864,0.002534483326599002,0.19113942980766296,0.18850550055503845,0.011268582195043564,0.5478733777999878,1.4790340662002563,0.0004092260787729174,11.330265998840332,0.0003776791272684932,0.006565478630363941,0.0016195644857361913,0.3934108018875122,0.10311642289161682,0.020484434440732002,0.315472811460495,1.446648120880127,0.06026873365044594,0.06439349800348282,0.8046368956565857
130,model.layers.1.self_attn.k_proj.weight,1024,3072,0.0003255208333333333,0.00042913772631436586,3.8312840461730957,-0.00119989481754601,0.039614275097846985,0.001983491238206625,0.1113068163394928,0.1915053427219391,0.0061948588117957115,0.766520619392395,1.4745965003967285,0.0005621043965220451,8.419690132141113,0.0013704128796234727,0.003881518729031086,0.0013536999467760324,0.31577685475349426,0.150659441947937,0.016202431172132492,0.44685810804367065,1.433470606803894,,,
130,model.layers.1.self_attn.v_proj.weight,1024,3072,0.0003255208333333333,0.00012841494753956795,1.7118533849716187,0.0003298787050880492,0.30550509691238403,0.0001529624278191477,0.1375662088394165,0.3471049666404724,0.042683519423007965,0.5266320705413818,1.4206149578094482,0.00048121801228262484,10.418904304504395,0.0018913750536739826,0.0040555838495492935,0.00020449637668207288,0.2951124906539917,0.1932903379201889,0.01561388373374939,0.4753454029560089,1.4408396482467651,,,
130,model.layers.1.self_attn.o_proj.weight,3072,3072,0.0003255208333333333,0.0003315478388685733,4.850788593292236,0.0003546894295141101,0.1566590666770935,0.0010122135281562805,0.23774433135986328,0.23408019542694092,0.021110551431775093,0.5022212862968445,1.449730634689331,0.0003369182231836021,6.609597682952881,0.001429199706763029,0.0071274940855801105,0.00044931925367563963,0.22812427580356598,0.2526700794696808,0.01563042588531971,0.4962085485458374,1.4594287872314453,,,
130,model.layers.14.self_attn.q_proj.weight,3072,3072,0.0003255208333333333,0.00036564175388775766,3.5949296951293945,5.49186224816367e-05,0.09996962547302246,0.0009501628228463233,0.16612836718559265,0.2807891070842743,0.010249643586575985,0.6083757281303406,1.4899325370788574,0.00034881773171946406,8.63863468170166,0.0016112551093101501,0.006563239730894566,0.001025454723276198,0.27053317427635193,0.19224227964878082,0.015426521189510822,0.48997077345848083,1.456525444984436,0.07147029787302017,0.06979676336050034,0.861475944519043
130,model.layers.14.self_attn.k_proj.weight,1024,3072,0.0003255208333333333,0.00035423034569248557,3.5629477500915527,9.117490844801068e-05,0.08070265501737595,0.0010185488499701023,0.20353680849075317,0.1969616711139679,0.01355440728366375,0.6561778783798218,1.4440090656280518,0.0004677698016166687,13.15250301361084,0.00014671724056825042,0.0037062109913676977,0.0011606813641265035,0.2782136797904968,0.1734505444765091,0.018049586564302444,0.5162007212638855,1.4018768072128296,,,
130,model.layers.14.self_attn.v_proj.weight,1024,3072,0.0003255208333333333,0.00032204194576479495,1.7264113426208496,-0.0008681340841576457,0.4121004343032837,0.00010065382957691327,0.2778746783733368,0.2185916155576706,0.00884029921144247,0.45947176218032837,1.4352566003799438,0.0004185312718618661,6.958301544189453,0.0008487331215292215,0.00402675848454237,0.0002511683851480484,0.27722933888435364,0.2122587263584137,0.011323012411594391,0.47230565547943115,1.4468328952789307,,,
130,model.layers.14.self_attn.o_proj.weight,3072,3072,0.0003255208333333333,0.0003484447079245001,1.740983486175537,-0.0004919027560390532,0.3719419240951538,7.273298979271203e-05,0.27788087725639343,0.22472308576107025,0.0224380474537611,0.4474382996559143,1.4001998901367188,0.0003406596661079675,6.744590759277344,0.001764922053553164,0.007176389452069998,0.00020122436399105936,0.20748266577720642,0.2761959731578827,0.024427613243460655,0.46100887656211853,1.4415431022644043,,,
130,model.layers.26.self_attn.q_proj.weight,3072,3072,0.0003255208333333333,0.0005933817010372877,1.6380361318588257,-0.0002950431371573359,0.06021840497851372,0.0037567580584436655,0.16148851811885834,0.2551174759864807,0.023058071732521057,0.6344519257545471,1.448386549949646,0.0003146009403280914,8.630391120910645,0.0014320695772767067,0.006695643533021212,0.0007513458840548992,0.247761532664299,0.21454602479934692,0.01559844147413969,0.5080809593200684,1.45829439163208,0.09174935519695282,0.08768309652805328,0.8233465552330017
130,model.layers.26.self_attn.k_proj.weight,1024,3072,0.0003255208333333333,0.0006899217260070145,2.880497694015503,-0.0005616531707346439,0.04781939461827278,0.0016884674550965428,0.20760256052017212,0.168165922164917,0.012003909796476364,0.66295325756073,1.4528565406799316,0.00038896090700291097,12.05929183959961,0.0015795043436810374,0.003807211061939597,0.000580530206207186,0.24681948125362396,0.1987113058567047,0.013928393833339214,0.5294374823570251,1.4321773052215576,,,
130,model.layers.26.self_attn.v_proj.weight,1024,3072,0.0003255208333333333,0.00024128876975737512,2.3803420066833496,0.0018794216448441148,0.05569762736558914,0.000172551313880831,0.18642807006835938,0.2898383140563965,0.06478334218263626,0.45604002475738525,1.4300905466079712,0.00037622961099259555,6.116494178771973,0.0002609699440654367,0.003894730471074581,0.00017909107555169612,0.2290063053369522,0.26070237159729004,0.01660103164613247,0.5001810193061829,1.4422494173049927,,,
130,model.layers.26.self_attn.o_proj.weight,3072,3072,0.0003255208333333333,0.0003347285673953593,3.1171317100524902,0.0011427933350205421,0.05961048603057861,0.0004271065117791295,0.15520977973937988,0.33056342601776123,0.007394371088594198,0.5310103893280029,1.497182846069336,0.0003420883440412581,6.729023456573486,2.624097942316439e-05,0.006831344682723284,0.000182647883775644,0.18375295400619507,0.3063054382801056,0.006163670681416988,0.5363323092460632,1.5025712251663208,,,
130,model.layers.1.mlp.gate_proj.weight,8192,3072,0.0001220703125,0.00012485113984439522,3.958024501800537,-3.3004002034431323e-05,0.09796399623155594,0.000575997750274837,0.2369266152381897,0.2192525416612625,0.009491481818258762,0.5515197515487671,1.5144188404083252,0.00013045305968262255,16.744401931762695,0.0011721396585926414,0.011110436171293259,0.00039156730053946376,0.2754420042037964,0.20131392776966095,0.010782911442220211,0.49655088782310486,1.513765573501587,,,
130,model.layers.1.mlp.up_proj.weight,8192,3072,0.0001220703125,0.00012912473175674677,3.719621419906616,0.00018746330169960856,0.11592750251293182,0.0003211642906535417,0.2621307969093323,0.2102213054895401,0.007527207024395466,0.527579665184021,1.5202914476394653,0.0001269244239665568,15.165093421936035,0.001372123952023685,0.01116603147238493,0.00018355129577685148,0.2890246510505676,0.19779068231582642,0.009819140657782555,0.49152684211730957,1.5134451389312744,,,
130,model.layers.1.mlp.down_proj.weight,3072,8192,0.0001220703125,0.00016987933486234397,1.0068353414535522,1.2474600225687027e-05,1.7518084049224854,0.0019562614616006613,0.33285272121429443,0.1357470601797104,0.038465604186058044,0.45101332664489746,1.4180314540863037,0.0001397370215272531,16.531211853027344,0.0013498080661520362,0.01120983436703682,0.0007697321125306189,0.24161392450332642,0.23458072543144226,0.022688699886202812,0.493344783782959,1.4166865348815918,0.07383061200380325,0.07365542650222778,0.6573992967605591
130,model.layers.14.mlp.gate_proj.weight,8192,3072,0.0001220703125,0.00011259885650360957,1.4456310272216797,-0.0004907785332761705,0.258183091878891,0.0006195003516040742,0.19705384969711304,0.26132163405418396,0.006588006857782602,0.576493501663208,1.5243088006973267,0.0001344059855910018,7.3867692947387695,0.0016797765856608748,0.011018110439181328,0.0006104675121605396,0.2516438364982605,0.216591939330101,0.010557996109127998,0.49742525815963745,1.5115420818328857,,,
130,model.layers.14.mlp.up_proj.weight,8192,3072,0.0001220703125,0.00018360138346906751,1.9011675119400024,-0.0008241580217145383,0.2609964609146118,0.0005348939448595047,0.24536119401454926,0.2233419269323349,0.011101511307060719,0.5042443871498108,1.5122556686401367,0.00013628216402139515,5.928985595703125,0.0013861210318282247,0.011193989776074886,0.0004860309127252549,0.27458813786506653,0.20047926902770996,0.010560127906501293,0.47650569677352905,1.508028268814087,,,
130,model.layers.14.mlp.down_proj.weight,3072,8192,0.0001220703125,0.0001400593901053071,1.6831402778625488,-0.0006649689166806638,0.3308468759059906,0.00016510349814780056,0.2670351564884186,0.22614653408527374,0.018603062257170677,0.46262532472610474,1.3960485458374023,0.00014060482499189675,6.853033065795898,0.0014334459556266665,0.011171424761414528,0.0004059128987137228,0.24743786454200745,0.2333248108625412,0.028226932510733604,0.49555736780166626,1.4220223426818848,0.08672084659337997,0.08617371320724487,0.805601179599762
130,model.layers.26.mlp.gate_proj.weight,8192,3072,0.0001220703125,0.00022821371385362,3.763866901397705,-0.0014196402626112103,0.07562743872404099,0.0015251891454681754,0.1961059719324112,0.2400602102279663,0.009399953298270702,0.5455284118652344,1.5173430442810059,0.00012045924813719466,7.554962635040283,0.0002308607945451513,0.010799250565469265,0.0007832222036086023,0.23737618327140808,0.22211404144763947,0.010518396273255348,0.504794716835022,1.5155013799667358,,,
130,model.layers.26.mlp.up_proj.weight,8192,3072,0.0001220703125,0.00015334603085648268,3.7271344661712646,-0.0008821744122542441,0.12071750313043594,0.0013718594564124942,0.18460756540298462,0.2645808160305023,0.012272411957383156,0.5668286085128784,1.5234109163284302,0.00013181996473576874,8.225674629211426,1.6758660422055982e-05,0.010754939168691635,0.0006579881301149726,0.23003976047039032,0.229236900806427,0.01073318999260664,0.49965620040893555,1.514814853668213,,,
130,model.layers.26.mlp.down_proj.weight,3072,8192,0.0001220703125,0.00010824472701642662,1.9908113479614258,-0.0010030327830463648,0.11243941634893417,0.0009419390116818249,0.15244437754154205,0.34020093083381653,0.017024565488100052,0.562096893787384,1.4655959606170654,0.00012702701496891677,8.460000991821289,0.000724483048543334,0.010617051273584366,0.00028631105669774115,0.23445026576519012,0.24904656410217285,0.01447339542210102,0.5110034942626953,1.47006094455719,0.0702129453420639,0.07160281389951706,0.874040424823761
140,model.layers.1.self_attn.q_proj.weight,3072,3072,0.0003255208333333333,0.00036337910569272935,1.5521883964538574,-0.0007189229363575578,0.054800696671009064,0.0050451369024813175,0.23171469569206238,0.14257805049419403,0.019003337249159813,0.44940829277038574,1.4753632545471191,0.0005235973512753844,6.304196834564209,0.0030699672643095255,0.006886883173137903,0.002051324350759387,0.40021222829818726,0.09822369366884232,0.02168112061917782,0.30715906620025635,1.4466789960861206,0.0820065513253212,0.08216097205877304,0.7541561126708984
140,model.layers.1.self_attn.k_proj.weight,1024,3072,0.0003255208333333333,0.0005399540532380342,1.812333583831787,-0.0011546903988346457,0.04557254537940025,0.0018825376173481345,0.130825474858284,0.17873981595039368,0.007144692353904247,0.7152418494224548,1.4618916511535645,0.0006486363708972931,5.555964469909668,0.005344606004655361,0.004040918312966824,0.0010385046480223536,0.3184494376182556,0.14418768882751465,0.013385585509240627,0.43318507075309753,1.44390070438385,,,
140,model.layers.1.self_attn.v_proj.weight,1024,3072,0.0003255208333333333,0.00011796790204243734,1.8480908870697021,-0.0007112592575140297,0.2770209014415741,0.0001230664929607883,0.15703187882900238,0.32577812671661377,0.017605828121304512,0.49997013807296753,1.4285341501235962,0.00044446976971812546,10.065911293029785,0.0022589208092540503,0.003935502842068672,0.00026598336989991367,0.30359116196632385,0.1852502077817917,0.01647951640188694,0.46706461906433105,1.4221559762954712,,,
140,model.layers.1.self_attn.o_proj.weight,3072,3072,0.0003255208333333333,0.00034224666887894273,3.4236538410186768,-0.000764981668908149,0.14145231246948242,0.0006372796487994492,0.25287356972694397,0.2210829108953476,0.018214475363492966,0.48604562878608704,1.4522817134857178,0.00033291615545749664,7.258334636688232,0.0013910774141550064,0.006889191921800375,0.0004773174587171525,0.23260095715522766,0.24637778103351593,0.016579974442720413,0.4886106550693512,1.4554816484451294,,,
140,model.layers.14.self_attn.q_proj.weight,3072,3072,0.0003255208333333333,0.00040418552816845477,3.8191709518432617,-0.001151582458987832,0.08576642721891403,0.0013606271240860224,0.1807233840227127,0.26909539103507996,0.011394075118005276,0.5717871785163879,1.4863663911819458,0.0003363160358276218,9.526419639587402,0.003146891947835684,0.006901707500219345,0.0012379421386867762,0.2713260054588318,0.19212378561496735,0.016253069043159485,0.486754447221756,1.4561346769332886,0.07105719298124313,0.07395850867033005,0.8692278861999512
140,model.layers.14.self_attn.k_proj.weight,1024,3072,0.0003255208333333333,0.0005583631573244929,5.7425456047058105,-0.002184790326282382,0.06617243587970734,0.0015415853122249246,0.201106458902359,0.19401101768016815,0.013391708955168724,0.6621676683425903,1.4385368824005127,0.000560207583475858,18.66156005859375,0.003800841048359871,0.00392185989767313,0.001435698359273374,0.2889295816421509,0.1706298589706421,0.019472775980830193,0.5020482540130615,1.3915480375289917,,,
140,model.layers.14.self_attn.v_proj.weight,1024,3072,0.0003255208333333333,0.0002894395438488573,3.7701077461242676,-0.0011502885026857257,0.20522108674049377,0.0002496969245839864,0.21742404997348785,0.2721114158630371,0.014896970242261887,0.5190786719322205,1.4362858533859253,0.0004150656459387392,8.681269645690918,0.0031927069649100304,0.003917360678315163,0.00028524972731247544,0.2707303464412689,0.21565304696559906,0.011304916813969612,0.469308465719223,1.452125906944275,,,
140,model.layers.14.self_attn.o_proj.weight,3072,3072,0.0003255208333333333,0.00029938897932879627,3.6827890872955322,-0.0005947231547906995,0.20295089483261108,0.00026995615917257965,0.15136969089508057,0.3065757751464844,0.04845191538333893,0.446397066116333,1.3726518154144287,0.00031536933965981007,9.134193420410156,0.0022591794840991497,0.006803666241466999,0.0002822980750352144,0.19037921726703644,0.28098437190055847,0.03853592649102211,0.4535560607910156,1.3662415742874146,,,
140,model.layers.26.self_attn.q_proj.weight,3072,3072,0.0003255208333333333,0.0004908613627776504,2.201138973236084,-0.0003287319268565625,0.04592091962695122,0.003652274375781417,0.16596348583698273,0.2501107454299927,0.029023796319961548,0.6291401386260986,1.4311821460723877,0.00033014616928994656,7.885591983795166,0.0013868453679606318,0.007010364904999733,0.001524721854366362,0.23928317427635193,0.21844492852687836,0.019332028925418854,0.5193479061126709,1.4328303337097168,0.08090594410896301,0.08285056799650192,0.824154257774353
140,model.layers.26.self_attn.k_proj.weight,1024,3072,0.0003255208333333333,0.0006124632200226188,2.602182149887085,-0.0005125352181494236,0.044984202831983566,0.000965531391557306,0.22677452862262726,0.17781096696853638,0.015906978398561478,0.6395462155342102,1.436038613319397,0.00048744093510322273,12.759525299072266,0.003713032929226756,0.004020469728857279,0.0013088901760056615,0.2453998327255249,0.20096425712108612,0.01865832880139351,0.5308530330657959,1.4050313234329224,,,
140,model.layers.26.self_attn.v_proj.weight,1024,3072,0.0003255208333333333,0.00024889223277568817,1.9413013458251953,-0.001953152008354664,0.0464700311422348,0.00020687725918833166,0.13755792379379272,0.3549574613571167,0.07108054310083389,0.5692694783210754,1.4088486433029175,0.0003427402407396585,5.736703395843506,0.0012863994343206286,0.004038958344608545,0.00023438833886757493,0.23030923306941986,0.25886255502700806,0.01396898552775383,0.4987138509750366,1.4358454942703247,,,
140,model.layers.26.self_attn.o_proj.weight,3072,3072,0.0003255208333333333,0.00034168732236139476,3.27367901802063,-0.0011717723682522774,0.050352148711681366,0.000533933169208467,0.16238723695278168,0.3285388946533203,0.007891790941357613,0.5715774297714233,1.5063258409500122,0.0003237239725422114,7.0147576332092285,0.0013853298733010888,0.00710992282256484,0.00021473313972819597,0.18534518778324127,0.30230027437210083,0.006565435323864222,0.5371009111404419,1.5010149478912354,,,
140,model.layers.1.mlp.gate_proj.weight,8192,3072,0.0001220703125,0.00014286705118138343,3.6087875366210938,-0.00030966848134994507,0.08442797511816025,0.0005453587509691715,0.24620088934898376,0.21585604548454285,0.010058634914457798,0.5374061465263367,1.5115234851837158,0.00012441178841982037,13.933857917785645,0.0014355732128024101,0.010954434052109718,0.0003810250200331211,0.2778555750846863,0.20070552825927734,0.011072765104472637,0.49482738971710205,1.5086359977722168,,,
140,model.layers.1.mlp.up_proj.weight,8192,3072,0.0001220703125,0.00012798793613910675,3.585322856903076,-0.0001064747993950732,0.10148052126169205,0.0001785463246051222,0.2656703591346741,0.21525779366493225,0.007506986614316702,0.5232168436050415,1.5207843780517578,0.0001251040812348947,13.704445838928223,0.0012432340299710631,0.010964380577206612,0.00017273169942200184,0.28843826055526733,0.1990773230791092,0.010016065090894699,0.4925069808959961,1.5140137672424316,,,
140,model.layers.1.mlp.down_proj.weight,3072,8192,0.0001220703125,0.0001676100946497172,1.0072475671768188,-7.47071135265287e-06,1.467563271522522,0.001950483419932425,0.34630557894706726,0.12915101647377014,0.03937552124261856,0.42912817001342773,1.3988173007965088,0.00015933775284793228,15.741064071655273,0.0014837963972240686,0.010997469536960125,0.0014347488759085536,0.24554169178009033,0.22795522212982178,0.02564786747097969,0.4865897595882416,1.4034385681152344,0.08009131252765656,0.07861629128456116,0.65457683801651
140,model.layers.14.mlp.gate_proj.weight,8192,3072,0.0001220703125,0.00011799403728218749,4.039977550506592,0.00034660453093238175,0.12652824819087982,0.0006885699112899601,0.21042069792747498,0.23401495814323425,0.0069158561527729034,0.5479083061218262,1.525291085243225,0.0001193048374261707,12.282739639282227,0.0011637610150501132,0.011078267358243465,0.0005464614368975163,0.250640332698822,0.2168978601694107,0.010197783820331097,0.5007351636886597,1.5145548582077026,,,
140,model.layers.14.mlp.up_proj.weight,8192,3072,0.0001220703125,0.00012890173820778728,4.049280166625977,9.694894833955914e-05,0.1572912633419037,0.0010270250495523214,0.22736679017543793,0.22842003405094147,0.011881216429173946,0.5001024603843689,1.5118873119354248,0.0001458906044717878,10.183365821838379,0.0011142548173666,0.010985339060425758,0.0006528726662509143,0.27105042338371277,0.20025131106376648,0.011627263389527798,0.4749060869216919,1.508317470550537,,,
140,model.layers.14.mlp.down_proj.weight,3072,8192,0.0001220703125,0.00013234380458015949,5.731125354766846,9.129796671913937e-05,0.1686796247959137,0.0006208712584339082,0.20846568048000336,0.26292017102241516,0.05164208635687828,0.5043383836746216,1.365106463432312,0.00013490807032212615,12.828856468200684,0.0012485497863963246,0.011045485734939575,0.0005857851938344538,0.23680521547794342,0.2364039123058319,0.04206742346286774,0.49609509110450745,1.3607087135314941,0.07384058088064194,0.07248666137456894,0.9020769596099854
140,model.layers.26.mlp.gate_proj.weight,8192,3072,0.0001220703125,0.0001701215805951506,3.1451008319854736,0.0008258458110503852,0.07319241017103195,0.0014487013686448336,0.1768006980419159,0.25472867488861084,0.009879425168037415,0.5690877437591553,1.511726975440979,0.0001836801238823682,8.3394193649292,-8.585150499129668e-05,0.010785766877233982,0.0012537139700725675,0.2374156415462494,0.2213021218776703,0.011774103157222271,0.49621737003326416,1.512373685836792,,,
140,model.layers.26.mlp.up_proj.weight,8192,3072,0.0001220703125,0.00011949128384003416,3.29719614982605,0.0001764290063874796,0.12098423391580582,0.002098474185913801,0.13129137456417084,0.31978413462638855,0.014395021833479404,0.6562600135803223,1.5191657543182373,0.00013445285730995238,9.141925811767578,-0.0011154257226735353,0.01097419299185276,0.0009901014855131507,0.22524499893188477,0.23350055515766144,0.012338468804955482,0.4984082579612732,1.5080326795578003,,,
140,model.layers.26.mlp.down_proj.weight,3072,8192,0.0001220703125,0.00010249225306324661,1.6975160837173462,0.00019755569519475102,0.11662598699331284,0.0015012840740382671,0.11928960680961609,0.37280628085136414,0.020944742485880852,0.5917649865150452,1.4534181356430054,0.00013354425027500838,6.936709880828857,-0.00036267147515900433,0.011132830753922462,0.0003368041361682117,0.2172871232032776,0.2641858458518982,0.015592386946082115,0.5416911840438843,1.4602867364883423,0.07777134329080582,0.0808531790971756,0.8662872910499573
150,model.layers.1.self_attn.q_proj.weight,3072,3072,0.0003255208333333333,0.00031054907594807446,2.4305131435394287,-0.0016017825109884143,0.04065698757767677,0.0014997790567576885,0.18820196390151978,0.20205004513263702,0.008462023921310902,0.5665612816810608,1.4818429946899414,0.0003991209960076958,10.779147148132324,0.0015526465140283108,0.00660406518727541,0.001662778784520924,0.403647780418396,0.10199886560440063,0.020314738154411316,0.3112821578979492,1.448601245880127,0.06946142762899399,0.06660640239715576,0.7953831553459167
150,model.layers.1.self_attn.k_proj.weight,1024,3072,0.0003255208333333333,0.0005148745840415359,3.175691604614258,-0.0026723758783191442,0.03246688097715378,0.0006651207222603261,0.1059974655508995,0.20574042201042175,0.004169559571892023,0.7954303026199341,1.474132776260376,0.0005576387047767639,9.766033172607422,0.0022436529397964478,0.003888016799464822,0.0009026838815771043,0.3226925730705261,0.14448700845241547,0.014351876452565193,0.43895387649536133,1.42332923412323,,,
150,model.layers.1.self_attn.v_proj.weight,1024,3072,0.0003255208333333333,0.00010740444849943742,1.7449754476547241,-0.0003208639973308891,0.23115967214107513,0.00011480171815492213,0.1327446550130844,0.36260828375816345,0.01756851002573967,0.5516908168792725,1.4371798038482666,0.00047999335220083594,10.246964454650879,0.001765843597240746,0.0038175375666469336,0.00026102576521225274,0.300692081451416,0.18900825083255768,0.015530510805547237,0.47187870740890503,1.4315975904464722,,,
150,model.layers.1.self_attn.o_proj.weight,3072,3072,0.0003255208333333333,0.00034455943387001753,5.309979438781738,-0.00034751775092445314,0.11666849255561829,0.0005805238033644855,0.24396240711212158,0.2275519073009491,0.01835540495812893,0.4875451326370239,1.4465537071228027,0.0003429626813158393,7.047042369842529,0.0013482196955010295,0.006603093817830086,0.0004820952599402517,0.22701333463191986,0.2532678246498108,0.01567566581070423,0.5007240176200867,1.4549083709716797,,,
150,model.layers.14.self_attn.q_proj.weight,3072,3072,0.0003255208333333333,0.00036337837809696794,3.680666446685791,0.00018597363668959588,0.09001117944717407,0.0009167494717985392,0.1582632064819336,0.2888105511665344,0.00875947903841734,0.6181918978691101,1.4913392066955566,0.00031277371454052627,7.752477169036865,2.5381703380844556e-05,0.006929632741957903,0.0008408157154917717,0.26741549372673035,0.1957884579896927,0.013156656175851822,0.4974203407764435,1.466336965560913,0.0744200050830841,0.07454177737236023,0.8538917899131775
150,model.layers.14.self_attn.k_proj.weight,1024,3072,0.0003255208333333333,0.0006395713426172733,5.913687229156494,0.00037963397335261106,0.0660201907157898,0.002213594038039446,0.1774260401725769,0.1985127031803131,0.012806197628378868,0.6951610445976257,1.437219262123108,0.00047536042984575033,12.036367416381836,-0.0015075585106387734,0.0038581828121095896,0.001457349630072713,0.2802690863609314,0.1776193082332611,0.01974836364388466,0.5100106596946716,1.398846983909607,,,
150,model.layers.14.self_attn.v_proj.weight,1024,3072,0.0003255208333333333,0.000293541670544073,3.0688130855560303,0.00013763649621978402,0.20815452933311462,0.00037922916817478836,0.2146400511264801,0.27276673913002014,0.01994193345308304,0.5128056406974792,1.427841067314148,0.00038160948315635324,7.44804573059082,5.339039853424765e-05,0.004013704136013985,0.00028502786881290376,0.27283844351768494,0.2148468941450119,0.011525209993124008,0.4690747559070587,1.4486427307128906,,,
150,model.layers.14.self_attn.o_proj.weight,3072,3072,0.0003255208333333333,0.00031136441975831985,3.6376168727874756,7.18385199434124e-05,0.20115065574645996,0.0002336859324714169,0.14995582401752472,0.30807387828826904,0.04582966864109039,0.4495851397514343,1.3823505640029907,0.0003199863131158054,8.612072944641113,0.0003677948552649468,0.006948644760996103,0.00020412732555996627,0.20264065265655518,0.2753903865814209,0.027810508385300636,0.4642639458179474,1.4147502183914185,,,
150,model.layers.26.self_attn.q_proj.weight,3072,3072,0.0003255208333333333,0.00031233372283168137,3.1906471252441406,-0.0008728269021958113,0.040688589215278625,0.002417396055534482,0.17835675179958344,0.2514757513999939,0.021695103496313095,0.6128028631210327,1.4412758350372314,0.00034592303563840687,9.268157005310059,0.00022962914954405278,0.006692277733236551,0.001021886128000915,0.2479471117258072,0.21264857053756714,0.017270362004637718,0.5042068958282471,1.4470758438110352,0.07577688992023468,0.07639485597610474,0.8488231301307678
150,model.layers.26.self_attn.k_proj.weight,1024,3072,0.0003255208333333333,0.0004505430406425148,3.898054599761963,-0.0014562347205355763,0.037213392555713654,0.00041166419396176934,0.2116003781557083,0.18391981720924377,0.010322301648557186,0.6730888485908508,1.4667497873306274,0.00042645836947485805,15.623128890991211,-0.001168796676211059,0.003886488499119878,0.001318515045568347,0.24813434481620789,0.20172378420829773,0.017108097672462463,0.5279238820075989,1.4144293069839478,,,
150,model.layers.26.self_attn.v_proj.weight,1024,3072,0.0003255208333333333,0.00024895279784686863,2.473269462585449,-0.001637667533941567,0.04711160808801651,9.166166273644194e-05,0.17433235049247742,0.3201380670070648,0.03133561089634895,0.5119145512580872,1.4258447885513306,0.00036488770274445415,5.693241596221924,0.00013367552310228348,0.003930564969778061,0.00018538121366873384,0.23529113829135895,0.24551208317279816,0.02847054786980152,0.47529497742652893,1.4444804191589355,,,
150,model.layers.26.self_attn.o_proj.weight,3072,3072,0.0003255208333333333,0.0003123119240626693,2.943406343460083,-0.0010082414373755455,0.049642693251371384,0.0001820653851609677,0.16483035683631897,0.318524032831192,0.005607282277196646,0.538683295249939,1.5043920278549194,0.0003417953266762197,7.813553810119629,0.0008090265328064561,0.006785769015550613,0.00037767356843687594,0.18815447390079498,0.2990400195121765,0.007056854665279388,0.5352146029472351,1.5064009428024292,,,
150,model.layers.1.mlp.gate_proj.weight,8192,3072,0.0001220703125,0.00015376775991171598,8.580926895141602,0.00018196979362983257,0.07165727019309998,0.0005652273539453745,0.22115714848041534,0.23186689615249634,0.009526028297841549,0.572447657585144,1.5122437477111816,0.00012722564861178398,16.8804874420166,0.0013674688525497913,0.010590390302240849,0.0004419959441293031,0.27521011233329773,0.20173907279968262,0.011054548434913158,0.49544915556907654,1.5123271942138672,,,
150,model.layers.1.mlp.up_proj.weight,8192,3072,0.0001220703125,0.0001496966724516824,7.977011680603027,0.00020355026936158538,0.0854678601026535,0.00018877963884733617,0.25298523902893066,0.2244693636894226,0.007324186619371176,0.5445279479026794,1.5204205513000488,0.00012742776016239077,15.861607551574707,0.0012810246553272009,0.010628126561641693,0.0001907801633933559,0.2869716286659241,0.19980651140213013,0.009618877433240414,0.4951627850532532,1.5117932558059692,,,
150,model.layers.1.mlp.down_proj.weight,3072,8192,0.0001220703125,0.00013383914483711123,1.00574791431427,1.2211610737722367e-05,1.4200656414031982,0.001105561968870461,0.33858782052993774,0.1378091275691986,0.02270154096186161,0.4579019844532013,1.426113247871399,0.00014165384345687926,23.835424423217773,0.0011291030095890164,0.010657566599547863,0.0008108564652502537,0.23902669548988342,0.23487859964370728,0.025486242026090622,0.49997127056121826,1.4094834327697754,0.07626482099294662,0.07462558895349503,0.6483188271522522
150,model.layers.14.mlp.gate_proj.weight,8192,3072,0.0001220703125,0.00011194675607839599,4.677420139312744,-0.00012508311192505062,0.12581224739551544,0.000650881789624691,0.202939972281456,0.23716633021831512,0.006574566010385752,0.5460233688354492,1.5272289514541626,0.00012100028106942773,9.021956443786621,0.000990995322354138,0.011530431918799877,0.0005892101326026022,0.2542545795440674,0.21418876945972443,0.010954741388559341,0.49729683995246887,1.5142894983291626,,,
150,model.layers.14.mlp.up_proj.weight,8192,3072,0.0001220703125,0.00013984786346554756,4.435710430145264,-0.00015003229782450944,0.15669387578964233,0.0008788482518866658,0.2309117615222931,0.22400912642478943,0.010200124233961105,0.49082645773887634,1.5120468139648438,0.00015647734107915312,7.39971923828125,0.001056905253790319,0.011622435413300991,0.0005102782160975039,0.27609017491340637,0.19954240322113037,0.010473128408193588,0.47466281056404114,1.5078742504119873,,,
150,model.layers.14.mlp.down_proj.weight,3072,8192,0.0001220703125,0.0001390096585964784,5.6865034103393555,-0.00014610611833631992,0.16655993461608887,0.0007412084960378706,0.2096431851387024,0.2608424425125122,0.05006708204746246,0.508335530757904,1.3526862859725952,0.00014831214502919465,8.744954109191895,0.0009922436438500881,0.011610560119152069,0.0004083641106262803,0.24706211686134338,0.23239479959011078,0.029789598658680916,0.49115246534347534,1.4002447128295898,0.0726398229598999,0.0757870078086853,0.8822884559631348
150,model.layers.26.mlp.gate_proj.weight,8192,3072,0.0001220703125,0.0001481156359659508,3.37292218208313,-0.0005668544326908886,0.07625707238912582,0.0010378160513937473,0.2159413993358612,0.21144850552082062,0.008284983225166798,0.4889450669288635,1.5149362087249756,0.0001361892936984077,7.660980224609375,0.0008615871192887425,0.011200463399291039,0.0009444485185667872,0.2342364341020584,0.2222813218832016,0.011400182731449604,0.5018067955970764,1.5129876136779785,,,
150,model.layers.26.mlp.up_proj.weight,8192,3072,0.0001220703125,0.00014151477080304176,1.6966886520385742,-0.0004443317011464387,0.13770215213298798,0.0017589385388419032,0.15435919165611267,0.26597917079925537,0.011434643529355526,0.6188250780105591,1.5225749015808105,0.00013916844909545034,8.694958686828613,-0.0002789389982353896,0.01109938696026802,0.000852672616019845,0.23018315434455872,0.2289813756942749,0.011326046660542488,0.4941093623638153,1.5118913650512695,,,
150,model.layers.26.mlp.down_proj.weight,3072,8192,0.0001220703125,9.122389747062698e-05,1.5983487367630005,-0.0005092067294754088,0.1270788460969925,0.0014001402305439115,0.12229974567890167,0.36698007583618164,0.020227035507559776,0.5897133350372314,1.45524263381958,0.00013031465641688555,7.703562259674072,0.0006099530146457255,0.011026239953935146,0.0004102983803022653,0.22611738741397858,0.2552737593650818,0.019707350060343742,0.521891713142395,1.441786289215088,0.09045321494340897,0.09042566269636154,0.8679351210594177
160,model.layers.1.self_attn.q_proj.weight,3072,3072,0.0003255208333333333,0.0002800626098178327,2.8732750415802,0.0010431503178551793,0.06278547644615173,0.0026234008837491274,0.20020821690559387,0.1953507512807846,0.011972933076322079,0.5371152758598328,1.4737639427185059,0.0003931779647246003,6.172815322875977,0.0005788069684058428,0.007193426601588726,0.002046561799943447,0.4038839638233185,0.09944058954715729,0.022003117948770523,0.30810755491256714,1.4363384246826172,0.07378237694501877,0.07195760309696198,0.7933207750320435
160,model.layers.1.self_attn.k_proj.weight,1024,3072,0.0003255208333333333,0.0004804711788892746,3.5919189453125,0.0017602408770471811,0.04970647022128105,0.0011884196428582072,0.1326969414949417,0.19308926165103912,0.005203145556151867,0.7375483512878418,1.4688900709152222,0.0007119778310880065,5.000863075256348,0.0008719096076674759,0.004238257650285959,0.0021806007716804743,0.31793010234832764,0.14557136595249176,0.015227220021188259,0.43365439772605896,1.4236130714416504,,,
160,model.layers.1.self_attn.v_proj.weight,1024,3072,0.0003255208333333333,0.00012952052929904312,1.8142094612121582,0.00048304712981916964,0.37651166319847107,8.145993342623115e-05,0.1403597742319107,0.37012147903442383,0.007947370409965515,0.5716370940208435,1.4649728536605835,0.00045925527228973806,8.579338073730469,0.0005661774193868041,0.004276446532458067,0.00020950323960278183,0.30447918176651,0.18699049949645996,0.01350970659404993,0.46599987149238586,1.4450879096984863,,,
160,model.layers.1.self_attn.o_proj.weight,3072,3072,0.0003255208333333333,0.0003441912995185703,2.1762630939483643,0.00040985801024362445,0.24232672154903412,0.0002383443497819826,0.19934822618961334,0.29627126455307007,0.007485709153115749,0.5559601187705994,1.4714832305908203,0.00032162960269488394,6.579850673675537,0.0013527094852179289,0.007252120412886143,0.00033305343822576106,0.23197346925735474,0.25012901425361633,0.013848431408405304,0.4904712736606598,1.4683482646942139,,,
160,model.layers.14.self_attn.q_proj.weight,3072,3072,0.0003255208333333333,0.0003354049695190042,2.2645153999328613,-0.0006557528395205736,0.16319593787193298,0.0007580332458019257,0.20982319116592407,0.24783985316753387,0.007358999457210302,0.5172123908996582,1.4777233600616455,0.00033613882260397077,10.554936408996582,0.0007497448823414743,0.006847325712442398,0.0008007899741642177,0.27538591623306274,0.1925162822008133,0.013718628324568272,0.48108550906181335,1.4664642810821533,0.08359108120203018,0.0807766243815422,0.8372772932052612
160,model.layers.14.self_attn.k_proj.weight,1024,3072,0.0003255208333333333,0.00028732980717904866,1.878821849822998,-0.001173503464087844,0.13462968170642853,0.0006938409642316401,0.17565633356571198,0.2061212658882141,0.012419571168720722,0.7008253931999207,1.4478548765182495,0.0004516711342148483,13.778728485107422,0.0002638088189996779,0.003872484900057316,0.0009441311121918261,0.2831534445285797,0.17333589494228363,0.017435720190405846,0.5116161704063416,1.4121601581573486,,,
160,model.layers.14.self_attn.v_proj.weight,1024,3072,0.0003255208333333333,0.00034087017411366105,3.0195040702819824,0.0002862715336959809,0.37998321652412415,0.00011647751671262085,0.25537124276161194,0.23496997356414795,0.007487376220524311,0.4790852963924408,1.4631575345993042,0.0003978833556175232,8.734573364257812,0.0007534192991442978,0.003739946521818638,0.00032053873292170465,0.2707541882991791,0.21576553583145142,0.011958528310060501,0.4756356477737427,1.461456298828125,,,
160,model.layers.14.self_attn.o_proj.weight,3072,3072,0.0003255208333333333,0.0003460136358626187,3.242440938949585,0.00015639072807971388,0.35397619009017944,0.00014155929966364056,0.23245692253112793,0.2665219008922577,0.028430640697479248,0.48298180103302,1.4029622077941895,0.00031644743285141885,10.465816497802734,0.0009076572023332119,0.006504594814032316,0.00025222045951522887,0.20253729820251465,0.27580466866493225,0.03267372399568558,0.4580395519733429,1.4031195640563965,,,
160,model.layers.26.self_attn.q_proj.weight,3072,3072,0.0003255208333333333,0.0003443928435444832,2.4984192848205566,0.0007505131070502102,0.06677529215812683,0.0016209124587476254,0.15838642418384552,0.2828037142753601,0.017793143168091774,0.6476057171821594,1.4381605386734009,0.00032767484663054347,8.096078872680664,-0.0013746157055720687,0.006679076235741377,0.0010192894842475653,0.2473282814025879,0.21442776918411255,0.016794543713331223,0.5020598769187927,1.4554126262664795,0.07550644874572754,0.0753575786948204,0.8363837599754333
160,model.layers.26.self_attn.k_proj.weight,1024,3072,0.0003255208333333333,0.0005090929917059839,4.460114002227783,0.0014634355902671814,0.05238279327750206,0.0009079283918254077,0.2257157415151596,0.19121749699115753,0.012770126573741436,0.6331782937049866,1.4562724828720093,0.0005776465404778719,7.89672327041626,-0.004829678684473038,0.003966519609093666,0.0018599185859784484,0.24813972413539886,0.199222594499588,0.01887470856308937,0.5196094512939453,1.408492088317871,,,
160,model.layers.26.self_attn.v_proj.weight,1024,3072,0.0003255208333333333,0.000258753978414461,2.9151394367218018,0.0017614960670471191,0.06540783494710922,0.00018213491421192884,0.21004103124141693,0.28419530391693115,0.022139668464660645,0.489556223154068,1.428095817565918,0.0003917739959433675,6.66560697555542,0.0002684066421352327,0.0037371583748608828,0.0003236400370951742,0.23880735039710999,0.24863150715827942,0.013805283233523369,0.48515069484710693,1.4343680143356323,,,
160,model.layers.26.self_attn.o_proj.weight,3072,3072,0.0003255208333333333,0.00033259650808759034,2.3149280548095703,0.0009417608380317688,0.07948803901672363,0.00018375131185166538,0.17465238273143768,0.31327658891677856,0.005944231990724802,0.5117958188056946,1.5055210590362549,0.00033560339943505824,8.253072738647461,0.00039683893555775285,0.006489560939371586,0.00028335946262814105,0.19030553102493286,0.29668426513671875,0.006930840667337179,0.5221335291862488,1.4988288879394531,,,
160,model.layers.1.mlp.gate_proj.weight,8192,3072,0.0001220703125,0.0001263434678548947,4.4613752365112305,0.0003392937360331416,0.13308113813400269,0.0003436350089032203,0.24560588598251343,0.21794483065605164,0.008350077085196972,0.5320960283279419,1.5142009258270264,0.00012462178710848093,11.350835800170898,0.0011148438788950443,0.01171454694122076,0.00039268977707251906,0.2763579189777374,0.20075811445713043,0.011019044555723667,0.49414369463920593,1.5086650848388672,,,
160,model.layers.1.mlp.up_proj.weight,8192,3072,0.0001220703125,0.00013599198427982628,5.349435806274414,0.0004547533462755382,0.15236720442771912,0.0002113829687004909,0.2722618877887726,0.20813888311386108,0.008977752178907394,0.5143017172813416,1.5157434940338135,0.00012725578562822193,10.708876609802246,0.0011399824870750308,0.011705084703862667,0.00017738238966558129,0.2898162603378296,0.19751809537410736,0.009742620401084423,0.4912147521972656,1.511582612991333,,,
160,model.layers.1.mlp.down_proj.weight,3072,8192,0.0001220703125,0.0001599925453774631,1.0105000734329224,3.507835208438337e-05,1.9747754335403442,0.0014090128242969513,0.34038424491882324,0.13533473014831543,0.02949306182563305,0.4478600025177002,1.4366135597229004,0.00014434958575293422,13.417990684509277,0.0009504070039838552,0.01165417768061161,0.0008792546577751637,0.24636110663414001,0.22945038974285126,0.02321621961891651,0.48497825860977173,1.41996169090271,0.06952710449695587,0.0671660304069519,0.6651057600975037
160,model.layers.14.mlp.gate_proj.weight,8192,3072,0.0001220703125,0.0001240076235262677,3.255858898162842,-7.452231511706486e-05,0.21761545538902283,0.0006171863642521203,0.22627323865890503,0.22600984573364258,0.0063723246566951275,0.5308154821395874,1.5235873460769653,0.00012871556100435555,11.888954162597656,0.0010207939194515347,0.010826273821294308,0.0005315723828971386,0.2512478828430176,0.2173224836587906,0.010270235128700733,0.4981743395328522,1.5146608352661133,,,
160,model.layers.14.mlp.up_proj.weight,8192,3072,0.0001220703125,0.0001393092388752848,3.4560086727142334,-0.0001797889854060486,0.27234482765197754,0.00045142386807128787,0.2451000064611435,0.2284681499004364,0.008105097338557243,0.4898189604282379,1.5176496505737305,0.0001414336875313893,10.302729606628418,0.001053919899277389,0.010749765671789646,0.0004498623311519623,0.27305227518081665,0.2034342736005783,0.010268554091453552,0.47280699014663696,1.5121166706085205,,,
160,model.layers.14.mlp.down_proj.weight,3072,8192,0.0001220703125,0.00014450297749135643,3.085749626159668,-0.0001497835328336805,0.33053281903266907,0.00021006260067224503,0.22782303392887115,0.26110076904296875,0.022880878299474716,0.5330792665481567,1.3955752849578857,0.00013725977623835206,13.064350128173828,0.0011403828393667936,0.010766888037323952,0.000494669540785253,0.24258564412593842,0.23607170581817627,0.031596552580595016,0.4993836283683777,1.4114091396331787,0.07779592275619507,0.07401739060878754,0.8438577651977539
160,model.layers.26.mlp.gate_proj.weight,8192,3072,0.0001220703125,0.00016679411055520177,3.2744905948638916,-0.0006256102933548391,0.10259126871824265,0.0012781188124790788,0.22078511118888855,0.2309524565935135,0.010846649296581745,0.5172683596611023,1.5137217044830322,0.0001261483266716823,8.132894515991211,0.0006917659193277359,0.010700080543756485,0.0008862251997925341,0.2363918572664261,0.22424520552158356,0.011826179921627045,0.501916229724884,1.5139487981796265,,,
160,model.layers.26.mlp.up_proj.weight,8192,3072,0.0001220703125,0.0001200139886350371,3.139744758605957,6.715159997838782e-06,0.13087880611419678,0.001280765631236136,0.19893796741962433,0.2589288651943207,0.014218134805560112,0.5466111302375793,1.5133744478225708,0.00011987218022113666,8.9580717086792,0.00040533507126383483,0.010600592009723186,0.0007108181598596275,0.23062393069267273,0.23060405254364014,0.010728050954639912,0.4941957890987396,1.5151019096374512,,,
160,model.layers.26.mlp.down_proj.weight,3072,8192,0.0001220703125,0.00010719962301664054,2.474724531173706,7.78940102463821e-06,0.14928430318832397,0.00035605751327238977,0.2047039270401001,0.2833128273487091,0.016379807144403458,0.4961640536785126,1.4610097408294678,0.00012824256555177271,7.796554088592529,0.0005702049238607287,0.010567035526037216,0.0003274286864325404,0.22436657547950745,0.257921040058136,0.017516151070594788,0.5281473398208618,1.4522881507873535,0.0750366821885109,0.07481235265731812,0.843493640422821
170,model.layers.1.self_attn.q_proj.weight,3072,3072,0.0003255208333333333,0.00034123763907700777,1.9956145286560059,0.0009238419588655233,0.06778918206691742,0.002232794649899006,0.17397113144397736,0.16749908030033112,0.009780392982065678,0.5783844590187073,1.479111671447754,0.00043228594586253166,11.870281219482422,0.0005054869106970727,0.00709460349753499,0.0019244338618591428,0.39702141284942627,0.09898549318313599,0.022065380588173866,0.3161841630935669,1.4422008991241455,0.08282297104597092,0.08109812438488007,0.7534253001213074
170,model.layers.1.self_attn.k_proj.weight,1024,3072,0.0003255208333333333,0.0004244809097144753,1.622787594795227,0.0012795537477359176,0.06574556976556778,0.0007189345196820796,0.06935004144906998,0.20665377378463745,0.004055821802467108,0.8449574112892151,1.46751868724823,0.0006384983425959945,9.815451622009277,-0.0002596147242002189,0.004000081680715084,0.0011933435453101993,0.3128558397293091,0.15014342963695526,0.013946442864835262,0.4528941810131073,1.436047911643982,,,
170,model.layers.1.self_attn.v_proj.weight,1024,3072,0.0003255208333333333,0.00013451029371935874,1.800328016281128,-0.0006825659656897187,0.36665594577789307,0.00020150527416262776,0.12514430284500122,0.3816567659378052,0.017635991796851158,0.5867144465446472,1.4415382146835327,0.0004930708091706038,9.668237686157227,0.0005284094950184226,0.004093969240784645,0.00034685040009208024,0.29168936610221863,0.1930864155292511,0.016744155436754227,0.4832460880279541,1.4168875217437744,,,
170,model.layers.1.self_attn.o_proj.weight,3072,3072,0.0003255208333333333,0.0003619850904215127,3.364900827407837,-0.0007479644264094532,0.18278175592422485,0.0008388918940909207,0.24246805906295776,0.22076478600502014,0.0223113764077425,0.44325146079063416,1.4336587190628052,0.00031753629446029663,7.2042388916015625,0.0013923000078648329,0.00711373146623373,0.0004643613356165588,0.23257014155387878,0.24636335670948029,0.016278205439448357,0.48368218541145325,1.4565116167068481,,,
170,model.layers.14.self_attn.q_proj.weight,3072,3072,0.0003255208333333333,0.0003635823668446392,2.5577523708343506,-0.0009033610695041716,0.13065551221370697,0.0014331231359392405,0.176390141248703,0.28088095784187317,0.013676486909389496,0.5890410542488098,1.4816935062408447,0.0003277788346167654,9.632119178771973,0.0004603866836987436,0.006704582367092371,0.0011284098727628589,0.26605406403541565,0.19469840824604034,0.015547542832791805,0.4942358732223511,1.455275058746338,0.07771158963441849,0.07773032784461975,0.8127325177192688
170,model.layers.14.self_attn.k_proj.weight,1024,3072,0.0003255208333333333,0.0002517325629014522,1.4722007513046265,-0.0009946617064997554,0.17264436185359955,0.00042978228884749115,0.19731616973876953,0.24687747657299042,0.014577732421457767,0.6518545150756836,1.4487148523330688,0.00046559987822547555,8.347189903259277,9.197721374221146e-05,0.003917497117072344,0.001052096951752901,0.27449682354927063,0.1819506138563156,0.018724795430898666,0.514591634273529,1.417495608329773,,,
170,model.layers.14.self_attn.v_proj.weight,1024,3072,0.0003255208333333333,0.0003737324441317469,2.639406681060791,-0.0015881144208833575,0.34695154428482056,0.00013918691547587514,0.24804598093032837,0.24128878116607666,0.01092989556491375,0.5036280751228333,1.4447156190872192,0.00042378000216558576,8.162065505981445,0.000720648153219372,0.003780186641961336,0.00046905677299946547,0.26282167434692383,0.22030562162399292,0.015086809173226357,0.48400211334228516,1.435956358909607,,,
170,model.layers.14.self_attn.o_proj.weight,3072,3072,0.0003255208333333333,0.0003195463796146214,3.173187732696533,-0.0008621294400654733,0.32598328590393066,8.58815765241161e-05,0.24395562708377838,0.25054070353507996,0.023989345878362656,0.46172136068344116,1.4081697463989258,0.0003217379271518439,10.236695289611816,0.0012389711337164044,0.006575648672878742,0.0002490798069629818,0.20324203372001648,0.2718943953514099,0.03391249477863312,0.4517057538032532,1.3890345096588135,,,
170,model.layers.26.self_attn.q_proj.weight,3072,3072,0.0003255208333333333,0.00037887535290792584,3.858166456222534,0.0005866800202056766,0.03749402239918709,0.0017427685670554638,0.16767844557762146,0.2694915533065796,0.019444338977336884,0.6335251331329346,1.4532320499420166,0.0003349115722812712,8.364624977111816,-8.034654456423596e-06,0.006321688182651997,0.001002555713057518,0.2508580982685089,0.20893676578998566,0.017463339492678642,0.5056191086769104,1.448143482208252,0.07711822539567947,0.07253055274486542,0.8467127680778503
170,model.layers.26.self_attn.k_proj.weight,1024,3072,0.0003255208333333333,0.0004989686422049999,3.6050589084625244,0.000995789421722293,0.033489126712083817,0.0008927062735892832,0.22173982858657837,0.1798759251832962,0.01286756619811058,0.6461619734764099,1.452353835105896,0.0004556025960482657,12.82934856414795,-0.0025883521884679794,0.0036459427792578936,0.0010292009683325887,0.25413277745246887,0.19186542928218842,0.016855277121067047,0.5162275433540344,1.4175351858139038,,,
170,model.layers.26.self_attn.v_proj.weight,1024,3072,0.0003255208333333333,0.00024939916329458356,2.399332284927368,-0.00013582324027083814,0.042204100638628006,0.00015248931595124304,0.16617342829704285,0.3375243544578552,0.027714049443602562,0.5466199517250061,1.431556224822998,0.0003566603409126401,5.369949817657471,-0.00017369019042234868,0.0037341248244047165,0.00011336678289808333,0.2161063551902771,0.2778566777706146,0.011618725024163723,0.5298251509666443,1.447823166847229,,,
170,model.layers.26.self_attn.o_proj.weight,3072,3072,0.0003255208333333333,0.0003347093879710883,3.768491744995117,-7.868105603847653e-05,0.04638117179274559,0.0001365966600133106,0.16719944775104523,0.3215332627296448,0.005498814862221479,0.5570469498634338,1.5085725784301758,0.00031820443109609187,6.685451030731201,0.0005337134352885187,0.006451481021940708,0.00018485457985661924,0.185705304145813,0.301937460899353,0.006449549924582243,0.5401712656021118,1.4990116357803345,,,
170,model.layers.1.mlp.gate_proj.weight,8192,3072,0.0001220703125,0.0005114072118885815,2.277531385421753,0.0005533074727281928,0.1342497020959854,0.0013028673129156232,0.11782312393188477,0.2842513620853424,0.009598108939826488,0.7686410546302795,1.5205638408660889,0.0001259847922483459,18.425373077392578,0.0016058908076956868,0.011434784159064293,0.0003249563742429018,0.2745573818683624,0.202145054936409,0.011307069100439548,0.49719271063804626,1.5090088844299316,,,
170,model.layers.1.mlp.up_proj.weight,8192,3072,0.0001220703125,0.00023726154176983982,2.8437483310699463,0.000708871812094003,0.14790108799934387,0.00020147686882410198,0.1882181614637375,0.27221059799194336,0.005989336874336004,0.6649059057235718,1.5235739946365356,0.0001333493710262701,16.649070739746094,0.0012474508257582784,0.011478056199848652,0.00013547101116273552,0.28925397992134094,0.1987450122833252,0.009541863575577736,0.49463751912117004,1.5158370733261108,,,
170,model.layers.1.mlp.down_proj.weight,3072,8192,0.0001220703125,0.00016073616279754788,1.0086772441864014,6.225803372217342e-05,1.6950404644012451,0.0011203063186258078,0.3326314687728882,0.1399301439523697,0.02608383819460869,0.4632287621498108,1.394285798072815,0.0001572093606228009,23.830320358276367,0.0011428904253989458,0.011531258001923561,0.0020399210043251514,0.23775503039360046,0.23108312487602234,0.03574899584054947,0.48939716815948486,1.3936209678649902,0.07560581713914871,0.07302089780569077,0.6475489735603333
170,model.layers.14.mlp.gate_proj.weight,8192,3072,0.0001220703125,0.00011461426765890792,2.885451316833496,-0.00034425201010890305,0.18718671798706055,0.0007198346429504454,0.2174704372882843,0.23543351888656616,0.007081559859216213,0.5405182242393494,1.5241851806640625,0.0001294796384172514,10.131908416748047,0.0013299679849296808,0.010737272910773754,0.0005365494289435446,0.25203582644462585,0.21794231235980988,0.010458807460963726,0.4962816536426544,1.5115422010421753,,,
170,model.layers.14.mlp.up_proj.weight,8192,3072,0.0001220703125,0.00013505062088370323,2.293792963027954,-5.874977068742737e-05,0.26656270027160645,0.00033615907886996865,0.24425336718559265,0.2296551614999771,0.005949501879513264,0.5108488202095032,1.5158765316009521,0.0001434729783795774,8.893744468688965,0.0014194819377735257,0.010684248991310596,0.00046832908992655575,0.2711822986602783,0.20437480509281158,0.009719355031847954,0.47651973366737366,1.5124969482421875,,,
170,model.layers.14.mlp.down_proj.weight,3072,8192,0.0001220703125,0.00014632199599873275,2.9383890628814697,-5.581146979238838e-05,0.29211607575416565,0.0002951353962998837,0.24945275485515594,0.23774516582489014,0.025961436331272125,0.485409677028656,1.3990147113800049,0.0001418760948581621,11.558512687683105,0.0014202289748936892,0.01068042777478695,0.0004791374958585948,0.24719494581222534,0.23003029823303223,0.034692298620939255,0.48855021595954895,1.3948203325271606,0.07795608788728714,0.08246586471796036,0.8129081130027771
170,model.layers.26.mlp.gate_proj.weight,8192,3072,0.0001220703125,0.0001690179924480617,3.680593252182007,-0.0004730017390102148,0.07578796148300171,0.0012006134493276477,0.1944321095943451,0.24445965886116028,0.00790564063936472,0.5449495911598206,1.5180673599243164,0.00013556380872614682,10.044014930725098,0.0011117425747215748,0.009968014433979988,0.0008141002035699785,0.2384846806526184,0.22016841173171997,0.011363604106009007,0.49525800347328186,1.5139224529266357,,,
170,model.layers.26.mlp.up_proj.weight,8192,3072,0.0001220703125,0.00016626821889076382,3.2928593158721924,0.00040801530121825635,0.11516358703374863,0.001626865821890533,0.15019026398658752,0.29725563526153564,0.012253171764314175,0.6315965056419373,1.523294448852539,0.00012905446055810899,8.827808380126953,-0.00017516659863758832,0.010160569101572037,0.0009033005335368216,0.22626993060112,0.22992002964019775,0.011889553628861904,0.4978848397731781,1.5104409456253052,,,
170,model.layers.26.mlp.down_proj.weight,3072,8192,0.0001220703125,0.00010760531586129218,1.8764594793319702,0.0004394042771309614,0.11279963701963425,0.0012467631604522467,0.1345723271369934,0.3603003919124603,0.02169005759060383,0.5844776034355164,1.4494011402130127,0.0001272097579203546,6.005257606506348,0.00027975128614343703,0.010390202514827251,0.0003531209658831358,0.2113163024187088,0.26941603422164917,0.017724543809890747,0.5534092783927917,1.4345791339874268,0.07789865136146545,0.07744990289211273,0.8615056276321411
180,model.layers.1.self_attn.q_proj.weight,3072,3072,0.0003255208333333333,0.00027406515437178314,2.8256173133850098,0.0006636633770540357,0.05231174826622009,0.0024916164111346006,0.1698617786169052,0.2120523750782013,0.008361746557056904,0.5896029472351074,1.4780933856964111,0.00039876546361483634,14.012890815734863,7.100744551280513e-05,0.006486072670668364,0.0015554786659777164,0.3984370231628418,0.1016584262251854,0.020502939820289612,0.31821826100349426,1.4499931335449219,0.0798015221953392,0.08429725468158722,0.7435333132743835
180,model.layers.1.self_attn.k_proj.weight,1024,3072,0.0003255208333333333,0.0006036594277247787,3.1111106872558594,0.0010882243514060974,0.04335391893982887,0.0011811484582722187,0.09213247895240784,0.21265797317028046,0.0046032811515033245,0.8113365769386292,1.4624487161636353,0.000565697846468538,10.171428680419922,-0.0004103143292013556,0.0037584477104246616,0.0008447532309219241,0.3087955415248871,0.15603449940681458,0.015024440363049507,0.45246362686157227,1.433511734008789,,,
180,model.layers.1.self_attn.v_proj.weight,1024,3072,0.0003255208333333333,0.00012617911852430552,1.8988410234451294,0.00012284537660889328,0.33428072929382324,9.284365660278127e-05,0.10410525649785995,0.42426809668540955,0.007275082170963287,0.6522218585014343,1.4593257904052734,0.00045612751273438334,10.395479202270508,0.0017453522887080908,0.0038655248936265707,0.00023825281823519617,0.2887234389781952,0.19886016845703125,0.01311523001641035,0.4886198043823242,1.445684790611267,,,
180,model.layers.1.self_attn.o_proj.weight,3072,3072,0.0003255208333333333,0.0003659632056951523,1.7077548503875732,8.673140837345272e-05,0.2647835612297058,0.00017708646191749722,0.16201046109199524,0.3424607217311859,0.007267489098012447,0.587779700756073,1.465029239654541,0.000324088498018682,7.097399711608887,0.0020611274521797895,0.0067414650693535805,0.0004193440836388618,0.22826646268367767,0.25252631306648254,0.01510261744260788,0.4952259957790375,1.4620416164398193,,,
180,model.layers.14.self_attn.q_proj.weight,3072,3072,0.0003255208333333333,0.00034873426193371415,1.8410216569900513,-0.0010102218948304653,0.16086357831954956,0.0008686330402269959,0.1977691948413849,0.25460201501846313,0.008723997510969639,0.5290684103965759,1.4820786714553833,0.00036568453651852906,8.125056266784668,0.0009607257088646293,0.006558360066264868,0.0009654249297454953,0.27044352889060974,0.19372832775115967,0.01384636852890253,0.4888477921485901,1.471970558166504,0.08583472669124603,0.08276917785406113,0.7719892859458923
180,model.layers.14.self_attn.k_proj.weight,1024,3072,0.0003255208333333333,0.00043265148997306824,2.3164758682250977,-0.0013248400064185262,0.1786988079547882,0.0011547044850885868,0.14931029081344604,0.2449629306793213,0.009973440319299698,0.7305778861045837,1.4413092136383057,0.0004340004816185683,12.396647453308105,0.0028385475743561983,0.0038323369808495045,0.0008559926645830274,0.2730778455734253,0.1807057112455368,0.018610648810863495,0.5188112258911133,1.409969687461853,,,
180,model.layers.14.self_attn.v_proj.weight,1024,3072,0.0003255208333333333,0.00039412511978298426,1.9778443574905396,-0.0009867845801636577,0.6726583242416382,3.107183874817565e-05,0.2703682780265808,0.23196446895599365,0.0032294532284140587,0.4747162163257599,1.4790047407150269,0.00043147784890607,6.7013654708862305,0.002652605064213276,0.004018192179501057,0.00017867502174340189,0.2697902023792267,0.21802836656570435,0.008931332267820835,0.4764832556247711,1.4687373638153076,,,
180,model.layers.14.self_attn.o_proj.weight,3072,3072,0.0003255208333333333,0.00033588329097256064,1.5509096384048462,-0.0005029762978665531,0.6752558946609497,2.487324491085019e-05,0.2885288894176483,0.22427380084991455,0.00914923194795847,0.4550037980079651,1.4347176551818848,0.0003335510555189103,6.483485698699951,0.002070049522444606,0.006860711146146059,0.00017770873091649264,0.20478326082229614,0.2779598832130432,0.026157451793551445,0.4655049443244934,1.431497573852539,,,
180,model.layers.26.self_attn.q_proj.weight,3072,3072,0.0003255208333333333,0.00034947763197124004,1.807504653930664,0.000821150082629174,0.04299410432577133,0.0009389736806042492,0.144740492105484,0.29755842685699463,0.009095663204789162,0.6894882917404175,1.4640756845474243,0.0003161711210850626,9.693216323852539,0.00025330568314529955,0.006485623773187399,0.0009314060444012284,0.25157856941223145,0.2127818763256073,0.016272032633423805,0.49944034218788147,1.4560842514038086,0.08093074709177017,0.08018165081739426,0.8022910952568054
180,model.layers.26.self_attn.k_proj.weight,1024,3072,0.0003255208333333333,0.0004806144570466131,3.4496681690216064,0.0018663612427189946,0.02893107570707798,0.0006227901903912425,0.1958136409521103,0.18304672837257385,0.008714222349226475,0.6859855651855469,1.4544233083724976,0.0004170064639765769,14.775935173034668,0.00010551294690230861,0.00378449447453022,0.0009584411745890975,0.2492614984512329,0.20071515440940857,0.016979893669486046,0.5245532393455505,1.4121195077896118,,,
180,model.layers.26.self_attn.v_proj.weight,1024,3072,0.0003255208333333333,0.00023010990116745234,2.5616204738616943,0.0008892077603377402,0.05788274109363556,4.950772563461214e-05,0.21229338645935059,0.2847033441066742,0.018557636067271233,0.46538689732551575,1.4346290826797485,0.00036886270390823483,5.6695475578308105,0.0008776988252066076,0.0038121368270367384,0.00014586560428142548,0.22982262074947357,0.26177269220352173,0.01106719858944416,0.503814160823822,1.4558848142623901,,,
180,model.layers.26.self_attn.o_proj.weight,3072,3072,0.0003255208333333333,0.00033305963734164834,1.8441122770309448,0.0005048132152296603,0.06640508025884628,0.00016397619037888944,0.15284015238285065,0.3249966502189636,0.00480336369946599,0.5047025084495544,1.5058321952819824,0.00032941094832494855,6.291691780090332,0.0012161226477473974,0.006685332395136356,0.00016156246419996023,0.18102756142616272,0.30831673741340637,0.005610168911516666,0.5385423302650452,1.5085557699203491,,,
180,model.layers.1.mlp.gate_proj.weight,8192,3072,0.0001220703125,0.00013805156049784273,2.240586519241333,-0.0004611439653672278,0.12039452791213989,0.00032459278008900583,0.22020940482616425,0.24347376823425293,0.007278337609022856,0.5706926584243774,1.5205585956573486,0.00013903762737754732,13.136744499206543,0.0014372729929164052,0.010846518911421299,0.0003911370295099914,0.2735251188278198,0.20274727046489716,0.010838126763701439,0.4984646737575531,1.5137709379196167,,,
180,model.layers.1.mlp.up_proj.weight,8192,3072,0.0001220703125,0.00014076544903218746,2.0506622791290283,-0.0006098573794588447,0.1347327083349228,0.00012747393338941038,0.2628822922706604,0.2226441502571106,0.008724798448383808,0.5225363969802856,1.522505283355713,0.00012714399781543761,12.740269660949707,0.0015474013052880764,0.010893364436924458,0.00015279081708285958,0.2892688512802124,0.19892050325870514,0.009819253347814083,0.4925200641155243,1.5133835077285767,,,
180,model.layers.1.mlp.down_proj.weight,3072,8192,0.0001220703125,0.00015377959061879665,1.0083884000778198,-4.0962593629956245e-05,2.009223461151123,0.0013553801691159606,0.3296370208263397,0.14102309942245483,0.02810998447239399,0.46607109904289246,1.4287399053573608,0.00015228951815515757,17.113487243652344,0.0013661327539011836,0.010856417007744312,0.0010354004334658384,0.23495474457740784,0.23993980884552002,0.02543732337653637,0.5063667297363281,1.4138720035552979,0.08715823292732239,0.08623703569173813,0.6015833616256714
180,model.layers.14.mlp.gate_proj.weight,8192,3072,0.0001220703125,0.00011975508095929399,1.2635858058929443,0.0007487931288778782,0.5437252521514893,0.00016067581600509584,0.1814754605293274,0.27681300044059753,0.002125963568687439,0.6198132038116455,1.5256428718566895,0.00012041683658026159,7.3205389976501465,0.0006620481726713479,0.011039764620363712,0.0006255400367081165,0.25085434317588806,0.2175295203924179,0.011168881319463253,0.49611201882362366,1.5125916004180908,,,
180,model.layers.14.mlp.up_proj.weight,8192,3072,0.0001220703125,0.00020441519154701382,1.5432522296905518,0.0009417471592314541,0.43500280380249023,0.00048492211499251425,0.2637833058834076,0.2140539586544037,0.012226482853293419,0.484966516494751,1.5101511478424072,0.00013745561591349542,5.727949142456055,0.0006420983118005097,0.01134182047098875,0.00037679928936995566,0.27545174956321716,0.20231309533119202,0.01047795545309782,0.4737372398376465,1.5078129768371582,,,
180,model.layers.14.mlp.down_proj.weight,3072,8192,0.0001220703125,0.0001514096074970439,1.814794659614563,0.0008215773268602788,0.5119727253913879,8.979959966382012e-05,0.255337655544281,0.24131585657596588,0.010441156104207039,0.5087419748306274,1.4279524087905884,0.00014020432718098164,6.864940643310547,0.000736716203391552,0.011279545724391937,0.0003874818794429302,0.2505428194999695,0.2311953902244568,0.026658248156309128,0.49681568145751953,1.4229731559753418,0.10235781222581863,0.09816820919513702,0.6942091584205627
180,model.layers.26.mlp.gate_proj.weight,8192,3072,0.0001220703125,0.00019930803682655096,1.9890856742858887,-0.00012659966887440532,0.09941308200359344,0.0008537975954823196,0.2881741225719452,0.17091313004493713,0.008858698420226574,0.3962545692920685,1.5163452625274658,0.00021517748245969415,5.877713680267334,0.0011518490500748158,0.01126372255384922,0.0010689222253859043,0.23700092732906342,0.2224668264389038,0.012745557352900505,0.5065461993217468,1.5119805335998535,,,
180,model.layers.26.mlp.up_proj.weight,8192,3072,0.0001220703125,0.00010715705138863996,2.8155059814453125,-0.00018262266530655324,0.11306948214769363,0.0010246060555800796,0.19522979855537415,0.2613743841648102,0.011338051408529282,0.5560643076896667,1.5139902830123901,0.00013399087765719742,6.177083969116211,-0.0003786840243265033,0.0111327413469553,0.0008737498428672552,0.2310459166765213,0.22947964072227478,0.011785723268985748,0.5026745200157166,1.508771538734436,,,
180,model.layers.26.mlp.down_proj.weight,3072,8192,0.0001220703125,0.00010394456330686808,1.9640207290649414,-0.00018334627384319901,0.1203269362449646,0.0005327737890183926,0.22462978959083557,0.25817131996154785,0.015677722170948982,0.4513206481933594,1.4662952423095703,0.00012532745313365012,7.323281288146973,0.00029499884112738073,0.011035609990358353,0.00028832978568971157,0.23658594489097595,0.247049942612648,0.0156781654804945,0.5059451460838318,1.460754156112671,0.07402312010526657,0.07833597809076309,0.8223851323127747
190,model.layers.1.self_attn.q_proj.weight,3072,3072,0.0003255208333333333,0.0002419122465653345,2.0309619903564453,0.0003936103021260351,0.035703711211681366,0.0011568897170946002,0.15272915363311768,0.1885935217142105,0.005996346939355135,0.632220983505249,1.4847412109375,0.000418960175011307,8.895308494567871,0.0007598696392960846,0.006762606091797352,0.0012166298693045974,0.40033963322639465,0.09981662780046463,0.02038920670747757,0.3130609393119812,1.444271206855774,0.07938958704471588,0.08261117339134216,0.7970858812332153
190,model.layers.1.self_attn.k_proj.weight,1024,3072,0.0003255208333333333,0.00037355328095145524,2.0650875568389893,0.00062580342637375,0.030178239569067955,0.00036855184589512646,0.07397083938121796,0.21906442940235138,0.002051521558314562,0.852181077003479,1.4863567352294922,0.0006341786938719451,7.5489044189453125,0.0015798448584973812,0.003985655959695578,0.0012880930444225669,0.33076244592666626,0.13783353567123413,0.015748711302876472,0.43440356850624084,1.4312800168991089,,,
190,model.layers.1.self_attn.v_proj.weight,1024,3072,0.0003255208333333333,0.0001327015197603032,1.7565330266952515,0.0002967100008390844,0.17247691750526428,0.00011099528637714684,0.12161464989185333,0.39454391598701477,0.011913320980966091,0.6106266975402832,1.4419018030166626,0.00045410750317387283,6.5991973876953125,0.0021348155569285154,0.004144718404859304,0.00030878669349476695,0.301082581281662,0.18928907811641693,0.0131102679297328,0.4641198217868805,1.4406425952911377,,,
190,model.layers.1.self_attn.o_proj.weight,3072,3072,0.0003255208333333333,0.0003418643609620631,4.804569244384766,0.0003040983865503222,0.09203099459409714,0.00061374984215945,0.22759322822093964,0.24500305950641632,0.017232973128557205,0.489774227142334,1.445685625076294,0.0003371140919625759,7.204572677612305,0.0018210847629234195,0.006946937646716833,0.00042138263233937323,0.23360760509967804,0.2467426359653473,0.015290405601263046,0.4874608814716339,1.4592936038970947,,,
190,model.layers.14.self_attn.q_proj.weight,3072,3072,0.0003255208333333333,0.00038609624607488513,4.3898820877075195,-0.0006800590199418366,0.06156007945537567,0.000746201432775706,0.16681022942066193,0.2833029627799988,0.008405521512031555,0.5922859311103821,1.4926239252090454,0.00035342745832167566,10.197126388549805,0.0018091535894200206,0.006731179542839527,0.000834308099001646,0.26646244525909424,0.1956779658794403,0.013596992008388042,0.4884128272533417,1.4642460346221924,0.07194789499044418,0.06994030624628067,0.880455732345581
190,model.layers.14.self_attn.k_proj.weight,1024,3072,0.0003255208333333333,0.0004038895422127098,4.382147789001465,-0.0011498457752168179,0.05373391881585121,0.0009666947880759835,0.20047025382518768,0.2088729739189148,0.012312705628573895,0.6536492705345154,1.4495359659194946,0.0005164050962775946,16.14492416381836,0.005297633353620768,0.0039038590621203184,0.0015584866050630808,0.2794490158557892,0.17553898692131042,0.0196951013058424,0.5137717127799988,1.3986953496932983,,,
190,model.layers.14.self_attn.v_proj.weight,1024,3072,0.0003255208333333333,0.00031734153162688017,3.25852632522583,-0.0011597932316362858,0.1673879772424698,0.00027635792503133416,0.23876693844795227,0.24935585260391235,0.016472676768898964,0.4880051016807556,1.4018055200576782,0.00045215338468551636,10.749350547790527,0.005265810526907444,0.003719148924574256,0.0005041964468546212,0.2767964005470276,0.20993098616600037,0.014245505444705486,0.4622343182563782,1.4229004383087158,,,
190,model.layers.14.self_attn.o_proj.weight,3072,3072,0.0003255208333333333,0.00031277124071493745,3.9427530765533447,-0.0006398569094017148,0.1543903648853302,0.0003339142131153494,0.21577972173690796,0.2583741843700409,0.04196357727050781,0.43793073296546936,1.3723561763763428,0.0003214722964912653,10.891061782836914,0.0027504588942974806,0.006553721148520708,0.0003743699926417321,0.19132819771766663,0.27928125858306885,0.03715246170759201,0.45839840173721313,1.3802025318145752,,,
190,model.layers.26.self_attn.q_proj.weight,3072,3072,0.0003255208333333333,0.00039618881419301033,3.582141160964966,0.00035417653270997107,0.03179695084691048,0.002502807881683111,0.185855433344841,0.250012069940567,0.02296156994998455,0.6099870204925537,1.4330439567565918,0.00033798921504057944,10.604618072509766,0.00042815448250621557,0.006908399518579245,0.0009272015886381269,0.24599769711494446,0.21456323564052582,0.018911873921751976,0.5086097121238708,1.4506908655166626,0.07204091548919678,0.0728495717048645,0.8505176305770874
190,model.layers.26.self_attn.k_proj.weight,1024,3072,0.0003255208333333333,0.0004935698816552758,4.5155816078186035,0.000610273564234376,0.02788654714822769,0.0006134982104413211,0.20365557074546814,0.1824936866760254,0.010640560649335384,0.6765896677970886,1.4453961849212646,0.0004260638088453561,10.295816421508789,-0.0015986949438229203,0.003999692853540182,0.0014187697088345885,0.2558961510658264,0.19258594512939453,0.01759876124560833,0.5125948190689087,1.4147207736968994,,,
190,model.layers.26.self_attn.v_proj.weight,1024,3072,0.0003255208333333333,0.00032436606124974787,2.8886032104492188,0.0008398242644034326,0.03562748059630394,0.0005566171021200716,0.15205088257789612,0.3204503655433655,0.08974756300449371,0.5228303670883179,1.4005049467086792,0.00037457444705069065,6.980353832244873,-0.0003710551536642015,0.003972398582845926,0.0001774257980287075,0.23069922626018524,0.2569505274295807,0.018927300348877907,0.4989455044269562,1.430357575416565,,,
190,model.layers.26.self_attn.o_proj.weight,3072,3072,0.0003255208333333333,0.0004405690124258399,3.7877583503723145,0.0005217388970777392,0.037291981279850006,0.0004066952096763998,0.16392631828784943,0.31837576627731323,0.014578667469322681,0.5424001216888428,1.48262619972229,0.00035421556094661355,8.153329849243164,0.0005005213315598667,0.006841414142400026,0.0002332893491256982,0.18938767910003662,0.2947114408016205,0.008670130744576454,0.5276432633399963,1.4850170612335205,,,
190,model.layers.1.mlp.gate_proj.weight,8192,3072,0.0001220703125,0.00016187909932341427,8.105913162231445,-0.0006028498755767941,0.052757155150175095,0.0004471846332307905,0.21907824277877808,0.23270206153392792,0.008502836339175701,0.5780002474784851,1.5184359550476074,0.00013251962081994861,13.97523021697998,0.001190521172247827,0.011210925877094269,0.0003423354064580053,0.2753293514251709,0.20122858881950378,0.010383500717580318,0.4942736327648163,1.5129368305206299,,,
190,model.layers.1.mlp.up_proj.weight,8192,3072,0.0001220703125,0.0001422185596311465,7.8084540367126465,-0.00042206764919683337,0.06310531497001648,0.0002162597083952278,0.24524962902069092,0.22987988591194153,0.007578190881758928,0.5559496283531189,1.5193917751312256,0.00012757386139128357,12.836036682128906,0.0013721490977331996,0.011208328418433666,0.00021029247727710754,0.28880566358566284,0.19785335659980774,0.010154463350772858,0.49098554253578186,1.5141232013702393,,,
190,model.layers.1.mlp.down_proj.weight,3072,8192,0.0001220703125,0.0001377729931846261,1.0064160823822021,-2.7090085495729e-05,0.9861486554145813,0.0011231638491153717,0.3284716010093689,0.14243873953819275,0.0228883046656847,0.47277921438217163,1.4178985357284546,0.00014620333968196064,16.047441482543945,0.0012488574720919132,0.01126769557595253,0.000690760905854404,0.24246491491794586,0.23456472158432007,0.022309593856334686,0.4952666461467743,1.4296603202819824,0.07295022904872894,0.07585781812667847,0.6524553298950195
190,model.layers.14.mlp.gate_proj.weight,8192,3072,0.0001220703125,0.00011680919851642102,4.397531986236572,-0.0003942614421248436,0.09338898211717606,0.0005541485152207315,0.2095905840396881,0.24110166728496552,0.006851195357739925,0.5463615655899048,1.5259644985198975,0.00011919332609977573,10.56060791015625,0.0009133617277257144,0.010998176410794258,0.0005063315620645881,0.25055813789367676,0.21727289259433746,0.010964233428239822,0.4985595643520355,1.5068120956420898,,,
190,model.layers.14.mlp.up_proj.weight,8192,3072,0.0001220703125,0.00014725036453455687,3.697007656097412,-0.00010407915397081524,0.11968345940113068,0.0006562376511283219,0.23191317915916443,0.23290063440799713,0.009949115104973316,0.500015139579773,1.513685941696167,0.00015863603039178997,9.157044410705566,0.0006244832766242325,0.011084317229688168,0.000516376574523747,0.27098435163497925,0.20555830001831055,0.011144442483782768,0.4749827980995178,1.5047835111618042,,,
190,model.layers.14.mlp.down_proj.weight,3072,8192,0.0001220703125,0.000131083550513722,5.1592512130737305,-0.00010168838343815878,0.12548144161701202,0.00042109069181606174,0.2184770405292511,0.26132211089134216,0.0387539342045784,0.5074061155319214,1.3944954872131348,0.00013415797729976475,12.430651664733887,0.0006263358518481255,0.011045094579458237,0.0004354867560323328,0.2437373250722885,0.2335030734539032,0.03680125251412392,0.49298372864723206,1.3946425914764404,0.06961649656295776,0.07315286248922348,0.9017612338066101
190,model.layers.26.mlp.gate_proj.weight,8192,3072,0.0001220703125,0.00015490084479097277,4.1099348068237305,-0.0003413187514524907,0.05300305411219597,0.0014288687380030751,0.1900809407234192,0.24116234481334686,0.009610633365809917,0.5519977807998657,1.5144343376159668,0.00012111530668335035,8.159707069396973,0.0013955734902992845,0.011201832443475723,0.0007740181172266603,0.24148352444171906,0.21876418590545654,0.011327767744660378,0.49554896354675293,1.5152480602264404,,,
190,model.layers.26.mlp.up_proj.weight,8192,3072,0.0001220703125,0.00010001979535445571,4.741049766540527,0.00016634725034236908,0.0751146599650383,0.001554199610836804,0.15423566102981567,0.29535049200057983,0.015375128015875816,0.6259143948554993,1.5107907056808472,0.00011914191418327391,8.944235801696777,0.00042124951141886413,0.011199154891073704,0.0009719118825159967,0.23172657191753387,0.22777411341667175,0.011584431864321232,0.4955877959728241,1.5120376348495483,,,
190,model.layers.26.mlp.down_proj.weight,3072,8192,0.0001220703125,9.872104419628158e-05,2.271296501159668,0.00016287039034068584,0.0816371962428093,0.0006048918003216386,0.14930012822151184,0.34334999322891235,0.014496250078082085,0.5647813677787781,1.466291069984436,0.00013284727174323052,9.115581512451172,0.0010458148317411542,0.011273223906755447,0.00031186602427624166,0.2291782796382904,0.2525204122066498,0.017664950340986252,0.5181984305381775,1.448930263519287,0.0675758421421051,0.07163471728563309,0.889882504940033
200,model.layers.1.self_attn.q_proj.weight,3072,3072,0.0003255208333333333,0.00031822509481571615,2.2469961643218994,0.0005054341745562851,0.05158989131450653,0.002119956072419882,0.17294125258922577,0.1916070133447647,0.00844917818903923,0.577671468257904,1.4787755012512207,0.0003850398934446275,12.5308256149292,-0.00037568138213828206,0.006490764673799276,0.0016414199490100145,0.398671954870224,0.10061481595039368,0.02044033445417881,0.315668523311615,1.4463956356048584,0.07429353892803192,0.07111196964979172,0.8116536140441895
200,model.layers.1.self_attn.k_proj.weight,1024,3072,0.0003255208333333333,0.00045999273424968123,2.754045248031616,0.0008486676379106939,0.041418418288230896,0.0012887557968497276,0.09186078608036041,0.20753121376037598,0.005172072909772396,0.8168081641197205,1.478639841079712,0.0005579462158493698,7.9713592529296875,-0.002817729255184531,0.0038142993580549955,0.0015423974255099893,0.30685651302337646,0.14003826677799225,0.014094839803874493,0.46311917901039124,1.428451418876648,,,
200,model.layers.1.self_attn.v_proj.weight,1024,3072,0.0003255208333333333,0.00012825980957131833,1.829952359199524,-2.5557685148669407e-05,0.28647977113723755,7.056255708448589e-05,0.13085344433784485,0.3694911301136017,0.011041493155062199,0.5805158615112305,1.4497135877609253,0.000452246778877452,12.100691795349121,0.0014013834297657013,0.003825556254014373,0.00025946402456611395,0.2930986285209656,0.19418978691101074,0.013457837514579296,0.4811010956764221,1.4457632303237915,,,
200,model.layers.1.self_attn.o_proj.weight,3072,3072,0.0003255208333333333,0.0003678181965369731,2.2127199172973633,-2.118146039720159e-05,0.19205054640769958,0.00026423053350299597,0.19332654774188995,0.3027244508266449,0.008789271116256714,0.5580479502677917,1.4743154048919678,0.00032156144152395427,8.023406982421875,0.001826595631428063,0.006712545640766621,0.0004895173478871584,0.22955085337162018,0.2507516145706177,0.015054297633469105,0.49881798028945923,1.4596550464630127,,,
200,model.layers.14.self_attn.q_proj.weight,3072,3072,0.0003255208333333333,0.0003624449309427291,2.5714714527130127,-4.4604490540223196e-05,0.12175235897302628,0.0009170712437480688,0.170290008187294,0.28548464179039,0.010190397500991821,0.5976271033287048,1.4880661964416504,0.0003279799420852214,8.434844017028809,0.0018430653726682067,0.006896506063640118,0.0008530695340596139,0.2687838673591614,0.19600625336170197,0.014059924520552158,0.4937271475791931,1.464730978012085,0.08029687404632568,0.07582557946443558,0.8253212571144104
200,model.layers.14.self_attn.k_proj.weight,1024,3072,0.0003255208333333333,0.0003338217211421579,1.5577518939971924,-5.735736704082228e-05,0.14467619359493256,0.00038181288982741535,0.18575850129127502,0.23085351288318634,0.009845378808677197,0.6924050450325012,1.453681230545044,0.00046394014498218894,6.827419757843018,0.0021972008980810642,0.004130722489207983,0.0008521213894709945,0.27085232734680176,0.18489310145378113,0.01697436347603798,0.5264655947685242,1.4145220518112183,,,
200,model.layers.14.self_attn.v_proj.weight,1024,3072,0.0003255208333333333,0.0003884229518007487,2.163816452026367,0.0005511456402018666,0.42421531677246094,0.00011158711276948452,0.2604398727416992,0.23330917954444885,0.0069716875441372395,0.48141342401504517,1.4666094779968262,0.00044513476314023137,7.152129173278809,0.0021139902528375387,0.004041511099785566,0.0002713362919166684,0.27788323163986206,0.20938850939273834,0.012079259380698204,0.463707834482193,1.4353984594345093,,,
200,model.layers.14.self_attn.o_proj.weight,3072,3072,0.0003255208333333333,0.0003336281224619597,2.4193806648254395,0.0002948543115053326,0.4081425666809082,8.915972284739837e-05,0.25469252467155457,0.251352459192276,0.019248317927122116,0.4922454059123993,1.4302353858947754,0.0003076801367569715,8.80684757232666,0.0016494172159582376,0.006901854649186134,0.00022799540602136403,0.19411279261112213,0.28392961621284485,0.031741492450237274,0.46499550342559814,1.406583547592163,,,
200,model.layers.26.self_attn.q_proj.weight,3072,3072,0.0003255208333333333,0.00044556852662935853,2.7506468296051025,-0.0007952676387503743,0.041841935366392136,0.0011761024361476302,0.16328108310699463,0.28640806674957275,0.016708092764019966,0.6439559459686279,1.466483473777771,0.00036198305315338075,9.00623607635498,0.00218293908983469,0.006305399816483259,0.001343198586255312,0.2437983900308609,0.2129984200000763,0.01789999194443226,0.5159415602684021,1.4469237327575684,0.0746828094124794,0.07506222277879715,0.826116681098938
200,model.layers.26.self_attn.k_proj.weight,1024,3072,0.0003255208333333333,0.0006583427893929183,2.5292088985443115,-0.0015423555159941316,0.03248734399676323,0.001378518994897604,0.2075272798538208,0.18227484822273254,0.016299046576023102,0.6654675602912903,1.445024847984314,0.0004469762207008898,13.33231258392334,0.002670368179678917,0.003587214509025216,0.0013301395811140537,0.24594569206237793,0.1993117332458496,0.01790463551878929,0.5277819633483887,1.4101201295852661,,,
200,model.layers.26.self_attn.v_proj.weight,1024,3072,0.0003255208333333333,0.00023348945251200348,2.2929577827453613,0.0011576454853639007,0.05719386413693428,6.461954762926325e-05,0.2168745994567871,0.2848621904850006,0.012753093615174294,0.4438319504261017,1.4413477182388306,0.0003361729613970965,6.502702713012695,0.002472618594765663,0.003694850718602538,0.00012839694682043046,0.23497098684310913,0.25419777631759644,0.012931057251989841,0.4983386695384979,1.4360803365707397,,,
200,model.layers.26.self_attn.o_proj.weight,3072,3072,0.0003255208333333333,0.0003295261994935572,2.228769302368164,0.0006726605934090912,0.06415495276451111,0.00010455927986185998,0.15141263604164124,0.3409753441810608,0.004254033789038658,0.5226827263832092,1.5064295530319214,0.00034592236625030637,7.0391621589660645,0.0017411248991265893,0.0064472416415810585,0.00015455184620805085,0.18921585381031036,0.2963114082813263,0.006088062655180693,0.5316566824913025,1.502981424331665,,,
200,model.layers.1.mlp.gate_proj.weight,8192,3072,0.0001220703125,0.0001751913077896461,3.664445638656616,0.00026290721143595874,0.09947361797094345,0.0005931059713475406,0.22641144692897797,0.2324351966381073,0.00931533332914114,0.5605180263519287,1.5145257711410522,0.00012646631512325257,16.57142448425293,0.0008774656453169882,0.010853259824216366,0.00042347455746494234,0.2747231721878052,0.20139151811599731,0.010857073590159416,0.49527403712272644,1.5142592191696167,,,
200,model.layers.1.mlp.up_proj.weight,8192,3072,0.0001220703125,0.00013851655239704996,3.5296645164489746,2.8552378353197128e-05,0.11863362789154053,0.0001892190339276567,0.2523210048675537,0.22811655700206757,0.0081888847053051,0.5306609272956848,1.5201103687286377,0.00012691992742475122,14.817686080932617,0.00114354002289474,0.010873145423829556,0.00019315554527565837,0.28968897461891174,0.19775232672691345,0.010112679563462734,0.4906964898109436,1.5119802951812744,,,
200,model.layers.1.mlp.down_proj.weight,3072,8192,0.0001220703125,0.0001335738634224981,1.00791597366333,2.0003114968858426e-06,1.721534252166748,0.0012075731065124273,0.32509782910346985,0.14379934966564178,0.024738851934671402,0.47617343068122864,1.431898832321167,0.00013715383829548955,17.846546173095703,0.0012786510633304715,0.010847629979252815,0.0007233187789097428,0.24114273488521576,0.23522277176380157,0.02131824567914009,0.4989864230155945,1.4196157455444336,0.07357777655124664,0.0741717740893364,0.6485388278961182
200,model.layers.14.mlp.gate_proj.weight,8192,3072,0.0001220703125,0.00012813483772333711,2.01369309425354,0.00042562501039355993,0.2505981922149658,0.00040535241714678705,0.22142662107944489,0.2325976938009262,0.005681703798472881,0.5435865521430969,1.5229172706604004,0.00013023077917750925,10.331110954284668,0.001572976354509592,0.011247512884438038,0.000575555837713182,0.25170689821243286,0.21558761596679688,0.009964868426322937,0.4960853159427643,1.5153435468673706,,,
200,model.layers.14.mlp.up_proj.weight,8192,3072,0.0001220703125,0.0001444868976250291,2.215923547744751,0.000305409193970263,0.3026386797428131,0.00039778643986210227,0.2494189292192459,0.2236613780260086,0.010335077531635761,0.5001036524772644,1.5155575275421143,0.00014888634905219078,8.137005805969238,0.0014221748569980264,0.011420064605772495,0.0005027887527830899,0.2726789712905884,0.20188690721988678,0.01020820066332817,0.4768919050693512,1.5078264474868774,,,
200,model.layers.14.mlp.down_proj.weight,3072,8192,0.0001220703125,0.000142572884215042,2.3214612007141113,0.0002594027610030025,0.36359554529190063,0.00019537925254553556,0.24473294615745544,0.24810506403446198,0.020971503108739853,0.500411868095398,1.434821367263794,0.0001475917815696448,10.082728385925293,0.001256380113773048,0.011422351934015751,0.0004783885960932821,0.24865613877773285,0.22959503531455994,0.03547981008887291,0.4858779311180115,1.3955146074295044,0.08234764635562897,0.0827254131436348,0.8183272480964661
200,model.layers.26.mlp.gate_proj.weight,8192,3072,0.0001220703125,0.00014544175064656883,2.352975368499756,-0.0005016642389819026,0.10840918868780136,0.0006441492005251348,0.24773269891738892,0.21026679873466492,0.0064085680060088634,0.4852074086666107,1.5192954540252686,0.00013713573571294546,6.709365367889404,0.0012289853766560555,0.010468367487192154,0.0008685189532116055,0.23944801092147827,0.21944968402385712,0.010372436605393887,0.49700936675071716,1.5140650272369385,,,
200,model.layers.26.mlp.up_proj.weight,8192,3072,0.0001220703125,0.00011213395919185132,3.109858274459839,-7.754068064969033e-05,0.1182548776268959,0.000542585039511323,0.21739749610424042,0.24089455604553223,0.008047977462410927,0.5332168936729431,1.5218381881713867,0.00016012677224352956,7.731324195861816,-0.00048517220420762897,0.010555475950241089,0.001096273772418499,0.22754789888858795,0.23039139807224274,0.011333674192428589,0.49892616271972656,1.5116853713989258,,,
200,model.layers.26.mlp.down_proj.weight,3072,8192,0.0001220703125,0.00011908921442227438,2.2138540744781494,-6.663239764748141e-05,0.1395900398492813,0.0006711399764753878,0.2515106499195099,0.23279772698879242,0.022206982597708702,0.4279645085334778,1.4317580461502075,0.00013043258513789624,6.9942193031311035,0.0005299157346598804,0.010684589855372906,0.0004111415473744273,0.21812261641025543,0.2639075517654419,0.01743202470242977,0.5413975715637207,1.4546172618865967,0.07896441221237183,0.07850177586078644,0.8329281210899353
210,model.layers.1.self_attn.q_proj.weight,3072,3072,0.0003255208333333333,0.00027794408379122615,1.9185397624969482,-0.0005457537481561303,0.08998023718595505,0.002683398313820362,0.1845884919166565,0.19292676448822021,0.013062254525721073,0.5722963213920593,1.4721298217773438,0.00037925862125121057,9.467528343200684,0.0006828627083450556,0.006777405738830566,0.001570872962474823,0.4048725664615631,0.10157480090856552,0.022812793031334877,0.30668434500694275,1.4413902759552002,0.09476899355649948,0.09664545208215714,0.6668768525123596
210,model.layers.1.self_attn.k_proj.weight,1024,3072,0.0003255208333333333,0.00036687360261566937,1.8219918012619019,-0.0008664163178764284,0.07365930825471878,0.0007698970148339868,0.09550394862890244,0.1922731101512909,0.003910147584974766,0.8149821758270264,1.4641655683517456,0.0006287396536208689,7.864039421081543,-0.0005673541454598308,0.003966053482145071,0.001479154685512185,0.3209308087825775,0.15100634098052979,0.01539151556789875,0.43059423565864563,1.4323304891586304,,,
210,model.layers.1.self_attn.v_proj.weight,1024,3072,0.0003255208333333333,0.00011710714170476422,1.7475160360336304,0.0008674014243297279,0.42909324169158936,0.00010117601050296798,0.14915680885314941,0.33368363976478577,0.021205756813287735,0.5221199989318848,1.4346545934677124,0.00047079817159101367,10.644073486328125,0.00032172887586057186,0.0038965654093772173,0.00023486890131607652,0.29746249318122864,0.1914103478193283,0.01434253714978695,0.47352612018585205,1.4309608936309814,,,
210,model.layers.1.self_attn.o_proj.weight,3072,3072,0.0003255208333333333,0.0003355876833666116,2.8488705158233643,0.0009201173670589924,0.22125837206840515,0.0005255722790025175,0.2600076198577881,0.2216552197933197,0.015102347359061241,0.48023220896720886,1.458880066871643,0.00032160483533516526,7.1136555671691895,0.0012224820675328374,0.006704450584948063,0.0005227602086961269,0.2322307527065277,0.24720975756645203,0.015018509700894356,0.4891093373298645,1.4701414108276367,,,
210,model.layers.14.self_attn.q_proj.weight,3072,3072,0.0003255208333333333,0.00030575465643778443,1.7584718465805054,0.00039313503657467663,0.15678086876869202,0.0004365314089227468,0.16976632177829742,0.28374481201171875,0.00562779325991869,0.599635899066925,1.4920917749404907,0.0003312697808723897,10.040518760681152,-0.0005279587348923087,0.006647543981671333,0.0008189952932298183,0.27035731077194214,0.1950972080230713,0.013706955127418041,0.4909569323062897,1.4646544456481934,0.084437794983387,0.0838213786482811,0.7828548550605774
210,model.layers.14.self_attn.k_proj.weight,1024,3072,0.0003255208333333333,0.0004396310541778803,3.0608649253845215,0.0007906141690909863,0.11344355344772339,0.0009118764428421855,0.19935791194438934,0.19090639054775238,0.011357925832271576,0.673586368560791,1.444161295890808,0.00041871253051795065,9.359938621520996,-0.0019036884186789393,0.003950977232307196,0.0008652011747471988,0.2788316011428833,0.17933136224746704,0.01846693456172943,0.5122025012969971,1.4198330640792847,,,
210,model.layers.14.self_attn.v_proj.weight,1024,3072,0.0003255208333333333,0.0003188915434293449,2.811140298843384,-0.00033384389826096594,0.4172530174255371,5.958491601631977e-05,0.24308854341506958,0.2511971592903137,0.005153117701411247,0.4934384822845459,1.4747751951217651,0.00041672535007819533,9.060952186584473,-0.0007450393168255687,0.0038916755001991987,0.00023361081548500806,0.27023324370384216,0.21532410383224487,0.010852141305804253,0.4812513291835785,1.4569971561431885,,,
210,model.layers.14.self_attn.o_proj.weight,3072,3072,0.0003255208333333333,0.0003282518300693482,2.6756956577301025,-0.00017037292127497494,0.42311885952949524,6.769909668946639e-05,0.25546830892562866,0.24171634018421173,0.01590088941156864,0.46976572275161743,1.4421584606170654,0.0003319992683827877,8.71988296508789,0.0004085940308868885,0.006880686152726412,0.00018020416609942913,0.19601093232631683,0.2886390686035156,0.02729063667356968,0.48079240322113037,1.4282128810882568,,,
210,model.layers.26.self_attn.q_proj.weight,3072,3072,0.0003255208333333333,0.0003344545839354396,3.8646461963653564,0.001371918129734695,0.041605256497859955,0.0012156948214396834,0.17076946794986725,0.27212294936180115,0.01438969187438488,0.6297603845596313,1.4554197788238525,0.00033315716427750885,8.536730766296387,0.00014852792082820088,0.006386272143572569,0.0008432693430222571,0.24869771301746368,0.21133548021316528,0.0164809413254261,0.5018128156661987,1.4538590908050537,0.07009810209274292,0.07049508392810822,0.8638001680374146
210,model.layers.26.self_attn.k_proj.weight,1024,3072,0.0003255208333333333,0.0005045726429671049,5.792729377746582,0.0024843188002705574,0.03474928438663483,0.0008040635730139911,0.2011299431324005,0.19342964887619019,0.01027413085103035,0.6681416034698486,1.4613697528839111,0.00040124033694155514,9.114952087402344,-0.0016940197674557567,0.0036843009293079376,0.0014114929363131523,0.2482728809118271,0.19436262547969818,0.01656215637922287,0.5224244594573975,1.4164841175079346,,,
210,model.layers.26.self_attn.v_proj.weight,1024,3072,0.0003255208333333333,0.00024503772146999836,2.4269938468933105,0.0010636309161782265,0.05619354918599129,0.00021834915969520807,0.16726776957511902,0.32839322090148926,0.040890973061323166,0.5263839960098267,1.426761269569397,0.00036687724059447646,6.405826091766357,0.0009109548991546035,0.003683332120999694,0.0001434197329217568,0.2323477566242218,0.2569645643234253,0.013710472732782364,0.5075137615203857,1.4434784650802612,,,
210,model.layers.26.self_attn.o_proj.weight,3072,3072,0.0003255208333333333,0.00032128093880601227,3.6361045837402344,0.0006104882340878248,0.06388162821531296,0.0002060562401311472,0.15417902171611786,0.3437000513076782,0.005743360612541437,0.5547567009925842,1.5042961835861206,0.00031772180227562785,7.224133014678955,0.0011123971780762076,0.006482074502855539,0.00017959228716790676,0.1884862631559372,0.3002837002277374,0.005983518436551094,0.5383593440055847,1.5044476985931396,,,
210,model.layers.1.mlp.gate_proj.weight,8192,3072,0.0001220703125,0.00013289760681800544,3.851508378982544,-1.7285788999288343e-05,0.14499297738075256,0.0006724288105033338,0.24913206696510315,0.21607697010040283,0.01159065030515194,0.5228970646858215,1.5111465454101562,0.00012388156028464437,13.553982734680176,0.0005296553717926145,0.011214647442102432,0.00046389386989176273,0.27167990803718567,0.20501108467578888,0.011654865927994251,0.4966904819011688,1.5085337162017822,,,
210,model.layers.1.mlp.up_proj.weight,8192,3072,0.0001220703125,0.00012871924263890833,3.7070138454437256,-0.00018881693540606648,0.1695488840341568,0.00012314613559283316,0.2669423520565033,0.21519950032234192,0.00752387335523963,0.5223160982131958,1.5191274881362915,0.0001297713170060888,13.439641952514648,0.0009184080990962684,0.011154932901263237,0.00021572787954937667,0.288665235042572,0.19862307608127594,0.01061178743839264,0.4899391233921051,1.5104305744171143,,,
210,model.layers.1.mlp.down_proj.weight,3072,8192,0.0001220703125,0.00014939450193196535,1.0096049308776855,-1.5484809409826994e-05,2.0644898414611816,0.001858745003119111,0.34477174282073975,0.13050204515457153,0.03874289616942406,0.4316576421260834,1.437432885169983,0.00013848135131411254,22.5613956451416,0.0008033667108975351,0.011054499074816704,0.0007607435691170394,0.24121232330799103,0.23558248579502106,0.021749358624219894,0.49823662638664246,1.4290871620178223,0.0829210877418518,0.0788683369755745,0.6293346285820007
210,model.layers.14.mlp.gate_proj.weight,8192,3072,0.0001220703125,0.0001243457809323445,2.8312549591064453,-0.00017871784802991897,0.2639663517475128,0.0005134160164743662,0.2367573231458664,0.21528391540050507,0.0053995647467672825,0.5134544968605042,1.5249773263931274,0.00013443715579342097,8.240992546081543,0.0006485033663921058,0.01114017702639103,0.00041241070721298456,0.25262337923049927,0.2157990038394928,0.01013500988483429,0.49458974599838257,1.5152133703231812,,,
210,model.layers.14.mlp.up_proj.weight,8192,3072,0.0001220703125,0.0001671702484600246,2.7534470558166504,-0.00014243987970985472,0.3118486702442169,0.0004156237991992384,0.25695931911468506,0.21698684990406036,0.008832677267491817,0.47653985023498535,1.5119104385375977,0.0001462797517888248,6.041804790496826,0.0010746950283646584,0.011612928472459316,0.0003918731526937336,0.2770308256149292,0.20173846185207367,0.009120981208980083,0.4691437780857086,1.513817310333252,,,
210,model.layers.14.mlp.down_proj.weight,3072,8192,0.0001220703125,0.00014405424008145928,2.3131747245788574,-0.00011758921755244955,0.3902711272239685,0.00021210932754911482,0.2617621123790741,0.2298414558172226,0.019506100565195084,0.46650347113609314,1.4268189668655396,0.00014203283353708684,6.977480411529541,0.0009583907667547464,0.01158966589719057,0.0004166116414126009,0.2484251856803894,0.23325514793395996,0.02790590561926365,0.4957572817802429,1.4356533288955688,0.08587238192558289,0.08589854836463928,0.793937087059021
210,model.layers.26.mlp.gate_proj.weight,8192,3072,0.0001220703125,0.0001406029041390866,3.454087972640991,0.00038567051524296403,0.1047447919845581,0.0007667072350159287,0.20110780000686646,0.2496744841337204,0.007057491224259138,0.564251184463501,1.5176236629486084,0.00012747100845444947,5.789946556091309,0.001192653551697731,0.010845483280718327,0.00055470917141065,0.2381136566400528,0.22207900881767273,0.009566365741193295,0.5060268640518188,1.5165226459503174,,,
210,model.layers.26.mlp.up_proj.weight,8192,3072,0.0001220703125,0.00012988041271455586,4.195030689239502,-0.00014347604883369058,0.13540153205394745,0.0010028008837252855,0.18885859847068787,0.2680037319660187,0.01284323912113905,0.5620360374450684,1.5146617889404297,0.00014184927567839622,6.439747333526611,0.00034247850999236107,0.010750907473266125,0.0008199098519980907,0.22872453927993774,0.23135285079479218,0.011600174009799957,0.49646779894828796,1.511491060256958,,,
210,model.layers.26.mlp.down_proj.weight,3072,8192,0.0001220703125,0.00010438942990731448,2.542053699493408,-0.00012720696395263076,0.16193485260009766,0.0006557505112141371,0.20059834420681,0.2829023599624634,0.01690075173974037,0.4868786633014679,1.434608817100525,0.00012651272118091583,7.169579029083252,0.0008415321353822947,0.010614389553666115,0.00026050175074487925,0.23332449793815613,0.25013238191604614,0.016337765380740166,0.5132090449333191,1.4511947631835938,0.07807556539773941,0.07873053103685379,0.8373838663101196
220,model.layers.1.self_attn.q_proj.weight,3072,3072,0.0003255208333333333,0.0004938633646816015,1.8752576112747192,-0.001163991866633296,0.04895854368805885,0.003111468628048897,0.19400611519813538,0.15614882111549377,0.011309167370200157,0.5238666534423828,1.4805877208709717,0.00042499398114159703,12.027687072753906,-0.002210249425843358,0.007126651704311371,0.0017193466192111373,0.41179612278938293,0.09637436270713806,0.022346273064613342,0.307964563369751,1.4416272640228271,0.08992668986320496,0.08359892666339874,0.7866922616958618
220,model.layers.1.self_attn.k_proj.weight,1024,3072,0.0003255208333333333,0.0006184405065141618,2.488234758377075,-0.0017827743431553245,0.04267387464642525,0.0012276062043383718,0.09755910187959671,0.1947145015001297,0.003996723331511021,0.8073625564575195,1.4689658880233765,0.0005920031690038741,9.604132652282715,-0.0032266038469970226,0.004118680953979492,0.0014593973755836487,0.31825876235961914,0.152005136013031,0.016532104462385178,0.4396502375602722,1.4274908304214478,,,
220,model.layers.1.self_attn.v_proj.weight,1024,3072,0.0003255208333333333,0.0001346994686173275,1.7551357746124268,0.0002551201614551246,0.24225255846977234,0.00011315062874928117,0.13784408569335938,0.3665912449359894,0.016206372529268265,0.5665951371192932,1.4483424425125122,0.0004920858191326261,10.117938041687012,0.00019030414114240557,0.004064639564603567,0.00024044277961365879,0.29099076986312866,0.19733022153377533,0.013744262047111988,0.4863484799861908,1.4380273818969727,,,
220,model.layers.1.self_attn.o_proj.weight,3072,3072,0.0003255208333333333,0.00033425059518776834,3.938016176223755,0.000254879763815552,0.13054302334785461,0.0004909533890895545,0.25293585658073425,0.22618648409843445,0.01610923558473587,0.484170138835907,1.4553182125091553,0.0003458028950262815,7.868201732635498,0.0008499078685417771,0.007028054445981979,0.0003911488747689873,0.23597052693367004,0.24322843551635742,0.015005041845142841,0.4804600477218628,1.4610595703125,,,
220,model.layers.14.self_attn.q_proj.weight,3072,3072,0.0003255208333333333,0.0003271181776653975,1.8206164836883545,-1.5887993868091144e-05,0.08693894743919373,0.0005454603233374655,0.1725578010082245,0.28160572052001953,0.006150385830551386,0.5589490532875061,1.495220422744751,0.0003697006613947451,7.598052978515625,0.0005282427882775664,0.006893872749060392,0.0007952270098030567,0.2662762701511383,0.19705533981323242,0.014035350643098354,0.49254754185676575,1.459763526916504,0.08404646813869476,0.0811036229133606,0.8070753216743469
220,model.layers.14.self_attn.k_proj.weight,1024,3072,0.0003255208333333333,0.0004199249669909477,3.6775693893432617,-3.478895814623684e-05,0.07164252549409866,0.0007744159665890038,0.20312201976776123,0.20607712864875793,0.0134733309969306,0.6553749442100525,1.4408609867095947,0.00042709361878223717,6.578121662139893,-0.0001403677015332505,0.004064813256263733,0.0011488195741549134,0.27335473895072937,0.18595194816589355,0.018152158707380295,0.5263047814369202,1.4134052991867065,,,
220,model.layers.14.self_attn.v_proj.weight,1024,3072,0.0003255208333333333,0.00033854765933938324,4.155957221984863,-0.0006555081345140934,0.1930961012840271,0.0003129243559669703,0.22165802121162415,0.26625728607177734,0.01145025622099638,0.536124587059021,1.444605827331543,0.0004133570473641157,5.786911964416504,0.0007522750529460609,0.0040563843213021755,0.00034128635888919234,0.27211132645606995,0.21335402131080627,0.010721875354647636,0.4766959547996521,1.450551986694336,,,
220,model.layers.14.self_attn.o_proj.weight,3072,3072,0.0003255208333333333,0.0003119563916698098,3.714324712753296,-0.0003304248966742307,0.1953859180212021,0.00020244742336217314,0.18833807110786438,0.275064617395401,0.048522524535655975,0.4373597800731659,1.4005714654922485,0.0003376461681909859,6.811318874359131,0.000734446628484875,0.006915894336998463,0.00023186068574432284,0.20215219259262085,0.27666857838630676,0.03637942299246788,0.4583224654197693,1.3751885890960693,,,
220,model.layers.26.self_attn.q_proj.weight,3072,3072,0.0003255208333333333,0.0003524112980812788,3.0353453159332275,-0.0006419710698537529,0.03692938759922981,0.001603849115781486,0.16943126916885376,0.26133739948272705,0.018104376271367073,0.6362714171409607,1.4537429809570312,0.0003211840521544218,8.315613746643066,8.336588507518172e-05,0.006520775146782398,0.0008365338435396552,0.2509496510028839,0.2098107784986496,0.014764713123440742,0.5088856220245361,1.4667506217956543,0.07007121294736862,0.0718030333518982,0.8592275381088257
220,model.layers.26.self_attn.k_proj.weight,1024,3072,0.0003255208333333333,0.00046091582044027746,4.435429573059082,-0.0010820499155670404,0.032952599227428436,0.0008438182412646711,0.20958265662193298,0.18711861968040466,0.015198837034404278,0.6563056111335754,1.4379469156265259,0.0004167399602010846,13.546590805053711,-0.002121041063219309,0.0037746988236904144,0.0012732765171676874,0.24976281821727753,0.19670306146144867,0.018161075189709663,0.5274125337600708,1.4137824773788452,,,
220,model.layers.26.self_attn.v_proj.weight,1024,3072,0.0003255208333333333,0.00024522680905647576,2.755011796951294,-0.00037213636096566916,0.034127507358789444,9.644940291764215e-05,0.17518512904644012,0.3308449685573578,0.016744093969464302,0.5383458137512207,1.4472966194152832,0.00034508894896134734,7.090978622436523,0.0011732795974239707,0.003468167269602418,0.00013536390906665474,0.23109932243824005,0.25709211826324463,0.014973332174122334,0.5048301219940186,1.4188014268875122,,,
220,model.layers.26.self_attn.o_proj.weight,3072,3072,0.0003255208333333333,0.00032758983434177935,4.0005693435668945,-0.00020647647033911198,0.04051780700683594,0.00014186286716721952,0.1675853431224823,0.3232784569263458,0.005133984610438347,0.5406128764152527,1.5060876607894897,0.00031955202575773,7.817898273468018,0.0012441828148439527,0.006141434423625469,0.00015358046221081167,0.1927894949913025,0.29387447237968445,0.006370623130351305,0.5319844484329224,1.4964838027954102,,,
220,model.layers.1.mlp.gate_proj.weight,8192,3072,0.0001220703125,0.0001663010334596038,5.666096210479736,-0.0001777409197529778,0.07752306014299393,0.0007305658073164523,0.23665742576122284,0.22450730204582214,0.009598902426660061,0.545752227306366,1.5135183334350586,0.00012653444719035178,16.34776496887207,0.00035042385570704937,0.011342532932758331,0.0003407412441447377,0.2758479118347168,0.20296384394168854,0.010895865969359875,0.49342378973960876,1.5129430294036865,,,
220,model.layers.1.mlp.up_proj.weight,8192,3072,0.0001220703125,0.00013269612099975348,5.159608840942383,0.00032625949825160205,0.09279215335845947,0.00013098740600980818,0.2628391683101654,0.21866336464881897,0.007359803654253483,0.5338498950004578,1.520021915435791,0.00012955020065419376,15.272750854492188,0.0004105502739548683,0.011317973025143147,0.00015522207831963897,0.28878045082092285,0.19920550286769867,0.010068363510072231,0.4930835962295532,1.5111114978790283,,,
220,model.layers.1.mlp.down_proj.weight,3072,8192,0.0001220703125,0.00013971039152238518,1.009334683418274,2.606103771540802e-05,1.1678470373153687,0.0009134632418863475,0.35446062684059143,0.1317048817873001,0.019100690260529518,0.436618447303772,1.4302036762237549,0.0001403036294505,24.724863052368164,0.00040810491191223264,0.011261857114732265,0.0005117920227348804,0.24417158961296082,0.23227524757385254,0.023672889918088913,0.49048101902008057,1.4199836254119873,0.06704829633235931,0.06649580597877502,0.6534795165061951
220,model.layers.14.mlp.gate_proj.weight,8192,3072,0.0001220703125,0.00011710365652106702,4.457807540893555,-0.00022601372620556504,0.10842930525541306,0.0009061276796273887,0.20574858784675598,0.24081861972808838,0.008327172137796879,0.5533343553543091,1.5215303897857666,0.00012556622095871717,7.897481918334961,0.0008697180892340839,0.010946331545710564,0.0005764904781244695,0.25041821599006653,0.21769526600837708,0.010747565887868404,0.4956899583339691,1.5094780921936035,,,
220,model.layers.14.mlp.up_proj.weight,8192,3072,0.0001220703125,0.0001388555101584643,3.6208086013793945,-0.00026090111350640655,0.1466764658689499,0.0007088308339007199,0.23127931356430054,0.2306673526763916,0.009971773251891136,0.5032842755317688,1.5113602876663208,0.00014386088878381997,7.18226957321167,0.001148765324614942,0.011078914627432823,0.0004255199455656111,0.2660064697265625,0.20879657566547394,0.01016254536807537,0.48135286569595337,1.5095767974853516,,,
220,model.layers.14.mlp.down_proj.weight,3072,8192,0.0001220703125,0.0001325131015619263,5.157698631286621,-0.00024191755801439285,0.16162294149398804,0.00042851638863794506,0.21546688675880432,0.263865202665329,0.034014202654361725,0.5014408230781555,1.3924328088760376,0.00014220841694623232,8.442602157592773,0.0012206037063151598,0.011122777126729488,0.0004940452054142952,0.23641495406627655,0.24193470180034637,0.03212136775255203,0.5090485215187073,1.41545832157135,0.07087633013725281,0.07283228635787964,0.8713177442550659
220,model.layers.26.mlp.gate_proj.weight,8192,3072,0.0001220703125,0.00017658514843787998,3.6823983192443848,-0.0006018962594680488,0.06255150586366653,0.0011381865479052067,0.19740509986877441,0.2404237687587738,0.008836808614432812,0.536218523979187,1.5183165073394775,0.00014120024570729584,9.353536605834961,0.0021215982269495726,0.00947518553584814,0.000862705463077873,0.2375113070011139,0.21879716217517853,0.010897059924900532,0.4946800470352173,1.5137752294540405,,,
220,model.layers.26.mlp.up_proj.weight,8192,3072,0.0001220703125,9.671378211351112e-05,3.6947531700134277,-0.0009483585017733276,0.09950034320354462,0.001127775525674224,0.14213381707668304,0.31013238430023193,0.010937576182186604,0.648764431476593,1.5248160362243652,0.0001299173745792359,9.249550819396973,0.0008095386438071728,0.009682890959084034,0.0007149578304961324,0.22120995819568634,0.2342851608991623,0.010809210129082203,0.501794159412384,1.5141377449035645,,,
220,model.layers.26.mlp.down_proj.weight,3072,8192,0.0001220703125,0.00010457984171807766,1.8152000904083252,-0.0010225839214399457,0.09806204587221146,0.00047071484732441604,0.14081868529319763,0.346394419670105,0.012820535339415073,0.5577778220176697,1.4630321264266968,0.0001311322848778218,7.150249004364014,0.0014633924001827836,0.009951130487024784,0.00043481658212840557,0.2113693207502365,0.2700028121471405,0.018293587490916252,0.5528249144554138,1.4489407539367676,0.07789639383554459,0.07513406872749329,0.8687255382537842
230,model.layers.1.self_attn.q_proj.weight,3072,3072,0.0003255208333333333,0.00027363855042494833,2.6318376064300537,-0.0003086244687438011,0.05788155272603035,0.001300953677855432,0.18501713871955872,0.2011122852563858,0.0071839806623756886,0.5734426379203796,1.4842451810836792,0.0004280756402295083,15.169407844543457,-0.001547565101645887,0.006760162767022848,0.0017509999452158809,0.4034005105495453,0.1011754646897316,0.021362626925110817,0.3067726194858551,1.4466450214385986,0.08022277802228928,0.0794585570693016,0.7648597359657288
230,model.layers.1.self_attn.k_proj.weight,1024,3072,0.0003255208333333333,0.0003779387625399977,2.4264657497406006,-0.0005485503934323788,0.043696556240320206,0.0011782642686739564,0.09322485327720642,0.2069316953420639,0.0040997411124408245,0.8155535459518433,1.4814441204071045,0.0005300488555803895,8.902020454406738,-0.002023435430601239,0.0038585264701396227,0.0013872123090550303,0.3113485276699066,0.1523759812116623,0.014303790405392647,0.4517448842525482,1.4399079084396362,,,
230,model.layers.1.self_attn.v_proj.weight,1024,3072,0.0003255208333333333,0.00014779545017518103,1.9385045766830444,6.313357880571857e-05,0.3042778968811035,0.00010235844820272177,0.14176198840141296,0.36413583159446716,0.014438262209296227,0.5721766948699951,1.4520758390426636,0.0004778183938469738,11.776264190673828,0.0004979402292519808,0.0038499280344694853,0.00021987356012687087,0.2907482981681824,0.1954100877046585,0.013446028344333172,0.4855661988258362,1.4418963193893433,,,
230,model.layers.1.self_attn.o_proj.weight,3072,3072,0.0003255208333333333,0.0003318644594401121,3.2887210845947266,5.8824582083616406e-05,0.17689138650894165,0.0005263896309770644,0.24667993187904358,0.23315151035785675,0.01743769831955433,0.5018298625946045,1.435551404953003,0.00034669286105781794,7.9936347007751465,0.0006710473098792136,0.0068241264671087265,0.00046239153016358614,0.23386844992637634,0.2447631061077118,0.016257435083389282,0.48672062158584595,1.4589505195617676,,,
230,model.layers.14.self_attn.q_proj.weight,3072,3072,0.0003255208333333333,0.00041200118721462786,4.343394756317139,-0.0013255252270027995,0.10096122324466705,0.0010103265522047877,0.17120280861854553,0.278755247592926,0.011055073700845242,0.5910081267356873,1.4821341037750244,0.00038569304160773754,13.567222595214844,0.0021197895985096693,0.006874603219330311,0.0008046526345424354,0.27072280645370483,0.1951846033334732,0.013724442571401596,0.4884437322616577,1.4645729064941406,0.07220790535211563,0.07398315519094467,0.8524245619773865
230,model.layers.14.self_attn.k_proj.weight,1024,3072,0.0003255208333333333,0.00047096150228753686,6.153801918029785,-0.002149523003026843,0.09106867760419846,0.0013344031758606434,0.2050139605998993,0.2056674212217331,0.01346691232174635,0.6400257349014282,1.4349645376205444,0.0004753266694024205,21.127138137817383,0.0023506158031523228,0.0039189658127725124,0.0009439833229407668,0.2822425067424774,0.18051809072494507,0.018075015395879745,0.5110376477241516,1.402372121810913,,,
230,model.layers.14.self_attn.v_proj.weight,1024,3072,0.0003255208333333333,0.0003601954667828977,3.195479154586792,-0.001070826081559062,0.3051481544971466,8.004577830433846e-05,0.24832023680210114,0.24346782267093658,0.008255030028522015,0.5076252818107605,1.436727523803711,0.0004452632274478674,9.826125144958496,0.0026739644818007946,0.003958345856517553,0.00038244534516707063,0.28249454498291016,0.20757383108139038,0.012586167082190514,0.4646127223968506,1.4483908414840698,,,
230,model.layers.14.self_attn.o_proj.weight,3072,3072,0.0003255208333333333,0.0003303985868114978,2.8434360027313232,-0.0005560739082284272,0.29979100823402405,0.0001589445600984618,0.245230570435524,0.23892705142498016,0.030143029987812042,0.43941396474838257,1.3968753814697266,0.0003303299017716199,11.060133934020996,0.0017531393095850945,0.006830384489148855,0.00027760217199102044,0.19669395685195923,0.27391743659973145,0.035321127623319626,0.4456566572189331,1.3995295763015747,,,
230,model.layers.26.self_attn.q_proj.weight,3072,3072,0.0003255208333333333,0.00037382665323093534,2.3979854583740234,0.0010322805028408766,0.04732313007116318,0.0017316058510914445,0.16955038905143738,0.2686780095100403,0.015390748158097267,0.6382126808166504,1.4475406408309937,0.00033601996256038547,8.137250900268555,8.446822903351858e-05,0.006787661928683519,0.001074517611414194,0.24569104611873627,0.21417510509490967,0.017133956775069237,0.5079181790351868,1.4490296840667725,0.0831725150346756,0.07814732939004898,0.8255927562713623
230,model.layers.26.self_attn.k_proj.weight,1024,3072,0.0003255208333333333,0.0006148034008219838,3.168771982192993,0.0020333598367869854,0.03643767908215523,0.0009889103239402175,0.19011996686458588,0.18003785610198975,0.009974579326808453,0.6835488080978394,1.445860743522644,0.0004298271087463945,9.090069770812988,-0.0016548419371247292,0.0040130410343408585,0.0012377388775348663,0.24179990589618683,0.19911815226078033,0.016458764672279358,0.5377691388130188,1.419253945350647,,,
230,model.layers.26.self_attn.v_proj.weight,1024,3072,0.0003255208333333333,0.0002181845047743991,2.3463294506073,0.00036031275521963835,0.04473955184221268,8.288577373605222e-05,0.18246330320835114,0.33164748549461365,0.01461317390203476,0.5157370567321777,1.4278743267059326,0.00036203645868226886,5.700364112854004,-0.00023302642512135208,0.003787840250879526,0.00015066165360622108,0.22660335898399353,0.26157838106155396,0.014806695282459259,0.5038444995880127,1.4349946975708008,,,
230,model.layers.26.self_attn.o_proj.weight,3072,3072,0.0003255208333333333,0.0003488666843622923,2.9936797618865967,0.0002145166217815131,0.04902918264269829,0.00020191165094729513,0.14609409868717194,0.3427821695804596,0.005944332107901573,0.5373518466949463,1.500502347946167,0.00033117219572886825,6.7679877281188965,-0.00016614697233308107,0.006500318646430969,0.00022144100512377918,0.18883591890335083,0.2954901158809662,0.007091843988746405,0.5360093712806702,1.4963788986206055,,,
230,model.layers.1.mlp.gate_proj.weight,8192,3072,0.0001220703125,0.00013988633872941136,4.351835250854492,-7.845121581340209e-05,0.11013846099376678,0.0004437883326318115,0.19457589089870453,0.2580229938030243,0.008892608806490898,0.6331167817115784,1.5150212049484253,0.00011963421275140718,17.46784782409668,0.0002698549360502511,0.011371200904250145,0.0003100915637332946,0.27454066276550293,0.2031596601009369,0.01078788097947836,0.4955857992172241,1.5085731744766235,,,
230,model.layers.1.mlp.up_proj.weight,8192,3072,0.0001220703125,0.00014987180475145578,4.1493682861328125,-0.00019653578056022525,0.1257554441690445,0.00018106754578184336,0.23242393136024475,0.2424742579460144,0.0072235544212162495,0.583736002445221,1.5218178033828735,0.00012892002996522933,15.738556861877441,0.0006074400153011084,0.011375043541193008,0.0001674946106504649,0.2882210910320282,0.19989407062530518,0.010257708840072155,0.4933270514011383,1.5082745552062988,,,
230,model.layers.1.mlp.down_proj.weight,3072,8192,0.0001220703125,0.00015760953829158098,1.0096017122268677,-1.6286012396449223e-05,1.5287904739379883,0.0014875042252242565,0.3542037904262543,0.12858839333057404,0.030885208398103714,0.4250291883945465,1.4089229106903076,0.00014486922009382397,17.50383758544922,0.0005563877057284117,0.01136063877493143,0.0006357260281220078,0.2487742304801941,0.22743745148181915,0.025386588647961617,0.4822579622268677,1.4085214138031006,0.0706595778465271,0.06947240233421326,0.6376486420631409
230,model.layers.14.mlp.gate_proj.weight,8192,3072,0.0001220703125,0.00012619314657058567,2.8622708320617676,0.00018084331532008946,0.18274913728237152,0.00036145441117696464,0.20731885731220245,0.2466854602098465,0.005157520063221455,0.5551452040672302,1.5264252424240112,0.00012146317749284208,12.209733009338379,0.0009162374190054834,0.010871171951293945,0.0005813409225083888,0.24939994513988495,0.2183135598897934,0.01058571320027113,0.49850165843963623,1.5129303932189941,,,
230,model.layers.14.mlp.up_proj.weight,8192,3072,0.0001220703125,0.00015642870857845992,3.728848457336426,0.00029357761377468705,0.2053600400686264,0.0005925333243794739,0.23876899480819702,0.2267654836177826,0.011217566207051277,0.49472740292549133,1.5123122930526733,0.00013467260578181595,11.060331344604492,0.0011206846684217453,0.010771756060421467,0.0005322381621226668,0.2659960389137268,0.2053624838590622,0.01001786533743143,0.4797345697879791,1.5124268531799316,,,
230,model.layers.14.mlp.down_proj.weight,3072,8192,0.0001220703125,0.0001423902140231803,2.985062837600708,0.0002650415990501642,0.2350960671901703,0.0004443021316546947,0.24253395199775696,0.23660625517368317,0.041580114513635635,0.4868461787700653,1.3697022199630737,0.0001378709712298587,13.803770065307617,0.0012414264492690563,0.010866411030292511,0.0005639401497319341,0.24028809368610382,0.234700009226799,0.03871465474367142,0.4961971044540405,1.3840645551681519,0.07081333547830582,0.07421449571847916,0.8588053584098816
230,model.layers.26.mlp.gate_proj.weight,8192,3072,0.0001220703125,0.00014739317703060806,2.3770735263824463,0.0008907479350455105,0.09005947411060333,0.0008188706706278026,0.22684477269649506,0.22234174609184265,0.00811521802097559,0.5002278685569763,1.5125962495803833,0.00015019706916064024,7.63853120803833,0.0008711915579624474,0.010288573801517487,0.0007988574798218906,0.23663224279880524,0.22109867632389069,0.010648085735738277,0.4944826066493988,1.5136420726776123,,,
230,model.layers.26.mlp.up_proj.weight,8192,3072,0.0001220703125,0.00014167040353640914,4.207090377807617,0.0005136057152412832,0.10890691727399826,0.0011005846317857504,0.18447960913181305,0.2670685946941376,0.010531621053814888,0.5796390771865845,1.5229110717773438,0.00012149073154432699,8.499614715576172,-0.0002945330925285816,0.010477794334292412,0.0006135186995379627,0.22514088451862335,0.2319115549325943,0.01099911518394947,0.49750766158103943,1.5094050168991089,,,
230,model.layers.26.mlp.down_proj.weight,3072,8192,0.0001220703125,0.00010867322998819873,2.1862964630126953,0.000475659646326676,0.1242973580956459,0.0004244646115694195,0.2119884490966797,0.2779671847820282,0.01389317587018013,0.49310389161109924,1.4578131437301636,0.00013870051770936698,6.778262615203857,0.0005807740963064134,0.010709619149565697,0.0005097519606351852,0.2103819102048874,0.269798219203949,0.016700387001037598,0.5563964247703552,1.46122145652771,0.07978834956884384,0.08107345551252365,0.832596480846405
240,model.layers.1.self_attn.q_proj.weight,3072,3072,0.0003255208333333333,0.0003229611611459404,2.61128568649292,-0.0011249763192608953,0.030283024534583092,0.0017069376772269607,0.21696235239505768,0.19312246143817902,0.009808852337300777,0.522711455821991,1.4809904098510742,0.0003898186841979623,9.446209907531738,0.0009999480098485947,0.006971752271056175,0.0017122903373092413,0.3965146541595459,0.09794832766056061,0.020172586664557457,0.31063681840896606,1.4474339485168457,0.06687657535076141,0.06782463937997818,0.8032985329627991
240,model.layers.1.self_attn.k_proj.weight,1024,3072,0.0003255208333333333,0.000379433884518221,2.7096078395843506,-0.0016779786674305797,0.02709825150668621,0.001085000461898744,0.12330740690231323,0.19096718728542328,0.00477606849744916,0.7612215876579285,1.474003553390503,0.0005957823595963418,9.111796379089355,0.00037681576213799417,0.004220335744321346,0.0008979672566056252,0.3034931719303131,0.14536072313785553,0.012513743713498116,0.4615769386291504,1.449146032333374,,,
240,model.layers.1.self_attn.v_proj.weight,1024,3072,0.0003255208333333333,0.00012061493907822296,1.6886276006698608,2.522937393223401e-05,0.19303567707538605,9.268048597732559e-05,0.13929472863674164,0.35948246717453003,0.01482420600950718,0.5491685271263123,1.4404890537261963,0.00048271543346345425,9.92829418182373,0.00012654050078708678,0.004059027414768934,0.00025334794190712273,0.2989690601825714,0.18966133892536163,0.014328963123261929,0.46819189190864563,1.4386178255081177,,,
240,model.layers.1.self_attn.o_proj.weight,3072,3072,0.0003255208333333333,0.00032795642619021237,4.4801154136657715,2.8826945708715357e-05,0.09871354699134827,0.0005399566143751144,0.24638454616069794,0.22855353355407715,0.01629764214158058,0.4759046733379364,1.4502496719360352,0.00033685783273540437,7.7560930252075195,0.0010560672963038087,0.007006549276411533,0.0006072065443731844,0.23650996387004852,0.24154537916183472,0.017259463667869568,0.4802693724632263,1.4532349109649658,,,
240,model.layers.14.self_attn.q_proj.weight,3072,3072,0.0003255208333333333,0.0003326634468976408,3.2311553955078125,-0.0005852371687069535,0.06271961331367493,0.0009342838311567903,0.15189476311206818,0.29551008343696594,0.008198711089789867,0.6200485825538635,1.493560791015625,0.0003564782964531332,11.786670684814453,0.0020808137487620115,0.006743652280420065,0.0008905865834094584,0.26638537645339966,0.19775472581386566,0.014180546626448631,0.4899318218231201,1.4572337865829468,0.06843837350606918,0.07313096523284912,0.884727418422699
240,model.layers.14.self_attn.k_proj.weight,1024,3072,0.0003255208333333333,0.0003827256732620299,5.704914093017578,-0.0010974524775519967,0.049104806035757065,0.0014012624742463231,0.1826935112476349,0.2009057253599167,0.012351330369710922,0.6895488500595093,1.439508318901062,0.000497677770908922,15.095476150512695,0.0030430348124355078,0.0038529543671756983,0.00132513209246099,0.27939313650131226,0.17403490841388702,0.018372097983956337,0.51447594165802,1.4012575149536133,,,
240,model.layers.14.self_attn.v_proj.weight,1024,3072,0.0003255208333333333,0.0002869672607630491,3.301438093185425,9.975855937227607e-05,0.14196160435676575,0.0005447741132229567,0.19843606650829315,0.28300634026527405,0.025580281391739845,0.5351367592811584,1.419085144996643,0.00040630472358316183,10.313812255859375,0.0027614429127424955,0.0037087195087224245,0.00046996711171232164,0.26922696828842163,0.21778474748134613,0.01390836201608181,0.4798252582550049,1.4194705486297607,,,
240,model.layers.14.self_attn.o_proj.weight,3072,3072,0.0003255208333333333,0.0002988990454468876,4.499659538269043,5.09744459122885e-05,0.14426930248737335,0.00025802338495850563,0.14890466630458832,0.31239041686058044,0.050847042351961136,0.4570792019367218,1.369477391242981,0.0003164842783007771,9.922572135925293,0.0017845138208940625,0.006532086059451103,0.00028100438066758215,0.18532495200634003,0.28123924136161804,0.03791160136461258,0.44857507944107056,1.3673077821731567,,,
240,model.layers.26.self_attn.q_proj.weight,3072,3072,0.0003255208333333333,0.0003723856352735311,3.4395294189453125,8.062218694249168e-05,0.030313370749354362,0.0017968417378142476,0.15876621007919312,0.2796293795108795,0.01820678450167179,0.6387336850166321,1.4538317918777466,0.0003413599042687565,9.168387413024902,-0.0002914862416218966,0.006800015456974506,0.0012256600894033909,0.23877495527267456,0.22012478113174438,0.017811888828873634,0.5212079882621765,1.4513980150222778,0.07424205541610718,0.0711965337395668,0.8584446907043457
240,model.layers.26.self_attn.k_proj.weight,1024,3072,0.0003255208333333333,0.0004883652436546981,4.4943528175354,0.00013337303244043142,0.02688080072402954,0.0013652744237333536,0.1891118288040161,0.1944245994091034,0.013889036141335964,0.6904099583625793,1.4423658847808838,0.0003885968471877277,13.031485557556152,-0.0014093371573835611,0.0038183184806257486,0.000948627304751426,0.2364702671766281,0.2066097855567932,0.01712828129529953,0.5431952476501465,1.4131044149398804,,,
240,model.layers.26.self_attn.v_proj.weight,1024,3072,0.0003255208333333333,0.00024113606195896864,2.4893243312835693,0.0011381012154743075,0.03310011327266693,0.00022561813239008188,0.15133079886436462,0.3529052436351776,0.034585803747177124,0.5624904632568359,1.4140872955322266,0.0003586819802876562,6.128522872924805,0.00010718325938796625,0.0039732446894049644,0.00021366882720030844,0.2200274020433426,0.26927199959754944,0.014788235537707806,0.5172516107559204,1.4316352605819702,,,
240,model.layers.26.self_attn.o_proj.weight,3072,3072,0.0003255208333333333,0.0003600639174692333,3.2772178649902344,0.000696581497322768,0.035330962389707565,0.00018806819571182132,0.14868147671222687,0.34853610396385193,0.004737191367894411,0.5945760011672974,1.5098645687103271,0.000355783908162266,7.0783281326293945,0.0009938107104972005,0.00686000008136034,0.00020016267080791295,0.1904071718454361,0.2962840795516968,0.00595932686701417,0.5344720482826233,1.5037240982055664,,,
240,model.layers.1.mlp.gate_proj.weight,8192,3072,0.0001220703125,0.00013205733557697386,4.771978855133057,0.0009964299388229847,0.06109776347875595,0.0004929532879032195,0.2366192489862442,0.22633685171604156,0.011137758381664753,0.5479485392570496,1.5060615539550781,0.00012822433200199157,19.050825119018555,0.0008022921974770725,0.011549157090485096,0.00042969314381480217,0.27538225054740906,0.20253129303455353,0.011233856901526451,0.4950889050960541,1.5111685991287231,,,
240,model.layers.1.mlp.up_proj.weight,8192,3072,0.0001220703125,0.00014365870447363704,4.732920169830322,0.0009209020063281059,0.07333944737911224,0.00014449145237449557,0.26246336102485657,0.220027357339859,0.0063033862970769405,0.5342613458633423,1.5227947235107422,0.00012920594599563628,17.883352279663086,0.0008914241334423423,0.01152266189455986,0.00017082745034713298,0.28980323672294617,0.19865882396697998,0.009735639207065105,0.49270936846733093,1.515939712524414,,,
240,model.layers.1.mlp.down_proj.weight,3072,8192,0.0001220703125,0.0001571288303239271,1.0070576667785645,6.419114652089775e-05,1.0567879676818848,0.0011513879289850593,0.35313647985458374,0.13087323307991028,0.023745689541101456,0.43408897519111633,1.4164437055587769,0.0001466887042624876,28.70380210876465,0.0006643299129791558,0.011462153866887093,0.0008307784446515143,0.24947711825370789,0.22715754806995392,0.02466966025531292,0.4809158444404602,1.4117755889892578,0.07200296968221664,0.07227584719657898,0.6606760621070862
240,model.layers.14.mlp.gate_proj.weight,8192,3072,0.0001220703125,0.0001176678342744708,5.181830406188965,0.00017576961545273662,0.0898905023932457,0.0014840420335531235,0.2035900354385376,0.23780237138271332,0.009662110358476639,0.552375853061676,1.5219608545303345,0.0001292669039685279,12.908134460449219,0.0010077852057293057,0.010766640305519104,0.0004892258439213037,0.2519173324108124,0.2156105637550354,0.010119987651705742,0.4983002245426178,1.5171540975570679,,,
240,model.layers.14.mlp.up_proj.weight,8192,3072,0.0001220703125,0.00013171590398997068,5.098484516143799,-4.0326023736270145e-05,0.11319339275360107,0.0009489309159107506,0.22058984637260437,0.23239892721176147,0.01126224547624588,0.5052359700202942,1.5102512836456299,0.00013423174095805734,12.058085441589355,0.0012901752488687634,0.010564041323959827,0.0006265741540119052,0.26638665795326233,0.20288479328155518,0.010927834548056126,0.4802732765674591,1.5093963146209717,,,
240,model.layers.14.mlp.down_proj.weight,3072,8192,0.0001220703125,0.00013104746176395565,7.982670307159424,-3.8366437365766615e-05,0.11996833980083466,0.0007646878948435187,0.20105992257595062,0.2684395909309387,0.0564037561416626,0.5143764019012451,1.3336215019226074,0.00014627078780904412,15.704118728637695,0.0013137786881998181,0.010716021060943604,0.000688629865180701,0.23469491302967072,0.23760131001472473,0.04423221945762634,0.4975983798503876,1.3349717855453491,0.06377241015434265,0.06793199479579926,0.9091298580169678
240,model.layers.26.mlp.gate_proj.weight,8192,3072,0.0001220703125,0.00014029735757503659,3.7138490676879883,0.00016512219735886902,0.06047791242599487,0.0006893071113154292,0.17962323129177094,0.25717008113861084,0.007149034645408392,0.584400475025177,1.5176951885223389,0.00014905168791301548,9.619373321533203,0.0012800924014300108,0.010693833231925964,0.0010268663754686713,0.237116739153862,0.2185160368680954,0.011584709398448467,0.4953637719154358,1.5111362934112549,,,
240,model.layers.26.mlp.up_proj.weight,8192,3072,0.0001220703125,9.98808754957281e-05,3.401097059249878,-0.00015270682342816144,0.08465909957885742,0.001223091734573245,0.14760448038578033,0.29840409755706787,0.01052983570843935,0.6365838050842285,1.524404525756836,0.00012162158964201808,8.856721878051758,9.307510481448844e-05,0.011021750047802925,0.00083106046076864,0.22416234016418457,0.23249831795692444,0.01123840268701315,0.4983409643173218,1.5123646259307861,,,
240,model.layers.26.mlp.down_proj.weight,3072,8192,0.0001220703125,0.0001032935397233814,1.6919058561325073,-0.00014914010534994304,0.09245726466178894,0.00077390595106408,0.11372487992048264,0.3946925401687622,0.014418169856071472,0.625035285949707,1.4607276916503906,0.00012606679229065776,6.547330856323242,0.0005691892001777887,0.011326808482408524,0.0003004352329298854,0.21008016169071198,0.270489364862442,0.01737147942185402,0.5550730228424072,1.4484961032867432,0.07691209018230438,0.0718751773238182,0.8522839546203613
250,model.layers.1.self_attn.q_proj.weight,3072,3072,0.0003255208333333333,0.0002717259048949927,2.739673376083374,0.0005413384642452002,0.03518737107515335,0.0026978515088558197,0.17991183698177338,0.18882785737514496,0.009705884382128716,0.5790390372276306,1.4808175563812256,0.00040115328738465905,10.959123611450195,0.0016766749322414398,0.006719981785863638,0.0014915461651980877,0.39917415380477905,0.10569141060113907,0.022161658853292465,0.31313595175743103,1.4380698204040527,0.0692862793803215,0.07105451077222824,0.8239873647689819
250,model.layers.1.self_attn.k_proj.weight,1024,3072,0.0003255208333333333,0.00033558913855813444,2.809447765350342,0.0008834452019073069,0.028685210272669792,0.0006813611835241318,0.09820885211229324,0.18775497376918793,0.004458609502762556,0.8051684498786926,1.4715877771377563,0.0006028380012139678,9.04826831817627,-0.00045657105511054397,0.0038983605336397886,0.00065869081299752,0.30888426303863525,0.15883347392082214,0.013330183923244476,0.45527181029319763,1.4432363510131836,,,
250,model.layers.1.self_attn.v_proj.weight,1024,3072,0.0003255208333333333,0.00014324116636998951,1.6476752758026123,-7.732034282526001e-05,0.19966061413288116,7.844104402465746e-05,0.13437756896018982,0.37402769923210144,0.013015802949666977,0.5693088173866272,1.4460972547531128,0.000501862436067313,8.563084602355957,0.0003560722107067704,0.003982767462730408,0.00023022957611829042,0.2932218313217163,0.1951376050710678,0.01243082620203495,0.47723400592803955,1.450440764427185,,,
250,model.layers.1.self_attn.o_proj.weight,3072,3072,0.0003255208333333333,0.00034312671050429344,6.641476631164551,-8.622165478300303e-05,0.10122274607419968,0.0006768385064788163,0.24286465346813202,0.23158583045005798,0.019379885867238045,0.48403382301330566,1.4412413835525513,0.00032278275466524065,7.828729629516602,0.0014095158549025655,0.006818112917244434,0.0003645948600023985,0.23657414317131042,0.2440858632326126,0.015392390079796314,0.4843144714832306,1.4595839977264404,,,
250,model.layers.14.self_attn.q_proj.weight,3072,3072,0.0003255208333333333,0.0003481572784949094,3.956080198287964,-0.00041763344779610634,0.08098949491977692,0.0008456009672954679,0.158116415143013,0.29371798038482666,0.008608669973909855,0.6050328016281128,1.4935344457626343,0.00037569133564829826,10.615220069885254,0.0015400901902467012,0.00707702012732625,0.0012410166673362255,0.2676748037338257,0.19495396316051483,0.016112321987748146,0.4880039393901825,1.4584003686904907,0.06859418004751205,0.06945953518152237,0.8786714673042297
250,model.layers.14.self_attn.k_proj.weight,1024,3072,0.0003255208333333333,0.00041815146687440574,5.804171562194824,-0.0007845736108720303,0.06317739188671112,0.0008937731618061662,0.19426773488521576,0.19243477284908295,0.011990168131887913,0.6717275381088257,1.434038758277893,0.0005123379523865879,14.566882133483887,0.0036420305259525776,0.004088107030838728,0.001212374772876501,0.2896485924720764,0.169193834066391,0.019765017554163933,0.4978685677051544,1.4067827463150024,,,
250,model.layers.14.self_attn.v_proj.weight,1024,3072,0.0003255208333333333,0.00029846534016542137,3.9101431369781494,0.0001183526183012873,0.17960557341575623,0.0003123693459201604,0.2042662650346756,0.28205257654190063,0.01789579913020134,0.5400230884552002,1.4217374324798584,0.0004495156754273921,10.545942306518555,0.002199406735599041,0.003955435939133167,0.00024679081980139017,0.2785065770149231,0.21112829446792603,0.010887585580348969,0.46532025933265686,1.4526691436767578,,,
250,model.layers.14.self_attn.o_proj.weight,3072,3072,0.0003255208333333333,0.000299724837532267,4.230001926422119,5.977552791591734e-05,0.18572771549224854,0.0002471537736710161,0.14487983286380768,0.31310075521469116,0.046246930956840515,0.4534936547279358,1.3667116165161133,0.0003079790039919317,9.322834968566895,0.0015411502681672573,0.006903117056936026,0.00023570864868815988,0.19670939445495605,0.2724156379699707,0.03405386209487915,0.44517460465431213,1.3850994110107422,,,
250,model.layers.26.self_attn.q_proj.weight,3072,3072,0.0003255208333333333,0.0003226662229280919,2.76743483543396,0.0006279027438722551,0.0348605178296566,0.0013937519397586584,0.15045011043548584,0.27997466921806335,0.016682442277669907,0.6660113334655762,1.443052053451538,0.0003585699596442282,7.917263031005859,0.000843886926304549,0.006717958487570286,0.001517966389656067,0.24849537014961243,0.20899011194705963,0.01880069263279438,0.5048468708992004,1.4492982625961304,0.07193822413682938,0.07231631875038147,0.8472353219985962
250,model.layers.26.self_attn.k_proj.weight,1024,3072,0.0003255208333333333,0.00045505311572924256,3.723313570022583,0.0010406911605969071,0.03239395469427109,0.0004851441481150687,0.1937122941017151,0.1981571614742279,0.008922459557652473,0.6842868328094482,1.4474279880523682,0.000430926593253389,12.784136772155762,-0.00022571705630980432,0.004028076771646738,0.0011947312159463763,0.251041442155838,0.19552545249462128,0.018439017236232758,0.5194800496101379,1.4063341617584229,,,
250,model.layers.26.self_attn.v_proj.weight,1024,3072,0.0003255208333333333,0.00027863445575349033,2.0055081844329834,-0.0005131573416292667,0.043361734598875046,0.0004006018571089953,0.1320280283689499,0.3597937524318695,0.08686389029026031,0.554405689239502,1.407539963722229,0.00033860502298921347,5.948956489562988,0.0004121042729821056,0.0038723081815987825,0.00013007392408326268,0.23815114796161652,0.24925927817821503,0.018727080896496773,0.4835692048072815,1.4415339231491089,,,
250,model.layers.26.self_attn.o_proj.weight,3072,3072,0.0003255208333333333,0.0004156012728344649,3.4782588481903076,-0.00036211797851137817,0.04005403816699982,0.000839634332805872,0.1578512340784073,0.32764628529548645,0.011661655269563198,0.5579838752746582,1.5006996393203735,0.00034922041231766343,8.209790229797363,0.0009851828217506409,0.006550362799316645,0.00018836153321899474,0.1891927719116211,0.2969825565814972,0.006781319621950388,0.5369310975074768,1.5003671646118164,,,
250,model.layers.1.mlp.gate_proj.weight,8192,3072,0.0001220703125,0.0001408539101248607,10.862567901611328,-0.00031018166919238865,0.06429920345544815,0.0003771697520278394,0.2251773476600647,0.23130837082862854,0.009503191336989403,0.5676344037055969,1.511531114578247,0.00012735622294712812,6.334550380706787,0.0007682689465582371,0.011552813462913036,0.00035606749588623643,0.2733595371246338,0.2031746208667755,0.010494034737348557,0.49796539545059204,1.509979248046875,,,
250,model.layers.1.mlp.up_proj.weight,8192,3072,0.0001220703125,0.0001337139547104016,10.608036994934082,-0.0001371763355564326,0.07561365514993668,0.00018256812472827733,0.25903603434562683,0.22024595737457275,0.008045057766139507,0.5378211140632629,1.516463279724121,0.00012139704631408677,6.192478179931641,0.0009755858918651938,0.01157982088625431,0.00021324503177311271,0.2863953411579132,0.19885796308517456,0.009863603860139847,0.49241581559181213,1.5119638442993164,,,
250,model.layers.1.mlp.down_proj.weight,3072,8192,0.0001220703125,0.00015691929729655385,1.0057132244110107,-8.411903763771988e-06,1.2155492305755615,0.0015630591660737991,0.35430824756622314,0.12758256494998932,0.032551899552345276,0.42401111125946045,1.3970880508422852,0.0001442830980522558,6.66450309753418,0.0010214403737336397,0.011589071713387966,0.0007251946371980011,0.2519401013851166,0.22598935663700104,0.023606237024068832,0.47808676958084106,1.4070738554000854,0.07009706646203995,0.07228714972734451,0.6764013171195984
250,model.layers.14.mlp.gate_proj.weight,8192,3072,0.0001220703125,0.00010951427248073742,4.582854270935059,-0.00025261600967496634,0.11229173839092255,0.0006649771239608526,0.20215941965579987,0.24122098088264465,0.007182923145592213,0.5625537037849426,1.5266371965408325,0.0001238192489836365,11.592035293579102,0.0009691033628769219,0.011274688877165318,0.0005689457757398486,0.25431567430496216,0.21525892615318298,0.01045317854732275,0.49544861912727356,1.5129461288452148,,,
250,model.layers.14.mlp.up_proj.weight,8192,3072,0.0001220703125,0.0001382571499561891,4.565405368804932,-0.00026590589550323784,0.1427791714668274,0.0008843122632242739,0.22443018853664398,0.23127011954784393,0.009967893362045288,0.5028437972068787,1.5157337188720703,0.0001399126194883138,8.095535278320312,0.0007711643120273948,0.011340735480189323,0.0004826338845305145,0.27185818552970886,0.20288066565990448,0.010212470777332783,0.47374242544174194,1.508486032485962,,,
250,model.layers.14.mlp.down_proj.weight,3072,8192,0.0001220703125,0.0001309517683694139,6.493642330169678,-0.00025100482162088156,0.15416046977043152,0.00051051628543064,0.20712228119373322,0.26895833015441895,0.045319780707359314,0.5101631283760071,1.3609368801116943,0.0001388613454764709,9.076726913452148,0.0009467581403441727,0.011302905157208443,0.00045147162745706737,0.2457038164138794,0.23098133504390717,0.03693791851401329,0.4837525188922882,1.389024257659912,0.06948724389076233,0.06889118999242783,0.9084081649780273
250,model.layers.26.mlp.gate_proj.weight,8192,3072,0.0001220703125,0.00015784335846547037,3.638911247253418,0.0009852045914158225,0.06924004852771759,0.0007204101420938969,0.17725598812103271,0.2652284502983093,0.007694221567362547,0.572837233543396,1.5160160064697266,0.00014270615065470338,9.947602272033691,0.00020605124882422388,0.010698903352022171,0.0007980364607647061,0.23543782532215118,0.22168637812137604,0.01059857290238142,0.5019550323486328,1.5168044567108154,,,
250,model.layers.26.mlp.up_proj.weight,8192,3072,0.0001220703125,9.364049765281379e-05,3.2322745323181152,0.0007266367319971323,0.1108420342206955,0.001237340271472931,0.1369987428188324,0.3185383081436157,0.011608367785811424,0.6487756371498108,1.522089958190918,0.00012245347897987813,9.537461280822754,-0.00043248076690360904,0.010769648477435112,0.0007542992243543267,0.2279876470565796,0.23007863759994507,0.010711576789617538,0.4950835704803467,1.5151433944702148,,,
250,model.layers.26.mlp.down_proj.weight,3072,8192,0.0001220703125,0.00010363389446865767,1.9359575510025024,0.0008220065501518548,0.10391810536384583,0.0007485604146495461,0.11875704675912857,0.38626715540885925,0.01321876049041748,0.619661271572113,1.4717400074005127,0.00012762744154315442,7.64863920211792,3.800757622229867e-05,0.010849140584468842,0.0003470255178399384,0.21518096327781677,0.2661387324333191,0.016635803505778313,0.546990692615509,1.4635379314422607,0.06280733644962311,0.06525496393442154,0.8499431610107422
260,model.layers.1.self_attn.q_proj.weight,3072,3072,0.0003255208333333333,0.00030055493698455393,2.6415932178497314,-0.000974098511505872,0.03792045637965202,0.0028583798557519913,0.18427452445030212,0.19134384393692017,0.010008524172008038,0.561659038066864,1.4846010208129883,0.00041178514948114753,15.072491645812988,0.00020513073832262307,0.005872711073607206,0.001360264839604497,0.40377500653266907,0.10262720286846161,0.021448839455842972,0.3055324852466583,1.4459736347198486,0.07497701793909073,0.07163254171609879,0.778168797492981
260,model.layers.1.self_attn.k_proj.weight,1024,3072,0.0003255208333333333,0.0003955177089665085,1.9376287460327148,-0.0014636528212577105,0.03358317166566849,0.0014538886025547981,0.09234729409217834,0.19055671989917755,0.005657087080180645,0.7860960364341736,1.4631893634796143,0.0004963573883287609,7.73720645904541,0.0005469868774525821,0.003499541198834777,0.0017827345291152596,0.3140694499015808,0.15272367000579834,0.014581387862563133,0.4439316689968109,1.4416751861572266,,,
260,model.layers.1.self_attn.v_proj.weight,1024,3072,0.0003255208333333333,0.00011907210136996582,1.7448354959487915,0.0005334740853868425,0.186883345246315,7.741560693830252e-05,0.11790438741445541,0.3922971189022064,0.011248023249208927,0.612611711025238,1.4696940183639526,0.00047426417586393654,10.251927375793457,0.00017926203145179898,0.003474238095805049,0.0002674950519576669,0.28992441296577454,0.19891653954982758,0.013620785437524319,0.4845128059387207,1.4428236484527588,,,
260,model.layers.1.self_attn.o_proj.weight,3072,3072,0.0003255208333333333,0.00033635980798862875,2.798276901245117,0.0005022370023652911,0.1092744842171669,0.0004735022666864097,0.20262007415294647,0.28572914004325867,0.01563214883208275,0.5340806841850281,1.4417626857757568,0.00033131951931864023,7.354306697845459,0.0013564910041168332,0.0061308895237743855,0.0003446555929258466,0.22927771508693695,0.2527160942554474,0.014794079586863518,0.4964360296726227,1.4600613117218018,,,
260,model.layers.14.self_attn.q_proj.weight,3072,3072,0.0003255208333333333,0.00040523079223930836,3.4324300289154053,0.0003820708079729229,0.0712026059627533,0.001138487714342773,0.1670583188533783,0.2866506576538086,0.009906855411827564,0.6154478788375854,1.485684871673584,0.0003529017558321357,9.33194637298584,0.001091780955903232,0.006318568252027035,0.0008135336101986468,0.2695990204811096,0.19749459624290466,0.013956479728221893,0.4910634458065033,1.4661058187484741,0.07074315845966339,0.07078932970762253,0.8618084788322449
260,model.layers.14.self_attn.k_proj.weight,1024,3072,0.0003255208333333333,0.0005589259671978652,2.7833032608032227,0.0006114686257205904,0.06586946547031403,0.001424396992661059,0.19217030704021454,0.21627125144004822,0.014215861447155476,0.663986086845398,1.4247537851333618,0.00040244252886623144,16.55582046508789,0.0017821734072640538,0.0035161927808076143,0.001033760025165975,0.2816331386566162,0.17654772102832794,0.01936272718012333,0.5118803977966309,1.3886879682540894,,,
260,model.layers.14.self_attn.v_proj.weight,1024,3072,0.0003255208333333333,0.0004419606411829591,1.4791780710220337,-0.00022491968411486596,0.3707607686519623,4.153275222051889e-05,0.27480366826057434,0.2248460203409195,0.005411447957158089,0.4602762758731842,1.4311269521713257,0.00046000530710443854,6.797564506530762,0.002170993248000741,0.004079366568475962,0.00012685488036368042,0.2702518701553345,0.2195558100938797,0.00784760620445013,0.4851827621459961,1.4814424514770508,,,
260,model.layers.14.self_attn.o_proj.weight,3072,3072,0.0003255208333333333,0.0003570796689018607,1.2335201501846313,-0.0001273989910259843,0.3399238586425781,5.96337704337202e-05,0.3147015869617462,0.19300119578838348,0.012416921555995941,0.4340576231479645,1.3990858793258667,0.00032902826205827296,6.948358535766602,0.001443373621441424,0.00712744751945138,0.00017148356710094959,0.21764427423477173,0.2651999890804291,0.02279813028872013,0.46091294288635254,1.4356801509857178,,,
260,model.layers.26.self_attn.q_proj.weight,3072,3072,0.0003255208333333333,0.0003970289253629744,3.8942861557006836,-4.5328124542720616e-05,0.03246433287858963,0.0019416820723563433,0.17390617728233337,0.2619480788707733,0.023122325539588928,0.6223212480545044,1.4352312088012695,0.0003684067341964692,9.466349601745605,0.0015381395351141691,0.006372103933244944,0.0012165959924459457,0.24838761985301971,0.21299315989017487,0.018186716362833977,0.504913866519928,1.4463608264923096,0.07385033369064331,0.07043570280075073,0.8533007502555847
260,model.layers.26.self_attn.k_proj.weight,1024,3072,0.0003255208333333333,0.000571433745790273,3.562270164489746,-8.008535951375961e-05,0.030413329601287842,0.0005235450225882232,0.20874135196208954,0.1797121912240982,0.008810367435216904,0.6728070974349976,1.4403880834579468,0.000542363035492599,12.120742797851562,0.002181402640417218,0.0036693434230983257,0.001136787235736847,0.25258952379226685,0.19321292638778687,0.016742540523409843,0.5107728242874146,1.419637680053711,,,
260,model.layers.26.self_attn.v_proj.weight,1024,3072,0.0003255208333333333,0.0002497330424375832,2.1178205013275146,0.0009171811980195343,0.0412103533744812,0.00025402772007510066,0.17642620205879211,0.30251404643058777,0.0838397964835167,0.49363017082214355,1.407604455947876,0.00034549928386695683,5.641214847564697,0.001146998954936862,0.0037205005064606667,0.00012956799764651805,0.25056567788124084,0.23789893090724945,0.0210182536393404,0.46455708146095276,1.4436997175216675,,,
260,model.layers.26.self_attn.o_proj.weight,3072,3072,0.0003255208333333333,0.00031348600168712437,2.09981369972229,0.0005384409450925887,0.04572724178433418,0.0006679838406853378,0.18240460753440857,0.30441224575042725,0.008377281948924065,0.5361488461494446,1.5064653158187866,0.00034565216628834605,6.497611045837402,0.00097021518740803,0.0063972738571465015,0.000306810688925907,0.18918508291244507,0.29664167761802673,0.006561981048434973,0.5303553938865662,1.5060482025146484,,,
260,model.layers.1.mlp.gate_proj.weight,8192,3072,0.0001220703125,0.00015441497089341283,4.512290954589844,0.000131098524434492,0.06794668734073639,0.0003272390749771148,0.1929806023836136,0.2636284828186035,0.008378557860851288,0.619284987449646,1.5165597200393677,0.0001275526883546263,17.146434783935547,0.000467968377051875,0.010006768628954887,0.00040982200880534947,0.27295199036598206,0.20481175184249878,0.012017038650810719,0.4956567585468292,1.5056922435760498,,,
260,model.layers.1.mlp.up_proj.weight,8192,3072,0.0001220703125,0.00013223559653852135,4.664259433746338,7.08086954546161e-05,0.07716526091098785,0.00013030081754550338,0.23007094860076904,0.2482130080461502,0.00730840815231204,0.5692360997200012,1.5213139057159424,0.00012352403427939862,16.890016555786133,0.0006392437499016523,0.009990517981350422,0.00016371472156606615,0.28597792983055115,0.20086324214935303,0.009903185069561005,0.49359428882598877,1.513723373413086,,,
260,model.layers.1.mlp.down_proj.weight,3072,8192,0.0001220703125,0.00012123211490688846,1.0075880289077759,5.051540028944146e-06,1.0799731016159058,0.0015701856464147568,0.31874024868011475,0.14443661272525787,0.03292160853743553,0.47795212268829346,1.397146224975586,0.00015175319276750088,28.436100006103516,0.0008300199988298118,0.009906720370054245,0.0006676000193692744,0.2414642721414566,0.23523004353046417,0.02380211092531681,0.496877521276474,1.4213650226593018,0.06978229433298111,0.07197842746973038,0.6489757895469666
260,model.layers.14.mlp.gate_proj.weight,8192,3072,0.0001220703125,0.00012049306678818539,1.2397220134735107,-0.0005623147590085864,0.20476534962654114,0.0002890674804802984,0.2077065259218216,0.2602217197418213,0.004256007261574268,0.5721166133880615,1.5253183841705322,0.00012390146730467677,6.185827732086182,0.0010440940968692303,0.011772050522267818,0.0005166526534594595,0.25810185074806213,0.21402844786643982,0.010918105952441692,0.49234557151794434,1.51007878780365,,,
260,model.layers.14.mlp.up_proj.weight,8192,3072,0.0001220703125,0.0001886479731183499,1.5422682762145996,-0.0009795604273676872,0.20807647705078125,0.0004352472024038434,0.25905200839042664,0.215749129652977,0.00896606594324112,0.48839738965034485,1.5149147510528564,0.0001435355661669746,6.177587032318115,0.001091975369490683,0.011813551187515259,0.00038614514051005244,0.2782113254070282,0.2018202841281891,0.00972141232341528,0.47452348470687866,1.512071132659912,,,
260,model.layers.14.mlp.down_proj.weight,3072,8192,0.0001220703125,0.00015029411588329822,1.2803658246994019,-0.0007592639303766191,0.27628660202026367,0.00018276683113072067,0.2578984797000885,0.2328157126903534,0.015560155734419823,0.48724430799484253,1.3711791038513184,0.0001389925746480003,7.730829238891602,0.001100730849429965,0.011675774119794369,0.0003422943700570613,0.2561483383178711,0.22752802073955536,0.025462206453084946,0.4839169681072235,1.4283108711242676,0.09584315121173859,0.09732621163129807,0.7049558162689209
260,model.layers.26.mlp.gate_proj.weight,8192,3072,0.0001220703125,0.0001405223592882976,3.1253175735473633,-0.0013071041321381927,0.06014744192361832,0.00112700997851789,0.21486887335777283,0.22297191619873047,0.008314983919262886,0.5180204510688782,1.5136390924453735,0.00014234025729820132,6.358331203460693,0.0009595903684385121,0.011317161843180656,0.0009484080947004259,0.23604652285575867,0.22372755408287048,0.01078393030911684,0.5111932158470154,1.5157583951950073,,,
260,model.layers.26.mlp.up_proj.weight,8192,3072,0.0001220703125,0.00013930212298873812,3.451449394226074,7.467286923201755e-05,0.07781725376844406,0.002106871921569109,0.16996639966964722,0.2753145694732666,0.014453906565904617,0.5962415933609009,1.5154070854187012,0.00013413220585789531,6.991714954376221,-0.00025133657618425786,0.011143375188112259,0.0007320858421735466,0.23138070106506348,0.2298889458179474,0.010697846300899982,0.49650973081588745,1.5108391046524048,,,
260,model.layers.26.mlp.down_proj.weight,3072,8192,0.0001220703125,0.00010260350245516747,1.8041576147079468,6.390464113792405e-05,0.09477847069501877,0.0009576905868016183,0.1551584005355835,0.3275107443332672,0.01795533299446106,0.5291054248809814,1.4569743871688843,0.00012728663568850607,7.075080871582031,0.00012180701014585793,0.010963949374854565,0.00024047734041232616,0.23666039109230042,0.24758380651474,0.015186955220997334,0.5097783207893372,1.4496067762374878,0.08097591251134872,0.08314753323793411,0.84405916929245
270,model.layers.1.self_attn.q_proj.weight,3072,3072,0.0003255208333333333,0.00023739573953207582,1.7987746000289917,0.0011916978983208537,0.06618137657642365,0.00267112348228693,0.1633051633834839,0.16793788969516754,0.008981290273368359,0.5842385292053223,1.4808924198150635,0.00037464319029822946,12.894497871398926,-0.000478424975881353,0.006480056792497635,0.0014965656446292996,0.398427277803421,0.10291074216365814,0.021129170432686806,0.31255587935447693,1.4474530220031738,0.08373260498046875,0.08215160667896271,0.7871550917625427
270,model.layers.1.self_attn.k_proj.weight,1024,3072,0.0003255208333333333,0.0004792888939846307,2.7383053302764893,0.0019642580300569534,0.05339847505092621,0.0006487512146122754,0.08746904134750366,0.19838814437389374,0.004385985434055328,0.8146302700042725,1.465854287147522,0.0005448657320812345,8.001564025878906,-0.0013548396527767181,0.003783482825383544,0.0016237818636000156,0.30440229177474976,0.14924071729183197,0.01469592098146677,0.46069207787513733,1.4262264966964722,,,
270,model.layers.1.self_attn.v_proj.weight,1024,3072,0.0003255208333333333,0.00012963298649992794,1.806162714958191,0.0006980018224567175,0.3528761863708496,0.00010791683598654345,0.1464449167251587,0.35588011145591736,0.012818317860364914,0.5530670285224915,1.4474881887435913,0.00047494040336459875,8.466530799865723,0.00023421680089086294,0.003888767911121249,0.0003351325576659292,0.2947797477245331,0.19383318722248077,0.015019304119050503,0.4802490174770355,1.4278641939163208,,,
270,model.layers.1.self_attn.o_proj.weight,3072,3072,0.0003255208333333333,0.00034082477213814855,5.276893138885498,0.0007043987861834466,0.19186154007911682,0.0004801969334948808,0.24864937365055084,0.22668282687664032,0.015898456797003746,0.5020636320114136,1.4534047842025757,0.00033613372943364084,7.558563232421875,0.0012408680049702525,0.006762828677892685,0.0003668414428830147,0.23354056477546692,0.24769610166549683,0.014903835952281952,0.4917445182800293,1.4646399021148682,,,
270,model.layers.14.self_attn.q_proj.weight,3072,3072,0.0003255208333333333,0.0003144703805446625,2.805245876312256,0.0005121639114804566,0.11765585839748383,0.0008076662779785693,0.16215744614601135,0.2879364490509033,0.008786437101662159,0.603965163230896,1.4871693849563599,0.0003462119784671813,10.66887378692627,-0.0005318177281878889,0.0065172575414180756,0.0009683914249762893,0.26671597361564636,0.1973642259836197,0.014884669333696365,0.49325981736183167,1.4637491703033447,0.07007909566164017,0.07543423771858215,0.8434571027755737
270,model.layers.14.self_attn.k_proj.weight,1024,3072,0.0003255208333333333,0.0003607302496675402,2.058011293411255,0.0007829163805581629,0.1125810518860817,0.0007168555748648942,0.15010641515254974,0.24046269059181213,0.008807905949652195,0.7411206960678101,1.4348214864730835,0.0004807509249076247,14.533201217651367,-0.0018482975428923965,0.003671797225251794,0.0008286809315904975,0.2728271782398224,0.18395695090293884,0.017917022109031677,0.5216952562332153,1.40801203250885,,,
270,model.layers.14.self_attn.v_proj.weight,1024,3072,0.0003255208333333333,0.0003409684868529439,3.8741509914398193,0.00045561513979919255,0.28592976927757263,0.0001368702360196039,0.246181458234787,0.24247348308563232,0.009981214068830013,0.4936036169528961,1.4540741443634033,0.0004134357441216707,9.657394409179688,0.00018553013796918094,0.003821552498266101,0.00027584817144088447,0.2778667211532593,0.2114543318748474,0.010561501607298851,0.46748220920562744,1.4607270956039429,,,
270,model.layers.14.self_attn.o_proj.weight,3072,3072,0.0003255208333333333,0.00034345826134085655,4.7932963371276855,0.00024196786398533732,0.274765282869339,0.00021229057165328413,0.21773937344551086,0.2550542950630188,0.0434967502951622,0.4539925456047058,1.3742003440856934,0.0003180056228302419,10.420571327209473,0.0012922727037221193,0.00661111855879426,0.00021187243692111224,0.20053334534168243,0.2726210355758667,0.033031437546014786,0.4502069056034088,1.4038779735565186,,,
270,model.layers.26.self_attn.q_proj.weight,3072,3072,0.0003255208333333333,0.00034236989449709654,3.2317659854888916,0.00025456506409682333,0.049016233533620834,0.0020707633811980486,0.1655750870704651,0.26672810316085815,0.022894984111189842,0.6303269267082214,1.4259212017059326,0.0003325753496028483,8.468679428100586,0.0003276283969171345,0.006493494845926762,0.001133788493461907,0.24075312912464142,0.21530604362487793,0.017764821648597717,0.5172433257102966,1.4446234703063965,0.07311167567968369,0.07276864349842072,0.8379290699958801
270,model.layers.26.self_attn.k_proj.weight,1024,3072,0.0003255208333333333,0.00039894907968118787,2.8117449283599854,0.0004166404251009226,0.04622498154640198,0.00044956227065995336,0.22447176277637482,0.1792922466993332,0.011450311169028282,0.642218291759491,1.4401782751083374,0.0004306531045585871,10.91539478302002,0.003065656404942274,0.0037387495394796133,0.0011495266808196902,0.2440602332353592,0.1957075595855713,0.018096016719937325,0.5282162427902222,1.4012607336044312,,,
270,model.layers.26.self_attn.v_proj.weight,1024,3072,0.0003255208333333333,0.0002439197851344943,2.824221134185791,-0.00011136331158922985,0.048455432057380676,0.00014904046838637441,0.1767776906490326,0.31666043400764465,0.026196163147687912,0.529860258102417,1.4244858026504517,0.00036297584301792085,5.9218010902404785,0.0021582806948572397,0.003920417279005051,0.00016401009634137154,0.23595786094665527,0.2549353837966919,0.013192138634622097,0.49133041501045227,1.461347222328186,,,
270,model.layers.26.self_attn.o_proj.weight,3072,3072,0.0003255208333333333,0.00034572219010442495,3.6740312576293945,-6.454855611082166e-05,0.05761948600411415,0.00019181911193300039,0.17432528734207153,0.3175216615200043,0.0052183447405695915,0.5412297248840332,1.505611777305603,0.0003573071153368801,6.328771591186523,0.0015856509562581778,0.006821503862738609,0.0001864922815002501,0.18914557993412018,0.2958577275276184,0.006041429471224546,0.5377477407455444,1.5070734024047852,,,
270,model.layers.1.mlp.gate_proj.weight,8192,3072,0.0001220703125,0.00018738690414465964,6.359985828399658,-0.0001965853152796626,0.11899014562368393,0.0005738591426052153,0.24346357583999634,0.21644240617752075,0.008886451832950115,0.5405445098876953,1.5156428813934326,0.00012518807488959283,18.97275161743164,0.0003041199524886906,0.011025097221136093,0.00036384843406267464,0.2739720344543457,0.20347614586353302,0.010997709818184376,0.4967435300350189,1.5125007629394531,,,
270,model.layers.1.mlp.up_proj.weight,8192,3072,0.0001220703125,0.0001386825169902295,7.771434783935547,-0.00014594249660149217,0.13705074787139893,0.00019106885883957148,0.26436647772789,0.21576568484306335,0.008076206780970097,0.5249360799789429,1.5190643072128296,0.00012875440006610006,17.379676818847656,0.00045904808212071657,0.01103292964398861,0.00016452216368634254,0.28677719831466675,0.2003500908613205,0.010006737895309925,0.49459657073020935,1.511897325515747,,,
270,model.layers.1.mlp.down_proj.weight,3072,8192,0.0001220703125,0.00015431105566676706,1.0065568685531616,-9.39252095122356e-06,2.077888250350952,0.0009256642661057413,0.3376234769821167,0.1390291303396225,0.019705109298229218,0.46210262179374695,1.4345989227294922,0.00013655367365572602,27.013782501220703,0.0005700463079847395,0.011030101217329502,0.0006770506734028459,0.24352067708969116,0.23177890479564667,0.023564470931887627,0.4901271462440491,1.4241056442260742,0.07745988667011261,0.07966814935207367,0.6247830986976624
270,model.layers.14.mlp.gate_proj.weight,8192,3072,0.0001220703125,0.00011575360258575529,5.10182523727417,8.97489589988254e-05,0.1663719117641449,0.0006350883631967008,0.21492218971252441,0.2364257276058197,0.007251725532114506,0.5447643995285034,1.5247063636779785,0.00012150067050242797,11.423453330993652,0.0004958983045071363,0.0108287138864398,0.0005544386222027242,0.2515168786048889,0.21781998872756958,0.010626126080751419,0.499386191368103,1.5121328830718994,,,
270,model.layers.14.mlp.up_proj.weight,8192,3072,0.0001220703125,0.0001423779031028971,5.120649337768555,-1.037352740240749e-05,0.19079434871673584,0.0006273278268054128,0.23183004558086395,0.23536095023155212,0.00973142683506012,0.5010339021682739,1.51417875289917,0.0001404138165526092,10.48200511932373,0.0007664033328182995,0.010847431607544422,0.0005153294769115746,0.2712516486644745,0.2038278579711914,0.010518280789256096,0.4751647114753723,1.507077932357788,,,
270,model.layers.14.mlp.down_proj.weight,3072,8192,0.0001220703125,0.00013998076610732824,4.784135341644287,-6.527948698931141e-06,0.231609046459198,0.00031183025566861033,0.22823359072208405,0.2558213770389557,0.032552190124988556,0.5104018449783325,1.39674973487854,0.00013593974290415645,13.329353332519531,0.0008772257133387029,0.010824039578437805,0.000495615997351706,0.24644948542118073,0.23119232058525085,0.03492296114563942,0.48918864130973816,1.4008482694625854,0.07188956439495087,0.07418955117464066,0.8739968538284302
270,model.layers.26.mlp.gate_proj.weight,8192,3072,0.0001220703125,0.00013506560935638845,4.610626220703125,0.0009598085889592767,0.07244653254747391,0.0006525960052385926,0.18639105558395386,0.25670093297958374,0.007626474369317293,0.5611578822135925,1.5171232223510742,0.0001544533733977005,7.643314361572266,0.0017090447945520282,0.011195913888514042,0.001053027925081551,0.23577581346035004,0.22442471981048584,0.010662234388291836,0.5052115321159363,1.5161969661712646,,,
270,model.layers.26.mlp.up_proj.weight,8192,3072,0.0001220703125,9.4515664386563e-05,4.2460503578186035,1.7509422832517885e-05,0.10282529145479202,0.0010952018201351166,0.17084428668022156,0.2782129645347595,0.01093550119549036,0.5880922675132751,1.522261381149292,0.00012476911069825292,8.416093826293945,-0.00011589060886763036,0.011144958436489105,0.001043893164023757,0.22501231729984283,0.23295581340789795,0.012028480879962444,0.5000000596046448,1.5085062980651855,,,
270,model.layers.26.mlp.down_proj.weight,3072,8192,0.0001220703125,9.726155985845253e-05,2.2262074947357178,1.4304264368547592e-05,0.11711492389440536,0.0008369231363758445,0.15955334901809692,0.32610777020454407,0.01657804846763611,0.5432886481285095,1.4477901458740234,0.00012776089715771377,6.678549289703369,0.0004788523365277797,0.011163231916725636,0.00028995118918828666,0.22900164127349854,0.2533271014690399,0.01552918367087841,0.5209699869155884,1.462285041809082,0.06868147850036621,0.06971218436956406,0.8687044978141785
280,model.layers.1.self_attn.q_proj.weight,3072,3072,0.0003255208333333333,0.00028852178365923464,4.0875630378723145,-3.6466655728872865e-05,0.025305407121777534,0.0024692979641258717,0.2019813507795334,0.19403891265392303,0.010944496840238571,0.5373319983482361,1.4737917184829712,0.00044459846685640514,13.958854675292969,0.0015266970731317997,0.006785023957490921,0.001662206370383501,0.4023282825946808,0.09844806790351868,0.02082045190036297,0.30522504448890686,1.4528439044952393,0.06479580700397491,0.06446338444948196,0.8091025352478027
280,model.layers.1.self_attn.k_proj.weight,1024,3072,0.0003255208333333333,0.00032856708276085556,3.1836469173431396,-7.361467578448355e-05,0.020064610987901688,0.0006750551983714104,0.12626680731773376,0.1996375173330307,0.004401695914566517,0.7544147372245789,1.4775577783584595,0.0005023148842155933,8.238371849060059,0.0011655458947643638,0.0039704348891973495,0.001213564770296216,0.306204229593277,0.14293333888053894,0.014354483224451542,0.46159622073173523,1.4278534650802612,,,
280,model.layers.1.self_attn.v_proj.weight,1024,3072,0.0003255208333333333,0.00013332650996744633,1.692958116531372,7.988502329681069e-05,0.16127920150756836,0.00010993661271641031,0.14109666645526886,0.3545137345790863,0.019125167280435562,0.5379034876823425,1.431997299194336,0.0005178180290386081,12.048367500305176,0.0030399486422538757,0.0038558857049793005,0.00026427628472447395,0.2959398925304413,0.18997368216514587,0.015748685225844383,0.47865211963653564,1.421900749206543,,,
280,model.layers.1.self_attn.o_proj.weight,3072,3072,0.0003255208333333333,0.0003543956845533103,5.393909931182861,8.32865116535686e-05,0.08347619324922562,0.0008121835417114198,0.2452893704175949,0.22787891328334808,0.018493354320526123,0.4914593994617462,1.4490933418273926,0.00034436353598721325,7.796061038970947,0.0019064981024712324,0.006815941538661718,0.00046480863238684833,0.23351944983005524,0.24547486007213593,0.016273148357868195,0.4886208474636078,1.456266164779663,,,
280,model.layers.14.self_attn.q_proj.weight,3072,3072,0.0003255208333333333,0.0004571006284095347,2.1524343490600586,0.0007338814320974052,0.07404272258281708,0.0009261984378099442,0.156529501080513,0.29897892475128174,0.008595526218414307,0.6169841885566711,1.4843419790267944,0.0003931527608074248,10.508440971374512,-0.0003774549695663154,0.006757544353604317,0.0010163492988795042,0.2631857693195343,0.19864900410175323,0.014976353384554386,0.4969671368598938,1.4617621898651123,0.07928060740232468,0.08119634538888931,0.8448792695999146
280,model.layers.14.self_attn.k_proj.weight,1024,3072,0.0003255208333333333,0.00043348417966626585,2.8365278244018555,0.0013047851389274001,0.060701146721839905,0.0009190599666908383,0.1678273230791092,0.19425003230571747,0.010202486999332905,0.7176507711410522,1.4352781772613525,0.00047016303869895637,17.20913314819336,-0.0016455714358016849,0.003914926666766405,0.0014100655680522323,0.2768544554710388,0.17471818625926971,0.01853312738239765,0.5210038423538208,1.4107578992843628,,,
280,model.layers.14.self_attn.v_proj.weight,1024,3072,0.0003255208333333333,0.0003237912314943969,4.248575210571289,0.0009184500086121261,0.1918952316045761,0.0002659507736098021,0.2631525695323944,0.2257426679134369,0.022331535816192627,0.43641647696495056,1.4264636039733887,0.00041108790901489556,9.773133277893066,0.000189276019227691,0.0038470509462058544,0.0002495757944416255,0.2826293408870697,0.20843496918678284,0.01105292048305273,0.4599469006061554,1.4487067461013794,,,
280,model.layers.14.self_attn.o_proj.weight,3072,3072,0.0003255208333333333,0.00027807941660284996,3.2590267658233643,0.0005537457182072103,0.16212092339992523,0.0005102534778416157,0.1872713267803192,0.24520094692707062,0.07665414363145828,0.3911375403404236,1.3773589134216309,0.0003134424623567611,8.798095703125,0.0010074767051264644,0.00659214286133647,0.0005518700345419347,0.1838291436433792,0.2689957022666931,0.05894295126199722,0.4280783236026764,1.32199227809906,,,
280,model.layers.26.self_attn.q_proj.weight,3072,3072,0.0003255208333333333,0.00031320660491473973,1.5513814687728882,-0.0008278005407191813,0.04631231352686882,0.0014043981209397316,0.15436121821403503,0.24858582019805908,0.014165370725095272,0.6856984496116638,1.4372682571411133,0.0003306231228634715,8.104564666748047,0.002769025508314371,0.006704088766127825,0.0014145051827654243,0.23743289709091187,0.21665725111961365,0.019826943054795265,0.5246315598487854,1.4426805973052979,0.08227312564849854,0.08298084139823914,0.7891921401023865
280,model.layers.26.self_attn.k_proj.weight,1024,3072,0.0003255208333333333,0.0005064801080152392,2.3947982788085938,-0.0014393316814675927,0.04040183499455452,0.0007033946458250284,0.23204784095287323,0.15658026933670044,0.011940518394112587,0.6385419368743896,1.4316515922546387,0.0006375531665980816,12.07801342010498,0.007021556608378887,0.0038819308392703533,0.001706946874037385,0.23650577664375305,0.20399761199951172,0.02094358392059803,0.5409232974052429,1.3935918807983398,,,
280,model.layers.26.self_attn.v_proj.weight,1024,3072,0.0003255208333333333,0.0002716266317293048,2.4879555702209473,-0.0018407959723845124,0.03470294922590256,0.00046677145292051136,0.16862568259239197,0.3242223858833313,0.018106821924448013,0.5438312888145447,1.4356368780136108,0.0004413302813190967,5.735881805419922,0.003293214598670602,0.00395113555714488,0.0004276807885617018,0.22343941032886505,0.2629471719264984,0.016025453805923462,0.5105797052383423,1.4283945560455322,,,
280,model.layers.26.self_attn.o_proj.weight,3072,3072,0.0003255208333333333,0.000379470206098631,3.905996084213257,-0.0010518957860767841,0.03946622461080551,0.0006224393146112561,0.1550605446100235,0.3277594745159149,0.008858337998390198,0.5645519495010376,1.5047527551651,0.0003519484889693558,6.659027576446533,0.00207081763073802,0.006892474368214607,0.0003631420258898288,0.18591025471687317,0.29663363099098206,0.007579962722957134,0.5440380573272705,1.4970237016677856,,,
280,model.layers.1.mlp.gate_proj.weight,8192,3072,0.0001220703125,0.0001447014947189018,8.128769874572754,0.0006888885400258005,0.05128082260489464,0.0004480750358197838,0.22451122105121613,0.23314835131168365,0.009249534457921982,0.5688630938529968,1.514601230621338,0.00012295841588638723,19.51432228088379,0.0005558577249757946,0.01116101536899805,0.00035971542820334435,0.27490293979644775,0.20321513712406158,0.010660694912075996,0.4969790577888489,1.5133856534957886,,,
280,model.layers.1.mlp.up_proj.weight,8192,3072,0.0001220703125,0.00014607699995394796,7.353651523590088,0.0006061350577510893,0.06083932891488075,0.00018598625320009887,0.25485461950302124,0.22243748605251312,0.007575611583888531,0.5393137335777283,1.5178213119506836,0.00012638024054467678,18.286746978759766,0.0006677170167677104,0.011155078187584877,0.0001551768946228549,0.2888506352901459,0.1991218477487564,0.010085032321512699,0.493306964635849,1.513229489326477,,,
280,model.layers.1.mlp.down_proj.weight,3072,8192,0.0001220703125,0.00016310134378727525,1.0053033828735352,3.512001785566099e-05,1.0540574789047241,0.0014346964890137315,0.33930012583732605,0.1352880299091339,0.029547404497861862,0.4500051736831665,1.4149619340896606,0.00013864072388969362,30.789215087890625,0.0005229343078099191,0.011163241229951382,0.0006930758245289326,0.24713119864463806,0.22878633439540863,0.024952072650194168,0.48487353324890137,1.4012117385864258,0.08467468619346619,0.08562085777521133,0.6705998182296753
280,model.layers.14.mlp.gate_proj.weight,8192,3072,0.0001220703125,0.0001249863998964429,3.707228422164917,-0.0001863625948317349,0.10676141828298569,0.0006937292637303472,0.18398462235927582,0.2598692774772644,0.006676808465272188,0.5931528210639954,1.524538516998291,0.0001337099529337138,11.817525863647461,0.000513430975843221,0.010521236807107925,0.0005607667262665927,0.2502857446670532,0.21790164709091187,0.010873823426663876,0.49820947647094727,1.5118839740753174,,,
280,model.layers.14.mlp.up_proj.weight,8192,3072,0.0001220703125,0.00014373350131791085,3.2118332386016846,-0.00014405002002604306,0.12767425179481506,0.0007952206069603562,0.21153603494167328,0.24688006937503815,0.00955771654844284,0.5208351016044617,1.513718605041504,0.00013804198533762246,10.219572067260742,0.0007420875481329858,0.010454786941409111,0.0007028934778645635,0.2650686502456665,0.20530501008033752,0.011614100076258183,0.4786990284919739,1.5085886716842651,,,
280,model.layers.14.mlp.down_proj.weight,3072,8192,0.0001220703125,0.00013085124373901635,4.750450611114502,-0.00013589007721748203,0.1392301470041275,0.0007482094224542379,0.20219217240810394,0.2750175893306732,0.04459608346223831,0.5194180607795715,1.387930154800415,0.00014336280582938343,12.859275817871094,0.0009521255269646645,0.01063258945941925,0.0007886941311880946,0.23511259257793427,0.23700787127017975,0.043360233306884766,0.4957333505153656,1.3579338788986206,0.07196754217147827,0.07273875921964645,0.8947235941886902
280,model.layers.26.mlp.gate_proj.weight,8192,3072,0.0001220703125,0.00014957318489905447,2.722567558288574,-0.0006399752455763519,0.07057658582925797,0.0012636826140806079,0.18550002574920654,0.23692679405212402,0.009089169092476368,0.5424764752388,1.5124192237854004,0.00014264225319493562,9.529036521911621,0.000672360765747726,0.010492770932614803,0.0008802985539659858,0.23607078194618225,0.22088918089866638,0.011041780933737755,0.4946430027484894,1.5169674158096313,,,
280,model.layers.26.mlp.up_proj.weight,8192,3072,0.0001220703125,0.00010822441254276782,2.5556633472442627,-0.0004182893317192793,0.09682126343250275,0.00126709567848593,0.1443919539451599,0.2979295551776886,0.011339152231812477,0.6315483450889587,1.5206682682037354,0.0001354246196569875,8.477804183959961,0.0001719932333799079,0.010669471696019173,0.0010250593768432736,0.22242632508277893,0.23253028094768524,0.012390132062137127,0.5033149123191833,1.5079416036605835,,,
280,model.layers.26.mlp.down_proj.weight,3072,8192,0.0001220703125,9.456180123379454e-05,1.6447710990905762,-0.0004123199905734509,0.10336165130138397,0.001068579382263124,0.12686200439929962,0.36930879950523376,0.01945355348289013,0.5786345601081848,1.4503161907196045,0.00012313859770074487,5.713069915771484,0.0005590789951384068,0.011074669659137726,0.00047499078209511936,0.21008214354515076,0.2697243392467499,0.017313743010163307,0.5546066761016846,1.4610202312469482,0.0852956771850586,0.08209750801324844,0.8690447211265564
290,model.layers.1.self_attn.q_proj.weight,3072,3072,0.0003255208333333333,0.0004609015304595232,1.9597537517547607,0.0001659797562751919,0.09736271947622299,0.0034387463238090277,0.188741996884346,0.18383413553237915,0.014751112088561058,0.5486352443695068,1.4746321439743042,0.0004077418416272849,14.296280860900879,0.0015091116074472666,0.006177529692649841,0.0017216120613738894,0.4045741856098175,0.10025518387556076,0.021290065720677376,0.3067629635334015,1.4445054531097412,0.10297685116529465,0.09912986308336258,0.60162752866745
290,model.layers.1.self_attn.k_proj.weight,1024,3072,0.0003255208333333333,0.0004131356254220009,1.6973302364349365,0.0002524583542253822,0.08981017023324966,0.0009400375420227647,0.1051686480641365,0.19610190391540527,0.004266042727977037,0.7915750741958618,1.4782688617706299,0.0005282004713080823,8.187247276306152,0.0025210015010088682,0.003686003852635622,0.0016160954255610704,0.30666762590408325,0.15549646317958832,0.015748266130685806,0.45489805936813354,1.4295483827590942,,,
290,model.layers.1.self_attn.v_proj.weight,1024,3072,0.0003255208333333333,0.00012920891458634287,1.8312784433364868,-0.00013667429448105395,0.5369682312011719,3.9243681385414675e-05,0.1227836012840271,0.3890664279460907,0.008838742971420288,0.6085430979728699,1.4561083316802979,0.0004551852762233466,9.2097749710083,0.0030692417640239,0.003751696553081274,0.000303029315546155,0.2902822196483612,0.1955297440290451,0.014882232062518597,0.4854394197463989,1.442582130432129,,,
290,model.layers.1.self_attn.o_proj.weight,3072,3072,0.0003255208333333333,0.000317423022352159,1.947508692741394,-0.00011656442075036466,0.3429490029811859,0.00026884375256486237,0.20050370693206787,0.28809091448783875,0.00992493238300085,0.5589320659637451,1.457108736038208,0.000335271266521886,6.882177829742432,0.0017719796160236,0.006593769881874323,0.0004120869270991534,0.22940407693386078,0.25249969959259033,0.01401691697537899,0.4977121651172638,1.4751554727554321,,,
290,model.layers.14.self_attn.q_proj.weight,3072,3072,0.0003255208333333333,0.0002907918533310294,1.0218884944915771,0.00033638798049651086,0.6507752537727356,0.0006191012216731906,0.2553732395172119,0.15516753494739532,0.005103799048811197,0.3047609329223633,1.4978523254394531,0.0003710722376126796,7.0030927658081055,0.0023657812271267176,0.006613900884985924,0.000895222881808877,0.2696366012096405,0.19500863552093506,0.012859794311225414,0.49061769247055054,1.4715888500213623,0.12007912993431091,0.11913053691387177,0.40567055344581604
290,model.layers.14.self_attn.k_proj.weight,1024,3072,0.0003255208333333333,0.000252178346272558,1.03024160861969,0.00039126077899709344,0.8166666030883789,0.0003159805200994015,0.2024497240781784,0.22557887434959412,0.011552886106073856,0.6711634993553162,1.435791015625,0.00041275183320976794,5.693268299102783,0.002333406126126647,0.004012804478406906,0.0009500620071776211,0.28124016523361206,0.1739307940006256,0.017496099695563316,0.5140080451965332,1.416228175163269,,,
290,model.layers.14.self_attn.v_proj.weight,1024,3072,0.0003255208333333333,0.00036135659320279956,1.2195907831192017,0.0014522647252306342,0.717193603515625,3.481962266960181e-05,0.31135424971580505,0.19336162507534027,0.003090455662459135,0.4028240740299225,1.4508945941925049,0.0004006345116067678,7.603542327880859,0.002613026648759842,0.003688378958031535,0.0001959500223165378,0.28648409247398376,0.20412684977054596,0.008640807121992111,0.45589613914489746,1.4692401885986328,,,
290,model.layers.14.self_attn.o_proj.weight,3072,3072,0.0003255208333333333,0.00033667098614387214,1.3311004638671875,0.0009999687317758799,0.5330430269241333,3.764386929105967e-05,0.27265664935112,0.22916817665100098,0.017198264598846436,0.4573841989040375,1.405630350112915,0.0003215722390450537,7.860392093658447,0.0019629562739282846,0.0066148447804152966,0.0002132845693267882,0.2020917534828186,0.27375543117523193,0.03293146938085556,0.46385127305984497,1.413169026374817,,,
290,model.layers.26.self_attn.q_proj.weight,3072,3072,0.0003255208333333333,0.0003919172449968755,1.925490140914917,0.0014277305454015732,0.049341052770614624,0.0016401555621996522,0.16872024536132812,0.2637272775173187,0.015718704089522362,0.6402841806411743,1.4399241209030151,0.0003524847561493516,7.580142021179199,2.491318628017325e-05,0.00642944173887372,0.0012197589967399836,0.2517167329788208,0.20693626999855042,0.017062122002243996,0.4978124797344208,1.4494655132293701,0.08018553256988525,0.0802096500992775,0.813904345035553
290,model.layers.26.self_attn.k_proj.weight,1024,3072,0.0003255208333333333,0.0005789044662378728,2.1466422080993652,0.002435925416648388,0.043831609189510345,0.00047351993271149695,0.19658353924751282,0.17458169162273407,0.009945265017449856,0.6904276013374329,1.4554423093795776,0.0006019847351126373,8.641839027404785,0.0024513883981853724,0.0038154921494424343,0.001278531737625599,0.24006257951259613,0.19480198621749878,0.016156857833266258,0.5296589732170105,1.4164212942123413,,,
290,model.layers.26.self_attn.v_proj.weight,1024,3072,0.0003255208333333333,0.0002394326584180817,2.1818435192108154,0.0014313963474705815,0.061526138335466385,0.0001300050353165716,0.20917478203773499,0.29052409529685974,0.026802359148859978,0.44809848070144653,1.445418357849121,0.0004058116755913943,6.056279182434082,0.0006505423225462437,0.0037608533166348934,0.0003421737637836486,0.23738597333431244,0.2485455721616745,0.026279520243406296,0.4816332161426544,1.4428783655166626,,,
290,model.layers.26.self_attn.o_proj.weight,3072,3072,0.0003255208333333333,0.0003446982300374657,1.4008687734603882,0.0008116682292893529,0.07058066874742508,0.00014689208182971925,0.14643697440624237,0.35233166813850403,0.0042946538887917995,0.5248623490333557,1.5034419298171997,0.00033522743615321815,7.653074264526367,0.0006250077276490629,0.0065133580937981606,0.000345045467838645,0.18674463033676147,0.30196958780288696,0.007084261626005173,0.5356581211090088,1.5014700889587402,,,
290,model.layers.1.mlp.gate_proj.weight,8192,3072,0.0001220703125,0.00014242398901842535,3.1788201332092285,-0.0001757198915584013,0.17432691156864166,0.0006167031242512167,0.22959093749523163,0.22995829582214355,0.008558661676943302,0.5600571036338806,1.5152158737182617,0.00012617188622243702,15.703973770141602,0.0009619876509532332,0.01043412834405899,0.00039288491825573146,0.2764286994934082,0.20022866129875183,0.01099421363323927,0.49688851833343506,1.5108630657196045,,,
290,model.layers.1.mlp.up_proj.weight,8192,3072,0.0001220703125,0.0001469810085836798,3.2802350521087646,6.408401532098651e-05,0.2026078701019287,0.0001879354822449386,0.26815420389175415,0.21167300641536713,0.007788625080138445,0.5310856699943542,1.521040916442871,0.00013219582615420222,15.095931053161621,0.0011822067899629474,0.010493380017578602,0.00018821311823558062,0.2912667393684387,0.19561773538589478,0.00981057621538639,0.4932732880115509,1.5133978128433228,,,
290,model.layers.1.mlp.down_proj.weight,3072,8192,0.0001220703125,0.0001590417668921873,1.006485104560852,3.786030447372468e-06,3.468580484390259,0.0014688424998894334,0.3300202786922455,0.13959184288978577,0.03030497208237648,0.46327099204063416,1.4247751235961914,0.00013713516818825155,24.075267791748047,0.001054012100212276,0.010517772287130356,0.0006813261425122619,0.2421647012233734,0.23454588651657104,0.022369761019945145,0.4967378079891205,1.4311705827713013,0.10256832838058472,0.10307003557682037,0.46357351541519165
290,model.layers.14.mlp.gate_proj.weight,8192,3072,0.0001220703125,0.00013145821867510676,1.403385043144226,0.00042853239574469626,0.3145577013492584,0.000494767096824944,0.23935437202453613,0.21819883584976196,0.006150621455162764,0.49740150570869446,1.524219036102295,0.00011556738900253549,6.643487453460693,0.0009027696214616299,0.010952906683087349,0.0005031166365370154,0.25333529710769653,0.2166122943162918,0.009999577887356281,0.4975413382053375,1.5132731199264526,,,
290,model.layers.14.mlp.up_proj.weight,8192,3072,0.0001220703125,0.00014394331083167344,1.471958875656128,0.0004794453561771661,0.3834899663925171,0.0003822645521722734,0.25569263100624084,0.21969382464885712,0.0072787730023264885,0.4870944619178772,1.514320969581604,0.00014659935550298542,5.447814464569092,0.0010656247613951564,0.011215480975806713,0.00040943679050542414,0.2732234299182892,0.2039237916469574,0.01019334327429533,0.47741785645484924,1.509568691253662,,,
290,model.layers.14.mlp.down_proj.weight,3072,8192,0.0001220703125,0.00014317655586637557,1.4370380640029907,0.0003750855685211718,0.5043494701385498,0.0001567085419083014,0.2585030794143677,0.23173995316028595,0.024301018565893173,0.47724494338035583,1.3931101560592651,0.0001373358682030812,6.625847339630127,0.0010385109344497323,0.011168577708303928,0.0004439709591679275,0.24967077374458313,0.23094888031482697,0.03075355291366577,0.4871845245361328,1.4112720489501953,0.11115386337041855,0.10981205850839615,0.5648689270019531
290,model.layers.26.mlp.gate_proj.weight,8192,3072,0.0001220703125,0.00016226009756792337,1.3579870462417603,0.0006154141156002879,0.10829508304595947,0.0006629665731452405,0.2556148171424866,0.20020721852779388,0.006016553845256567,0.4759644865989685,1.5164552927017212,0.00010832612315425649,7.002613544464111,0.0005068834871053696,0.010810339823365211,0.0007130625890567899,0.2365075796842575,0.22399485111236572,0.010725411586463451,0.5072935819625854,1.5134378671646118,,,
290,model.layers.26.mlp.up_proj.weight,8192,3072,0.0001220703125,0.00010912876314250752,1.6910239458084106,3.878096322296187e-05,0.13034245371818542,0.0009503852925263345,0.2092067450284958,0.2484644502401352,0.010710111819207668,0.532801628112793,1.5189282894134521,0.00012044978211633861,7.766353607177734,0.00012408223119564354,0.01065764669328928,0.0009348735329695046,0.2311495542526245,0.22882220149040222,0.011676675640046597,0.49664318561553955,1.512515902519226,,,
290,model.layers.26.mlp.down_proj.weight,3072,8192,0.0001220703125,0.00010540062794461846,1.5831886529922485,3.931819082936272e-05,0.13682913780212402,0.00032106623984873295,0.22170889377593994,0.26376453042030334,0.011599719524383545,0.4613276720046997,1.4766442775726318,0.00012681052612606436,7.842207908630371,0.0004982566460967064,0.010445303283631802,0.0002852230390999466,0.23825259506702423,0.2454272210597992,0.015640977770090103,0.5047095417976379,1.4623137712478638,0.08871105313301086,0.08515960723161697,0.7820177674293518
300,model.layers.1.self_attn.q_proj.weight,3072,3072,0.0003255208333333333,0.0003906622005160898,2.3783938884735107,-0.00013055119779892266,0.04546280950307846,0.002714624162763357,0.16859140992164612,0.19228766858577728,0.010535617358982563,0.6150151491165161,1.4758026599884033,0.0004238793917465955,15.690313339233398,0.0008234886336140335,0.0066286795772612095,0.0014976202510297298,0.40375712513923645,0.10083913803100586,0.02036385051906109,0.31410232186317444,1.447740077972412,0.06538116931915283,0.06550407409667969,0.7972591519355774
300,model.layers.1.self_attn.k_proj.weight,1024,3072,0.0003255208333333333,0.00038293394027277827,1.6834226846694946,-0.00018038346024695784,0.04255296662449837,0.0003610624698922038,0.07514958828687668,0.21312159299850464,0.0030279450584203005,0.8539628386497498,1.4568431377410889,0.00062067765975371,8.2683744430542,0.0010716476244851947,0.0037935017608106136,0.0013634428614750504,0.30425888299942017,0.15142591297626495,0.014394489116966724,0.4452835023403168,1.421046495437622,,,
300,model.layers.1.self_attn.v_proj.weight,1024,3072,0.0003255208333333333,0.00013426905206870288,1.7637112140655518,-0.00029450355214066803,0.25238028168678284,0.00011213014659006149,0.13029581308364868,0.36888524889945984,0.014664934948086739,0.5694299936294556,1.4506425857543945,0.0004481005889829248,10.560551643371582,0.0026415016036480665,0.0038842244539409876,0.0003465040063019842,0.29447218775749207,0.19326846301555634,0.014987844973802567,0.4806857109069824,1.4390443563461304,,,
300,model.layers.1.self_attn.o_proj.weight,3072,3072,0.0003255208333333333,0.0003436928382143378,4.616610527038574,-0.0003007777559105307,0.1357235312461853,0.000492745719384402,0.23178230226039886,0.24340872466564178,0.016988471150398254,0.4918130934238434,1.4457768201828003,0.000323428277624771,7.203017711639404,0.001784787280485034,0.0068731470964848995,0.00033228882239200175,0.23099184036254883,0.24964311718940735,0.013552048243582249,0.4938983619213104,1.4740252494812012,,,
300,model.layers.14.self_attn.q_proj.weight,3072,3072,0.0003255208333333333,0.00031295124790631235,2.4705698490142822,-0.0006287015276029706,0.09088823199272156,0.0006442131707444787,0.16894519329071045,0.2754966616630554,0.006863927934318781,0.6031407117843628,1.49613356590271,0.00032743054907768965,12.247383117675781,0.0019229707540944219,0.006807075813412666,0.0008568706689402461,0.2679791748523712,0.19550469517707825,0.014413134194910526,0.49097925424575806,1.459775686264038,0.07288670539855957,0.0724036768078804,0.8582878708839417
300,model.layers.14.self_attn.k_proj.weight,1024,3072,0.0003255208333333333,0.0003813819494098425,2.8740272521972656,-0.0010939656058326364,0.07707368582487106,0.0009671510197222233,0.18174594640731812,0.2069224864244461,0.012349837459623814,0.6947476863861084,1.4325898885726929,0.0004248158074915409,13.233861923217773,0.002123029436916113,0.003916875924915075,0.0008556414977647364,0.2791323959827423,0.17530249059200287,0.01779889687895775,0.516987681388855,1.4053930044174194,,,
300,model.layers.14.self_attn.v_proj.weight,1024,3072,0.0003255208333333333,0.00031795722316019237,2.2520222663879395,-0.0021034986712038517,0.2811466157436371,6.426059553632513e-05,0.2795378565788269,0.21069160103797913,0.0041907974518835545,0.45618322491645813,1.4775848388671875,0.00041611454798839986,8.79415225982666,0.003006852464750409,0.003916539717465639,0.0002372871240368113,0.2692650854587555,0.21772940456867218,0.010212847962975502,0.4806060492992401,1.4422597885131836,,,
300,model.layers.14.self_attn.o_proj.weight,3072,3072,0.0003255208333333333,0.00031828563078306615,2.4925272464752197,-0.0012350098695605993,0.24406616389751434,0.00014330660633277148,0.26385730504989624,0.2272948920726776,0.026459448039531708,0.44138529896736145,1.3747546672821045,0.0003214695898350328,10.616728782653809,0.0019166136626154184,0.006874704267829657,0.00024549782392568886,0.19740058481693268,0.2765530049800873,0.03350221365690231,0.45678460597991943,1.390928030014038,,,
300,model.layers.26.self_attn.q_proj.weight,3072,3072,0.0003255208333333333,0.00033960730070248246,3.6157243251800537,-0.0010549656581133604,0.03616521134972572,0.0018628065008670092,0.17355482280254364,0.25748831033706665,0.019519226625561714,0.615946352481842,1.4441289901733398,0.0003496553981676698,9.962132453918457,0.0022489679977297783,0.0070802015252411366,0.0012679171049967408,0.2502399682998657,0.21129724383354187,0.017512228339910507,0.5014050602912903,1.449709177017212,0.07058314234018326,0.0697517916560173,0.8745961785316467
300,model.layers.26.self_attn.k_proj.weight,1024,3072,0.0003255208333333333,0.0005268662935122848,3.914436101913452,-0.0017018065555021167,0.0339592844247818,0.0007600844837725163,0.21522770822048187,0.1838931143283844,0.01228246558457613,0.6557598114013672,1.437111735343933,0.00043848855420947075,16.100839614868164,0.003762435168027878,0.004037448205053806,0.001090549398213625,0.24979658424854279,0.1989608258008957,0.017391229048371315,0.5191588401794434,1.4093694686889648,,,
300,model.layers.26.self_attn.v_proj.weight,1024,3072,0.0003255208333333333,0.00028262019623070955,2.2543084621429443,-0.0010740755824372172,0.04245173931121826,0.00033499815617688,0.15372279286384583,0.32673752307891846,0.08007081598043442,0.5317789316177368,1.4151155948638916,0.00037891874671913683,6.007012844085693,0.0025562893133610487,0.004156010691076517,0.00017321610357612371,0.24184812605381012,0.24968110024929047,0.01363502349704504,0.49406662583351135,1.4612737894058228,,,
300,model.layers.26.self_attn.o_proj.weight,3072,3072,0.0003255208333333333,0.00035775938886217773,3.401055097579956,-0.0006186788668856025,0.047980643808841705,0.00039076036773622036,0.16256104409694672,0.3289235234260559,0.0076619829051196575,0.5592513084411621,1.5042872428894043,0.00031999280326999724,8.03104019165039,0.0015758499503135681,0.007112092338502407,0.0001786866778274998,0.19519005715847015,0.2913477420806885,0.00598115473985672,0.5331189632415771,1.5084232091903687,,,
300,model.layers.1.mlp.gate_proj.weight,8192,3072,0.0001220703125,0.00014110391202848405,8.834916114807129,-0.0007026353268884122,0.07653207331895828,0.00048213836271315813,0.22584621608257294,0.2293061912059784,0.00931487139314413,0.5734961032867432,1.5170023441314697,0.00012822366261389107,17.302295684814453,0.0010608095908537507,0.010984198190271854,0.00037638505455106497,0.2779827415943146,0.19842496514320374,0.0107044642791152,0.4963724911212921,1.5127017498016357,,,
300,model.layers.1.mlp.up_proj.weight,8192,3072,0.0001220703125,0.0001341563620371744,7.7293548583984375,-0.00044996917131356895,0.09271251410245895,0.00017600854334887117,0.25367939472198486,0.22247645258903503,0.006681834813207388,0.549687385559082,1.5237987041473389,0.0001253877708222717,16.028392791748047,0.0012352572521194816,0.011054253205657005,0.0001589761523064226,0.2924717366695404,0.19501306116580963,0.009798877872526646,0.49188756942749023,1.513046383857727,,,
300,model.layers.1.mlp.down_proj.weight,3072,8192,0.0001220703125,0.00014917270164005458,1.006616234779358,-2.9256005291244946e-05,1.4363629817962646,0.0015904265455901623,0.34772810339927673,0.1310516744852066,0.03147120401263237,0.43501371145248413,1.4100812673568726,0.00014437746722251177,27.585756301879883,0.0011195752304047346,0.011093989945948124,0.0010069332784041762,0.2435423731803894,0.23071837425231934,0.024932321161031723,0.49135079979896545,1.415661096572876,0.07122015953063965,0.06996066868305206,0.6585102081298828
300,model.layers.14.mlp.gate_proj.weight,8192,3072,0.0001220703125,0.0001180351828224957,2.8808860778808594,0.00017563170695211738,0.14957036077976227,0.0005776109173893929,0.21278676390647888,0.24243594706058502,0.0062667857855558395,0.5461578369140625,1.5236880779266357,0.00013000701437704265,12.71380615234375,0.0012888760538771749,0.011006508953869343,0.0005641456809826195,0.25056153535842896,0.21800969541072845,0.010475968942046165,0.4978077709674835,1.5116939544677734,,,
300,model.layers.14.mlp.up_proj.weight,8192,3072,0.0001220703125,0.0001504598476458341,2.753772497177124,0.0003651044680736959,0.1703946590423584,0.00046748336171731353,0.255380779504776,0.21478985249996185,0.008453880436718464,0.4797021746635437,1.5137473344802856,0.00013991187734063715,11.662053108215332,0.001082874252460897,0.011020745150744915,0.0005473296041600406,0.2722034454345703,0.20256632566452026,0.010965363122522831,0.47570371627807617,1.5054113864898682,,,
300,model.layers.14.mlp.down_proj.weight,3072,8192,0.0001220703125,0.00013942018267698586,4.382824897766113,0.00035140488762408495,0.18166035413742065,0.0003924674238078296,0.2522622048854828,0.2334405928850174,0.031009936705231667,0.4709441661834717,1.3722188472747803,0.00013395390124060214,15.238761901855469,0.00106383569072932,0.01103026419878006,0.0005812612944282591,0.24600054323673248,0.2300042361021042,0.03869808837771416,0.4846687316894531,1.3805525302886963,0.07653677463531494,0.0743134394288063,0.8686593770980835
300,model.layers.26.mlp.gate_proj.weight,8192,3072,0.0001220703125,0.0001956420310307294,3.0019421577453613,0.0005868099397048354,0.07150135189294815,0.001403602072969079,0.18737542629241943,0.24055688083171844,0.009223188273608685,0.556093692779541,1.5139858722686768,0.00012729587615467608,9.283796310424805,0.001424433314241469,0.010936220176517963,0.0006794818327762187,0.24056614935398102,0.21887533366680145,0.010177243500947952,0.4947805106639862,1.515946865081787,,,
300,model.layers.26.mlp.up_proj.weight,8192,3072,0.0001220703125,0.00015241488290484995,2.9688785076141357,0.0011278187157586217,0.11026811599731445,0.0029047830030322075,0.14363476634025574,0.29746389389038086,0.01760602369904518,0.6259007453918457,1.5141046047210693,0.0001373323902953416,9.84709644317627,-0.0005541308782994747,0.010971038602292538,0.0008400848601013422,0.2263897955417633,0.23264910280704498,0.011694202199578285,0.49691295623779297,1.508707880973816,,,
300,model.layers.26.mlp.down_proj.weight,3072,8192,0.0001220703125,0.00011907258158316836,1.842065691947937,0.0012308139121159911,0.1068265363574028,0.001065520802512765,0.1283317506313324,0.36364710330963135,0.01910816691815853,0.593070924282074,1.4479116201400757,0.00013284357555676252,8.297417640686035,0.0004524210235103965,0.010893394239246845,0.0004412331327330321,0.2280079573392868,0.25390321016311646,0.01808197610080242,0.5208796858787537,1.4492014646530151,0.08119802922010422,0.07756637036800385,0.8761320114135742
310,model.layers.1.self_attn.q_proj.weight,3072,3072,0.0003255208333333333,0.00029735814314335585,2.6147961616516113,-0.00034668055013753474,0.07325141131877899,0.0026628870982676744,0.18225546181201935,0.17968298494815826,0.010139638558030128,0.5630797147750854,1.477248191833496,0.0004357047437224537,12.795790672302246,0.0017908152658492327,0.006838283967226744,0.001820811303332448,0.4024988114833832,0.09817998856306076,0.022142557427287102,0.30792999267578125,1.4371976852416992,0.07347974181175232,0.07717073708772659,0.7880809307098389
310,model.layers.1.self_attn.k_proj.weight,1024,3072,0.0003255208333333333,0.0004256242245901376,2.1030220985412598,-0.0005112481885589659,0.06627198308706284,0.0009402019786648452,0.0880357101559639,0.1855403631925583,0.008093983866274357,0.7633122801780701,1.4475377798080444,0.0005906005972065032,9.207367897033691,0.0012499801814556122,0.003928858321160078,0.002154957503080368,0.3121715486049652,0.14646001160144806,0.015723329037427902,0.43609461188316345,1.4285011291503906,,,
310,model.layers.1.self_attn.v_proj.weight,1024,3072,0.0003255208333333333,0.0001271095679840073,1.8110381364822388,-0.0008869566954672337,0.38635388016700745,9.173809667117894e-05,0.13927975296974182,0.363322377204895,0.012536541558802128,0.5595605969429016,1.4610989093780518,0.000468674668809399,9.837359428405762,0.0029233298264443874,0.004047477152198553,0.0002557777042966336,0.2942681908607483,0.19330710172653198,0.014425774104893208,0.478096604347229,1.450113296508789,,,
310,model.layers.1.self_attn.o_proj.weight,3072,3072,0.0003255208333333333,0.00032917511998675764,5.135164260864258,-0.0008993345545604825,0.20903539657592773,0.0004727675695903599,0.24272064864635468,0.23147368431091309,0.01745728775858879,0.4865592122077942,1.4472217559814453,0.0003204095992259681,6.92360782623291,0.0015675232280045748,0.007048313971608877,0.0003791869094129652,0.2333824336528778,0.24714018404483795,0.014316207729279995,0.4937798082828522,1.464920997619629,,,
310,model.layers.14.self_attn.q_proj.weight,3072,3072,0.0003255208333333333,0.0003230778675060719,2.780202627182007,0.0007881078054197133,0.12330565601587296,0.0007725410396233201,0.15920521318912506,0.2883014380931854,0.00745821837335825,0.6268765330314636,1.4942724704742432,0.000331736053340137,8.275948524475098,0.0003373210784047842,0.006993820890784264,0.0008940095431171358,0.2762734591960907,0.19007177650928497,0.014235422015190125,0.48260030150413513,1.4623527526855469,0.07623060047626495,0.07903901487588882,0.8433687090873718
310,model.layers.14.self_attn.k_proj.weight,1024,3072,0.0003255208333333333,0.00040782144060358405,4.8284993171691895,0.0013357688440009952,0.10635216534137726,0.0006904975743964314,0.17662487924098969,0.20765912532806396,0.01184175442904234,0.6990846991539001,1.4323002099990845,0.0004159922245889902,5.841937065124512,-0.0005487531307153404,0.00421551801264286,0.0011217213468626142,0.2730838656425476,0.18269802629947662,0.020009299740195274,0.5175714492797852,1.4123390913009644,,,
310,model.layers.14.self_attn.v_proj.weight,1024,3072,0.0003255208333333333,0.00032034015748649836,3.4741883277893066,0.001051328144967556,0.33131641149520874,0.0003347859892528504,0.23146866261959076,0.2562156021595001,0.016675425693392754,0.510822594165802,1.4358537197113037,0.0004414134018588811,10.609047889709473,-3.133943391731009e-05,0.003922383300960064,0.0003235763288103044,0.27632763981819153,0.21159906685352325,0.011813385412096977,0.47054582834243774,1.4566729068756104,,,
310,model.layers.14.self_attn.o_proj.weight,3072,3072,0.0003255208333333333,0.00031632609898224473,3.9874329566955566,0.00059459637850523,0.30005621910095215,0.0001160504252766259,0.22384168207645416,0.2521532475948334,0.02492828294634819,0.43043017387390137,1.4307866096496582,0.0003352014464326203,9.872347831726074,0.0007063350058160722,0.006779108662158251,0.00023836491163820028,0.20098865032196045,0.2715875208377838,0.032005395740270615,0.44713470339775085,1.4064205884933472,,,
310,model.layers.26.self_attn.q_proj.weight,3072,3072,0.0003255208333333333,0.0003860221477225423,2.013124704360962,-0.0016270909691229463,0.049215685576200485,0.0034360948484390974,0.15631072223186493,0.263205349445343,0.026105046272277832,0.6483083963394165,1.4497089385986328,0.00038502272218465805,8.775084495544434,-0.0003096979344263673,0.006666931789368391,0.0015781796537339687,0.24394357204437256,0.2144090086221695,0.02048289030790329,0.5051034092903137,1.437814474105835,0.08500771969556808,0.07973851263523102,0.8302915096282959
310,model.layers.26.self_attn.k_proj.weight,1024,3072,0.0003255208333333333,0.0005481422413140535,2.7195353507995605,-0.0030869506299495697,0.03914286941289902,0.0015709979925304651,0.2009434551000595,0.16503363847732544,0.013105841353535652,0.68099445104599,1.4442808628082275,0.0005070357583463192,10.058382987976074,0.00047298360732384026,0.003853966947644949,0.0016596259083598852,0.2443152368068695,0.19789503514766693,0.021028252318501472,0.5271838903427124,1.3843685388565063,,,
310,model.layers.26.self_attn.v_proj.weight,1024,3072,0.0003255208333333333,0.00027527468046173453,2.509307384490967,-0.0017309783725067973,0.049571290612220764,0.00027253080043010414,0.16169388592243195,0.3385334312915802,0.03349446505308151,0.5395470857620239,1.4097751379013062,0.0003624503151513636,6.333792209625244,0.0010187405860051513,0.0038741452153772116,0.0001368021039525047,0.23278407752513885,0.25871801376342773,0.011267033405601978,0.5025450587272644,1.450283408164978,,,
310,model.layers.26.self_attn.o_proj.weight,3072,3072,0.0003255208333333333,0.00037150573916733265,3.7511634826660156,-0.0010116762714460492,0.05507820472121239,0.00021526672935578972,0.16007815301418304,0.3313663601875305,0.005107146222144365,0.5615593791007996,1.508390188217163,0.00033622782211750746,7.028206825256348,0.0009854806121438742,0.006730235181748867,0.00015299193910323083,0.18682098388671875,0.3021547496318817,0.0057027810253202915,0.5456245541572571,1.503252387046814,,,
310,model.layers.1.mlp.gate_proj.weight,8192,3072,0.0001220703125,0.00013782872701995075,5.80399227142334,-0.0005622812313959002,0.12337621301412582,0.0006939527811482549,0.22598350048065186,0.22868706285953522,0.00960326474159956,0.562894344329834,1.513407826423645,0.00012874079402536154,16.54151153564453,0.0020288301166146994,0.011267582885921001,0.00044890845310874283,0.27748093008995056,0.19791556894779205,0.010955149307847023,0.494865357875824,1.5093778371810913,,,
310,model.layers.1.mlp.up_proj.weight,8192,3072,0.0001220703125,0.00013255902740638703,5.558370113372803,-0.00038998431409709156,0.1490601748228073,0.00012454084935598075,0.2519744336605072,0.22529427707195282,0.006978218909353018,0.5469033122062683,1.521952748298645,0.00013303406012710184,15.366889953613281,0.0018332191975787282,0.011328165419399738,0.00019847486692015082,0.29186683893203735,0.1957155466079712,0.009905227459967136,0.4918748736381531,1.5121351480484009,,,
310,model.layers.1.mlp.down_proj.weight,3072,8192,0.0001220703125,0.00016976513143163174,1.0077807903289795,-2.8679633032879792e-05,2.044466733932495,0.002355129923671484,0.3393917977809906,0.12992985546588898,0.047752946615219116,0.4312021732330322,1.4027565717697144,0.00015199177141766995,23.902578353881836,0.001692463643848896,0.011280570179224014,0.0011959742987528443,0.24479827284812927,0.23022037744522095,0.02367831952869892,0.48785144090652466,1.4221270084381104,0.07289381325244904,0.07633707672357559,0.6595532298088074
310,model.layers.14.mlp.gate_proj.weight,8192,3072,0.0001220703125,0.00011820140207419172,3.213139295578003,-0.0007025622180663049,0.19772857427597046,0.0007594818016514182,0.2296508550643921,0.21663101017475128,0.007341204211115837,0.5104607939720154,1.523719072341919,0.00013363081961870193,10.438417434692383,0.0016820013988763094,0.010918727144598961,0.0005196254351176322,0.2528057396411896,0.21596263349056244,0.010423146188259125,0.499531090259552,1.5139790773391724,,,
310,model.layers.14.mlp.up_proj.weight,8192,3072,0.0001220703125,0.00013288625632412732,4.11879825592041,-0.0006415005773305893,0.22178326547145844,0.0006745128193870187,0.2415800839662552,0.22325477004051208,0.009412256069481373,0.49376824498176575,1.5153290033340454,0.0001419971085852012,9.096400260925293,0.001376816537231207,0.010938367806375027,0.000512856466230005,0.27503639459609985,0.2001158744096756,0.011250747367739677,0.4731535017490387,1.508617877960205,,,
310,model.layers.14.mlp.down_proj.weight,3072,8192,0.0001220703125,0.00013613146438729018,4.182864665985107,-0.0005914384382776916,0.24573983252048492,0.0006829217309132218,0.2474484145641327,0.21969933807849884,0.06017975136637688,0.4370727837085724,1.359554648399353,0.00014361146895680577,10.870111465454102,0.0013598487712442875,0.010920367203652859,0.0005620004958473146,0.24895311892032623,0.22683866322040558,0.039311692118644714,0.47943177819252014,1.3715870380401611,0.08113110065460205,0.08003201335668564,0.852216362953186
310,model.layers.26.mlp.gate_proj.weight,8192,3072,0.0001220703125,0.00014889946032781154,4.625430107116699,-0.00027352027245797217,0.08196807652711868,0.0008895618375390768,0.20492234826087952,0.23701399564743042,0.00770478555932641,0.5394261479377747,1.5163369178771973,0.00012488359061535448,7.55126953125,-0.00016702669381629676,0.010207440704107285,0.000827274052426219,0.23785367608070374,0.2185310572385788,0.010957141406834126,0.496011883020401,1.5152065753936768,,,
310,model.layers.26.mlp.up_proj.weight,8192,3072,0.0001220703125,0.0001278689451282844,3.9674689769744873,-0.00015973357949405909,0.11546943336725235,0.00223762565292418,0.16302736103534698,0.2818153500556946,0.015291552059352398,0.5995463132858276,1.5218456983566284,0.0001118446234613657,8.538681983947754,-0.00045223976485431194,0.010314283892512321,0.001209084177389741,0.2243376076221466,0.2316868156194687,0.011921003460884094,0.49679791927337646,1.513554334640503,,,
310,model.layers.26.mlp.down_proj.weight,3072,8192,0.0001220703125,0.000120357028208673,2.074716091156006,-0.00016255717491731048,0.119904063642025,0.0013159842928871512,0.14462296664714813,0.34622329473495483,0.022009791806340218,0.5800794363021851,1.4514135122299194,0.00013637631491292268,7.119907855987549,0.00014646399358753115,0.010476130060851574,0.000685861159581691,0.21863774955272675,0.26084497570991516,0.02059253863990307,0.5378413796424866,1.446713924407959,0.08021622151136398,0.07537661492824554,0.8619164824485779
320,model.layers.1.self_attn.q_proj.weight,3072,3072,0.0003255208333333333,0.00022873005946166813,1.644716501235962,-0.00020993327780161053,0.06953391432762146,0.0012343792477622628,0.13003242015838623,0.18961666524410248,0.005287636071443558,0.6863802671432495,1.484773874282837,0.000380469806259498,16.427352905273438,-2.9905946576036513e-05,0.006838192697614431,0.001408092794008553,0.4018288254737854,0.10321161895990372,0.021426964551210403,0.3166026175022125,1.4401991367340088,0.09722724556922913,0.09620324522256851,0.7507706880569458
320,model.layers.1.self_attn.k_proj.weight,1024,3072,0.0003255208333333333,0.00032752123661339283,1.2739533185958862,-0.0002923108113463968,0.06815113127231598,0.000343337538652122,0.03834118694067001,0.19636614620685577,0.0028767073526978493,0.9163002371788025,1.4458119869232178,0.0005213938420638442,8.035253524780273,0.0011661142343655229,0.004030759446322918,0.0008719274192117155,0.30448800325393677,0.16150322556495667,0.014348859898746014,0.4642018973827362,1.4367284774780273,,,
320,model.layers.1.self_attn.v_proj.weight,1024,3072,0.0003255208333333333,0.0001493140443926677,1.7892180681228638,0.0009574528667144477,0.2592933475971222,8.781431097304448e-05,0.13731428980827332,0.36945030093193054,0.01080907043069601,0.5684153437614441,1.4555037021636963,0.00045277614844962955,10.736553192138672,0.0012027794728055596,0.003961081150919199,0.000295323203317821,0.2927614748477936,0.19397811591625214,0.014345498755574226,0.48267948627471924,1.4369405508041382,,,
320,model.layers.1.self_attn.o_proj.weight,3072,3072,0.0003255208333333333,0.0003453750105109066,4.656037330627441,0.0009758318774402142,0.1396416425704956,0.0005559655255638063,0.26282522082328796,0.21312269568443298,0.01825959049165249,0.4750182330608368,1.4421333074569702,0.00033301711664535105,7.176469326019287,0.0012683828826993704,0.006914221215993166,0.0003903029137291014,0.23417158424854279,0.24670252203941345,0.01498305331915617,0.48787441849708557,1.4630918502807617,,,
320,model.layers.14.self_attn.q_proj.weight,3072,3072,0.0003255208333333333,0.0003199326165486127,2.490338087081909,-0.00013126659905537963,0.08638689666986465,0.0006212969310581684,0.1521683931350708,0.296079158782959,0.007117549888789654,0.6389062404632568,1.4886173009872437,0.00034979317570105195,9.756954193115234,0.0004310151853132993,0.006760912947356701,0.0009143059141933918,0.26385897397994995,0.19988642632961273,0.014723646454513073,0.4967212677001953,1.456077218055725,0.07813260704278946,0.07633309066295624,0.83326655626297
320,model.layers.14.self_attn.k_proj.weight,1024,3072,0.0003255208333333333,0.0003300000971648842,2.856196880340576,-0.00023297658481169492,0.06686315685510635,0.0007682460709474981,0.16984331607818604,0.2313726842403412,0.009909017011523247,0.708183765411377,1.435449481010437,0.00048806885024532676,16.361679077148438,0.00022146663104649633,0.00378834898583591,0.0011646503116935492,0.28133338689804077,0.17754314839839935,0.018540333956480026,0.5098010897636414,1.4100639820098877,,,
320,model.layers.14.self_attn.v_proj.weight,1024,3072,0.0003255208333333333,0.00031205080449581146,3.6636722087860107,-0.000903145526535809,0.19237634539604187,0.0002463058917783201,0.2118704617023468,0.2740752100944519,0.012263541109859943,0.5314920544624329,1.4447565078735352,0.00041750006494112313,9.46869945526123,0.0009345915168523788,0.003908339887857437,0.00029147282475605607,0.2710362672805786,0.21562480926513672,0.011650452390313148,0.47873932123184204,1.447149395942688,,,
320,model.layers.14.self_attn.o_proj.weight,3072,3072,0.0003255208333333333,0.00029394609737209976,3.2932963371276855,-0.0004521161608863622,0.19611914455890656,0.0002668086381163448,0.15281805396080017,0.3097279369831085,0.05181249976158142,0.45462876558303833,1.3773177862167358,0.00031868426594883204,9.833391189575195,0.0012340855319052935,0.006822582799941301,0.0003323281416669488,0.18564441800117493,0.2861921489238739,0.037023257464170456,0.46066102385520935,1.3935425281524658,,,
320,model.layers.26.self_attn.q_proj.weight,3072,3072,0.0003255208333333333,0.000337410339852795,2.626528024673462,0.0009113067062571645,0.04167943075299263,0.0023559951223433018,0.1675000935792923,0.2545816898345947,0.021927770227193832,0.632063090801239,1.4445044994354248,0.0003205515968147665,8.650432586669922,-0.000964180682785809,0.006879058666527271,0.0008780973148532212,0.24583181738853455,0.21349655091762543,0.016726000234484673,0.5141064524650574,1.4539883136749268,0.07713368535041809,0.07658456265926361,0.8494654893875122
320,model.layers.26.self_attn.k_proj.weight,1024,3072,0.0003255208333333333,0.000521106063388288,2.5854711532592773,0.0015206902753561735,0.03772830590605736,0.0007138861110433936,0.22572208940982819,0.17265285551548004,0.013267677277326584,0.6509826183319092,1.4423773288726807,0.00048272672574967146,15.790861129760742,-0.003627937752753496,0.0038943998515605927,0.001043408876284957,0.24583205580711365,0.20119597017765045,0.018026115372776985,0.5309954881668091,1.4018504619598389,,,
320,model.layers.26.self_attn.v_proj.weight,1024,3072,0.0003255208333333333,0.0003313820343464613,2.4194233417510986,-4.842626367462799e-05,0.046280521899461746,0.00044119395897723734,0.14274422824382782,0.3647467792034149,0.051575805991888046,0.5666249394416809,1.4234846830368042,0.0003762120904866606,5.492518424987793,-0.0016886965604498982,0.0039458549581468105,0.0002961900318041444,0.21908274292945862,0.2693595290184021,0.016178447753190994,0.5209295749664307,1.4354561567306519,,,
320,model.layers.26.self_attn.o_proj.weight,3072,3072,0.0003255208333333333,0.0003782853309530765,3.5089352130889893,-2.7315307306707837e-05,0.05024160072207451,0.0003879120631609112,0.15111161768436432,0.34051281213760376,0.006945780944079161,0.5688380599021912,1.5031300783157349,0.00033337544300593436,6.583141803741455,-0.0005588032654486597,0.006974806543439627,0.00022077196626923978,0.1878543198108673,0.29899734258651733,0.006872446741908789,0.5405865907669067,1.5008012056350708,,,
320,model.layers.1.mlp.gate_proj.weight,8192,3072,0.0001220703125,0.00015645274834241718,6.460331916809082,-0.0006114711868576705,0.08545652776956558,0.0007049608393572271,0.22653357684612274,0.23099207878112793,0.010843461379408836,0.5706497430801392,1.5120612382888794,0.0001287506747758016,16.51373291015625,0.001214261632412672,0.01120060309767723,0.00040730563341639936,0.2765824496746063,0.19913192093372345,0.011235672980546951,0.49655580520629883,1.512558937072754,,,
320,model.layers.1.mlp.up_proj.weight,8192,3072,0.0001220703125,0.00013472477439790964,6.371368408203125,-0.0004145806888118386,0.1015850380063057,0.00015157987945713103,0.25744232535362244,0.22018946707248688,0.007604576181620359,0.5458446145057678,1.5218446254730225,0.00012762867845594883,15.358137130737305,0.0011836643097922206,0.011202514171600342,0.00016398506704717875,0.29036325216293335,0.19648711383342743,0.010004080832004547,0.4943881332874298,1.5120960474014282,,,
320,model.layers.1.mlp.down_proj.weight,3072,8192,0.0001220703125,0.00015195041487459093,1.0084919929504395,-3.0469262128463015e-05,1.3931430578231812,0.0010762263555079699,0.32437261939048767,0.14452804625034332,0.022044522687792778,0.47994187474250793,1.4112588167190552,0.0001367938530165702,19.755388259887695,0.001092630554921925,0.011261078529059887,0.0005191143718548119,0.23887746036052704,0.2362842708826065,0.02414647489786148,0.500590443611145,1.4177329540252686,0.07206021249294281,0.07219648361206055,0.6380837559700012
320,model.layers.14.mlp.gate_proj.weight,8192,3072,0.0001220703125,0.00011246614303672686,2.687798261642456,2.147717896150425e-05,0.12351532280445099,0.0004829716053791344,0.21816208958625793,0.22832292318344116,0.005446416791528463,0.5223990678787231,1.5254451036453247,0.00013292845687828958,12.089362144470215,0.0011708493111655116,0.010855126194655895,0.000560751068405807,0.25008517503738403,0.21816617250442505,0.01015076320618391,0.500008761882782,1.5165235996246338,,,
320,model.layers.14.mlp.up_proj.weight,8192,3072,0.0001220703125,0.00012743804836645722,3.1013519763946533,-7.757691491860896e-05,0.15330860018730164,0.0007384635973721743,0.22616587579250336,0.22715891897678375,0.00941540952771902,0.4966769218444824,1.5133230686187744,0.00013760711590293795,9.911210060119629,0.0009133154526352882,0.010997310280799866,0.0004544199036899954,0.2681639492511749,0.20460788905620575,0.010228284634649754,0.47849589586257935,1.5111119747161865,,,
320,model.layers.14.mlp.down_proj.weight,3072,8192,0.0001220703125,0.00013306706387083977,4.766315937042236,-7.645181904081255e-05,0.15750670433044434,0.0006639265338890254,0.20975370705127716,0.2613360285758972,0.053437620401382446,0.4977177679538727,1.3568273782730103,0.00014302167983260006,12.209562301635742,0.0011096236994490027,0.011167285032570362,0.0005131596699357033,0.2360096126794815,0.2410038858652115,0.03511641174554825,0.506415605545044,1.396472454071045,0.07889002561569214,0.07475254684686661,0.8830158114433289
320,model.layers.26.mlp.gate_proj.weight,8192,3072,0.0001220703125,0.00014749530237168074,3.2453958988189697,-0.0008872115868143737,0.0827634409070015,0.0009510424570180476,0.18683825433254242,0.24273912608623505,0.00826985388994217,0.5491588711738586,1.5195895433425903,0.00013882736675441265,9.166661262512207,0.0014331130078062415,0.009989283978939056,0.0008854676852934062,0.23900088667869568,0.21653015911579132,0.011649620719254017,0.4859364330768585,1.508907437324524,,,
320,model.layers.26.mlp.up_proj.weight,8192,3072,0.0001220703125,8.393444295506924e-05,3.1060869693756104,-0.00043369291233830154,0.12451302260160446,0.0010559327201917768,0.14324431121349335,0.30236461758613586,0.009795580990612507,0.645171046257019,1.528012990951538,0.0001268720079679042,8.363134384155273,0.000545466027688235,0.010388320311903954,0.0008643431356176734,0.21952587366104126,0.23465260863304138,0.011711747385561466,0.49830880761146545,1.5087648630142212,,,
320,model.layers.26.mlp.down_proj.weight,3072,8192,0.0001220703125,9.333196067018434e-05,1.7894753217697144,-0.0004834320570807904,0.11855408549308777,0.001244190614670515,0.12573644518852234,0.36133837699890137,0.023764360696077347,0.586888313293457,1.4456926584243774,0.00012749337474815547,6.125936508178711,0.0009912155801430345,0.010732727125287056,0.0005838106735609472,0.2056589275598526,0.271371066570282,0.019501227885484695,0.5614822506904602,1.4391820430755615,0.07750778645277023,0.0800701379776001,0.8592269420623779
330,model.layers.1.self_attn.q_proj.weight,3072,3072,0.0003255208333333333,0.0003254603361710906,2.328735113143921,0.0010857873130589724,0.06329507380723953,0.0019414314301684499,0.16836455464363098,0.18967989087104797,0.008134313859045506,0.6111465692520142,1.4843368530273438,0.00045212008990347385,8.047990798950195,0.0003081705654039979,0.00675136037170887,0.002097244141623378,0.3965890407562256,0.10246053338050842,0.021158160641789436,0.3202645778656006,1.4446651935577393,0.07144346088171005,0.07022669911384583,0.7902984023094177
330,model.layers.1.self_attn.k_proj.weight,1024,3072,0.0003255208333333333,0.00041746185161173344,1.9546712636947632,0.001642374787479639,0.055197447538375854,0.0009662561933510005,0.07481155544519424,0.21236726641654968,0.0035278690047562122,0.8437368273735046,1.4711968898773193,0.0005469012539833784,6.0883259773254395,-0.00011352539149811491,0.004058182239532471,0.0017303485656157136,0.29792821407318115,0.15932035446166992,0.014976976439356804,0.45736733078956604,1.4178961515426636,,,
330,model.layers.1.self_attn.v_proj.weight,1024,3072,0.0003255208333333333,0.00012053456157445908,1.7145389318466187,0.0004032871511299163,0.32156649231910706,0.0001393612037645653,0.1273154318332672,0.38759124279022217,0.015599235892295837,0.5908854603767395,1.4431183338165283,0.000493365281727165,5.360016345977783,-0.0017447348218411207,0.00401225034147501,0.0002524213632568717,0.2963610291481018,0.193589985370636,0.014289462007582188,0.4749703109264374,1.4368222951889038,,,
330,model.layers.1.self_attn.o_proj.weight,3072,3072,0.0003255208333333333,0.00032521053799428046,4.643603324890137,0.00041378100286237895,0.1714629977941513,0.0005152048543095589,0.23723770678043365,0.23658594489097595,0.016909612342715263,0.48879826068878174,1.4477710723876953,0.000341644452419132,6.76839017868042,0.00013522669905796647,0.006851942278444767,0.0003074171836487949,0.23399963974952698,0.24740029871463776,0.012944317422807217,0.5020533204078674,1.4757267236709595,,,
330,model.layers.14.self_attn.q_proj.weight,3072,3072,0.0003255208333333333,0.0003385547024663538,1.375123143196106,0.0007554464391432703,0.23651796579360962,0.0004523449460975826,0.12930558621883392,0.31503021717071533,0.005255453288555145,0.7013230323791504,1.485532522201538,0.0003468217037152499,7.282217502593994,3.1585517717758194e-05,0.006877451203763485,0.0012061888119205832,0.2638234794139862,0.197492778301239,0.016814759001135826,0.5001678466796875,1.4496748447418213,0.09142671525478363,0.0935819000005722,0.7754954099655151
330,model.layers.14.self_attn.k_proj.weight,1024,3072,0.0003255208333333333,0.00039480035775341094,2.810260534286499,0.0015860074199736118,0.16501490771770477,0.0007230866467580199,0.18725080788135529,0.20747998356819153,0.009580009616911411,0.6788315176963806,1.4526137113571167,0.0004921728977933526,11.89422607421875,-0.0009905262850224972,0.0038537948857992887,0.0008855346241034567,0.2731907069683075,0.18067240715026855,0.017994960770010948,0.5243220925331116,1.4141234159469604,,,
330,model.layers.14.self_attn.v_proj.weight,1024,3072,0.0003255208333333333,0.0003614866582211107,2.1709535121917725,0.0019032801501452923,0.39816930890083313,0.00026187399635091424,0.25934043526649475,0.2281702160835266,0.014811966568231583,0.4785733222961426,1.4335756301879883,0.00042338247294537723,7.628241062164307,0.0006062428001314402,0.003925665281713009,0.0003080276073887944,0.2725580930709839,0.21451151371002197,0.014488744549453259,0.4708634614944458,1.441384196281433,,,
330,model.layers.14.self_attn.o_proj.weight,3072,3072,0.0003255208333333333,0.0003396013635210693,2.522777557373047,0.0009596357122063637,0.40469568967819214,0.000122124285553582,0.21707291901111603,0.28077933192253113,0.03381172567605972,0.46907588839530945,1.3955020904541016,0.0003414708480704576,9.366167068481445,0.0006454335525631905,0.006798956077545881,0.00026260054437443614,0.1956414431333542,0.28362295031547546,0.03099904954433441,0.4648103415966034,1.4194939136505127,,,
330,model.layers.26.self_attn.q_proj.weight,3072,3072,0.0003255208333333333,0.0004143948608543724,2.5255870819091797,0.000171855281223543,0.06146728992462158,0.0014455699129030108,0.17956647276878357,0.26611122488975525,0.016286712139844894,0.624199628829956,1.4421868324279785,0.00034179072827100754,7.981439113616943,0.0011047199368476868,0.007188364397734404,0.0010203609708696604,0.25392866134643555,0.20761725306510925,0.01668858341872692,0.5001427531242371,1.4532415866851807,0.0817178264260292,0.0830976665019989,0.7735504508018494
330,model.layers.26.self_attn.k_proj.weight,1024,3072,0.0003255208333333333,0.000618049583863467,3.25356388092041,0.00033221987541764975,0.04856216534972191,0.001137845916673541,0.20228822529315948,0.18618907034397125,0.012211719527840614,0.6646543741226196,1.4459806680679321,0.0004693878290709108,12.044068336486816,0.0014525559963658452,0.004085584077984095,0.0012395998928695917,0.2569025158882141,0.19179889559745789,0.017749039456248283,0.5065481662750244,1.4156254529953003,,,
330,model.layers.26.self_attn.v_proj.weight,1024,3072,0.0003255208333333333,0.00023696977586951107,2.3742029666900635,-0.000842070032376796,0.06304192543029785,0.00029628389165736735,0.16955891251564026,0.293565958738327,0.09667880088090897,0.487020343542099,1.4218415021896362,0.00033065743627958,7.028407096862793,0.002265871036797762,0.003872721688821912,0.00020904201664961874,0.2391987293958664,0.25057709217071533,0.013696441426873207,0.48951995372772217,1.4426862001419067,,,
330,model.layers.26.self_attn.o_proj.weight,3072,3072,0.0003255208333333333,0.0003361353592481464,3.008883237838745,-0.0005676092114299536,0.06098417937755585,0.0010004945797845721,0.17194519937038422,0.30033349990844727,0.018209489062428474,0.4906809329986572,1.4804658889770508,0.00033382559195160866,6.973507881164551,0.0014752302085980773,0.006804686039686203,0.00023694631818216294,0.19476227462291718,0.28832998871803284,0.008819246664643288,0.514898955821991,1.483541488647461,,,
330,model.layers.1.mlp.gate_proj.weight,8192,3072,0.0001220703125,0.00014422550157178193,7.091896057128906,1.900365896290168e-05,0.09997926652431488,0.00041889757267199457,0.21452771127223969,0.2373225837945938,0.008994612842798233,0.5927793383598328,1.5137395858764648,0.00012696693011093885,12.390419960021973,0.0004846086958423257,0.011066501960158348,0.0005445926217362285,0.2768769860267639,0.19604358077049255,0.011688142083585262,0.49609309434890747,1.508882761001587,,,
330,model.layers.1.mlp.up_proj.weight,8192,3072,0.0001220703125,0.0001536408526590094,7.5966973304748535,6.681013360321231e-07,0.11711061000823975,0.00018124775670003146,0.24531012773513794,0.2308792918920517,0.007181199733167887,0.5624107718467712,1.5224323272705078,0.00012681353837251663,10.769902229309082,0.0006940870080143213,0.011112053878605366,0.00022477476159110665,0.2901972532272339,0.19447331130504608,0.009860384277999401,0.493283748626709,1.5128339529037476,,,
330,model.layers.1.mlp.down_proj.weight,3072,8192,0.0001220703125,0.00014058758097235113,1.005590796470642,-1.251962800097317e-07,1.9999581575393677,0.0016961753135547042,0.33881959319114685,0.13413797318935394,0.03454684466123581,0.4457628130912781,1.4186381101608276,0.0001423964713467285,10.089734077453613,0.0007063884986564517,0.01113266870379448,0.0006723810220137239,0.24158267676830292,0.23470990359783173,0.02246076799929142,0.49659255146980286,1.4302589893341064,0.06825359165668488,0.0692678838968277,0.6504909992218018
330,model.layers.14.mlp.gate_proj.weight,8192,3072,0.0001220703125,0.0001332599058514461,2.2897276878356934,0.0014491963665932417,0.2393520027399063,0.0006311005563475192,0.21010221540927887,0.238626167178154,0.00788462907075882,0.5494140386581421,1.521597146987915,0.00012719884398393333,9.983046531677246,0.0010013849241659045,0.01071247924119234,0.0006155493319965899,0.2513265609741211,0.2165379375219345,0.010705328546464443,0.49835047125816345,1.5124480724334717,,,
330,model.layers.14.mlp.up_proj.weight,8192,3072,0.0001220703125,0.00015490251826122403,2.3274264335632324,0.0010082251392304897,0.27635061740875244,0.0005920188268646598,0.2459132820367813,0.2186828851699829,0.011168614029884338,0.4972655773162842,1.5091750621795654,0.00014489241584669799,8.239089012145996,0.0010608024895191193,0.01091314572840929,0.0005047464510425925,0.27415338158607483,0.2012425810098648,0.010010099969804287,0.4733826816082001,1.511181116104126,,,
330,model.layers.14.mlp.down_proj.weight,3072,8192,0.0001220703125,0.00014428065333049744,2.337103843688965,0.0008208817453123629,0.3467463552951813,0.0003877292911056429,0.22096407413482666,0.2569728195667267,0.04005029425024986,0.5291147828102112,1.3804116249084473,0.00013308147026691586,10.556612014770508,0.0010372496908530593,0.010949304327368736,0.00047999119851738214,0.23911148309707642,0.23891399800777435,0.03299107402563095,0.5074140429496765,1.4108216762542725,0.08711114525794983,0.08534031361341476,0.7939720749855042
330,model.layers.26.mlp.gate_proj.weight,8192,3072,0.0001220703125,0.00015483482275158167,3.7209548950195312,-7.78164976509288e-05,0.08715923130512238,0.0008933870703913271,0.2107810527086258,0.23488816618919373,0.008600577712059021,0.5302640795707703,1.512310266494751,0.00012329018500167876,4.982700347900391,0.0006360136903822422,0.011773429811000824,0.000614471617154777,0.2392914891242981,0.22078900039196014,0.009654037654399872,0.5062286853790283,1.5172663927078247,,,
330,model.layers.26.mlp.up_proj.weight,8192,3072,0.0001220703125,0.00010764773469418287,4.371397972106934,-0.00010826940706465393,0.10178983211517334,0.0010609861928969622,0.18159975111484528,0.2726871371269226,0.010783566161990166,0.5731706023216248,1.5196819305419922,0.00012550261453725398,5.386411190032959,0.0004613340715877712,0.01161790918558836,0.0007901864591985941,0.23423781991004944,0.22546006739139557,0.01059810258448124,0.49419787526130676,1.514451265335083,,,
330,model.layers.26.mlp.down_proj.weight,3072,8192,0.0001220703125,0.00010953252058243379,2.3069944381713867,-9.366904123453423e-05,0.12496408820152283,0.0005363649688661098,0.18629102408885956,0.30411291122436523,0.015199769288301468,0.5281434059143066,1.455688238143921,0.0001304575998801738,6.013686656951904,0.0007069199346005917,0.011545099318027496,0.00028203180409036577,0.23407086730003357,0.2468780130147934,0.016948582604527473,0.5064198970794678,1.4416723251342773,0.0773220956325531,0.07724761217832565,0.8540652394294739
340,model.layers.1.self_attn.q_proj.weight,3072,3072,0.0003255208333333333,0.00028710757032968104,3.009145975112915,-0.0016708311159163713,0.05484010651707649,0.002123722340911627,0.18981237709522247,0.2002878040075302,0.010601646266877651,0.5543221831321716,1.4699389934539795,0.00041873022564686835,9.121042251586914,-0.0004218591202516109,0.006547249387949705,0.0023900410160422325,0.3965287208557129,0.09698604047298431,0.021826453506946564,0.31022173166275024,1.438899040222168,0.09468011558055878,0.0918421521782875,0.6953787207603455
340,model.layers.1.self_attn.k_proj.weight,1024,3072,0.0003255208333333333,0.00048614852130413055,2.0623035430908203,-0.0023426488041877747,0.05168219655752182,0.0006194045417942107,0.0817481130361557,0.19901543855667114,0.003560153767466545,0.8366006016731262,1.4743212461471558,0.0005883373669348657,6.412529945373535,-0.0026027027051895857,0.00390974385663867,0.0012697414495050907,0.29514044523239136,0.15328194200992584,0.014255995862185955,0.46384960412979126,1.4232158660888672,,,
340,model.layers.1.self_attn.v_proj.weight,1024,3072,0.0003255208333333333,0.00011812155571533367,1.7861955165863037,-0.0007671209168620408,0.392121821641922,8.225616329582408e-05,0.15514642000198364,0.3399501442909241,0.009692895226180553,0.5211817622184753,1.438767671585083,0.0004390282556414604,8.58171558380127,-0.0011674851411953568,0.0038618312682956457,0.00018478100537322462,0.29424551129341125,0.1947202980518341,0.012704157270491123,0.48112279176712036,1.442259669303894,,,
340,model.layers.1.self_attn.o_proj.weight,3072,3072,0.0003255208333333333,0.00032581001869402826,3.779336452484131,-0.0008278198074549437,0.19816623628139496,0.0006397017859853804,0.24858440458774567,0.22252197563648224,0.016097771003842354,0.4900344908237457,1.453284502029419,0.0003429126227274537,5.871039867401123,0.0006140284240245819,0.006798496935516596,0.0003828358603641391,0.22675968706607819,0.25500670075416565,0.013737854547798634,0.5042547583580017,1.4683301448822021,,,
340,model.layers.14.self_attn.q_proj.weight,3072,3072,0.0003255208333333333,0.0003274103510193527,2.087127685546875,0.0006247576675377786,0.08515601605176926,0.000489783298689872,0.17337346076965332,0.28473302721977234,0.007265012711286545,0.5892899632453918,1.4923019409179688,0.00034070381661877036,8.31624698638916,0.00030069288914091885,0.006207605358213186,0.0008019615197554231,0.2687513828277588,0.19416967034339905,0.015138786286115646,0.49269142746925354,1.4581356048583984,0.07675468921661377,0.07633762061595917,0.8381909728050232
340,model.layers.14.self_attn.k_proj.weight,1024,3072,0.0003255208333333333,0.00043599557830020785,3.942589521408081,0.001179270213469863,0.06685339659452438,0.0012109369272366166,0.1784418225288391,0.21307136118412018,0.010355854406952858,0.6873193383216858,1.446040391921997,0.0005121754948049784,11.884193420410156,-0.001183835556730628,0.003512928495183587,0.0012545863864943385,0.27810776233673096,0.17651890218257904,0.01974152773618698,0.5084247589111328,1.4055759906768799,,,
340,model.layers.14.self_attn.v_proj.weight,1024,3072,0.0003255208333333333,0.0002839215158019215,2.2586827278137207,-7.073286724335048e-06,0.26763466000556946,0.00015177097520790994,0.20403847098350525,0.29172220826148987,0.012754231691360474,0.5442897081375122,1.450250506401062,0.0004059469501953572,8.756282806396484,0.0006023081368766725,0.0038017078768461943,0.0002528512559365481,0.27470946311950684,0.21306845545768738,0.010406184010207653,0.4693293571472168,1.4690221548080444,,,
340,model.layers.14.self_attn.o_proj.weight,3072,3072,0.0003255208333333333,0.0003020695876330137,1.7389434576034546,-4.749478648591321e-06,0.25253546237945557,0.00010041747009381652,0.17176009714603424,0.2877025306224823,0.019786423072218895,0.4275157153606415,1.4276525974273682,0.0003209085843991488,9.965536117553711,0.0006998611497692764,0.0066342540085315704,0.00016914430307224393,0.21138553321361542,0.26935163140296936,0.022239459678530693,0.45730018615722656,1.4476433992385864,,,
340,model.layers.26.self_attn.q_proj.weight,3072,3072,0.0003255208333333333,0.000508426979649812,3.5800631046295166,-0.00039960345020517707,0.03123587556183338,0.0034560333006083965,0.16863341629505157,0.26555365324020386,0.028083667159080505,0.6159112453460693,1.4312456846237183,0.0003382065042387694,8.924087524414062,0.00036844340502284467,0.006338017992675304,0.0010467380052432418,0.2553779184818268,0.2077093869447708,0.017612632364034653,0.49360138177871704,1.4525351524353027,0.07039669901132584,0.06993218511343002,0.8682863116264343
340,model.layers.26.self_attn.k_proj.weight,1024,3072,0.0003255208333333333,0.0005199299193918705,3.099729537963867,-0.0006337312515825033,0.02964015118777752,0.0012516205897554755,0.18978603184223175,0.18797138333320618,0.011617367155849934,0.6773247718811035,1.454624056816101,0.0004118527576792985,8.273484230041504,-0.0010650462936609983,0.003687838790938258,0.0015467696357518435,0.2539043426513672,0.1890363246202469,0.01491727214306593,0.5146570205688477,1.4265438318252563,,,
340,model.layers.26.self_attn.v_proj.weight,1024,3072,0.0003255208333333333,0.0002503774012438953,2.0093939304351807,-0.0018832409987226129,0.05118731036782265,0.0002103073347825557,0.14384770393371582,0.34152621030807495,0.06566819548606873,0.5212978720664978,1.4337081909179688,0.00034344298182986677,5.907701015472412,0.0008563512819819152,0.00371430441737175,0.00020496317301876843,0.23690366744995117,0.25704917311668396,0.013122379779815674,0.5007615089416504,1.4524797201156616,,,
340,model.layers.26.self_attn.o_proj.weight,3072,3072,0.0003255208333333333,0.0003525703796185553,3.1694483757019043,-0.0012473134556785226,0.05029476806521416,0.0005444749258458614,0.15996767580509186,0.32412680983543396,0.006810640450567007,0.5500245690345764,1.509002923965454,0.00033793607144616544,5.72046422958374,0.0004654521180782467,0.0065649026073515415,0.00013756203406956047,0.18706098198890686,0.2989460825920105,0.006160669028759003,0.5222288966178894,1.5064172744750977,,,
340,model.layers.1.mlp.gate_proj.weight,8192,3072,0.0001220703125,0.0002183601463912055,6.409470558166504,0.0002517069224268198,0.11981045454740524,0.0007275543757714331,0.23615701496601105,0.21390469372272491,0.009517497383058071,0.5560336112976074,1.5144479274749756,0.0001330094673903659,12.350746154785156,7.71609484218061e-05,0.011109858751296997,0.00042566677439026535,0.2743969261646271,0.20125049352645874,0.010871531441807747,0.5001682639122009,1.511897325515747,,,
340,model.layers.1.mlp.up_proj.weight,8192,3072,0.0001220703125,0.0001353677362203598,5.91299295425415,0.00038772777770645916,0.1476271152496338,0.0001787818328011781,0.26247638463974,0.2138795107603073,0.007145834155380726,0.5345582962036133,1.520993709564209,0.0001299022842431441,11.041289329528809,0.00012599799083545804,0.011118360795080662,0.00017417014169041067,0.28904271125793457,0.19761976599693298,0.00962000247091055,0.4932209849357605,1.514204740524292,,,
340,model.layers.1.mlp.down_proj.weight,3072,8192,0.0001220703125,0.00016872718697413802,1.0057307481765747,2.4356722860829905e-05,2.339367151260376,0.0023094050120562315,0.3417714238166809,0.1282774657011032,0.04869714379310608,0.4270090162754059,1.4205009937286377,0.00015242004883475602,14.3230562210083,0.0002536122046876699,0.011050943285226822,0.0014206201303750277,0.23983407020568848,0.23431293666362762,0.024734122678637505,0.4961080253124237,1.4252703189849854,0.09815001487731934,0.09637244790792465,0.5440267324447632
340,model.layers.14.mlp.gate_proj.weight,8192,3072,0.0001220703125,0.00010886121890507638,1.6072701215744019,-0.00023052368487697095,0.17584285140037537,0.0008583778981119394,0.24004676938056946,0.206350177526474,0.008956500329077244,0.5022439360618591,1.5246250629425049,0.00013320177095010877,9.315876960754395,0.0008823929238133132,0.01075197197496891,0.0005275284638628364,0.25521120429039,0.21433380246162415,0.0109825124964118,0.4917145371437073,1.5114271640777588,,,
340,model.layers.14.mlp.up_proj.weight,8192,3072,0.0001220703125,0.000130380954942666,1.420566439628601,-0.00033406008151359856,0.2415705770254135,0.0006053848192095757,0.25738051533699036,0.2021798938512802,0.008429380133748055,0.46875426173210144,1.5174593925476074,0.00014862474927213043,8.158467292785645,0.0009959477465599775,0.010954665951430798,0.0004040932981297374,0.277312308549881,0.2005261927843094,0.009667984209954739,0.4682362675666809,1.5122157335281372,,,
340,model.layers.14.mlp.down_proj.weight,3072,8192,0.0001220703125,0.00013345057959668338,1.561018466949463,-0.00033883130527101457,0.24368424713611603,0.0003525535576045513,0.2606810927391052,0.2163137048482895,0.030839430168271065,0.41658973693847656,1.3826286792755127,0.00013448124809656292,9.566964149475098,0.0011106918100267649,0.010811853222548962,0.0003934275300707668,0.2568207085132599,0.22562026977539062,0.028316935524344444,0.4787161648273468,1.4271295070648193,0.09067932516336441,0.08317804336547852,0.8045268058776855
340,model.layers.26.mlp.gate_proj.weight,8192,3072,0.0001220703125,0.0001422947971150279,3.3880977630615234,0.0010505309328436852,0.07477868348360062,0.001530128763988614,0.19187211990356445,0.23989227414131165,0.009457321837544441,0.5373820662498474,1.516218662261963,0.00012131468974985182,7.698861598968506,0.0014616912230849266,0.010336884297430515,0.0008883842965587974,0.2391510158777237,0.21859899163246155,0.011202536523342133,0.5023103952407837,1.5166544914245605,,,
340,model.layers.26.mlp.up_proj.weight,8192,3072,0.0001220703125,0.00011541240382939577,3.5203590393066406,-7.788671791786328e-05,0.10935994237661362,0.0012064906768500805,0.14913161098957062,0.2959313690662384,0.01099518034607172,0.6227489113807678,1.5226471424102783,0.00012163920473540202,8.446514129638672,0.0012692929012700915,0.01028982549905777,0.0007620914257131517,0.2275659739971161,0.22937704622745514,0.010716983117163181,0.4997057616710663,1.5121852159500122,,,
340,model.layers.26.mlp.down_proj.weight,3072,8192,0.0001220703125,0.00010175114584853873,1.5386508703231812,-6.825741002103314e-05,0.13198554515838623,0.0011707983212545514,0.135667622089386,0.35083886981010437,0.017472820356488228,0.5534114837646484,1.4511096477508545,0.0001306722842855379,6.411736011505127,0.0012155872536823153,0.01040001679211855,0.00033305856049992144,0.22882021963596344,0.25249770283699036,0.015460791066288948,0.5202286243438721,1.457716464996338,0.08023949712514877,0.0781191810965538,0.8343291878700256
350,model.layers.1.self_attn.q_proj.weight,3072,3072,0.0003255208333333333,0.0003760861000046134,3.799386739730835,0.0004735843394882977,0.033185526728630066,0.0017447255086153746,0.1774982064962387,0.21910759806632996,0.008678239770233631,0.5877436995506287,1.4865636825561523,0.0004571410536300391,12.02379035949707,-0.0030089705251157284,0.006676941644400358,0.0017053296323865652,0.40248554944992065,0.09793402999639511,0.019397690892219543,0.31169313192367554,1.458421230316162,0.07491139322519302,0.06978901475667953,0.7772408127784729
350,model.layers.1.self_attn.k_proj.weight,1024,3072,0.0003255208333333333,0.0004716406110674143,3.6175765991210938,0.0007419064058922231,0.027687696740031242,0.001559677766636014,0.10025212168693542,0.2106255143880844,0.005744975060224533,0.779860258102417,1.4612830877304077,0.000544573413208127,8.167350769042969,-0.0035827113315463066,0.003959263674914837,0.0021396002266556025,0.29185929894447327,0.15126854181289673,0.013034106232225895,0.47758474946022034,1.4379386901855469,,,
350,model.layers.1.self_attn.v_proj.weight,1024,3072,0.0003255208333333333,0.00016305988538078964,2.1687958240509033,0.0004479542258195579,0.20011669397354126,6.448555359384045e-05,0.17564193904399872,0.3186734914779663,0.00960660818964243,0.49824243783950806,1.4361070394515991,0.0004442069912329316,5.815160751342773,-0.0006383066065609455,0.003954525105655193,0.0003339046670589596,0.29825010895729065,0.19147031009197235,0.013739614747464657,0.46764039993286133,1.4090882539749146,,,
350,model.layers.1.self_attn.o_proj.weight,3072,3072,0.0003255208333333333,0.0003292544570285827,2.269512414932251,0.00044519713264890015,0.11014851182699203,0.0004746537597384304,0.2584015130996704,0.22142741084098816,0.014708276838064194,0.5038356781005859,1.4524224996566772,0.0003303564735688269,7.561604022979736,0.0008155041141435504,0.006695082876831293,0.0005643063341267407,0.23786398768424988,0.24202699959278107,0.016185391694307327,0.48472368717193604,1.4625372886657715,,,
350,model.layers.14.self_attn.q_proj.weight,3072,3072,0.0003255208333333333,0.00034808021155186,3.5211422443389893,-0.0006377090467140079,0.07517631351947784,0.0007741118315607309,0.16659127175807953,0.283855140209198,0.01136211771517992,0.5997797846794128,1.4785089492797852,0.00035843890509568155,11.14882755279541,0.0021191672421991825,0.0066825649701058865,0.0008694517309777439,0.26785385608673096,0.19470441341400146,0.015383856371045113,0.49433431029319763,1.4551441669464111,0.07694464176893234,0.07318414002656937,0.8478068113327026
350,model.layers.14.self_attn.k_proj.weight,1024,3072,0.0003255208333333333,0.0004026811511721462,4.415909290313721,-0.0011278742458671331,0.06251280754804611,0.0009344711434096098,0.20345355570316315,0.20076292753219604,0.012909972108900547,0.6575227379798889,1.448659896850586,0.0004813470004592091,17.520368576049805,0.003088155994191766,0.00376161583699286,0.0009628415573388338,0.2857438921928406,0.1723881959915161,0.01841227151453495,0.5074882507324219,1.4078171253204346,,,
350,model.layers.14.self_attn.v_proj.weight,1024,3072,0.0003255208333333333,0.0003776270605158061,2.282797336578369,0.0002487003512214869,0.2645590603351593,0.0001227646425832063,0.2608775198459625,0.21864469349384308,0.008521683514118195,0.44812828302383423,1.4327694177627563,0.00042163796024397016,8.395177841186523,0.001159995561465621,0.003958059474825859,0.00022829961380921304,0.27317923307418823,0.21102042496204376,0.011054739356040955,0.46956199407577515,1.46834397315979,,,
350,model.layers.14.self_attn.o_proj.weight,3072,3072,0.0003255208333333333,0.00031048100208863616,2.9587395191192627,0.00014548006583936512,0.23348049819469452,0.0001046095130732283,0.2673552930355072,0.22602170705795288,0.02391987293958664,0.45537644624710083,1.413163661956787,0.00031884084455668926,8.61691951751709,0.0011293335119262338,0.006836547516286373,0.00023442461679223925,0.20355887711048126,0.2704950273036957,0.03230338916182518,0.4481832683086395,1.407010555267334,,,
350,model.layers.26.self_attn.q_proj.weight,3072,3072,0.0003255208333333333,0.0004708699998445809,2.296384334564209,-0.0018454412929713726,0.03527425602078438,0.0029030898585915565,0.17123731970787048,0.25764235854148865,0.024326415732502937,0.6221266388893127,1.4403014183044434,0.00032166700111702085,8.991559028625488,0.0006628719274885952,0.006377332378178835,0.001304349396377802,0.2426643818616867,0.21418191492557526,0.018859291449189186,0.5122807025909424,1.4418575763702393,0.07417909055948257,0.07666311413049698,0.8371279239654541
350,model.layers.26.self_attn.k_proj.weight,1024,3072,0.0003255208333333333,0.0005685916403308511,2.3753981590270996,-0.003152105025947094,0.03132902830839157,0.0014973614597693086,0.20842982828617096,0.1618434190750122,0.011421570554375648,0.6629863977432251,1.4354772567749023,0.0004032481519971043,14.4854097366333,0.0011674570851027966,0.0036494166124612093,0.0012300089001655579,0.251051664352417,0.1989389955997467,0.01670282520353794,0.5154790282249451,1.4273103475570679,,,
350,model.layers.26.self_attn.v_proj.weight,1024,3072,0.0003255208333333333,0.00025223876582458615,2.6987526416778564,-0.0022975467145442963,0.037061646580696106,7.510194700444117e-05,0.19119641184806824,0.3118249177932739,0.015188478864729404,0.5036554932594299,1.444287896156311,0.00036398120573721826,6.034626483917236,0.00086388667114079,0.003750933799892664,0.00014704119530506432,0.23796220123767853,0.2491033375263214,0.009764177724719048,0.48629090189933777,1.464808702468872,,,
350,model.layers.26.self_attn.o_proj.weight,3072,3072,0.0003255208333333333,0.0003440163272898644,3.7536351680755615,-0.0013669567415490746,0.040490392595529556,0.00016509261331520975,0.19832991063594818,0.2908691167831421,0.004933825694024563,0.5107678174972534,1.5089523792266846,0.0003481980529613793,7.125535488128662,0.0008400409715250134,0.0064603122882544994,0.00016498898912686855,0.195265993475914,0.29147958755493164,0.005715124309062958,0.5327278971672058,1.5109809637069702,,,
350,model.layers.1.mlp.gate_proj.weight,8192,3072,0.0001220703125,0.00017908056906890124,2.744601011276245,-0.000468493381049484,0.06239074468612671,0.0008323283982463181,0.2575221657752991,0.20080186426639557,0.009873520582914352,0.5424069166183472,1.5144803524017334,0.0001337323774350807,15.629487037658691,-0.00031714356737211347,0.011051462963223457,0.00043226892012171447,0.2773697078227997,0.19864074885845184,0.011318948119878769,0.4977177083492279,1.5096440315246582,,,
350,model.layers.1.mlp.up_proj.weight,8192,3072,0.0001220703125,0.00013056329044047743,2.7998270988464355,-0.00022387245553545654,0.07266169786453247,0.0003845790051855147,0.26829054951667786,0.20320065319538116,0.00879864301532507,0.5291318893432617,1.5183707475662231,0.00012863105803262442,14.975879669189453,-0.0003049537481274456,0.011044317856431007,0.00018091133097186685,0.2914281487464905,0.19546988606452942,0.010405763983726501,0.49182143807411194,1.5129022598266602,,,
350,model.layers.1.mlp.down_proj.weight,3072,8192,0.0001220703125,0.0001561569224577397,1.0079832077026367,-1.5161122973950114e-05,1.0649824142456055,0.0014090081676840782,0.331671804189682,0.13960622251033783,0.027938291430473328,0.46315327286720276,1.4315952062606812,0.00015270232688635588,15.146795272827148,-0.00023853675520513207,0.01104903593659401,0.0013073162408545613,0.23878514766693115,0.23538339138031006,0.026919307187199593,0.4996154308319092,1.4092326164245605,0.07767970114946365,0.07479044049978256,0.6601946949958801
350,model.layers.14.mlp.gate_proj.weight,8192,3072,0.0001220703125,0.00012623499787878245,3.640672445297241,-0.00032084205304272473,0.1363023966550827,0.0004536104388535023,0.2249871790409088,0.23290008306503296,0.00583305349573493,0.5379505157470703,1.5279245376586914,0.00012576970038935542,11.08746337890625,0.00139523739926517,0.011213066056370735,0.000485912780277431,0.25088781118392944,0.21875983476638794,0.00961480475962162,0.49596914649009705,1.517372965812683,,,
350,model.layers.14.mlp.up_proj.weight,8192,3072,0.0001220703125,0.00014067413576412946,3.360079765319824,-0.00021494233806151897,0.17329667508602142,0.0004823075432796031,0.24489726126194,0.2250707745552063,0.009419904090464115,0.48890581727027893,1.515470027923584,0.0001555359485791996,8.992002487182617,0.0017692877445369959,0.011304076761007309,0.0005559184937737882,0.27018681168556213,0.2039656788110733,0.009907309897243977,0.47551026940345764,1.514085292816162,,,
350,model.layers.14.mlp.down_proj.weight,3072,8192,0.0001220703125,0.0001405508810421452,3.341978073120117,-0.0001846655795816332,0.20631206035614014,0.0003454562393017113,0.24382562935352325,0.236990824341774,0.03708557412028313,0.4795292317867279,1.4127638339996338,0.0001395525614498183,10.356668472290039,0.0014538338873535395,0.01129000075161457,0.000662992533762008,0.24448569118976593,0.22967855632305145,0.04071025177836418,0.48494502902030945,1.3907785415649414,0.08100703358650208,0.08083294332027435,0.8319810628890991
350,model.layers.26.mlp.gate_proj.weight,8192,3072,0.0001220703125,0.0001445800589863211,3.8765995502471924,-0.0005823949468322098,0.06172686070203781,0.0007212985074147582,0.18532410264015198,0.2483528107404709,0.007997835986316204,0.5738145112991333,1.5148065090179443,0.00013183799455873668,9.42419147491455,0.0010072458535432816,0.01003461703658104,0.0006952231051400304,0.23741956055164337,0.21994350850582123,0.010927091352641582,0.49743181467056274,1.5126917362213135,,,
350,model.layers.26.mlp.up_proj.weight,8192,3072,0.0001220703125,0.00011294908472336829,4.011083126068115,-0.0003024505276698619,0.0820675864815712,0.0008698822930455208,0.15926089882850647,0.29793021082878113,0.01073112990707159,0.6200180649757385,1.5198427438735962,0.0001207099630846642,8.954510688781738,0.00014223079779185355,0.010164880193769932,0.00073259137570858,0.22622638940811157,0.22971533238887787,0.010986623354256153,0.4957883358001709,1.5134103298187256,,,
350,model.layers.26.mlp.down_proj.weight,3072,8192,0.0001220703125,0.00010278956324327737,2.1258907318115234,-0.0002953863295260817,0.08993367850780487,0.0008764840313233435,0.16274122893810272,0.32802295684814453,0.02105267532169819,0.544714629650116,1.45367431640625,0.00012779445387423038,6.838972568511963,0.00038277957355603576,0.010366911068558693,0.00035852883593179286,0.2200256884098053,0.2615909278392792,0.017042694613337517,0.5379518270492554,1.4440726041793823,0.07859798520803452,0.0765295922756195,0.8763037919998169
360,model.layers.1.self_attn.q_proj.weight,3072,3072,0.0003255208333333333,0.0003808900073636323,2.5659022331237793,0.0012516077840700746,0.04821742698550224,0.0010103024542331696,0.168660506606102,0.23824690282344818,0.005864878185093403,0.6248368620872498,1.4854652881622314,0.0004118311626370996,15.575448036193848,-0.00048189732478931546,0.006573911756277084,0.0017016257625073195,0.4018246829509735,0.09958545118570328,0.02090325392782688,0.306786447763443,1.4455864429473877,0.09016305953264236,0.08922960609197617,0.6900030374526978
360,model.layers.1.self_attn.k_proj.weight,1024,3072,0.0003255208333333333,0.0005246885702945292,2.032708168029785,0.0022030791733413935,0.03627626225352287,0.0010403025662526488,0.09714692085981369,0.20510034263134003,0.0037044971249997616,0.8118332028388977,1.4762629270553589,0.0006368731847032905,10.672849655151367,-0.0019094377057626843,0.0037993495352566242,0.0009713973267935216,0.31641316413879395,0.1469075083732605,0.013717785477638245,0.4476088881492615,1.4385789632797241,,,
360,model.layers.1.self_attn.v_proj.weight,1024,3072,0.0003255208333333333,0.00015518380678258836,1.9254026412963867,0.0003088783996645361,0.29699695110321045,6.443498568842188e-05,0.09983647614717484,0.43108925223350525,0.007453135680407286,0.6715915203094482,1.4565627574920654,0.0004608438757713884,10.696939468383789,-0.0008322091307491064,0.0038379982579499483,0.00021366094006225467,0.2937849462032318,0.19499161839485168,0.012484163045883179,0.47731849551200867,1.4517513513565063,,,
360,model.layers.1.self_attn.o_proj.weight,3072,3072,0.0003255208333333333,0.00035874295281246305,1.4227581024169922,0.0002324531233171001,0.217550590634346,0.00018146258662454784,0.16248339414596558,0.34907957911491394,0.006245933007448912,0.5774381160736084,1.4554095268249512,0.0003370691556483507,7.5772857666015625,0.0002679093449842185,0.006593343336135149,0.0004017172323074192,0.23344609141349792,0.24726301431655884,0.01526302844285965,0.4903908669948578,1.4637515544891357,,,
360,model.layers.14.self_attn.q_proj.weight,3072,3072,0.0003255208333333333,0.00032751288381405175,1.0878757238388062,8.07715259725228e-05,0.24933883547782898,0.0004778764850925654,0.23404432833194733,0.2025575190782547,0.00424465024843812,0.41145581007003784,1.496962308883667,0.00033564932527951896,11.324522972106934,0.0005671430844813585,0.006546257063746452,0.0008811918087303638,0.26760584115982056,0.19579264521598816,0.013809727504849434,0.49464377760887146,1.4637359380722046,0.09940391778945923,0.10060136020183563,0.5829756259918213
360,model.layers.14.self_attn.k_proj.weight,1024,3072,0.0003255208333333333,0.00023285907809622586,1.136267066001892,0.00014650447701569647,0.19878511130809784,0.0004979993682354689,0.17170481383800507,0.2134893238544464,0.005987996235489845,0.6981827616691589,1.4369386434555054,0.00042520128772594035,11.606391906738281,0.0005325166857801378,0.0037513410206884146,0.0009855383541435003,0.2762312591075897,0.17801231145858765,0.017055314034223557,0.5226942896842957,1.4172731637954712,,,
360,model.layers.14.self_attn.v_proj.weight,1024,3072,0.0003255208333333333,0.00035617180401459336,1.4452004432678223,-0.003054306609556079,0.6005019545555115,3.798886245931499e-05,0.24586470425128937,0.24501033127307892,0.0031320771668106318,0.5322154760360718,1.47604238986969,0.00043014553375542164,8.746837615966797,0.0018813591450452805,0.003722917288541794,0.0003343071439303458,0.2715904116630554,0.2150629460811615,0.011804772540926933,0.4781506657600403,1.4435304403305054,,,
360,model.layers.14.self_attn.o_proj.weight,3072,3072,0.0003255208333333333,0.00033798100776039064,1.1505833864212036,-0.0015289799775928259,0.6111945509910583,1.253134360013064e-05,0.2948026955127716,0.21154074370861053,0.006098870653659105,0.43841078877449036,1.4140024185180664,0.00031987717375159264,8.538636207580566,0.001406485796906054,0.006675763987004757,0.00027521722950041294,0.1925273835659027,0.27934956550598145,0.03321215137839317,0.45226261019706726,1.4035022258758545,,,
360,model.layers.26.self_attn.q_proj.weight,3072,3072,0.0003255208333333333,0.0003720124950632453,2.1764469146728516,0.00047331032692454755,0.047370899468660355,0.001581586548127234,0.1658007800579071,0.27873289585113525,0.01614288054406643,0.642886221408844,1.4343467950820923,0.0003325480211060494,8.23755931854248,0.0003974087885580957,0.006586805917322636,0.001162109081633389,0.24774612486362457,0.21109378337860107,0.019426561892032623,0.5013207793235779,1.4414217472076416,0.08396926522254944,0.08257628977298737,0.7774258255958557
360,model.layers.26.self_attn.k_proj.weight,1024,3072,0.0003255208333333333,0.0006474472465924919,2.881248950958252,0.0009471448720432818,0.03617338463664055,0.000989098334684968,0.23340775072574615,0.17014893889427185,0.01381432730704546,0.6252873539924622,1.4468061923980713,0.00042695141746662557,9.39259147644043,-0.0009067811770364642,0.003860102267935872,0.0008660267340019345,0.24131549894809723,0.19985635578632355,0.017498642206192017,0.529501736164093,1.4169727563858032,,,
360,model.layers.26.self_attn.v_proj.weight,1024,3072,0.0003255208333333333,0.00023827711993362755,2.1210596561431885,-0.0013578312937170267,0.061581242829561234,5.431753379525617e-05,0.20800769329071045,0.30332159996032715,0.012290334329009056,0.46553799510002136,1.43838632106781,0.0003380989655852318,6.7758331298828125,0.0019583338871598244,0.0038633381482213736,0.00011954001092817634,0.23429365456104279,0.25415679812431335,0.00962715782225132,0.4938642084598541,1.4555411338806152,,,
360,model.layers.26.self_attn.o_proj.weight,3072,3072,0.0003255208333333333,0.0003602544602472335,1.2719757556915283,-0.0006513412808999419,0.08335554599761963,0.00010270793427480385,0.12786127626895905,0.37406688928604126,0.004255332984030247,0.5447974801063538,1.5076797008514404,0.00032250102958641946,6.506013870239258,0.0011546008754521608,0.006669887341558933,0.00015961707686074078,0.18778803944587708,0.29942023754119873,0.005816977936774492,0.5379675030708313,1.502397060394287,,,
360,model.layers.1.mlp.gate_proj.weight,8192,3072,0.0001220703125,0.00013571791350841522,2.1281449794769287,0.00025354776880703866,0.10090597718954086,0.00037354358937591314,0.22069601714611053,0.24182617664337158,0.00872113835066557,0.5600147247314453,1.516072392463684,0.00012805932783521712,16.074979782104492,0.0008023438858799636,0.011237034574151039,0.0003842544392682612,0.27620095014572144,0.20106005668640137,0.011002720333635807,0.4945831894874573,1.5099151134490967,,,
360,model.layers.1.mlp.up_proj.weight,8192,3072,0.0001220703125,0.00015637624892406166,2.1549599170684814,-2.2700676709064282e-05,0.11717832088470459,0.00018137373263016343,0.2517514228820801,0.22619637846946716,0.006819011177867651,0.5350102186203003,1.5206530094146729,0.0001268494816031307,15.480691909790039,0.0008792385342530906,0.011179003864526749,0.00018943774921353906,0.2915213406085968,0.19659781455993652,0.010329744778573513,0.48905086517333984,1.50917649269104,,,
360,model.layers.1.mlp.down_proj.weight,3072,8192,0.0001220703125,0.00013805193884763867,1.0045613050460815,-1.1444224128354108e-06,2.2782487869262695,0.001348355202935636,0.33212780952453613,0.13917581737041473,0.028599532321095467,0.4625347852706909,1.3938162326812744,0.00014917341468390077,22.432823181152344,0.000890101189725101,0.011073801666498184,0.0008960588602349162,0.2460494190454483,0.22932069003582,0.026882218196988106,0.48389729857444763,1.4026613235473633,0.09559988975524902,0.0974276214838028,0.49975037574768066
360,model.layers.14.mlp.gate_proj.weight,8192,3072,0.0001220703125,0.00014552286302205175,1.3102092742919922,-0.0001427981915185228,0.3945450484752655,0.0006202145596034825,0.2253197431564331,0.23142170906066895,0.008472438901662827,0.5211748480796814,1.5257540941238403,0.00012967357179149985,8.325626373291016,0.0015558201121166348,0.011355691589415073,0.0004856771556660533,0.2507784962654114,0.21709392964839935,0.010758493095636368,0.4968549609184265,1.5113592147827148,,,
360,model.layers.14.mlp.up_proj.weight,8192,3072,0.0001220703125,0.00015269216964952648,1.4351013898849487,-0.0003959195164497942,0.38303107023239136,0.00026837707264348865,0.2706839442253113,0.2096112072467804,0.005514311138540506,0.47693517804145813,1.509589672088623,0.00013698638940695673,6.786585330963135,0.001402981230057776,0.011426815763115883,0.0005001967074349523,0.27386578917503357,0.20043767988681793,0.010070017538964748,0.4766445755958557,1.5088932514190674,,,
360,model.layers.14.mlp.down_proj.weight,3072,8192,0.0001220703125,0.00015027303015813231,1.4299123287200928,-0.00033407571027055383,0.466309517621994,0.00010732591181294993,0.27103301882743835,0.2257530242204666,0.012543999589979649,0.4592786431312561,1.4197845458984375,0.00013526073598768562,8.007392883300781,0.0012806092854589224,0.011437803506851196,0.0005729758995585144,0.250318318605423,0.2273125797510147,0.03617708012461662,0.4788946211338043,1.3763856887817383,0.11022791266441345,0.10990950465202332,0.5579999685287476
360,model.layers.26.mlp.gate_proj.weight,8192,3072,0.0001220703125,0.00014433970500249416,1.240107774734497,0.0009343368001282215,0.1406598836183548,0.0004973179311491549,0.29193687438964844,0.17451155185699463,0.004665291402488947,0.42031481862068176,1.5176186561584473,0.00012080615852028131,5.991379737854004,0.0009030529181472957,0.01062812004238367,0.0007443315116688609,0.23753464221954346,0.21873097121715546,0.010846838355064392,0.49954482913017273,1.5118175745010376,,,
360,model.layers.26.mlp.up_proj.weight,8192,3072,0.0001220703125,0.00010866327647818252,1.4721957445144653,0.0006668403511866927,0.14859215915203094,0.00047486656694673,0.21465784311294556,0.24411968886852264,0.006580189801752567,0.5444172620773315,1.5220472812652588,0.00012978044105693698,6.827025413513184,0.00019870097457896918,0.010777061805129051,0.001035739784128964,0.22840654850006104,0.22894449532032013,0.011143067851662636,0.49849173426628113,1.5120124816894531,,,
360,model.layers.26.mlp.down_proj.weight,3072,8192,0.0001220703125,0.00010612221376504749,1.4642596244812012,0.0006650902796536684,0.15809398889541626,0.0004284938331693411,0.22310373187065125,0.2549434006214142,0.014442937448620796,0.43765297532081604,1.4608066082000732,0.00013337147538550198,6.578495025634766,0.000779199181124568,0.010978556238114834,0.00044409724068827927,0.21999070048332214,0.2596384584903717,0.01702789030969143,0.531557559967041,1.445124864578247,0.09245660901069641,0.09576697647571564,0.7045500874519348
370,model.layers.1.self_attn.q_proj.weight,3072,3072,0.0003255208333333333,0.00030585803324356675,3.151762008666992,-0.00017241828027181327,0.07665640860795975,0.0019788502249866724,0.18302328884601593,0.2061271071434021,0.009413574822247028,0.5802009701728821,1.4843430519104004,0.00041420329944230616,13.186440467834473,0.0002918052196037024,0.006386080291122198,0.0019943229854106903,0.40336668491363525,0.09797795116901398,0.02103373408317566,0.30466949939727783,1.4437131881713867,0.08609611541032791,0.08461719751358032,0.7205069065093994
370,model.layers.1.self_attn.k_proj.weight,1024,3072,0.0003255208333333333,0.00038811512058600783,3.008871555328369,-0.0002608973591122776,0.06390991061925888,0.0020121424458920956,0.10179486125707626,0.206849604845047,0.006830411497503519,0.7943793535232544,1.4582626819610596,0.0005372478626668453,8.723814964294434,-0.00021513378305826336,0.003864298341795802,0.0009076090063899755,0.3127872943878174,0.1430887132883072,0.017193900421261787,0.4404255449771881,1.417127251625061,,,
370,model.layers.1.self_attn.v_proj.weight,1024,3072,0.0003255208333333333,0.00013016331649851054,1.8397986888885498,-0.00047175123472698033,0.43516984581947327,0.00011033860937459394,0.12693025171756744,0.3757941424846649,0.01482826005667448,0.5842698812484741,1.443672776222229,0.00045750950812362134,10.950794219970703,0.0005150822107680142,0.0036354309413582087,0.0002991127548739314,0.29069170355796814,0.19599275290966034,0.01580474153161049,0.48403400182724,1.433671236038208,,,
370,model.layers.1.self_attn.o_proj.weight,3072,3072,0.0003255208333333333,0.0003342275449540466,3.702575445175171,-0.00045007740845903754,0.24887964129447937,0.0004515745094977319,0.2229314148426056,0.25182315707206726,0.013932359404861927,0.519411563873291,1.4599815607070923,0.0003324442368466407,7.247185707092285,0.001380754867568612,0.006399454548954964,0.0005372262676246464,0.23031547665596008,0.24784646928310394,0.01557612419128418,0.4911724627017975,1.4628989696502686,,,
370,model.layers.14.self_attn.q_proj.weight,3072,3072,0.0003255208333333333,0.0003056880668736994,1.0445525646209717,-0.0007168492884375155,0.5575605034828186,0.0009885395411401987,0.2936597466468811,0.1274736523628235,0.008975851349532604,0.2630757689476013,1.4799385070800781,0.00037270633038133383,6.639492988586426,0.0019880987238138914,0.006663493346422911,0.0010486514074727893,0.27080655097961426,0.19257421791553497,0.014998449012637138,0.4798566401004791,1.4587032794952393,0.11119134724140167,0.11269428580999374,0.5424797534942627
370,model.layers.14.self_attn.k_proj.weight,1024,3072,0.0003255208333333333,0.00033788735163398087,1.0693832635879517,-0.0011487908195704222,0.5078644752502441,0.0004102393286302686,0.24663840234279633,0.20068877935409546,0.00883244164288044,0.5993348360061646,1.4359053373336792,0.0005335315363481641,5.9571380615234375,0.004193354398012161,0.003929871134459972,0.0008714399882592261,0.29469579458236694,0.16723093390464783,0.017673857510089874,0.49596452713012695,1.4092280864715576,,,
370,model.layers.14.self_attn.v_proj.weight,1024,3072,0.0003255208333333333,0.0003790460468735546,2.075193405151367,-0.0014399891952052712,0.7897258996963501,5.031548789702356e-05,0.27526915073394775,0.21746566891670227,0.003965921700000763,0.452443391084671,1.47895085811615,0.000396267743781209,6.872924327850342,0.002140654483810067,0.0040415613912045956,0.00021087148343212903,0.27596452832221985,0.2157174050807953,0.009628957137465477,0.473653107881546,1.4719715118408203,,,
370,model.layers.14.self_attn.o_proj.weight,3072,3072,0.0003255208333333333,0.00033383548725396395,1.6023340225219727,-0.000921699102036655,0.6322845816612244,7.079024362610653e-05,0.2938762903213501,0.21063879132270813,0.014383983798325062,0.42851024866104126,1.4137957096099854,0.00032671584631316364,6.914821624755859,0.0019433049019426107,0.006731138098984957,0.00022909362451173365,0.20864661037921906,0.26077497005462646,0.032131586223840714,0.43529191613197327,1.4138469696044922,,,
370,model.layers.26.self_attn.q_proj.weight,3072,3072,0.0003255208333333333,0.00038191641215234995,3.384150981903076,0.0010021961061283946,0.04640098288655281,0.0034367870539426804,0.17299988865852356,0.2622207999229431,0.026750808581709862,0.6106122732162476,1.4356502294540405,0.00034010352101176977,8.640218734741211,0.0024301446974277496,0.006228508893400431,0.0010188857559114695,0.24886684119701385,0.21061642467975616,0.018029842525720596,0.5008009076118469,1.4446260929107666,0.0688529759645462,0.07369540631771088,0.8534755706787109
370,model.layers.26.self_attn.k_proj.weight,1024,3072,0.0003255208333333333,0.0004341567400842905,3.2389121055603027,0.001702686189673841,0.04130033776164055,0.001181126106530428,0.23660744726657867,0.16873884201049805,0.01252867840230465,0.6337051391601562,1.4403177499771118,0.0004834095889236778,10.12264633178711,0.00396035797894001,0.003640974871814251,0.0013875195290893316,0.24814942479133606,0.19466620683670044,0.01821606419980526,0.5215944647789001,1.4106123447418213,,,
370,model.layers.26.self_attn.v_proj.weight,1024,3072,0.0003255208333333333,0.0002913146454375237,2.869117021560669,0.0023050920572131872,0.06080782413482666,5.580731885856949e-05,0.21099171042442322,0.30334949493408203,0.008372977375984192,0.5354635715484619,1.4634586572647095,0.00038390583358705044,5.883347034454346,0.0020980089902877808,0.003607169259339571,0.0002337580663152039,0.23606763780117035,0.25472912192344666,0.012827365659177303,0.5014128088951111,1.469495177268982,,,
370,model.layers.26.self_attn.o_proj.weight,3072,3072,0.0003255208333333333,0.00034802238224074244,3.151493549346924,0.0013599242083728313,0.06712505221366882,0.00013519050844479352,0.16827887296676636,0.3232870399951935,0.0045500248670578,0.5378954410552979,1.5064091682434082,0.0003519709862302989,6.659154415130615,0.0014985974412411451,0.006149669643491507,0.00022433747653849423,0.19679726660251617,0.2881516218185425,0.006057520862668753,0.5255459547042847,1.503537893295288,,,
370,model.layers.1.mlp.gate_proj.weight,8192,3072,0.0001220703125,0.00014312738494481891,6.17392110824585,-0.0004229485639370978,0.14276395738124847,0.0004233107320033014,0.2118365317583084,0.24963922798633575,0.009167270734906197,0.5871424674987793,1.5167913436889648,0.000126224709674716,17.797828674316406,0.0015044158790260553,0.010592990554869175,0.0003054197004530579,0.27444469928741455,0.20362170040607452,0.010725012049078941,0.49593034386634827,1.5120755434036255,,,
370,model.layers.1.mlp.up_proj.weight,8192,3072,0.0001220703125,0.00014085099974181503,5.836733341217041,-0.00011850755981868133,0.1657128632068634,0.0001236883399542421,0.24935778975486755,0.23168589174747467,0.007190939038991928,0.5473650693893433,1.520644187927246,0.0001312981330556795,16.807727813720703,0.001330963452346623,0.010556615889072418,0.0001524583640275523,0.28840991854667664,0.19977891445159912,0.009823841974139214,0.49273109436035156,1.514822244644165,,,
370,model.layers.1.mlp.down_proj.weight,3072,8192,0.0001220703125,0.00013166863936930895,1.0054633617401123,-6.73713020660216e-06,2.9074928760528564,0.0015521825989708304,0.3310573399066925,0.13830605149269104,0.03245189040899277,0.46002569794654846,1.4211738109588623,0.00014675746206194162,26.031944274902344,0.001228088978677988,0.010543294250965118,0.0007129991427063942,0.23964066803455353,0.23654188215732574,0.024098282679915428,0.49799829721450806,1.412544846534729,0.09188016504049301,0.093955859541893,0.5625907778739929
370,model.layers.14.mlp.gate_proj.weight,8192,3072,0.0001220703125,0.00013554695760831237,1.4507797956466675,-0.0002010454045375809,0.47078052163124084,0.0005793389864265919,0.23130790889263153,0.22641240060329437,0.0063144732266664505,0.5101683735847473,1.523138403892517,0.00014317981549538672,7.595468997955322,0.0008494539652019739,0.01106315478682518,0.0006113658309914172,0.2506563365459442,0.21946941316127777,0.011291694827377796,0.49520018696784973,1.510312795639038,,,
370,model.layers.14.mlp.up_proj.weight,8192,3072,0.0001220703125,0.0001348407386103645,1.546519160270691,1.838516072893981e-05,0.4478059411048889,0.00037314940709620714,0.2450387328863144,0.22507749497890472,0.007020013406872749,0.4812697172164917,1.5142602920532227,0.0001381489128107205,6.569563865661621,0.0011063156416639686,0.011222907342016697,0.00037797109689563513,0.26963236927986145,0.20705077052116394,0.009284300729632378,0.4734005630016327,1.5098495483398438,,,
370,model.layers.14.mlp.down_proj.weight,3072,8192,0.0001220703125,0.00013798970030620694,1.709736704826355,1.763404543453362e-05,0.5663177967071533,0.0001374526327708736,0.27252382040023804,0.22116515040397644,0.0174893569201231,0.45124128460884094,1.4225021600723267,0.00014166324399411678,8.024327278137207,0.001089886063709855,0.011205732822418213,0.0004159779055044055,0.2564959228038788,0.22545544803142548,0.029391320422291756,0.47688189148902893,1.417612075805664,0.0986519455909729,0.10119407624006271,0.7018393278121948
370,model.layers.26.mlp.gate_proj.weight,8192,3072,0.0001220703125,0.00013796558778267354,2.903165102005005,6.963290798012167e-05,0.0958472341299057,0.0009754866478033364,0.2290867120027542,0.21303115785121918,0.010315243154764175,0.49859896302223206,1.5137872695922852,0.0001166987422038801,8.660573959350586,0.00033997721038758755,0.00943847931921482,0.0007768429932184517,0.23575840890407562,0.21928289532661438,0.01099541038274765,0.49976056814193726,1.510541319847107,,,
370,model.layers.26.mlp.up_proj.weight,8192,3072,0.0001220703125,0.00010826324432855472,2.632765293121338,0.00034742680145427585,0.12350468337535858,0.0009709291625767946,0.1863470822572708,0.2633228003978729,0.009777850471436977,0.5709282755851746,1.518404483795166,0.00011845827248180285,8.501594543457031,0.00034667065483517945,0.009632600471377373,0.0007803168264217675,0.22567513585090637,0.23077093064785004,0.010878216475248337,0.49725502729415894,1.5128092765808105,,,
370,model.layers.26.mlp.down_proj.weight,3072,8192,0.0001220703125,0.0001083918396034278,1.846443772315979,0.00030710233841091394,0.146438866853714,0.0008973003714345396,0.17252852022647858,0.3058904707431793,0.022079532966017723,0.5279334187507629,1.451986312866211,0.00012680140207521617,6.148787975311279,0.0007058373303152621,0.00983299221843481,0.00032830535201355815,0.22136713564395905,0.258439302444458,0.017612215131521225,0.5302517414093018,1.4366390705108643,0.08343977481126785,0.07994972914457321,0.8225910067558289
380,model.layers.1.self_attn.q_proj.weight,3072,3072,0.0003255208333333333,0.00023155972303356975,1.607779622077942,-0.0005106507451273501,0.05776171013712883,0.0016002592165023088,0.14159369468688965,0.17463268339633942,0.005630443803966045,0.6354790925979614,1.4839891195297241,0.0004036810714751482,13.80632209777832,0.001522857928648591,0.006920450832694769,0.0014612574595957994,0.39725348353385925,0.10314153879880905,0.02190772071480751,0.3175183832645416,1.4387876987457275,0.08208679407835007,0.08072713017463684,0.7679241299629211
380,model.layers.1.self_attn.k_proj.weight,1024,3072,0.0003255208333333333,0.0003428672207519412,1.2722054719924927,-0.0006853258819319308,0.05704811215400696,0.0005534082883968949,0.04928303509950638,0.18432682752609253,0.0036813057959079742,0.872306227684021,1.4635026454925537,0.0005554232629947364,8.766966819763184,0.003535208525136113,0.004049477633088827,0.0020896848291158676,0.30346840620040894,0.15128862857818604,0.01589885540306568,0.4524290859699249,1.428084373474121,,,
380,model.layers.1.self_attn.v_proj.weight,1024,3072,0.0003255208333333333,0.00013634393690153956,1.6600055694580078,-0.0014153645606711507,0.22793735563755035,9.596845484338701e-05,0.11456546187400818,0.40347912907600403,0.013877065852284431,0.6189514994621277,1.4489030838012695,0.0004335769626777619,9.469463348388672,0.0021005780436098576,0.003869289066642523,0.0002729600528255105,0.28928709030151367,0.1948266178369522,0.013161624781787395,0.48586347699165344,1.4481819868087769,,,
380,model.layers.1.self_attn.o_proj.weight,3072,3072,0.0003255208333333333,0.0003326349542476237,5.750086784362793,-0.0017125741578638554,0.10316510498523712,0.0014904268318787217,0.2424207478761673,0.22255098819732666,0.03336046636104584,0.4648599326610565,1.4245669841766357,0.0003342126146890223,8.076744079589844,0.0021486578043550253,0.006664893124252558,0.0004322683671489358,0.234833762049675,0.2429904043674469,0.017107687890529633,0.4829201102256775,1.4536807537078857,,,
380,model.layers.14.self_attn.q_proj.weight,3072,3072,0.0003255208333333333,0.00035741686588153243,2.681086301803589,-0.0001141220927820541,0.10314975678920746,0.0009264680556952953,0.14792931079864502,0.3034929931163788,0.007883000187575817,0.6403875946998596,1.4889659881591797,0.00035766599467024207,12.402891159057617,0.0008479866082780063,0.0069998474791646,0.0007541762897744775,0.26091858744621277,0.20236466825008392,0.013597267679870129,0.4981231391429901,1.4668008089065552,0.07478803396224976,0.0805787667632103,0.8093989491462708
380,model.layers.14.self_attn.k_proj.weight,1024,3072,0.0003255208333333333,0.0004523188399616629,5.477565765380859,-0.0002308315015397966,0.07067443430423737,0.0014229225926101208,0.20243960618972778,0.19567279517650604,0.013451071456074715,0.6484717130661011,1.4457987546920776,0.0004486795805860311,16.98442840576172,0.0012486075283959508,0.004009249620139599,0.0011389425490051508,0.27796101570129395,0.17604520916938782,0.01697709411382675,0.5195716023445129,1.4097524881362915,,,
380,model.layers.14.self_attn.v_proj.weight,1024,3072,0.0003255208333333333,0.00034202696406282485,3.6971092224121094,-0.0006736870855093002,0.21364209055900574,0.0002740510390140116,0.2223627269268036,0.2704535126686096,0.015202847309410572,0.5149238109588623,1.4407333135604858,0.0004470091953407973,9.834256172180176,0.0013537851627916098,0.003907722886651754,0.0004045127716381103,0.2686057984828949,0.21755671501159668,0.01291251927614212,0.4771130084991455,1.4411617517471313,,,
380,model.layers.14.self_attn.o_proj.weight,3072,3072,0.0003255208333333333,0.00031555016175843775,4.659566402435303,-0.00036888368776999414,0.2010415643453598,0.00020716621656902134,0.19590094685554504,0.2682957053184509,0.04321638122200966,0.43614262342453003,1.4009644985198975,0.0003180632193107158,10.541963577270508,0.0014906638534739614,0.006669079419225454,0.0003234265313949436,0.19017155468463898,0.27390557527542114,0.04109463840723038,0.4404933750629425,1.3758294582366943,,,
380,model.layers.26.self_attn.q_proj.weight,3072,3072,0.0003255208333333333,0.00042389307054691017,1.9702421426773071,-0.0005726131494157016,0.0413435734808445,0.002853189129382372,0.20619209110736847,0.22305311262607574,0.025074364617466927,0.5489279627799988,1.43192720413208,0.0003444826870691031,8.324226379394531,-0.0005522954743355513,0.007165393326431513,0.0009705288684926927,0.24852170050144196,0.21233834326267242,0.017066922038793564,0.5075708031654358,1.4524495601654053,0.08016382902860641,0.08050853759050369,0.8164856433868408
380,model.layers.26.self_attn.k_proj.weight,1024,3072,0.0003255208333333333,0.0004702272417489439,1.578250765800476,-0.0007281223661266267,0.049600448459386826,0.0005808958085253835,0.19822882115840912,0.21596042811870575,0.015549329109489918,0.6667323708534241,1.443623423576355,0.00044639562838710845,7.923222541809082,-0.002406718209385872,0.004235552158206701,0.0009211549768224359,0.24391645193099976,0.20704662799835205,0.019394254311919212,0.5261512398719788,1.4030340909957886,,,
380,model.layers.26.self_attn.v_proj.weight,1024,3072,0.0003255208333333333,0.0003043001634068787,2.6670312881469727,-0.0015416537644341588,0.04096517711877823,0.00012444311869330704,0.15771420300006866,0.34429770708084106,0.014965245500206947,0.6194740533828735,1.4396932125091553,0.0004011837299913168,5.9390668869018555,0.0023940925020724535,0.004193319007754326,0.0001823321363190189,0.22230927646160126,0.26947319507598877,0.013571180403232574,0.5229666829109192,1.4475122690200806,,,
380,model.layers.26.self_attn.o_proj.weight,3072,3072,0.0003255208333333333,0.0003343664575368166,2.940171718597412,-0.0009565301006659865,0.042773786932229996,0.00017623398161958903,0.18578790128231049,0.3036090135574341,0.007031664717942476,0.528826892375946,1.499263048171997,0.0003328672028146684,6.525888919830322,0.0009206609101966023,0.007208736147731543,0.0002480412949807942,0.19471578299999237,0.28977009654045105,0.0063401153311133385,0.531217634677887,1.505194902420044,,,
380,model.layers.1.mlp.gate_proj.weight,8192,3072,0.0001220703125,0.00016821699682623148,6.302483558654785,0.0005445452989079058,0.07041050493717194,0.0006468974170275033,0.18315599858760834,0.26520445942878723,0.009213337674736977,0.6460497379302979,1.514333963394165,0.00012082055764039978,20.92427635192871,0.0012329670134931803,0.011061067692935467,0.0003849398926831782,0.2745826244354248,0.2021852433681488,0.011091034859418869,0.4965657591819763,1.508521318435669,,,
380,model.layers.1.mlp.up_proj.weight,8192,3072,0.0001220703125,0.00015231427096296102,6.5887017250061035,0.00043230908340774477,0.0826936811208725,0.00019349432841408998,0.21545152366161346,0.25609537959098816,0.007215865422040224,0.6083067059516907,1.519420862197876,0.00013245140144135803,17.193923950195312,0.0012943367473781109,0.011037088930606842,0.00018464436288923025,0.2869639992713928,0.2000114470720291,0.0102175148203969,0.4951324164867401,1.5124924182891846,,,
380,model.layers.1.mlp.down_proj.weight,3072,8192,0.0001220703125,0.00014602806186303496,1.0062856674194336,2.9297845685505308e-05,1.2318638563156128,0.0014051756588742137,0.3294709622859955,0.13988740742206573,0.029706459492444992,0.46500810980796814,1.4005205631256104,0.00015732685278635472,29.27150535583496,0.0010774877155199647,0.011075427755713463,0.0008812561864033341,0.24131624400615692,0.2316533327102661,0.028248799964785576,0.49040907621383667,1.3961056470870972,0.07572594285011292,0.07673273235559464,0.6427755951881409
380,model.layers.14.mlp.gate_proj.weight,8192,3072,0.0001220703125,0.00012583962234202772,3.9483094215393066,0.0006221494404599071,0.13730469346046448,0.0006851949146948755,0.19952574372291565,0.2511904835700989,0.006585260387510061,0.5632576942443848,1.5260039567947388,0.00012502238678280264,13.664677619934082,0.0007220687111839652,0.01103616040199995,0.0005494779325090349,0.24971121549606323,0.21923649311065674,0.01053304597735405,0.4972127079963684,1.5138331651687622,,,
380,model.layers.14.mlp.up_proj.weight,8192,3072,0.0001220703125,0.0001477881451137364,4.7473249435424805,0.00044015972525812685,0.16034336388111115,0.0009624187368899584,0.2139834463596344,0.24483034014701843,0.010144131258130074,0.5216019749641418,1.5146172046661377,0.0001422762288711965,12.333462715148926,0.0009210942662321031,0.010869293473660946,0.0006195347523316741,0.2667067050933838,0.20514577627182007,0.011055640876293182,0.47704046964645386,1.510001301765442,,,
380,model.layers.14.mlp.down_proj.weight,3072,8192,0.0001220703125,0.00013814694830216467,5.863275051116943,0.0004416589508764446,0.16288580000400543,0.0005905679427087307,0.2067870795726776,0.27211233973503113,0.046368587762117386,0.5215960741043091,1.3725640773773193,0.0001369923265883699,16.930139541625977,0.00101661984808743,0.010959114879369736,0.0006701244274154305,0.24005930125713348,0.2342369258403778,0.04166623577475548,0.49248960614204407,1.36661958694458,0.07285868376493454,0.07568230479955673,0.8783239722251892
380,model.layers.26.mlp.gate_proj.weight,8192,3072,0.0001220703125,0.0001437220344087109,4.037267684936523,-0.00033814148628152907,0.06035623326897621,0.0011555602541193366,0.19600719213485718,0.2486058473587036,0.009100102819502354,0.5288752913475037,1.5167839527130127,0.0002243356721010059,9.042922019958496,0.0013332425151020288,0.010981300845742226,0.0013689103070646524,0.23586954176425934,0.21871136128902435,0.012089043855667114,0.4954264163970947,1.510167121887207,,,
380,model.layers.26.mlp.up_proj.weight,8192,3072,0.0001220703125,0.00022785986948292702,2.6317806243896484,-0.00024664041120558977,0.09152620285749435,0.002216085558757186,0.13928921520709991,0.30915728211402893,0.015334909781813622,0.6347300410270691,1.5192062854766846,0.00014436438505072147,8.68376350402832,-0.0006062609027139843,0.011236894875764847,0.0010200762189924717,0.22287581861019135,0.2311113327741623,0.011713621206581593,0.4964672327041626,1.5093786716461182,,,
380,model.layers.26.mlp.down_proj.weight,3072,8192,0.0001220703125,9.795216465136036e-05,1.7733210325241089,-0.0002525846066419035,0.09512756764888763,0.000744922086596489,0.1381516456604004,0.3443227708339691,0.01736260950565338,0.5455978512763977,1.4541271924972534,0.00013307915651239455,6.393823623657227,0.00017819747154135257,0.01144399680197239,0.0005003918195143342,0.2132357507944107,0.2653154134750366,0.0187627412378788,0.5449216961860657,1.4483885765075684,0.07332266867160797,0.07430807501077652,0.853843629360199
390,model.layers.1.self_attn.q_proj.weight,3072,3072,0.0003255208333333333,0.00029546747100539505,1.960924506187439,0.00014205265324562788,0.11003570258617401,0.0021181879565119743,0.17914257943630219,0.20136721432209015,0.008705918677151203,0.5873733758926392,1.4804253578186035,0.0004301277513150126,10.807907104492188,0.0010051012504845858,0.007140465080738068,0.0023000454530119896,0.3983314633369446,0.09929239004850388,0.02143157832324505,0.3177418112754822,1.4416860342025757,0.09931491315364838,0.09462078660726547,0.660148024559021
390,model.layers.1.self_attn.k_proj.weight,1024,3072,0.0003255208333333333,0.00039402954280376434,1.2676429748535156,0.0002189106890000403,0.1029367595911026,0.001362292212434113,0.09079699963331223,0.21032503247261047,0.006045380141586065,0.8051967024803162,1.4484176635742188,0.0006478779250755906,5.675416946411133,0.0013232905184850097,0.004202521406114101,0.0025298253167420626,0.2865847647190094,0.14781904220581055,0.016319844871759415,0.4626379907131195,1.4092949628829956,,,
390,model.layers.1.self_attn.v_proj.weight,1024,3072,0.0003255208333333333,0.0001520696678198874,1.7369192838668823,-0.00078917748760432,0.4882951080799103,7.246935274451971e-05,0.15246587991714478,0.35500580072402954,0.006314692087471485,0.5662761330604553,1.4601482152938843,0.00048814856563694775,10.24985408782959,0.0033674573060125113,0.004133988171815872,0.0003405002935323864,0.28917577862739563,0.19665050506591797,0.014188585802912712,0.4794902503490448,1.433996319770813,,,
390,model.layers.1.self_attn.o_proj.weight,3072,3072,0.0003255208333333333,0.0003477858263067901,2.3418660163879395,-0.0007696575485169888,0.27356255054473877,0.0003476627462077886,0.2314264327287674,0.2523650527000427,0.013661196455359459,0.5008246898651123,1.4534791707992554,0.00033566492493264377,7.476263523101807,0.0025879403110593557,0.007094511762261391,0.0004917618934996426,0.23579718172550201,0.24364466965198517,0.016686536371707916,0.48283496499061584,1.4522426128387451,,,
390,model.layers.14.self_attn.q_proj.weight,3072,3072,0.0003255208333333333,0.0003327492449898273,1.6155760288238525,-0.0008906950824894011,0.17974384129047394,0.0005422800313681364,0.1303997039794922,0.32199782133102417,0.0049974494613707066,0.6760395169258118,1.4848895072937012,0.00034263625275343657,9.341436386108398,-6.212665903149173e-05,0.0067680212669074535,0.0009162338101305068,0.26563218235969543,0.19758166372776031,0.014221081510186195,0.4897540807723999,1.4637526273727417,0.08096478879451752,0.08522173017263412,0.7761512398719788
390,model.layers.14.self_attn.k_proj.weight,1024,3072,0.0003255208333333333,0.00042327269329689443,4.714959144592285,-0.002196581568568945,0.10747737437486649,0.0013097805203869939,0.20087741315364838,0.1864864081144333,0.011358949355781078,0.6454242467880249,1.4513972997665405,0.00045279806363396347,9.590010643005371,-0.0018214879091829062,0.003937229514122009,0.0008053782512433827,0.2840074598789215,0.17084947228431702,0.02034676820039749,0.5026285648345947,1.3949100971221924,,,
390,model.layers.14.self_attn.v_proj.weight,1024,3072,0.0003255208333333333,0.00032210012432187796,2.3353567123413086,0.00044538904330693185,0.5743833780288696,4.925166649627499e-05,0.2690628468990326,0.2288137525320053,0.0038419589400291443,0.4618676006793976,1.4851477146148682,0.0003993987338617444,8.655251502990723,0.0013197672087699175,0.003868835512548685,0.0002998602285515517,0.2775956690311432,0.21025890111923218,0.013425747863948345,0.4607676863670349,1.4306344985961914,,,
390,model.layers.14.self_attn.o_proj.weight,3072,3072,0.0003255208333333333,0.00032214095699600875,1.498711109161377,0.00021183089120313525,0.6207490563392639,9.80539116426371e-05,0.3180001676082611,0.18798986077308655,0.026081973686814308,0.4465927481651306,1.4228403568267822,0.00030985628836788237,6.634344100952148,0.001429125783033669,0.006812279112637043,0.00024654786102473736,0.20843073725700378,0.2641148865222931,0.03291943669319153,0.4521108865737915,1.385884165763855,,,
390,model.layers.26.self_attn.q_proj.weight,3072,3072,0.0003255208333333333,0.00032807994284667075,3.2088804244995117,-0.0015634340234100819,0.054756756871938705,0.0021619731560349464,0.18874472379684448,0.2477571815252304,0.02305927313864231,0.6013465523719788,1.4495306015014648,0.00034353198134340346,9.16711711883545,0.00018025645113084465,0.006437056232243776,0.0013151634484529495,0.2498161643743515,0.21038134396076202,0.017895711585879326,0.5030254125595093,1.449419379234314,0.07408808916807175,0.07739485055208206,0.8298976421356201
390,model.layers.26.self_attn.k_proj.weight,1024,3072,0.0003255208333333333,0.0005326417158357799,2.9029324054718018,-0.0027050133794546127,0.047945789992809296,0.0004652133793570101,0.20906959474086761,0.1926468163728714,0.011914696544408798,0.6677550077438354,1.442713737487793,0.0004659963015001267,12.629050254821777,-0.0005778452032245696,0.003764156484976411,0.0016389364609494805,0.2479100525379181,0.1959049552679062,0.017750399187207222,0.5184119939804077,1.4078575372695923,,,
390,model.layers.26.self_attn.v_proj.weight,1024,3072,0.0003255208333333333,0.0002285035006934777,2.4772427082061768,-0.0008737904718145728,0.05757574364542961,9.503892215434462e-05,0.19825689494609833,0.2873438894748688,0.05589078366756439,0.4593959152698517,1.4199292659759521,0.0003865047183353454,5.707413673400879,0.00028479346656240523,0.0038263946771621704,0.00017432619642931968,0.23824110627174377,0.2504217326641083,0.013806521892547607,0.48491203784942627,1.4445648193359375,,,
390,model.layers.26.self_attn.o_proj.weight,3072,3072,0.0003255208333333333,0.00033311720471829176,2.8528213500976562,-0.0005069732433184981,0.06439808011054993,0.00030327116837725043,0.14599943161010742,0.34662994742393494,0.006101737264543772,0.5223782658576965,1.5001741647720337,0.0003569996333681047,7.30211067199707,0.0005962842842563987,0.006502372212707996,0.00022624658595304936,0.18757463991641998,0.29752328991889954,0.006546549964696169,0.5321144461631775,1.4985392093658447,,,
390,model.layers.1.mlp.gate_proj.weight,8192,3072,0.0001220703125,0.00016578454233240336,2.5068626403808594,-0.0008790888241492212,0.14565671980381012,0.0010062262881547213,0.23508469760417938,0.21965454518795013,0.013044657185673714,0.539278507232666,1.5134122371673584,0.00012837309623137116,15.196633338928223,0.0011746414238587022,0.01144336722791195,0.0005228759837336838,0.2773321866989136,0.19758062064647675,0.011767753399908543,0.495099812746048,1.5086711645126343,,,
390,model.layers.1.mlp.up_proj.weight,8192,3072,0.0001220703125,0.000132228436996229,2.44404935836792,-0.0006300466484390199,0.17164167761802673,0.00019315681129228324,0.25485551357269287,0.22131317853927612,0.006960713304579258,0.5359620451927185,1.5223374366760254,0.00013393959670793265,14.346436500549316,0.0011022104881703854,0.01150903757661581,0.000197661152924411,0.29000627994537354,0.1965010017156601,0.009357493370771408,0.4926976263523102,1.5164422988891602,,,
390,model.layers.1.mlp.down_proj.weight,3072,8192,0.0001220703125,0.0001532617025077343,1.0081579685211182,-4.358202568255365e-05,2.490060567855835,0.0011086829472333193,0.32494688034057617,0.14408110082149506,0.023169293999671936,0.4780300557613373,1.4169358015060425,0.00014067003212403506,16.95760726928711,0.0011691636173054576,0.011491428129374981,0.000851471908390522,0.24201734364032745,0.2329786717891693,0.025651847943663597,0.49112290143966675,1.4173853397369385,0.08825317770242691,0.08856012672185898,0.6007911562919617
390,model.layers.14.mlp.gate_proj.weight,8192,3072,0.0001220703125,0.00013095859321765602,2.199646472930908,-0.0004084360843989998,0.27427592873573303,0.0007131598540581763,0.23551045358181,0.22547972202301025,0.008636637590825558,0.5189172625541687,1.5268359184265137,0.00012900236470159143,7.289034843444824,0.0007566807325929403,0.010977019555866718,0.0006271830061450601,0.25289657711982727,0.21656382083892822,0.010722906328737736,0.4941149652004242,1.5129796266555786,,,
390,model.layers.14.mlp.up_proj.weight,8192,3072,0.0001220703125,0.00013644395221490413,1.6839936971664429,-0.000297284044791013,0.3925425112247467,0.0002766507095657289,0.2606673538684845,0.2203412652015686,0.006827423814684153,0.47924357652664185,1.517656683921814,0.00013743815361522138,6.878249168395996,0.0010416751028969884,0.010987522080540657,0.0005226245848461986,0.2698226869106293,0.20620998740196228,0.010065518319606781,0.4761369824409485,1.5105364322662354,,,
390,model.layers.14.mlp.down_proj.weight,3072,8192,0.0001220703125,0.0001511607551947236,2.245633602142334,-0.00029189695487730205,0.40993818640708923,0.00022249364701565355,0.2531515657901764,0.23766069114208221,0.02085612155497074,0.48790547251701355,1.4130408763885498,0.00014227475912775844,7.940579891204834,0.00094903155695647,0.010962669737637043,0.0006309880409389734,0.24750083684921265,0.22949595749378204,0.03753805160522461,0.48624387383461,1.3778353929519653,0.0906284749507904,0.09300882369279861,0.759584367275238
390,model.layers.26.mlp.gate_proj.weight,8192,3072,0.0001220703125,0.00024974465486593544,3.6143624782562256,0.0007169404998421669,0.0898057222366333,0.0015802066773176193,0.2017536610364914,0.24021875858306885,0.00882759690284729,0.5616458058357239,1.5157694816589355,0.0001483221276430413,7.930645942687988,0.0018611775012686849,0.010766840539872646,0.0006682106177322567,0.23661011457443237,0.22187256813049316,0.010347609408199787,0.505660355091095,1.5163092613220215,,,
390,model.layers.26.mlp.up_proj.weight,8192,3072,0.0001220703125,0.00013918097829446197,3.725146770477295,0.0009485610062256455,0.1251717209815979,0.0010068846167996526,0.18494553864002228,0.268841415643692,0.009281846694648266,0.5608600378036499,1.5195708274841309,0.0001294537796638906,8.90306568145752,0.00088691950077191,0.010652808472514153,0.0007047217804938555,0.22526760399341583,0.23363256454467773,0.01074136421084404,0.4967344403266907,1.513768196105957,,,
390,model.layers.26.mlp.down_proj.weight,3072,8192,0.0001220703125,0.00010929297422990203,2.3341188430786133,0.000867871567606926,0.14558754861354828,0.0006899202708154917,0.19884134829044342,0.2874290347099304,0.019060298800468445,0.49448078870773315,1.4436564445495605,0.00013357764692045748,7.820548057556152,0.0013939494965597987,0.010580820962786674,0.0003293584450148046,0.22237488627433777,0.259517103433609,0.016669470816850662,0.5348058938980103,1.4533442258834839,0.08939950168132782,0.09067979454994202,0.8024221062660217
400,model.layers.1.self_attn.q_proj.weight,3072,3072,0.0003255208333333333,0.00030723237432539463,1.790290117263794,-0.0007288279011845589,0.11168088018894196,0.0017005032859742641,0.18841654062271118,0.19534213840961456,0.00889588799327612,0.5595105290412903,1.4879910945892334,0.00043731206096708775,10.481863975524902,0.0002487440942786634,0.006679078564047813,0.0017373053124174476,0.40415680408477783,0.09834352880716324,0.02040083147585392,0.3081684410572052,1.4488649368286133,0.09405916184186935,0.09511968493461609,0.626961350440979
400,model.layers.1.self_attn.k_proj.weight,1024,3072,0.0003255208333333333,0.000649537134449929,2.0803072452545166,-0.0013156665954738855,0.08230733126401901,0.001559329335577786,0.130674809217453,0.1935802698135376,0.006386340130120516,0.7329183220863342,1.4558762311935425,0.000580618332605809,9.320602416992188,-0.0013804988702759147,0.003932139370590448,0.0014577045803889632,0.3108573257923126,0.14903949201107025,0.014893628656864166,0.4508660137653351,1.4364322423934937,,,
400,model.layers.1.self_attn.v_proj.weight,1024,3072,0.0003255208333333333,0.0001397623709635809,1.7480701208114624,-7.238877151394263e-05,0.531061053276062,0.0001003761135507375,0.12999802827835083,0.3861599266529083,0.011451775208115578,0.6209398508071899,1.4592020511627197,0.00048036628868430853,9.03281021118164,0.0014259146992117167,0.003985370043665171,0.0002247865777462721,0.29127776622772217,0.1948098987340927,0.013271273113787174,0.48823490738868713,1.4387768507003784,,,
400,model.layers.1.self_attn.o_proj.weight,3072,3072,0.0003255208333333333,0.00034162195515818894,2.035977602005005,-5.9533107560127974e-05,0.3565191626548767,0.00025783965247683227,0.21049220860004425,0.2780033051967621,0.009036807343363762,0.5585155487060547,1.4667222499847412,0.00033085382892750204,7.271543502807617,0.0013247680617496371,0.006961561273783445,0.00040855753468349576,0.23385192453861237,0.24734419584274292,0.014543757773935795,0.49093618988990784,1.4649211168289185,,,
400,model.layers.14.self_attn.q_proj.weight,3072,3072,0.0003255208333333333,0.0003856888215523213,1.888630747795105,0.0006177392206154764,0.2043820172548294,0.0012521024327725172,0.16514624655246735,0.28847843408584595,0.010453947819769382,0.6044487357139587,1.4797112941741943,0.0003364901931490749,10.859258651733398,0.000985379214398563,0.006261836737394333,0.0010438177268952131,0.2628529965877533,0.19853106141090393,0.015354813076555729,0.4977228343486786,1.4535002708435059,0.09025353938341141,0.08826219290494919,0.7623066902160645
400,model.layers.14.self_attn.k_proj.weight,1024,3072,0.0003255208333333333,0.0004561065579764545,1.9827818870544434,0.0010525378165766597,0.17417199909687042,0.0008253135601989925,0.19254611432552338,0.20695440471172333,0.011110232211649418,0.6856932640075684,1.4563381671905518,0.00048009370220825076,13.938777923583984,0.0009153893333859742,0.003685837844386697,0.0013976858463138342,0.2756311595439911,0.17815104126930237,0.019968753680586815,0.52121502161026,1.403890609741211,,,
400,model.layers.14.self_attn.v_proj.weight,1024,3072,0.0003255208333333333,0.0004092309100087732,1.2299678325653076,-0.0014087817398831248,1.3952430486679077,1.1822287888207939e-05,0.2557104229927063,0.24475419521331787,0.0012771114706993103,0.5110835433006287,1.4741498231887817,0.0004214153450448066,8.22105598449707,0.0015481627779081464,0.0037838153075426817,0.0002269072865601629,0.27582278847694397,0.2155049443244934,0.011190071702003479,0.47016042470932007,1.447305679321289,,,
400,model.layers.14.self_attn.o_proj.weight,3072,3072,0.0003255208333333333,0.00037643167888745666,1.1121824979782104,-0.0009522972395643592,1.051695466041565,1.986354800465051e-05,0.3308901786804199,0.18136882781982422,0.007798859383910894,0.41090792417526245,1.4489729404449463,0.0003175987512804568,8.568902015686035,0.0010363301262259483,0.006482977885752916,0.0002612716343719512,0.2046157419681549,0.26811474561691284,0.02900860272347927,0.4459666907787323,1.4195307493209839,,,
400,model.layers.26.self_attn.q_proj.weight,3072,3072,0.0003255208333333333,0.00040454111876897514,2.312774181365967,0.00028357250266708434,0.06922157108783722,0.0020276803988963366,0.16501952707767487,0.2689381539821625,0.017883988097310066,0.6531473994255066,1.4483988285064697,0.00033321353839710355,10.081059455871582,0.0027414457872509956,0.006278604734688997,0.0009590728441253304,0.24731488525867462,0.21421942114830017,0.016471873968839645,0.5069270133972168,1.4562625885009766,0.09586848318576813,0.0908995196223259,0.7434627413749695
400,model.layers.26.self_attn.k_proj.weight,1024,3072,0.0003255208333333333,0.0005861558602191508,2.8226377964019775,0.0006055033882148564,0.04926395043730736,0.0007227634778246284,0.24432002007961273,0.16409915685653687,0.011376543901860714,0.6173346638679504,1.464234471321106,0.0005448880256153643,12.93178653717041,0.006828284356743097,0.003577781142666936,0.00198511709459126,0.2479572743177414,0.1972178816795349,0.018393395468592644,0.5192174911499023,1.4171568155288696,,,
400,model.layers.26.self_attn.v_proj.weight,1024,3072,0.0003255208333333333,0.0002067582099698484,2.4302549362182617,0.0008617634302936494,0.08625280857086182,4.0363789594266564e-05,0.22906792163848877,0.2683805823326111,0.007025755476206541,0.4241970181465149,1.444187045097351,0.0003648445417638868,6.729697227478027,0.0038889553397893906,0.003785659559071064,0.0001197928941110149,0.24374355375766754,0.24805781245231628,0.010492177680134773,0.481476366519928,1.4574769735336304,,,
400,model.layers.26.self_attn.o_proj.weight,3072,3072,0.0003255208333333333,0.00031651780591346323,1.6034352779388428,0.0004811225226148963,0.10027816146612167,9.972199040930718e-05,0.15450577437877655,0.33257147669792175,0.004200460854917765,0.5003123879432678,1.5065693855285645,0.0003402147558517754,7.1497626304626465,0.002208143472671509,0.0066273408010602,0.00013758469140157104,0.18799488246440887,0.30020615458488464,0.0053998325020074844,0.5328975915908813,1.5075905323028564,,,
400,model.layers.1.mlp.gate_proj.weight,8192,3072,0.0001220703125,0.00013631477486342192,2.3869740962982178,-0.0005441386019811034,0.19708694517612457,0.0003214678436052054,0.2352885752916336,0.23582829535007477,0.008035057224333286,0.5348385572433472,1.5178239345550537,0.0001208451358252205,15.239591598510742,0.001033708336763084,0.01106715202331543,0.00036740140058100224,0.27583184838294983,0.20060232281684875,0.010911029763519764,0.49582386016845703,1.5097349882125854,,,
400,model.layers.1.mlp.up_proj.weight,8192,3072,0.0001220703125,0.00012873832019977272,2.4526705741882324,-0.0005009868764318526,0.2336137294769287,0.0001552655448904261,0.2551868259906769,0.22908571362495422,0.008874024264514446,0.514043390750885,1.5205862522125244,0.00012580136535689235,13.951399803161621,0.0008157562115229666,0.011121825315058231,0.00016949344717431813,0.28766316175460815,0.19901633262634277,0.009930325672030449,0.4930180013179779,1.511136770248413,,,
400,model.layers.1.mlp.down_proj.weight,3072,8192,0.0001220703125,0.00015457638073712587,1.0061461925506592,-3.2308347726939246e-05,3.6389248371124268,0.0010936048347502947,0.33407968282699585,0.14008541405200958,0.023028654977679253,0.46473440527915955,1.4503405094146729,0.00014454012853093445,17.29428482055664,0.0007705488824285567,0.011046548373997211,0.0007003220962360501,0.24221062660217285,0.2337479293346405,0.02276495471596718,0.4922410845756531,1.4192323684692383,0.09664463996887207,0.09899962693452835,0.5350869297981262
400,model.layers.14.mlp.gate_proj.weight,8192,3072,0.0001220703125,0.00010935650061583146,1.1177867650985718,0.0002636821591295302,0.7168397307395935,0.0002572898520156741,0.22868458926677704,0.22762064635753632,0.0032808498945087194,0.5390732884407043,1.5225389003753662,0.00012640234490390867,6.486642360687256,0.0004465305828489363,0.010934109799563885,0.00047408771933987737,0.25699228048324585,0.21259306371212006,0.00976850651204586,0.4942275285720825,1.5132895708084106,,,
400,model.layers.14.mlp.up_proj.weight,8192,3072,0.0001220703125,0.00012763864651788026,1.097054123878479,0.0003672142047435045,0.9475167989730835,0.00023625764879398048,0.25589701533317566,0.2234189361333847,0.007220043800771236,0.4996294379234314,1.5155284404754639,0.0001375981082674116,4.694335460662842,0.0006662847008556128,0.011276639066636562,0.0004013725265394896,0.2795954942703247,0.19954712688922882,0.009990522637963295,0.46980002522468567,1.512787103652954,,,
400,model.layers.14.mlp.down_proj.weight,3072,8192,0.0001220703125,0.00013679987750947475,1.2458232641220093,0.00040924386121332645,0.8714964985847473,0.0001130325035774149,0.27751925587654114,0.2168625444173813,0.014298934489488602,0.44713953137397766,1.428527593612671,0.0001492150331614539,5.351824760437012,0.000812663056422025,0.01114732213318348,0.00045204561320133507,0.2635442018508911,0.21786907315254211,0.03224113956093788,0.4650910794734955,1.401308536529541,0.11170445382595062,0.11114940792322159,0.5568745732307434
400,model.layers.26.mlp.gate_proj.weight,8192,3072,0.0001220703125,0.0001412999554304406,1.3234835863113403,0.0006355401128530502,0.16244468092918396,0.0004271896032150835,0.275417685508728,0.18554000556468964,0.005303137004375458,0.45275285840034485,1.5171306133270264,0.00012696108024101704,6.5028839111328125,0.0008830386213958263,0.010664568282663822,0.000755124434363097,0.23819003999233246,0.22007425129413605,0.010645212605595589,0.5043830275535583,1.512209177017212,,,
400,model.layers.26.mlp.up_proj.weight,8192,3072,0.0001220703125,0.00015087961219251156,1.5459864139556885,0.0008858362562023103,0.2004634588956833,0.002687693340703845,0.208088681101799,0.23917821049690247,0.018626173958182335,0.5381260514259338,1.5151422023773193,0.00013110741565469652,6.884140968322754,0.0005777581827715039,0.010633588768541813,0.0008080180268734694,0.230766162276268,0.22726792097091675,0.010698978789150715,0.4942391812801361,1.5133371353149414,,,
400,model.layers.26.mlp.down_proj.weight,3072,8192,0.0001220703125,0.00012127662921557203,1.2960612773895264,0.0007252807845361531,0.25968658924102783,0.0005767644033767283,0.26521560549736023,0.2131159007549286,0.017523150891065598,0.423503577709198,1.4638090133666992,0.00012890162179246545,7.598177909851074,0.0008090024348348379,0.010539166629314423,0.00043605666724033654,0.2303762286901474,0.25023043155670166,0.01670926623046398,0.5204150080680847,1.4507628679275513,0.09825151413679123,0.09873861819505692,0.6818007826805115
410,model.layers.1.self_attn.q_proj.weight,3072,3072,0.0003255208333333333,0.00026842125225812197,2.405758857727051,0.0017916439101099968,0.06856191158294678,0.002560792723670602,0.1703425943851471,0.1864653378725052,0.01039328332990408,0.5756325721740723,1.473585844039917,0.00042055165977217257,13.857609748840332,-0.001160524901933968,0.006423168815672398,0.0016306614270433784,0.40468209981918335,0.09837606549263,0.02061515487730503,0.304253488779068,1.4443490505218506,0.0823020190000534,0.08219137042760849,0.7759906053543091
410,model.layers.1.self_attn.k_proj.weight,1024,3072,0.0003255208333333333,0.0003790012269746512,2.9131064414978027,0.0031189091969281435,0.05240641534328461,0.0006979810423217714,0.1277875155210495,0.18896938860416412,0.005134492181241512,0.7526748776435852,1.4607594013214111,0.0005687202792614698,10.539193153381348,-0.0036042635329067707,0.003799514379352331,0.0007145355921238661,0.3206920921802521,0.14915695786476135,0.015172051265835762,0.42999935150146484,1.4340393543243408,,,
410,model.layers.1.self_attn.v_proj.weight,1024,3072,0.0003255208333333333,0.00011802617518696934,1.7162498235702515,0.0006680867518298328,0.3887940049171448,9.410625352757052e-05,0.1475139558315277,0.33846428990364075,0.014764409512281418,0.5201911330223083,1.4447349309921265,0.0004777735739480704,10.264280319213867,0.0008804738172329962,0.0037964489310979843,0.0002756623725872487,0.2965814173221588,0.19224335253238678,0.014268803410232067,0.4778480529785156,1.4360942840576172,,,
410,model.layers.1.self_attn.o_proj.weight,3072,3072,0.0003255208333333333,0.0003383645380381495,3.2783162593841553,0.0006537289591506124,0.2167288213968277,0.0005300802877172828,0.22963164746761322,0.2438351958990097,0.01214559655636549,0.5165720582008362,1.469246506690979,0.00032862028456293046,7.9043707847595215,0.0014076594961807132,0.0066656507551670074,0.0003780528495553881,0.22955499589443207,0.24999655783176422,0.013868999667465687,0.49425286054611206,1.4661707878112793,,,
410,model.layers.14.self_attn.q_proj.weight,3072,3072,0.0003255208333333333,0.0003356589877512306,1.6375411748886108,-0.0009592663845978677,0.18663828074932098,0.0011541343992576003,0.14670875668525696,0.3092331886291504,0.01328651886433363,0.6356062293052673,1.4946467876434326,0.0003539027238730341,8.93774700164795,0.0019050117116421461,0.006590664386749268,0.0009196240571327507,0.2664114534854889,0.1967315524816513,0.01554926112294197,0.49041399359703064,1.4572927951812744,0.08563265949487686,0.08488529920578003,0.7751927375793457
410,model.layers.14.self_attn.k_proj.weight,1024,3072,0.0003255208333333333,0.0003898617287632078,2.602438449859619,-0.0019882782362401485,0.1330493837594986,0.0017067978624254465,0.1993066519498825,0.18116778135299683,0.020646534860134125,0.6554086804389954,1.4214895963668823,0.0005256961449049413,19.33858299255371,0.0021551453974097967,0.0037383108865469694,0.0012539534363895655,0.2827117145061493,0.17183241248130798,0.02335939183831215,0.5042001008987427,1.3638944625854492,,,
410,model.layers.14.self_attn.v_proj.weight,1024,3072,0.0003255208333333333,0.0003338861570227891,2.476810932159424,-0.0014503156999126077,0.5338144898414612,6.985557411098853e-05,0.2843219041824341,0.22098024189472198,0.004931815899908543,0.44760769605636597,1.4774363040924072,0.0004197305242996663,8.949604988098145,0.00273681222461164,0.003887415863573551,0.00029016920598223805,0.281473308801651,0.21024174988269806,0.010677075013518333,0.46676209568977356,1.451882243156433,,,
410,model.layers.14.self_attn.o_proj.weight,3072,3072,0.0003255208333333333,0.00032005883986130357,1.9502196311950684,-0.0007746756891719997,0.5104086995124817,9.308027802035213e-05,0.23606082797050476,0.2478678971529007,0.02106548100709915,0.4500637948513031,1.4013335704803467,0.000325716013321653,7.116481781005859,0.0018813282949849963,0.006780792959034443,0.0002396307681920007,0.20056338608264923,0.2709037959575653,0.03033803589642048,0.4472256004810333,1.3992475271224976,,,
410,model.layers.26.self_attn.q_proj.weight,3072,3072,0.0003255208333333333,0.0004538286884780973,1.427608847618103,0.001192150404676795,0.08902127295732498,0.002350711729377508,0.1322477161884308,0.31202349066734314,0.02357020415365696,0.6952069997787476,1.4426004886627197,0.0003203336673323065,10.631250381469727,0.0005394351319409907,0.006551049649715424,0.0010944879613816738,0.23980996012687683,0.2203776240348816,0.0169011689722538,0.5140928030014038,1.4500625133514404,0.08908355236053467,0.08773668110370636,0.7387423515319824
410,model.layers.26.self_attn.k_proj.weight,1024,3072,0.0003255208333333333,0.0007326824124902487,1.8872050046920776,0.002491640392690897,0.06461730599403381,0.0021409618202596903,0.23302918672561646,0.17352834343910217,0.015518983826041222,0.6079559922218323,1.4539635181427002,0.00045079991105012596,14.649710655212402,0.002139355055987835,0.0037563543301075697,0.0011635234113782644,0.24194088578224182,0.203238382935524,0.017950590699911118,0.5324453115463257,1.416547179222107,,,
410,model.layers.26.self_attn.v_proj.weight,1024,3072,0.0003255208333333333,0.0003061602474190295,2.674368381500244,0.0008155636605806649,0.06738036125898361,0.00034651727764867246,0.19845157861709595,0.2950189411640167,0.03288423642516136,0.4730086028575897,1.4155099391937256,0.00037614855682477355,6.047898769378662,0.00013357022544369102,0.003962996881455183,0.00019572183373384178,0.2282741367816925,0.26317572593688965,0.015807200223207474,0.505844235420227,1.4265841245651245,,,
410,model.layers.26.self_attn.o_proj.weight,3072,3072,0.0003255208333333333,0.0003733077901415527,2.667896032333374,0.0004806343640666455,0.07438533008098602,0.0002587445778772235,0.16827228665351868,0.31686195731163025,0.0073164054192602634,0.5252397656440735,1.4944428205490112,0.000368863926269114,7.184187412261963,0.000707146420609206,0.0068124025128781796,0.00018849871412385255,0.18556468188762665,0.3016810119152069,0.006787515711039305,0.533936619758606,1.5008379220962524,,,
410,model.layers.1.mlp.gate_proj.weight,8192,3072,0.0001220703125,0.000142881297506392,2.581766366958618,0.0007890462875366211,0.13620412349700928,0.0004686451575253159,0.2346583753824234,0.22742635011672974,0.00925426371395588,0.5380121469497681,1.5142252445220947,0.0001305559417232871,15.916488647460938,0.0008722049533389509,0.010997633449733257,0.00039803754771128297,0.2722078859806061,0.20327156782150269,0.010982143692672253,0.49853670597076416,1.5113588571548462,,,
410,model.layers.1.mlp.up_proj.weight,8192,3072,0.0001220703125,0.0001352972467429936,2.865830421447754,0.0005194864934310317,0.15652012825012207,0.00014954812650103122,0.2760116159915924,0.2089819610118866,0.007867376320064068,0.506822943687439,1.5216655731201172,0.00012529976083897054,16.35578155517578,0.0007378511945717037,0.01096024177968502,0.00019034030265174806,0.2896987497806549,0.19748367369174957,0.010103779844939709,0.4908668100833893,1.5126523971557617,,,
410,model.layers.1.mlp.down_proj.weight,3072,8192,0.0001220703125,0.00013652101915795356,1.0059093236923218,3.212676165276207e-05,2.5363283157348633,0.001169398077763617,0.33835023641586304,0.1373305767774582,0.02425682172179222,0.45669665932655334,1.4316341876983643,0.00015227902622427791,20.777393341064453,0.0005675209104083478,0.01096804253757,0.0010322360321879387,0.24544112384319305,0.23006291687488556,0.023693768307566643,0.48769325017929077,1.4183791875839233,0.08777935802936554,0.08498633652925491,0.6104865074157715
410,model.layers.14.mlp.gate_proj.weight,8192,3072,0.0001220703125,0.00014503092097584158,1.8066767454147339,-0.00039600994205102324,0.3136901259422302,0.0007143840775825083,0.260685533285141,0.1902381032705307,0.007531143259257078,0.45122283697128296,1.523373007774353,0.00012928522482980043,8.855486869812012,0.0007496302132494748,0.011056591756641865,0.0005355387111194432,0.2572549283504486,0.2125995010137558,0.00997709296643734,0.4936607778072357,1.5154997110366821,,,
410,model.layers.14.mlp.up_proj.weight,8192,3072,0.0001220703125,0.00013918636250309646,1.8795093297958374,-9.602746285963804e-05,0.3889128267765045,0.0006488182698376477,0.24871954321861267,0.2148326188325882,0.008496533147990704,0.4775529205799103,1.5184240341186523,0.00013665341248270124,7.412754535675049,0.0010820054449141026,0.011097462847828865,0.0006779307150281966,0.27286118268966675,0.1996377855539322,0.011752077378332615,0.4757825434207916,1.5072640180587769,,,
410,model.layers.14.mlp.down_proj.weight,3072,8192,0.0001220703125,0.00013821333413943648,1.9673550128936768,-8.558385889045894e-05,0.44089534878730774,0.00035166804445907474,0.24706360697746277,0.2357599288225174,0.029675789177417755,0.47168952226638794,1.4160234928131104,0.00014536366506945342,7.488360404968262,0.0010936717735603452,0.011167583055794239,0.00042846237192861736,0.2509992718696594,0.22693166136741638,0.034449778497219086,0.4768873155117035,1.4019951820373535,0.0977979376912117,0.09765193611383438,0.6973124742507935
410,model.layers.26.mlp.gate_proj.weight,8192,3072,0.0001220703125,0.00016150629380717874,2.822716474533081,0.00020191818475723267,0.1115618497133255,0.0008372234296984971,0.22314073145389557,0.225147545337677,0.007306921761482954,0.5163897275924683,1.5202765464782715,0.00012669031275436282,8.001147270202637,0.0007937094196677208,0.011150349862873554,0.0006764227873645723,0.2408369928598404,0.21908429265022278,0.009976595640182495,0.5032780766487122,1.5185527801513672,,,
410,model.layers.26.mlp.up_proj.weight,8192,3072,0.0001220703125,0.00010269717313349247,2.148305892944336,9.148607205133885e-05,0.16679608821868896,0.0012571531115099788,0.17648231983184814,0.2740180194377899,0.011777745559811592,0.5984618663787842,1.5186136960983276,0.00012862133735325187,7.98153829574585,0.0008730353438295424,0.011093943379819393,0.0007901065400801599,0.23137366771697998,0.22464464604854584,0.010938017629086971,0.4986375868320465,1.5118184089660645,,,
410,model.layers.26.mlp.down_proj.weight,3072,8192,0.0001220703125,0.0001059499554685317,2.2542262077331543,0.0001042471849359572,0.1584457904100418,0.0006197314360179007,0.17758293449878693,0.3143119215965271,0.012464136816561222,0.5341826677322388,1.462857723236084,0.00013411084364634007,6.472033977508545,0.0008636488346382976,0.011235096491873264,0.0003048664075322449,0.2272222340106964,0.25542157888412476,0.014589023776352406,0.5266531109809875,1.4637075662612915,0.08280829340219498,0.08085305988788605,0.8161433339118958
420,model.layers.1.self_attn.q_proj.weight,3072,3072,0.0003255208333333333,0.0002771472791209817,2.727417469024658,0.0011695635039359331,0.04333757236599922,0.0020756120793521404,0.2000039666891098,0.18026533722877502,0.00900283269584179,0.5423524379730225,1.480819821357727,0.00044781368342228234,17.944000244140625,-0.0005008804728277028,0.0066602155566215515,0.0014609184581786394,0.4087285101413727,0.10126666724681854,0.020923040807247162,0.3054269254207611,1.444852590560913,0.0751049742102623,0.07211548089981079,0.808986246585846
420,model.layers.1.self_attn.k_proj.weight,1024,3072,0.0003255208333333333,0.0003754713980015367,2.267847776412964,0.00171083293389529,0.03929654136300087,0.0009756835643202066,0.11444234102964401,0.19250521063804626,0.004371501971036196,0.7879215478897095,1.4710365533828735,0.0005473890923894942,10.821663856506348,-0.001719126827083528,0.0038894624449312687,0.0011646177154034376,0.31689319014549255,0.15004749596118927,0.013500402681529522,0.4511038362979889,1.4326130151748657,,,
420,model.layers.1.self_attn.v_proj.weight,1024,3072,0.0003255208333333333,0.0001206351225846447,1.7993041276931763,0.0004815341089852154,0.23679174482822418,0.00010176518117077649,0.14999303221702576,0.34349215030670166,0.01228224579244852,0.5397394299507141,1.4516149759292603,0.00044599923421628773,9.400962829589844,0.000542194175068289,0.004018587060272694,0.00022644494310952723,0.2977675497531891,0.1915155053138733,0.011333218775689602,0.47211509943008423,1.4606075286865234,,,
420,model.layers.1.self_attn.o_proj.weight,3072,3072,0.0003255208333333333,0.0003307604347355664,5.759189605712891,0.00046918587759137154,0.13240616023540497,0.0004601083346642554,0.2506285607814789,0.22634108364582062,0.014291234314441681,0.49596959352493286,1.4648408889770508,0.000344308209605515,9.10413646697998,0.0008448910666629672,0.006814929191023111,0.0003186841495335102,0.23575706779956818,0.2449685037136078,0.014809942804276943,0.48843130469322205,1.4595738649368286,,,
420,model.layers.14.self_attn.q_proj.weight,3072,3072,0.0003255208333333333,0.00035256840055808425,2.9366493225097656,0.0009285055566579103,0.11351431161165237,0.0008137168479152024,0.1479150950908661,0.302950918674469,0.007291548885405064,0.6490195989608765,1.4939152002334595,0.00032996785012073815,10.798720359802246,0.00166624179109931,0.007121259346604347,0.0009732379694469273,0.27028828859329224,0.19432848691940308,0.014571117237210274,0.49100321531295776,1.4635354280471802,0.0746259093284607,0.07712039351463318,0.8446617126464844
420,model.layers.14.self_attn.k_proj.weight,1024,3072,0.0003255208333333333,0.0005613433313556015,4.247317314147949,0.0019138837233185768,0.0810157060623169,0.0014216785784810781,0.18853558599948883,0.18681268393993378,0.011061646044254303,0.6732324957847595,1.456610918045044,0.0005468608578667045,13.833715438842773,0.003315841779112816,0.003997686319053173,0.0010655602673068643,0.2832208573818207,0.17561182379722595,0.019097980111837387,0.509539008140564,1.4071000814437866,,,
420,model.layers.14.self_attn.v_proj.weight,1024,3072,0.0003255208333333333,0.00033456963137723505,4.179877281188965,-0.00034641026286408305,0.2675224840641022,0.00011156262189615518,0.2522447407245636,0.24272291362285614,0.007022376172244549,0.5022405982017517,1.4717402458190918,0.00042218455928377807,10.014243125915527,0.0028052316047251225,0.004174418281763792,0.00023560415138490498,0.27718037366867065,0.21021875739097595,0.011348018422722816,0.47357824444770813,1.4493602514266968,,,
420,model.layers.14.self_attn.o_proj.weight,3072,3072,0.0003255208333333333,0.00031128167756833136,4.438299655914307,-0.0001955477928277105,0.2425713986158371,0.0001752549287630245,0.1868637055158615,0.28278857469558716,0.0322331041097641,0.4519617557525635,1.3935816287994385,0.00032346704392693937,11.500908851623535,0.00197751447558403,0.00714976666495204,0.00028048455715179443,0.21079425513744354,0.26137518882751465,0.03326248377561569,0.4396880567073822,1.3999223709106445,,,
420,model.layers.26.self_attn.q_proj.weight,3072,3072,0.0003255208333333333,0.0004016751772724092,2.2055912017822266,-0.00010931738506769761,0.04764397442340851,0.0013854986755177379,0.18395225703716278,0.24840082228183746,0.016184519976377487,0.6223084330558777,1.4395920038223267,0.0003470749652478844,8.903006553649902,0.0012632498983293772,0.00698593957349658,0.0012029403587803245,0.24112901091575623,0.21551819145679474,0.017413074150681496,0.5199594497680664,1.4496536254882812,0.07786209136247635,0.07751612365245819,0.8196493983268738
420,model.layers.26.self_attn.k_proj.weight,1024,3072,0.0003255208333333333,0.00037688639713451266,1.8729941844940186,-0.00016615656204521656,0.04508373513817787,0.0005733348079957068,0.22118744254112244,0.19640883803367615,0.010374329052865505,0.6378532648086548,1.4559077024459839,0.00045412505278363824,11.339411735534668,0.0009800561238080263,0.004208593163639307,0.0010586639400571585,0.23800955712795258,0.2059372514486313,0.01746756210923195,0.5415995717048645,1.41115403175354,,,
420,model.layers.26.self_attn.v_proj.weight,1024,3072,0.0003255208333333333,0.0002703994105104357,2.551016092300415,0.0023414907045662403,0.0459146723151207,0.00010650074545992538,0.1839662790298462,0.31670424342155457,0.013060600496828556,0.5146108269691467,1.416576623916626,0.0003517600998748094,6.477434158325195,0.001149951945990324,0.004144725855439901,0.0001788311346899718,0.22614260017871857,0.2583838105201721,0.021625062450766563,0.5005769729614258,1.4231736660003662,,,
420,model.layers.26.self_attn.o_proj.weight,3072,3072,0.0003255208333333333,0.0003729254531208426,3.1650094985961914,0.001440836233086884,0.04848124459385872,0.0002092281065415591,0.16830526292324066,0.31066006422042847,0.004886086564511061,0.5357731580734253,1.5100429058074951,0.00033288856502622366,7.257716655731201,0.0012619590852409601,0.006990178022533655,0.0003171545104123652,0.19208599627017975,0.2914600968360901,0.006913591641932726,0.5303041338920593,1.5019044876098633,,,
420,model.layers.1.mlp.gate_proj.weight,8192,3072,0.0001220703125,0.00013055757153779268,8.82606315612793,0.000315941491862759,0.08086074143648148,0.0005839210934937,0.22853383421897888,0.2290170043706894,0.009087239392101765,0.5617881417274475,1.518365740776062,0.00013468004181049764,21.86478614807129,0.0005996418185532093,0.011073211207985878,0.0004983508260920644,0.2757922410964966,0.19887293875217438,0.011076088063418865,0.4957289397716522,1.5091712474822998,,,
420,model.layers.1.mlp.up_proj.weight,8192,3072,0.0001220703125,0.00014113998622633517,8.227446556091309,0.00023687828797847033,0.0965830460190773,0.00015414935478474945,0.25892913341522217,0.22091220319271088,0.007184184622019529,0.5415941476821899,1.5181885957717896,0.00013065917300991714,19.48113441467285,0.0007615787326358259,0.011099611409008503,0.00018790124158840626,0.2912449240684509,0.1945122480392456,0.009708305820822716,0.4926295876502991,1.514944314956665,,,
420,model.layers.1.mlp.down_proj.weight,3072,8192,0.0001220703125,0.00014618852583225816,1.0075291395187378,1.5946843632264063e-05,1.4255722761154175,0.002148953964933753,0.3124252259731293,0.14345400035381317,0.043537016957998276,0.4768974781036377,1.420055866241455,0.00014720520994160324,21.697162628173828,0.000732820073608309,0.011180056259036064,0.0006142930942587554,0.24436111748218536,0.2303796261548996,0.02685626782476902,0.4864923059940338,1.413136601448059,0.07820628583431244,0.07796380668878555,0.6606600880622864
420,model.layers.14.mlp.gate_proj.weight,8192,3072,0.0001220703125,0.00011687652295222506,4.527446746826172,0.00034552582656033337,0.1500903069972992,0.0006782474811188877,0.21163523197174072,0.23510372638702393,0.006900795269757509,0.5442103147506714,1.5260902643203735,0.0001181027982966043,11.345470428466797,0.0010209048632532358,0.011312116868793964,0.0004527233832050115,0.2514576017856598,0.21822960674762726,0.010582586750388145,0.4968651533126831,1.5112974643707275,,,
420,model.layers.14.mlp.up_proj.weight,8192,3072,0.0001220703125,0.0001354841806460172,4.761828422546387,0.000618562800809741,0.18948149681091309,0.0006695013726130128,0.2382916957139969,0.22522413730621338,0.00972700770944357,0.4901113510131836,1.5131957530975342,0.00013846223009750247,10.953777313232422,0.0007288507767952979,0.011245518922805786,0.0005031057517044246,0.26791808009147644,0.20489932596683502,0.010085923597216606,0.4797065854072571,1.5085787773132324,,,
420,model.layers.14.mlp.down_proj.weight,3072,8192,0.0001220703125,0.00013549462892115116,5.518455505371094,0.0005601919256150723,0.2134927362203598,0.00048183801118284464,0.2243751585483551,0.25398683547973633,0.040133263915777206,0.49561041593551636,1.3845404386520386,0.00013805176422465593,13.918601036071777,0.0009812762727960944,0.01132143847644329,0.0005569360218942165,0.24400442838668823,0.23140479624271393,0.03798997774720192,0.4901233911514282,1.3762445449829102,0.07853127270936966,0.07674512267112732,0.8623164892196655
420,model.layers.26.mlp.gate_proj.weight,8192,3072,0.0001220703125,0.00016862696793396026,3.4211394786834717,-0.00015595334116369486,0.07565544545650482,0.0006795092485845089,0.18080686032772064,0.2575635612010956,0.006838897708803415,0.565844714641571,1.5174918174743652,0.00012278222129680216,9.392338752746582,0.0012501998571678996,0.010691218078136444,0.0006324846181087196,0.23887939751148224,0.21812693774700165,0.010919775813817978,0.49355974793434143,1.5153192281723022,,,
420,model.layers.26.mlp.up_proj.weight,8192,3072,0.0001220703125,0.00010676303645595908,3.670398712158203,7.051043212413788e-05,0.11137555539608002,0.0011535604717209935,0.14566749334335327,0.30487972497940063,0.0108017697930336,0.6358346343040466,1.5247223377227783,0.00012356344086583704,9.343477249145508,0.0011523040011525154,0.010837513953447342,0.0007629019673913717,0.22540895640850067,0.23121602833271027,0.011012978851795197,0.4983564019203186,1.512302279472351,,,
420,model.layers.26.mlp.down_proj.weight,3072,8192,0.0001220703125,0.00010497750918148085,1.9467908143997192,7.537350757047534e-05,0.10699916630983353,0.0015462327282875776,0.1275169998407364,0.3723233938217163,0.023033590987324715,0.6002247929573059,1.454336166381836,0.0001306603808188811,7.480131149291992,0.0011027284199371934,0.011005671694874763,0.00042544756433926523,0.2150745838880539,0.264645516872406,0.017098547890782356,0.5461844801902771,1.4513403177261353,0.0773504301905632,0.07700600475072861,0.8688104152679443
430,model.layers.1.self_attn.q_proj.weight,3072,3072,0.0003255208333333333,0.00026187949697487056,1.4567209482192993,-0.0005942074349150062,0.11379656195640564,0.0021203034557402134,0.1679597645998001,0.1854231059551239,0.008247357793152332,0.579296350479126,1.4800686836242676,0.0003919463197235018,8.637167930603027,-0.00016676337691023946,0.006636949256062508,0.0016613511834293604,0.3973764479160309,0.10029488056898117,0.02046036534011364,0.3120652139186859,1.4458093643188477,0.10143642127513885,0.10638471692800522,0.602380633354187
430,model.layers.1.self_attn.k_proj.weight,1024,3072,0.0003255208333333333,0.0004166130966041237,1.8637771606445312,-0.0009620945784263313,0.09384766221046448,0.0019912398420274258,0.11192475259304047,0.17899061739444733,0.007633158937096596,0.7685931921005249,1.442225456237793,0.0005694419960491359,7.988332271575928,-0.002023298293352127,0.003854897106066346,0.000835067592561245,0.3209655284881592,0.1424935907125473,0.01306962314993143,0.4482403099536896,1.4435735940933228,,,
430,model.layers.1.self_attn.v_proj.weight,1024,3072,0.0003255208333333333,0.00014990512863732874,1.9126126766204834,0.0003582499048206955,0.5893840789794922,7.361919415416196e-05,0.15694154798984528,0.3385811448097229,0.011115822941064835,0.5318090319633484,1.4578202962875366,0.00045727461110800505,10.197859764099121,-0.000275544123724103,0.004007422365248203,0.00023202996817417443,0.29601001739501953,0.1936992108821869,0.012632101774215698,0.4793880581855774,1.4513612985610962,,,
430,model.layers.1.self_attn.o_proj.weight,3072,3072,0.0003255208333333333,0.0003257425269111991,2.287017345428467,0.0002887163427658379,0.4007985591888428,0.00041920182411558926,0.21514740586280823,0.2634256184101105,0.016348520293831825,0.5122435688972473,1.4695271253585815,0.000328766240272671,6.121664047241211,0.0007971585728228092,0.0070617226883769035,0.00034465055796317756,0.2270294427871704,0.25339916348457336,0.014053449966013432,0.4961744248867035,1.4640010595321655,,,
430,model.layers.14.self_attn.q_proj.weight,3072,3072,0.0003255208333333333,0.0005145961185917258,2.047765016555786,-0.00024164542264770716,0.13957898318767548,0.001272035762667656,0.1608540117740631,0.29207485914230347,0.011504272930324078,0.6148784160614014,1.4941540956497192,0.00034146785037592053,10.373089790344238,0.0018413560464978218,0.006549636833369732,0.0008401055820286274,0.26928871870040894,0.1955508142709732,0.013141786679625511,0.4926515519618988,1.467430830001831,0.08817316591739655,0.08800414949655533,0.7711201906204224
430,model.layers.14.self_attn.k_proj.weight,1024,3072,0.0003255208333333333,0.00039902847493067384,1.9088327884674072,-0.0004175346693955362,0.11698675155639648,0.0016968759009614587,0.14445078372955322,0.2008623629808426,0.013867290690541267,0.7420437932014465,1.4368562698364258,0.00046326490701176226,14.703999519348145,0.0022448396775871515,0.003761619096621871,0.0010578074725344777,0.2784968912601471,0.17807821929454803,0.018312782049179077,0.5186946392059326,1.3984978199005127,,,
430,model.layers.14.self_attn.v_proj.weight,1024,3072,0.0003255208333333333,0.0003373766376171261,3.5862479209899902,0.0007851637783460319,0.5210139155387878,8.143069135257974e-05,0.26802656054496765,0.22604085505008698,0.010706392116844654,0.4712386429309845,1.468916893005371,0.0004325066402088851,10.506781578063965,0.002954423427581787,0.0038292095996439457,0.00022678954701405019,0.2827826738357544,0.20772792398929596,0.01075839251279831,0.4633464217185974,1.4671357870101929,,,
430,model.layers.14.self_attn.o_proj.weight,3072,3072,0.0003255208333333333,0.00034101822529919446,3.3015623092651367,0.000440007948782295,0.4770525395870209,0.0001077579872799106,0.23714496195316315,0.2565833032131195,0.019300486892461777,0.4753235876560211,1.4543907642364502,0.00032868533162400126,10.440604209899902,0.0021142573095858097,0.006636009085923433,0.0002507409662939608,0.19657950103282928,0.2770135700702667,0.030399521812796593,0.4519282877445221,1.4188530445098877,,,
430,model.layers.26.self_attn.q_proj.weight,3072,3072,0.0003255208333333333,0.00036802198155783117,1.884345531463623,0.0010323429014533758,0.05197541043162346,0.0018632722785696387,0.1581350862979889,0.2845379114151001,0.022096622735261917,0.6384589672088623,1.4438555240631104,0.0003346833982504904,8.911754608154297,0.000978749361820519,0.006375450640916824,0.0009379945113323629,0.24493993818759918,0.2118336260318756,0.018274160102009773,0.5076800584793091,1.4472589492797852,0.08429151773452759,0.08454958349466324,0.7881280183792114
430,model.layers.26.self_attn.k_proj.weight,1024,3072,0.0003255208333333333,0.0005115110543556511,2.8802261352539062,0.0019447699887678027,0.04177454486489296,0.0007522257510572672,0.21541324257850647,0.153657004237175,0.010204710066318512,0.6498270630836487,1.4335157871246338,0.000418113631894812,10.408802032470703,-0.0004580457170959562,0.0036871670745313168,0.0010302908485755324,0.24067065119743347,0.19696849584579468,0.01660081185400486,0.5382925271987915,1.4108942747116089,,,
430,model.layers.26.self_attn.v_proj.weight,1024,3072,0.0003255208333333333,0.00028618460055440664,2.098219156265259,0.00022263173013925552,0.06071489676833153,0.00026403655647300184,0.1825476735830307,0.32070475816726685,0.04143845662474632,0.47970229387283325,1.4249908924102783,0.0003962407063227147,6.332314491271973,0.0007958038477227092,0.0037939490284770727,0.00028762102010659873,0.23179076611995697,0.2594698965549469,0.01629781536757946,0.5019638538360596,1.4496301412582397,,,
430,model.layers.26.self_attn.o_proj.weight,3072,3072,0.0003255208333333333,0.0003405397874303162,3.0764546394348145,0.00012698433420155197,0.06950979679822922,0.00019312449148856103,0.14407742023468018,0.3551759123802185,0.005021271761506796,0.5454889535903931,1.5110853910446167,0.0003911038802471012,7.696102619171143,0.001217503217048943,0.006685469299554825,0.0002261745248688385,0.18584319949150085,0.30140262842178345,0.0065438575111329556,0.539524495601654,1.4998921155929565,,,
430,model.layers.1.mlp.gate_proj.weight,8192,3072,0.0001220703125,0.00012780110409948975,2.9209558963775635,-0.00030662777135148644,0.2156302034854889,0.000640621583443135,0.25265833735466003,0.20752112567424774,0.010299237444996834,0.5168140530586243,1.5187277793884277,0.00012952767428942025,10.62852668762207,0.0010088529670611024,0.011371534317731857,0.0004307143681216985,0.2749534249305725,0.19976159930229187,0.012084346264600754,0.4968310296535492,1.5060827732086182,,,
430,model.layers.1.mlp.up_proj.weight,8192,3072,0.0001220703125,0.00013271011994220316,2.6444215774536133,-0.0001775069977156818,0.2562953531742096,0.00013734816457144916,0.28506892919540405,0.20094989240169525,0.007476203143596649,0.5027706623077393,1.519190788269043,0.00013131879677530378,9.793137550354004,0.0011970545165240765,0.011431362479925156,0.00019460894691292197,0.29314684867858887,0.19487367570400238,0.010233258828520775,0.49002453684806824,1.5123223066329956,,,
430,model.layers.1.mlp.down_proj.weight,3072,8192,0.0001220703125,0.00015739561058580875,1.0119580030441284,-1.535012779640965e-05,2.9913227558135986,0.0010107296984642744,0.3387563228607178,0.13838323950767517,0.021236605942249298,0.4582521319389343,1.4489047527313232,0.00014186340558808297,11.652287483215332,0.0009322411497123539,0.01132506038993597,0.0005594594986177981,0.24493494629859924,0.23141126334667206,0.02059704065322876,0.48949337005615234,1.4378666877746582,0.10352451354265213,0.10237722843885422,0.5510954260826111
430,model.layers.14.mlp.gate_proj.weight,8192,3072,0.0001220703125,0.00012212824367452413,2.7258760929107666,0.0007908201077952981,0.30922240018844604,0.0005507636815309525,0.2394428551197052,0.20848998427391052,0.005970841273665428,0.533882737159729,1.5241458415985107,0.00011822370288427919,11.473565101623535,0.000739566283300519,0.010834477841854095,0.0005578676355071366,0.25469595193862915,0.21304461359977722,0.010834232904016972,0.49679258465766907,1.5112450122833252,,,
430,model.layers.14.mlp.up_proj.weight,8192,3072,0.0001220703125,0.000143940924317576,3.216724157333374,0.000531998579390347,0.332906037569046,0.0004052604199387133,0.25745096802711487,0.21292151510715485,0.007590434048324823,0.48591792583465576,1.5156822204589844,0.00014275929424911737,10.371100425720215,0.00035310463863424957,0.011007719673216343,0.00046302733244374394,0.276862233877182,0.1981848031282425,0.01049245335161686,0.4719417691230774,1.5107879638671875,,,
430,model.layers.14.mlp.down_proj.weight,3072,8192,0.0001220703125,0.00015045137843117118,4.0081682205200195,0.00042663729982450604,0.42655420303344727,0.0003672684251796454,0.23853304982185364,0.24614425003528595,0.028841985389590263,0.5065427422523499,1.4509257078170776,0.00013681560812983662,13.882150650024414,0.0005962525028735399,0.01104597095400095,0.0005441330140456557,0.24830038845539093,0.22899267077445984,0.03514076769351959,0.4857787489891052,1.4072946310043335,0.08956810086965561,0.08704745024442673,0.7936504483222961
430,model.layers.26.mlp.gate_proj.weight,8192,3072,0.0001220703125,0.00012117726873839274,2.314506769180298,0.0012319316156208515,0.12766768038272858,0.0007257004617713392,0.21432894468307495,0.23868995904922485,0.008626209571957588,0.5443349480628967,1.5186554193496704,0.00013253615179564804,6.830642223358154,-0.0002334116870770231,0.011221703141927719,0.0009728284785524011,0.23959986865520477,0.21959136426448822,0.011094135232269764,0.5003385543823242,1.5126752853393555,,,
430,model.layers.26.mlp.up_proj.weight,8192,3072,0.0001220703125,0.00013222036068327725,2.6528701782226562,0.000373714865418151,0.14732983708381653,0.0007649938925169408,0.2247462123632431,0.23993244767189026,0.009830866940319538,0.5233802795410156,1.5202070474624634,0.00011821020598290488,7.6195149421691895,9.144368232227862e-05,0.011169306933879852,0.0008742379141040146,0.23001015186309814,0.22930093109607697,0.011570963077247143,0.49509724974632263,1.512265682220459,,,
430,model.layers.26.mlp.down_proj.weight,3072,8192,0.0001220703125,0.00011250003444729373,2.131037473678589,0.0003481680469121784,0.16701792180538177,0.0003198981285095215,0.21721646189689636,0.2698967754840851,0.012229898944497108,0.47429463267326355,1.4607504606246948,0.00012424716260284185,7.779666423797607,0.0004618488601408899,0.011055843904614449,0.00037859438452869654,0.22739379107952118,0.25443699955940247,0.016019906848669052,0.5232001543045044,1.4571855068206787,0.08949288725852966,0.08802254498004913,0.7743131518363953
440,model.layers.1.self_attn.q_proj.weight,3072,3072,0.0003255208333333333,0.0003265643317718059,2.5474143028259277,-0.0004143941041547805,0.04799168184399605,0.002052205614745617,0.17308150231838226,0.19955836236476898,0.00786159560084343,0.5970438718795776,1.4853256940841675,0.0003923464973922819,9.05234432220459,-0.0005349143757484853,0.0071141356602311134,0.0014066108269616961,0.39980101585388184,0.10435569286346436,0.019514696672558784,0.3170325458049774,1.449602723121643,0.08200567960739136,0.08313420414924622,0.7564153671264648
440,model.layers.1.self_attn.k_proj.weight,1024,3072,0.0003255208333333333,0.0005020592943765223,2.6055145263671875,-0.0007208202150650322,0.03714590519666672,0.0010552689200267196,0.0946107730269432,0.20720137655735016,0.0051466478034853935,0.8093640208244324,1.4621012210845947,0.0005794900935143232,7.017061710357666,-0.001793891889974475,0.004057636484503746,0.001000981661491096,0.3073759377002716,0.1638558804988861,0.013526007533073425,0.4619254171848297,1.4357706308364868,,,
440,model.layers.1.self_attn.v_proj.weight,1024,3072,0.0003255208333333333,0.00012899468129035085,1.9005589485168457,3.215897595509887e-05,0.2350451648235321,8.567647455492988e-05,0.15173503756523132,0.3446260690689087,0.011326381005346775,0.5308665633201599,1.4526153802871704,0.0004709285276476294,8.18386173248291,0.00015225374954752624,0.004262525588274002,0.00023524159041699022,0.30528783798217773,0.18777090311050415,0.012844622135162354,0.4631420969963074,1.448119044303894,,,
440,model.layers.1.self_attn.o_proj.weight,3072,3072,0.0003255208333333333,0.0003315803478471935,4.516684055328369,3.2049236324382946e-05,0.1272539496421814,0.0006319544045254588,0.24703235924243927,0.22796489298343658,0.01723266765475273,0.4810422658920288,1.4485507011413574,0.00032412377186119556,7.393920421600342,0.0007582152611576021,0.007173928897827864,0.0003588340478017926,0.23709389567375183,0.24322931468486786,0.01445129606872797,0.4893723726272583,1.4654946327209473,,,
440,model.layers.14.self_attn.q_proj.weight,3072,3072,0.0003255208333333333,0.0003345333389006555,2.4290688037872314,9.394846711074933e-05,0.08028627187013626,0.0013680881820619106,0.14552487432956696,0.30274587869644165,0.009902853518724442,0.6393686532974243,1.4856178760528564,0.0003429917269386351,7.983548164367676,0.0015729276929050684,0.006883741356432438,0.0008067671442404389,0.26775455474853516,0.19503675401210785,0.01392810232937336,0.4957354962825775,1.4665765762329102,0.08285944163799286,0.07904686033725739,0.8479411602020264
440,model.layers.14.self_attn.k_proj.weight,1024,3072,0.0003255208333333333,0.00045220268657431006,5.806917667388916,0.00019901574705727398,0.05691077932715416,0.001335413777269423,0.22342795133590698,0.1861703246831894,0.01449852529913187,0.6204627752304077,1.448089838027954,0.0004286438343115151,11.277759552001953,0.0024789562448859215,0.003999543376266956,0.0009636698523536325,0.28023961186408997,0.1725005954504013,0.01674826629459858,0.5115064382553101,1.4288219213485718,,,
440,model.layers.14.self_attn.v_proj.weight,1024,3072,0.0003255208333333333,0.00032298703445121646,3.4446234703063965,-0.0009825365850701928,0.17999844253063202,0.00024199413019232452,0.2215072214603424,0.27047523856163025,0.012202325277030468,0.5323678255081177,1.446026086807251,0.00042861964902840555,9.986791610717773,0.0028558443300426006,0.003821957390755415,0.0002933678333647549,0.2779828906059265,0.20964890718460083,0.011345455422997475,0.46713951230049133,1.4515854120254517,,,
440,model.layers.14.self_attn.o_proj.weight,3072,3072,0.0003255208333333333,0.00031326754833571613,3.5497069358825684,-0.0005045948782935739,0.17783066630363464,0.0002872735494747758,0.15837667882442474,0.30196458101272583,0.05673842132091522,0.4494971036911011,1.3731745481491089,0.0003162357024848461,9.695015907287598,0.0013505255337804556,0.006755237467586994,0.00026139154215343297,0.1942189782857895,0.279562383890152,0.035346392542123795,0.462517648935318,1.39934241771698,,,
440,model.layers.26.self_attn.q_proj.weight,3072,3072,0.0003255208333333333,0.00040437470306642354,3.1280055046081543,-0.00024556563585065305,0.02745768614113331,0.0022209398448467255,0.16838684678077698,0.2577773332595825,0.020309265702962875,0.635947048664093,1.4484601020812988,0.00034999073250219226,8.278364181518555,0.0014907852746546268,0.0065336269326508045,0.000937317730858922,0.25404563546180725,0.2089156210422516,0.016534576192498207,0.49446889758110046,1.4598217010498047,0.07495608180761337,0.07362356036901474,0.8713475465774536
440,model.layers.26.self_attn.k_proj.weight,1024,3072,0.0003255208333333333,0.0005184789770282805,3.2794387340545654,-0.0003800722770392895,0.02715378999710083,0.0008636941201984882,0.20533610880374908,0.19311785697937012,0.013131164014339447,0.6629663705825806,1.4421476125717163,0.00045964703895151615,10.151925086975098,0.0019306138856336474,0.003811896312981844,0.0009805982699617743,0.24720662832260132,0.1948501020669937,0.016137337312102318,0.5174496173858643,1.4113929271697998,,,
440,model.layers.26.self_attn.v_proj.weight,1024,3072,0.0003255208333333333,0.00024124301853589714,2.3922135829925537,-0.0006557765882462263,0.04011968523263931,0.0001240102428710088,0.16340835392475128,0.34525009989738464,0.018082251772284508,0.5517058968544006,1.4321192502975464,0.00039638421731069684,6.503953456878662,0.0018926679622381926,0.0038556058425456285,0.0001693297817837447,0.24246272444725037,0.24537593126296997,0.013127373531460762,0.4849033057689667,1.4372659921646118,,,
440,model.layers.26.self_attn.o_proj.weight,3072,3072,0.0003255208333333333,0.00040139982593245804,3.389883279800415,-0.00040956406155601144,0.041990555822849274,0.00028803772875107825,0.17332664132118225,0.3085263967514038,0.006028002593666315,0.5455965995788574,1.5028822422027588,0.0003383682342246175,7.19551420211792,0.0015177098102867603,0.006677539553493261,0.00017220200970768929,0.19328446686267853,0.2916877269744873,0.005843010731041431,0.535548746585846,1.5024794340133667,,,
440,model.layers.1.mlp.gate_proj.weight,8192,3072,0.0001220703125,0.00014406544505618513,6.360799789428711,-0.00023380352649837732,0.07720343768596649,0.00047614803770557046,0.21996130049228668,0.2351340651512146,0.009208474308252335,0.5908740162849426,1.5142834186553955,0.00012812427303288132,16.276409149169922,0.0003224405227228999,0.01140561792999506,0.0005945974844507873,0.27840983867645264,0.193581685423851,0.011670866049826145,0.4947945177555084,1.5072442293167114,,,
440,model.layers.1.mlp.up_proj.weight,8192,3072,0.0001220703125,0.00013687291357200593,6.162322998046875,-0.00019530074496287853,0.09426350146532059,0.0001574088237248361,0.23972800374031067,0.23436182737350464,0.006806114222854376,0.5731229782104492,1.519350528717041,0.00012975474237464368,14.41159725189209,0.0006808361504226923,0.011497698724269867,0.0002202280447818339,0.29193225502967834,0.19254070520401,0.010004259645938873,0.4934571087360382,1.511554479598999,,,
440,model.layers.1.mlp.down_proj.weight,3072,8192,0.0001220703125,0.00013916328316554427,1.0085465908050537,-1.518079898232827e-05,1.2164194583892822,0.001417933963239193,0.34309160709381104,0.133662149310112,0.029475711286067963,0.44395211338996887,1.4022691249847412,0.00015225376409944147,16.333738327026367,0.0004721560108009726,0.0115102743729949,0.0013087952975183725,0.24454675614833832,0.22930501401424408,0.028240539133548737,0.4860022962093353,1.4060899019241333,0.08187643438577652,0.07647968828678131,0.6626498699188232
440,model.layers.14.mlp.gate_proj.weight,8192,3072,0.0001220703125,0.0001165820867754519,4.330465316772461,-0.000440404808614403,0.10704367607831955,0.000799713481683284,0.21416795253753662,0.22971192002296448,0.007265891879796982,0.5492286086082458,1.524794340133667,0.00012791196058969945,9.024297714233398,0.0008986395550891757,0.011404384858906269,0.000473685358883813,0.2534736394882202,0.21568778157234192,0.009951477870345116,0.4998849332332611,1.5178407430648804,,,
440,model.layers.14.mlp.up_proj.weight,8192,3072,0.0001220703125,0.00013485887029673904,4.2004714012146,-7.764108158880845e-05,0.13294711709022522,0.0011226673377677798,0.23959031701087952,0.2176283448934555,0.01162058673799038,0.48756346106529236,1.5081992149353027,0.00013573543401435018,7.538773536682129,0.0009714154875837266,0.01156611181795597,0.00043989712139591575,0.2751789689064026,0.20002909004688263,0.010481281206011772,0.4797874391078949,1.5087170600891113,,,
440,model.layers.14.mlp.down_proj.weight,3072,8192,0.0001220703125,0.0001333669206360355,4.861358165740967,-7.087755511747673e-05,0.15181119740009308,0.0005780235514976084,0.2166120558977127,0.2612401843070984,0.03916041925549507,0.5054569244384766,1.3888030052185059,0.0001446597307221964,9.261598587036133,0.0009955340065062046,0.011579878628253937,0.0004347745270933956,0.25157392024993896,0.22701816260814667,0.031749624758958817,0.4854177236557007,1.4152376651763916,0.07473814487457275,0.07558148354291916,0.8763598203659058
440,model.layers.26.mlp.gate_proj.weight,8192,3072,0.0001220703125,0.00032390799606218934,2.3399109840393066,0.0010980472434312105,0.07573646306991577,0.002121066441759467,0.14415207505226135,0.3025336265563965,0.010540783405303955,0.6313230991363525,1.5140936374664307,0.00016725549357943237,7.3013811111450195,0.0006824188167229295,0.010950988158583641,0.0008071847259998322,0.2371053546667099,0.21935570240020752,0.011504667811095715,0.5049371719360352,1.510136365890503,,,
440,model.layers.26.mlp.up_proj.weight,8192,3072,0.0001220703125,9.139763278653845e-05,1.7194198369979858,0.00040661159437149763,0.14186924695968628,0.0011410597944632173,0.1316547989845276,0.3089582026004791,0.00807074923068285,0.6685561537742615,1.5226562023162842,0.0001280022697756067,7.77695894241333,-7.352510147029534e-05,0.01092607993632555,0.0007536023622378707,0.2301923632621765,0.22576937079429626,0.010456589050590992,0.49758145213127136,1.5135973691940308,,,
440,model.layers.26.mlp.down_proj.weight,3072,8192,0.0001220703125,0.0001036292887874879,1.6207889318466187,0.0005362965166568756,0.11494259536266327,0.00047845669905655086,0.1151772141456604,0.39839881658554077,0.01009141281247139,0.6357529759407043,1.4749891757965088,0.0001258170959772542,7.1243720054626465,0.0004266496398486197,0.011034906841814518,0.0004498051421251148,0.21991176903247833,0.26129937171936035,0.016742117702960968,0.5348389744758606,1.4529740810394287,0.08695418387651443,0.08642985671758652,0.8593626618385315
450,model.layers.1.self_attn.q_proj.weight,3072,3072,0.0003255208333333333,0.00029804097721353173,2.4682183265686035,0.0002202408213634044,0.031156480312347412,0.003242326667532325,0.19356809556484222,0.17498613893985748,0.011575119569897652,0.5385628342628479,1.4750175476074219,0.0004407046944834292,7.122113227844238,-0.0012522430624812841,0.006741922814399004,0.002167291473597288,0.40077924728393555,0.09908490628004074,0.021835800260305405,0.30539751052856445,1.4424409866333008,0.07176956534385681,0.07222306728363037,0.8081003427505493
450,model.layers.1.self_attn.k_proj.weight,1024,3072,0.0003255208333333333,0.00040164991514757276,1.9230403900146484,0.00033478892873972654,0.029286254197359085,0.0014516875380650163,0.09183312952518463,0.19548097252845764,0.005425524432212114,0.8152691721916199,1.4704340696334839,0.0006166856037452817,7.129664897918701,-0.0023589879274368286,0.004012999124825001,0.0014442985411733389,0.31069815158843994,0.15523004531860352,0.013705105520784855,0.45818227529525757,1.4357411861419678,,,
450,model.layers.1.self_attn.v_proj.weight,1024,3072,0.0003255208333333333,0.00014693857519887388,1.7346466779708862,0.000891868257895112,0.1728120595216751,7.461105269612744e-05,0.13734856247901917,0.3679184317588806,0.010197961702942848,0.5662663578987122,1.4545483589172363,0.0004869363328907639,10.165092468261719,0.0006300501991063356,0.0038790744729340076,0.0002980382996611297,0.2991943955421448,0.19037069380283356,0.015228788368403912,0.47541868686676025,1.4352341890335083,,,
450,model.layers.1.self_attn.o_proj.weight,3072,3072,0.0003255208333333333,0.000336457509547472,4.498254776000977,0.0008499211398884654,0.09916882961988449,0.0005779929342679679,0.2269429862499237,0.2470165342092514,0.015949588268995285,0.504487156867981,1.4489374160766602,0.0003374073712620884,7.092123031616211,0.0007464251248165965,0.0069247037172317505,0.0004698309930972755,0.23037762939929962,0.2478850930929184,0.01629781164228916,0.488636314868927,1.4635188579559326,,,
450,model.layers.14.self_attn.q_proj.weight,3072,3072,0.0003255208333333333,0.00044185141450725496,4.526684761047363,0.0003029272484127432,0.07122340053319931,0.0007838776800781488,0.16607454419136047,0.28619492053985596,0.008425568230450153,0.597943127155304,1.4903247356414795,0.000331165618263185,14.623039245605469,0.001618055161088705,0.006844993680715561,0.0007491079741157591,0.26547351479530334,0.19875212013721466,0.013838562183082104,0.49001091718673706,1.4616453647613525,0.07230839133262634,0.06942606717348099,0.8717198967933655
450,model.layers.14.self_attn.k_proj.weight,1024,3072,0.0003255208333333333,0.0004418031603563577,4.52236270904541,0.0005512459902092814,0.0572253055870533,0.0008440108504146338,0.18307195603847504,0.20393559336662292,0.011210592463612556,0.6896307468414307,1.4355140924453735,0.00044410282862372696,18.16042137145996,0.002790751401335001,0.003967679105699062,0.000818010768853128,0.28088444471359253,0.17670240998268127,0.018139712512493134,0.5178773999214172,1.3957723379135132,,,
450,model.layers.14.self_attn.v_proj.weight,1024,3072,0.0003255208333333333,0.00031130792922340333,3.884068489074707,-0.0006113714771345258,0.17343170940876007,0.0003012138477060944,0.24067774415016174,0.2515610158443451,0.01470884494483471,0.4898098409175873,1.436640739440918,0.000375472562154755,9.888303756713867,0.002493211068212986,0.004040999803692102,0.0002826119016390294,0.2754600942134857,0.21381917595863342,0.011697974987328053,0.4713590741157532,1.4544678926467896,,,
450,model.layers.14.self_attn.o_proj.weight,3072,3072,0.0003255208333333333,0.00032883143285289407,4.224130630493164,-0.0003110684338025749,0.17300841212272644,0.00036314348108135164,0.1645280420780182,0.29999634623527527,0.04389282688498497,0.4546888470649719,1.37929368019104,0.00033661670750007033,10.582690238952637,0.0014608858618885279,0.00685004610568285,0.0003511429240461439,0.19642384350299835,0.27040526270866394,0.04288501292467117,0.4444521367549896,1.3690403699874878,,,
450,model.layers.26.self_attn.q_proj.weight,3072,3072,0.0003255208333333333,0.0005622962489724159,3.259467840194702,-0.0009570047841407359,0.03194934502243996,0.0037870467640459538,0.1777602732181549,0.24494612216949463,0.031075306236743927,0.6044458150863647,1.4304931163787842,0.0003728366573341191,9.127226829528809,0.0016247180756181479,0.007129328791052103,0.0008353114244528115,0.2518163025379181,0.2094467729330063,0.018047507852315903,0.49916473031044006,1.442234992980957,0.07025297731161118,0.07012394815683365,0.8603929281234741
450,model.layers.26.self_attn.k_proj.weight,1024,3072,0.0003255208333333333,0.0005267710075713694,2.802147626876831,-0.001470784773118794,0.03135373070836067,0.0012619434855878353,0.22047248482704163,0.17711308598518372,0.015919731929898262,0.6361928582191467,1.4376397132873535,0.0004554986080620438,12.453057289123535,0.0033156098797917366,0.004194141365587711,0.001040278235450387,0.2415948212146759,0.2024652510881424,0.02029297687113285,0.5363290309906006,1.4002107381820679,,,
450,model.layers.26.self_attn.v_proj.weight,1024,3072,0.0003255208333333333,0.00024672606377862394,2.741868019104004,-0.002102176658809185,0.03423281013965607,0.00011504695430630818,0.18055479228496552,0.31614789366722107,0.027357103303074837,0.5115488171577454,1.4201968908309937,0.0003749434545170516,5.688627243041992,0.0027089635841548443,0.004106627777218819,0.0001408675598213449,0.2327137589454651,0.2559482157230377,0.013846931047737598,0.4950787425041199,1.4321273565292358,,,
450,model.layers.26.self_attn.o_proj.weight,3072,3072,0.0003255208333333333,0.00034422343014739454,3.8771567344665527,-0.001243265112861991,0.03767725080251694,0.0003269672452006489,0.15992243587970734,0.3220842480659485,0.007636417634785175,0.5392712950706482,1.4968520402908325,0.0003346715238876641,6.954014778137207,0.0016593273030593991,0.006927199196070433,0.00019481497292872518,0.20268002152442932,0.2825380265712738,0.0064907860942184925,0.5172592997550964,1.4996864795684814,,,
450,model.layers.1.mlp.gate_proj.weight,8192,3072,0.0001220703125,0.0001353339321212843,7.385199546813965,-0.0007361660245805979,0.05483460798859596,0.00047575071221217513,0.224546417593956,0.2315385937690735,0.009335603564977646,0.5697742104530334,1.5129450559616089,0.00012639135820791125,13.971291542053223,0.0011170785874128342,0.011109856888651848,0.00041784680797718465,0.2761417329311371,0.19916321337223053,0.01099806372076273,0.497336745262146,1.5112767219543457,,,
450,model.layers.1.mlp.up_proj.weight,8192,3072,0.0001220703125,0.00013546603440772742,6.935324668884277,-0.0007809080416336656,0.06517303735017776,0.0001625766744837165,0.2588050067424774,0.21794548630714417,0.007681834977120161,0.5415827631950378,1.5192115306854248,0.00012515288835857064,13.116442680358887,0.0012815449154004455,0.01110199186950922,0.00018672904116101563,0.2934740483760834,0.19328302145004272,0.010103574953973293,0.4917961359024048,1.508298635482788,,,
450,model.layers.1.mlp.down_proj.weight,3072,8192,0.0001220703125,0.0001619949034648016,1.0052611827850342,-4.54968394478783e-05,1.1217387914657593,0.0018154567806050181,0.33284416794776917,0.1359492391347885,0.03684854134917259,0.4527391195297241,1.4024581909179688,0.0001428151736035943,19.597946166992188,0.0011028022272512317,0.011046886444091797,0.0009837942197918892,0.2457726001739502,0.22821593284606934,0.026985155418515205,0.48391076922416687,1.3992022275924683,0.07817638665437698,0.07687744498252869,0.6675577759742737
450,model.layers.14.mlp.gate_proj.weight,8192,3072,0.0001220703125,0.00011418737267376855,5.055271625518799,-0.0006354135693982244,0.10076849162578583,0.0006854630773887038,0.21113897860050201,0.23288851976394653,0.0072618769481778145,0.544185221195221,1.5251233577728271,0.00012671611330006272,12.419239044189453,0.0009287976427003741,0.011051235720515251,0.0005403590039350092,0.25442880392074585,0.21350924670696259,0.011003603227436543,0.4979565739631653,1.510873556137085,,,
450,model.layers.14.mlp.up_proj.weight,8192,3072,0.0001220703125,0.00013487943215295672,4.5648322105407715,-0.00034657088690437376,0.12840162217617035,0.0007707593031227589,0.23617079854011536,0.222982719540596,0.0099300816655159,0.49108782410621643,1.5113354921340942,0.000143990691867657,11.176498413085938,0.0011259510647505522,0.011161699891090393,0.0005198462167754769,0.2744438350200653,0.19954021275043488,0.010413983836770058,0.47519630193710327,1.510925054550171,,,
450,model.layers.14.mlp.down_proj.weight,3072,8192,0.0001220703125,0.00013445402146317065,5.918552875518799,-0.0003239370125811547,0.14087261259555817,0.0007430827245116234,0.20848539471626282,0.2660404443740845,0.04690428078174591,0.5131406188011169,1.3578815460205078,0.00014262457261793315,13.902119636535645,0.001220452948473394,0.011241219937801361,0.0005367168923839927,0.24030175805091858,0.23473648726940155,0.03848324343562126,0.49548211693763733,1.3701694011688232,0.06814093887805939,0.06999100744724274,0.8989394307136536
450,model.layers.26.mlp.gate_proj.weight,8192,3072,0.0001220703125,0.0002577487612143159,3.044288396835327,-0.001564482576213777,0.058767061680555344,0.002143903635442257,0.1653321385383606,0.27981036901474,0.010676096193492413,0.5999165177345276,1.514801263809204,0.00014865926641505212,9.39047908782959,0.0014355805469676852,0.010661355219781399,0.0008474831120111048,0.23725305497646332,0.2207440882921219,0.011133923195302486,0.49875226616859436,1.5121594667434692,,,
450,model.layers.26.mlp.up_proj.weight,8192,3072,0.0001220703125,0.0001264852617168799,3.3303897380828857,-0.0008341189241036773,0.08523032814264297,0.0013154230546206236,0.14715808629989624,0.29904043674468994,0.011772177182137966,0.6390263438224792,1.5223572254180908,0.00012238387716934085,8.825227737426758,0.00034170239814557135,0.010848809964954853,0.0007282288861460984,0.2298976629972458,0.2278740108013153,0.01095943246036768,0.49492424726486206,1.5127280950546265,,,
450,model.layers.26.mlp.down_proj.weight,3072,8192,0.0001220703125,0.00010077012120746076,1.7784587144851685,-0.0008583543822169304,0.08813595026731491,0.0005039863171987236,0.12944306433200836,0.3654399514198303,0.012241600081324577,0.5895125865936279,1.464848279953003,0.0001271102373721078,6.327098846435547,0.0008150744833983481,0.011043215170502663,0.0002961210848297924,0.21795181930065155,0.26345357298851013,0.014954404905438423,0.5418960452079773,1.4580578804016113,0.07267569750547409,0.07149478793144226,0.8648126721382141
460,model.layers.1.self_attn.q_proj.weight,3072,3072,0.0003255208333333333,0.0002569709613453597,2.420842170715332,0.0001949903671629727,0.058233920484781265,0.002083250554278493,0.1708374321460724,0.19070062041282654,0.008587975986301899,0.5805243849754333,1.4831544160842896,0.0004923474625684321,12.314617156982422,-0.0015345028368756175,0.006535655353218317,0.0017816624604165554,0.3965384364128113,0.10112124681472778,0.02000541426241398,0.31405583024024963,1.4467071294784546,0.08107762783765793,0.08149459213018417,0.803266167640686
460,model.layers.1.self_attn.k_proj.weight,1024,3072,0.0003255208333333333,0.00038234892417676747,1.9826266765594482,0.00032898286008276045,0.04565304145216942,0.001411524135619402,0.10145258903503418,0.18397808074951172,0.006316747982054949,0.7858940958976746,1.4668267965316772,0.0007083144155330956,10.297347068786621,-0.0023662380408495665,0.0038655579555779696,0.0014439783990383148,0.2986376881599426,0.15583930909633636,0.013987298123538494,0.4649919271469116,1.4353983402252197,,,
460,model.layers.1.self_attn.v_proj.weight,1024,3072,0.0003255208333333333,0.00014753743016626686,1.9495699405670166,-0.0008023462141864002,0.25798499584198,7.989265577634797e-05,0.1384335160255432,0.3665830194950104,0.011042819358408451,0.5670838356018066,1.4563919305801392,0.00047908362466841936,10.640205383300781,0.0021747644059360027,0.00383255654014647,0.00038375810254365206,0.29073166847229004,0.19529148936271667,0.017087802290916443,0.4860887825489044,1.432620644569397,,,
460,model.layers.1.self_attn.o_proj.weight,3072,3072,0.0003255208333333333,0.00032559645478613675,3.4205710887908936,-0.0006850834470242262,0.16542695462703705,0.0003866615879815072,0.2217705100774765,0.25595229864120483,0.012649147771298885,0.5349375009536743,1.462341547012329,0.0003179950872436166,7.880176544189453,0.0013670545304194093,0.006709031295031309,0.0004891504067927599,0.22974154353141785,0.24887141585350037,0.01605815626680851,0.49282482266426086,1.4559860229492188,,,
460,model.layers.14.self_attn.q_proj.weight,3072,3072,0.0003255208333333333,0.00033805446582846344,3.520958185195923,-0.0012590285623446107,0.10254508256912231,0.0008746845996938646,0.17590737342834473,0.2732573449611664,0.008903601206839085,0.6022729873657227,1.496767282485962,0.00032529098098166287,8.20127010345459,0.0014250422827899456,0.006700038909912109,0.0007037855102680624,0.2676874101161957,0.1928669810295105,0.014462594874203205,0.48996153473854065,1.4594635963439941,0.06853670626878738,0.07069548964500427,0.8694360852241516
460,model.layers.14.self_attn.k_proj.weight,1024,3072,0.0003255208333333333,0.00032124947756528854,2.524921417236328,-0.0020581248681992292,0.09239306300878525,0.0007088257698342204,0.1833655685186386,0.22647839784622192,0.010938582941889763,0.6797369122505188,1.4569965600967407,0.00043648455175571144,12.773137092590332,0.003376997774466872,0.003877462586387992,0.0015480787260457873,0.280356764793396,0.17263522744178772,0.018236054107546806,0.5093386769294739,1.4009350538253784,,,
460,model.layers.14.self_attn.v_proj.weight,1024,3072,0.0003255208333333333,0.00039763186941854656,1.6891165971755981,0.00034203522955067456,0.5254518985748291,4.1832921851892024e-05,0.29126372933387756,0.20327304303646088,0.0037666342686861753,0.4715591371059418,1.46148681640625,0.00043304209248162806,6.911458969116211,0.0023727102670818567,0.004014675505459309,0.0003398412954993546,0.27834123373031616,0.2080257683992386,0.01210128515958786,0.46568089723587036,1.4498366117477417,,,
460,model.layers.14.self_attn.o_proj.weight,3072,3072,0.0003255208333333333,0.00038387373206205666,1.419048547744751,0.00023025283007882535,0.40754029154777527,8.345757669303566e-05,0.3185489773750305,0.19220086932182312,0.017364082857966423,0.4031779170036316,1.398444652557373,0.0003326859441585839,9.002439498901367,0.0017449765000492334,0.006784568075090647,0.00023814193264115602,0.2090289443731308,0.2675889730453491,0.03011055290699005,0.4481211006641388,1.41079843044281,,,
460,model.layers.26.self_attn.q_proj.weight,3072,3072,0.0003255208333333333,0.0003444761096034199,2.5211143493652344,0.0004956791526637971,0.04459794610738754,0.0015362659469246864,0.17473934590816498,0.26276901364326477,0.017275355756282806,0.6102981567382812,1.4398038387298584,0.00034963589860126376,8.405542373657227,0.0011624543694779277,0.0068086860701441765,0.0010802174219861627,0.24871575832366943,0.20855039358139038,0.016924861818552017,0.5013035535812378,1.4459410905838013,0.08120747655630112,0.07960611581802368,0.827974796295166
460,model.layers.26.self_attn.k_proj.weight,1024,3072,0.0003255208333333333,0.00039772960008122027,3.6583921909332275,0.0008628141367807984,0.03899902477860451,0.0006041639135219157,0.21038560569286346,0.1858319640159607,0.010319552384316921,0.6718071699142456,1.4475375413894653,0.0004425053484737873,11.282648086547852,0.0010079731000587344,0.004023657646030188,0.0014465709682554007,0.2467617690563202,0.19078762829303741,0.018246429041028023,0.5272203087806702,1.4078155755996704,,,
460,model.layers.26.self_attn.v_proj.weight,1024,3072,0.0003255208333333333,0.00025560593348927796,2.3528239727020264,-0.0003027163620572537,0.05304544419050217,0.0001455899327993393,0.17275545001029968,0.3362502157688141,0.022942539304494858,0.5237040519714355,1.4203357696533203,0.0004083684179931879,6.155669689178467,0.0024124046321958303,0.003885302459821105,0.0003235379990655929,0.24186748266220093,0.2479378581047058,0.019334333017468452,0.4851008653640747,1.4365617036819458,,,
460,model.layers.26.self_attn.o_proj.weight,3072,3072,0.0003255208333333333,0.0003415970131754875,2.5620312690734863,-0.00016510144632775337,0.06309854239225388,0.00032541598193347454,0.1618080884218216,0.32418110966682434,0.006050450727343559,0.5451220273971558,1.5034480094909668,0.00034907375811599195,7.665257453918457,0.001999136758968234,0.006802232004702091,0.0002698214375413954,0.18742837011814117,0.29735347628593445,0.007314861286431551,0.5351314544677734,1.4979476928710938,,,
460,model.layers.1.mlp.gate_proj.weight,8192,3072,0.0001220703125,0.0001455402234569192,4.8544182777404785,-0.00012631691060960293,0.09123796224594116,0.0006338139646686614,0.22275283932685852,0.23468367755413055,0.008682647719979286,0.5747507214546204,1.5153477191925049,0.00012199913908261806,18.29602813720703,0.0004659665864892304,0.010824994184076786,0.0004096394986845553,0.2786017954349518,0.19749322533607483,0.011098007671535015,0.4935814440250397,1.5101865530014038,,,
460,model.layers.1.mlp.up_proj.weight,8192,3072,0.0001220703125,0.00014121814456302673,6.6156907081604,-3.944835043512285e-05,0.104949451982975,0.0002487469173502177,0.2526727616786957,0.2221543937921524,0.008388761430978775,0.5434470772743225,1.5171042680740356,0.00013438666064757854,17.22173500061035,0.0008711948175914586,0.010816256515681744,0.0002621309831738472,0.2901345491409302,0.19497953355312347,0.01060678344219923,0.49269989132881165,1.5112245082855225,,,
460,model.layers.1.mlp.down_proj.weight,3072,8192,0.0001220703125,0.0001533151080366224,1.007499098777771,-2.4922951524786185e-06,1.580001950263977,0.0012056301347911358,0.33472365140914917,0.13905660808086395,0.02489745430648327,0.4615076184272766,1.4177263975143433,0.0001436651946278289,17.074739456176758,0.0006329603493213654,0.010839329101145267,0.0010420666076242924,0.24239447712898254,0.23189295828342438,0.026124348863959312,0.49199244379997253,1.4053629636764526,0.07427490502595901,0.06974539905786514,0.6562319397926331
460,model.layers.14.mlp.gate_proj.weight,8192,3072,0.0001220703125,0.0001235274103237316,1.2584235668182373,0.0011149385245516896,0.2909542918205261,0.00028492099954746664,0.23255029320716858,0.23022162914276123,0.0034889501985162497,0.5524263381958008,1.5210098028182983,0.00012570730177685618,9.103781700134277,0.0007997469510883093,0.010884111747145653,0.0006532251136377454,0.2527543306350708,0.21550028026103973,0.0110537214204669,0.49719366431236267,1.5116056203842163,,,
460,model.layers.14.mlp.up_proj.weight,8192,3072,0.0001220703125,0.00017863154062069952,1.6382343769073486,0.0013536617625504732,0.2748187482357025,0.0004976058844476938,0.26695382595062256,0.20497940480709076,0.010089961811900139,0.4924205243587494,1.5117874145507812,0.0001421969645889476,8.275104522705078,0.0008885032148100436,0.011212228797376156,0.0004557172942440957,0.27307045459747314,0.2010134607553482,0.010521018877625465,0.4772953689098358,1.5074326992034912,,,
460,model.layers.14.mlp.down_proj.weight,3072,8192,0.0001220703125,0.00014813854068052024,1.3699296712875366,0.0010015947045758367,0.381644070148468,0.00010378864681115374,0.2643320858478546,0.2299237996339798,0.014443796128034592,0.4733325242996216,1.4180018901824951,0.00015039228310342878,10.013009071350098,0.0009324298589490354,0.011123908683657646,0.000500679889228195,0.24955248832702637,0.2293037623167038,0.03320138901472092,0.4862250089645386,1.3909294605255127,0.08948324620723724,0.09142766892910004,0.7458799481391907
460,model.layers.26.mlp.gate_proj.weight,8192,3072,0.0001220703125,0.00016298478294629604,3.980923652648926,0.0006802627467550337,0.07406158745288849,0.0014401074731722474,0.21811982989311218,0.2249242663383484,0.009861616417765617,0.5173311829566956,1.5125313997268677,0.00017035043856594712,6.6996870040893555,0.0012010614154860377,0.01090465672314167,0.000773496984038502,0.2385358065366745,0.21997420489788055,0.010490566492080688,0.5024155378341675,1.5142450332641602,,,
460,model.layers.26.mlp.up_proj.weight,8192,3072,0.0001220703125,0.00011909549357369542,4.008970260620117,0.0006608925177715719,0.11431121826171875,0.0007388716330751777,0.18551796674728394,0.2665233314037323,0.009604176506400108,0.5744491219520569,1.5209040641784668,0.0001564418344059959,7.810105323791504,-0.00013087750994600356,0.0108674680814147,0.0009813971119001508,0.23047921061515808,0.2274136245250702,0.011297485791146755,0.49444371461868286,1.51057767868042,,,
460,model.layers.26.mlp.down_proj.weight,3072,8192,0.0001220703125,0.00011110143532278016,2.176713466644287,0.0006649197312071919,0.12050973623991013,0.0008337917970493436,0.16953681409358978,0.31274834275245667,0.016894133761525154,0.5337806344032288,1.4509731531143188,0.00013108733401168138,7.681005477905273,0.0007159497472457588,0.01074615865945816,0.0002970125060528517,0.2281893640756607,0.253824383020401,0.015494421124458313,0.5215421915054321,1.457422137260437,0.07739332318305969,0.07650096714496613,0.8467101454734802
470,model.layers.1.self_attn.q_proj.weight,3072,3072,0.0003255208333333333,0.00031429267255589366,2.1854500770568848,0.0001955796469701454,0.11282659322023392,0.001082087866961956,0.15580391883850098,0.2500692903995514,0.005576664581894875,0.6430863738059998,1.485384225845337,0.0004979921504855156,12.579676628112793,-0.0015915724216029048,0.006638117600232363,0.0019780336879193783,0.4015224277973175,0.10175527632236481,0.021823177114129066,0.31689611077308655,1.4410426616668701,0.0867069736123085,0.08435340225696564,0.66914302110672
470,model.layers.1.self_attn.k_proj.weight,1024,3072,0.0003255208333333333,0.00043586420360952616,1.594193696975708,0.0003237989731132984,0.09898193925619125,0.0005737728206440806,0.07496732473373413,0.2346295714378357,0.0027349856682121754,0.8489846587181091,1.4726738929748535,0.0005546913016587496,9.537422180175781,-0.001583118224516511,0.003826640546321869,0.00181551871355623,0.31228139996528625,0.15284177660942078,0.014792089350521564,0.45927104353904724,1.431731104850769,,,
470,model.layers.1.self_attn.v_proj.weight,1024,3072,0.0003255208333333333,0.00015161886403802782,1.9698904752731323,-0.00028970022685825825,0.46899867057800293,0.00013831438263878226,0.13056734204292297,0.37782591581344604,0.013777552172541618,0.5899518728256226,1.4470449686050415,0.00048153416719287634,9.969620704650879,0.0006854090024717152,0.0038485254626721144,0.0002868497685994953,0.29042187333106995,0.19599416851997375,0.013945567421615124,0.4889705777168274,1.4316476583480835,,,
470,model.layers.1.self_attn.o_proj.weight,3072,3072,0.0003255208333333333,0.00034244151902385056,2.735222816467285,-0.0002629916707519442,0.2806471586227417,0.0005005428101867437,0.22663073241710663,0.2508666217327118,0.01483693066984415,0.5290399193763733,1.4562702178955078,0.0003267840947955847,7.953157424926758,0.0006809800979681313,0.00665119057521224,0.0004283204034436494,0.23458507657051086,0.24544192850589752,0.01591537520289421,0.4895789623260498,1.4515713453292847,,,
470,model.layers.14.self_attn.q_proj.weight,3072,3072,0.0003255208333333333,0.0003367801837157458,2.210195779800415,0.0008405547705478966,0.16933460533618927,0.0005023909616284072,0.1812884360551834,0.28336840867996216,0.00752625847235322,0.5893681049346924,1.4904835224151611,0.0003552186244633049,9.971521377563477,0.00013246525486465544,0.007005705498158932,0.0008617737330496311,0.2715403139591217,0.19315320253372192,0.014329836703836918,0.4887024760246277,1.4611124992370605,0.07672008126974106,0.0788683220744133,0.7628991007804871
470,model.layers.14.self_attn.k_proj.weight,1024,3072,0.0003255208333333333,0.0003878770221490413,2.753722667694092,0.0014996737008914351,0.1405886709690094,0.0003815967356786132,0.1835354119539261,0.2170102745294571,0.009473293088376522,0.6921086311340332,1.4610234498977661,0.0004909455310553312,17.792720794677734,0.000699075753800571,0.004008259158581495,0.0011208743089810014,0.2838911712169647,0.17383302748203278,0.01872223988175392,0.5077285766601562,1.4112454652786255,,,
470,model.layers.14.self_attn.v_proj.weight,1024,3072,0.0003255208333333333,0.00039890120388008654,2.549170732498169,0.002537011168897152,0.6377587914466858,3.770086186705157e-05,0.2757129669189453,0.21997113525867462,0.0042480542324483395,0.48216602206230164,1.4874601364135742,0.00040844554314389825,8.521856307983398,-0.0006979834870435297,0.003985838033258915,0.00023804685042705387,0.27497750520706177,0.2116357386112213,0.011661132797598839,0.46960315108299255,1.4495047330856323,,,
470,model.layers.14.self_attn.o_proj.weight,3072,3072,0.0003255208333333333,0.0003364720905665308,2.8215603828430176,0.0014304763171821833,0.578393280506134,4.7253324737539515e-05,0.32237252593040466,0.18525978922843933,0.014818292111158371,0.44206172227859497,1.4405691623687744,0.00031753009534440935,10.662396430969238,0.00025518686743453145,0.006886329036206007,0.0002787887933664024,0.20776589214801788,0.2653982937335968,0.03552221134305,0.44609901309013367,1.3886793851852417,,,
470,model.layers.26.self_attn.q_proj.weight,3072,3072,0.0003255208333333333,0.00039458295213989913,2.3923373222351074,0.00023792452702764422,0.04605058580636978,0.002195518696680665,0.16891910135746002,0.28316065669059753,0.022290436550974846,0.620253324508667,1.4423539638519287,0.00036308614653535187,9.877802848815918,-0.0011478515807539225,0.006885150913149118,0.0010806304635480046,0.2493564933538437,0.2114368975162506,0.01750553958117962,0.5046254992485046,1.4497041702270508,0.07802814990282059,0.07858459651470184,0.8068206310272217
470,model.layers.26.self_attn.k_proj.weight,1024,3072,0.0003255208333333333,0.0005063667776994407,3.2861032485961914,0.00040673514013178647,0.04041232913732529,0.0006866856128908694,0.21038314700126648,0.18030890822410583,0.010480270721018314,0.6692561507225037,1.4402029514312744,0.00045118527486920357,12.83086109161377,-0.0022067923564463854,0.003928960766643286,0.0014553630026057363,0.24740831553936005,0.19989393651485443,0.017595767974853516,0.5248551368713379,1.4122236967086792,,,
470,model.layers.26.self_attn.v_proj.weight,1024,3072,0.0003255208333333333,0.00028123307856731117,2.660963535308838,-0.001478978549130261,0.06673935055732727,0.0002483744756318629,0.19833554327487946,0.2928456664085388,0.016851428896188736,0.5003184080123901,1.4170563220977783,0.0004096108896192163,6.987191200256348,-0.0001649113546591252,0.003921962808817625,0.000282514956779778,0.23202086985111237,0.2562461495399475,0.013507086783647537,0.5019537806510925,1.4392998218536377,,,
470,model.layers.26.self_attn.o_proj.weight,3072,3072,0.0003255208333333333,0.0003597426402848214,3.075300693511963,-0.0007472424767911434,0.08583119511604309,0.00018041583825834095,0.16508007049560547,0.3252221941947937,0.0056835669092834,0.529687225818634,1.4943950176239014,0.00034760707058012486,7.936941146850586,0.00029652504599653184,0.007034386973828077,0.00025768415071070194,0.18841439485549927,0.2947012782096863,0.006808539852499962,0.5328719615936279,1.5008337497711182,,,
470,model.layers.1.mlp.gate_proj.weight,8192,3072,0.0001220703125,0.00014324024959933013,3.583991527557373,-9.773384590516798e-06,0.14978329837322235,0.00047612423077225685,0.19954223930835724,0.24645587801933289,0.009311240166425705,0.6175418496131897,1.5163984298706055,0.00012281772796995938,17.300161361694336,0.001112547586672008,0.010673638433218002,0.0003123246133327484,0.2757374346256256,0.20059223473072052,0.011060302145779133,0.4967811703681946,1.510430097579956,,,
470,model.layers.1.mlp.up_proj.weight,8192,3072,0.0001220703125,0.00014192356320563704,3.15555739402771,-0.00017282179032918066,0.1730494648218155,0.00029361023916862905,0.2292543351650238,0.2383762001991272,0.008231512270867825,0.5809881687164307,1.5205765962600708,0.00012848986079916358,15.965466499328613,0.00113832694478333,0.010682912543416023,0.00017942595877684653,0.28748810291290283,0.1989336907863617,0.009753675200045109,0.4938183128833771,1.5130784511566162,,,
470,model.layers.1.mlp.down_proj.weight,3072,8192,0.0001220703125,0.00015168555546551943,1.0103509426116943,-1.2764146958943456e-05,2.299898624420166,0.0019508849363774061,0.31981635093688965,0.14189153909683228,0.040077678859233856,0.4689810574054718,1.4156463146209717,0.00015679885109420866,23.20185089111328,0.0012529493542388082,0.010672435164451599,0.000943128892686218,0.23684291541576385,0.23626358807086945,0.0290428064763546,0.49966686964035034,1.4053142070770264,0.08166557550430298,0.08250068873167038,0.609409749507904
470,model.layers.14.mlp.gate_proj.weight,8192,3072,0.0001220703125,0.00012662491644732654,2.3397128582000732,0.00019373183022253215,0.3730138838291168,0.0003923885233234614,0.2367980182170868,0.22021107375621796,0.00571134639903903,0.5378521084785461,1.525846242904663,0.00012595270527526736,8.74217414855957,0.0012666272232308984,0.011276298202574253,0.0005872464971616864,0.25269079208374023,0.21582898497581482,0.010578506626188755,0.5003558397293091,1.5115025043487549,,,
470,model.layers.14.mlp.up_proj.weight,8192,3072,0.0001220703125,0.00013377163850236684,2.5605838298797607,-5.446989234769717e-05,0.4150318503379822,0.00019227276789024472,0.2627205550670624,0.21948345005512238,0.006993081886321306,0.48720112442970276,1.5149073600769043,0.00013297883560881019,7.717411994934082,0.0011734950821846724,0.011413795873522758,0.0005657969159074128,0.2751978635787964,0.20047779381275177,0.01078849844634533,0.47423887252807617,1.5080729722976685,,,
470,model.layers.14.mlp.down_proj.weight,3072,8192,0.0001220703125,0.00015172136772889644,2.4261844158172607,-4.232723222230561e-05,0.5044227838516235,0.00020470139861572534,0.27066442370414734,0.22115643322467804,0.020272351801395416,0.4567945897579193,1.4344658851623535,0.00013575644697993994,9.926202774047852,0.0012572314590215683,0.01142690796405077,0.00047456141328439116,0.24803927540779114,0.2296360284090042,0.03468622267246246,0.48871490359306335,1.3860290050506592,0.09441690891981125,0.09337446093559265,0.750143826007843
470,model.layers.26.mlp.gate_proj.weight,8192,3072,0.0001220703125,0.00015118492592591792,2.1167871952056885,0.0006295457715168595,0.11885377764701843,0.000776320172008127,0.2376423180103302,0.21555355191230774,0.0071483273059129715,0.501869797706604,1.5160051584243774,0.00013818583101965487,8.07166576385498,0.0007892792345955968,0.011240520514547825,0.000800496491137892,0.23677416145801544,0.21878308057785034,0.011028454639017582,0.5012657046318054,1.5141047239303589,,,
470,model.layers.26.mlp.up_proj.weight,8192,3072,0.0001220703125,0.00011701697803800926,2.7872753143310547,0.00047643217840231955,0.17614467442035675,0.001001675263978541,0.20341815054416656,0.255466490983963,0.011690524406731129,0.5464896559715271,1.5221946239471436,0.0001394011778756976,8.46111011505127,-0.00010501690849196166,0.011344472877681255,0.0011801498476415873,0.22795358300209045,0.22974206507205963,0.011699897237122059,0.4972620904445648,1.5116205215454102,,,
470,model.layers.26.mlp.down_proj.weight,3072,8192,0.0001220703125,0.0001181018742499873,2.0145981311798096,0.0005016189534217119,0.1778945028781891,0.0004892718861810863,0.22302129864692688,0.2606908082962036,0.012779426760971546,0.48910656571388245,1.4539289474487305,0.00012724589032586664,5.756930351257324,0.0006744697457179427,0.011622263118624687,0.0002387233980698511,0.21767793595790863,0.2634105980396271,0.013915983028709888,0.5460049510002136,1.4574921131134033,0.09017868340015411,0.08817154914140701,0.7659944295883179
480,model.layers.1.self_attn.q_proj.weight,3072,3072,0.0003255208333333333,0.0002795677864924073,2.497584581375122,-0.00025713315699249506,0.09650769084692001,0.0010154114570468664,0.1786620318889618,0.2138984650373459,0.006248803809285164,0.6100649237632751,1.4870400428771973,0.0004141113022342324,14.823474884033203,0.00012360428809188306,0.006288656033575535,0.0016187739092856646,0.39793506264686584,0.10324026644229889,0.02107688970863819,0.316029816865921,1.443268895149231,0.108834408223629,0.10793571174144745,0.5860022306442261
480,model.layers.1.self_attn.k_proj.weight,1024,3072,0.0003255208333333333,0.00041350105311721563,2.152459144592285,-0.0004098323988728225,0.08185286819934845,0.0006406366010196507,0.0915805920958519,0.22741584479808807,0.004431836307048798,0.8176780343055725,1.4626848697662354,0.0005727340467274189,9.904847145080566,0.0003944425261579454,0.0036594511475414038,0.0007753876852802932,0.31888923048973083,0.15074309706687927,0.015436578541994095,0.44132599234580994,1.431747555732727,,,
480,model.layers.1.self_attn.v_proj.weight,1024,3072,0.0003255208333333333,0.00012773839989677072,1.845784306526184,0.00013794172264169902,0.48600926995277405,7.276779797393829e-05,0.11848155409097672,0.3973826467990875,0.008814905770123005,0.6174715757369995,1.4523308277130127,0.0004701175494119525,11.087896347045898,-0.0003618829359766096,0.00374337425455451,0.0001821738260332495,0.29174044728279114,0.19665895402431488,0.012487733736634254,0.4863438606262207,1.4523358345031738,,,
480,model.layers.1.self_attn.o_proj.weight,3072,3072,0.0003255208333333333,0.0003267007414251566,3.182952404022217,0.00012762135884258896,0.2917788028717041,0.0004936210461892188,0.2117377519607544,0.2678588926792145,0.013887738808989525,0.49820488691329956,1.4546494483947754,0.000324796128552407,6.664211750030518,0.0008909123134799302,0.0066251750104129314,0.0003699937660712749,0.22003260254859924,0.26328325271606445,0.013883912935853004,0.5102548003196716,1.4682964086532593,,,
480,model.layers.14.self_attn.q_proj.weight,3072,3072,0.0003255208333333333,0.000336606171913445,1.1174871921539307,-0.00012880096619483083,0.30469903349876404,0.0006788077880628407,0.3296040892601013,0.13989849388599396,0.0070227691903710365,0.32766029238700867,1.4828953742980957,0.0003326351288706064,9.127939224243164,0.0006911444943398237,0.006551623810082674,0.0009180070483125746,0.2720298767089844,0.19481708109378815,0.015443406999111176,0.4810273051261902,1.4521374702453613,0.10891488194465637,0.10514514893293381,0.5697413682937622
480,model.layers.14.self_attn.k_proj.weight,1024,3072,0.0003255208333333333,0.000301360065350309,1.0678925514221191,-0.00015483885363209993,0.3598189651966095,0.00046995774027891457,0.20479419827461243,0.24434414505958557,0.011605796404182911,0.6383122801780701,1.4369961023330688,0.0004656533128581941,6.293145656585693,-0.00040314128273166716,0.003945483360439539,0.000886827299837023,0.2874927222728729,0.17504124343395233,0.018395965918898582,0.5004687905311584,1.4163755178451538,,,
480,model.layers.14.self_attn.v_proj.weight,1024,3072,0.0003255208333333333,0.00032259520958177745,1.5389987230300903,-0.0008499048417434096,0.4842187166213989,3.5153800126863644e-05,0.26544898748397827,0.22715888917446136,0.00334562873467803,0.43767398595809937,1.471487045288086,0.0004158176889177412,10.718711853027344,0.0013118016067892313,0.0036373964976519346,0.000268671108642593,0.27023446559906006,0.21839399635791779,0.011317573487758636,0.4788018763065338,1.4581187963485718,,,
480,model.layers.14.self_attn.o_proj.weight,3072,3072,0.0003255208333333333,0.00034193461760878563,1.5283523797988892,-0.0005332524888217449,0.3926222324371338,5.081127892481163e-05,0.2798914611339569,0.21797293424606323,0.019481111317873,0.44625645875930786,1.4265652894973755,0.00032934240880422294,10.531937599182129,0.0011383892269805074,0.006513378582894802,0.0002374883188167587,0.19168411195278168,0.28734099864959717,0.02871144935488701,0.4739533066749573,1.4192194938659668,,,
480,model.layers.26.self_attn.q_proj.weight,3072,3072,0.0003255208333333333,0.0004941444494761527,3.0679941177368164,0.0010751395020633936,0.030514169484376907,0.0029035562183707952,0.1923476606607437,0.2370988130569458,0.022173728793859482,0.5916386842727661,1.444050669670105,0.0003577988827601075,7.749255657196045,0.00025017070583999157,0.006405613385140896,0.0014194318791851401,0.2546876072883606,0.20534943044185638,0.017832960933446884,0.4995207190513611,1.4574815034866333,0.0735025629401207,0.07605434954166412,0.8541589379310608
480,model.layers.26.self_attn.k_proj.weight,1024,3072,0.0003255208333333333,0.0005808632704429328,2.9983935356140137,0.0016671805642545223,0.029720960184931755,0.0011741144116967916,0.2073456346988678,0.18545867502689362,0.012164423242211342,0.664300262928009,1.4550566673278809,0.00044740253360942006,10.578291893005371,-0.0019327991176396608,0.0036919063422828913,0.0020255399867892265,0.25700461864471436,0.1858396679162979,0.0191006138920784,0.5067924857139587,1.4092222452163696,,,
480,model.layers.26.self_attn.v_proj.weight,1024,3072,0.0003255208333333333,0.0002522853610571474,2.3386995792388916,-6.741648576280568e-06,0.03964303061366081,9.639014024287462e-05,0.18297791481018066,0.321563720703125,0.013589812442660332,0.49610841274261475,1.4439712762832642,0.0003768855531234294,5.491990566253662,-0.0009379731491208076,0.003736580489203334,0.00022085107048042119,0.21970607340335846,0.2667095959186554,0.01823301427066326,0.5154839158058167,1.4319459199905396,,,
480,model.layers.26.self_attn.o_proj.weight,3072,3072,0.0003255208333333333,0.0003333742206450552,2.870316505432129,-3.345353434269782e-06,0.04649556055665016,0.00012915859406348318,0.15607991814613342,0.3311602473258972,0.004358640871942043,0.5545733571052551,1.5065021514892578,0.00033094812533818185,7.4161810874938965,0.00011605241888901219,0.006598287727683783,0.00024996590218506753,0.19114604592323303,0.29520437121391296,0.006818822585046291,0.5414135456085205,1.5028843879699707,,,
480,model.layers.1.mlp.gate_proj.weight,8192,3072,0.0001220703125,0.0001483690139139071,4.042411804199219,-0.0003378947440069169,0.15309685468673706,0.0005348444683477283,0.2313797026872635,0.22916865348815918,0.010479689575731754,0.5505544543266296,1.5136373043060303,0.0001274219248443842,8.420016288757324,0.0012989990646019578,0.011030323803424835,0.0003738813102245331,0.2736909091472626,0.20280112326145172,0.011195376515388489,0.4930732250213623,1.5097049474716187,,,
480,model.layers.1.mlp.up_proj.weight,8192,3072,0.0001220703125,0.00014385924441739917,3.9481306076049805,-0.0005090604536235332,0.18050701916217804,0.00017940890393219888,0.2548070251941681,0.22391609847545624,0.007836521603167057,0.539240837097168,1.5196552276611328,0.00012704556866083294,8.478585243225098,0.0012298149522393942,0.010997097007930279,0.0001858330360846594,0.2847053110599518,0.2014908641576767,0.009969656355679035,0.49364253878593445,1.5110028982162476,,,
480,model.layers.1.mlp.down_proj.weight,3072,8192,0.0001220703125,0.000133769353851676,1.0084434747695923,-3.600592026486993e-05,2.543863296508789,0.0008270335965789855,0.3351258933544159,0.1408851444721222,0.01758037880063057,0.4681851267814636,1.4221014976501465,0.00013827640214003623,6.127495765686035,0.0013591564493253827,0.011128888465464115,0.000718757277354598,0.22442801296710968,0.24920889735221863,0.02316243387758732,0.5309310555458069,1.4123858213424683,0.1052396148443222,0.10448277741670609,0.5182515978813171
480,model.layers.14.mlp.gate_proj.weight,8192,3072,0.0001220703125,0.00013480920461006463,1.2672340869903564,0.0002607946516945958,0.3446766138076782,0.000670919194817543,0.28059741854667664,0.17815448343753815,0.006267361342906952,0.46457746624946594,1.5229828357696533,0.000128317711642012,9.00644302368164,0.0010572080500423908,0.010649790056049824,0.0006054919213056564,0.2538117468357086,0.21526630222797394,0.010513161309063435,0.4959803819656372,1.5133095979690552,,,
480,model.layers.14.mlp.up_proj.weight,8192,3072,0.0001220703125,0.00013359250442590564,1.415675401687622,0.00017239298904314637,0.33197641372680664,0.0003610601997934282,0.27074509859085083,0.20231375098228455,0.006751404609531164,0.48635855317115784,1.5145972967147827,0.00014289686805568635,6.847516059875488,0.000945553183555603,0.010792367160320282,0.0005883191479369998,0.26976102590560913,0.20284339785575867,0.010911533609032631,0.47994285821914673,1.510176420211792,,,
480,model.layers.14.mlp.down_proj.weight,3072,8192,0.0001220703125,0.00015470742073375732,1.3948510885238647,0.00013314334501046687,0.4418860077857971,0.00015977844304870814,0.2716730833053589,0.22169983386993408,0.01783330738544464,0.4575892686843872,1.4178307056427002,0.000137842187541537,8.378853797912598,0.001017682603560388,0.010900621302425861,0.0005330410203896463,0.24394018948078156,0.2345162332057953,0.03465072810649872,0.49876540899276733,1.3920445442199707,0.10812745243310928,0.10816428065299988,0.6370563507080078
480,model.layers.26.mlp.gate_proj.weight,8192,3072,0.0001220703125,0.0001373643899569288,1.5870351791381836,0.0013735437532886863,0.0875827893614769,0.0016310802893713117,0.22307389974594116,0.2174500972032547,0.01131349615752697,0.5265784859657288,1.5120635032653809,0.00014217014540918171,8.970748901367188,-0.00033549522049725056,0.010095151141285896,0.001025575678795576,0.23794876039028168,0.21723154187202454,0.012165323831140995,0.49221116304397583,1.5091007947921753,,,
480,model.layers.26.mlp.up_proj.weight,8192,3072,0.0001220703125,0.00015820629778318107,2.0413901805877686,0.0009057809365913272,0.11678651720285416,0.001404768438078463,0.1891397386789322,0.2567962110042572,0.01218449231237173,0.5778095722198486,1.5152257680892944,0.00012787706509698182,9.137475967407227,-0.0006972525734454393,0.010318433865904808,0.0009823177242651582,0.22588159143924713,0.22998154163360596,0.012546914629638195,0.49314600229263306,1.5046491622924805,,,
480,model.layers.26.mlp.down_proj.weight,3072,8192,0.0001220703125,0.0001019569463096559,1.7656307220458984,0.0009450660436414182,0.11842463165521622,0.0008628013310953975,0.1820157915353775,0.2982904314994812,0.026691526174545288,0.502975583076477,1.4431865215301514,0.00013033948198426515,7.3058576583862305,-0.0002732233260758221,0.010478735901415348,0.0002496142406016588,0.20912685990333557,0.27231934666633606,0.01527594868093729,0.5617354512214661,1.4591670036315918,0.08727721869945526,0.08785612881183624,0.8004480600357056
490,model.layers.1.self_attn.q_proj.weight,3072,3072,0.0003255208333333333,0.00023594476806465536,2.2740814685821533,0.0005662601906806231,0.03990960493683815,0.0014294906286522746,0.15379127860069275,0.18697792291641235,0.006387314293533564,0.640674889087677,1.4848246574401855,0.0004092077142558992,14.706286430358887,-0.0001783723710104823,0.006755506619811058,0.0018198005855083466,0.3995891511440277,0.10108804702758789,0.02120964601635933,0.3110746443271637,1.4378206729888916,0.07574775815010071,0.07985303550958633,0.8069274425506592
490,model.layers.1.self_attn.k_proj.weight,1024,3072,0.0003255208333333333,0.00035530817694962025,1.442137598991394,0.000786825898103416,0.03814269229769707,0.00027963132015429437,0.05131356045603752,0.20724119246006012,0.0016281931893900037,0.8950602412223816,1.4895479679107666,0.0005309560801833868,10.362313270568848,-0.0013602027902379632,0.004050033632665873,0.0006781519623473287,0.3163397014141083,0.15024283528327942,0.013204608112573624,0.4466308355331421,1.4426389932632446,,,
490,model.layers.1.self_attn.v_proj.weight,1024,3072,0.0003255208333333333,0.000130813816213049,1.8211992979049683,0.0004928509006276727,0.17755699157714844,0.00012050695659127086,0.1273922175168991,0.3894628584384918,0.015139906667172909,0.5995441675186157,1.442911148071289,0.00046983713400550187,11.906646728515625,0.0011714121792465448,0.003925923258066177,0.00028428705991245806,0.29572683572769165,0.19403395056724548,0.014878003858029842,0.47929051518440247,1.4282668828964233,,,
490,model.layers.1.self_attn.o_proj.weight,3072,3072,0.0003255208333333333,0.00033305364195257425,5.669337749481201,0.0005067322053946555,0.09423518925905228,0.000852356432005763,0.23835469782352448,0.23038391768932343,0.02271966263651848,0.4833853542804718,1.4370232820510864,0.0003322710399515927,7.867788314819336,0.001189674949273467,0.00677677383646369,0.0004027762042824179,0.23487412929534912,0.24453628063201904,0.015268512070178986,0.4880705177783966,1.4621225595474243,,,
490,model.layers.14.self_attn.q_proj.weight,3072,3072,0.0003255208333333333,0.00032904339605011046,2.7561287879943848,0.0008702343329787254,0.0693267285823822,0.0007617764640599489,0.15434208512306213,0.2972806394100189,0.008245508186519146,0.6176925301551819,1.4806420803070068,0.0003591798013076186,9.770017623901367,0.0014586886391043663,0.0067610242404043674,0.0009444887982681394,0.26721057295799255,0.19540894031524658,0.01470171008259058,0.48862501978874207,1.4562981128692627,0.07532313466072083,0.07332004606723785,0.8498244881629944
490,model.layers.14.self_attn.k_proj.weight,1024,3072,0.0003255208333333333,0.0003541739424690604,5.813565731048584,0.0016471849521622062,0.053986772894859314,0.001035248045809567,0.22008483111858368,0.1804409623146057,0.01658829301595688,0.6302969455718994,1.429343581199646,0.000494309701025486,13.015971183776855,0.0026279338635504246,0.003868791041895747,0.0008024440030567348,0.2895171344280243,0.1664658784866333,0.017476307228207588,0.504725456237793,1.4070324897766113,,,
490,model.layers.14.self_attn.v_proj.weight,1024,3072,0.0003255208333333333,0.00030047245672903955,2.7986040115356445,-0.0002693615679163486,0.15861201286315918,0.00033176259603351355,0.21748009324073792,0.26753896474838257,0.02520635537803173,0.5081944465637207,1.427552580833435,0.00043415703112259507,9.7532320022583,0.0007128682918846607,0.0038365714717656374,0.00034563153167255223,0.27863574028015137,0.2113172709941864,0.012474553659558296,0.46540242433547974,1.4507497549057007,,,
490,model.layers.14.self_attn.o_proj.weight,3072,3072,0.0003255208333333333,0.0002958740515168756,2.80037784576416,-0.00014115679368842393,0.15347778797149658,0.0002628567162901163,0.1675686091184616,0.29256826639175415,0.054708827286958694,0.45203566551208496,1.3858752250671387,0.00033074276871047914,8.810068130493164,0.001503127277828753,0.006732642184942961,0.0002740120980888605,0.2003716379404068,0.27103370428085327,0.036225512623786926,0.4489395022392273,1.388473629951477,,,
490,model.layers.26.self_attn.q_proj.weight,3072,3072,0.0003255208333333333,0.00042705319356173277,2.4913172721862793,0.0012630930868908763,0.03992848098278046,0.0027306838892400265,0.17209623754024506,0.2625750005245209,0.024382302537560463,0.6207007765769958,1.434309959411621,0.0003355529624968767,9.953021049499512,0.001005900907330215,0.00654284842312336,0.001005283440463245,0.2489733099937439,0.21224665641784668,0.01802784390747547,0.5050618052482605,1.4450366497039795,0.07867385447025299,0.0751427486538887,0.8241899013519287
490,model.layers.26.self_attn.k_proj.weight,1024,3072,0.0003255208333333333,0.000612937263213098,2.838536262512207,0.002115946263074875,0.03625506907701492,0.0008340982021763921,0.26697954535484314,0.16375204920768738,0.01261526346206665,0.5908651947975159,1.4269154071807861,0.00038721528835594654,14.841179847717285,0.001708294847048819,0.00380491535179317,0.0007275527459569275,0.24606983363628387,0.2009018063545227,0.017573872581124306,0.5307353734970093,1.4020060300827026,,,
490,model.layers.26.self_attn.v_proj.weight,1024,3072,0.0003255208333333333,0.00027054885867983103,2.146359920501709,0.002201481256633997,0.04091433808207512,0.00026419881032779813,0.16694103181362152,0.3051772713661194,0.0641123577952385,0.5135185122489929,1.4144033193588257,0.0003839001583401114,5.895351409912109,0.00021960704179946333,0.0038861033972352743,0.00027057318948209286,0.22405782341957092,0.2618752121925354,0.01819070428609848,0.5134981274604797,1.4302765130996704,,,
490,model.layers.26.self_attn.o_proj.weight,3072,3072,0.0003255208333333333,0.0003414188977330923,3.068927764892578,0.0012813213979825377,0.04562283679842949,0.0004351706593297422,0.15215818583965302,0.34001678228378296,0.006447778549045324,0.5718058347702026,1.5065186023712158,0.00037008686922490597,6.017417907714844,0.0009240251965820789,0.006807116325944662,0.00025398365687578917,0.1869756281375885,0.299853652715683,0.006911146454513073,0.5448707938194275,1.5004405975341797,,,
490,model.layers.1.mlp.gate_proj.weight,8192,3072,0.0001220703125,0.00014949875185266137,8.294615745544434,-0.0005628386861644685,0.05739738792181015,0.0005786255933344364,0.2061847299337387,0.2396206259727478,0.008810860104858875,0.6053316593170166,1.517704963684082,0.0001313007960561663,19.53907585144043,0.0010220296680927277,0.011238432489335537,0.00045760913053527474,0.2757165729999542,0.2007373720407486,0.011481842026114464,0.49455514550209045,1.5074634552001953,,,
490,model.layers.1.mlp.up_proj.weight,8192,3072,0.0001220703125,0.00014396783080883324,7.7976555824279785,-0.00035986994043923914,0.06765968352556229,0.00022995987092144787,0.24018555879592896,0.22935152053833008,0.007305481005460024,0.5698109865188599,1.519291877746582,0.0001241878344444558,18.646068572998047,0.0010867962846532464,0.01121192704886198,0.00016038247849792242,0.2901534140110016,0.1975192278623581,0.009598562493920326,0.4924544095993042,1.5149073600769043,,,
490,model.layers.1.mlp.down_proj.weight,3072,8192,0.0001220703125,0.00015955469280015677,1.0066684484481812,-2.3595055608893745e-05,1.0476185083389282,0.0016689131734892726,0.31793904304504395,0.14377352595329285,0.03394768759608269,0.47833654284477234,1.407167911529541,0.00014622026355937123,32.50313949584961,0.0011161959264427423,0.011129090562462807,0.0006840887945145369,0.2391223907470703,0.2352374643087387,0.024875003844499588,0.49983716011047363,1.4128893613815308,0.07348701357841492,0.07471898943185806,0.6638913154602051
490,model.layers.14.mlp.gate_proj.weight,8192,3072,0.0001220703125,0.0001139525993494317,3.4301276206970215,-2.732522079895716e-05,0.09311478585004807,0.0008569979690946639,0.20833343267440796,0.23472446203231812,0.007977977395057678,0.5408079028129578,1.5231516361236572,0.00012896297266706824,13.002996444702148,0.0008170150103978813,0.01082620956003666,0.0006376220262609422,0.2534051239490509,0.21567977964878082,0.010827390477061272,0.4950430691242218,1.5132850408554077,,,
490,model.layers.14.mlp.up_proj.weight,8192,3072,0.0001220703125,0.0001538047508802265,2.9439399242401123,-8.559816342312843e-05,0.1230275109410286,0.0009385051671415567,0.22334972023963928,0.2315884828567505,0.010195587761700153,0.49653077125549316,1.510440468788147,0.00015498236462008208,10.602781295776367,0.0009247354464605451,0.010933270677924156,0.000639665755443275,0.2712062895298004,0.2025403380393982,0.01117765437811613,0.4774249792098999,1.507312536239624,,,
490,model.layers.14.mlp.down_proj.weight,3072,8192,0.0001220703125,0.00014600995928049088,4.743046283721924,-8.303563663503155e-05,0.12585902214050293,0.0007943165837787092,0.20105884969234467,0.2714156210422516,0.05669579654932022,0.509698212146759,1.3613481521606445,0.0001439172774553299,14.190677642822266,0.001066049444489181,0.010944865643978119,0.00048668208182789385,0.2489781230688095,0.22980502247810364,0.03597995266318321,0.4875602424144745,1.3961668014526367,0.07672948390245438,0.07551346719264984,0.8849042654037476
490,model.layers.26.mlp.gate_proj.weight,8192,3072,0.0001220703125,0.00014925951836630702,3.638054847717285,0.0001900405768537894,0.06870107352733612,0.0010894910665228963,0.18666918575763702,0.2495533674955368,0.008243073709309101,0.554918646812439,1.512568473815918,0.0001301696029258892,9.11732006072998,0.0008335734601132572,0.010473180562257767,0.0007538628415204585,0.23876126110553741,0.21952536702156067,0.010748758912086487,0.4946480691432953,1.5132555961608887,,,
490,model.layers.26.mlp.up_proj.weight,8192,3072,0.0001220703125,0.00019188040459994227,2.927914619445801,-0.00012240902287885547,0.1149655431509018,0.002245166338980198,0.12768368422985077,0.3223392367362976,0.013887043111026287,0.6746790409088135,1.5257422924041748,0.00011901892867172137,9.383615493774414,2.249981844215654e-05,0.010675033554434776,0.0011295819422230124,0.22422146797180176,0.23141823709011078,0.01241978444159031,0.49916163086891174,1.5059714317321777,,,
490,model.layers.26.mlp.down_proj.weight,3072,8192,0.0001220703125,0.00010280965216225013,1.745080590248108,-0.00014423474203795195,0.1014217659831047,0.0013534354511648417,0.11884687840938568,0.37877896428108215,0.02288963831961155,0.6123812794685364,1.4341051578521729,0.000133482288219966,7.427080154418945,0.0006005401955917478,0.010754688642919064,0.00042985903564840555,0.21020591259002686,0.26674944162368774,0.0199996717274189,0.5523756146430969,1.4330564737319946,0.0688408613204956,0.07465682178735733,0.8511990308761597
500,model.layers.1.self_attn.q_proj.weight,3072,3072,0.0003255208333333333,0.00031781429424881935,2.619943141937256,0.0003940867609344423,0.04286722466349602,0.0018480364233255386,0.18025951087474823,0.2154666930437088,0.009956007823348045,0.5900946259498596,1.4846267700195312,0.00038049538852646947,12.923184394836426,-5.7719960750546306e-05,0.006658182945102453,0.001841596676968038,0.4021519124507904,0.1013035848736763,0.020384138450026512,0.31397315859794617,1.4489880800247192,0.08633210510015488,0.08124708384275436,0.7951112985610962
500,model.layers.1.self_attn.k_proj.weight,1024,3072,0.0003255208333333333,0.0003840229182969779,1.9414095878601074,0.0005846288986504078,0.03960167244076729,0.0004959887592121959,0.09443140774965286,0.20901964604854584,0.0031685195863246918,0.8171809315681458,1.4747689962387085,0.0005432660109363496,9.4976167678833,0.0013506533578038216,0.0038833566941320896,0.0011029776651412249,0.320034921169281,0.1507973074913025,0.014445058070123196,0.4463546574115753,1.4345827102661133,,,
500,model.layers.1.self_attn.v_proj.weight,1024,3072,0.0003255208333333333,0.0001627327292226255,2.181581974029541,-3.396493411855772e-05,0.23773421347141266,7.907367398729548e-05,0.15636298060417175,0.33796724677085876,0.01007905974984169,0.5182206034660339,1.4573817253112793,0.00045824210974387825,9.874605178833008,0.0006753909401595592,0.003997195046395063,0.0002240646572317928,0.30121248960494995,0.18882597982883453,0.013359630480408669,0.47109735012054443,1.4479213953018188,,,
500,model.layers.1.self_attn.o_proj.weight,3072,3072,0.0003255208333333333,0.0003275083436165005,4.079936504364014,-3.516865035635419e-05,0.13118502497673035,0.0005189668736420572,0.24216054379940033,0.236692875623703,0.014207008294761181,0.5038501024246216,1.4594199657440186,0.0003156446909997612,7.901960849761963,0.0010099521605297923,0.00670846039429307,0.00048756535397842526,0.23352928459644318,0.24704016745090485,0.01544918678700924,0.49657922983169556,1.4659936428070068,,,
500,model.layers.14.self_attn.q_proj.weight,3072,3072,0.0003255208333333333,0.0003168119874317199,2.466994047164917,0.0002432769542792812,0.10080285370349884,0.000902211875654757,0.1529756784439087,0.2906087636947632,0.010011979378759861,0.6075107455253601,1.4833428859710693,0.0004009169642813504,8.747856140136719,0.002045932924374938,0.0070857941173017025,0.0008406519191339612,0.26060929894447327,0.20075546205043793,0.014693748205900192,0.4978882372379303,1.4603606462478638,0.07353957742452621,0.07720988988876343,0.8363931179046631
500,model.layers.14.self_attn.k_proj.weight,1024,3072,0.0003255208333333333,0.00035505008418112993,3.958014965057373,0.00045921382843516767,0.08013981580734253,0.0011825638357549906,0.1688271015882492,0.20951399207115173,0.011886279098689556,0.6988212466239929,1.4217684268951416,0.000582959211897105,11.300501823425293,0.0036347047425806522,0.004037957172840834,0.001264422433450818,0.274892121553421,0.1746417135000229,0.016705548390746117,0.5261318683624268,1.4166038036346436,,,
500,model.layers.14.self_attn.v_proj.weight,1024,3072,0.0003255208333333333,0.0003796392120420933,1.6089305877685547,-0.0008456829818896949,0.3911946415901184,5.0216334784636274e-05,0.29301726818084717,0.20860622823238373,0.0040636262856423855,0.4419313371181488,1.472248911857605,0.0003933821280952543,9.143282890319824,0.0030997004359960556,0.00401277095079422,0.0002617182908579707,0.28171807527542114,0.20544354617595673,0.011821740306913853,0.4608478248119354,1.4609140157699585,,,
500,model.layers.14.self_attn.o_proj.weight,3072,3072,0.0003255208333333333,0.0003278294752817601,1.719978928565979,-0.0005026697763241827,0.3361884653568268,6.027255949447863e-05,0.2767210304737091,0.2245684713125229,0.018421344459056854,0.44452160596847534,1.4202120304107666,0.0003237214987166226,9.05926513671875,0.0018951969686895609,0.006909601856023073,0.0002455150242894888,0.19890673458576202,0.27275699377059937,0.035547006875276566,0.4503890573978424,1.4023005962371826,,,
500,model.layers.26.self_attn.q_proj.weight,3072,3072,0.0003255208333333333,0.00039798265788704157,4.077654838562012,0.0017308886162936687,0.037073634564876556,0.0022714263759553432,0.17201481759548187,0.26672449707984924,0.02262849360704422,0.6111915707588196,1.4343886375427246,0.0003613173321355134,8.66574764251709,-0.00026985222939401865,0.006624164525419474,0.0016022142954170704,0.2549208104610443,0.20385751128196716,0.01860855147242546,0.4917672276496887,1.4472227096557617,0.07256240397691727,0.06855890899896622,0.8753995895385742
500,model.layers.26.self_attn.k_proj.weight,1024,3072,0.0003255208333333333,0.00042867608135566115,4.127857208251953,0.0028403496835380793,0.03423672914505005,0.0009110230603255332,0.2194066345691681,0.1799924075603485,0.011045940220355988,0.6508699655532837,1.452048897743225,0.0005778020131401718,10.333352088928223,-0.0033428443130105734,0.0039026893209666014,0.0010334785329177976,0.2623348534107208,0.18721872568130493,0.01610528863966465,0.5032370090484619,1.417170524597168,,,
500,model.layers.26.self_attn.v_proj.weight,1024,3072,0.0003255208333333333,0.00022817902208771557,2.428471803665161,0.0009654252789914608,0.04292803630232811,8.87497590156272e-05,0.16924422979354858,0.3368613123893738,0.012211037799715996,0.5405895113945007,1.4495232105255127,0.00035523826954886317,5.950993061065674,-0.0010150951566174626,0.00379825453273952,0.00014192699745763093,0.24233531951904297,0.2494688779115677,0.015191419050097466,0.4880269169807434,1.459214210510254,,,
500,model.layers.26.self_attn.o_proj.weight,3072,3072,0.0003255208333333333,0.0003282352117821574,3.4919369220733643,0.0005531296483241022,0.04871431365609169,0.00010604837007122114,0.15248903632164001,0.33795294165611267,0.003826596774160862,0.5629885196685791,1.512258768081665,0.00031541401403956115,7.3056440353393555,0.00024607760133221745,0.006663094274699688,0.00017201117589138448,0.1887514442205429,0.2989245057106018,0.005779650527983904,0.5368377566337585,1.5047032833099365,,,
500,model.layers.1.mlp.gate_proj.weight,8192,3072,0.0001220703125,0.00014541271957568824,5.696420192718506,0.0006665577529929578,0.07199918478727341,0.0005655857967212796,0.21949772536754608,0.23245231807231903,0.009086244739592075,0.5781970024108887,1.5161062479019165,0.00013341418525669724,17.343477249145508,0.0011766523821279407,0.010982183739542961,0.0003364739823155105,0.2746010422706604,0.20154736936092377,0.010688357055187225,0.4971756339073181,1.5124269723892212,,,
500,model.layers.1.mlp.up_proj.weight,8192,3072,0.0001220703125,0.00013311312068253756,5.830362796783447,0.0006069435621611774,0.08665509521961212,0.0002988212218042463,0.25543078780174255,0.21733926236629486,0.0080043850466609,0.5391435027122498,1.520567774772644,0.00012920505832880735,16.214109420776367,0.001312265289016068,0.011013069190084934,0.0001744623587001115,0.29089388251304626,0.19652937352657318,0.009708383120596409,0.4928094744682312,1.5134105682373047,,,
500,model.layers.1.mlp.down_proj.weight,3072,8192,0.0001220703125,0.0001508360874140635,1.005979061126709,3.853532689390704e-05,1.3667298555374146,0.0015103077748790383,0.319412499666214,0.14407584071159363,0.030765479430556297,0.4793297350406647,1.4263861179351807,0.0001597942173248157,25.654830932617188,0.0013892846181988716,0.010861566290259361,0.0011267006630077958,0.23861895501613617,0.23618736863136292,0.025333452969789505,0.49971577525138855,1.4159961938858032,0.07933042198419571,0.07920027524232864,0.6290878057479858
500,model.layers.14.mlp.gate_proj.weight,8192,3072,0.0001220703125,0.00011761859059333801,2.256181001663208,-0.00014272633416112512,0.2062002718448639,0.0006851297803223133,0.22363990545272827,0.22732779383659363,0.008497710339725018,0.5414432883262634,1.5233293771743774,0.00012189849076094106,8.269984245300293,0.0010345217306166887,0.011402820236980915,0.0004743777390103787,0.25561654567718506,0.2144775539636612,0.010739492252469063,0.4956546127796173,1.5122148990631104,,,
500,model.layers.14.mlp.up_proj.weight,8192,3072,0.0001220703125,0.00013413475244306028,1.8274527788162231,-0.00028402931638993323,0.24367599189281464,0.0003118383465334773,0.26107582449913025,0.21541157364845276,0.006963158491998911,0.48366791009902954,1.5148242712020874,0.0001527297863503918,6.299802303314209,0.0013215820072218776,0.01159126777201891,0.0003769819450099021,0.27593791484832764,0.20251606404781342,0.009417887777090073,0.47533223032951355,1.5084519386291504,,,
500,model.layers.14.mlp.down_proj.weight,3072,8192,0.0001220703125,0.00014571314386557788,1.4410392045974731,-0.00020949944155290723,0.3387346565723419,0.00016578560462221503,0.29095160961151123,0.20441406965255737,0.017722802236676216,0.43070176243782043,1.4091606140136719,0.0001452609576517716,7.5916924476623535,0.0014028053265064955,0.011514798738062382,0.0004840294423047453,0.2546284794807434,0.22641511261463165,0.030986202880740166,0.481930673122406,1.4066413640975952,0.09483668208122253,0.0927601158618927,0.7517566084861755
500,model.layers.26.mlp.gate_proj.weight,8192,3072,0.0001220703125,0.00014102953718975186,2.310979127883911,-0.0004148439038544893,0.09636570513248444,0.0010460552293807268,0.21324631571769714,0.22926007211208344,0.008517169393599033,0.5260624885559082,1.5189812183380127,0.00011844943219330162,7.7211761474609375,0.0005811220034956932,0.010960848070681095,0.0005144278984516859,0.23743698000907898,0.21962960064411163,0.010300234891474247,0.5056578516960144,1.5127713680267334,,,
500,model.layers.26.mlp.up_proj.weight,8192,3072,0.0001220703125,0.00011028119479306042,3.2787156105041504,-1.4920745343260933e-05,0.11972078680992126,0.0012232083827257156,0.16179543733596802,0.2877258360385895,0.011580412276089191,0.6158291697502136,1.519514799118042,0.00013242648856248707,8.462507247924805,-0.0004369679372757673,0.0109114870429039,0.001154017634689808,0.23297403752803802,0.22360675036907196,0.012038771994411945,0.49375346302986145,1.510716199874878,,,
500,model.layers.26.mlp.down_proj.weight,3072,8192,0.0001220703125,0.0001248336920980364,1.9840341806411743,-1.304080979025457e-05,0.13186849653720856,0.001225024345330894,0.15881173312664032,0.32101941108703613,0.023157427087426186,0.5460754036903381,1.4596232175827026,0.00013801170280203223,6.7143049240112305,0.00013341443263925612,0.011044672690331936,0.0003459524887148291,0.22454102337360382,0.2566429674625397,0.01761178858578205,0.5285390019416809,1.4543452262878418,0.08506413549184799,0.08055271953344345,0.8368550539016724
