step,matrix,m,n,r_null,G_r_spectrum,G_stable_rank_G,G_alignment_GW,G_G_fro,G_energy_top,G_energy_mid,G_energy_tail,G_energy_top_rows,G_energy_tail_rows,G_pangle_Gtop_Wtop_mean,H_r_spectrum,H_stable_rank_G,H_alignment_GW,H_G_fro,H_energy_top,H_energy_mid,H_energy_tail,H_energy_top_rows,H_energy_tail_rows,H_pangle_Gtop_Wtop_mean,n_microbatch,snr_diag_median,snr_offdiag_median,spearman_absC_snr,sig_energy_diag,sig_energy_total,noise_energy,R_sigma_cross,snr_cross_diag_median,snr_cross_offdiag_median,spearman_absC_snr_cross,spearman_absC_split
20,model.layers.7.self_attn.q_proj.weight,4096,1024,0.000244140625,0.00012106397480238229,2.3716986179351807,0.0003050502564292401,0.653838038444519,0.0007415586151182652,0.18629774451255798,0.26017770171165466,0.008085761219263077,0.5253003835678101,1.532716155052185,0.00027040261193178594,7.299972057342529,0.0016450604889541864,0.005192539654672146,0.0005289214896038175,0.2716313600540161,0.20194679498672485,0.010771939530968666,0.48806896805763245,1.5162962675094604,8.0,0.0752943605184555,0.08108691871166229,0.8259523510932922,-1.165240155387437e-05,0.002955090720206499,0.518558144569397,-0.003943162040406025,-0.004971261136233807,0.0015243139350786805,-0.005583689082413912,0.06151857227087021
20,model.layers.7.self_attn.k_proj.weight,512,1024,0.0009765625,0.0009303464903496206,3.610945701599121,4.194709617877379e-06,0.4807788133621216,0.0006377696990966797,0.17075784504413605,0.2713867723941803,0.02301378734409809,0.671550989151001,1.3559507131576538,0.0012269738363102078,8.258187294006348,-0.0003709361481014639,0.0018446455942466855,0.0005484840949065983,0.2812018096446991,0.18931394815444946,0.013680885545909405,0.5174887776374817,1.3559178113937378,,,,,,,,,,,,
20,model.layers.7.self_attn.v_proj.weight,512,1024,0.0009765625,0.000737982161808759,1.8138165473937988,-0.0011138982372358441,0.9603738188743591,0.00016992568271234632,0.13854961097240448,0.25890347361564636,0.002839812310412526,0.736950159072876,1.447587490081787,0.001108932076022029,4.4677581787109375,0.0003025289042852819,0.001820005476474762,0.0005099378176964819,0.18535490334033966,0.21949650347232819,0.007365554105490446,0.6804046630859375,1.4308260679244995,,,,,,,,,,,,
20,model.layers.7.self_attn.o_proj.weight,1024,2048,0.00048828125,0.00025630180607549846,2.1999595165252686,-0.0003585645754355937,1.601631999015808,4.362993786344305e-05,0.12414144724607468,0.40981191396713257,0.01222978439182043,0.6189344525337219,1.4409328699111938,0.0003103572817053646,4.463542461395264,0.001460141153074801,0.003626227378845215,0.00018526878557167947,0.19398385286331177,0.2863476872444153,0.024991143494844437,0.46667012572288513,1.3796488046646118,,,,,,,,,,,,
20,model.layers.15.self_attn.q_proj.weight,4096,1024,0.000244140625,0.00017311808187514544,3.0497653484344482,0.0004131868772674352,0.9488677382469177,0.00018719739455264062,0.2076745629310608,0.24903972446918488,0.003946586046367884,0.4669937789440155,1.5401935577392578,0.00024287350242957473,7.947887897491455,0.0011534221703186631,0.00551252905279398,0.0004803033370990306,0.24823854863643646,0.22450758516788483,0.014434967190027237,0.4534945785999298,1.5009464025497437,8.0,0.08364984393119812,0.08273559808731079,0.8247900009155273,4.441819328349084e-06,0.011084899306297302,1.2480347156524658,0.00040070903718770795,-0.00041162510751746595,0.0016640180256217718,-0.011346251703798771,0.039324842393398285
20,model.layers.15.self_attn.k_proj.weight,512,1024,0.0009765625,0.0010337322019040585,3.4484946727752686,2.456814399920404e-06,0.9164938926696777,0.00011388403800083324,0.21682533621788025,0.2754460573196411,0.003017685143277049,0.5890709161758423,1.4712659120559692,0.00101475662086159,9.675615310668945,0.001720972009934485,0.0018889395287260413,0.00012222562509123236,0.2858622670173645,0.2123265266418457,0.0072207339107990265,0.4663623571395874,1.4410635232925415,,,,,,,,,,,,
20,model.layers.15.self_attn.v_proj.weight,512,1024,0.0009765625,0.000963653321377933,2.110983371734619,0.0016363825416192412,0.7478715777397156,0.0002176937268814072,0.2250368446111679,0.23256610333919525,0.004080276004970074,0.6072876453399658,1.4660447835922241,0.0015149967512115836,4.670289516448975,-0.0024867127649486065,0.0018788535380735993,0.0011892389738932252,0.22247445583343506,0.2367352843284607,0.007669845595955849,0.5944517850875854,1.416172981262207,,,,,,,,,,,,
20,model.layers.15.self_attn.o_proj.weight,1024,2048,0.00048828125,0.000469768448965624,1.9076273441314697,0.00048132354277186096,1.5219358205795288,2.4911141736083664e-05,0.09658075869083405,0.478882372379303,0.010388430207967758,0.6264049410820007,1.446702003479004,0.000409160420531407,4.538575172424316,0.0006307000294327736,0.00387779762968421,8.807895210338756e-05,0.2058599293231964,0.283517450094223,0.016953177750110626,0.5033978223800659,1.4025745391845703,,,,,,,,,,,,
20,model.layers.19.self_attn.q_proj.weight,4096,1024,0.000244140625,0.0001796646392904222,2.7179365158081055,-0.0004239520931150764,0.6568418741226196,0.00034789351047948003,0.2214624434709549,0.22836987674236298,0.00669823819771409,0.42417123913764954,1.5282416343688965,0.00024880291312001646,7.36366605758667,0.0007923427619971335,0.005485333036631346,0.0005711878184229136,0.23966941237449646,0.23423875868320465,0.017283964902162552,0.46361789107322693,1.4936553239822388,8.0,0.08470476418733597,0.08672895282506943,0.799042284488678,-6.380392733262852e-06,0.0023593639489263296,0.5939544439315796,-0.002704285083344756,0.000985833234153688,0.0018188274698331952,-0.004217605106532574,0.07096576690673828
20,model.layers.19.self_attn.k_proj.weight,512,1024,0.0009765625,0.0009744485723786056,2.206915855407715,-3.3163444186357083e-06,0.7199497818946838,0.000387860753107816,0.24355825781822205,0.2030044049024582,0.018202807754278183,0.5946482419967651,1.350806474685669,0.0011351718567311764,9.384895324707031,0.0019302584696561098,0.0019340300932526588,0.0004465591046027839,0.2835242748260498,0.20202337205410004,0.022834714502096176,0.45675984025001526,1.3286556005477905,,,,,,,,,,,,
20,model.layers.19.self_attn.v_proj.weight,512,1024,0.0009765625,0.0008549037156626582,1.5652445554733276,0.0005110320053063333,0.5309668183326721,0.001851223292760551,0.19095931947231293,0.21127374470233917,0.011824208311736584,0.5860271453857422,1.4249314069747925,0.0009059851290658116,4.702334403991699,0.002382114063948393,0.0018807228188961744,0.00039790672599337995,0.2285706102848053,0.2545790374279022,0.007557529024779797,0.5684435367584229,1.429578185081482,,,,,,,,,,,,
20,model.layers.19.self_attn.o_proj.weight,1024,2048,0.00048828125,0.00043502351036295295,1.3955461978912354,0.0001486900437157601,1.081580400466919,7.30725223547779e-05,0.07430828362703323,0.5203425884246826,0.00787920318543911,0.6364310383796692,1.4548612833023071,0.0003818861732725054,5.678397178649902,0.001745738321915269,0.003931102342903614,0.0001622777053853497,0.19522449374198914,0.2981843054294586,0.012103894725441933,0.5614264011383057,1.450126051902771,,,,,,,,,,,,
20,model.layers.1.mlp.gate_proj.weight,3584,1024,0.00027901785714285713,0.0009616438765078783,3.1573734283447266,6.929520168341696e-05,0.4946126341819763,0.0002639632439240813,0.18287917971611023,0.30368125438690186,0.005953367333859205,0.5451114177703857,1.5223588943481445,0.00027575273998081684,18.482492446899414,0.0006139942561276257,0.004412343259900808,0.00020229131041560322,0.2563673257827759,0.22657865285873413,0.00967963133007288,0.49787038564682007,1.5156124830245972,,,,,,,,,,,,
20,model.layers.1.mlp.up_proj.weight,3584,1024,0.00027901785714285713,0.0018799222307279706,2.588582754135132,0.00034927745582535863,0.8905321359634399,0.00021756374917458743,0.1575242131948471,0.33173418045043945,0.015206312760710716,0.5050779581069946,1.5003665685653687,0.0003071710525546223,15.60034465789795,0.002143518766388297,0.004416013602167368,0.000181573981535621,0.25062376260757446,0.2377805858850479,0.011749685741961002,0.5024348497390747,1.5030659437179565,,,,,,,,,,,,
20,model.layers.1.mlp.down_proj.weight,1024,3584,0.00027901785714285713,0.0003014284011442214,4.3941497802734375,0.0003240761288907379,0.9692009687423706,0.0006905110785737634,0.15673530101776123,0.3309990167617798,0.012113559991121292,0.6392348408699036,1.4478729963302612,0.00035214400850236416,19.997596740722656,0.0017579650739207864,0.004430809058248997,0.0002797731722239405,0.2259228676557541,0.25946277379989624,0.013624151237308979,0.518312931060791,1.4229559898376465,8.0,0.0802418515086174,0.07924297451972961,0.8355982303619385,3.09534152620472e-05,0.028636444360017776,2.118678092956543,0.0010809098669129602,-0.0002740661730058491,0.0031563672237098217,0.010209147818386555,0.07209160923957825
20,model.layers.12.mlp.gate_proj.weight,3584,1024,0.00027901785714285713,0.00021534928237088025,2.533573627471924,-0.00020060711540281773,0.8258017301559448,0.00043188765994273126,0.18795017898082733,0.24227049946784973,0.005270214751362801,0.5548683404922485,1.5253266096115112,0.00027210830012336373,7.084831714630127,0.0018117332365363836,0.004962123930454254,0.00034615196636877954,0.25860098004341125,0.21567334234714508,0.009588281624019146,0.4927447736263275,1.5099973678588867,,,,,,,,,,,,
20,model.layers.12.mlp.up_proj.weight,3584,1024,0.00027901785714285713,0.0002627891371957958,2.730109214782715,3.8186946767382324e-05,1.2968477010726929,0.0003968920500483364,0.21897023916244507,0.25131893157958984,0.007702816277742386,0.4891757667064667,1.5125012397766113,0.0002862857945729047,6.503506183624268,0.0016783500323072076,0.004970474634319544,0.00034973054425790906,0.2580874562263489,0.21964293718338013,0.009819003753364086,0.492056280374527,1.5096396207809448,,,,,,,,,,,,
20,model.layers.12.mlp.down_proj.weight,1024,3584,0.00027901785714285713,0.00027602940099313855,5.146986961364746,4.0493519918527454e-05,1.3987761735916138,0.000124920072266832,0.19559326767921448,0.29951468110084534,0.0188888069242239,0.5581390857696533,1.4139035940170288,0.00028188255964778364,8.577921867370605,0.0018421957502141595,0.004928420763462782,0.00015228585107252002,0.2340308278799057,0.25337162613868713,0.020732639357447624,0.496940940618515,1.3794056177139282,8.0,0.0783102810382843,0.08209585398435593,0.8320093750953674,4.9269539886154234e-05,0.02099498361349106,3.9816536903381348,0.0023467291422173044,-0.002398490672931075,0.0011584711028262973,0.0019384656334295869,0.03207820653915405
20,model.layers.22.mlp.gate_proj.weight,3584,1024,0.00027901785714285713,0.00029068722506053746,2.1689670085906982,0.0014396911719813943,0.43564513325691223,0.0016609678277745843,0.1772436499595642,0.24812719225883484,0.010446653701364994,0.510147213935852,1.5204991102218628,0.00027145977946929634,6.522233486175537,0.0016075493767857552,0.00511847622692585,0.000877627229783684,0.2297086864709854,0.2354281097650528,0.011371137574315071,0.49511098861694336,1.5041030645370483,,,,,,,,,,,,
20,model.layers.22.mlp.up_proj.weight,3584,1024,0.00027901785714285713,0.00021393626229837537,2.080526351928711,0.0014792743604630232,1.0337995290756226,0.0008579803397879004,0.1613663136959076,0.31261542439460754,0.0140762934461236,0.5910018086433411,1.5047029256820679,0.0002855525817722082,5.806053638458252,0.0004143277183175087,0.005118442699313164,0.0005638637230731547,0.2177879512310028,0.25541234016418457,0.013369213789701462,0.5028170943260193,1.4988282918930054,,,,,,,,,,,,
20,model.layers.22.mlp.down_proj.weight,1024,3584,0.00027901785714285713,0.0004966541891917586,1.8810003995895386,0.0016868143575266004,0.9905533790588379,0.00012526940554380417,0.10052398592233658,0.41844502091407776,0.005959817674010992,0.5603710412979126,1.465060830116272,0.0002981483703479171,5.602527618408203,9.575758303981274e-05,0.0050546168349683285,0.0004315846017561853,0.21638591587543488,0.26738622784614563,0.012153352610766888,0.5356233716011047,1.4421991109848022,8.0,0.09169060736894608,0.0833248421549797,0.8201636672019958,0.00011617829295573756,0.07232409715652466,2.461554765701294,0.0016063566297177985,0.012582543306052685,0.007082921452820301,-0.006684678606688976,0.12156300991773605
20,model.layers.1.linear_attn.in_proj_qkv.weight,6144,1024,0.00016276041666666666,0.0002833124599419534,2.236482858657837,-0.0008471131441183388,0.46561411023139954,0.000928751309402287,0.17341864109039307,0.2672959566116333,0.008624881505966187,0.49295559525489807,1.533198595046997,0.00017538762767799199,17.545429229736328,0.0021739318035542965,0.005964538082480431,0.0005408815341070294,0.24669918417930603,0.22772611677646637,0.010561525821685791,0.5027249455451965,1.5222328901290894,8.0,0.07020888477563858,0.08030636608600616,0.844383180141449,4.139827433391474e-05,0.0033846672158688307,0.197499081492424,0.012231121021239888,0.0003698986256495118,0.0024029745254665613,0.008699598722159863,0.053475480526685715
20,model.layers.1.linear_attn.out_proj.weight,1024,2048,0.00048828125,0.0006099704769439995,1.603049874305725,-0.0007402905030176044,1.2287343740463257,0.0010862990748137236,0.0918361097574234,0.4359910190105438,0.023886840790510178,0.6095512509346008,1.4294719696044922,0.0005744514637626708,15.486114501953125,0.004148750100284815,0.0034864849876612425,0.0005345469107851386,0.23015929758548737,0.24935683608055115,0.016594918444752693,0.5188550353050232,1.4165376424789429,,,,,,,,,,,,
20,model.layers.12.linear_attn.in_proj_qkv.weight,6144,1024,0.00016276041666666666,7.049943087622523e-05,2.8027443885803223,-2.75459296972258e-05,0.7116611003875732,0.00044756318675354123,0.17883531749248505,0.25598859786987305,0.00388094549998641,0.5617274045944214,1.549899697303772,0.0001294805115321651,7.632412910461426,0.0008616753038950264,0.006488015875220299,0.00032549104071222246,0.2520892918109894,0.2190290242433548,0.008010704070329666,0.508055567741394,1.5351637601852417,8.0,0.07114449888467789,0.07790899276733398,0.813835620880127,1.2440336831787135e-06,-0.0016836700960993767,0.36495280265808105,,-0.0008858477813191712,-0.0007536841440014541,-0.010900566354393959,0.06594540923833847
20,model.layers.12.linear_attn.out_proj.weight,1024,2048,0.00048828125,0.000289434363367036,2.907845973968506,-0.0006395624950528145,1.0859936475753784,5.222233812673949e-05,0.16585537791252136,0.3447849452495575,0.013670899905264378,0.5727655291557312,1.442442774772644,0.0004719770513474941,6.007658004760742,0.0015803864225745201,0.0037416869308799505,0.00012364333088044077,0.21941165626049042,0.269164115190506,0.019165759906172752,0.529904842376709,1.4107061624526978,,,,,,,,,,,,
20,model.layers.21.linear_attn.in_proj_qkv.weight,6144,1024,0.00016276041666666666,0.00010619159002089873,2.4540932178497314,-3.435641701798886e-05,0.3044384717941284,0.0007518341881223023,0.1889832466840744,0.24501493573188782,0.005872131325304508,0.5375013947486877,1.5368489027023315,0.00016395279089920223,7.449189186096191,0.00045623525511473417,0.006405541207641363,0.0004911453579552472,0.22260788083076477,0.2482730746269226,0.01077099796384573,0.5013696551322937,1.525895595550537,8.0,0.09383159875869751,0.09785493463277817,0.8060265183448792,3.0975363642937737e-06,0.002285583410412073,0.06593631207942963,0.0013552497581942598,0.0135254031047225,0.011345406994223595,0.007928352802991867,0.0680852085351944
20,model.layers.21.linear_attn.out_proj.weight,1024,2048,0.00048828125,0.00033458846155554056,2.2641966342926025,0.000662037346046418,0.636366605758667,9.191915160045028e-05,0.136640265583992,0.36621877551078796,0.005444801412522793,0.5472778677940369,1.480067253112793,0.0004935617325827479,3.872041940689087,0.0010745037579908967,0.0036925096064805984,9.734211926115677e-05,0.2137705385684967,0.272932231426239,0.007309894543141127,0.533219039440155,1.4813028573989868,,,,,,,,,,,,
40,model.layers.7.self_attn.q_proj.weight,4096,1024,0.000244140625,0.00011601812002481893,2.1025636196136475,-7.031422865111381e-05,0.5351561307907104,0.0005204489571042359,0.17386288940906525,0.2761342525482178,0.00563975190743804,0.5344454646110535,1.5373014211654663,0.0002360622165724635,8.241580963134766,0.001269782311283052,0.004646878689527512,0.00048123084707185626,0.2685401141643524,0.20430363714694977,0.010799195617437363,0.4975270628929138,1.5137909650802612,8.0,0.06520724296569824,0.06380871683359146,0.8832432627677917,-1.1031423127860762e-05,-0.005624483339488506,0.34634387493133545,,-0.0019275775412097573,-0.0021769737359136343,-0.0019002219196408987,0.07350807636976242
40,model.layers.7.self_attn.k_proj.weight,512,1024,0.0009765625,0.0012689933646470308,3.9092607498168945,3.2922253012657166e-06,0.38245639204978943,0.0015041439328342676,0.17167802155017853,0.23924793303012848,0.024153893813490868,0.6839884519577026,1.3402937650680542,0.0011825169203802943,10.4493408203125,0.0005057513481006026,0.0016514303861185908,0.0001362134062219411,0.2974623739719391,0.180635467171669,0.01304990891367197,0.49371224641799927,1.375442624092102,,,,,,,,,,,,
40,model.layers.7.self_attn.v_proj.weight,512,1024,0.0009765625,0.0008323554648086429,1.9668724536895752,-0.0012359493412077427,0.627216100692749,0.000440033181803301,0.1460111290216446,0.24117045104503632,0.004969433415681124,0.7423132061958313,1.4486920833587646,0.0010939838830381632,5.458195209503174,0.0032728612422943115,0.0016459546750411391,0.00027948120259679854,0.18946406245231628,0.213266983628273,0.006210113409906626,0.6842411160469055,1.4478706121444702,,,,,,,,,,,,
40,model.layers.7.self_attn.o_proj.weight,1024,2048,0.00048828125,0.00024720843066461384,2.0897462368011475,-0.000366859050700441,1.1063874959945679,7.007852400420234e-05,0.1262345165014267,0.40074625611305237,0.01290504913777113,0.5917049646377563,1.444441318511963,0.0003368638572283089,4.296286106109619,0.00251045566983521,0.0033261715434491634,0.0001428950927220285,0.1943957358598709,0.2858228385448456,0.01976594142615795,0.46050024032592773,1.3963841199874878,,,,,,,,,,,,
40,model.layers.15.self_attn.q_proj.weight,4096,1024,0.000244140625,0.00016931918798945844,3.2819995880126953,-0.00012276186316739768,0.6931707262992859,0.00028642299002967775,0.24243022501468658,0.20144012570381165,0.0033771246671676636,0.4351077079772949,1.540852427482605,0.00025389218353666365,8.058493614196777,0.001421963213942945,0.0047388398088514805,0.0007550966111011803,0.2516144812107086,0.218242809176445,0.015638412907719612,0.4535740911960602,1.4957728385925293,8.0,0.07497797161340714,0.07329918444156647,0.8599025011062622,4.06309209211031e-06,0.0030030482448637486,0.6745232343673706,0.001352989283159071,-0.0016988530987873673,0.0006796332891099155,0.007652138359844685,0.05287881940603256
40,model.layers.15.self_attn.k_proj.weight,512,1024,0.0009765625,0.0008625733316875994,2.08271861076355,-3.650559847301338e-06,0.7876653075218201,0.0001423186040483415,0.21860286593437195,0.2791924476623535,0.0031509273685514927,0.582863450050354,1.4494198560714722,0.0010768389329314232,8.310370445251465,0.0019690871704369783,0.0016636662185192108,7.377122528851032e-05,0.2802257835865021,0.2143188714981079,0.008341627195477486,0.47057047486305237,1.4254010915756226,,,,,,,,,,,,
40,model.layers.15.self_attn.v_proj.weight,512,1024,0.0009765625,0.0010242387652397156,2.0251986980438232,1.58100483531598e-05,0.5162115097045898,0.00018896913388743997,0.2496003955602646,0.21790152788162231,0.004270301200449467,0.5815949440002441,1.4399962425231934,0.001107547665014863,5.836337566375732,0.0020606815814971924,0.0016594750341027975,0.0003890946973115206,0.22517138719558716,0.2342507243156433,0.005623438395559788,0.5942307114601135,1.429689884185791,,,,,,,,,,,,
40,model.layers.15.self_attn.o_proj.weight,1024,2048,0.00048828125,0.00041349660023115575,1.9412972927093506,7.656471098016482e-06,0.9218012094497681,5.733794023399241e-05,0.12119854986667633,0.39812171459198,0.015348659828305244,0.5355458855628967,1.4285699129104614,0.00037853754474781454,6.047690391540527,0.0018241852521896362,0.0033456350211054087,8.438346412731335e-05,0.2075819969177246,0.28669750690460205,0.017233770340681076,0.5129615664482117,1.4141041040420532,,,,,,,,,,,,
40,model.layers.19.self_attn.q_proj.weight,4096,1024,0.000244140625,0.00016693079669494182,2.7558281421661377,-0.0003299155505374074,0.43688884377479553,0.0006272757891565561,0.22243617475032806,0.21761490404605865,0.008269601501524448,0.4016105532646179,1.5304430723190308,0.00023826080723665655,6.920263767242432,-0.00018085582996718585,0.004807052668184042,0.0006732235196977854,0.24252189695835114,0.23187017440795898,0.017791228368878365,0.45865434408187866,1.4893759489059448,8.0,0.06998903304338455,0.06863612681627274,0.8656790852546692,-3.136534587611095e-06,-0.0017932294867932796,0.283126562833786,,0.0006953366682864726,-0.0003728047013282776,0.0015840324340388179,0.08414933830499649
40,model.layers.19.self_attn.k_proj.weight,512,1024,0.0009765625,0.0010901466012001038,2.2116291522979736,-2.3647801299375715e-06,0.49776116013526917,0.00030239365878514946,0.26307910680770874,0.19527968764305115,0.010456821881234646,0.5745490789413452,1.3342736959457397,0.0009947101352736354,9.07613754272461,0.0034318561665713787,0.0017064603744074702,0.0006674046162515879,0.2877119779586792,0.19744747877120972,0.020493725314736366,0.44178399443626404,1.319841980934143,,,,,,,,,,,,
40,model.layers.19.self_attn.v_proj.weight,512,1024,0.0009765625,0.0006370633491314948,1.5928555727005005,-0.0003571613342501223,0.315464049577713,0.0004538940847851336,0.20880098640918732,0.20248807966709137,0.0041771382093429565,0.6016260981559753,1.4341732263565063,0.0011307371314615011,4.640830039978027,0.002881309250369668,0.001597524038515985,0.0006394496886059642,0.22782042622566223,0.2560344934463501,0.007701251655817032,0.5818009972572327,1.4303678274154663,,,,,,,,,,,,
40,model.layers.19.self_attn.o_proj.weight,1024,2048,0.00048828125,0.00047166869626380503,1.4689111709594727,-0.0001115653503802605,0.608539342880249,0.00013145200500730425,0.09038583189249039,0.46331560611724854,0.009547794237732887,0.6042423844337463,1.4457197189331055,0.0003973699058406055,6.428910255432129,0.001316326204687357,0.003342801472172141,0.00019361813610885292,0.18826347589492798,0.3007868230342865,0.013543854467570782,0.5828304886817932,1.4318428039550781,,,,,,,,,,,,
40,model.layers.1.mlp.gate_proj.weight,3584,1024,0.00027901785714285713,0.0002372875896980986,3.854268789291382,0.0004860286135226488,0.39252349734306335,0.00021286147239152342,0.1895451545715332,0.2884739339351654,0.005851654801517725,0.5359134078025818,1.5174639225006104,0.00026542338309809566,15.684880256652832,0.0006772615597583354,0.004151100292801857,0.00022154662292450666,0.25243791937828064,0.22985899448394775,0.009205098263919353,0.5038451552391052,1.5129013061523438,,,,,,,,,,,,
40,model.layers.1.mlp.up_proj.weight,3584,1024,0.00027901785714285713,0.0003968963283114135,3.2390365600585938,0.0005807246780022979,0.6831930875778198,0.00013951316941529512,0.17975308001041412,0.3176763355731964,0.008190367370843887,0.5098567605018616,1.5096397399902344,0.00029727022047154605,13.352246284484863,0.002055931370705366,0.0041534448973834515,0.0001642367133172229,0.2521038055419922,0.23470450937747955,0.010707687586545944,0.5041331052780151,1.510736107826233,,,,,,,,,,,,
40,model.layers.1.mlp.down_proj.weight,1024,3584,0.00027901785714285713,0.00029406347312033176,4.4538893699646,0.0005549336201511323,0.7118949890136719,0.0008215507841669023,0.16429778933525085,0.31930795311927795,0.012312992475926876,0.628258228302002,1.4317550659179688,0.00038249505450949073,17.590585708618164,0.0016093419399112463,0.004180925898253918,0.00016312063962686807,0.22232283651828766,0.2636643946170807,0.012575008906424046,0.5235571265220642,1.4250513315200806,8.0,0.06807081401348114,0.07049147039651871,0.8652976155281067,-2.147471604985185e-05,-0.002339159371331334,1.151050329208374,,-0.0015539140440523624,-0.000496466236654669,0.0007198434905149043,0.04823222756385803
40,model.layers.12.mlp.gate_proj.weight,3584,1024,0.00027901785714285713,0.00017191360529977828,2.5387887954711914,-5.145016075402964e-06,0.5091489553451538,0.0004924401291646063,0.17900846898555756,0.25422540307044983,0.005588448606431484,0.555156409740448,1.5285743474960327,0.0002832773607224226,6.8056159019470215,0.0018929680809378624,0.004398580640554428,0.00033942365553230047,0.255621075630188,0.2189204841852188,0.009912651963531971,0.498764306306839,1.5127677917480469,,,,,,,,,,,,
40,model.layers.12.mlp.up_proj.weight,3584,1024,0.00027901785714285713,0.0002739744959399104,2.4277751445770264,-0.00016065442468971014,0.8554860949516296,0.0003928263031411916,0.1910608410835266,0.2891311049461365,0.008584059774875641,0.5283631682395935,1.514656901359558,0.00028175918851047754,6.859451770782471,0.0025730705820024014,0.004362755920737982,0.00035361573100090027,0.24973778426647186,0.22726798057556152,0.009523064829409122,0.5045778751373291,1.5116161108016968,,,,,,,,,,,,
40,model.layers.12.mlp.down_proj.weight,1024,3584,0.00027901785714285713,0.00024394586216658354,5.54695463180542,-0.00016663865244481713,0.8584277629852295,0.00020870770094916224,0.20065951347351074,0.2928277254104614,0.02073546312749386,0.537838339805603,1.4268369674682617,0.0002799943904392421,9.469225883483887,0.002856108359992504,0.004322417546063662,0.00021781241230200976,0.23152212798595428,0.2560052275657654,0.02078361064195633,0.5015550255775452,1.3715614080429077,8.0,0.0713859498500824,0.06737719476222992,0.9000308513641357,-2.407325155218132e-06,0.006218516733497381,1.5723563432693481,-0.00038712208367158615,-0.00043730868492275476,0.0005309842526912689,0.0006961108883842826,0.030127868056297302
40,model.layers.22.mlp.gate_proj.weight,3584,1024,0.00027901785714285713,0.0002991950314026326,2.352511167526245,0.0006244250689633191,0.2362256646156311,0.0016210011672228575,0.1701657474040985,0.26385101675987244,0.011297306977212429,0.5529504418373108,1.5159181356430054,0.00027446082094684243,5.624972343444824,0.00042928100447170436,0.004302358720451593,0.0002592027885839343,0.22948668897151947,0.2352680116891861,0.009181438945233822,0.4963366389274597,1.5058166980743408,,,,,,,,,,,,
40,model.layers.22.mlp.up_proj.weight,3584,1024,0.00027901785714285713,0.0003047655918635428,2.1034700870513916,0.00011128946061944589,0.5556572675704956,0.0011141941649839282,0.16173413395881653,0.30247825384140015,0.01514976192265749,0.5817757248878479,1.5026435852050781,0.00029673048993572593,5.547830581665039,0.0027233753353357315,0.004256509710103273,0.0007758352439850569,0.21792075037956238,0.2519722282886505,0.014990683645009995,0.5027531385421753,1.4940261840820312,,,,,,,,,,,,
40,model.layers.22.mlp.down_proj.weight,1024,3584,0.00027901785714285713,0.00046434105024673045,1.7278538942337036,0.00011627837375272065,0.5765067934989929,0.0003542090707924217,0.09190893173217773,0.39452698826789856,0.008786567486822605,0.526500403881073,1.4731392860412598,0.0003217789635527879,5.457663059234619,0.0017729036044329405,0.0042753079906105995,0.00022469420218840241,0.20790264010429382,0.27542343735694885,0.008522894233465195,0.5461412668228149,1.4683666229248047,8.0,0.07617693394422531,0.07363303750753403,0.8469221591949463,6.423915328923613e-05,0.03222901374101639,0.8272738456726074,0.00199320878403058,0.003355559892952442,0.004760212730616331,0.0024964604526758194,0.1500023752450943
40,model.layers.1.linear_attn.in_proj_qkv.weight,6144,1024,0.00016276041666666666,0.00011666106001939625,3.0296719074249268,-6.256922642933205e-05,0.34331396222114563,0.000510603073053062,0.17354150116443634,0.28480198979377747,0.005824684631079435,0.5388670563697815,1.5409437417984009,0.00014858480426482856,18.219392776489258,0.0015302032697945833,0.005561755504459143,0.00035758261219598353,0.24934275448322296,0.22645924985408783,0.009497860446572304,0.5007555484771729,1.5248249769210815,8.0,0.07850088179111481,0.07390149682760239,0.8746878504753113,1.5111949380752776e-07,0.0002983971207868308,0.12293579429388046,0.0005064375065317224,0.00218258798122406,9.553356358082965e-05,-0.01378312986344099,0.02878670021891594
40,model.layers.1.linear_attn.out_proj.weight,1024,2048,0.00048828125,0.0009400626877322793,1.5226722955703735,-3.513323099468835e-05,0.7786967158317566,0.0008292461279779673,0.1232881247997284,0.37922757863998413,0.024005509912967682,0.5796788930892944,1.4321844577789307,0.0005435443599708378,12.913100242614746,0.0018711439333856106,0.0032647561747580767,0.00047636296949349344,0.2273613065481186,0.2520090639591217,0.020342815667390823,0.5221298933029175,1.4032070636749268,,,,,,,,,,,,
40,model.layers.12.linear_attn.in_proj_qkv.weight,6144,1024,0.00016276041666666666,6.87625797581859e-05,2.367231845855713,0.0003937978472094983,0.4958392083644867,0.00035203646984882653,0.16382159292697906,0.273428350687027,0.0035999540705233812,0.5717300772666931,1.5511871576309204,0.00012934501864947379,7.183514595031738,0.0005187314236536622,0.005847895052284002,0.00026897460338659585,0.2522282600402832,0.21913470327854156,0.008467570878565311,0.5070562958717346,1.5359796285629272,8.0,0.06704261153936386,0.0666620209813118,0.8754447102546692,-1.4198622011463158e-06,-0.0002454482892062515,0.16682708263397217,,-0.00020246511849109083,-0.00011143604206154123,-0.007369964383542538,0.07520658522844315
40,model.layers.12.linear_attn.out_proj.weight,1024,2048,0.00048828125,0.0003015983966179192,2.5128626823425293,0.00042880370165221393,0.7423803806304932,5.9780533774755895e-05,0.15997181832790375,0.3484635651111603,0.013416394591331482,0.5736227631568909,1.4453295469284058,0.00047618875396437943,6.358126163482666,0.002092540031298995,0.003334576031193137,0.00011218500003451481,0.22273039817810059,0.2671290636062622,0.01630599983036518,0.5299913287162781,1.415604591369629,,,,,,,,,,,,
40,model.layers.21.linear_attn.in_proj_qkv.weight,6144,1024,0.00016276041666666666,7.945901597850025e-05,2.6081478595733643,-5.026202416047454e-05,0.15187865495681763,0.0006212783046066761,0.15418432652950287,0.29183900356292725,0.0064742895774543285,0.578402578830719,1.5452598333358765,0.00014965359878260642,7.460447311401367,6.952348485356197e-05,0.005758006125688553,0.00046744622522965074,0.21959514915943146,0.2518729567527771,0.01255699060857296,0.48999857902526855,1.5180329084396362,8.0,0.07011711597442627,0.06658601760864258,0.8792873024940491,-1.5268787478817103e-07,-2.9592914870590903e-05,0.01616477034986019,,0.002366261323913932,-0.00016877398593351245,-0.005401937291026115,0.05752699449658394
40,model.layers.21.linear_attn.out_proj.weight,1024,2048,0.00048828125,0.0004354769189376384,2.09843111038208,-0.0006844064337201416,0.3286691904067993,0.0002897784288506955,0.12693828344345093,0.37744688987731934,0.0077287317253649235,0.5574067831039429,1.4763177633285522,0.0005124160670675337,4.029518127441406,0.0006424513994716108,0.003217244753614068,0.00020522710110526532,0.2090112566947937,0.2787221074104309,0.00889558345079422,0.544725775718689,1.4659674167633057,,,,,,,,,,,,
60,model.layers.7.self_attn.q_proj.weight,4096,1024,0.000244140625,0.00011640462616924196,2.317990779876709,-8.184635225916281e-05,0.6204050779342651,0.00038809236139059067,0.18339340388774872,0.26355913281440735,0.00571634154766798,0.5266253352165222,1.5405279397964478,0.0002116720424965024,8.407581329345703,-0.00010575049236649647,0.004596634767949581,0.0003182734944857657,0.26905104517936707,0.20178237557411194,0.009938848204910755,0.49712103605270386,1.5181260108947754,8.0,0.08167015016078949,0.07289902120828629,0.8689056634902954,-3.6366021959111094e-05,-0.0023757831659168005,0.44849520921707153,,0.0015507685020565987,-0.0006510872626677155,-0.01082626637071371,0.04539365693926811
60,model.layers.7.self_attn.k_proj.weight,512,1024,0.0009765625,0.0010062401415780187,4.247841835021973,1.3658858733833767e-05,0.4651373624801636,0.0011306212982162833,0.19199973344802856,0.240146204829216,0.03519141674041748,0.6274359822273254,1.3119951486587524,0.0012746984139084816,10.85698413848877,-0.004134827293455601,0.0016494895098730922,0.00042642353218980134,0.2980268895626068,0.17888320982456207,0.017589502036571503,0.4930779039859772,1.3514190912246704,,,,,,,,,,,,
60,model.layers.7.self_attn.v_proj.weight,512,1024,0.0009765625,0.0008207414648495615,2.203866481781006,-0.0013054193696007133,0.7517409920692444,0.00029739830642938614,0.16077615320682526,0.2358686327934265,0.0038451978471130133,0.7150611281394958,1.4554901123046875,0.001000634511001408,6.833337783813477,0.0011428387369960546,0.0015634334413334727,0.00019914710719604045,0.1932433694601059,0.21456944942474365,0.006004840601235628,0.6802946925163269,1.4430197477340698,,,,,,,,,,,,
60,model.layers.7.self_attn.o_proj.weight,1024,2048,0.00048828125,0.0002494240179657936,2.278374433517456,-0.0003823715669568628,1.3551536798477173,6.38914862065576e-05,0.12352076172828674,0.4077457785606384,0.013540506362915039,0.5948693752288818,1.4399653673171997,0.0003303709381725639,5.138062953948975,0.0015990645624697208,0.003180804429575801,0.0001307881175307557,0.1956356018781662,0.27799949049949646,0.02270521968603134,0.4471071660518646,1.3869918584823608,,,,,,,,,,,,
60,model.layers.15.self_attn.q_proj.weight,4096,1024,0.000244140625,0.0001675876264926046,2.763882875442505,0.00010376315913163126,0.8356816172599792,0.0001799862366169691,0.2007722109556198,0.24162505567073822,0.003495774231851101,0.4290190637111664,1.5404902696609497,0.0002636946155689657,8.513533592224121,0.0018100172746926546,0.004641993436962366,0.0005387827404774725,0.24755193293094635,0.22370176017284393,0.01336967945098877,0.45237576961517334,1.5086878538131714,8.0,0.07200101763010025,0.07613847404718399,0.8447685241699219,1.2612603313755244e-05,0.00331997056491673,0.987770676612854,0.003799010583719313,0.00018875603564083576,0.0006201271316967905,0.003364821430295706,0.06972528249025345
60,model.layers.15.self_attn.k_proj.weight,512,1024,0.0009765625,0.0007976054912433028,1.9720642566680908,1.583420498718624e-06,0.9806233048439026,0.00017565154121257365,0.21065251529216766,0.2784402668476105,0.005007869563996792,0.5611002445220947,1.4515817165374756,0.0009465130278840661,6.059335708618164,0.0022995949257165194,0.001703941379673779,6.874482642160729e-05,0.2899181544780731,0.20623040199279785,0.008465572260320187,0.4536002576351166,1.4352226257324219,,,,,,,,,,,,
60,model.layers.15.self_attn.v_proj.weight,512,1024,0.0009765625,0.0009887495543807745,2.180635929107666,-0.0027142558246850967,0.6048275828361511,7.802895561326295e-05,0.23138634860515594,0.22851940989494324,0.005820880644023418,0.5997868180274963,1.4578895568847656,0.001124823116697371,5.378167152404785,0.0035278599243611097,0.0015884030144661665,0.00023764245270285755,0.22559809684753418,0.22874204814434052,0.007594667840749025,0.5912812352180481,1.4162153005599976,,,,,,,,,,,,
60,model.layers.15.self_attn.o_proj.weight,1024,2048,0.00048828125,0.0005622209282591939,1.8596560955047607,-0.0008369587012566626,1.1748982667922974,3.0375160349649377e-05,0.08993005007505417,0.4815422296524048,0.010984926484525204,0.6134941577911377,1.4412838220596313,0.00040402289596386254,5.608874797821045,0.0029709748923778534,0.00323604978621006,9.667686390457675e-05,0.20105792582035065,0.29243984818458557,0.018855083733797073,0.5184091329574585,1.4190586805343628,,,,,,,,,,,,
60,model.layers.19.self_attn.q_proj.weight,4096,1024,0.000244140625,0.00018935008847620338,2.9137933254241943,-0.0002585990587249398,0.5695973634719849,0.00040788776823319495,0.20707499980926514,0.24364575743675232,0.006789136677980423,0.4324466586112976,1.5303983688354492,0.0002756758767645806,7.941657543182373,0.0027354396879673004,0.004704874474555254,0.0010160605888813734,0.2382887601852417,0.2333911955356598,0.022878719493746758,0.4616421163082123,1.486796498298645,8.0,0.07268239557743073,0.07632654160261154,0.861850380897522,1.3925549865234643e-05,0.008582089096307755,0.44756442308425903,0.0016226293748483442,0.003951171413064003,0.0032027289271354675,0.0036599028389900923,0.08065634220838547
60,model.layers.19.self_attn.k_proj.weight,512,1024,0.0009765625,0.0008540980634279549,3.167745351791382,9.227773261955008e-06,0.5952306985855103,0.0001855064183473587,0.23723633587360382,0.2431039810180664,0.008269883692264557,0.5780729651451111,1.3536571264266968,0.0010601156391203403,9.846882820129395,-0.00042516092071309686,0.0016315235989168286,0.000924842432141304,0.29540812969207764,0.19268815219402313,0.022247478365898132,0.4327504336833954,1.3310070037841797,,,,,,,,,,,,
60,model.layers.19.self_attn.v_proj.weight,512,1024,0.0009765625,0.0007139479275792837,1.6336790323257446,0.0016421574400737882,0.43503323197364807,0.0012411806965246797,0.1786346733570099,0.22629369795322418,0.007800578139722347,0.6304883360862732,1.393099069595337,0.0011845958651974797,5.606709957122803,-0.003930341452360153,0.001576340408064425,0.0006290480960160494,0.23514720797538757,0.24698957800865173,0.009117713198065758,0.5712634921073914,1.4032783508300781,,,,,,,,,,,,
60,model.layers.19.self_attn.o_proj.weight,1024,2048,0.00048828125,0.0004882065986748785,1.451600193977356,0.0005042408010922372,0.840890109539032,0.0001158764207502827,0.07657349854707718,0.4794693887233734,0.016442475840449333,0.6008877754211426,1.4459120035171509,0.0004118141660001129,6.81321907043457,-0.0002343451778870076,0.003266134299337864,0.0001761419844115153,0.1847706288099289,0.3089902102947235,0.01195046678185463,0.5798496603965759,1.4406832456588745,,,,,,,,,,,,
60,model.layers.1.mlp.gate_proj.weight,3584,1024,0.00027901785714285713,0.00020934279018547386,3.194196939468384,-0.00033887606696225703,0.3783296048641205,0.000722899625543505,0.17670826613903046,0.3052635192871094,0.010873331688344479,0.5285070538520813,1.5140498876571655,0.0002662312763277441,19.727392196655273,0.0013156116474419832,0.0042311642318964005,0.00025092242867685854,0.2602618336677551,0.22391194105148315,0.009363999590277672,0.49507537484169006,1.5052794218063354,,,,,,,,,,,,
60,model.layers.1.mlp.up_proj.weight,3584,1024,0.00027901785714285713,0.000269509939244017,2.660463333129883,0.00020272494293749332,0.673963725566864,8.075693767750636e-05,0.14992251992225647,0.3511665165424347,0.0081174960359931,0.5209398865699768,1.5061423778533936,0.0002948047185782343,15.835697174072266,0.001601747120730579,0.004243787378072739,0.0001876430760603398,0.2505991756916046,0.2374473512172699,0.011250264942646027,0.5030733942985535,1.5058342218399048,,,,,,,,,,,,
60,model.layers.1.mlp.down_proj.weight,1024,3584,0.00027901785714285713,0.00032678767456673086,5.252491474151611,0.00018829603504855186,0.7296585440635681,0.000461486546555534,0.1534777134656906,0.33530494570732117,0.012088170275092125,0.631514847278595,1.451926827430725,0.00029096371144987643,14.578245162963867,0.0011308116372674704,0.004239850677549839,0.00024736454361118376,0.2263379693031311,0.25812697410583496,0.014285258948802948,0.5118212699890137,1.4274591207504272,8.0,0.07475797832012177,0.06905034929513931,0.8865680694580078,-3.4018517908407375e-05,-0.01739184558391571,1.1543877124786377,,0.0012090492527931929,-0.0030928468331694603,0.013560262508690357,0.06941824406385422
60,model.layers.12.mlp.gate_proj.weight,3584,1024,0.00027901785714285713,0.0001929897116497159,3.3002326488494873,0.000833445112220943,0.6440393328666687,0.00047382444608956575,0.18166083097457886,0.2547852098941803,0.005433578975498676,0.5690869092941284,1.5276033878326416,0.0002870358875952661,8.336661338806152,0.0016402992187067866,0.0043387627229094505,0.00047070279833860695,0.25591132044792175,0.21802055835723877,0.010723753832280636,0.49517953395843506,1.5072872638702393,,,,,,,,,,,,
60,model.layers.12.mlp.up_proj.weight,3584,1024,0.00027901785714285713,0.00024389436293859035,3.1377668380737305,0.000775660970248282,1.0631662607192993,0.0004377198638394475,0.21096380054950714,0.2606983482837677,0.008815423585474491,0.49679034948349,1.5178734064102173,0.0003172090800944716,7.598846435546875,0.0021189884282648563,0.004306374117732048,0.00028915348229929805,0.25355982780456543,0.22519244253635406,0.010289497673511505,0.4971906542778015,1.5100879669189453,,,,,,,,,,,,
60,model.layers.12.mlp.down_proj.weight,1024,3584,0.00027901785714285713,0.0002817009517457336,7.422332763671875,0.0007634524954482913,1.1170285940170288,0.00018437769904267043,0.1938902735710144,0.3006422817707062,0.019313786178827286,0.5558344721794128,1.4069890975952148,0.00028427556389942765,9.977189064025879,0.002398017095401883,0.00427296431735158,0.00021736111375503242,0.2312377244234085,0.2571026384830475,0.019896699115633965,0.5039380788803101,1.3863657712936401,8.0,0.07832310348749161,0.07309883087873459,0.8914773464202881,5.130276986164972e-05,0.008532878011465073,2.5578131675720215,0.00601236415107746,0.0038001649081707,0.0007770712836645544,-0.005552507005631924,0.027996813878417015
60,model.layers.22.mlp.gate_proj.weight,3584,1024,0.00027901785714285713,0.00023122075072024018,2.510773181915283,-0.00012879441783297807,0.3706251382827759,0.0009103243355639279,0.1735251396894455,0.2571161687374115,0.006506814155727625,0.5536687970161438,1.5280853509902954,0.00027634931029751897,6.316609859466553,0.001532723312266171,0.00431493204087019,0.0006637463229708374,0.22660879790782928,0.23797254264354706,0.010541416704654694,0.49974289536476135,1.5042026042938232,,,,,,,,,,,,
60,model.layers.22.mlp.up_proj.weight,3584,1024,0.00027901785714285713,0.00020423113892320544,2.72343111038208,-0.0005253141280263662,0.7864199876785278,0.0006213815649971366,0.1736147403717041,0.2940273582935333,0.012229069136083126,0.5676444172859192,1.5099934339523315,0.000297973194392398,5.857945442199707,0.00043730399920605123,0.0043072509579360485,0.0009110573446378112,0.2174166887998581,0.2515719532966614,0.01486260537058115,0.5010825395584106,1.4961700439453125,,,,,,,,,,,,
60,model.layers.22.mlp.down_proj.weight,1024,3584,0.00027901785714285713,0.00032580120023339987,2.1117498874664307,-0.0005515087977983057,0.8213266730308533,0.0002857675717677921,0.10707369446754456,0.38157907128334045,0.009568126872181892,0.5224557518959045,1.4677963256835938,0.00028165720868855715,5.557170867919922,0.0007424569921568036,0.0043322257697582245,0.00024192508135456592,0.20987378060817719,0.2739575207233429,0.008647576905786991,0.5394677519798279,1.4717293977737427,8.0,0.06491099298000336,0.07121564447879791,0.8363423347473145,-1.857135066529736e-05,0.020939303562045097,1.8730072975158691,-0.0008869134835487114,-0.0025998514611274004,0.001738045597448945,-0.011143558658659458,0.11708801239728928
60,model.layers.1.linear_attn.in_proj_qkv.weight,6144,1024,0.00016276041666666666,0.0001686527393758297,2.685107946395874,9.064240293810144e-05,0.33048513531684875,0.0005624329787679017,0.16936200857162476,0.2837211787700653,0.0071508935652673244,0.5237160325050354,1.5388282537460327,0.00014901184476912022,17.856670379638672,0.00049530656542629,0.005395263899117708,0.0003948256780859083,0.2472781091928482,0.2291473150253296,0.00921314675360918,0.504452109336853,1.5323673486709595,8.0,0.07223395258188248,0.06695769727230072,0.8940833806991577,4.8381184569734614e-06,-0.0016525934915989637,0.11073657870292664,,0.0016102197114378214,-0.0019513500155881047,0.0015871711075305939,0.04871557652950287
60,model.layers.1.linear_attn.out_proj.weight,1024,2048,0.00048828125,0.0013586303684860468,1.3867034912109375,-0.00018575582362245768,0.8721199035644531,0.0004346355563029647,0.08966244757175446,0.449047327041626,0.012295675463974476,0.6212299466133118,1.437505841255188,0.0005743079236708581,13.59031867980957,0.00046293294872157276,0.003225796390324831,0.0004801826144102961,0.23189543187618256,0.24909918010234833,0.015022426843643188,0.5155925154685974,1.4236913919448853,,,,,,,,,,,,
60,model.layers.12.linear_attn.in_proj_qkv.weight,6144,1024,0.00016276041666666666,6.436639523599297e-05,2.907588243484497,0.0004884361405856907,0.6076563000679016,0.00020444748224690557,0.1699538230895996,0.26475974917411804,0.0027027272153645754,0.5748918056488037,1.5526562929153442,0.0001272097579203546,8.648659706115723,0.0005036713555455208,0.005688183940947056,0.0003917392168659717,0.2561546862125397,0.2159358263015747,0.007917999289929867,0.5067963004112244,1.5377825498580933,8.0,0.07067184895277023,0.07192429155111313,0.8731898069381714,-2.2325009467749624e-06,0.0003619302297011018,0.2374095320701599,-0.0061683185419981685,-0.0024811485782265663,0.000513658334966749,0.0007599571254104376,0.0638129711151123
60,model.layers.12.linear_attn.out_proj.weight,1024,2048,0.00048828125,0.00036991818342357874,3.1059389114379883,0.00037787065957672894,0.8991150259971619,0.00010392454714747146,0.16632051765918732,0.34185677766799927,0.01675126701593399,0.5679308176040649,1.435218095779419,0.0004982418613508344,6.616952896118164,-2.8740627385559492e-05,0.0032396004535257816,0.00010816150461323559,0.22776158154010773,0.2618725597858429,0.01612069644033909,0.5191364288330078,1.405135989189148,,,,,,,,,,,,
60,model.layers.21.linear_attn.in_proj_qkv.weight,6144,1024,0.00016276041666666666,0.00010949178977170959,3.071037530899048,0.00010564311378402635,0.21654033660888672,0.001025101519189775,0.1789664477109909,0.2598278224468231,0.007518095429986715,0.5368305444717407,1.5386323928833008,0.00013599290105048567,7.641708850860596,0.0008387709967792034,0.0056598614901304245,0.0004065736720804125,0.22206589579582214,0.24928730726242065,0.012002536095678806,0.4874137043952942,1.5216983556747437,8.0,0.06808142364025116,0.07350832223892212,0.8723874688148499,8.139835472320556e-07,0.0005660341703332961,0.03966101258993149,0.0014380466584778093,0.0029723807238042355,0.002988639986142516,0.0003432483645156026,0.05417729169130325
60,model.layers.21.linear_attn.out_proj.weight,1024,2048,0.00048828125,0.0003992982383351773,2.352407932281494,-0.00024030529311858118,0.46996888518333435,0.00022753039957024157,0.12505696713924408,0.38492539525032043,0.008530698716640472,0.5650675892829895,1.4744271039962769,0.0004993763286620378,4.10372257232666,0.0008666469366289675,0.0031904324423521757,0.00021092222596053034,0.21238777041435242,0.2755081057548523,0.008376375772058964,0.5401861667633057,1.473687767982483,,,,,,,,,,,,
80,model.layers.7.self_attn.q_proj.weight,4096,1024,0.000244140625,0.00017897688667289913,1.7818609476089478,0.0003224195970688015,0.6115244030952454,0.0006327266455627978,0.17561618983745575,0.26851415634155273,0.005296004470437765,0.5499147772789001,1.5396679639816284,0.00023122559650801122,8.62122631072998,0.0023580684792250395,0.00461974274367094,0.0006967482040636241,0.26548272371292114,0.20409536361694336,0.010994737036526203,0.5001717209815979,1.5166441202163696,8.0,0.0731528252363205,0.07621710002422333,0.8394432663917542,2.691634108487051e-05,0.0007068600389175117,0.39429277181625366,0.03807874204643157,-0.0009313994087278843,0.0004955471376888454,-0.011228015646338463,0.032020606100559235
80,model.layers.7.self_attn.k_proj.weight,512,1024,0.0009765625,0.0012965705245733261,2.041180372238159,-6.930637482582824e-06,0.4548187851905823,0.0006815159576945007,0.2529124617576599,0.19644877314567566,0.02517109178006649,0.5658565163612366,1.3217662572860718,0.001243223319761455,8.757472038269043,-0.00041171000339090824,0.0016560216899961233,0.00029125323635526,0.2964145839214325,0.17788921296596527,0.01654026471078396,0.4877793490886688,1.3319343328475952,,,,,,,,,,,,
80,model.layers.7.self_attn.v_proj.weight,512,1024,0.0009765625,0.0008056771475821733,1.809151291847229,-0.0002260512119391933,0.6671695709228516,0.0002947125758510083,0.14789293706417084,0.24392817914485931,0.004006009083241224,0.7322964072227478,1.4514830112457275,0.0011159456335008144,5.36685037612915,0.001877706847153604,0.001636823988519609,0.0003912275133188814,0.18703731894493103,0.2174055278301239,0.006825667805969715,0.687305748462677,1.4346357583999634,,,,,,,,,,,,
80,model.layers.7.self_attn.o_proj.weight,1024,2048,0.00048828125,0.0002632542746141553,2.1698620319366455,-7.710064528509974e-05,1.039298176765442,3.961434413213283e-05,0.1344238817691803,0.38244393467903137,0.01434426661580801,0.5650259256362915,1.4471608400344849,0.00032918964279815555,4.879502296447754,0.001729497336782515,0.003186610760167241,7.220851694000885e-05,0.19909502565860748,0.28146421909332275,0.019321760162711143,0.456284761428833,1.3967217206954956,,,,,,,,,,,,
80,model.layers.15.self_attn.q_proj.weight,4096,1024,0.000244140625,0.00013302944716997445,3.1762330532073975,2.5012381229316816e-05,0.6379123330116272,0.000327103742165491,0.22829116880893707,0.21591514348983765,0.004383140243589878,0.43824002146720886,1.543054461479187,0.0002670205431059003,8.70269775390625,0.002111483830958605,0.004576398059725761,0.0010918956249952316,0.24679632484912872,0.22196896374225616,0.01875378005206585,0.45628559589385986,1.4958945512771606,8.0,0.07684331387281418,0.07754888385534286,0.8950662016868591,2.9629625259985914e-06,0.0045032380148768425,0.4223778247833252,0.0006579626740159379,0.0053140511736273766,0.0015027780318632722,-0.00036971052759326994,0.045273326337337494
80,model.layers.15.self_attn.k_proj.weight,512,1024,0.0009765625,0.0009723676485009491,3.6399762630462646,-3.963425115216523e-06,0.628025472164154,0.0002857154468074441,0.22442705929279327,0.2615797221660614,0.00434461422264576,0.5825390815734863,1.4445786476135254,0.0009291808237321675,10.249494552612305,0.0015585164073854685,0.0016351101221516728,9.643039084039629e-05,0.2789762616157532,0.21706795692443848,0.007791520096361637,0.48005303740501404,1.429668664932251,,,,,,,,,,,,
80,model.layers.15.self_attn.v_proj.weight,512,1024,0.0009765625,0.0009496341808699071,1.9169915914535522,0.0017624852480366826,0.5366324186325073,0.00010250447667203844,0.25271251797676086,0.21752789616584778,0.002942025661468506,0.5798647403717041,1.4629746675491333,0.0010483869118615985,5.663727283477783,0.0003451001539360732,0.0016101767541840672,0.0003228060668334365,0.2262887805700302,0.23513257503509521,0.006926856469362974,0.5907021164894104,1.4333797693252563,,,,,,,,,,,,
80,model.layers.15.self_attn.o_proj.weight,1024,2048,0.00048828125,0.0004966304986737669,1.9628136157989502,0.0006335717625916004,0.8884570598602295,6.57274795230478e-05,0.11250737309455872,0.41682538390159607,0.022408824414014816,0.554222583770752,1.4353033304214478,0.00043487679795362055,5.9544878005981445,4.050494680996053e-06,0.003205637214705348,0.0001237229589605704,0.20852206647396088,0.27995359897613525,0.021151192486286163,0.5023727416992188,1.3992607593536377,,,,,,,,,,,,
80,model.layers.19.self_attn.q_proj.weight,4096,1024,0.000244140625,0.00019077096658293158,2.6429696083068848,-0.00011805478425230831,0.3793301284313202,0.00030645556398667395,0.2219339907169342,0.20343637466430664,0.006145067047327757,0.3709673285484314,1.531764030456543,0.0002607163623906672,7.496581554412842,0.0023185741156339645,0.004582550842314959,0.0011226419592276216,0.24061769247055054,0.2313096970319748,0.022779518738389015,0.4620678424835205,1.4830925464630127,8.0,0.07259432226419449,0.07317158579826355,0.8841932415962219,4.364077085483586e-06,0.005843663588166237,0.18694651126861572,0.0007468049828058377,0.004675461910665035,0.0029053103644400835,0.013131066225469112,0.09238816797733307
80,model.layers.19.self_attn.k_proj.weight,512,1024,0.0009765625,0.0009908309439197183,2.1188886165618896,-4.5850983951822855e-06,0.44835519790649414,0.0005031675100326538,0.2490788847208023,0.20794516801834106,0.008226937614381313,0.5887261629104614,1.3594080209732056,0.0011055300710722804,7.890499114990234,0.0013489893171936274,0.0016225141007453203,0.0003380131092853844,0.28129035234451294,0.1999809443950653,0.019093582406640053,0.46722111105918884,1.3283332586288452,,,,,,,,,,,,
80,model.layers.19.self_attn.v_proj.weight,512,1024,0.0009765625,0.0007394255953840911,1.6754603385925293,0.002294015372171998,0.32776880264282227,0.00046975561417639256,0.20637039840221405,0.19842849671840668,0.0041556330397725105,0.595025897026062,1.4410943984985352,0.0012203905498608947,4.792174816131592,-0.0032646055333316326,0.0016441353363916278,0.0010579876834526658,0.22853876650333405,0.2528378665447235,0.00982130877673626,0.5793346762657166,1.4156910181045532,,,,,,,,,,,,
80,model.layers.19.self_attn.o_proj.weight,1024,2048,0.00048828125,0.00043696557986550033,1.62136971950531,0.0007277908734977245,0.6148344874382019,0.00018515557167120278,0.09329061210155487,0.447934091091156,0.011050067842006683,0.6193699836730957,1.4522459506988525,0.00041660203714855015,6.841323375701904,-0.0008459792588837445,0.003295748494565487,0.00014727255620528013,0.1912992149591446,0.2989351153373718,0.01282833144068718,0.5779183506965637,1.4408124685287476,,,,,,,,,,,,
80,model.layers.1.mlp.gate_proj.weight,3584,1024,0.00027901785714285713,0.0002960779529530555,3.035876512527466,0.001216922770254314,0.32887694239616394,0.0005135075189173222,0.17390689253807068,0.3089766800403595,0.009580910205841064,0.5310022830963135,1.5134330987930298,0.0003009373613167554,18.593320846557617,0.0001719311549095437,0.0042910221964120865,0.00024175549333449453,0.2544574439525604,0.23016099631786346,0.010210385546088219,0.49704691767692566,1.5058563947677612,,,,,,,,,,,,
80,model.layers.1.mlp.up_proj.weight,3584,1024,0.00027901785714285713,0.00034853132092393935,2.6465957164764404,0.0009562742197886109,0.5825133919715881,8.62775559653528e-05,0.1505395621061325,0.35799428820610046,0.00812850333750248,0.5313327312469482,1.5110582113265991,0.00027096018311567605,15.4486722946167,0.0015789889730513096,0.004293684381991625,0.00014465823187492788,0.2469499111175537,0.2406538724899292,0.010227731429040432,0.5040537714958191,1.5062799453735352,,,,,,,,,,,,
80,model.layers.1.mlp.down_proj.weight,1024,3584,0.00027901785714285713,0.00031256952206604183,5.47902250289917,0.0008825833210721612,0.627855122089386,0.00035306246718391776,0.14946694672107697,0.34256231784820557,0.010080922394990921,0.6400770545005798,1.4581282138824463,0.0003239386132918298,23.387035369873047,0.0011555433738976717,0.004279849119484425,0.000639139034319669,0.2271430492401123,0.2569730579853058,0.01691625267267227,0.5097442865371704,1.4054421186447144,8.0,0.0767817571759224,0.0722171738743782,0.8946648240089417,1.2127215995860752e-06,0.0032747883815318346,0.8018643260002136,0.00037032060038603325,0.004368509631603956,0.0004577592189889401,0.004653768613934517,0.05898725613951683
80,model.layers.12.mlp.gate_proj.weight,3584,1024,0.00027901785714285713,0.00019227471784688532,3.2969532012939453,6.504081102320924e-05,0.4793364405632019,0.0014184515457600355,0.1862311214208603,0.2452830821275711,0.008215542882680893,0.5564227104187012,1.5248616933822632,0.00027822688571177423,7.884995937347412,0.0010333160171285272,0.004309702664613724,0.00024359245435334742,0.25333869457244873,0.21858298778533936,0.009475327096879482,0.4967132806777954,1.513650894165039,,,,,,,,,,,,
80,model.layers.12.mlp.up_proj.weight,3584,1024,0.00027901785714285713,0.0003176367608830333,3.081753730773926,0.00031431144452653825,0.7848082780838013,0.00043321080738678575,0.20635204017162323,0.2669741213321686,0.008371800184249878,0.5043464303016663,1.5106549263000488,0.00029491353780031204,7.891969680786133,0.0009599872282706201,0.004254695028066635,0.00034076045267283916,0.25508734583854675,0.22338621318340302,0.00957019254565239,0.49319005012512207,1.5034550428390503,,,,,,,,,,,,
80,model.layers.12.mlp.down_proj.weight,1024,3584,0.00027901785714285713,0.0002849978336598724,6.015537261962891,0.0003146415401715785,0.8163392543792725,0.00016629694437142462,0.193895161151886,0.3022450804710388,0.01746579259634018,0.5516981482505798,1.4036297798156738,0.00029019583598710597,10.235372543334961,0.0008241083705797791,0.004262910224497318,0.00021730027219746262,0.22885477542877197,0.25771820545196533,0.02003975212574005,0.5039396286010742,1.3825989961624146,8.0,0.07518769800662994,0.07607190310955048,0.9108921885490417,2.8757429390680045e-05,0.00850776955485344,1.2196334600448608,0.0033801373209826485,0.003939128015190363,0.00109609286300838,-0.005461874417960644,0.026993626728653908
80,model.layers.22.mlp.gate_proj.weight,3584,1024,0.00027901785714285713,0.00020004439284093678,2.7045934200286865,0.00027620329638011754,0.25777772068977356,0.0009113324340432882,0.16392815113067627,0.27276039123535156,0.006866210140287876,0.5793918967247009,1.523566722869873,0.00029596639797091484,6.42921781539917,0.002447356702759862,0.004132522735744715,0.0005543747683987021,0.22516806423664093,0.23715688288211823,0.009336390532553196,0.4985724091529846,1.5093271732330322,,,,,,,,,,,,
80,model.layers.22.mlp.up_proj.weight,3584,1024,0.00027901785714285713,0.0002971220528706908,2.8070414066314697,0.00023059212253428996,0.5398021936416626,0.00080107367830351,0.16556695103645325,0.30924665927886963,0.012979052029550076,0.5826823711395264,1.5068317651748657,0.0002966426545754075,5.74229621887207,-0.00025093788281083107,0.004165997263044119,0.0014129183255136013,0.2139538824558258,0.2528361678123474,0.018618160858750343,0.5025436878204346,1.4930349588394165,,,,,,,,,,,,
80,model.layers.22.mlp.down_proj.weight,1024,3584,0.00027901785714285713,0.00046492504770867527,1.9945542812347412,0.00024271516303997487,0.5588611960411072,0.0003488273941911757,0.09168829768896103,0.42973557114601135,0.011163607239723206,0.5777162909507751,1.4661797285079956,0.0002991276269312948,5.533305644989014,0.0005493632634170353,0.004163412842899561,0.0002026675210800022,0.2083791196346283,0.27416935563087463,0.008415298536419868,0.5412489175796509,1.4618539810180664,8.0,0.06599630415439606,0.06773883104324341,0.8457308411598206,5.0146445573773235e-06,0.005441730841994286,0.8780208826065063,0.0009215164628648845,-6.83378239045851e-05,0.0014939168468117714,-0.008598568849265575,0.14197833836078644
80,model.layers.1.linear_attn.in_proj_qkv.weight,6144,1024,0.00016276041666666666,0.0001413816207787022,2.4449622631073,-0.00029299501329660416,0.2968268096446991,0.0011538880644366145,0.17359887063503265,0.2747115194797516,0.010040096007287502,0.5136494636535645,1.532982349395752,0.00015063383034430444,15.250350952148438,0.0017336320597678423,0.00554657680913806,0.00035579403629526496,0.25074899196624756,0.2229052186012268,0.01096926536411047,0.49677354097366333,1.523212194442749,8.0,0.0746864452958107,0.07354005426168442,0.8991167545318604,-1.5869425624259748e-05,7.82151983003132e-05,0.07779467850923538,-0.20289439864779069,0.002874762285500765,5.977886758046225e-05,-0.00200405390933156,0.039458561688661575
80,model.layers.1.linear_attn.out_proj.weight,1024,2048,0.00048828125,0.0008977900142781436,1.3240553140640259,-0.0005662115290760994,0.7808964252471924,0.0005179615109227598,0.09100213646888733,0.4330609142780304,0.012008762918412685,0.6118308901786804,1.4507180452346802,0.0004928586422465742,12.320396423339844,0.002110131084918976,0.0032085557468235493,0.0005751336575485766,0.2321842610836029,0.2461639940738678,0.018608713522553444,0.5124326944351196,1.393532633781433,,,,,,,,,,,,
80,model.layers.12.linear_attn.in_proj_qkv.weight,6144,1024,0.00016276041666666666,7.351040403591469e-05,2.8684182167053223,-0.00016593490727245808,0.46732792258262634,0.000834283942822367,0.15989187359809875,0.2665129005908966,0.005556172225624323,0.5725533962249756,1.5493580102920532,0.0001302854943787679,9.18858814239502,0.0006968163070268929,0.00550610339269042,0.000547878269571811,0.2527617812156677,0.2169441431760788,0.00930051039904356,0.5047726631164551,1.5320638418197632,8.0,0.07730524986982346,0.07764014601707458,0.885543167591095,1.6572984122831258e-06,0.0023252558894455433,0.1289605051279068,0.000712738077475984,0.0020794454030692577,0.003126113908365369,0.0029047541320323944,0.06549963355064392
80,model.layers.12.linear_attn.out_proj.weight,1024,2048,0.00048828125,0.0003214715688955039,2.9733524322509766,0.00013602666149381548,0.6623454093933105,8.16307365312241e-05,0.15872687101364136,0.3549872934818268,0.01776789501309395,0.5819413661956787,1.4255647659301758,0.00046811270294710994,6.2112932205200195,0.0021943773608654737,0.00316773378290236,0.0001111393139581196,0.22610031068325043,0.26426148414611816,0.016904311254620552,0.5174261331558228,1.4037002325057983,,,,,,,,,,,,
80,model.layers.21.linear_attn.in_proj_qkv.weight,6144,1024,0.00016276041666666666,0.00010126346023753285,2.860367774963379,0.00016862957272678614,0.16251938045024872,0.0006433023954741657,0.17447873950004578,0.26255476474761963,0.007229153532534838,0.543005645275116,1.5400288105010986,0.00014703982742503285,7.2587361335754395,0.002166382037103176,0.005538254510611296,0.0007041820208542049,0.22022879123687744,0.24755823612213135,0.012786895036697388,0.491255521774292,1.5188864469528198,8.0,0.07307560741901398,0.07341049611568451,0.8909808397293091,1.7685775333120546e-07,0.00015386396262329072,0.019173115491867065,0.0011494423405967456,0.0002677941520232707,0.0013741892762482166,-0.00934886746108532,0.04998430609703064
80,model.layers.21.linear_attn.out_proj.weight,1024,2048,0.00048828125,0.00034019353915937245,2.568023681640625,0.0005156255210749805,0.3221525251865387,0.00012018684356007725,0.12695449590682983,0.37916335463523865,0.005647390615195036,0.5583980083465576,1.4831643104553223,0.0004541709495242685,4.199461460113525,-0.0006102433544583619,0.0031044292263686657,0.00016358759603463113,0.20644715428352356,0.28168126940727234,0.008660279214382172,0.5462244749069214,1.4751546382904053,,,,,,,,,,,,
100,model.layers.7.self_attn.q_proj.weight,4096,1024,0.000244140625,0.0001327876962022856,2.260486364364624,-0.0007283631712198257,0.5899949669837952,0.00036011284100823104,0.1784254014492035,0.2698677182197571,0.0047509679570794106,0.5461233854293823,1.5381927490234375,0.00022169512521941215,8.742947578430176,0.0030179941095411777,0.00441568112000823,0.0006246124976314604,0.26574644446372986,0.20316675305366516,0.010142297483980656,0.497498482465744,1.5160855054855347,8.0,0.06664809584617615,0.06848667562007904,0.8900232315063477,-2.976347332150908e-06,-0.0005418568616732955,0.3753553330898285,,0.0023726094514131546,0.00010880539048230276,0.01201537624001503,0.0630931481719017
100,model.layers.7.self_attn.k_proj.weight,512,1024,0.0009765625,0.0010348159121349454,3.5647482872009277,2.4958651465567527e-06,0.42353472113609314,0.0008988881018012762,0.17949944734573364,0.22486715018749237,0.025510823354125023,0.6795496344566345,1.3223124742507935,0.0012418010737746954,9.273720741271973,0.0028454449493438005,0.0015671885339543223,0.0005440940149128437,0.2860243320465088,0.18257835507392883,0.017589537426829338,0.5086247324943542,1.3562599420547485,,,,,,,,,,,,
100,model.layers.7.self_attn.v_proj.weight,512,1024,0.0009765625,0.0009680780931375921,1.9267069101333618,0.001413385383784771,0.7725890278816223,0.0006566558731719851,0.15509557723999023,0.23295801877975464,0.004765262361615896,0.715836763381958,1.4635686874389648,0.001046858262270689,5.4500555992126465,0.0013756697298958898,0.0015563679626211524,0.0003482321626506746,0.1946277618408203,0.21579590439796448,0.006953125819563866,0.6729841232299805,1.4129102230072021,,,,,,,,,,,,
100,model.layers.7.self_attn.o_proj.weight,1024,2048,0.00048828125,0.0002619576407596469,2.123843193054199,0.0004787016659975052,1.2026289701461792,5.837102798977867e-05,0.1338198184967041,0.3828677833080292,0.013167099095880985,0.5646545886993408,1.4357035160064697,0.00032014233875088394,5.446290493011475,0.00116137252189219,0.003107007360085845,0.00014485673455055803,0.19415231049060822,0.2835964560508728,0.021761024370789528,0.45936712622642517,1.3847694396972656,,,,,,,,,,,,
100,model.layers.15.self_attn.q_proj.weight,4096,1024,0.000244140625,0.00015505976625718176,3.727479934692383,-0.00021440141426865011,0.654327392578125,0.0006146385567262769,0.21405713260173798,0.23185673356056213,0.005622712429612875,0.44141098856925964,1.5415781736373901,0.00026845140382647514,9.030192375183105,0.002909937407821417,0.004459925461560488,0.0005302773788571358,0.24497492611408234,0.22579120099544525,0.014261316508054733,0.46199551224708557,1.505622386932373,8.0,0.06641243398189545,0.07027145475149155,0.8999525308609009,-9.369398412673036e-07,0.0037660221569240093,0.5329836010932922,-0.00024878766035528905,-0.0009550838731229305,0.0008499188115820289,0.004294679034501314,0.04361426457762718
100,model.layers.15.self_attn.k_proj.weight,512,1024,0.0009765625,0.0009819186525419354,4.445310115814209,-6.608654985029716e-06,0.6072146892547607,8.753613656153902e-05,0.22899280488491058,0.2679864466190338,0.0033232695423066616,0.5754566788673401,1.473258376121521,0.0010282653383910656,8.341412544250488,0.0019065124215558171,0.0015369554748758674,0.00011757524771383032,0.2759612202644348,0.2199617475271225,0.007518877275288105,0.4858621060848236,1.4399778842926025,,,,,,,,,,,,
100,model.layers.15.self_attn.v_proj.weight,512,1024,0.0009765625,0.0010289587080478668,2.287092924118042,0.0016272368375211954,0.5274401307106018,0.00012724306725431234,0.21575461328029633,0.22430020570755005,0.007125179283320904,0.6050329208374023,1.4428287744522095,0.0011782116489484906,5.937626361846924,-0.0005424389382824302,0.0015921362210065126,0.00036511404323391616,0.2243732213973999,0.23328235745429993,0.006592902820557356,0.5923996567726135,1.4271903038024902,,,,,,,,,,,,
100,model.layers.15.self_attn.o_proj.weight,1024,2048,0.00048828125,0.0004497620102483779,1.8651047945022583,0.0005083751166239381,1.0122708082199097,4.6575136366300285e-05,0.09606196731328964,0.4229899048805237,0.013757599517703056,0.5486069321632385,1.435613989830017,0.00039814121555536985,6.748542308807373,0.0006242055678740144,0.0032166054006665945,7.135407213354483e-05,0.207088902592659,0.2843642830848694,0.01736302487552166,0.5039134621620178,1.4044808149337769,,,,,,,,,,,,
100,model.layers.19.self_attn.q_proj.weight,4096,1024,0.000244140625,0.00018838078540284187,2.937410831451416,-0.0007591943722218275,0.41497355699539185,0.0006968067027628422,0.21810594201087952,0.2332974374294281,0.01033482700586319,0.4276256561279297,1.5216842889785767,0.0002640345483087003,6.943674564361572,0.00021716032642871141,0.0046804421581327915,0.0008915715734474361,0.23891477286815643,0.23170757293701172,0.020615868270397186,0.45839476585388184,1.4934234619140625,8.0,0.07141146063804626,0.06930441409349442,0.8894647359848022,2.8929614472872345e-06,0.0017719105817377567,0.24456043541431427,0.0016326791414327665,0.0019722532015293837,0.0004791610117536038,-0.020735951140522957,0.0404718741774559
100,model.layers.19.self_attn.k_proj.weight,512,1024,0.0009765625,0.0013808615040034056,3.3386287689208984,7.084976004989585e-06,0.41696953773498535,0.0012385284062474966,0.2555028796195984,0.2120734453201294,0.013317422941327095,0.5577678084373474,1.3481677770614624,0.0010887247044593096,6.867640495300293,0.002120616612955928,0.0016513693844899535,0.0011952597415074706,0.2843014895915985,0.2000403106212616,0.02213056944310665,0.4568069577217102,1.3071016073226929,,,,,,,,,,,,
100,model.layers.19.self_attn.v_proj.weight,512,1024,0.0009765625,0.000702445104252547,1.780207633972168,-0.001206500455737114,0.3544732332229614,0.0006500146701000631,0.198296919465065,0.20163579285144806,0.006532047875225544,0.6131842136383057,1.416251540184021,0.001194250537082553,5.283858776092529,0.0050402418710291386,0.0016676915111020207,0.0008159091812558472,0.22672931849956512,0.25145140290260315,0.009926620870828629,0.5840712189674377,1.4122474193572998,,,,,,,,,,,,
100,model.layers.19.self_attn.o_proj.weight,1024,2048,0.00048828125,0.0005519335973076522,1.601934790611267,-0.00034584643435664475,0.73037189245224,8.226600039051846e-05,0.08580316603183746,0.481361985206604,0.007260964717715979,0.6305243968963623,1.4654377698898315,0.0004070623544976115,6.693126201629639,0.0025675264187157154,0.0033919087145477533,0.00020315218716859818,0.19468504190444946,0.29725754261016846,0.013815292157232761,0.5707575082778931,1.4368857145309448,,,,,,,,,,,,
100,model.layers.1.mlp.gate_proj.weight,3584,1024,0.00027901785714285713,0.0002521496789995581,2.8497583866119385,-9.715136002341751e-06,0.4063554108142853,0.0003541055484674871,0.16266928613185883,0.3241584002971649,0.007277265656739473,0.5345976948738098,1.5195904970169067,0.000273368030320853,18.146263122558594,9.685131954029202e-05,0.004239085130393505,0.0001781277678674087,0.25096994638442993,0.23293130099773407,0.009657897055149078,0.5036470890045166,1.510952115058899,,,,,,,,,,,,
100,model.layers.1.mlp.up_proj.weight,3584,1024,0.00027901785714285713,0.00036367765278555453,2.463867425918579,0.00034511633566580713,0.7180111408233643,7.750948861939833e-05,0.14259454607963562,0.35931310057640076,0.007808627560734749,0.5186690092086792,1.5113998651504517,0.00029568615718744695,13.004136085510254,0.001330984989181161,0.004233159590512514,0.00016453390708193183,0.24772097170352936,0.24019691348075867,0.010667962022125721,0.5020900368690491,1.5054513216018677,,,,,,,,,,,,
100,model.layers.1.mlp.down_proj.weight,1024,3584,0.00027901785714285713,0.0003324444987811148,4.9158477783203125,0.00034761091228574514,0.7051552534103394,0.0006717441719956696,0.16693899035453796,0.314174085855484,0.01333562284708023,0.5939112305641174,1.4320255517959595,0.0003084449272137135,21.232397079467773,0.0012357537634670734,0.004200127441436052,0.0006479400326497853,0.22910076379776,0.2532653510570526,0.015922637656331062,0.5041373372077942,1.409541368484497,8.0,0.06554099917411804,0.06780829280614853,0.9032943248748779,3.1623483664589e-05,0.002197784837335348,1.052024245262146,0.014388798724687783,0.00046723938430659473,0.00022499868646264076,0.008243763819336891,0.05052215978503227
100,model.layers.12.mlp.gate_proj.weight,3584,1024,0.00027901785714285713,0.00019128038547933102,3.0421688556671143,0.00014740671031177044,0.5721983909606934,0.0011051163310185075,0.17252865433692932,0.2565862238407135,0.006858204957097769,0.5782544612884521,1.5292631387710571,0.0002835042541846633,8.570213317871094,0.0001839117903728038,0.0042296648025512695,0.00044920408981852233,0.25102606415748596,0.21972493827342987,0.010840587317943573,0.49837568402290344,1.5092763900756836,,,,,,,,,,,,
100,model.layers.12.mlp.up_proj.weight,3584,1024,0.00027901785714285713,0.00024690289865247905,2.9136860370635986,0.0005230684182606637,0.9693040251731873,0.00037734542274847627,0.20169618725776672,0.27468010783195496,0.00804717093706131,0.5190340280532837,1.5164071321487427,0.0003209694114048034,7.969303607940674,-0.00038230844074860215,0.004223133437335491,0.0005046859732829034,0.2503557503223419,0.22635740041732788,0.010654480196535587,0.49991533160209656,1.5142885446548462,,,,,,,,,,,,
100,model.layers.12.mlp.down_proj.weight,1024,3584,0.00027901785714285713,0.0002567257615737617,6.42079496383667,0.0005423444090411067,0.9695204496383667,0.00020473905897233635,0.20000244677066803,0.29037341475486755,0.020284544676542282,0.5263060331344604,1.4069976806640625,0.0002617888094391674,10.313356399536133,-0.00011849770089611411,0.004213395062834024,0.00015395274385809898,0.22826841473579407,0.26031407713890076,0.01888418011367321,0.5030081868171692,1.3825703859329224,8.0,0.0690414234995842,0.06852293759584427,0.9198341369628906,-2.0154586309217848e-05,0.006435228046029806,1.8718798160552979,-0.00313191485446303,-0.0014858572976663709,0.00034649946610443294,0.013632340356707573,0.03515305742621422
100,model.layers.22.mlp.gate_proj.weight,3584,1024,0.00027901785714285713,0.00024165480863302946,2.8362512588500977,0.00170041061937809,0.3156043291091919,0.0006969264941290021,0.18216930329799652,0.2500409185886383,0.007269599940627813,0.5429688096046448,1.5223572254180908,0.0002976383257191628,6.342350006103516,0.0016420972533524036,0.004406865686178207,0.000582123058848083,0.22424253821372986,0.23832900822162628,0.010422051884233952,0.5028757452964783,1.5085653066635132,,,,,,,,,,,,
100,model.layers.22.mlp.up_proj.weight,3584,1024,0.00027901785714285713,0.0002286957751493901,3.1144092082977295,0.00132813083473593,0.7181923985481262,0.0015940844314172864,0.17948351800441742,0.2821144759654999,0.01752316765487194,0.5668991208076477,1.5053449869155884,0.0002985851024277508,5.717714309692383,0.0013259529368951917,0.004453395027667284,0.0007986951968632638,0.22200995683670044,0.24865159392356873,0.016249321401119232,0.4953433871269226,1.4882405996322632,,,,,,,,,,,,
100,model.layers.22.mlp.down_proj.weight,1024,3584,0.00027901785714285713,0.0004586027644108981,2.191415309906006,0.0014419470680877566,0.7225193977355957,0.00015594270371366292,0.10295964777469635,0.4005892276763916,0.005369632039219141,0.553215503692627,1.4738006591796875,0.0003127937379758805,5.825042724609375,0.00025921230553649366,0.004443831276148558,0.00045597751159220934,0.21264947950839996,0.26800528168678284,0.011398292146623135,0.5339967012405396,1.4573471546173096,8.0,0.07428320497274399,0.06873822957277298,0.8618471622467041,4.44366924057249e-05,0.006760903634130955,1.382542371749878,0.0065725966247168355,0.002391014015302062,0.0001456669851904735,0.004586795810610056,0.12363070994615555
100,model.layers.1.linear_attn.in_proj_qkv.weight,6144,1024,0.00016276041666666666,9.138386667473242e-05,2.6398239135742188,-8.13459264463745e-05,0.33101528882980347,0.00034843047615140676,0.1766180843114853,0.2820376753807068,0.005556746851652861,0.5250482559204102,1.5384413003921509,0.0001496558397775516,16.38552474975586,0.0012389358598738909,0.005394006613641977,0.0004344171320553869,0.24972447752952576,0.22608676552772522,0.010961312800645828,0.5035768151283264,1.5213359594345093,8.0,0.06751441210508347,0.06790804862976074,0.8994835615158081,-4.142800378303946e-07,0.000206535158213228,0.11132381856441498,-0.002005857217794801,-0.00032315918360836804,0.00020845929975621402,0.0028733538929373026,0.051424406468868256
100,model.layers.1.linear_attn.out_proj.weight,1024,2048,0.00048828125,0.000572037766687572,1.3001890182495117,-0.00029256384004838765,0.917303204536438,0.001193756004795432,0.08424351364374161,0.44055861234664917,0.022080961614847183,0.6029322147369385,1.4480117559432983,0.0005263271741569042,12.682353973388672,0.0021092272363603115,0.003127897623926401,0.0004180082760285586,0.2348421812057495,0.2439773827791214,0.015371868386864662,0.513529896736145,1.4159711599349976,,,,,,,,,,,,
100,model.layers.12.linear_attn.in_proj_qkv.weight,6144,1024,0.00016276041666666666,8.043781417654827e-05,3.2836921215057373,0.00013331339869182557,0.5447994470596313,0.0004925164394080639,0.16884824633598328,0.263134241104126,0.004087158478796482,0.562274694442749,1.5519707202911377,0.00011319736222503707,10.013581275939941,0.0006114013958722353,0.005406823940575123,0.0004121214442420751,0.25026363134384155,0.2193625122308731,0.008607594296336174,0.507470965385437,1.533478021621704,8.0,0.06723005324602127,0.06738749891519547,0.8912901878356934,2.1638061298290268e-06,0.0007192636840045452,0.19755324721336365,0.0030083628270815813,-0.00268687610514462,0.000216973596252501,0.0009768474847078323,0.06305442750453949
100,model.layers.12.linear_attn.out_proj.weight,1024,2048,0.00048828125,0.00029149194597266614,3.046513795852661,0.0005433544283732772,0.7837664484977722,7.006097439443693e-05,0.1695355474948883,0.33235830068588257,0.016412150114774704,0.5384518504142761,1.4261126518249512,0.0004840478941332549,6.311837673187256,0.002494672778993845,0.003185041481629014,0.00010952223237836733,0.2223888784646988,0.2661232650279999,0.018707288429141045,0.521518349647522,1.3912490606307983,,,,,,,,,,,,
100,model.layers.21.linear_attn.in_proj_qkv.weight,6144,1024,0.00016276041666666666,0.00010731111979112029,2.751991033554077,-3.271533933002502e-05,0.1876773089170456,0.0008756684837862849,0.17616426944732666,0.2654817998409271,0.006727713625878096,0.5581093430519104,1.5424748659133911,0.00013589707668870687,8.28311824798584,0.0018250406719744205,0.005690229125320911,0.000725899008102715,0.22036530077457428,0.2502383291721344,0.012421284802258015,0.49154502153396606,1.5248656272888184,8.0,0.0720347911119461,0.07274962216615677,0.8948526978492737,5.654150072587072e-07,0.0001932764716912061,0.02708122879266739,0.002925420783560553,0.003221402643248439,0.0005876200739294291,0.0019196735229343176,0.04006149619817734
100,model.layers.21.linear_attn.out_proj.weight,1024,2048,0.00048828125,0.00039349086000584066,2.611548662185669,0.00020823122758883983,0.4120277464389801,0.0002468037127982825,0.12421617656946182,0.3895665109157562,0.007525826338678598,0.5731862187385559,1.4736508131027222,0.0005563593585975468,4.268244743347168,0.0016106755938380957,0.0032746794167906046,0.00015070514928083867,0.2049051970243454,0.28092801570892334,0.008479328826069832,0.5472367405891418,1.4675178527832031,,,,,,,,,,,,
120,model.layers.7.self_attn.q_proj.weight,4096,1024,0.000244140625,0.00016661018889863044,2.198875904083252,-0.0006365872686728835,0.5596559643745422,0.0010035160230472684,0.1863119900226593,0.259030818939209,0.008638896048069,0.5255327820777893,1.5384587049484253,0.0002191242529079318,8.440960884094238,0.0014367012772709131,0.0045542544685304165,0.0006760145770385861,0.2645353376865387,0.20265650749206543,0.010897674597799778,0.5008602142333984,1.513661503791809,8.0,0.07578657567501068,0.07457564771175385,0.8446285128593445,1.2805270671378821e-05,-0.0025923438370227814,0.3270292282104492,,-0.0024976199492812157,-0.0009157885797321796,0.01470194011926651,0.07004483789205551
120,model.layers.7.self_attn.k_proj.weight,512,1024,0.0009765625,0.001481170766055584,4.367508888244629,5.5102545957197435e-06,0.42779603600502014,0.0028362812008708715,0.1720087081193924,0.2565752863883972,0.031046416610479355,0.6622716188430786,1.325257658958435,0.0011932454071938992,12.084623336791992,-0.0029835987370461226,0.0015709800645709038,0.0005933733191341162,0.2804490029811859,0.18786795437335968,0.013638514094054699,0.5140015482902527,1.367893934249878,,,,,,,,,,,,
120,model.layers.7.self_attn.v_proj.weight,512,1024,0.0009765625,0.0008643008186481893,1.9359828233718872,0.001202329178340733,0.7402410507202148,0.0002653875562828034,0.15082992613315582,0.2449961155653,0.003951805643737316,0.7246307134628296,1.4441986083984375,0.001079152338206768,5.921372413635254,0.0007269663037732244,0.001589424442499876,0.0002574352838564664,0.19099214673042297,0.2201196402311325,0.007609481457620859,0.680425226688385,1.4109123945236206,,,,,,,,,,,,
120,model.layers.7.self_attn.o_proj.weight,1024,2048,0.00048828125,0.00026043684920296073,2.173985481262207,0.0004072482115589082,1.1927516460418701,5.974967643851414e-05,0.12869460880756378,0.3945118486881256,0.015909552574157715,0.5808316469192505,1.4162148237228394,0.00033444049768149853,5.002295970916748,0.002013636287301779,0.0032008171547204256,0.00014933414058759809,0.1874857246875763,0.29325395822525024,0.023263167589902878,0.4775470793247223,1.370848536491394,,,,,,,,,,,,
120,model.layers.15.self_attn.q_proj.weight,4096,1024,0.000244140625,0.0001600357936695218,3.432955026626587,0.0003089030215051025,0.6306838989257812,0.00024705324904061854,0.23274533450603485,0.21299539506435394,0.0029917156789451838,0.3990163207054138,1.5458248853683472,0.00024066616606432945,8.025701522827148,0.002565287286415696,0.004519448149949312,0.0005934523069299757,0.2487681806087494,0.22055892646312714,0.014229962602257729,0.4580541253089905,1.5045398473739624,8.0,0.07696250826120377,0.07414478063583374,0.8528912663459778,5.701421287085395e-06,0.0016469784313812852,0.5398789644241333,0.00346174617618018,0.0028572918381541967,5.112718645250425e-05,-0.003310919040814042,0.044564325362443924
120,model.layers.15.self_attn.k_proj.weight,512,1024,0.0009765625,0.000878751976415515,3.3082034587860107,-3.3507610623928485e-06,0.6250870227813721,0.0002249561221105978,0.22868934273719788,0.25639811158180237,0.004858942236751318,0.5760105848312378,1.4462966918945312,0.0010642765555530787,8.868324279785156,0.0013294338714331388,0.001577096409164369,0.00015497668937314302,0.282908171415329,0.21586263179779053,0.0075303008779883385,0.4662725627422333,1.4343762397766113,,,,,,,,,,,,
120,model.layers.15.self_attn.v_proj.weight,512,1024,0.0009765625,0.0008959874394349754,1.7614049911499023,-0.0012653511948883533,0.4758463501930237,0.00020907765429001302,0.2122640311717987,0.23595604300498962,0.004443421494215727,0.6304447054862976,1.4570319652557373,0.0012442399747669697,4.615501403808594,0.003996437881141901,0.0015916537959128618,0.0004224688746035099,0.2174816131591797,0.23814637959003448,0.006979193072766066,0.6065115928649902,1.4304007291793823,,,,,,,,,,,,
120,model.layers.15.self_attn.o_proj.weight,1024,2048,0.00048828125,0.0004693504306487739,1.7745170593261719,-0.00042019414831884205,0.8565945625305176,3.91979883715976e-05,0.08611635863780975,0.46089133620262146,0.013284050859510899,0.5896259546279907,1.433161735534668,0.00043873931281268597,5.880772113800049,0.0016408540541306138,0.0031312431674450636,9.822416177485138e-05,0.20550130307674408,0.2802526354789734,0.020734911784529686,0.5006204843521118,1.406534194946289,,,,,,,,,,,,
120,model.layers.19.self_attn.q_proj.weight,4096,1024,0.000244140625,0.00016685036825947464,2.6607625484466553,-8.363449160242453e-05,0.42390596866607666,0.00047958132927305996,0.2095051109790802,0.23312784731388092,0.009099289774894714,0.4075668156147003,1.5224411487579346,0.0002474635257385671,7.788665771484375,0.0015678241616114974,0.004534210078418255,0.0009185051312670112,0.23696459829807281,0.2314872294664383,0.01984715647995472,0.4599420726299286,1.4876879453659058,8.0,0.06789931654930115,0.07349377870559692,0.8516628742218018,-7.843297680665273e-06,-0.0006255392800085247,0.2640308737754822,,-2.196861350967083e-05,-0.00022841930331196636,-0.006484655663371086,0.0751948133111
120,model.layers.19.self_attn.k_proj.weight,512,1024,0.0009765625,0.001079887617379427,2.8125405311584473,-2.0521054011624074e-06,0.4532928168773651,0.00027224840596318245,0.2585582435131073,0.21431145071983337,0.011147737503051758,0.5606721043586731,1.3556694984436035,0.0010611317120492458,8.553060531616211,0.0023997179232537746,0.0015606962842866778,0.0010867753298953176,0.28902268409729004,0.19423270225524902,0.022665301337838173,0.45119768381118774,1.2913368940353394,,,,,,,,,,,,
120,model.layers.19.self_attn.v_proj.weight,512,1024,0.0009765625,0.000774323707446456,1.6255854368209839,0.0014910533791407943,0.3706541955471039,0.000757575617171824,0.21629329025745392,0.18280665576457977,0.004630615934729576,0.5847333669662476,1.442330241203308,0.0012528998777270317,5.458566188812256,-0.0012272718595340848,0.0015493225073441863,0.00048195093404501677,0.23144812881946564,0.24895831942558289,0.007975718006491661,0.5856469869613647,1.4258332252502441,,,,,,,,,,,,
120,model.layers.19.self_attn.o_proj.weight,1024,2048,0.00048828125,0.00048185570631176233,1.472541332244873,0.0004562469257507473,0.7199552655220032,9.992721606977284e-05,0.08495412766933441,0.49931323528289795,0.010338915511965752,0.6466335654258728,1.4709562063217163,0.0004076948971487582,7.002768039703369,-0.00030071366927586496,0.0031851071398705244,0.0002106646861648187,0.18897151947021484,0.3017027974128723,0.012280990369617939,0.5817278027534485,1.4496086835861206,,,,,,,,,,,,
120,model.layers.1.mlp.gate_proj.weight,3584,1024,0.00027901785714285713,0.0002257025334984064,2.4747369289398193,0.0005919989780522883,0.3682882487773895,0.00038869312265887856,0.15432702004909515,0.33991071581840515,0.007767972536385059,0.5558919906616211,1.5197585821151733,0.000292381300823763,16.721391677856445,0.0009230270516127348,0.004109111614525318,0.00018166477093473077,0.25568822026252747,0.22832021117210388,0.009791072458028793,0.5008419752120972,1.5131601095199585,,,,,,,,,,,,
120,model.layers.1.mlp.up_proj.weight,3584,1024,0.00027901785714285713,0.0004002880014013499,2.0066423416137695,0.0006237057386897504,0.6998741626739502,8.319992775795981e-05,0.12381798028945923,0.3759462833404541,0.007572686765342951,0.5217811465263367,1.5179455280303955,0.0003083576157223433,14.214590072631836,0.0020499122329056263,0.004141983110457659,0.00017112884961534292,0.25161013007164,0.2373141199350357,0.010147825814783573,0.5003381371498108,1.5069235563278198,,,,,,,,,,,,
120,model.layers.1.mlp.down_proj.weight,1024,3584,0.00027901785714285713,0.0003604499506764114,3.22749662399292,0.0006088101654313505,0.7081444263458252,0.00260054599493742,0.14380308985710144,0.33837828040122986,0.02054108865559101,0.6220458149909973,1.4244812726974487,0.00032515142811462283,20.118932723999023,0.0016971862642094493,0.004162715282291174,0.00026181628345511854,0.22292563319206238,0.26112109422683716,0.013928023166954517,0.5177604556083679,1.4287322759628296,8.0,0.07712707668542862,0.07845716923475266,0.8423634767532349,3.9057358662830666e-05,0.0021875551901757717,1.0026192665100098,0.017854342070195896,-0.0019288549665361643,0.00028359846328385174,0.0029152052011340857,0.06033262610435486
120,model.layers.12.mlp.gate_proj.weight,3584,1024,0.00027901785714285713,0.00020313143613748252,2.962627649307251,0.000385389372240752,0.5245147943496704,0.0014071547193452716,0.1799112856388092,0.2522677481174469,0.00901737716048956,0.5495426058769226,1.521959662437439,0.00028688108432106674,8.089911460876465,0.0002557608822826296,0.0043188887648284435,0.000613934185821563,0.25512397289276123,0.2177518904209137,0.010949001647531986,0.4963339865207672,1.5089560747146606,,,,,,,,,,,,
120,model.layers.12.mlp.up_proj.weight,3584,1024,0.00027901785714285713,0.00029150221962481737,3.0277438163757324,-0.0002032877382589504,0.8738946914672852,0.0002855446364264935,0.20197845995426178,0.27914026379585266,0.0067993090488016605,0.5157150626182556,1.5215281248092651,0.0002934271178673953,7.702693462371826,0.0009730197489261627,0.004293475300073624,0.0004376661672722548,0.25469979643821716,0.22157134115695953,0.01148791704326868,0.4977078139781952,1.5077002048492432,,,,,,,,,,,,
120,model.layers.12.mlp.down_proj.weight,1024,3584,0.00027901785714285713,0.0002563787857070565,7.252754211425781,-0.00021694951283279806,0.8570296168327332,0.00022546821855939925,0.18682843446731567,0.30876657366752625,0.01984192430973053,0.5602977871894836,1.3968769311904907,0.0002709176333155483,9.615883827209473,0.0013213856145739555,0.004257570952177048,0.00017402847879566252,0.23058094084262848,0.25446632504463196,0.01906508579850197,0.4961770474910736,1.3981610536575317,8.0,0.0727991834282875,0.07521530985832214,0.8767753839492798,1.6639700334053487e-05,0.008298445492982864,1.5065808296203613,0.002005158718958142,-0.0009270075825043023,0.0007700636051595211,-0.0065577030181884766,0.027691984549164772
120,model.layers.22.mlp.gate_proj.weight,3584,1024,0.00027901785714285713,0.0004250073106959462,2.4976837635040283,0.0008336504688486457,0.2958102822303772,0.0015106016071513295,0.16380606591701508,0.2759365141391754,0.009972957894206047,0.5821546912193298,1.5204511880874634,0.0002775838365778327,6.284610748291016,-2.437190005366574e-06,0.004155204631388187,0.0014983651926741004,0.22265033423900604,0.2391597181558609,0.01266733929514885,0.5035052299499512,1.502403736114502,,,,,,,,,,,,
120,model.layers.22.mlp.up_proj.weight,3584,1024,0.00027901785714285713,0.00026116191293112934,2.6925644874572754,0.00012258149217814207,0.6408612132072449,0.0009281888487748802,0.16624023020267487,0.30532461404800415,0.015611138194799423,0.5780310034751892,1.508787989616394,0.0003007131163030863,6.098949432373047,0.00029416612233035266,0.004185420926660299,0.0006917270366102457,0.21724018454551697,0.251450777053833,0.014577454887330532,0.5031535029411316,1.492611289024353,,,,,,,,,,,,
120,model.layers.22.mlp.down_proj.weight,1024,3584,0.00027901785714285713,0.0003542681224644184,2.0091371536254883,0.00012507331848610193,0.6647547483444214,0.000305754627333954,0.08963946998119354,0.4421652555465698,0.00842282548546791,0.5939019918441772,1.466438889503479,0.0002755866735242307,5.9896039962768555,4.582133624353446e-05,0.004215854220092297,0.00017074464994948357,0.20643974840641022,0.27812016010284424,0.009066556580364704,0.5489017367362976,1.4516398906707764,8.0,0.08230218291282654,0.07919210195541382,0.8310250043869019,-2.1115651179570705e-05,0.01698419637978077,1.1176022291183472,-0.0012432528868253267,5.182600489206379e-06,0.0027344697155058384,-0.004540651571005583,0.12685707211494446
120,model.layers.1.linear_attn.in_proj_qkv.weight,6144,1024,0.00016276041666666666,0.00018916648696176708,2.322139263153076,0.0007169283926486969,0.3372029662132263,0.0005197474383749068,0.17375126481056213,0.28081151843070984,0.007846553809940815,0.5262412428855896,1.5317610502243042,0.00017276355356443673,17.2275447845459,0.0007397228037007153,0.0054204161278903484,0.0005046016303822398,0.2491510808467865,0.22611455619335175,0.010452045127749443,0.5033503770828247,1.5251659154891968,8.0,0.08293793350458145,0.07726950198411942,0.833436131477356,8.201733180612791e-06,-0.0002372058224864304,0.11116547882556915,,-0.0007997481734491885,-0.00037378427805379033,0.002858834806829691,0.04324623942375183
120,model.layers.1.linear_attn.out_proj.weight,1024,2048,0.00048828125,0.0020951051265001297,1.3007220029830933,-1.3243151443020906e-05,0.9005861282348633,0.0007994308834895492,0.07746749371290207,0.4328571557998657,0.01581333763897419,0.6014000177383423,1.4218909740447998,0.0006117246230132878,12.446496963500977,-0.0009681140072643757,0.003149942262098193,0.0006781139527447522,0.22492240369319916,0.25548121333122253,0.016099918633699417,0.5261596441268921,1.4133142232894897,,,,,,,,,,,,
120,model.layers.12.linear_attn.in_proj_qkv.weight,6144,1024,0.00016276041666666666,6.819725967943668e-05,2.53515887260437,-6.968575326027349e-05,0.5855194926261902,0.000450060615548864,0.1695827692747116,0.25466760993003845,0.003991260193288326,0.5566433668136597,1.5504003763198853,0.00014306815864983946,7.875166416168213,0.0008719381294213235,0.00584914768114686,0.0004823414783459157,0.24885204434394836,0.21885350346565247,0.009278024546802044,0.5106534957885742,1.5304653644561768,8.0,0.07989901304244995,0.07894298434257507,0.8540239334106445,3.9411270336131565e-06,0.0027277683839201927,0.19352276623249054,0.0014448173301096752,0.0018832165515050292,0.002057545818388462,0.0036622444167733192,0.07072733342647552
120,model.layers.12.linear_attn.out_proj.weight,1024,2048,0.00048828125,0.00034693427733145654,3.179363250732422,3.287422805442475e-05,0.7489030361175537,0.00013823137851431966,0.1622699499130249,0.34268274903297424,0.020592516288161278,0.5558093786239624,1.421810269355774,0.00046745865256525576,5.944478988647461,0.001315969624556601,0.003271365538239479,0.00012262410018593073,0.2301601767539978,0.25713732838630676,0.018761858344078064,0.5094109773635864,1.4120097160339355,,,,,,,,,,,,
120,model.layers.21.linear_attn.in_proj_qkv.weight,6144,1024,0.00016276041666666666,0.0001374522253172472,2.758389472961426,0.00030774378683418036,0.16580504179000854,0.0033640065230429173,0.1775922179222107,0.2503158152103424,0.018599383533000946,0.5266017317771912,1.53439462184906,0.000160691182827577,8.105419158935547,1.6389252778026275e-05,0.005692753475159407,0.0006912564858794212,0.2212669402360916,0.2490708827972412,0.012832822278141975,0.4924699366092682,1.5205926895141602,8.0,0.08632760494947433,0.07681678235530853,0.8595917820930481,5.173103545530466e-07,0.0002502579882275313,0.023178264498710632,0.0020671082598279133,0.003399480367079377,0.001412298297509551,0.00044875763705931604,0.04536021500825882
120,model.layers.21.linear_attn.out_proj.weight,1024,2048,0.00048828125,0.0005936917732469738,2.1349332332611084,-0.00020339604816399515,0.35434383153915405,0.0003514043928589672,0.12663084268569946,0.37736213207244873,0.006985668558627367,0.5577497482299805,1.4864634275436401,0.0005049608298577368,4.6499552726745605,0.0007790941745042801,0.0031392620876431465,0.00020842195954173803,0.20846590399742126,0.276655375957489,0.009131671860814095,0.5442622900009155,1.4702085256576538,,,,,,,,,,,,
140,model.layers.7.self_attn.q_proj.weight,4096,1024,0.000244140625,0.000191708211787045,2.070890426635742,0.000515994499437511,0.5365625619888306,0.0015532550169155002,0.1740185171365738,0.2653336524963379,0.010694592259824276,0.5153331160545349,1.534393548965454,0.00024186598602682352,9.325081825256348,0.0020174451638013124,0.004596940707415342,0.0005126793403178453,0.2702900469303131,0.19933179020881653,0.010972242802381516,0.48969563841819763,1.5131304264068604,8.0,0.08093143254518509,0.07242006808519363,0.8925544619560242,2.492327257641591e-05,0.0041657499969005585,0.2803801894187927,0.00598290166115575,0.0059407660737633705,0.0013160702073946595,0.007820612750947475,0.07335977256298065
140,model.layers.7.self_attn.k_proj.weight,512,1024,0.0009765625,0.0010528304846957326,2.870540142059326,1.120186789194122e-05,0.3915861248970032,0.0007748599746264517,0.17017124593257904,0.2354128211736679,0.01998947188258171,0.6838263273239136,1.3213881254196167,0.0010928497649729252,12.44684886932373,-0.0008220594609156251,0.0016183988191187382,0.00038155168294906616,0.3020205795764923,0.17966248095035553,0.017057910561561584,0.4774405062198639,1.325296401977539,,,,,,,,,,,,
140,model.layers.7.self_attn.v_proj.weight,512,1024,0.0009765625,0.0011074725771322846,1.794715166091919,-0.0018612678395584226,0.6919165849685669,0.0007384014315903187,0.14635540544986725,0.2478569746017456,0.0058487169444561005,0.7313320636749268,1.4388020038604736,0.0012307296274229884,6.879493713378906,0.003734042402356863,0.001626963960006833,0.0005131514626555145,0.1955004632472992,0.21636657416820526,0.007659044582396746,0.6726444363594055,1.440283179283142,,,,,,,,,,,,
140,model.layers.7.self_attn.o_proj.weight,1024,2048,0.00048828125,0.0002575588005129248,2.25905704498291,-0.0006798550602979958,1.0089309215545654,0.00011931377957807854,0.14519108831882477,0.3563014566898346,0.020704016089439392,0.5295670032501221,1.4157131910324097,0.000330064125591889,6.601332187652588,0.0024743773974478245,0.0032120838295668364,0.0001464879314880818,0.19539685547351837,0.27780207991600037,0.021562201902270317,0.4473321735858917,1.3836883306503296,,,,,,,,,,,,
140,model.layers.15.self_attn.q_proj.weight,4096,1024,0.000244140625,0.00014359982742462307,3.164440870285034,9.537662117509171e-05,0.5963563919067383,0.000258519547060132,0.22681038081645966,0.2239266186952591,0.003414890496060252,0.4262140393257141,1.5425366163253784,0.0002797015768010169,9.390661239624023,0.0028769541531801224,0.00452137365937233,0.0005443560075946152,0.2510726749897003,0.2196860909461975,0.013887927867472172,0.46124210953712463,1.497779369354248,8.0,0.06883174180984497,0.07022082060575485,0.8957281112670898,4.223036739858799e-06,0.004353048745542765,0.4187547564506531,0.0009701331151375023,-0.0030660866759717464,0.0009642787044867873,-0.0032236522529274225,0.052162010222673416
140,model.layers.15.self_attn.k_proj.weight,512,1024,0.0009765625,0.0008307836833409965,5.3904595375061035,5.8276959862268995e-06,0.5530546307563782,0.0002131686342181638,0.23992720246315002,0.24850967526435852,0.004739406518638134,0.5575731992721558,1.4483017921447754,0.0009016196709126234,6.96762228012085,0.000720114738214761,0.00160216074436903,0.0001751212839735672,0.28799739480018616,0.20901858806610107,0.00944666936993599,0.45748838782310486,1.4080501794815063,,,,,,,,,,,,
140,model.layers.15.self_attn.v_proj.weight,512,1024,0.0009765625,0.0009288672008551657,2.1697096824645996,0.00033737343619577587,0.41755929589271545,0.00018098270811606199,0.2153991311788559,0.23083080351352692,0.005827593617141247,0.6221745610237122,1.4500654935836792,0.0010514195309951901,5.811997890472412,0.004820878617465496,0.0015941491583362222,0.00034620871883817017,0.21739962697029114,0.22785082459449768,0.006873867008835077,0.6057192087173462,1.4409266710281372,,,,,,,,,,,,
140,model.layers.15.self_attn.o_proj.weight,1024,2048,0.00048828125,0.0004512360319495201,2.1034247875213623,0.00011005836131516844,0.7392562031745911,5.7547815231373534e-05,0.10854008048772812,0.4085002839565277,0.01662398874759674,0.554133951663971,1.4202572107315063,0.00041915191104635596,6.400002479553223,0.002263671485707164,0.0031750111375004053,9.53989292611368e-05,0.20328006148338318,0.2872087061405182,0.019625550135970116,0.5095380544662476,1.40695321559906,,,,,,,,,,,,
140,model.layers.19.self_attn.q_proj.weight,4096,1024,0.000244140625,0.00021705389372073114,2.9308409690856934,-0.000667012354824692,0.3999618589878082,0.0010088096605613828,0.20781321823596954,0.2363935261964798,0.010863552801311016,0.42207470536231995,1.5277124643325806,0.00025997962802648544,7.295238971710205,0.00103318365290761,0.004581723362207413,0.0007890421547926962,0.2450527548789978,0.22610047459602356,0.01763048581779003,0.4542781710624695,1.4928855895996094,8.0,0.07051388174295425,0.06729642301797867,0.879809558391571,4.735593392979354e-06,0.0010278739500790834,0.22843335568904877,0.004607173275103433,-0.0013248793547973037,-0.0002554574457462877,0.01316723320633173,0.08356994390487671
140,model.layers.19.self_attn.k_proj.weight,512,1024,0.0009765625,0.0011465976713225245,3.2740213871002197,4.82408722746186e-07,0.43680495023727417,0.0005667444784194231,0.2355000227689743,0.2365582287311554,0.012401501648128033,0.5860665440559387,1.3333364725112915,0.0011682352051138878,8.6188383102417,0.0030052047222852707,0.0016338949790224433,0.00142540386877954,0.288362979888916,0.19384349882602692,0.021313758566975594,0.45512503385543823,1.277119517326355,,,,,,,,,,,,
140,model.layers.19.self_attn.v_proj.weight,512,1024,0.0009765625,0.0007045133970677853,1.6235705614089966,0.00041999094537459314,0.32109853625297546,0.0010133205214515328,0.18204765021800995,0.2076331526041031,0.0070251589640975,0.6330239176750183,1.4000016450881958,0.001017364440485835,5.088791847229004,-0.0016117357881739736,0.0015890458598732948,0.00028842396568506956,0.23120494186878204,0.23820091784000397,0.009412506595253944,0.5740811824798584,1.3737783432006836,,,,,,,,,,,,
140,model.layers.19.self_attn.o_proj.weight,1024,2048,0.00048828125,0.0005698085878975689,1.5332752466201782,0.000142734483233653,0.5693630576133728,9.793395292945206e-05,0.09859444200992584,0.43652352690696716,0.011075333692133427,0.5662352442741394,1.4425901174545288,0.00043508189264684916,7.190677642822266,-2.244260576844681e-05,0.0031641628593206406,0.00014688029477838427,0.2010379135608673,0.2917061448097229,0.012166074477136135,0.5602582097053528,1.4436955451965332,,,,,,,,,,,,
140,model.layers.1.mlp.gate_proj.weight,3584,1024,0.00027901785714285713,0.00041698923450894654,2.7719216346740723,0.0002043857384705916,0.3096751272678375,0.00024751792079769075,0.16545723378658295,0.31945890188217163,0.006183673162013292,0.5364977717399597,1.5228643417358398,0.00028939879848621786,16.220060348510742,0.0010966322151944041,0.004376063123345375,0.0002067309251287952,0.2537762224674225,0.22880493104457855,0.00970297958701849,0.5028882622718811,1.5095758438110352,,,,,,,,,,,,
140,model.layers.1.mlp.up_proj.weight,3584,1024,0.00027901785714285713,0.0004848733660764992,2.3778741359710693,0.0005334605812095106,0.5716354250907898,0.0001206610759254545,0.14105139672756195,0.3615618646144867,0.010984822176396847,0.5181764364242554,1.5064119100570679,0.000261244538705796,12.476164817810059,0.0019235541112720966,0.004412721376866102,0.00014031310274731368,0.2539556920528412,0.23335950076580048,0.010416340082883835,0.49620357155799866,1.5046464204788208,,,,,,,,,,,,
140,model.layers.1.mlp.down_proj.weight,1024,3584,0.00027901785714285713,0.00023839053756091744,4.271015167236328,0.0005124782910570502,0.5921550393104553,0.0005463178968057036,0.15698270499706268,0.327417254447937,0.011455638334155083,0.6191542744636536,1.4489071369171143,0.00030405897996388376,17.40339469909668,0.0014894945779815316,0.0044189137406647205,0.00031116377795115113,0.22769080102443695,0.25542980432510376,0.014517836272716522,0.5097441077232361,1.4334741830825806,8.0,0.06639067083597183,0.06815267354249954,0.9007492661476135,-1.6758578567532822e-05,0.004557399544864893,0.7321885228157043,-0.0036772239086247686,-0.00043090441613458097,0.0007322807214222848,-0.0024700716603547335,0.04648539423942566
140,model.layers.12.mlp.gate_proj.weight,3584,1024,0.00027901785714285713,0.00020884533296339214,3.3028202056884766,0.0006379599799402058,0.45775073766708374,0.001172715099528432,0.19483107328414917,0.24117115139961243,0.008074263110756874,0.5377076268196106,1.5240510702133179,0.00029032392194494605,8.63623046875,0.002413275185972452,0.004230005666613579,0.0004931196453981102,0.2538154721260071,0.21989427506923676,0.010557071305811405,0.49870574474334717,1.5074167251586914,,,,,,,,,,,,
140,model.layers.12.mlp.up_proj.weight,3584,1024,0.00027901785714285713,0.0002810798760037869,3.216911554336548,0.00020218535792082548,0.7536975741386414,0.00030034512747079134,0.20621736347675323,0.2712930142879486,0.008255734108388424,0.5148630142211914,1.5195106267929077,0.00030287931440398097,8.617236137390137,0.0021844825241714716,0.00420869467779994,0.0002432319161016494,0.24898043274879456,0.22818899154663086,0.009968510828912258,0.498966246843338,1.510276436805725,,,,,,,,,,,,
140,model.layers.12.mlp.down_proj.weight,1024,3584,0.00027901785714285713,0.00025376988924108446,7.06178092956543,0.00020553723152261227,0.772744357585907,0.00016891125414986163,0.20472131669521332,0.2889098525047302,0.021324530243873596,0.5314661264419556,1.4051659107208252,0.0003003762394655496,11.255867004394531,0.002161219483241439,0.004189493600279093,0.00017387095431331545,0.22815023362636566,0.2581092119216919,0.020278088748455048,0.5058367848396301,1.373434066772461,8.0,0.0707363411784172,0.0667164996266365,0.9188398122787476,1.3217267223808449e-05,0.005220535211265087,1.2265660762786865,0.0025317839433948615,0.0036931894719600677,0.0004624611174222082,0.0015633481089025736,0.02473166584968567
140,model.layers.22.mlp.gate_proj.weight,3584,1024,0.00027901785714285713,0.0003521557373460382,2.3247482776641846,0.0013784763868898153,0.24688351154327393,0.0009645039099268615,0.17011292278766632,0.27534210681915283,0.007928318344056606,0.5648181438446045,1.5265781879425049,0.00027563187177293,6.894355297088623,0.0012787820305675268,0.0041314708068966866,0.0007578982622362673,0.22527238726615906,0.23862695693969727,0.011007034219801426,0.5010160803794861,1.508117914199829,,,,,,,,,,,,
140,model.layers.22.mlp.up_proj.weight,3584,1024,0.00027901785714285713,0.0002706119848880917,2.0091025829315186,0.0014337102184072137,0.5891696810722351,0.001899479771964252,0.1751091629266739,0.2812047600746155,0.020678456872701645,0.5259535312652588,1.5060895681381226,0.00028821168234571815,6.293693542480469,0.0015474751126021147,0.004157498013228178,0.00029019470093771815,0.21555161476135254,0.25410163402557373,0.012021719478070736,0.5078522562980652,1.4968352317810059,,,,,,,,,,,,
140,model.layers.22.mlp.down_proj.weight,1024,3584,0.00027901785714285713,0.0005523744621314108,2.048516273498535,0.0015995879657566547,0.5773977637290955,0.00018791656475514174,0.09344160556793213,0.4235856533050537,0.00689295120537281,0.5821956992149353,1.4622633457183838,0.00029803256620652974,5.980403900146484,0.0016006703954190016,0.004199738148599863,0.00015865293971728534,0.20660185813903809,0.27626386284828186,0.008153866045176983,0.5491541624069214,1.4728597402572632,8.0,0.06241287291049957,0.07030999660491943,0.8563251495361328,5.975797103019431e-05,0.016063330695033073,0.8289796113967896,0.0037201482161275568,0.0011803741799667478,0.0019330932991579175,0.02470763772726059,0.15007616579532623
140,model.layers.1.linear_attn.in_proj_qkv.weight,6144,1024,0.00016276041666666666,0.00012651227007154375,2.469214677810669,0.0006632670410908759,0.276928186416626,0.0006515093264169991,0.17111708223819733,0.2771727442741394,0.008151673711836338,0.5117302536964417,1.5359445810317993,0.00014398327039089054,15.13593864440918,0.0002501190756447613,0.005800791084766388,0.0006293632904998958,0.24868877232074738,0.22376374900341034,0.011120076291263103,0.5031886100769043,1.5238181352615356,8.0,0.0675029531121254,0.06607754528522491,0.9024155735969543,1.632776275073411e-06,6.974687130423263e-05,0.0750187486410141,0.023410028930922453,-0.005108400713652372,6.474085967056453e-05,-0.004071450792253017,0.039478980004787445
140,model.layers.1.linear_attn.out_proj.weight,1024,2048,0.00048828125,0.00030280588543973863,1.276984691619873,0.0003079210873693228,0.7520584464073181,0.00096519710496068,0.08367708325386047,0.4364541172981262,0.019496655091643333,0.601545512676239,1.4196373224258423,0.0005350324790924788,12.182158470153809,0.0010245948797091842,0.0033121260348707438,0.0003636718320194632,0.23197303712368011,0.24756520986557007,0.01737392693758011,0.512930154800415,1.4101110696792603,,,,,,,,,,,,
140,model.layers.12.linear_attn.in_proj_qkv.weight,6144,1024,0.00016276041666666666,6.821603165008128e-05,2.813622236251831,-0.0002289380063302815,0.5034664273262024,0.00031631067395210266,0.16751274466514587,0.2701484262943268,0.0035024380777031183,0.5711396336555481,1.5516414642333984,0.0001235139643540606,9.213139533996582,0.0013021635822951794,0.0055148182436823845,0.0004230965278111398,0.2515003979206085,0.21763017773628235,0.009478140622377396,0.5061932802200317,1.5295754671096802,8.0,0.06125160679221153,0.06708745658397675,0.8901159763336182,2.6113755211554235e-06,0.002045554108917713,0.15521207451820374,0.0012766103374000123,0.0016185847343876958,0.0017181921284645796,0.0029608497861772776,0.06282316893339157
140,model.layers.12.linear_attn.out_proj.weight,1024,2048,0.00048828125,0.00033290524152107537,3.4038779735565186,-0.0007440694025717676,0.6154974102973938,0.00013079162454232574,0.17050154507160187,0.3300238847732544,0.025203583762049675,0.5527044534683228,1.4201472997665405,0.000482153584016487,7.374368667602539,0.0027108166832476854,0.0031409189105033875,0.00011490734323160723,0.2239333838224411,0.2656925618648529,0.017659302800893784,0.5226691961288452,1.4083826541900635,,,,,,,,,,,,
140,model.layers.21.linear_attn.in_proj_qkv.weight,6144,1024,0.00016276041666666666,0.00011346374230924994,3.0175015926361084,-0.0006256194319576025,0.1419747918844223,0.001120215398259461,0.1685371845960617,0.26984721422195435,0.008368302136659622,0.5507119297981262,1.5390948057174683,0.0001405490911565721,7.6995439529418945,0.0012830279301851988,0.005500917788594961,0.0006573087885044515,0.21871647238731384,0.2501470446586609,0.011553286574780941,0.4963023066520691,1.522762656211853,8.0,0.06427331268787384,0.0669885203242302,0.900521457195282,4.901243642052577e-07,0.00013673939974978566,0.01730550266802311,0.0035843682589079525,0.001333662890829146,0.0010034949518740177,-0.0052708229050040245,0.05288223922252655
140,model.layers.21.linear_attn.out_proj.weight,1024,2048,0.00048828125,0.0004079467908013612,2.653177261352539,0.0009136545704677701,0.3156280219554901,0.0002095443196594715,0.1327046900987625,0.3697051405906677,0.008648187853395939,0.5540478229522705,1.458390474319458,0.0004662028222810477,4.240852355957031,0.0005104058654978871,0.003191588679328561,0.00024097380810417235,0.20420728623867035,0.2821364998817444,0.00973237119615078,0.5460606813430786,1.4635200500488281,,,,,,,,,,,,
160,model.layers.7.self_attn.q_proj.weight,4096,1024,0.000244140625,0.0002508898905944079,2.2428512573242188,3.4005835914285854e-05,0.47852346301078796,0.0013891853159293532,0.18165214359760284,0.26422110199928284,0.010706132277846336,0.5209810733795166,1.5360969305038452,0.00022284519218374044,8.290872573852539,0.0015329575398936868,0.004716943949460983,0.0004395889991428703,0.2715924084186554,0.19836631417274475,0.01046049129217863,0.4919305741786957,1.5160133838653564,8.0,0.06277298927307129,0.06860778480768204,0.892138659954071,2.265511102450546e-05,-0.0007205348229035735,0.22125765681266785,,-0.002007467206567526,-0.0005020347307436168,0.0050651500932872295,0.06204841285943985
160,model.layers.7.self_attn.k_proj.weight,512,1024,0.0009765625,0.0013659773394465446,4.156199932098389,-5.889627345823101e-07,0.32188504934310913,0.0015959561569616199,0.1880740523338318,0.23031991720199585,0.031071826815605164,0.655778169631958,1.3102965354919434,0.0011542352149263024,12.122676849365234,-0.0024141299072653055,0.001664884272031486,0.0003363229043316096,0.30047550797462463,0.17928160727024078,0.014668704010546207,0.4840860962867737,1.363049030303955,,,,,,,,,,,,
160,model.layers.7.self_attn.v_proj.weight,512,1024,0.0009765625,0.0007315683178603649,1.8422014713287354,0.0017320681363344193,0.5886521935462952,0.0001990302262129262,0.1292465776205063,0.24802009761333466,0.0037295124493539333,0.771178126335144,1.457262396812439,0.0011691945837810636,5.873884201049805,0.001986406510695815,0.001653213519603014,0.0004556766361929476,0.18454885482788086,0.2188888043165207,0.008840607479214668,0.6925734877586365,1.4124462604522705,,,,,,,,,,,,
160,model.layers.7.self_attn.o_proj.weight,1024,2048,0.00048828125,0.00025135985924862325,2.793564558029175,0.0006126082735136151,0.8799785375595093,9.797158418223262e-05,0.12660837173461914,0.39757922291755676,0.01671350561082363,0.5843096971511841,1.3994362354278564,0.00030182424234226346,5.185818195343018,0.0025307699106633663,0.0033273191656917334,0.00012321960821282119,0.19499997794628143,0.2752658426761627,0.030920645222067833,0.44178807735443115,1.3361858129501343,,,,,,,,,,,,
160,model.layers.15.self_attn.q_proj.weight,4096,1024,0.000244140625,0.00017033812764566392,3.316007614135742,-6.215299799805507e-05,0.520656943321228,0.0005199575680308044,0.23311300575733185,0.21997779607772827,0.005275871139019728,0.4252887964248657,1.5429331064224243,0.00026455704937689006,8.546753883361816,0.0038104632403701544,0.004647491965442896,0.0005291720735840499,0.2532389760017395,0.22030474245548248,0.014092154800891876,0.4580139219760895,1.4994317293167114,8.0,0.06658615171909332,0.0710459053516388,0.8993263244628906,1.0081003892992157e-05,0.0039898669347167015,0.31443285942077637,0.0025266516547895737,8.709739631740376e-05,0.001526887877844274,0.006063331384211779,0.05890065059065819
160,model.layers.15.self_attn.k_proj.weight,512,1024,0.0009765625,0.0009438267443329096,3.814804792404175,-4.9696609494276345e-06,0.5176339149475098,0.0002864780544769019,0.23054900765419006,0.24789588153362274,0.004333494696766138,0.5816928148269653,1.456713080406189,0.0010300339199602604,7.731800079345703,0.0015458512352779508,0.0016424184432253242,5.106017124489881e-05,0.28969696164131165,0.20947055518627167,0.008493551053106785,0.4668218791484833,1.4258769750595093,,,,,,,,,,,,
160,model.layers.15.self_attn.v_proj.weight,512,1024,0.0009765625,0.000874979654327035,2.084261417388916,0.0019864607602357864,0.4270210266113281,0.00020312647393438965,0.20608139038085938,0.24693666398525238,0.005262788385152817,0.6438845992088318,1.447688341140747,0.0009472735691815615,5.320105075836182,0.0006398442201316357,0.001679750974290073,0.0002463540295138955,0.208608478307724,0.23324093222618103,0.006612423341721296,0.6172563433647156,1.4267228841781616,,,,,,,,,,,,
160,model.layers.15.self_attn.o_proj.weight,1024,2048,0.00048828125,0.0004985997220501304,2.0054244995117188,0.0007088773418217897,0.715627908706665,5.3929732530377805e-05,0.09969260543584824,0.44071465730667114,0.012152431532740593,0.5673407316207886,1.4407294988632202,0.00042325054528191686,6.392758369445801,0.0013630071189254522,0.0033052151557058096,0.00014803865633439273,0.20575979351997375,0.2816261053085327,0.019435476511716843,0.494845986366272,1.392726182937622,,,,,,,,,,,,
160,model.layers.19.self_attn.q_proj.weight,4096,1024,0.000244140625,0.00016551464796066284,2.335515260696411,-0.0002685293147806078,0.38168755173683167,0.0006665471591986716,0.23469755053520203,0.20499584078788757,0.007828686386346817,0.38338446617126465,1.5300617218017578,0.00024664358352310956,7.634335517883301,0.00041863651131279767,0.004719874821603298,0.0006144186481833458,0.24838407337665558,0.2257939577102661,0.019420284777879715,0.45570316910743713,1.491395354270935,8.0,0.06065041944384575,0.07096638530492783,0.8718603253364563,3.5113191643176833e-07,0.00029659271240234375,0.18856078386306763,0.0011838858533902183,-0.005105470772832632,0.00010053894948214293,0.002401762641966343,0.08325307071208954
160,model.layers.19.self_attn.k_proj.weight,512,1024,0.0009765625,0.0010902317008003592,2.164682149887085,4.142376837990014e-06,0.430779367685318,0.0002987964835483581,0.24299557507038116,0.21134606003761292,0.010167505592107773,0.600937008857727,1.3694813251495361,0.0011918676318600774,8.570354461669922,0.004173280671238899,0.0017076177755370736,0.0006067744689062238,0.29592618346214294,0.19233161211013794,0.019956711679697037,0.44588249921798706,1.3329298496246338,,,,,,,,,,,,
160,model.layers.19.self_attn.v_proj.weight,512,1024,0.0009765625,0.0006989234825596213,1.7414069175720215,0.000282053166301921,0.2891394793987274,0.0013534825993701816,0.18164058029651642,0.20831382274627686,0.008531717583537102,0.6221911907196045,1.42686927318573,0.0010897283209487796,5.756745338439941,0.003014823654666543,0.0016253479989245534,0.0005389930447563529,0.22965005040168762,0.24631080031394958,0.00840886402875185,0.5811074376106262,1.4053691625595093,,,,,,,,,,,,
160,model.layers.19.self_attn.o_proj.weight,1024,2048,0.00048828125,0.00035351610858924687,1.567884087562561,0.00010006319644162431,0.49451056122779846,0.00013383470650296658,0.09263777732849121,0.4278920888900757,0.013827063143253326,0.5614457726478577,1.443482756614685,0.0004521271330304444,7.42639684677124,0.0023908375296741724,0.0032141474075615406,0.00019089026318397373,0.19715344905853271,0.29173868894577026,0.0160354096442461,0.5607686042785645,1.4157745838165283,,,,,,,,,,,,
160,model.layers.1.mlp.gate_proj.weight,3584,1024,0.00027901785714285713,0.00020891398889943957,3.067004442214966,0.00042687763925641775,0.2662857174873352,0.0003645284741651267,0.17402735352516174,0.30323708057403564,0.00831004697829485,0.5245385766029358,1.5133144855499268,0.0002894033386837691,16.743139266967773,0.001959248213097453,0.004258300643414259,0.00021789653692394495,0.254782497882843,0.22841891646385193,0.010368261486291885,0.49945390224456787,1.5107097625732422,,,,,,,,,,,,
160,model.layers.1.mlp.up_proj.weight,3584,1024,0.00027901785714285713,0.0002601297455839813,2.602241039276123,0.0003427685587666929,0.4796951115131378,9.143236093223095e-05,0.15049465000629425,0.3418433964252472,0.010757756419479847,0.5079956650733948,1.5071868896484375,0.0002938061370514333,13.34958553314209,0.0028430712409317493,0.004267750773578882,0.00018827509484253824,0.2522314488887787,0.23596365749835968,0.01025170274078846,0.49925094842910767,1.5085605382919312,,,,,,,,,,,,
160,model.layers.1.mlp.down_proj.weight,1024,3584,0.00027901785714285713,0.00027792996843345463,4.74860954284668,0.00032805794035084546,0.5023632049560547,0.0016196577344089746,0.16458994150161743,0.3153516948223114,0.01533555705100298,0.6083908677101135,1.4445720911026,0.0002947893808595836,19.637849807739258,0.002118550706654787,0.0042546712793409824,0.0004304905014578253,0.22619129717350006,0.25777024030685425,0.015282425098121166,0.5126346349716187,1.410448431968689,8.0,0.06076933071017265,0.06805728375911713,0.9015125036239624,2.3520815375377424e-06,0.0036324544344097376,0.5246725678443909,0.0006475185250107475,0.000692012079525739,0.0011011067545041442,0.0005887156585231423,0.043793369084596634
160,model.layers.12.mlp.gate_proj.weight,3584,1024,0.00027901785714285713,0.00019384387996979058,3.08516001701355,0.00022923808137420565,0.3746596872806549,0.0006688950234092772,0.1771441400051117,0.2613723576068878,0.005986784119158983,0.5787659883499146,1.5256928205490112,0.00027898879488930106,8.123187065124512,0.0012744469568133354,0.00429941900074482,0.00036935778916813433,0.2516203820705414,0.22272713482379913,0.00936382170766592,0.5069438219070435,1.5088821649551392,,,,,,,,,,,,
160,model.layers.12.mlp.up_proj.weight,3584,1024,0.00027901785714285713,0.000310026720399037,3.001708745956421,3.445376705712988e-06,0.6388974785804749,0.00025750562781468034,0.2025085985660553,0.27673327922821045,0.007710698992013931,0.5146077275276184,1.5118505954742432,0.0002956241078209132,7.902535438537598,0.0017997721442952752,0.004298550542443991,0.00036130231455899775,0.2506348192691803,0.22616472840309143,0.010451752692461014,0.502943754196167,1.5104998350143433,,,,,,,,,,,,
160,model.layers.12.mlp.down_proj.weight,1024,3584,0.00027901785714285713,0.0002502200077287853,6.32357120513916,1.5744808479212224e-06,0.6658352017402649,0.00019058940233662724,0.1885637640953064,0.3074144124984741,0.01910378411412239,0.5622481107711792,1.425756812095642,0.0002906941808760166,11.755308151245117,0.0019275960512459278,0.004293755162507296,0.00015416731184814125,0.23081748187541962,0.25727856159210205,0.018618522211909294,0.5040373206138611,1.3829479217529297,8.0,0.0695856362581253,0.06855514645576477,0.9184736013412476,2.4603118617960718e-06,0.006135991308838129,0.8974663019180298,0.00040096403954358604,0.0003769997274503112,0.0009107259684242308,0.0009445718606002629,0.02836691215634346
160,model.layers.22.mlp.gate_proj.weight,3584,1024,0.00027901785714285713,0.00024730584118515253,3.038078784942627,0.0004375319113023579,0.23223768174648285,0.0009026526240631938,0.19208315014839172,0.23606650531291962,0.007895516231656075,0.5200395584106445,1.5164300203323364,0.00032003354863263667,6.748738765716553,0.0025035233702510595,0.004328798968344927,0.0007542672101408243,0.22813422977924347,0.23308445513248444,0.00960481446236372,0.4979611039161682,1.515695571899414,,,,,,,,,,,,
160,model.layers.22.mlp.up_proj.weight,3584,1024,0.00027901785714285713,0.00021470828505698591,3.132821559906006,0.0004178740200586617,0.5007157325744629,0.0008484308491460979,0.17696551978588104,0.2911149859428406,0.013650842010974884,0.5677956938743591,1.5082067251205444,0.0002690142719075084,6.5707573890686035,4.7543157961627e-06,0.004320099484175444,0.000461990712210536,0.22059068083763123,0.2506910562515259,0.01352155115455389,0.5042843818664551,1.4947824478149414,,,,,,,,,,,,
160,model.layers.22.mlp.down_proj.weight,1024,3584,0.00027901785714285713,0.0004260928835719824,2.309798240661621,0.0004559487570077181,0.5028384923934937,0.00016992026939988136,0.10594921559095383,0.39923280477523804,0.007365219295024872,0.5555318593978882,1.4696753025054932,0.00029741032631136477,6.5204362869262695,-5.1665276259882376e-05,0.004302238114178181,0.00032201234716922045,0.21472784876823425,0.268206924200058,0.011471929028630257,0.5307500958442688,1.4563106298446655,8.0,0.06691858917474747,0.0643211379647255,0.8542550802230835,-6.207367732713465e-06,-0.012053275480866432,0.7457928657531738,,0.0011002218816429377,-0.0016966218827292323,-0.009066790342330933,0.11927518993616104
160,model.layers.1.linear_attn.in_proj_qkv.weight,6144,1024,0.00016276041666666666,0.0001584094570716843,2.4619574546813965,0.0003584975784178823,0.2546755373477936,0.00044714330579154193,0.17358733713626862,0.27819395065307617,0.006222361233085394,0.5177342295646667,1.5396426916122437,0.00015612623246852309,16.7093505859375,0.0011278684251010418,0.0055540273897349834,0.0006519117159768939,0.2469886988401413,0.22528670728206635,0.011889706365764141,0.5048957467079163,1.5165175199508667,8.0,0.07252461463212967,0.06780444085597992,0.9032571315765381,4.692443326348439e-06,0.0004035626188851893,0.06140284985303879,0.011627547019371994,0.0015277258353307843,0.0013711570063605905,-0.005487077869474888,0.03995649889111519
160,model.layers.1.linear_attn.out_proj.weight,1024,2048,0.00048828125,0.0005533289513550699,1.3139148950576782,-0.0005111386999487877,0.6423171162605286,0.0006620704079978168,0.08876561373472214,0.42360615730285645,0.016885820776224136,0.5920120477676392,1.4301010370254517,0.000560223008506,12.165221214294434,0.0026609355118125677,0.0031705943401902914,0.0008692485862411559,0.23135873675346375,0.24707627296447754,0.018575407564640045,0.514575183391571,1.4042994976043701,,,,,,,,,,,,
160,model.layers.12.linear_attn.in_proj_qkv.weight,6144,1024,0.00016276041666666666,6.860499706817791e-05,3.1792123317718506,-0.00016675773076713085,0.40127497911453247,0.00027436192613095045,0.16951312124729156,0.2666541635990143,0.0035461464431136847,0.5864484906196594,1.551026701927185,0.000129280291730538,9.223798751831055,0.0006493600085377693,0.00566942198202014,0.00035369611578062177,0.25393030047416687,0.21652206778526306,0.008780278265476227,0.5021425485610962,1.5326818227767944,8.0,0.07445303350687027,0.06493929028511047,0.8958510756492615,8.807738254290598e-07,0.00015261743101291358,0.10680373758077621,0.0057711220768388765,0.0038369225803762674,0.0001362229377264157,-0.011004267260432243,0.06065122038125992
160,model.layers.12.linear_attn.out_proj.weight,1024,2048,0.00048828125,0.000320276158163324,2.926547050476074,-0.00040749128675088286,0.588539719581604,0.0001478224148740992,0.1554306000471115,0.3607373535633087,0.013947253115475178,0.5904011726379395,1.418474793434143,0.0004794041160494089,7.402431011199951,0.002635111566632986,0.0032983794808387756,0.000127415158203803,0.2223929762840271,0.2661351263523102,0.01729618012905121,0.5246382355690002,1.4014595746994019,,,,,,,,,,,,
160,model.layers.21.linear_attn.in_proj_qkv.weight,6144,1024,0.00016276041666666666,9.50458415900357e-05,2.875025510787964,9.934172703651711e-05,0.15894997119903564,0.0005851306486874819,0.17162485420703888,0.2646936774253845,0.005753082223236561,0.5591667890548706,1.5421431064605713,0.0001527424610685557,8.086880683898926,0.001482621650211513,0.005617585498839617,0.0011219559237360954,0.21915245056152344,0.25046446919441223,0.01385768037289381,0.49278581142425537,1.521525263786316,8.0,0.07374415546655655,0.07580982893705368,0.8876937031745911,1.77577206272872e-08,0.000559159554541111,0.01965690776705742,3.1757877484290756e-05,0.00568954274058342,0.005353819578886032,0.0002396573981968686,0.03970733657479286
160,model.layers.21.linear_attn.out_proj.weight,1024,2048,0.00048828125,0.000334198703058064,3.0000007152557373,0.00030395653448067605,0.29919999837875366,0.0001779676094884053,0.1370037943124771,0.36166912317276,0.007570123299956322,0.5401375889778137,1.4788662195205688,0.000557196035515517,4.422883987426758,0.0007249052287079394,0.003203474683687091,0.00025160686345770955,0.2094811350107193,0.27518150210380554,0.009779782965779305,0.5340616106987,1.4682692289352417,,,,,,,,,,,,
180,model.layers.7.self_attn.q_proj.weight,4096,1024,0.000244140625,0.00012767403677571565,2.7469959259033203,-0.0008867447613738477,0.8100296854972839,0.0007190179312601686,0.1797156184911728,0.27494296431541443,0.006784595083445311,0.5344242453575134,1.537728190422058,0.00022051474661566317,10.65042781829834,0.0009974280837923288,0.0044157179072499275,0.0005982974544167519,0.27064386010169983,0.2017028033733368,0.010783158242702484,0.49226269125938416,1.517324447631836,8.0,0.07142125070095062,0.07547453790903091,0.8511415719985962,-1.3931239664088935e-05,-0.003657698631286621,0.7091987133026123,,-0.0025607396382838488,-0.0005189732182770967,0.0006246366538107395,0.04676582291722298
180,model.layers.7.self_attn.k_proj.weight,512,1024,0.0009765625,0.0010754545219242573,4.655356407165527,1.1644987353065517e-05,0.6021689772605896,0.00048177287681028247,0.1961113065481186,0.23435838520526886,0.024246370419859886,0.6455929279327393,1.3319820165634155,0.0012527566868811846,12.23125171661377,-0.0015630165580660105,0.0015715552726760507,0.00019578405772335827,0.28498509526252747,0.18562757968902588,0.014097128063440323,0.513321578502655,1.3745825290679932,,,,,,,,,,,,
180,model.layers.7.self_attn.v_proj.weight,512,1024,0.0009765625,0.000895089004188776,2.070688486099243,0.002192170126363635,0.8646661639213562,0.00028123066294938326,0.14111122488975525,0.25256314873695374,0.0030065628234297037,0.742469310760498,1.4726794958114624,0.00117513129953295,5.904932022094727,0.0020245264749974012,0.001563520054332912,0.0003469882649369538,0.19127929210662842,0.21519693732261658,0.0069601223804056644,0.6788361072540283,1.417659878730774,,,,,,,,,,,,
180,model.layers.7.self_attn.o_proj.weight,1024,2048,0.00048828125,0.000274482648819685,2.228750705718994,0.000734476838260889,1.370586633682251,7.704878953518346e-05,0.13728301227092743,0.3846592307090759,0.013079222291707993,0.5660404562950134,1.4375193119049072,0.00031670453608967364,5.620200157165527,0.001054357155226171,0.0031781592406332493,0.00012949448137078434,0.18922081589698792,0.29157155752182007,0.020261405035853386,0.47022107243537903,1.3936939239501953,,,,,,,,,,,,
180,model.layers.15.self_attn.q_proj.weight,4096,1024,0.000244140625,0.0001578458904987201,2.903719902038574,-1.7815014871302992e-05,0.8263825178146362,0.00021845856099389493,0.24056142568588257,0.21182401478290558,0.002935395110398531,0.40245383977890015,1.5448153018951416,0.0002476749650668353,9.097395896911621,0.001466718502342701,0.004618001636117697,0.0003707591677084565,0.24668821692466736,0.2234814167022705,0.012236429378390312,0.45951494574546814,1.50704026222229,8.0,0.07401838153600693,0.07436686754226685,0.8575698733329773,-2.3472921384382062e-08,0.0004477159818634391,0.881838321685791,-5.2428151630159356e-05,0.0009310801979154348,0.00015248783165588975,0.007199278101325035,0.0676259845495224
180,model.layers.15.self_attn.k_proj.weight,512,1024,0.0009765625,0.0009363473509438336,3.3900628089904785,-2.639678200466733e-07,0.8342260718345642,0.0001306473568547517,0.24438950419425964,0.24702246487140656,0.004448710475116968,0.5537017583847046,1.4506174325942993,0.0010845555225387216,10.732349395751953,0.0017986344173550606,0.0016122108791023493,0.00013485226372722536,0.2847900986671448,0.2098158895969391,0.00854334607720375,0.46124568581581116,1.4407788515090942,,,,,,,,,,,,
180,model.layers.15.self_attn.v_proj.weight,512,1024,0.0009765625,0.0010105730034410954,1.7982609272003174,0.001605370780453086,0.6040447950363159,0.00029089805320836604,0.1943681836128235,0.246744766831398,0.006450380198657513,0.6543635129928589,1.4458732604980469,0.0010795497801154852,5.783182144165039,-0.0007866877131164074,0.0016535735921934247,8.157834236044437e-05,0.23653624951839447,0.21973520517349243,0.006023533176630735,0.5847648978233337,1.4377516508102417,,,,,,,,,,,,
180,model.layers.15.self_attn.o_proj.weight,1024,2048,0.00048828125,0.00039033699431456625,1.8535131216049194,0.0005765625392086804,1.009113073348999,3.170415948261507e-05,0.09977661818265915,0.4285101294517517,0.017100440338253975,0.5602341294288635,1.4412339925765991,0.00039630019455216825,6.937064170837402,0.0013688842300325632,0.003308029379695654,8.378556231036782e-05,0.20345862209796906,0.2904738187789917,0.017527475953102112,0.5153106451034546,1.4171373844146729,,,,,,,,,,,,
180,model.layers.19.self_attn.q_proj.weight,4096,1024,0.000244140625,0.00015618334873579443,2.5966968536376953,0.0007878465112298727,0.561229944229126,0.0005127666518092155,0.22755911946296692,0.2104724496603012,0.006645363289862871,0.3920809328556061,1.529714584350586,0.00023692550894338638,8.156598091125488,-0.0006357667734846473,0.0047708614729344845,0.0004013283469248563,0.23794573545455933,0.231835275888443,0.018581166863441467,0.46684691309928894,1.4922200441360474,8.0,0.06470704823732376,0.07138403505086899,0.8562204837799072,-6.759288226021454e-06,0.0019110259599983692,0.4362969696521759,-0.003536994456123046,-0.003436639904975891,0.00013557603233493865,0.0035136558581143618,0.08074605464935303
180,model.layers.19.self_attn.k_proj.weight,512,1024,0.0009765625,0.0009730440797284245,1.9331470727920532,1.3398807823250536e-05,0.6999891996383667,0.0006342511624097824,0.25601160526275635,0.21076595783233643,0.012720949947834015,0.5646278858184814,1.309198260307312,0.001295998226851225,8.097728729248047,0.0018357147928327322,0.0017152350628748536,0.0009812565986067057,0.2895236313343048,0.19877980649471283,0.020392628386616707,0.44929903745651245,1.3452421426773071,,,,,,,,,,,,
180,model.layers.19.self_attn.v_proj.weight,512,1024,0.0009765625,0.0008365596295334399,1.4556111097335815,-0.0006919994484633207,0.4868980348110199,0.001366135780699551,0.18925152719020844,0.19894029200077057,0.006165269296616316,0.60760498046875,1.415062665939331,0.0009872725931927562,4.2945027351379395,0.001128590782172978,0.001706806244328618,0.000705249491147697,0.22606436908245087,0.2410498708486557,0.008093312382698059,0.5964882373809814,1.4164625406265259,,,,,,,,,,,,
180,model.layers.19.self_attn.o_proj.weight,1024,2048,0.00048828125,0.0005200325977057219,1.481572151184082,-0.0002512945211492479,0.7938989400863647,0.00027525765472091734,0.10811981558799744,0.4088178277015686,0.02065669745206833,0.5415229201316833,1.464396595954895,0.0003938098961953074,6.813803195953369,0.0010069485288113356,0.0033643979113548994,0.0001922354131238535,0.20343931019306183,0.287055641412735,0.015818826854228973,0.5532673597335815,1.43507719039917,,,,,,,,,,,,
180,model.layers.1.mlp.gate_proj.weight,3584,1024,0.00027901785714285713,0.00021170575928408653,3.025383949279785,-6.04529632255435e-05,0.4022825062274933,0.00031843213946558535,0.1694227159023285,0.30907708406448364,0.007102171424776316,0.5286380648612976,1.5169296264648438,0.0002750628918875009,18.1992244720459,0.0003455098776612431,0.004310366231948137,0.00019227294251322746,0.2551106810569763,0.22751784324645996,0.009699376299977303,0.49948081374168396,1.5107439756393433,,,,,,,,,,,,
180,model.layers.1.mlp.up_proj.weight,3584,1024,0.00027901785714285713,0.0008909355383366346,2.616441249847412,-0.00014050751633476466,0.7039463520050049,0.00011179324064869434,0.1446138322353363,0.36329227685928345,0.010389539413154125,0.5285077691078186,1.511505365371704,0.00028140039648860693,14.576855659484863,0.0012859503040090203,0.004313800483942032,0.00014524100697599351,0.2504606544971466,0.23634883761405945,0.009594983421266079,0.502738356590271,1.5122593641281128,,,,,,,,,,,,
180,model.layers.1.mlp.down_proj.weight,1024,3584,0.00027901785714285713,0.00028588957502506673,4.502030372619629,-0.0001320667943218723,0.7601096630096436,0.0006483838078565896,0.15335308015346527,0.33572763204574585,0.011440381407737732,0.630032479763031,1.45685875415802,0.000277583982096985,25.118633270263672,0.001503598177805543,0.004297200590372086,0.0002789997379295528,0.22688086330890656,0.25889742374420166,0.014536675997078419,0.511507511138916,1.422310709953308,8.0,0.07191421091556549,0.07335428893566132,0.8739718794822693,-8.610577424406074e-07,-2.850277815014124e-05,1.2180027961730957,,-0.0003815374802798033,4.674115916714072e-05,0.003894014749675989,0.04822469502687454
180,model.layers.12.mlp.gate_proj.weight,3584,1024,0.00027901785714285713,0.0001961400412255898,3.123215675354004,0.000443796394392848,0.5721242427825928,0.0005511771305464208,0.18414223194122314,0.2541113793849945,0.0056296465918421745,0.5595466494560242,1.5269020795822144,0.0002953798684757203,8.952751159667969,0.0018785948632284999,0.00428159162402153,0.0004926391411572695,0.24915923178195953,0.22228679060935974,0.01067337580025196,0.5033501982688904,1.511208176612854,,,,,,,,,,,,
180,model.layers.12.mlp.up_proj.weight,3584,1024,0.00027901785714285713,0.000309012335492298,3.1172702312469482,1.3468610632116906e-05,0.9504149556159973,0.00024967858917079866,0.20563015341758728,0.274328351020813,0.008201838470995426,0.512982964515686,1.5185381174087524,0.0002776973997242749,8.099413871765137,0.0022962812799960375,0.004302502144128084,0.0002840013476088643,0.2501974403858185,0.22861313819885254,0.00956811010837555,0.5036096572875977,1.5156587362289429,,,,,,,,,,,,
180,model.layers.12.mlp.down_proj.weight,1024,3584,0.00027901785714285713,0.0002549393102526665,5.607905864715576,1.4772039321542252e-05,0.9911827445030212,0.0002454890636727214,0.19429217278957367,0.2983575165271759,0.023662813007831573,0.5412620306015015,1.4020723104476929,0.00026767581584863365,11.942717552185059,0.0025966523680835962,0.004307716153562069,0.00018256992916576564,0.22755567729473114,0.2591184079647064,0.020051900297403336,0.507088303565979,1.3738453388214111,8.0,0.07343079149723053,0.07225102931261063,0.89112389087677,4.165964128333144e-06,-0.00011634780094027519,2.053677558898926,,0.0004271453362889588,-2.1608871975331567e-05,-0.014844192191958427,0.01612173020839691
180,model.layers.22.mlp.gate_proj.weight,3584,1024,0.00027901785714285713,0.00022891320986673236,2.3484342098236084,-0.0006689974688924849,0.319638729095459,0.0005561141297221184,0.17266926169395447,0.2607932984828949,0.005891147535294294,0.5577549934387207,1.5252832174301147,0.0003672113234642893,6.493355751037598,-0.000291400239802897,0.004343804903328419,0.0012343183625489473,0.22819975018501282,0.2333052158355713,0.012968559749424458,0.4956936836242676,1.499537706375122,,,,,,,,,,,,
180,model.layers.22.mlp.up_proj.weight,3584,1024,0.00027901785714285713,0.00022790681396145374,2.3042752742767334,8.183673344319686e-05,0.6832444667816162,0.0013287761248648167,0.1781156361103058,0.2873455286026001,0.015764649957418442,0.5604088306427002,1.5118680000305176,0.00033569903462193906,6.576684951782227,0.00015622787759639323,0.0043659508228302,0.0011208379874005914,0.21347574889659882,0.2558479607105255,0.015406892634928226,0.5077832937240601,1.4990787506103516,,,,,,,,,,,,
180,model.layers.22.mlp.down_proj.weight,1024,3584,0.00027901785714285713,0.0006301713292486966,1.7806251049041748,7.505473331548274e-05,0.7722998261451721,0.00024062959710136056,0.08287743479013443,0.45797020196914673,0.008619624190032482,0.603046178817749,1.4843591451644897,0.00028067472157999873,6.831125736236572,0.00042727598338387907,0.004344994202256203,0.00043553096475079656,0.2095179408788681,0.27542445063591003,0.010879621841013432,0.5434975028038025,1.4628483057022095,8.0,0.06411346793174744,0.07191452383995056,0.8331037163734436,1.758031066856347e-05,0.011608999222517014,1.6079320907592773,0.001514369183044168,-3.471775562502444e-05,0.0003216010518372059,0.016953539103269577,0.14986471831798553
180,model.layers.1.linear_attn.in_proj_qkv.weight,6144,1024,0.00016276041666666666,0.0004272696387488395,2.80505633354187,0.0005834184703417122,0.34268301725387573,0.0011286980006843805,0.1729176938533783,0.279480904340744,0.00961811002343893,0.5251796841621399,1.537908673286438,0.00016502090147696435,16.19342041015625,0.0007611577166244388,0.0055559780448675156,0.0003916566784027964,0.25010135769844055,0.22460520267486572,0.009719225578010082,0.5041744112968445,1.5236036777496338,8.0,0.06733917444944382,0.0740843415260315,0.8806577920913696,3.5778499295702204e-05,0.0004753893008455634,0.10639160871505737,0.0752614735587525,0.0004175274516455829,0.00026412084116600454,0.009991641156375408,0.04347153380513191
180,model.layers.1.linear_attn.out_proj.weight,1024,2048,0.00048828125,0.0002634483971633017,1.3291876316070557,-0.00040048023220151663,0.9446126222610474,0.0027244393713772297,0.0816984623670578,0.43405771255493164,0.03869855776429176,0.6142212152481079,1.4186218976974487,0.0005137504194863141,14.75346851348877,0.0021137718576937914,0.0032010527793318033,0.0005307149840518832,0.23027297854423523,0.24764765799045563,0.01687879115343094,0.5169116854667664,1.420593023300171,,,,,,,,,,,,
180,model.layers.12.linear_attn.in_proj_qkv.weight,6144,1024,0.00016276041666666666,6.375573138939217e-05,3.0680654048919678,-8.38038104120642e-05,0.662142276763916,0.00033317148336209357,0.1749517172574997,0.26668646931648254,0.0036785444244742393,0.5727647542953491,1.550614595413208,0.00012625259114429355,9.665550231933594,0.0010388584341853857,0.005492786411195993,0.000316213903715834,0.2519010007381439,0.2184021770954132,0.009183526039123535,0.5075777173042297,1.5307739973068237,8.0,0.07126215845346451,0.07476694881916046,0.8470122814178467,-4.140110831940547e-06,-0.003134171012789011,0.2762167453765869,,-0.0014768043765798211,-0.0020053163170814514,0.008449561893939972,0.06042058393359184
180,model.layers.12.linear_attn.out_proj.weight,1024,2048,0.00048828125,0.00030759352375753224,2.846550226211548,-7.60592520236969e-05,0.8754046559333801,8.459368109470233e-05,0.1691708117723465,0.34346020221710205,0.013488964177668095,0.5637134909629822,1.4304653406143188,0.0004467791295610368,7.3201398849487305,0.0016303987940773368,0.003206461202353239,0.00010265220771543682,0.2213631570339203,0.27021440863609314,0.014472209848463535,0.5297799706459045,1.398841142654419,,,,,,,,,,,,
180,model.layers.21.linear_attn.in_proj_qkv.weight,6144,1024,0.00016276041666666666,0.00013431825209408998,2.5033857822418213,-0.00038633125950582325,0.21234355866909027,0.0015707253478467464,0.1480552852153778,0.29669031500816345,0.009684965945780277,0.5979321002960205,1.5417646169662476,0.00015249650459736586,8.46658992767334,0.0010776912095025182,0.005569086875766516,0.0007445139926858246,0.2151290774345398,0.2532103359699249,0.013168895617127419,0.4936119616031647,1.5239169597625732,8.0,0.06957049667835236,0.06806670129299164,0.874066948890686,1.6230798109972966e-06,0.0002851857279893011,0.03772059828042984,0.005691307985293666,0.0003011215594597161,0.000494218897074461,0.006794178392738104,0.06805725395679474
180,model.layers.21.linear_attn.out_proj.weight,1024,2048,0.00048828125,0.00040876923594623804,2.1773040294647217,-0.0004133181064389646,0.4474489986896515,0.00019248906755819917,0.13498394191265106,0.37011027336120605,0.008426742628216743,0.5560964941978455,1.459173321723938,0.0005097087123431265,4.6063032150268555,0.0010329174110665917,0.0032474221661686897,0.00022952159633859992,0.20764760673046112,0.27988749742507935,0.009816061705350876,0.5398823618888855,1.4590624570846558,,,,,,,,,,,,
200,model.layers.7.self_attn.q_proj.weight,4096,1024,0.000244140625,0.00017143190780188888,2.474200963973999,-0.0005948574398644269,0.5676681995391846,0.0005682544433511794,0.18921983242034912,0.24385857582092285,0.0067925481125712395,0.4815818667411804,1.5347493886947632,0.00021934641699772328,8.255598068237305,0.002204522490501404,0.004687493667006493,0.0009207488619722426,0.2717868685722351,0.19747419655323029,0.010873623192310333,0.4919230341911316,1.5186700820922852,8.0,0.06918025016784668,0.07096148282289505,0.8734443187713623,1.7760517948772758e-05,0.00021244061645120382,0.3562964200973511,0.08360227081553508,0.0018238312331959605,6.90145607222803e-05,0.0004269731289241463,0.055037107318639755
200,model.layers.7.self_attn.k_proj.weight,512,1024,0.0009765625,0.0011124198790639639,3.0701122283935547,5.223471362114651e-06,0.4396842122077942,0.0012023320887237787,0.16138935089111328,0.2384093552827835,0.02547641098499298,0.7008693218231201,1.328619360923767,0.0011887607397511601,5.60930871963501,0.0013201279798522592,0.001762566389515996,0.000350345391780138,0.30402109026908875,0.17453902959823608,0.014858600683510303,0.48391640186309814,1.3430676460266113,,,,,,,,,,,,
200,model.layers.7.self_attn.v_proj.weight,512,1024,0.0009765625,0.0008711823611520231,2.4262471199035645,0.0016880147159099579,0.7218058109283447,0.0005444919224828482,0.13536910712718964,0.24317072331905365,0.0054223439656198025,0.7566185593605042,1.432784080505371,0.001226005726493895,7.398517608642578,0.0014719334430992603,0.001623590593226254,0.0006369384936988354,0.19649215042591095,0.21475273370742798,0.007649869658052921,0.6690282225608826,1.4249283075332642,,,,,,,,,,,,
200,model.layers.7.self_attn.o_proj.weight,1024,2048,0.00048828125,0.00026389697450213134,2.6849331855773926,0.0006460014265030622,1.0016590356826782,8.376457844860852e-05,0.14179950952529907,0.3661637008190155,0.02237188071012497,0.5375878810882568,1.406308889389038,0.0003340017283335328,5.696417331695557,0.0021210028789937496,0.003167441813275218,0.00011059173266403377,0.20061616599559784,0.27182266116142273,0.023364262655377388,0.4410564601421356,1.3809001445770264,,,,,,,,,,,,
200,model.layers.15.self_attn.q_proj.weight,4096,1024,0.000244140625,0.00014083208225201815,3.7300620079040527,-0.00011726738739525899,0.5941669940948486,0.0004851452831644565,0.2247716784477234,0.2188262939453125,0.004633873701095581,0.449375718832016,1.5433412790298462,0.00025754128000698984,10.326814651489258,0.0017030836315825582,0.0044431909918785095,0.0010208497988060117,0.24657802283763885,0.22420115768909454,0.015272439457476139,0.46148398518562317,1.5023378133773804,8.0,0.06303867697715759,0.06914239376783371,0.891520082950592,-8.084858563961461e-06,0.0007629388710483909,0.4820508360862732,-0.010596993901820298,-0.0010558930225670338,9.415629028808326e-05,-0.008093290030956268,0.03525961935520172
200,model.layers.15.self_attn.k_proj.weight,512,1024,0.0009765625,0.000892488460522145,5.46433687210083,1.910291757667437e-06,0.5686500072479248,2.665243300725706e-05,0.2315809726715088,0.25829440355300903,0.0039507620967924595,0.5628857016563416,1.4593626260757446,0.0009389342158101499,12.698162078857422,0.0023285176139324903,0.001546406769193709,8.768461702857167e-05,0.27882370352745056,0.21638716757297516,0.008016020990908146,0.46816784143447876,1.4264323711395264,,,,,,,,,,,,
200,model.layers.15.self_attn.v_proj.weight,512,1024,0.0009765625,0.0008749488042667508,2.457843542098999,4.967135828337632e-05,0.4811716675758362,9.351229527965188e-05,0.24158670008182526,0.21313093602657318,0.004760818090289831,0.5933994650840759,1.4451321363449097,0.0010257599642500281,6.735531806945801,0.0011044010752812028,0.0015456995461136103,0.0003635269240476191,0.22134318947792053,0.23167893290519714,0.006631969008594751,0.6073362231254578,1.4355753660202026,,,,,,,,,,,,
200,model.layers.15.self_attn.o_proj.weight,1024,2048,0.00048828125,0.0004498976340983063,2.5594723224639893,1.3157346074876841e-05,0.7934191226959229,5.395304469857365e-05,0.1390436291694641,0.37497732043266296,0.015152432955801487,0.5296558141708374,1.431355357170105,0.00041720864828675985,7.6927170753479,0.0011878728400915861,0.0031008559744805098,8.641432214062661e-05,0.20535363256931305,0.287921667098999,0.017537053674459457,0.5116012096405029,1.4065648317337036,,,,,,,,,,,,
200,model.layers.19.self_attn.q_proj.weight,4096,1024,0.000244140625,0.00018124694179277867,3.3145129680633545,9.428029443370178e-05,0.4085666835308075,0.0005383005482144654,0.2349964827299118,0.21125923097133636,0.009497839026153088,0.40451130270957947,1.5260134935379028,0.0002464704739395529,8.461075782775879,0.0016471805283799767,0.0043851821683347225,0.0006114692660048604,0.2373647391796112,0.23117992281913757,0.022101692855358124,0.4626169800758362,1.4752410650253296,8.0,0.07504887133836746,0.07247012108564377,0.8617246747016907,1.2712723673757864e-06,0.0006856245454400778,0.2523971199989319,0.0018541815281128862,-0.000881707004737109,0.0001738434366416186,-0.011228654533624649,0.0469682402908802
200,model.layers.19.self_attn.k_proj.weight,512,1024,0.0009765625,0.0011242469772696495,2.7786777019500732,1.8601772353576962e-06,0.39307138323783875,0.0006902161985635757,0.25945743918418884,0.20095409452915192,0.013778451830148697,0.5631932616233826,1.3230445384979248,0.000953728100284934,9.674236297607422,0.0011294010328128934,0.0015351898036897182,0.00042305642273277044,0.2880213260650635,0.1964161992073059,0.020677879452705383,0.45715054869651794,1.3307908773422241,,,,,,,,,,,,
200,model.layers.19.self_attn.v_proj.weight,512,1024,0.0009765625,0.0008146411855705082,1.728407382965088,-0.0006363670690916479,0.28493013978004456,0.0010573947802186012,0.18800228834152222,0.2064506709575653,0.006271003279834986,0.6299598813056946,1.3998756408691406,0.0011244810884818435,6.175019264221191,0.0005362647934816778,0.0015226466348394752,0.00044848016113974154,0.23041605949401855,0.2449222356081009,0.007980150170624256,0.5850366950035095,1.4199475049972534,,,,,,,,,,,,
200,model.layers.19.self_attn.o_proj.weight,1024,2048,0.00048828125,0.0004028520197607577,1.5552843809127808,-0.0002032883930951357,0.5448840856552124,0.00010208391904598102,0.08733434230089188,0.4389680325984955,0.009868258610367775,0.5690658688545227,1.4426158666610718,0.00038549216696992517,7.872546672821045,0.0009997442830353975,0.0030523384921252728,0.00015920847363304347,0.19081225991249084,0.2992340922355652,0.013635101728141308,0.5737632513046265,1.4430265426635742,,,,,,,,,,,,
200,model.layers.1.mlp.gate_proj.weight,3584,1024,0.00027901785714285713,0.0011419684160500765,3.110119581222534,-0.0004484048404265195,0.2851010859012604,0.0005550365895032883,0.16960197687149048,0.3169056475162506,0.009922723285853863,0.5415675640106201,1.514374017715454,0.00029611398349516094,16.763019561767578,0.0009258948848582804,0.00447790278121829,0.0002001114480663091,0.25712135434150696,0.2260001301765442,0.010009607300162315,0.4981551468372345,1.5110491514205933,,,,,,,,,,,,
200,model.layers.1.mlp.up_proj.weight,3584,1024,0.00027901785714285713,0.0004240870475769043,2.906689405441284,5.366164987208322e-05,0.4949352443218231,9.07927387743257e-05,0.15793082118034363,0.33440178632736206,0.008165167644619942,0.5134981870651245,1.5102195739746094,0.00027581071481108665,14.841514587402344,0.0009413666557520628,0.004465469159185886,0.00012008600606350228,0.2514398992061615,0.2352268099784851,0.010353641584515572,0.5002654194831848,1.5107555389404297,,,,,,,,,,,,
200,model.layers.1.mlp.down_proj.weight,1024,3584,0.00027901785714285713,0.00029952070326544344,6.198190212249756,5.107051401864737e-05,0.5412686467170715,0.00022903131321072578,0.1474825143814087,0.35011452436447144,0.009640345349907875,0.6484180688858032,1.4623831510543823,0.000289170682663098,19.87883758544922,0.0006097463192418218,0.004487898666411638,0.00019778079877141863,0.22293499112129211,0.2633350193500519,0.01392696425318718,0.5225038528442383,1.41496741771698,8.0,0.056305013597011566,0.06624015420675278,0.8987566232681274,-2.4428654796793126e-06,0.0006303582922555506,0.6569061279296875,-0.0038753602668384693,-0.0020623086020350456,0.00026163883740082383,-0.005151231307536364,0.053950827568769455
200,model.layers.12.mlp.gate_proj.weight,3584,1024,0.00027901785714285713,0.00020528619643300772,2.4615392684936523,-0.0009614240261726081,0.5266042351722717,0.0006564914365299046,0.19445444643497467,0.24132636189460754,0.007671744097024202,0.5443170070648193,1.5246175527572632,0.00027973498799838126,8.87630844116211,0.002717589261010289,0.004273548722267151,0.0004878677718807012,0.25471627712249756,0.2189302146434784,0.009748226031661034,0.5010945796966553,1.5159597396850586,,,,,,,,,,,,
200,model.layers.12.mlp.up_proj.weight,3584,1024,0.00027901785714285713,0.0002814920444507152,2.7005739212036133,-0.0005227772635407746,0.8313084840774536,0.0004456321767065674,0.1940307915210724,0.28289538621902466,0.009812412783503532,0.5156662464141846,1.5105059146881104,0.000283178873360157,8.531415939331055,0.002117919037118554,0.0042612189427018166,0.0002543605805840343,0.25095516443252563,0.2266436070203781,0.009894220158457756,0.49652138352394104,1.51228666305542,,,,,,,,,,,,
200,model.layers.12.mlp.down_proj.weight,1024,3584,0.00027901785714285713,0.00026509605231694877,3.7853097915649414,-0.0005237519508227706,0.8583629131317139,0.00015488914505112916,0.21113668382167816,0.273626446723938,0.027837898582220078,0.5025014281272888,1.3860522508621216,0.00028021266916766763,11.912891387939453,0.0024011381901800632,0.004216955043375492,0.0001674521918175742,0.23354218900203705,0.2529444098472595,0.020952831953763962,0.49582019448280334,1.3796861171722412,8.0,0.0726635530591011,0.07360686361789703,0.8765467405319214,1.8090246157953516e-05,-3.812895738519728e-05,1.496175765991211,,0.002490226412191987,8.339984924532473e-05,-0.009533848613500595,0.010563280433416367
200,model.layers.22.mlp.gate_proj.weight,3584,1024,0.00027901785714285713,0.0002593369863461703,2.612565517425537,-0.0008070506737567484,0.2267952561378479,0.0015412808861583471,0.17398329079151154,0.2530810236930847,0.010816355235874653,0.5274320244789124,1.5141257047653198,0.0003010842192452401,6.7199578285217285,0.0026102277915924788,0.004013493191450834,0.0006636299658566713,0.22259736061096191,0.2366311252117157,0.010867646895349026,0.5001091957092285,1.5008212327957153,,,,,,,,,,,,
200,model.layers.22.mlp.up_proj.weight,3584,1024,0.00027901785714285713,0.00019697878451552242,2.4489457607269287,0.0003673123137559742,0.5279697179794312,0.0008773993467912078,0.17707709968090057,0.2902022898197174,0.01303818915039301,0.5444397926330566,1.5077418088912964,0.0002526010212022811,6.412201404571533,-9.654799941927195e-05,0.004073598887771368,0.00031627173302695155,0.2162335216999054,0.25445592403411865,0.012744362466037273,0.5118626952171326,1.499531626701355,,,,,,,,,,,,
200,model.layers.22.mlp.down_proj.weight,1024,3584,0.00027901785714285713,0.0003303637495264411,2.0787007808685303,0.0004232214414514601,0.5006502270698547,0.00026745579089038074,0.10119820386171341,0.40861326456069946,0.00749982288107276,0.5574766397476196,1.463727355003357,0.00028648480656556785,6.5150580406188965,0.00036995531991124153,0.004076856188476086,0.00014691993419546634,0.21774254739284515,0.2642673850059509,0.0100227827206254,0.5185534358024597,1.4575268030166626,8.0,0.07269548624753952,0.06926311552524567,0.8401260375976562,-5.6290882639586926e-06,0.0012923472095280886,0.7205619215965271,-0.004355708916657313,0.0012572784908115864,-0.0001660538837313652,-0.001804437255486846,0.12614701688289642
200,model.layers.1.linear_attn.in_proj_qkv.weight,6144,1024,0.00016276041666666666,0.00011626166815403849,2.589015007019043,-0.0007663142750971019,0.2621859014034271,0.00047768012154847383,0.16914737224578857,0.29532745480537415,0.00677533121779561,0.5320497751235962,1.5392464399337769,0.00014991764328442514,14.997261047363281,0.0012662424705922604,0.006048958748579025,0.00040747885941527784,0.25644269585609436,0.21908222138881683,0.010778116062283516,0.4994235038757324,1.5204908847808838,8.0,0.0726068913936615,0.06746811419725418,0.8920380473136902,-4.4714980163007567e-07,0.0002296561433468014,0.07225380837917328,-0.0019470404541055072,0.0029308076482266188,0.00013466307427734137,0.015080227516591549,0.06127355620265007
200,model.layers.1.linear_attn.out_proj.weight,1024,2048,0.00048828125,0.000909112801309675,1.40157151222229,-0.0005207221838645637,0.6439049243927002,0.0004410685505717993,0.09138588607311249,0.44306445121765137,0.012918082065880299,0.639110267162323,1.4281843900680542,0.0005716540617868304,12.751774787902832,0.004055227153003216,0.0033643878996372223,0.0010142773389816284,0.2298351675271988,0.2475862354040146,0.02372133545577526,0.5118610858917236,1.3623157739639282,,,,,,,,,,,,
200,model.layers.12.linear_attn.in_proj_qkv.weight,6144,1024,0.00016276041666666666,7.576216739835218e-05,3.7660064697265625,-0.0005563394515775144,0.5021993517875671,0.00040463864570483565,0.1775038093328476,0.26136818528175354,0.00352287944406271,0.5615434050559998,1.5530904531478882,0.000138574541779235,10.238780975341797,0.0018305140547454357,0.005590792745351791,0.0003633364394772798,0.254583477973938,0.21858064830303192,0.008005456067621708,0.5075930953025818,1.5350735187530518,8.0,0.07632751762866974,0.0728452280163765,0.8696310520172119,1.6269177649519406e-06,0.0010523856617510319,0.1615593135356903,0.001545933039647236,0.0008988070185296237,0.0008109573973342776,0.010259692557156086,0.06876951456069946
200,model.layers.12.linear_attn.out_proj.weight,1024,2048,0.00048828125,0.00032878151978366077,3.0438232421875,-0.0009628982516005635,0.6813523769378662,9.325855353381485e-05,0.19229179620742798,0.310225248336792,0.01618826575577259,0.5314091444015503,1.4142686128616333,0.0004755698028020561,7.212587356567383,0.0030260742641985416,0.0032228596974164248,0.00013506734103430063,0.22832165658473969,0.26142606139183044,0.017457520589232445,0.5154924392700195,1.393954873085022,,,,,,,,,,,,
200,model.layers.21.linear_attn.in_proj_qkv.weight,6144,1024,0.00016276041666666666,9.039560245582834e-05,2.8380484580993652,0.00020615101675502956,0.13966946303844452,0.0014194827526807785,0.16127873957157135,0.2772325873374939,0.00946771539747715,0.5663922429084778,1.5391000509262085,0.0001535665214760229,8.90837287902832,0.0013564849505200982,0.0053162905387580395,0.0005935172666795552,0.2202976495027542,0.24962131679058075,0.011634206399321556,0.49049288034439087,1.5242090225219727,8.0,0.06959228962659836,0.06882867217063904,0.8905909657478333,-3.638644443526573e-07,1.8592807464301586e-05,0.014153962954878807,-0.019570172231992474,0.0019653604831546545,-2.066381239274051e-05,0.005460449028760195,0.0497153177857399
200,model.layers.21.linear_attn.out_proj.weight,1024,2048,0.00048828125,0.000389494322007522,2.777277708053589,0.0007634226349182427,0.29961228370666504,0.0003932399267796427,0.12447498738765717,0.3827771544456482,0.015218941494822502,0.5636821985244751,1.4327645301818848,0.0005135276587679982,4.688322067260742,0.001114781480282545,0.003056407207623124,0.00014469207962974906,0.20770828425884247,0.27988848090171814,0.010926693677902222,0.5404176712036133,1.4475631713867188,,,,,,,,,,,,
220,model.layers.7.self_attn.q_proj.weight,4096,1024,0.000244140625,0.00010919912892859429,2.4086203575134277,-0.00022591330343857408,0.39198794960975647,0.000730265979655087,0.17270208895206451,0.2781519889831543,0.007546242792159319,0.536643385887146,1.5367087125778198,0.00023535999935120344,8.579001426696777,0.0016233182977885008,0.0042912219651043415,0.0004734528483822942,0.26534995436668396,0.2005191296339035,0.010569099336862564,0.4954332709312439,1.514001727104187,8.0,0.060895539820194244,0.06760898977518082,0.8925613164901733,-7.640741387149319e-06,0.0004564350820146501,0.16883277893066406,-0.016740039686309816,-0.0022388529032468796,0.00014108205505181104,0.009670657105743885,0.055027853697538376
220,model.layers.7.self_attn.k_proj.weight,512,1024,0.0009765625,0.0010829309467226267,3.368908166885376,2.3852521735534538e-06,0.2952015697956085,0.0013967216946184635,0.1747571974992752,0.2344619631767273,0.02813379466533661,0.6718793511390686,1.3288177251815796,0.0010263088624924421,13.072998046875,-0.002849462442100048,0.001425990485586226,0.0007069524144753814,0.28666597604751587,0.18374785780906677,0.016542084515094757,0.5006886124610901,1.3495283126831055,,,,,,,,,,,,
220,model.layers.7.self_attn.v_proj.weight,512,1024,0.0009765625,0.0008047503652051091,1.7097246646881104,0.001377655891701579,0.5766299962997437,0.00017211402882821858,0.14481225609779358,0.25419706106185913,0.0031634035985916853,0.7380740642547607,1.4474354982376099,0.00104694499168545,5.0044145584106445,0.0012832976644858718,0.0015773647464811802,0.0004321544256526977,0.1900816112756729,0.2165997326374054,0.0073714591562747955,0.6769145131111145,1.4220174551010132,,,,,,,,,,,,
220,model.layers.7.self_attn.o_proj.weight,1024,2048,0.00048828125,0.0002580843574833125,2.1309030055999756,0.000467904144898057,0.9061007499694824,3.416747131268494e-05,0.12823070585727692,0.40153583884239197,0.011847484856843948,0.5948801040649414,1.4448741674423218,0.00034828842035494745,5.4038543701171875,0.0018715186743065715,0.0031047100201249123,0.00019155317568220198,0.2005632221698761,0.2757594585418701,0.02461428754031658,0.449467271566391,1.380860686302185,,,,,,,,,,,,
220,model.layers.15.self_attn.q_proj.weight,4096,1024,0.000244140625,0.00013264418521430343,3.2831199169158936,0.00025293667567893863,0.6217933893203735,0.00023883127141743898,0.2003023326396942,0.2446213662624359,0.0036095937248319387,0.4330747425556183,1.5470460653305054,0.00026277705910615623,8.694726943969727,0.0017308708047494292,0.004487527534365654,0.00048471492482349277,0.245388925075531,0.22743961215019226,0.013427498750388622,0.4518760144710541,1.5066932439804077,8.0,0.0757182165980339,0.07038875669240952,0.8737902045249939,-1.449047886126209e-05,-0.0011741822818294168,0.4427979588508606,,0.003764492692425847,-0.0003502721665427089,-0.003878182964399457,0.05927227810025215
220,model.layers.15.self_attn.k_proj.weight,512,1024,0.0009765625,0.0009632358560338616,3.3281350135803223,4.367963811091613e-06,0.586158275604248,0.0001783564657671377,0.23522156476974487,0.24599076807498932,0.0035588389728218317,0.5603103041648865,1.4638017416000366,0.0009704644908197224,9.687273979187012,0.0014377180486917496,0.001633154577575624,0.00013832452532369643,0.28217241168022156,0.20931771397590637,0.007566845044493675,0.47810548543930054,1.4175246953964233,,,,,,,,,,,,
220,model.layers.15.self_attn.v_proj.weight,512,1024,0.0009765625,0.0010196416405960917,1.7860475778579712,-0.000834224745631218,0.46953144669532776,8.619507570983842e-05,0.2172851413488388,0.2347303181886673,0.003284165170043707,0.6116039156913757,1.4533326625823975,0.001036567846313119,5.602120399475098,0.0018537286669015884,0.0015613058349117637,0.00024665214004926383,0.21999718248844147,0.23392854630947113,0.005837270058691502,0.605311393737793,1.4397791624069214,,,,,,,,,,,,
220,model.layers.15.self_attn.o_proj.weight,1024,2048,0.00048828125,0.0004808706580661237,1.7330201864242554,-0.0002796213957481086,0.8382992744445801,4.1398168832529336e-05,0.09492093324661255,0.4445590376853943,0.0089061064645648,0.5675315856933594,1.4280633926391602,0.00042921261047013104,6.001284122467041,0.0018578721210360527,0.0031160616781562567,8.210578380385414e-05,0.20278596878051758,0.29085585474967957,0.017069462686777115,0.5140615105628967,1.4049900770187378,,,,,,,,,,,,
220,model.layers.19.self_attn.q_proj.weight,4096,1024,0.000244140625,0.00017663129256106913,2.795895576477051,-9.695719927549362e-05,0.42633065581321716,0.0009011636720970273,0.2267679125070572,0.20697620511054993,0.007508289534598589,0.38698476552963257,1.5344657897949219,0.00023728018277324736,8.542525291442871,0.000691689201630652,0.004576175939291716,0.000823997484985739,0.2401113212108612,0.23133403062820435,0.01820630207657814,0.46352145075798035,1.4943643808364868,8.0,0.07309580594301224,0.07496239989995956,0.856772243976593,4.377218829176854e-06,0.0031670741736888885,0.25004518032073975,0.0013821017725260394,0.0013962496304884553,0.0013843228807672858,0.007071704138070345,0.08950432389974594
220,model.layers.19.self_attn.k_proj.weight,512,1024,0.0009765625,0.0010535544715821743,2.0598151683807373,2.065306944132317e-06,0.5269079208374023,0.000556107668671757,0.26077476143836975,0.1982617825269699,0.012144812382757664,0.5752114057540894,1.3404608964920044,0.001132632722146809,8.53239917755127,0.0007118014036677778,0.0016576915513724089,0.00018124662165064365,0.2864612340927124,0.19754892587661743,0.020008902996778488,0.4514111280441284,1.3075650930404663,,,,,,,,,,,,
220,model.layers.19.self_attn.v_proj.weight,512,1024,0.0009765625,0.000815838691778481,1.7792003154754639,0.0010102891828864813,0.36048853397369385,0.001588930725120008,0.2139173001050949,0.1934121698141098,0.007566892076283693,0.5848354697227478,1.4348950386047363,0.0010028688702732325,5.331656455993652,-0.00039251806447282434,0.001649592537432909,0.0009147832752205431,0.23554053902626038,0.236481711268425,0.009427543729543686,0.5744194984436035,1.4178603887557983,,,,,,,,,,,,
220,model.layers.19.self_attn.o_proj.weight,1024,2048,0.00048828125,0.0005708203534595668,1.4763776063919067,0.0003077505680266768,0.7010881900787354,0.00013383413897827268,0.0881895124912262,0.4965397119522095,0.01206293236464262,0.6557646989822388,1.4445208311080933,0.0004198472306597978,7.208089828491211,0.0012056103441864252,0.003273382782936096,0.00013472903810907155,0.1931864470243454,0.29753759503364563,0.013121351599693298,0.578856885433197,1.4326761960983276,,,,,,,,,,,,
220,model.layers.1.mlp.gate_proj.weight,3584,1024,0.00027901785714285713,0.00019928431720472872,2.8525054454803467,1.1354456546541769e-05,0.2629776895046234,0.00031793085508979857,0.15815161168575287,0.32856258749961853,0.0071785543113946915,0.5379172563552856,1.5188459157943726,0.0002832279133144766,18.520612716674805,0.0018105992348864675,0.004032408352941275,0.00020071711333002895,0.2526344954967499,0.23128318786621094,0.009859608486294746,0.5004357695579529,1.5112173557281494,,,,,,,,,,,,
220,model.layers.1.mlp.up_proj.weight,3584,1024,0.00027901785714285713,0.00021479783754330128,2.45068359375,-0.0002174857072532177,0.4649832844734192,8.431139576714486e-05,0.1367945373058319,0.3666776716709137,0.009694110602140427,0.5216841101646423,1.5155584812164307,0.0003119995235465467,15.791815757751465,0.0023988033644855022,0.004020460415631533,0.00015941582387313247,0.24725762009620667,0.23992908000946045,0.00951959565281868,0.5055412650108337,1.5116831064224243,,,,,,,,,,,,
220,model.layers.1.mlp.down_proj.weight,1024,3584,0.00027901785714285713,0.00031083289650268853,3.7759695053100586,-0.00019980684737674892,0.498708575963974,0.0016205733409151435,0.14485549926757812,0.33838313817977905,0.015117566101253033,0.6373924016952515,1.4396427869796753,0.0003345872391946614,26.775997161865234,0.0021118163131177425,0.003998367115855217,0.000422284851083532,0.22545969486236572,0.258648544549942,0.016016779467463493,0.5123001337051392,1.4068560600280762,8.0,0.07227053493261337,0.06933896988630295,0.8864497542381287,1.1337274372635875e-05,0.001459597609937191,0.5051485896110535,0.00776739718909497,0.0035716891288757324,0.00017177051631733775,0.0018193853320553899,0.057594750076532364
220,model.layers.12.mlp.gate_proj.weight,3584,1024,0.00027901785714285713,0.000202802344574593,3.0483975410461426,0.00046714660129509866,0.4266178011894226,0.0010002899216488004,0.18775534629821777,0.24489378929138184,0.007572260685265064,0.5455884337425232,1.520248293876648,0.0002745967067312449,9.001643180847168,-0.00040087339584715664,0.004235178232192993,0.00039588724030181766,0.25734081864356995,0.21694675087928772,0.009577944874763489,0.4996618628501892,1.5077190399169922,,,,,,,,,,,,
220,model.layers.12.mlp.up_proj.weight,3584,1024,0.00027901785714285713,0.00029366472153924406,2.8920652866363525,0.00022574861941393465,0.7272818684577942,0.0003497023426461965,0.2056640386581421,0.27541324496269226,0.008162413723766804,0.5150235295295715,1.5182549953460693,0.00028248224407434464,8.510040283203125,0.0012940769083797932,0.00422280328348279,0.0003454729449003935,0.2557178735733032,0.22368840873241425,0.009535168297588825,0.49773305654525757,1.510920763015747,,,,,,,,,,,,
220,model.layers.12.mlp.down_proj.weight,1024,3584,0.00027901785714285713,0.0002558659471105784,5.940479278564453,0.00022273999638855457,0.7561064958572388,0.0001472406293032691,0.18801867961883545,0.3081227242946625,0.021010324358940125,0.5532824397087097,1.3972305059432983,0.00026603625155985355,11.922294616699219,0.0009785388829186559,0.004218344110995531,0.0002063806023215875,0.22792097926139832,0.25725772976875305,0.02213853970170021,0.4989089071750641,1.3618757724761963,8.0,0.06692878901958466,0.06968726962804794,0.9013780951499939,4.692975380748976e-06,0.0031433526892215014,1.151970624923706,0.0014929840347986092,-0.0018013701774179935,0.0002844262053258717,-0.0026514865458011627,0.030819859355688095
220,model.layers.22.mlp.gate_proj.weight,3584,1024,0.00027901785714285713,0.0002706807863432914,2.6778149604797363,0.0016330635407939553,0.27878648042678833,0.0010605041170492768,0.17264610528945923,0.26479843258857727,0.007890301756560802,0.5673478841781616,1.5221246480941772,0.0002893008932005614,6.818684101104736,0.0013573170872405171,0.004223175346851349,0.0008245058706961572,0.22732135653495789,0.23571883141994476,0.010647507384419441,0.4939575493335724,1.5088361501693726,,,,,,,,,,,,
220,model.layers.22.mlp.up_proj.weight,3584,1024,0.00027901785714285713,0.00024215265875682235,2.525503158569336,0.0011310790432617068,0.6851133108139038,0.001232289127074182,0.17206256091594696,0.2950810492038727,0.01796255074441433,0.5770131945610046,1.5050605535507202,0.0002968644257634878,6.462290287017822,0.00027236464666202664,0.004276629537343979,0.0006557943415828049,0.2147819697856903,0.25339046120643616,0.01480130385607481,0.5068855881690979,1.4924205541610718,,,,,,,,,,,,
220,model.layers.22.mlp.down_proj.weight,1024,3584,0.00027901785714285713,0.00048114609671756625,1.7576665878295898,0.0011896046344190836,0.7136673331260681,0.0005755904130637646,0.08435016870498657,0.4200102984905243,0.012772203423082829,0.5588268637657166,1.4689966440200806,0.0002896884107030928,6.559876918792725,0.00029543667915277183,0.004275042563676834,0.0004307069175411016,0.20635488629341125,0.27570846676826477,0.011032653972506523,0.5401976704597473,1.4598482847213745,8.0,0.076865553855896,0.07622414827346802,0.8352883458137512,-4.2849227611441165e-05,0.015136194415390491,1.3430110216140747,-0.0028309115511803975,-0.0020137568935751915,0.00119866244494915,-0.0010023177601397038,0.14933376014232635
220,model.layers.1.linear_attn.in_proj_qkv.weight,6144,1024,0.00016276041666666666,0.00010886213567573577,2.6364669799804688,0.0001843470527091995,0.2079348862171173,0.0007934258901514113,0.17066487669944763,0.2876524329185486,0.007745488081127405,0.5277288556098938,1.5368398427963257,0.00015406885358970612,16.0266170501709,0.0016968661220744252,0.005144942086189985,0.0005558407283388078,0.24617141485214233,0.22531452775001526,0.01064346358180046,0.5072056651115417,1.5202077627182007,8.0,0.0698353573679924,0.066830113530159,0.8961082696914673,-4.747008688354981e-07,4.143768092035316e-05,0.04550762102007866,-0.011455777888437208,0.0018621230265125632,0.00021814758656546474,-0.00927251111716032,0.030163012444972992
220,model.layers.1.linear_attn.out_proj.weight,1024,2048,0.00048828125,0.0014020741218701005,1.258538007736206,-0.00026457017520442605,0.6624212861061096,0.0005873661139048636,0.07108570635318756,0.4805997908115387,0.009928199462592602,0.6453351378440857,1.4410276412963867,0.0005242797778919339,13.48082160949707,0.0025640525855123997,0.002999034244567156,0.0005909964093007147,0.23173348605632782,0.24913851916790009,0.0156797356903553,0.5168009400367737,1.4168332815170288,,,,,,,,,,,,
220,model.layers.12.linear_attn.in_proj_qkv.weight,6144,1024,0.00016276041666666666,7.602058758493513e-05,2.823979377746582,0.0003040498704649508,0.465914249420166,0.0003899242728948593,0.1745910495519638,0.2569163143634796,0.0038366285152733326,0.5653361678123474,1.551194190979004,0.00013509717246051878,9.593819618225098,0.0005653079133480787,0.00556257413700223,0.00035705117625184357,0.2535933256149292,0.21548053622245789,0.008298401720821857,0.5074462294578552,1.5336896181106567,8.0,0.07429233193397522,0.0697508454322815,0.8824386596679688,7.597420790261822e-07,-0.0001672117505222559,0.14050531387329102,,-0.00024921202566474676,-0.00013141953968442976,0.008664452470839024,0.07136210799217224
220,model.layers.12.linear_attn.out_proj.weight,1024,2048,0.00048828125,0.0003172490687575191,2.7221550941467285,0.00042321818182244897,0.6586841344833374,0.00010641393600963056,0.16012047231197357,0.349608838558197,0.017658956348896027,0.5708723664283752,1.4416496753692627,0.0004812880069948733,7.09688138961792,0.0016421736218035221,0.0031816409900784492,0.0001521970989415422,0.22296467423439026,0.26487523317337036,0.020903998985886574,0.5213119387626648,1.3969929218292236,,,,,,,,,,,,
220,model.layers.21.linear_attn.in_proj_qkv.weight,6144,1024,0.00016276041666666666,9.25565545912832e-05,2.8535304069519043,-6.970642971282359e-06,0.19120323657989502,0.0006810020422562957,0.16368776559829712,0.2783353924751282,0.00727409403771162,0.5710428953170776,1.5397433042526245,0.00018815003568306565,9.171476364135742,0.0011548456968739629,0.005624835379421711,0.0009569467511028051,0.21909920871257782,0.2504909038543701,0.013371139764785767,0.48974674940109253,1.5227683782577515,8.0,0.06864213943481445,0.06829313188791275,0.8757489919662476,-5.196494612391689e-07,-0.000589452451094985,0.028998922556638718,,0.00041895441245287657,-0.0032628485932946205,-0.0036787306889891624,0.04570537060499191
220,model.layers.21.linear_attn.out_proj.weight,1024,2048,0.00048828125,0.00040064199129119515,2.1448991298675537,-0.001154012861661613,0.37759894132614136,0.00017246862989850342,0.13071972131729126,0.3746096193790436,0.006707203108817339,0.5708062052726746,1.4716709852218628,0.000474208703963086,4.631180286407471,0.0017365209059789777,0.003134254366159439,0.0002020843530772254,0.20727676153182983,0.2782355844974518,0.008807661011815071,0.5392151474952698,1.4634798765182495,,,,,,,,,,,,
240,model.layers.7.self_attn.q_proj.weight,4096,1024,0.000244140625,0.00012118496670154855,2.0723376274108887,-4.075692686456023e-06,0.5464180111885071,0.0010903346119448543,0.16974195837974548,0.2792452871799469,0.008453905582427979,0.5410895347595215,1.5389760732650757,0.00022921725758351386,7.703759670257568,0.001637068809941411,0.004745536483824253,0.0007417789893224835,0.2709267735481262,0.19765017926692963,0.011123020201921463,0.4931388795375824,1.516288161277771,8.0,0.07646790146827698,0.08300051838159561,0.8302571773529053,-8.228236765717156e-06,0.003499931888654828,0.31228405237197876,-0.0023509705409951896,0.0012141508050262928,0.0012686876580119133,0.006704885512590408,0.05537071451544762
240,model.layers.7.self_attn.k_proj.weight,512,1024,0.0009765625,0.0010119053767994046,3.6157140731811523,7.475505753973266e-06,0.40690430998802185,0.0007805055356584489,0.15984302759170532,0.2564309537410736,0.024780645966529846,0.6964526176452637,1.364128828048706,0.0013986645499244332,7.973929405212402,-0.007871806621551514,0.0016744736349210143,0.0011357585899531841,0.2810610830783844,0.18160666525363922,0.019768550992012024,0.5124895572662354,1.3296669721603394,,,,,,,,,,,,
240,model.layers.7.self_attn.v_proj.weight,512,1024,0.0009765625,0.0009083711775019765,1.788812279701233,-8.805410288914572e-06,0.725364089012146,0.0004487668047659099,0.15293776988983154,0.23757772147655487,0.00440183887258172,0.7320442795753479,1.4380418062210083,0.00108581583481282,6.750901699066162,-0.00027680766652338207,0.0016584484837949276,0.0006032833480276167,0.19780613481998444,0.215480238199234,0.007334128022193909,0.6730130910873413,1.4185711145401,,,,,,,,,,,,
240,model.layers.7.self_attn.o_proj.weight,1024,2048,0.00048828125,0.0002438552473904565,2.25649356842041,-8.37174775369931e-06,1.0511291027069092,6.86378261889331e-05,0.1459367722272873,0.3467021584510803,0.015567131340503693,0.5112589001655579,1.4237216711044312,0.0003210965369362384,5.70490837097168,0.002324929228052497,0.0033155784476548433,0.0001619763352209702,0.19754986464977264,0.27414795756340027,0.02419208735227585,0.44221287965774536,1.37545645236969,,,,,,,,,,,,
240,model.layers.15.self_attn.q_proj.weight,4096,1024,0.000244140625,0.00013666009181179106,2.1474835872650146,0.0001357844303129241,0.6961749196052551,0.0002203986223321408,0.3083890974521637,0.1639280468225479,0.0023380538914352655,0.3445397913455963,1.544403314590454,0.00027296459302306175,8.901877403259277,0.0032727548386901617,0.00469611631706357,0.0010364920599386096,0.2555122375488281,0.21580049395561218,0.01584765501320362,0.45323896408081055,1.5002251863479614,8.0,0.06851109117269516,0.07750971615314484,0.832216203212738,-1.851520937634632e-05,0.001495921052992344,0.6738881468772888,-0.012377130022543429,-0.0002938799443654716,-9.404628508491442e-05,0.010489951819181442,0.06601698696613312
240,model.layers.15.self_attn.k_proj.weight,512,1024,0.0009765625,0.0009767910232767463,2.638502597808838,-6.432562258851249e-06,0.6943662762641907,0.00022480299230664968,0.30644217133522034,0.188150092959404,0.006202795542776585,0.45527058839797974,1.4477505683898926,0.0012046544579789042,10.853720664978027,0.0019470020197331905,0.0017001609085127711,0.00033270398853346705,0.2939826548099518,0.20160172879695892,0.007875015959143639,0.459279328584671,1.4165124893188477,,,,,,,,,,,,
240,model.layers.15.self_attn.v_proj.weight,512,1024,0.0009765625,0.0009854596573859453,2.046231508255005,-0.00023752871493343264,0.40521425008773804,0.000156606751261279,0.2480514496564865,0.2099294364452362,0.0034114480949938297,0.5684909224510193,1.4688879251480103,0.001090199570171535,5.793584823608398,-0.0010043479269370437,0.0016057516913861036,0.0004788661899510771,0.22792793810367584,0.2333015650510788,0.0065009016543626785,0.5976696610450745,1.4524320363998413,,,,,,,,,,,,
240,model.layers.15.self_attn.o_proj.weight,1024,2048,0.00048828125,0.00045414312626235187,2.108837604522705,-9.023839811561629e-05,0.7057194709777832,6.69211003696546e-05,0.11048948019742966,0.41912347078323364,0.011193585582077503,0.5632011294364929,1.4425767660140991,0.00042534235399216413,6.9063239097595215,0.00018845799786504358,0.0032390800770372152,0.0001063975432771258,0.20530933141708374,0.2850959897041321,0.020487088710069656,0.508843183517456,1.4059638977050781,,,,,,,,,,,,
240,model.layers.19.self_attn.q_proj.weight,4096,1024,0.000244140625,0.00018813552742358297,2.71899151802063,2.6846602850127965e-05,0.37552669644355774,0.000569057185202837,0.2321154773235321,0.22461336851119995,0.00881113950163126,0.43019887804985046,1.522637128829956,0.0002677378070075065,9.187681198120117,0.0016925439704209566,0.0045320880599319935,0.0005168691859580576,0.2424701750278473,0.22970156371593475,0.017751697450876236,0.46256592869758606,1.4949977397918701,8.0,0.07524237036705017,0.07473574578762054,0.8644712567329407,4.5960388206367497e-07,0.0015975827118381858,0.19905826449394226,0.0002876870653756967,0.0013036234304308891,0.0012108596274629235,0.0031584566459059715,0.07561976462602615
240,model.layers.19.self_attn.k_proj.weight,512,1024,0.0009765625,0.0009986411314457655,2.9949097633361816,7.376332177955192e-06,0.41831934452056885,0.0008964805747382343,0.24834111332893372,0.21182763576507568,0.014815659262239933,0.5735777616500854,1.3430718183517456,0.0011761144269257784,9.714043617248535,0.00016164171393029392,0.0015702880918979645,0.00027780112577602267,0.29064205288887024,0.19771750271320343,0.02058975026011467,0.4425163269042969,1.316169261932373,,,,,,,,,,,,
240,model.layers.19.self_attn.v_proj.weight,512,1024,0.0009765625,0.0008625885238870978,1.8274505138397217,-0.0010879652108997107,0.28308701515197754,0.00038889271672815084,0.21833473443984985,0.18673300743103027,0.005172155797481537,0.605525553226471,1.4026113748550415,0.0011047839652746916,5.086470127105713,0.0006892502424307168,0.0016512498259544373,0.0003142762870993465,0.2296496480703354,0.24160237610340118,0.006993131712079048,0.5877501368522644,1.4250653982162476,,,,,,,,,,,,
240,model.layers.19.self_attn.o_proj.weight,1024,2048,0.00048828125,0.0004318099236115813,1.6893616914749146,-0.00036331938463263214,0.5044469237327576,0.00031695878715254366,0.10478116571903229,0.41913679242134094,0.021437307819724083,0.5626345276832581,1.4254722595214844,0.0004120666708331555,7.6146769523620605,0.0010984467808157206,0.0032731734681874514,0.00016627772129140794,0.19323047995567322,0.29694435000419617,0.0131224961951375,0.5743312835693359,1.438398003578186,,,,,,,,,,,,
240,model.layers.1.mlp.gate_proj.weight,3584,1024,0.00027901785714285713,0.0006821962306275964,2.589857816696167,0.0012929094955325127,0.29442521929740906,0.0002022892440436408,0.16150854527950287,0.3234498202800751,0.006639943923801184,0.5359699726104736,1.5144238471984863,0.00027208193205296993,16.596546173095703,0.0008823102107271552,0.004250501282513142,0.00022662756964564323,0.2541157603263855,0.22993028163909912,0.009334258735179901,0.49943768978118896,1.5190098285675049,,,,,,,,,,,,
240,model.layers.1.mlp.up_proj.weight,3584,1024,0.00027901785714285713,0.0010562522802501917,2.2668137550354004,0.0011134762316942215,0.5256352424621582,0.00012479742872528732,0.13901838660240173,0.36287185549736023,0.01121543999761343,0.5166609287261963,1.5082001686096191,0.00029098521918058395,14.29425048828125,0.0014921691035851836,0.004253416322171688,0.0001729371288092807,0.24966058135032654,0.23779721558094025,0.010988522320985794,0.5002219080924988,1.4984855651855469,,,,,,,,,,,,
240,model.layers.1.mlp.down_proj.weight,1024,3584,0.00027901785714285713,0.00029890096629969776,4.726259231567383,0.0010688967304304242,0.545822024345398,0.000950229587033391,0.1488926261663437,0.3401709496974945,0.011710810475051403,0.6302869319915771,1.4650243520736694,0.00032275973353534937,23.618074417114258,0.001343912910670042,0.004246945958584547,0.00023423210950568318,0.22509975731372833,0.25806453824043274,0.013383318670094013,0.5110642313957214,1.4285229444503784,8.0,0.0731174647808075,0.07297220826148987,0.8705601096153259,-5.3364750783657655e-05,-0.002684604376554489,0.6533963680267334,,-0.009714899584650993,-0.00020874236361123621,0.0007968326099216938,0.05526706576347351
240,model.layers.12.mlp.gate_proj.weight,3584,1024,0.00027901785714285713,0.00023785047233104706,2.50545334815979,0.0001992461329791695,0.48317497968673706,0.0006221907678991556,0.1844024956226349,0.2563345432281494,0.006976303644478321,0.5613261461257935,1.5228830575942993,0.0002914265787694603,9.441604614257812,0.00018527236534282565,0.004320310894399881,0.0006103229825384915,0.2561538517475128,0.21971170604228973,0.010795512236654758,0.49541476368904114,1.5103944540023804,,,,,,,,,,,,
240,model.layers.12.mlp.up_proj.weight,3584,1024,0.00027901785714285713,0.0003069172671530396,2.6383798122406006,0.0006134907598607242,0.7876185178756714,0.00026119191898033023,0.20988720655441284,0.2685467302799225,0.007564363535493612,0.49713948369026184,1.516905426979065,0.0002838956716004759,9.109933853149414,0.0013901955680921674,0.0043356106616556644,0.000340307189617306,0.25518327951431274,0.22571122646331787,0.01004845928400755,0.492471307516098,1.5087636709213257,,,,,,,,,,,,
240,model.layers.12.mlp.down_proj.weight,1024,3584,0.00027901785714285713,0.0002472691412549466,3.8935046195983887,0.0005866250721737742,0.850990891456604,0.00016216882795561105,0.19594335556030273,0.2992997169494629,0.019224561750888824,0.5527058839797974,1.4219492673873901,0.00027384658460505307,12.540966033935547,0.0013864345382899046,0.0043602632358670235,0.00014902684779372066,0.2278420329093933,0.2612505853176117,0.018451714888215065,0.5097284913063049,1.3920104503631592,8.0,0.07074260711669922,0.07657260447740555,0.8680892586708069,3.1449262678506784e-06,0.004329998977482319,1.469793677330017,0.0007263110878791242,-0.00157864426728338,0.00018553210247773677,0.0016683032736182213,0.02778579667210579
240,model.layers.22.mlp.gate_proj.weight,3584,1024,0.00027901785714285713,0.00026548831374384463,2.550567865371704,0.0007350937812589109,0.25762075185775757,0.0004615374782588333,0.19202904403209686,0.24403290450572968,0.005220520775765181,0.5248104929924011,1.5250349044799805,0.0003404324525035918,6.801153659820557,-0.00039205863140523434,0.00427102530375123,0.0012655557366088033,0.23039396107196808,0.23248082399368286,0.011926775798201561,0.49674710631370544,1.5080301761627197,,,,,,,,,,,,
240,model.layers.22.mlp.up_proj.weight,3584,1024,0.00027901785714285713,0.00026771295233629644,2.684450387954712,0.0008094193763099611,0.5424169301986694,0.0008869075099937618,0.17373546957969666,0.2913932502269745,0.011719985865056515,0.5800489783287048,1.5099576711654663,0.00029791021370328963,6.398331642150879,-0.0011377142509445548,0.004267311189323664,0.0007585145649500191,0.22022272646427155,0.24756333231925964,0.013741280883550644,0.5023143887519836,1.499083161354065,,,,,,,,,,,,
240,model.layers.22.mlp.down_proj.weight,1024,3584,0.00027901785714285713,0.000353915907908231,2.618941307067871,0.0008713314891792834,0.550764799118042,0.0003839688724838197,0.11776342988014221,0.3612484335899353,0.01174310315400362,0.5076965093612671,1.4599685668945312,0.00029693139367736876,5.867886066436768,-0.001344831776805222,0.004319863393902779,0.00017326563829556108,0.21681562066078186,0.2648414075374603,0.009175905026495457,0.5214990973472595,1.4541982412338257,8.0,0.0713350772857666,0.06818493455648422,0.8272429704666138,-9.31650629354408e-06,0.0013437746092677116,0.9101113080978394,-0.0069330870142137145,0.0006702229147776961,0.0002618703874759376,0.004725663457065821,0.10771489143371582
240,model.layers.1.linear_attn.in_proj_qkv.weight,6144,1024,0.00016276041666666666,0.0001114466940634884,2.2961790561676025,0.0009862817823886871,0.2767418920993805,0.0009924269979819655,0.16174699366092682,0.29451122879981995,0.009132815524935722,0.530562698841095,1.5338495969772339,0.00015486768097616732,15.112253189086914,0.0008621031302027404,0.005494286306202412,0.0004977383650839329,0.2496606856584549,0.22173616290092468,0.010818258859217167,0.5009424090385437,1.5245037078857422,8.0,0.08711601048707962,0.07495811581611633,0.8647293448448181,1.1190277291461825e-06,-8.787726983428001e-06,0.07481850683689117,,0.005912423133850098,0.00044615694787353277,0.014301755465567112,0.06382562965154648
240,model.layers.1.linear_attn.out_proj.weight,1024,2048,0.00048828125,0.0003591908607631922,1.2871520519256592,0.00043946769437752664,0.727030873298645,0.0007316304836422205,0.08887333422899246,0.42826998233795166,0.013811112381517887,0.5959153175354004,1.4423094987869263,0.0005753414588980377,12.154705047607422,0.0005746418610215187,0.003148861927911639,0.0005784600507467985,0.23155644536018372,0.24851681292057037,0.017341112717986107,0.512781023979187,1.4118952751159668,,,,,,,,,,,,
240,model.layers.12.linear_attn.in_proj_qkv.weight,6144,1024,0.00016276041666666666,6.911340460646898e-05,3.0324110984802246,3.2197443943005055e-05,0.4879523515701294,0.0006362939020618796,0.17471030354499817,0.2598598301410675,0.004908072762191296,0.5585362315177917,1.5480387210845947,0.00013263356231618673,10.684134483337402,0.00041862399666570127,0.005617999006062746,0.00047924742102622986,0.25348833203315735,0.21785561740398407,0.008463218808174133,0.5066732168197632,1.534745216369629,8.0,0.07217436283826828,0.07579228281974792,0.8544120788574219,1.0053433925349964e-06,0.0017720212927088141,0.15444999933242798,0.0005673427270155261,0.006375710479915142,0.0015663168160244823,0.008981635794043541,0.07232023775577545
240,model.layers.12.linear_attn.out_proj.weight,1024,2048,0.00048828125,0.00032370249391533434,3.0534005165100098,-0.0005738462787121534,0.7028462886810303,5.9912756114499643e-05,0.16862916946411133,0.34328320622444153,0.011207165196537971,0.5731747150421143,1.4332349300384521,0.00047890818677842617,7.827575206756592,0.002997826552018523,0.0032861479558050632,0.00012656094622798264,0.22319431602954865,0.26752299070358276,0.01661299541592598,0.5248379111289978,1.402410864830017,,,,,,,,,,,,
240,model.layers.21.linear_attn.in_proj_qkv.weight,6144,1024,0.00016276041666666666,0.00012358211097307503,3.4538965225219727,0.0002712983114179224,0.15702582895755768,0.0007032727589830756,0.17778243124485016,0.27012741565704346,0.007083000615239143,0.539635181427002,1.5393613576889038,0.00015754914784338325,7.965500354766846,0.0008809900609776378,0.00577824329957366,0.0008967985049821436,0.21541312336921692,0.25368162989616394,0.01361253671348095,0.49513182044029236,1.5204262733459473,8.0,0.07491745799779892,0.06595031917095184,0.8743923902511597,5.331554575604969e-08,-0.00026319135213270783,0.02546360157430172,,-5.5865100875962526e-05,-0.0011987152975052595,0.004563838243484497,0.049570657312870026
240,model.layers.21.linear_attn.out_proj.weight,1024,2048,0.00048828125,0.0003494769334793091,3.3906562328338623,0.0015095274429768324,0.3105156719684601,7.606441067764536e-05,0.14709556102752686,0.35533592104911804,0.007461534813046455,0.544520378112793,1.4612627029418945,0.0005322846700437367,4.434031963348389,0.0020721324253827333,0.0032550895120948553,0.00016223301645368338,0.20751379430294037,0.2794586718082428,0.009401174262166023,0.5423463582992554,1.464049220085144,,,,,,,,,,,,
260,model.layers.7.self_attn.q_proj.weight,4096,1024,0.000244140625,9.804761793930084e-05,2.434967517852783,-0.00012257618072908372,0.6650961637496948,0.0007184224668890238,0.18881839513778687,0.2589930593967438,0.006446420680731535,0.5338808298110962,1.5391403436660767,0.00023473832698073238,9.194181442260742,0.0016845305217429996,0.004615880083292723,0.0005324947414919734,0.2641151249408722,0.20253489911556244,0.009965873323380947,0.5014511346817017,1.5168594121932983,8.0,0.0687604770064354,0.07057440280914307,0.8873299360275269,-2.205496912210947e-06,0.0018099630251526833,0.47127053141593933,-0.0012185314736055989,5.501413033925928e-05,0.0006754670175723732,-0.00039794124313630164,0.05312974750995636
260,model.layers.7.self_attn.k_proj.weight,512,1024,0.0009765625,0.0012004385935142636,3.917614221572876,-7.126926902856212e-06,0.47905433177948,0.0012120979372411966,0.18764223158359528,0.2283262461423874,0.021664170548319817,0.672376275062561,1.3401504755020142,0.0011374234454706311,12.143028259277344,-0.0012037034612149,0.001601301017217338,0.00021759525407105684,0.2999507784843445,0.17888732254505157,0.014047388918697834,0.4879019856452942,1.372677206993103,,,,,,,,,,,,
260,model.layers.7.self_attn.v_proj.weight,512,1024,0.0009765625,0.0009070001542568207,1.9672857522964478,0.0005382361705414951,0.9023762345314026,0.00041089393198490143,0.13553042709827423,0.2550574541091919,0.006216190755367279,0.752042829990387,1.4229825735092163,0.0011797318002209067,6.204617023468018,6.856243999209255e-05,0.0016283580334857106,0.0005078564863651991,0.19078649580478668,0.22143371403217316,0.00815977156162262,0.6795766353607178,1.4275623559951782,,,,,,,,,,,,
260,model.layers.7.self_attn.o_proj.weight,1024,2048,0.00048828125,0.0002670927788130939,2.247278928756714,0.0002004521811613813,1.2764946222305298,8.116241224342957e-05,0.15104717016220093,0.3442551791667938,0.023597991093993187,0.5130726099014282,1.4046518802642822,0.0003132113488391042,5.521317481994629,0.0007393311825580895,0.003217688063159585,0.00018612417625263333,0.1925831437110901,0.2836420238018036,0.028036149218678474,0.45940715074539185,1.38034188747406,,,,,,,,,,,,
260,model.layers.15.self_attn.q_proj.weight,4096,1024,0.000244140625,0.0001571659668115899,3.921457529067993,-0.0004150525783188641,0.7693193554878235,0.00035676342668011785,0.28112179040908813,0.18038685619831085,0.003593584755435586,0.4186300039291382,1.5426124334335327,0.00028355943504720926,8.640040397644043,0.002712947316467762,0.004614853300154209,0.0014447274152189493,0.2616916000843048,0.20887649059295654,0.018818899989128113,0.4533042311668396,1.4877396821975708,8.0,0.07003521174192429,0.0710320845246315,0.881054162979126,8.906794391805306e-06,0.006591001059859991,0.7715736627578735,0.0013513568441141334,0.0005360905197449028,0.0018744849367067218,0.007044607307761908,0.06693115085363388
260,model.layers.15.self_attn.k_proj.weight,512,1024,0.0009765625,0.0008691190741956234,3.299816608428955,-3.197965725121321e-06,0.7863649725914001,0.00021233635197859257,0.21056540310382843,0.28100329637527466,0.005986830219626427,0.5884613394737244,1.4314892292022705,0.0012196239549666643,9.267694473266602,0.00048158480785787106,0.001644755364395678,0.0004338619182817638,0.2766773998737335,0.21703772246837616,0.010889003053307533,0.47579774260520935,1.3977476358413696,,,,,,,,,,,,
260,model.layers.15.self_attn.v_proj.weight,512,1024,0.0009765625,0.0010883738286793232,2.4969396591186523,0.0012142115738242865,0.6189377903938293,0.00014029645535629243,0.28560203313827515,0.19748219847679138,0.004026150330901146,0.545461893081665,1.462763786315918,0.001112230122089386,5.134851455688477,-1.9652756236610003e-05,0.0016306204488500953,0.0002680243633221835,0.2316877245903015,0.23202447593212128,0.0072392625734210014,0.5905125737190247,1.4361895322799683,,,,,,,,,,,,
260,model.layers.15.self_attn.o_proj.weight,1024,2048,0.00048828125,0.000455638044513762,2.4622228145599365,0.0004599402891471982,0.9775718450546265,3.6759847716894e-05,0.17159715294837952,0.33502209186553955,0.019423460587859154,0.4869137108325958,1.4248536825180054,0.00043040202581323683,6.734286785125732,0.00037084773066453636,0.003207411849871278,9.79461328824982e-05,0.20865240693092346,0.28195372223854065,0.024154623970389366,0.5024024844169617,1.3978767395019531,,,,,,,,,,,,
260,model.layers.19.self_attn.q_proj.weight,4096,1024,0.000244140625,0.00018356065265834332,3.351654052734375,0.00036504535819403827,0.48621103167533875,0.0004981083911843598,0.24901092052459717,0.19676142930984497,0.006566593423485756,0.4225471317768097,1.5345041751861572,0.00024695065803825855,8.350082397460938,0.0005309132975526154,0.004535662941634655,0.0007723905146121979,0.24368008971214294,0.22662204504013062,0.02009272761642933,0.4595625698566437,1.4918527603149414,8.0,0.07892865687608719,0.07260919362306595,0.8663097620010376,4.152333076490322e-06,0.0035464083775877953,0.356506884098053,0.001170855872868952,0.0013661691918969154,0.0018218585755676031,0.00409354642033577,0.049251001328229904
260,model.layers.19.self_attn.k_proj.weight,512,1024,0.0009765625,0.0009916754206642509,2.2921762466430664,8.726646228751633e-06,0.5496585965156555,0.0007646108861081302,0.27799659967422485,0.19115802645683289,0.0131226796656847,0.540887176990509,1.3445199728012085,0.0011100880801677704,7.748319149017334,0.002157377079129219,0.0016435468569397926,0.0010961730731651187,0.2899259328842163,0.19382403790950775,0.02578704059123993,0.42752358317375183,1.2657140493392944,,,,,,,,,,,,
260,model.layers.19.self_attn.v_proj.weight,512,1024,0.0009765625,0.0008293028804473579,1.8669233322143555,-0.0015323810512199998,0.2984466254711151,0.002116749994456768,0.20947282016277313,0.1989796906709671,0.010086419060826302,0.6041905879974365,1.4026325941085815,0.0011460509849712253,5.664308547973633,0.005673179402947426,0.001551581546664238,0.0005863268743269145,0.22582785785198212,0.24504335224628448,0.008021607995033264,0.5951329469680786,1.4200841188430786,,,,,,,,,,,,
260,model.layers.19.self_attn.o_proj.weight,1024,2048,0.00048828125,0.0004309776413720101,1.5620591640472412,-0.00043486658250913024,0.6216723322868347,7.497958722524345e-05,0.09869217872619629,0.4686788022518158,0.007978205569088459,0.5977715253829956,1.4372471570968628,0.0004535631451290101,7.051208972930908,0.0030537755228579044,0.0031161559745669365,0.00011371839354978874,0.19740569591522217,0.2923269271850586,0.014978504739701748,0.5652424097061157,1.4387964010238647,,,,,,,,,,,,
260,model.layers.1.mlp.gate_proj.weight,3584,1024,0.00027901785714285713,0.00030914536910131574,3.018930673599243,-0.0005879898671992123,0.38485902547836304,0.0002776112814899534,0.1698811799287796,0.31029820442199707,0.006815000437200069,0.5252948999404907,1.5224798917770386,0.000280977226793766,19.617910385131836,0.0011095341760665178,0.0043032411485910416,0.0001647715107537806,0.2538943886756897,0.23040859401226044,0.009004289284348488,0.49980902671813965,1.517048954963684,,,,,,,,,,,,
260,model.layers.1.mlp.up_proj.weight,3584,1024,0.00027901785714285713,0.00023240235168486834,2.6215152740478516,-0.0006901129963807762,0.6736631393432617,7.993112376425415e-05,0.14739832282066345,0.346277117729187,0.00775825884193182,0.5113489627838135,1.5118963718414307,0.000306606205413118,16.67532730102539,0.002439212054014206,0.004278571344912052,0.00011918393283849582,0.24812005460262299,0.2383010983467102,0.010109025053679943,0.5044770836830139,1.5046848058700562,,,,,,,,,,,,
260,model.layers.1.mlp.down_proj.weight,1024,3584,0.00027901785714285713,0.0002690521068871021,5.630309104919434,-0.0006690152222290635,0.6913922429084778,0.0005104888696223497,0.15838031470775604,0.32960161566734314,0.012156849727034569,0.6195527911186218,1.4358205795288086,0.0003372533537913114,27.257417678833008,0.0018803116399794817,0.004276840947568417,0.00035580992698669434,0.22767479717731476,0.2573331892490387,0.015677059069275856,0.5101423263549805,1.3986637592315674,8.0,0.07376762479543686,0.06798800081014633,0.8940145969390869,-5.591720309894299e-06,0.003908785060048103,1.0479793548583984,-0.001430552006312029,1.954294475581264e-06,0.00032754067797213793,0.007275070063769817,0.05728556960821152
260,model.layers.12.mlp.gate_proj.weight,3584,1024,0.00027901785714285713,0.00019966567924711853,3.416428565979004,0.00042067954200319946,0.5264942049980164,0.0005555021925829351,0.18202972412109375,0.25358423590660095,0.005521772895008326,0.5587396621704102,1.5281281471252441,0.0002623256004881114,9.030451774597168,0.0017906847642734647,0.004295067396014929,0.0005848634755238891,0.2517866790294647,0.22165918350219727,0.01026554312556982,0.5003708600997925,1.514220118522644,,,,,,,,,,,,
260,model.layers.12.mlp.up_proj.weight,3584,1024,0.00027901785714285713,0.0002679847239051014,3.496692657470703,0.00013834457786288112,0.8718791007995605,0.00040614017052575946,0.20200423896312714,0.27518710494041443,0.009400371462106705,0.5156553387641907,1.5126162767410278,0.0002964681189041585,8.806111335754395,0.002804902382194996,0.004289880860596895,0.00039405826828442514,0.2506602108478546,0.2290848195552826,0.010146155022084713,0.5010823607444763,1.5065981149673462,,,,,,,,,,,,
260,model.layers.12.mlp.down_proj.weight,1024,3584,0.00027901785714285713,0.00026116659864783287,8.29316520690918,0.0001433122088201344,0.8783172965049744,0.000212294195080176,0.195243239402771,0.29681551456451416,0.022485574707388878,0.5467618703842163,1.3833057880401611,0.00028990296414121985,11.483284950256348,0.002660922007635236,0.004267576150596142,0.00025441875914111733,0.22765280306339264,0.2585378885269165,0.020596444606781006,0.510776937007904,1.3706259727478027,8.0,0.0682503879070282,0.06719601899385452,0.9177078008651733,-1.793770024960395e-06,0.009464938193559647,1.6294922828674316,-0.00018951735217679009,0.00046770786866545677,0.0009732591570354998,-0.0004889397532679141,0.021502884104847908
260,model.layers.22.mlp.gate_proj.weight,3584,1024,0.00027901785714285713,0.00028989973361603916,2.586655616760254,0.0012965170899406075,0.2511565685272217,0.0012531550601124763,0.18618783354759216,0.2397412210702896,0.008499246090650558,0.5184295773506165,1.5216163396835327,0.00026470888406038284,6.908318519592285,-5.030777901993133e-05,0.0039993831887841225,0.0008125192834995687,0.2231808304786682,0.2387581765651703,0.011474727652966976,0.5008716583251953,1.500069260597229,,,,,,,,,,,,
260,model.layers.22.mlp.up_proj.weight,3584,1024,0.00027901785714285713,0.00023349570983555168,2.600409746170044,0.0005222770851105452,0.5549200177192688,0.0013385106576606631,0.1838371604681015,0.2729994058609009,0.017586970701813698,0.5528336763381958,1.5024667978286743,0.00030656246235594153,6.447011470794678,0.0014167629415169358,0.004092831630259752,0.0007898677722550929,0.21831172704696655,0.24812011420726776,0.015305770561099052,0.5029219388961792,1.4932615756988525,,,,,,,,,,,,
260,model.layers.22.mlp.down_proj.weight,1024,3584,0.00027901785714285713,0.0004872844147030264,1.9873610734939575,0.0005643689655698836,0.5600754022598267,0.0006513943080790341,0.09662751108407974,0.4135811924934387,0.010285509750247002,0.558967113494873,1.4679104089736938,0.00032489484874531627,5.673624515533447,8.345489914063364e-05,0.004157696850597858,0.00041590078035369515,0.20876778662204742,0.2738867998123169,0.011099017225205898,0.5398633480072021,1.4495806694030762,8.0,0.06886087357997894,0.06792858242988586,0.8630663156509399,3.242294769734144e-05,0.005154616665095091,0.8139194250106812,0.006290079321881701,-0.0017218247521668673,0.00030815924401395023,0.008246167562901974,0.1320410668849945
260,model.layers.1.linear_attn.in_proj_qkv.weight,6144,1024,0.00016276041666666666,9.918827709043398e-05,2.7040910720825195,-0.0002619177394080907,0.34750959277153015,0.0006150953122414649,0.1741047352552414,0.27666333317756653,0.006603953428566456,0.5154327154159546,1.537415862083435,0.00014896008360665292,17.653213500976562,0.0002037690719589591,0.005578997544944286,0.00036672636633738875,0.2495623230934143,0.22561299800872803,0.009326363913714886,0.5038779973983765,1.5301202535629272,8.0,0.06086801737546921,0.06842382997274399,0.8936351537704468,-5.285290171741508e-06,0.0002869971503969282,0.12305447459220886,-0.018415828047183558,-0.00291335117071867,0.00021394067152868956,0.00011761016503442079,0.048782456666231155
260,model.layers.1.linear_attn.out_proj.weight,1024,2048,0.00048828125,0.0007199840620160103,1.3189010620117188,-0.00031769403722137213,0.8852571249008179,0.0015288264257833362,0.0890824943780899,0.4041285812854767,0.029183240607380867,0.5649823546409607,1.4036760330200195,0.0005398347857408226,14.015898704528809,0.001272615627385676,0.003168910974636674,0.0007150857127271593,0.23148751258850098,0.24689653515815735,0.020486099645495415,0.512608528137207,1.3624067306518555,,,,,,,,,,,,
260,model.layers.12.linear_attn.in_proj_qkv.weight,6144,1024,0.00016276041666666666,7.590716995764524e-05,3.8999342918395996,0.0002978493575938046,0.5772784948348999,0.0006042505847290158,0.1835329532623291,0.2564835548400879,0.004585969727486372,0.5685637593269348,1.5516109466552734,0.00012125805369578302,9.513590812683105,0.0002067439490929246,0.00578200351446867,0.00050395104335621,0.2548750042915344,0.21512539684772491,0.009387900121510029,0.5030911564826965,1.5339041948318481,8.0,0.06639675796031952,0.06622438132762909,0.8906244039535522,8.008523764146958e-07,0.00032178033143281937,0.223740816116333,0.002488817053698312,-0.0013297448167577386,0.0003615846508182585,-0.0031863758340477943,0.05462563410401344
260,model.layers.12.linear_attn.out_proj.weight,1024,2048,0.00048828125,0.00033502120641060174,3.6639435291290283,0.0003412976220715791,0.776833176612854,9.416256216354668e-05,0.16696852445602417,0.33928415179252625,0.01872272603213787,0.5589385032653809,1.4264709949493408,0.0004950649454258382,7.796369552612305,0.0013622845290228724,0.0032516377978026867,0.00010276467946823686,0.22360166907310486,0.2654493749141693,0.017658764496445656,0.5239952206611633,1.4089164733886719,,,,,,,,,,,,
260,model.layers.21.linear_attn.in_proj_qkv.weight,6144,1024,0.00016276041666666666,0.00010018817556556314,3.114962100982666,4.140257260587532e-06,0.15918505191802979,0.0008916977094486356,0.16514696180820465,0.2798421084880829,0.0068001700565218925,0.5757633447647095,1.543373942375183,0.00012558432354126126,8.837199211120605,-0.0001220285048475489,0.0054832217283546925,0.0002851184690371156,0.21904388070106506,0.25196558237075806,0.010294303297996521,0.4951516091823578,1.5269556045532227,8.0,0.07077212631702423,0.06829911470413208,0.8947964906692505,2.006829902256868e-07,1.4598765119444579e-05,0.01981421187520027,0.0137465729863953,0.0020926545839756727,0.0007109802681952715,0.0031686152797192335,0.05264349281787872
260,model.layers.21.linear_attn.out_proj.weight,1024,2048,0.00048828125,0.0005546786705963314,2.7111289501190186,-0.0008283628849312663,0.3303346633911133,0.0004081653605680913,0.13324947655200958,0.38081425428390503,0.010079586878418922,0.5765661001205444,1.4733818769454956,0.0005212442483752966,4.136661529541016,0.0013743950985372066,0.003098144428804517,0.00028879515593871474,0.20224151015281677,0.28429844975471497,0.010396946221590042,0.5469176769256592,1.4609036445617676,,,,,,,,,,,,
280,model.layers.7.self_attn.q_proj.weight,4096,1024,0.000244140625,0.00019179492664989084,2.182234287261963,-0.00042472800123505294,0.4168851971626282,0.0007076217443682253,0.16982415318489075,0.28553876280784607,0.0064595784060657024,0.560440719127655,1.5351746082305908,0.0002346747787669301,9.142793655395508,0.0025335117243230343,0.004232075065374374,0.00044651792268268764,0.26654621958732605,0.2016328126192093,0.009753326885402203,0.4990251958370209,1.518020749092102,8.0,0.06811384111642838,0.06967895478010178,0.8701972365379333,9.616011993784923e-06,-0.0014375734608620405,0.18867936730384827,,-0.00118166022002697,-0.00016092459554784,-0.003953912761062384,0.047922100871801376
280,model.layers.7.self_attn.k_proj.weight,512,1024,0.0009765625,0.0012117766309529543,4.034308433532715,4.9732216211850755e-06,0.28246334195137024,0.0020763687789440155,0.19258740544319153,0.21570530533790588,0.028434917330741882,0.6550166606903076,1.3151696920394897,0.001143614063039422,12.141167640686035,0.0018629861297085881,0.0014500904362648726,0.0004137279756832868,0.28825461864471436,0.18769019842147827,0.017483478412032127,0.5012203454971313,1.3371226787567139,,,,,,,,,,,,
280,model.layers.7.self_attn.v_proj.weight,512,1024,0.0009765625,0.0009160933550447226,1.938921570777893,0.002519072964787483,0.4833381474018097,0.0004224319418426603,0.15795981884002686,0.23597805202007294,0.005706457421183586,0.7165281176567078,1.4445832967758179,0.0012312339385971427,5.773003578186035,0.0008093244396150112,0.0014878592919558287,0.0006389174959622324,0.1980101615190506,0.21359741687774658,0.009761163964867592,0.6659227013587952,1.4244157075881958,,,,,,,,,,,,
280,model.layers.7.self_attn.o_proj.weight,1024,2048,0.00048828125,0.00032479219953529537,2.181032180786133,0.0007519930950365961,0.8566194772720337,4.697088661487214e-05,0.12053728103637695,0.4164176881313324,0.011974232271313667,0.6205064654350281,1.4434927701950073,0.0003413660451769829,5.533060550689697,0.0016986605478450656,0.00302316271699965,0.00010450717672938481,0.19132328033447266,0.2909218370914459,0.02253718115389347,0.47161656618118286,1.3964489698410034,,,,,,,,,,,,
280,model.layers.15.self_attn.q_proj.weight,4096,1024,0.000244140625,0.00013172987382858992,3.251286268234253,2.760424104053527e-05,0.5891962647438049,0.0004124822444282472,0.20368656516075134,0.25077933073043823,0.004113112110644579,0.47106224298477173,1.5450514554977417,0.0002818098873831332,8.789474487304688,0.00043293327325955033,0.004620526917278767,0.00100087677128613,0.2564804255962372,0.21441036462783813,0.01481261570006609,0.45989733934402466,1.5048435926437378,8.0,0.0682588517665863,0.06723516434431076,0.8686732053756714,-2.1841738089278806e-06,-0.0027289343997836113,0.43968167901039124,,0.00015764634008519351,-0.0004065402317792177,0.006367346737533808,0.061574406921863556
280,model.layers.15.self_attn.k_proj.weight,512,1024,0.0009765625,0.001004132442176342,4.607461929321289,2.664083012859919e-06,0.5218746662139893,7.174875645432621e-05,0.2254944145679474,0.25259825587272644,0.005953788757324219,0.5791719555854797,1.4349615573883057,0.0009625915554352105,6.785045146942139,0.0024949999060481787,0.001697121886536479,0.00033668018295429647,0.27094727754592896,0.21657167375087738,0.007319447118788958,0.48870187997817993,1.4319580793380737,,,,,,,,,,,,
280,model.layers.15.self_attn.v_proj.weight,512,1024,0.0009765625,0.001046573044732213,1.9500380754470825,0.00020533577480819076,0.4239000380039215,0.00022834034461993724,0.20263612270355225,0.2475442737340927,0.005856743082404137,0.6346425414085388,1.409551739692688,0.0012089746305719018,5.6264777183532715,0.0034237029030919075,0.0016164826229214668,0.00045789513387717307,0.23310621082782745,0.228637233376503,0.006745544262230396,0.590032160282135,1.415688157081604,,,,,,,,,,,,
280,model.layers.15.self_attn.o_proj.weight,1024,2048,0.00048828125,0.00046196195762604475,2.001575469970703,6.629490235354751e-05,0.8252643346786499,2.6825851819012314e-05,0.09684938192367554,0.46472516655921936,0.008913420140743256,0.6111224889755249,1.4374496936798096,0.0004264160234015435,6.463782787322998,0.0024343605618923903,0.0032572434283792973,7.322285819100216e-05,0.20733791589736938,0.28183960914611816,0.017046727240085602,0.4988256096839905,1.4123173952102661,,,,,,,,,,,,
280,model.layers.19.self_attn.q_proj.weight,4096,1024,0.000244140625,0.00017368451517540962,1.7536922693252563,-0.0001995152997551486,0.6110432744026184,0.00040510730468668044,0.2293236404657364,0.21855713427066803,0.0062439655885100365,0.39632827043533325,1.5224324464797974,0.000241258239839226,7.498239994049072,0.0006387708708643913,0.004809311591088772,0.0006472405511885881,0.24637210369110107,0.2255658656358719,0.01832410879433155,0.4573947489261627,1.4905004501342773,8.0,0.08050840348005295,0.07720060646533966,0.8295363187789917,1.5043762687128037e-05,0.0021425983868539333,0.46031564474105835,0.007021270425400358,-0.0010427747620269656,0.0007871566340327263,-0.0028446402866393328,0.06723923236131668
280,model.layers.19.self_attn.k_proj.weight,512,1024,0.0009765625,0.0012684962712228298,2.2905149459838867,-8.509328836225905e-06,0.5874834060668945,0.0001897554175229743,0.2490103840827942,0.2139296978712082,0.012947062961757183,0.5779630541801453,1.3770325183868408,0.0010779092554003,8.225695610046387,0.0010952148586511612,0.001721458975225687,0.00042574325925670564,0.3040580153465271,0.18354803323745728,0.020830119028687477,0.43443769216537476,1.3073992729187012,,,,,,,,,,,,
280,model.layers.19.self_attn.v_proj.weight,512,1024,0.0009765625,0.0007841233746148646,1.7376660108566284,0.001877466682344675,0.383306622505188,0.0014179866993799806,0.22021417319774628,0.19458651542663574,0.009409517049789429,0.5983924269676208,1.388724684715271,0.0010559194488450885,5.447906970977783,0.0016409483505412936,0.0016529540298506618,0.00048777382471598685,0.24582768976688385,0.23079939186573029,0.008999117650091648,0.5638011693954468,1.4070266485214233,,,,,,,,,,,,
280,model.layers.19.self_attn.o_proj.weight,1024,2048,0.00048828125,0.0003896053822245449,1.7040103673934937,0.0006492204265668988,0.6595314145088196,0.00019975063332822174,0.122819684445858,0.38873007893562317,0.02426794357597828,0.5492624640464783,1.437139868736267,0.0003884939360432327,6.810975551605225,0.002431450644508004,0.003334559965878725,0.00021299129002727568,0.19892343878746033,0.2913234829902649,0.016767092049121857,0.5642825365066528,1.419747233390808,,,,,,,,,,,,
280,model.layers.1.mlp.gate_proj.weight,3584,1024,0.00027901785714285713,0.0002263380738440901,3.277714729309082,0.0006071889656595886,0.2754456102848053,0.0004145174752920866,0.18194697797298431,0.30072328448295593,0.010914305225014687,0.5280866026878357,1.5102291107177734,0.0002922943385783583,19.416711807250977,0.0003032855747733265,0.004071847535669804,0.00022347010963130742,0.2527310252189636,0.23018692433834076,0.01052777748554945,0.5014609694480896,1.5034064054489136,,,,,,,,,,,,
280,model.layers.1.mlp.up_proj.weight,3584,1024,0.00027901785714285713,0.00031033073901198804,3.080395221710205,0.0008736140443943441,0.4626677334308624,0.00016360283188987523,0.16949406266212463,0.3297736346721649,0.009908925741910934,0.5190553665161133,1.5072859525680542,0.0002647537621669471,16.62998390197754,0.0015521114692091942,0.00407312111929059,0.00015025334141682833,0.24632856249809265,0.23962673544883728,0.010149062611162663,0.5048965811729431,1.5068333148956299,,,,,,,,,,,,
280,model.layers.1.mlp.down_proj.weight,1024,3584,0.00027901785714285713,0.00028561250655911863,5.3702073097229,0.0007507543195970356,0.5378324389457703,0.0006584940711036325,0.1299358308315277,0.36742502450942993,0.010920322500169277,0.6918282508850098,1.4462286233901978,0.00030900753336027265,27.650876998901367,0.0015413062646985054,0.00408283481374383,0.00039680112968198955,0.2223595678806305,0.2633639872074127,0.01578960195183754,0.5203196406364441,1.391093373298645,8.0,0.07405825704336166,0.06849129498004913,0.8742021322250366,-9.919092917698435e-06,0.0003603074001148343,0.6424040794372559,-0.02752952871502806,0.0064835092052817345,0.00014745982480235398,-0.00394565099850297,0.07402453571557999
280,model.layers.12.mlp.gate_proj.weight,3584,1024,0.00027901785714285713,0.0002186396741308272,3.0556578636169434,0.00029548039310611784,0.42080631852149963,0.0007408924284391105,0.18870486319065094,0.25159093737602234,0.006278227083384991,0.562813937664032,1.5280845165252686,0.00026119602262042463,8.804096221923828,0.0016861060867086053,0.00419273879379034,0.0005178215214982629,0.2575233578681946,0.2164754420518875,0.010701609775424004,0.4961944818496704,1.5073423385620117,,,,,,,,,,,,
280,model.layers.12.mlp.up_proj.weight,3584,1024,0.00027901785714285713,0.0002566033508628607,3.144364595413208,0.00017231614037882537,0.6969534754753113,0.0002151044609490782,0.20726720988750458,0.27054286003112793,0.006638940889388323,0.5092065930366516,1.5167852640151978,0.0003008455387316644,8.124512672424316,0.002411247231066227,0.004223068244755268,0.00027561228489503264,0.25563424825668335,0.22507931292057037,0.009602101519703865,0.4920177757740021,1.5122356414794922,,,,,,,,,,,,
280,model.layers.12.mlp.down_proj.weight,1024,3584,0.00027901785714285713,0.00027229447732679546,6.4600830078125,0.00016670521290507168,0.7497509717941284,0.00011145503231091425,0.18600519001483917,0.3165654242038727,0.011749669909477234,0.5712534785270691,1.4413710832595825,0.0003014597750734538,11.423599243164062,0.0024619940668344498,0.004242576193064451,0.00014792787260375917,0.22594977915287018,0.26296332478523254,0.01886238530278206,0.5152009129524231,1.3976484537124634,8.0,0.05992559716105461,0.06695728003978729,0.9065388441085815,5.293589310895186e-06,-0.0011306621599942446,1.173783540725708,,-0.0014016347704455256,-4.310641816118732e-05,0.004942768253386021,0.040957242250442505
280,model.layers.22.mlp.gate_proj.weight,3584,1024,0.00027901785714285713,0.00022238161182031035,2.237175703048706,-2.073820542136673e-05,0.3062109649181366,0.0006804266013205051,0.1945997178554535,0.24394261837005615,0.006523497868329287,0.5143237113952637,1.5248678922653198,0.00026434328174218535,6.5889997482299805,-0.0002627979847602546,0.0042376089841127396,0.0007126547279767692,0.22664691507816315,0.23547951877117157,0.010628721676766872,0.49332195520401,1.5096205472946167,,,,,,,,,,,,
280,model.layers.22.mlp.up_proj.weight,3584,1024,0.00027901785714285713,0.00020501787366811186,2.3877625465393066,8.577047992730513e-05,0.7187619209289551,0.0006579911569133401,0.17797835171222687,0.286068856716156,0.011395519599318504,0.5654187798500061,1.5034903287887573,0.0003081851755268872,6.497415542602539,0.001578628085553646,0.00430320855230093,0.0005257251905277371,0.21286983788013458,0.2566661834716797,0.013285117223858833,0.5112320184707642,1.4991648197174072,,,,,,,,,,,,
280,model.layers.22.mlp.down_proj.weight,1024,3584,0.00027901785714285713,0.00036533240927383304,1.9977086782455444,9.641294309403747e-05,0.699496865272522,0.00017057395598385483,0.10338801890611649,0.38840818405151367,0.0070062000304460526,0.5387951135635376,1.463446021080017,0.00028050749097019434,6.153666019439697,0.0015383181162178516,0.004309328738600016,0.00025987057597376406,0.21304573118686676,0.26885974407196045,0.009363590739667416,0.5360910892486572,1.460137963294983,8.0,0.06796304881572723,0.07210099697113037,0.8315214514732361,1.3168413715902716e-05,0.013519106432795525,1.2808406352996826,0.0009740594751113079,-0.000918312871363014,0.0008239421295002103,-0.006570592522621155,0.13085326552391052
280,model.layers.1.linear_attn.in_proj_qkv.weight,6144,1024,0.00016276041666666666,0.0001041912182699889,3.0657265186309814,0.00025972380535677075,0.21151156723499298,0.0005246720393188298,0.1726151406764984,0.282682329416275,0.007132285740226507,0.5331791043281555,1.5401883125305176,0.00014778063632547855,15.544502258300781,0.001069710124284029,0.0052610053680837154,0.0004371600516606122,0.24542883038520813,0.2268235683441162,0.010612532496452332,0.5071719884872437,1.5244286060333252,8.0,0.056206610053777695,0.06770443171262741,0.9021191000938416,-1.574198449816322e-06,9.28612207644619e-05,0.046045996248722076,-0.0169521619127666,-0.002215503714978695,8.389289723709226e-05,0.01043328084051609,0.04246009141206741
280,model.layers.1.linear_attn.out_proj.weight,1024,2048,0.00048828125,0.0005255254218354821,1.411361575126648,-0.00038771293475292623,0.6008006930351257,0.0004439032927621156,0.08825085312128067,0.436871737241745,0.011538246646523476,0.6441000699996948,1.439080834388733,0.0005355398752726614,15.961821556091309,0.001255923300050199,0.0030498206615448,0.00028256155201233923,0.22945450246334076,0.24996934831142426,0.016435842961072922,0.519993782043457,1.4079376459121704,,,,,,,,,,,,
280,model.layers.12.linear_attn.in_proj_qkv.weight,6144,1024,0.00016276041666666666,6.718862277921289e-05,2.7164218425750732,-9.337387746199965e-05,0.43891096115112305,0.0007729611243121326,0.1740497350692749,0.2550143003463745,0.005833967123180628,0.5477979183197021,1.5469812154769897,0.00013355931150726974,8.987005233764648,0.0008585183531977236,0.005422560032457113,0.000540614128112793,0.2555514872074127,0.21491362154483795,0.009809339419007301,0.5023424625396729,1.5307096242904663,8.0,0.05960148945450783,0.07007896900177002,0.8931083679199219,-8.547050924789801e-07,0.0010862129274755716,0.11679437756538391,-0.0007868669860755288,-0.0009872663067653775,0.0015308440197259188,-0.009823858737945557,0.05765068158507347
280,model.layers.12.linear_attn.out_proj.weight,1024,2048,0.00048828125,0.0003869452921207994,3.0106234550476074,-0.00040332923526875675,0.6354175806045532,4.933822856401093e-05,0.16017618775367737,0.35795843601226807,0.010874555446207523,0.588134765625,1.4548944234848022,0.0004898131010122597,7.642578125,0.0016972098965197802,0.003182602347806096,9.321730613010004e-05,0.22604046761989594,0.2649277150630951,0.015249934047460556,0.5242727994918823,1.4192278385162354,,,,,,,,,,,,
280,model.layers.21.linear_attn.in_proj_qkv.weight,6144,1024,0.00016276041666666666,8.435259951511398e-05,2.436736583709717,-0.0002532479993533343,0.1573687493801117,0.0004539105575531721,0.14928613603115082,0.29894712567329407,0.0053041186183691025,0.5921470522880554,1.542224645614624,0.0001445532834623009,7.693576812744141,0.002102759201079607,0.005591198336333036,0.0005402763490565121,0.21805377304553986,0.2533780038356781,0.010716574266552925,0.4930185079574585,1.5294644832611084,8.0,0.07264573872089386,0.07003412395715714,0.8815226554870605,2.984022842156264e-07,0.00020361428323667496,0.01890670880675316,0.001465527267891972,0.0028999806381762028,0.0013103213859722018,-0.006815791130065918,0.05988585203886032
280,model.layers.21.linear_attn.out_proj.weight,1024,2048,0.00048828125,0.0003619263006839901,2.3919808864593506,0.0010723936138674617,0.33352115750312805,0.00024103178293444216,0.13305628299713135,0.36472287774086,0.010620074346661568,0.5503256916999817,1.4691576957702637,0.0004967926652170718,4.3407793045043945,0.0008960207342170179,0.0032514692284166813,0.00012843550939578563,0.20679204165935516,0.27675724029541016,0.00846593827009201,0.537244439125061,1.4675909280776978,,,,,,,,,,,,
300,model.layers.7.self_attn.q_proj.weight,4096,1024,0.000244140625,0.00011765260569518432,2.6489357948303223,-3.997946987510659e-05,0.6170917749404907,0.0011116114910691977,0.18037916719913483,0.25649407505989075,0.00877217948436737,0.5106709599494934,1.5334583520889282,0.00021416787058115005,9.524864196777344,0.0003891677188221365,0.004835623782128096,0.0004533090686891228,0.2629448175430298,0.2042640596628189,0.010268013924360275,0.4983401894569397,1.5128687620162964,8.0,0.07984063774347305,0.07874178141355515,0.8548281192779541,-6.284549272095319e-06,0.0034334389492869377,0.4135347306728363,-0.0018303949378218898,-0.0015138263115659356,0.0008385735563933849,-0.0035068290308117867,0.048051390796899796
300,model.layers.7.self_attn.k_proj.weight,512,1024,0.0009765625,0.0013307018671184778,4.246233940124512,2.062009571091039e-06,0.45913931727409363,0.003219977952539921,0.19130726158618927,0.23103490471839905,0.034775253385305405,0.624031126499176,1.3248186111450195,0.0013721655122935772,10.96185302734375,0.0006241524824872613,0.0017490015598013997,0.0018406129674986005,0.2912537753582001,0.17807215452194214,0.01690906099975109,0.50062096118927,1.3432035446166992,,,,,,,,,,,,
300,model.layers.7.self_attn.v_proj.weight,512,1024,0.0009765625,0.0008494196808896959,2.0126655101776123,0.0010549139697104692,0.775220513343811,0.0006131728878244758,0.13632185757160187,0.2536129951477051,0.005557329393923283,0.7488046884536743,1.4567493200302124,0.0012033663224428892,4.954802513122559,0.000685561157297343,0.0017084300052374601,0.0005279912729747593,0.18754710257053375,0.2211591601371765,0.008327395655214787,0.6825512647628784,1.4282691478729248,,,,,,,,,,,,
300,model.layers.7.self_attn.o_proj.weight,1024,2048,0.00048828125,0.00026177254039794207,2.6360464096069336,0.00039159427979029715,1.107525110244751,0.00011107883619843051,0.14845313131809235,0.3487614691257477,0.020658060908317566,0.520737886428833,1.4158270359039307,0.0003214119642507285,5.6476850509643555,0.0017525851726531982,0.0033558127470314503,0.00024338941148016602,0.1948159784078598,0.27956873178482056,0.02747003734111786,0.4545770287513733,1.3844425678253174,,,,,,,,,,,,
300,model.layers.15.self_attn.q_proj.weight,4096,1024,0.000244140625,0.00019178657385054976,3.6925880908966064,-0.00010794827539939433,0.7059525847434998,0.0002690836554393172,0.2157699167728424,0.2323189228773117,0.0032288033980876207,0.4519928991794586,1.54132080078125,0.00027514185057953,9.962401390075684,0.0016776169650256634,0.004575381521135569,0.0005687613156624138,0.2480819970369339,0.2212141901254654,0.013692603446543217,0.4585070013999939,1.499735951423645,8.0,0.08142107725143433,0.0786614865064621,0.8333927392959595,7.104969427018659e-06,0.004214789252728224,0.7537845373153687,0.0016857235323022683,0.0013594466727226973,0.0008162251324392855,0.01903603784739971,0.0562560111284256
300,model.layers.15.self_attn.k_proj.weight,512,1024,0.0009765625,0.0009388459147885442,3.565183639526367,-9.701562703412492e-06,0.7304807305335999,0.00012961933680344373,0.22030532360076904,0.2668529152870178,0.006621460430324078,0.5691201090812683,1.410935640335083,0.000979393720626831,8.65255069732666,0.0023604906164109707,0.0016307272017002106,6.584830407518893e-05,0.28326913714408875,0.21537227928638458,0.009701978415250778,0.4676874279975891,1.4178775548934937,,,,,,,,,,,,
300,model.layers.15.self_attn.v_proj.weight,512,1024,0.0009765625,0.0007754614925943315,2.1263506412506104,0.0018397270468994975,0.5654733180999756,0.00012774149945471436,0.20667919516563416,0.2378719598054886,0.0038961488753557205,0.6415174603462219,1.4457908868789673,0.0009541030740365386,6.414058685302734,0.0020275285933166742,0.0016253995709121227,0.0002141350123565644,0.2308274805545807,0.23202508687973022,0.005542002618312836,0.5969258546829224,1.455425500869751,,,,,,,,,,,,
300,model.layers.15.self_attn.o_proj.weight,1024,2048,0.00048828125,0.0004132930771447718,2.2427620887756348,0.0006758550880476832,0.9185127019882202,6.822306750109419e-05,0.11415333300828934,0.3939116895198822,0.019093655049800873,0.531796395778656,1.4168256521224976,0.0004097583005204797,7.408657073974609,0.001575957634486258,0.003258828306570649,0.00013155562919564545,0.20906603336334229,0.2785550355911255,0.017909223213791847,0.49832189083099365,1.416140079498291,,,,,,,,,,,,
300,model.layers.19.self_attn.q_proj.weight,4096,1024,0.000244140625,0.0001837094605434686,3.0080151557922363,-0.0003029471845366061,0.48292407393455505,0.0004124100669287145,0.21722954511642456,0.23591119050979614,0.006813938729465008,0.44182130694389343,1.530159831047058,0.00026398428599350154,10.416977882385254,0.001317497226409614,0.004507494159042835,0.0004124632687307894,0.24085968732833862,0.23094387352466583,0.018234578892588615,0.4651910960674286,1.4846891164779663,8.0,0.07101508975028992,0.07629591971635818,0.84307861328125,4.324633209762396e-06,0.0018040224676951766,0.3334553837776184,0.0023972169344917073,-0.0009390687337145209,0.0012919203145429492,0.013619717210531235,0.06450720131397247
300,model.layers.19.self_attn.k_proj.weight,512,1024,0.0009765625,0.001304461038671434,3.053168773651123,6.441245204769075e-06,0.55965656042099,0.0017713088309392333,0.25212398171424866,0.20670276880264282,0.017355823889374733,0.5726041793823242,1.3296895027160645,0.001037395210005343,10.467089653015137,0.0024030273780226707,0.001574716647155583,0.0006324908463284373,0.28463539481163025,0.20006799697875977,0.020116154104471207,0.4539584219455719,1.3085230588912964,,,,,,,,,,,,
300,model.layers.19.self_attn.v_proj.weight,512,1024,0.0009765625,0.0008861355599947274,2.0254173278808594,0.00043957619345746934,0.33428171277046204,0.0008850075537338853,0.19367501139640808,0.20499065518379211,0.005196139216423035,0.6356913447380066,1.4279423952102661,0.0012575287837535143,6.118401527404785,0.002220539143308997,0.0015963349724188447,0.0007645812002010643,0.2317187339067459,0.2378586232662201,0.007752369157969952,0.5813525319099426,1.4375015497207642,,,,,,,,,,,,
300,model.layers.19.self_attn.o_proj.weight,1024,2048,0.00048828125,0.00044433673610910773,1.7523771524429321,0.00013240154657978565,0.6352535486221313,6.791555642848834e-05,0.10210607945919037,0.4264264404773712,0.009636999107897282,0.5828930735588074,1.4554020166397095,0.00042658697930164635,7.924622058868408,0.001032064901664853,0.003236561780795455,0.00010745694453362375,0.19172008335590363,0.29763126373291016,0.012071884237229824,0.5766444802284241,1.4401639699935913,,,,,,,,,,,,
300,model.layers.1.mlp.gate_proj.weight,3584,1024,0.00027901785714285713,0.0002780915529001504,3.2283308506011963,-0.0004959828802384436,0.34620508551597595,0.00039439427200704813,0.16694419085979462,0.31353098154067993,0.009772228077054024,0.5362101793289185,1.5133575201034546,0.0002852174511644989,21.540266036987305,0.0007583050755783916,0.004381130449473858,0.00022090098354965448,0.25363102555274963,0.23146037757396698,0.010013554245233536,0.49780428409576416,1.5063384771347046,,,,,,,,,,,,
300,model.layers.1.mlp.up_proj.weight,3584,1024,0.00027901785714285713,0.0004522081871982664,2.7661638259887695,-0.00042920882697217166,0.6134122610092163,8.892137702787295e-05,0.151934415102005,0.3421233594417572,0.0077399457804858685,0.5133333802223206,1.5120716094970703,0.0002809258585330099,17.193344116210938,0.002721337601542473,0.004398328717797995,0.0001484215899836272,0.24887585639953613,0.23877069354057312,0.009118139743804932,0.5026977062225342,1.5089085102081299,,,,,,,,,,,,
300,model.layers.1.mlp.down_proj.weight,1024,3584,0.00027901785714285713,0.00043982602073810995,5.323794364929199,-0.0003994148864876479,0.6551698446273804,0.0006520547321997583,0.15875715017318726,0.32760873436927795,0.012271290645003319,0.6239916086196899,1.4464728832244873,0.00040700178942643106,23.36263084411621,0.0024845271836966276,0.00439505884423852,0.00022393061954062432,0.2269153743982315,0.2577359676361084,0.01496503408998251,0.5086321234703064,1.409942626953125,8.0,0.06440521776676178,0.07356555014848709,0.8791165947914124,7.543052197434008e-05,0.0038721119053661823,0.9139217138290405,0.019480460228901025,-0.004870561417192221,0.00026204221649095416,0.009212053380906582,0.04889790341258049
300,model.layers.12.mlp.gate_proj.weight,3584,1024,0.00027901785714285713,0.00021713694150093943,3.4805407524108887,-0.00026373466243967414,0.5131642818450928,0.0011552348732948303,0.17865517735481262,0.2578034996986389,0.00730142230167985,0.5769187808036804,1.5288008451461792,0.0002723185170907527,9.786832809448242,0.0022819144651293755,0.004215724300593138,0.00035596892121247947,0.25133928656578064,0.21990785002708435,0.010171492584049702,0.5035922527313232,1.5075762271881104,,,,,,,,,,,,
300,model.layers.12.mlp.up_proj.weight,3584,1024,0.00027901785714285713,0.00025977217592298985,3.2818474769592285,0.00047523443936370313,0.8471755385398865,0.0004610936448443681,0.21256202459335327,0.2619324326515198,0.00923466682434082,0.4980344772338867,1.5149744749069214,0.000283874076558277,9.530820846557617,0.0015919842990115285,0.004186102654784918,0.0005686437361873686,0.2566947042942047,0.22331351041793823,0.011140133254230022,0.4888516962528229,1.5068060159683228,,,,,,,,,,,,
300,model.layers.12.mlp.down_proj.weight,1024,3584,0.00027901785714285713,0.00026702263858169317,7.690049171447754,0.0004900576313957572,0.8498327136039734,0.00013902773207519203,0.19764375686645508,0.29371145367622375,0.020705364644527435,0.5416563749313354,1.388264536857605,0.00029224989702925086,11.974267959594727,0.0017791911959648132,0.004186904523521662,0.00021309690782800317,0.227352112531662,0.25888654589653015,0.01826883666217327,0.5104310512542725,1.395166039466858,8.0,0.07584504783153534,0.07429803162813187,0.8873863220214844,3.512204330036184e-06,0.007991732098162174,1.4898948669433594,0.0004394797381713873,0.004286241251975298,0.0013883050996810198,0.010001246817409992,0.03091471455991268
300,model.layers.22.mlp.gate_proj.weight,3584,1024,0.00027901785714285713,0.00022094631276559085,3.0673413276672363,-0.00042139089782722294,0.2749191224575043,0.0016491217538714409,0.19411726295948029,0.23213180899620056,0.009910495951771736,0.5119177103042603,1.5189927816390991,0.0002961581922136247,7.308862686157227,0.001357467845082283,0.00417351396754384,0.0008053892524912953,0.22343623638153076,0.23638366162776947,0.009959081187844276,0.5037959814071655,1.5107964277267456,,,,,,,,,,,,
300,model.layers.22.mlp.up_proj.weight,3584,1024,0.00027901785714285713,0.00023817821056582034,3.233027935028076,6.298725202213973e-05,0.646644651889801,0.0010047151008620858,0.18593674898147583,0.2768133282661438,0.013340560719370842,0.5480806231498718,1.5065919160842896,0.0002781400689855218,7.383389949798584,0.0007089428254403174,0.004199561197310686,0.0004575042985379696,0.21481281518936157,0.256234735250473,0.01345339696854353,0.5111165046691895,1.4982759952545166,,,,,,,,,,,,
300,model.layers.22.mlp.down_proj.weight,1024,3584,0.00027901785714285713,0.00036576829734258354,2.107541799545288,6.913236575201154e-05,0.6535373330116272,0.00043395208194851875,0.10499593615531921,0.3811551034450531,0.010977614670991898,0.5268731117248535,1.464948058128357,0.00029778751195408404,7.157325267791748,0.0003866925835609436,0.0041879150085151196,0.00026453027385286987,0.21474958956241608,0.2666940689086914,0.01028382871299982,0.5344954133033752,1.4499891996383667,8.0,0.07192011922597885,0.07182378321886063,0.8242363333702087,-5.522996434592642e-05,-0.004010790027678013,1.230981469154358,,-0.00022784194152336568,0.00033860551775433123,-0.0027164791245013475,0.13159039616584778
300,model.layers.1.linear_attn.in_proj_qkv.weight,6144,1024,0.00016276041666666666,0.00010320865840185434,2.587003469467163,0.00041504521504975855,0.3032549023628235,0.000573144992813468,0.16658277809619904,0.29190921783447266,0.006828668061643839,0.5380436778068542,1.5393165349960327,0.00016827999206725508,16.765607833862305,0.001960229827091098,0.005785132292658091,0.000483582989545539,0.24811285734176636,0.22484587132930756,0.010421570390462875,0.5015203952789307,1.5221844911575317,8.0,0.07196686416864395,0.0723157450556755,0.8830433487892151,-4.201504452794325e-06,-0.0004579189408104867,0.08766956627368927,,0.000974266673438251,-0.0007297418196685612,-0.008673029951751232,0.029897814616560936
300,model.layers.1.linear_attn.out_proj.weight,1024,2048,0.00048828125,0.005022083409130573,1.3062658309936523,-2.248426972073503e-05,0.8397800326347351,0.00043586845276877284,0.08229988813400269,0.4607437252998352,0.01069116871803999,0.626931369304657,1.429751992225647,0.0005976493703201413,12.486358642578125,0.0009378881077282131,0.0033252539578825235,0.0008779874187894166,0.22997300326824188,0.24561701714992523,0.02184317074716091,0.5084928274154663,1.3828048706054688,,,,,,,,,,,,
300,model.layers.12.linear_attn.in_proj_qkv.weight,6144,1024,0.00016276041666666666,8.3764927694574e-05,3.559122085571289,9.67765154200606e-05,0.5088947415351868,0.0003495354612823576,0.1765042245388031,0.2591670751571655,0.0035843767691403627,0.5611879229545593,1.5520968437194824,0.00012299822992645204,10.35973834991455,0.0005956372478976846,0.005510173738002777,0.0003275458584539592,0.25425824522972107,0.2154948115348816,0.008396979421377182,0.5064701437950134,1.534520149230957,8.0,0.07346957921981812,0.07415495812892914,0.8585605025291443,5.841528036398813e-06,0.0005766418762505054,0.16823968291282654,0.010130252895232204,0.002270148601382971,0.00028524594381451607,0.0006966785294935107,0.05760299041867256
300,model.layers.12.linear_attn.out_proj.weight,1024,2048,0.00048828125,0.0002886237925849855,3.0824062824249268,-0.0005106502212584019,0.733232319355011,6.137642776593566e-05,0.15925805270671844,0.34974223375320435,0.014260747469961643,0.5697282552719116,1.4295110702514648,0.00046853069216012955,6.660518646240234,0.00032694771653041244,0.003191712312400341,0.00011188435018993914,0.2225440889596939,0.26692405343055725,0.018811896443367004,0.5245229601860046,1.4078845977783203,,,,,,,,,,,,
300,model.layers.21.linear_attn.in_proj_qkv.weight,6144,1024,0.00016276041666666666,8.505053847329691e-05,3.011780023574829,0.0001854025904322043,0.1972808837890625,0.0004900361527688801,0.16063882410526276,0.28290241956710815,0.0050003486685454845,0.5881125926971436,1.5446726083755493,0.0001378139859298244,8.602542877197266,0.0016365429619327188,0.005578918848186731,0.0007554629119113088,0.21879775822162628,0.24949459731578827,0.012048937380313873,0.48996809124946594,1.5277715921401978,8.0,0.07156961411237717,0.07334288954734802,0.8605309128761292,3.280743499090022e-07,0.0001460780913475901,0.03070412203669548,0.002245883327763062,-0.000695844239089638,0.0005567264161072671,0.007385630626231432,0.05152355879545212
300,model.layers.21.linear_attn.out_proj.weight,1024,2048,0.00048828125,0.000383139617042616,3.0988645553588867,0.000568032031878829,0.35242024064064026,0.0001545147388242185,0.14225414395332336,0.36263442039489746,0.007607094012200832,0.5668997168540955,1.4590778350830078,0.0005020940443500876,4.911588191986084,0.0010638436069712043,0.0032258580904453993,0.00018190302944276482,0.2061983197927475,0.28292882442474365,0.008528419770300388,0.5514419078826904,1.4598724842071533,,,,,,,,,,,,
