step,matrix,m,n,r_null,G_r_spectrum,G_stable_rank_G,G_alignment_GW,G_G_fro,G_energy_top,G_energy_mid,G_energy_tail,G_energy_top_rows,G_energy_tail_rows,G_pangle_Gtop_Wtop_mean,H_r_spectrum,H_stable_rank_G,H_alignment_GW,H_G_fro,H_energy_top,H_energy_mid,H_energy_tail,H_energy_top_rows,H_energy_tail_rows,H_pangle_Gtop_Wtop_mean,n_microbatch,snr_diag_median,snr_offdiag_median,spearman_absC_snr,sig_energy_diag,sig_energy_total,noise_energy,R_sigma_cross,snr_cross_diag_median,snr_cross_offdiag_median,spearman_absC_snr_cross,spearman_absC_split
20,model.layers.7.self_attn.q_proj.weight,4096,1024,0.000244140625,0.00017236356507055461,2.8867108821868896,0.0012515663402155042,0.7644490599632263,0.0015430086059495807,0.1842985898256302,0.2589511275291443,0.011280429549515247,0.5225198268890381,1.5277538299560547,0.2342911660671234,31.310855865478516,0.12216681241989136,0.0016461405903100967,0.044657282531261444,0.7047312259674072,0.1206921935081482,0.058347903192043304,0.18236073851585388,1.13296377658844,8.0,0.06849947571754456,0.07245834916830063,0.9018835425376892,3.2312989787897095e-05,0.008464859798550606,0.606494665145874,0.0038173095074096656,0.0037653471808880568,0.003516532015055418,-3.041343552467879e-05,0.0648990198969841
20,model.layers.7.self_attn.k_proj.weight,512,1024,0.0009765625,0.001086944597773254,3.760678768157959,-2.0666908312705345e-05,0.5760179758071899,0.001358100213110447,0.1635245382785797,0.2606872618198395,0.03401133790612221,0.6749135255813599,1.302955985069275,0.13060389459133148,10.292828559875488,-0.005401469301432371,0.00031428056536242366,0.072300486266613,0.5012075304985046,0.13785935938358307,0.09172479063272476,0.2896402180194855,0.9787237048149109,,,,,,,,,,,,
20,model.layers.7.self_attn.v_proj.weight,512,1024,0.0009765625,0.0008337782928720117,1.8972965478897095,-0.0011144999880343676,1.166345477104187,0.0002079209516523406,0.1312742978334427,0.2491234838962555,0.0031496526207774878,0.7455014586448669,1.4729870557785034,0.08083624392747879,7.723100185394287,0.018631501123309135,0.000346323533449322,0.0023065079003572464,0.5010837912559509,0.1654474437236786,0.009166689589619637,0.3887636959552765,1.4410332441329956,,,,,,,,,,,,
20,model.layers.7.self_attn.o_proj.weight,1024,2048,0.00048828125,0.0002766695397440344,1.909982681274414,-0.00036341967643238604,1.8902406692504883,3.666672273539007e-05,0.13417452573776245,0.38518211245536804,0.013299648649990559,0.573676347732544,1.4095232486724854,0.26331186294555664,8.011150360107422,0.009576581418514252,0.0010033402359113097,0.2001829892396927,0.5846215486526489,0.08405567705631256,0.21671274304389954,0.12293556332588196,0.9513587355613708,,,,,,,,,,,,
20,model.layers.15.self_attn.q_proj.weight,4096,1024,0.000244140625,0.00014766916865482926,2.808478832244873,0.00013347102503757924,0.8138551712036133,0.00040460735908709466,0.19535914063453674,0.25395551323890686,0.00429438054561615,0.44766202569007874,1.5433752536773682,0.23813919723033905,23.041885375976562,0.054763223975896835,0.001605641096830368,0.08889003843069077,0.6624912023544312,0.10992440581321716,0.10215619951486588,0.17401275038719177,0.9696354269981384,8.0,0.05833341181278229,0.06857796013355255,0.8930107951164246,1.3069377018837258e-05,0.00790981762111187,0.8250761032104492,0.001652298149574796,-0.000775785360019654,0.0009970181854441762,0.004305814392864704,0.0608024075627327
20,model.layers.15.self_attn.k_proj.weight,512,1024,0.0009765625,0.0009759056847542524,3.2896320819854736,1.3778851098322775e-05,0.7640994787216187,6.627194670727476e-05,0.23477697372436523,0.2617964744567871,0.0037456799764186144,0.5623046159744263,1.4647293090820312,0.13004016876220703,5.403581142425537,-0.0760917142033577,0.0003693241160362959,0.009690528735518456,0.5821436643600464,0.13361352682113647,0.02295355685055256,0.25854602456092834,1.3105937242507935,,,,,,,,,,,,
20,model.layers.15.self_attn.v_proj.weight,512,1024,0.0009765625,0.0008470971952192485,1.5654957294464111,-0.0008751502027735114,0.7710581421852112,7.831761467969045e-05,0.18737462162971497,0.26499319076538086,0.004696892108768225,0.6517847180366516,1.4640984535217285,0.11500576138496399,8.09319019317627,0.018348781391978264,0.00041870714630931616,0.0070616863667964935,0.6061736941337585,0.1499684751033783,0.019341185688972473,0.2819511890411377,1.289962649345398,,,,,,,,,,,,
20,model.layers.15.self_attn.o_proj.weight,1024,2048,0.00048828125,0.0004839579341933131,1.6169242858886719,-0.0002928874746430665,1.379125952720642,2.603968277981039e-05,0.07918760925531387,0.4838941991329193,0.013879732228815556,0.6053916215896606,1.4471635818481445,0.18978606164455414,13.36648178100586,-0.03563305363059044,0.0010982751846313477,0.029954399913549423,0.7234363555908203,0.10402056574821472,0.04369783028960228,0.15158648788928986,1.3118538856506348,,,,,,,,,,,,
20,model.layers.19.self_attn.q_proj.weight,4096,1024,0.000244140625,0.00018497410928830504,2.197164297103882,-0.0008758122567087412,0.6478931903839111,0.0005143837770447135,0.19260023534297943,0.2508416473865509,0.006672986317425966,0.4286883473396301,1.530442237854004,0.23371878266334534,16.153461456298828,0.10009878873825073,0.0016490862471982837,0.13334614038467407,0.6455114483833313,0.09108291566371918,0.14571702480316162,0.14998306334018707,0.8601908087730408,8.0,0.06672865152359009,0.06921674311161041,0.8600085973739624,5.841889105795417e-06,0.007229937240481377,0.6089695692062378,0.000808013805857941,8.77367565408349e-05,0.0012641027569770813,0.0029161132406443357,0.09367860108613968
20,model.layers.19.self_attn.k_proj.weight,512,1024,0.0009765625,0.0009316694340668619,2.4649555683135986,-1.6001127733034082e-05,0.6561623811721802,0.000385015708161518,0.25391000509262085,0.21251048147678375,0.01104829367250204,0.5742877721786499,1.3635324239730835,0.16086159646511078,8.1348876953125,-0.0761236920952797,0.00033986158086918294,0.022873645648360252,0.6001763939857483,0.1006283238530159,0.04499650374054909,0.22718986868858337,1.1767181158065796,,,,,,,,,,,,
20,model.layers.19.self_attn.v_proj.weight,512,1024,0.0009765625,0.0007065846002660692,1.4363861083984375,0.0015555396676063538,0.5393105149269104,0.0038014003075659275,0.1698751151561737,0.22988452017307281,0.013698992319405079,0.6193263530731201,1.414328932762146,0.09713763743638992,10.972440719604492,-0.008606010116636753,0.00047176703810691833,0.010077676735818386,0.75286465883255,0.08208934217691422,0.023011349141597748,0.16427050530910492,1.3461236953735352,,,,,,,,,,,,
20,model.layers.19.self_attn.o_proj.weight,1024,2048,0.00048828125,0.0005779315833933651,1.3721654415130615,0.0005020665703341365,0.9950077533721924,0.00010330112127121538,0.07199003547430038,0.5093041658401489,0.012427698820829391,0.6188479065895081,1.4545904397964478,0.2220708429813385,23.68667221069336,-0.030604004859924316,0.0012943055480718613,0.03405207023024559,0.7250767350196838,0.11449021100997925,0.04758981987833977,0.1571454107761383,1.197736144065857,,,,,,,,,,,,
20,model.layers.1.mlp.gate_proj.weight,3584,1024,0.00027901785714285713,0.00033005993464030325,3.4030656814575195,0.0002578333660494536,0.8827636241912842,0.00025809879298321903,0.1981465071439743,0.28223106265068054,0.008362128399312496,0.5109642148017883,1.516093134880066,0.18306241929531097,21.31692886352539,0.0372813455760479,0.0013712524669244885,0.018469275906682014,0.6323394179344177,0.20899976789951324,0.024336041882634163,0.28420963883399963,1.381390929222107,,,,,,,,,,,,
20,model.layers.1.mlp.up_proj.weight,3584,1024,0.00027901785714285713,0.00029899299261160195,3.1719305515289307,-8.845864795148373e-05,1.458903193473816,0.00012614118168130517,0.17564409971237183,0.3200567960739136,0.009372907690703869,0.5149585008621216,1.51327645778656,0.11777500063180923,9.471048355102539,-0.05318917706608772,0.001027693971991539,0.024661226198077202,0.5211786031723022,0.26470452547073364,0.03235095739364624,0.3626469075679779,1.3689390420913696,,,,,,,,,,,,
20,model.layers.1.mlp.down_proj.weight,1024,3584,0.00027901785714285713,0.00024739126092754304,4.663805961608887,-8.818261994747445e-05,1.5127500295639038,0.00048311325372196734,0.1903812438249588,0.28711193799972534,0.009976724162697792,0.5550547242164612,1.4472764730453491,0.12751361727714539,10.81761360168457,0.06674453616142273,0.0010475465096533298,0.015791673213243484,0.5708261132240295,0.2308221459388733,0.02538571134209633,0.3073098957538605,1.3935546875,8.0,0.08729945868253708,0.08488229662179947,0.8993339538574219,6.031618977431208e-05,0.1339733600616455,4.136302471160889,0.0004502103235043044,0.0029372600838541985,0.008230186998844147,0.01710953563451767,0.0489453449845314
20,model.layers.12.mlp.gate_proj.weight,3584,1024,0.00027901785714285713,0.00019758330017793924,2.8012733459472656,0.00029373844154179096,0.760897159576416,0.0006288410513661802,0.1751580685377121,0.2634725272655487,0.00581782404333353,0.5854343771934509,1.5293254852294922,0.2138979732990265,13.529342651367188,0.06922347843647003,0.0013481929199770093,0.01485278271138668,0.6861816048622131,0.15448316931724548,0.02305525541305542,0.22995497286319733,1.4281936883926392,,,,,,,,,,,,
20,model.layers.12.mlp.up_proj.weight,3584,1024,0.00027901785714285713,0.0002814038307406008,2.459980010986328,0.0007406024960801005,1.3019788265228271,0.0003367610042914748,0.21733719110488892,0.2577446699142456,0.007161336485296488,0.5002371668815613,1.5183552503585815,0.11915922164916992,8.564234733581543,-0.03652915358543396,0.0010510437423363328,0.021986739709973335,0.5723910927772522,0.19770237803459167,0.03049817867577076,0.3081214129924774,1.4000883102416992,,,,,,,,,,,,
20,model.layers.12.mlp.down_proj.weight,1024,3584,0.00027901785714285713,0.0002804714604280889,4.637998580932617,0.0007591021712869406,1.3236963748931885,0.00020846938423346728,0.1903517097234726,0.30467113852500916,0.021137719973921776,0.5566703081130981,1.425699234008789,0.14010806381702423,9.928352355957031,0.020465858280658722,0.0010717322584241629,0.012905549257993698,0.6013073921203613,0.1926525980234146,0.027173440903425217,0.2714056372642517,1.3978208303451538,8.0,0.08002422004938126,0.07260190695524216,0.9113277792930603,0.000113700058136601,0.06375875324010849,3.4022579193115234,0.001783285468403358,0.007434871979057789,0.003384907729923725,0.0034642608370631933,0.03842748701572418
20,model.layers.22.mlp.gate_proj.weight,3584,1024,0.00027901785714285713,0.00024619634496048093,2.344809055328369,-0.0020132316276431084,0.37572330236434937,0.0015356818912550807,0.17211677134037018,0.26422297954559326,0.010079077444970608,0.545955240726471,1.5169819593429565,0.19550558924674988,22.201433181762695,0.14138653874397278,0.0016908235847949982,0.058494895696640015,0.607204794883728,0.1879061907529831,0.07058017700910568,0.2571370303630829,1.048083782196045,,,,,,,,,,,,
20,model.layers.22.mlp.up_proj.weight,3584,1024,0.00027901785714285713,0.00022693998471368104,1.9934329986572266,-0.001152291428297758,0.9302114248275757,0.0013375499984249473,0.16509367525577545,0.29628708958625793,0.01868574135005474,0.5488341450691223,1.5123766660690308,0.13886970281600952,9.83396053314209,0.051094502210617065,0.00114393827971071,0.017356762662529945,0.5647044777870178,0.22934988141059875,0.026557551696896553,0.32291385531425476,1.3849509954452515,,,,,,,,,,,,
20,model.layers.22.mlp.down_proj.weight,1024,3584,0.00027901785714285713,0.0005986187024973333,1.95524001121521,-0.0012672576121985912,0.9214369654655457,0.00013648004096467048,0.08962123841047287,0.4471084475517273,0.0058281198143959045,0.5915704369544983,1.4799436330795288,0.13549721240997314,9.211404800415039,-0.014822102151811123,0.001139870029874146,0.014473626390099525,0.5711339116096497,0.2262958586215973,0.023665601387619972,0.3121532201766968,1.441529393196106,8.0,0.07205513119697571,0.0725913941860199,0.8540021181106567,0.0002690739929676056,0.06351827085018158,2.1561644077301025,0.004236166844060686,0.007188739720731974,0.003812579670920968,0.004021482542157173,0.13103996217250824
20,model.layers.1.linear_attn.in_proj_qkv.weight,6144,1024,0.00016276041666666666,0.0001565910060890019,2.8140270709991455,-0.0001382141053909436,0.7234248518943787,0.0012719054939225316,0.19137735664844513,0.2641717493534088,0.010217606090009212,0.511580228805542,1.5344289541244507,0.2336944192647934,34.7586555480957,0.17122678458690643,0.0021932341624051332,0.03064027614891529,0.6602606177330017,0.19784949719905853,0.037998396903276443,0.2543191909790039,1.1765501499176025,8.0,0.0774187371134758,0.0878828838467598,0.8995872735977173,4.0362272557104006e-05,0.016472863033413887,0.43155786395072937,0.002450228140380477,0.010698853991925716,0.010357319377362728,0.02152266912162304,0.06458758562803268
20,model.layers.1.linear_attn.out_proj.weight,1024,2048,0.00048828125,0.0001985047711059451,1.555351972579956,0.0002661024627741426,1.8504031896591187,0.0005435006460174918,0.12077965587377548,0.38572829961776733,0.015793751925230026,0.5471697449684143,1.4491567611694336,0.16643990576267242,30.45528221130371,0.10466813296079636,0.0009826503228396177,0.043131209909915924,0.6288282871246338,0.15975481271743774,0.05900585651397705,0.2265973836183548,1.0729498863220215,,,,,,,,,,,,
20,model.layers.12.linear_attn.in_proj_qkv.weight,6144,1024,0.00016276041666666666,7.278540579136461e-05,2.0517430305480957,-0.00029776192968711257,0.7432321310043335,0.000491518818307668,0.14743591845035553,0.2783653438091278,0.0034067409578710794,0.6195840239524841,1.5520755052566528,0.30022794008255005,23.0113468170166,0.10002636909484863,0.002473187865689397,0.11067016422748566,0.6440075635910034,0.14214152097702026,0.11903773993253708,0.19601215422153473,0.901456356048584,8.0,0.06680756062269211,0.07684612274169922,0.882722020149231,1.2991222320124507e-05,0.015139888972043991,0.33264032006263733,0.0008580791011157991,0.004652698524296284,0.007850881665945053,0.007100442424416542,0.10282204300165176
20,model.layers.12.linear_attn.out_proj.weight,1024,2048,0.00048828125,0.0003564787039067596,2.2089450359344482,-0.0003415411920286715,1.1037853956222534,5.5072006944101304e-05,0.1541633903980255,0.36450910568237305,0.018153363838791847,0.5765400528907776,1.430918574333191,0.19164885580539703,10.252264976501465,0.13340553641319275,0.0009677215712144971,0.07304129004478455,0.6496103405952454,0.10502520203590393,0.09050185978412628,0.16904428601264954,0.9498910903930664,,,,,,,,,,,,
20,model.layers.21.linear_attn.in_proj_qkv.weight,6144,1024,0.00016276041666666666,0.0001250712521141395,2.3631200790405273,0.000199930727831088,0.28822270035743713,0.001771752373315394,0.19815213978290558,0.22426125407218933,0.010229506529867649,0.5078065991401672,1.5390477180480957,0.23619148135185242,35.05171203613281,0.016582302749156952,0.002732537453994155,0.024958588182926178,0.6581963300704956,0.20020553469657898,0.03226955980062485,0.2608712613582611,1.2570585012435913,8.0,0.0833878144621849,0.0900001972913742,0.8911159634590149,3.7371980852185516e-06,0.0034015069250017405,0.05677729845046997,0.001098688953930805,0.005369344726204872,0.012530113570392132,0.025331629440188408,0.09083832800388336
20,model.layers.21.linear_attn.out_proj.weight,1024,2048,0.00048828125,0.0003829802735708654,1.7136842012405396,0.0005793848540633917,0.6621188521385193,0.00019838186562992632,0.12664219737052917,0.39489760994911194,0.007344979792833328,0.5849551558494568,1.4704426527023315,0.1557157337665558,9.870584487915039,0.04014362394809723,0.0010034784208983183,0.05502546951174736,0.5911884903907776,0.16754373908042908,0.0646262988448143,0.2501768469810486,1.106312870979309,,,,,,,,,,,,
40,model.layers.7.self_attn.q_proj.weight,4096,1024,0.000244140625,0.0001723329769447446,2.694777250289917,0.00036663716309703887,0.7395374774932861,0.0017894599586725235,0.17870056629180908,0.2638975977897644,0.011098627932369709,0.5360437035560608,1.5334504842758179,0.2548932731151581,11.209382057189941,-0.10859468579292297,0.001583267468959093,0.10414747893810272,0.6555641889572144,0.12343490868806839,0.11503386497497559,0.17908895015716553,1.1413477659225464,8.0,0.06685032695531845,0.06242750957608223,0.8834903836250305,1.878841248981189e-05,-0.0066339909099042416,0.6216517686843872,,-0.00398316141217947,-0.0025395876727998257,-0.013841196894645691,0.05196301266551018
40,model.layers.7.self_attn.k_proj.weight,512,1024,0.0009765625,0.0012030296493321657,2.477762460708618,2.2904043362359516e-05,0.5505179166793823,0.0014985946472734213,0.1343347281217575,0.28285112977027893,0.020186113193631172,0.7389951944351196,1.3280508518218994,0.1246650367975235,13.781384468078613,-0.06044935807585716,0.0002619291772134602,0.024486813694238663,0.599705159664154,0.12330714613199234,0.04162590578198433,0.24948346614837646,1.1045206785202026,,,,,,,,,,,,
40,model.layers.7.self_attn.v_proj.weight,512,1024,0.0009765625,0.000851925287861377,1.7416538000106812,-0.0023415025789290667,1.1283835172653198,0.0003653005987871438,0.12748309969902039,0.2510863244533539,0.002953843679279089,0.7559170126914978,1.4781605005264282,0.16172592341899872,11.62363338470459,-0.03748765215277672,0.0002940378908533603,0.01563090831041336,0.6207647323608398,0.1357172578573227,0.022762184962630272,0.2823082208633423,1.2723032236099243,,,,,,,,,,,,
40,model.layers.7.self_attn.o_proj.weight,1024,2048,0.00048828125,0.0002414190530544147,2.0938074588775635,-0.0008135735988616943,1.7212127447128296,3.4673852496780455e-05,0.13169492781162262,0.38885974884033203,0.016701722517609596,0.5780035257339478,1.4431886672973633,0.253404438495636,23.42543601989746,0.07887043058872223,0.0009027072810567915,0.0998312309384346,0.704159140586853,0.07587594538927078,0.1211857721209526,0.10718800872564316,0.9777482151985168,,,,,,,,,,,,
40,model.layers.15.self_attn.q_proj.weight,4096,1024,0.000244140625,0.00013494801532942802,3.477911949157715,-0.00015308710862882435,0.8042038083076477,0.00023768242681398988,0.20338040590286255,0.25311189889907837,0.004210656974464655,0.45793411135673523,1.5422629117965698,0.2720438539981842,29.207059860229492,0.11977676302194595,0.001562651013955474,0.12730251252651215,0.6502106785774231,0.09842746704816818,0.14241479337215424,0.15260688960552216,0.7265018820762634,8.0,0.06622181087732315,0.06609336286783218,0.8850536942481995,2.1104324332554825e-07,-0.01019265316426754,0.8113729953765869,,0.000494044681545347,-0.001170057919807732,0.0024964516051113605,0.06310964375734329
40,model.layers.15.self_attn.k_proj.weight,512,1024,0.0009765625,0.0010469467379152775,5.354653358459473,2.5750430268089985e-06,0.6789953708648682,0.00016662897542119026,0.23676489293575287,0.256179541349411,0.006175204645842314,0.5612984299659729,1.4412658214569092,0.15128637850284576,26.920970916748047,0.019521605223417282,0.0002851197205018252,0.016582785174250603,0.6920499205589294,0.09378921240568161,0.03078356944024563,0.17502005398273468,1.34145188331604,,,,,,,,,,,,
40,model.layers.15.self_attn.v_proj.weight,512,1024,0.0009765625,0.0009648776613175869,1.7151482105255127,-0.0019957341719418764,0.7221320271492004,0.00011964937584707513,0.1838352382183075,0.27225446701049805,0.004781457129865885,0.6442656517028809,1.4472171068191528,0.1373213827610016,16.049604415893555,-0.021824218332767487,0.0003564047219697386,0.0023877730127424,0.6992996335029602,0.1242462769150734,0.014815069735050201,0.2081100344657898,1.3708685636520386,,,,,,,,,,,,
40,model.layers.15.self_attn.o_proj.weight,1024,2048,0.00048828125,0.0004968076245859265,1.7191704511642456,-0.0006216163747012615,1.3828647136688232,2.799646790663246e-05,0.07960508018732071,0.5022847652435303,0.013734450563788414,0.6387560963630676,1.4500688314437866,0.23168957233428955,26.201547622680664,-0.028685670346021652,0.0010553218889981508,0.05379500985145569,0.7353925108909607,0.08260975778102875,0.0762045755982399,0.11810371279716492,1.1503963470458984,,,,,,,,,,,,
40,model.layers.19.self_attn.q_proj.weight,4096,1024,0.000244140625,0.00015958475705701858,2.5255954265594482,-0.0010908767580986023,0.5904293060302734,0.000381690013455227,0.19496184587478638,0.2684655785560608,0.006047052796930075,0.46590787172317505,1.534462332725525,0.21197527647018433,25.851932525634766,-0.014437759295105934,0.0014762787614017725,0.08352825045585632,0.6670805215835571,0.10897763073444366,0.1015227735042572,0.1699446439743042,0.9457184672355652,8.0,0.07458062469959259,0.06875833868980408,0.8657152056694031,4.889748197456356e-06,0.0021382677368819714,0.46995192766189575,0.002286780141286985,-0.000594993878621608,0.0004969044239260256,-0.0059517063200473785,0.08620212972164154
40,model.layers.19.self_attn.k_proj.weight,512,1024,0.0009765625,0.000925440457649529,3.123760938644409,1.5182414244918618e-05,0.548558235168457,0.00027892872458323836,0.23283518850803375,0.23577702045440674,0.008264121599495411,0.6001983284950256,1.3821191787719727,0.18460385501384735,19.117536544799805,-0.08442199975252151,0.00028017204022035,0.02699066512286663,0.656710147857666,0.08260887861251831,0.05255983769893646,0.1796368956565857,1.0397329330444336,,,,,,,,,,,,
40,model.layers.19.self_attn.v_proj.weight,512,1024,0.0009765625,0.0007476965547539294,1.3964203596115112,-0.00015176855958998203,0.5298492908477783,0.0013008390087634325,0.15423434972763062,0.24635173380374908,0.0056257909163832664,0.6168240904808044,1.4359105825424194,0.12351804226636887,21.2276554107666,-0.050231125205755234,0.00043097854359075427,0.030389387160539627,0.8039757609367371,0.056560806930065155,0.04349580034613609,0.11013766378164291,1.0694835186004639,,,,,,,,,,,,
40,model.layers.19.self_attn.o_proj.weight,1024,2048,0.00048828125,0.0007445011287927628,1.4529502391815186,-5.8358258684165776e-05,0.9246705770492554,8.588912896811962e-05,0.06816253066062927,0.502533495426178,0.009260744787752628,0.6254275441169739,1.4623945951461792,0.23211787641048431,54.08233642578125,0.08938289433717728,0.0012376572703942657,0.027659842744469643,0.7450199127197266,0.10992346704006195,0.040447451174259186,0.14689724147319794,1.261599063873291,,,,,,,,,,,,
40,model.layers.1.mlp.gate_proj.weight,3584,1024,0.00027901785714285713,0.0003832023940049112,3.1786656379699707,-0.0006814292864874005,0.7661573886871338,0.00031631343881599605,0.17912572622299194,0.31046026945114136,0.007463239599019289,0.5479271411895752,1.522146463394165,0.19678892195224762,72.11608123779297,-0.008936705999076366,0.0012256569461897016,0.023783398792147636,0.6118050813674927,0.23854318261146545,0.03187892958521843,0.3032166063785553,1.2794990539550781,,,,,,,,,,,,
40,model.layers.1.mlp.up_proj.weight,3584,1024,0.00027901785714285713,0.000245707924477756,2.806002140045166,-0.0008163530728779733,1.325110673904419,0.00017199001740664244,0.1638708859682083,0.33848872780799866,0.011250409297645092,0.524828314781189,1.509315848350525,0.18587923049926758,33.8907470703125,0.023236243054270744,0.0008839055662974715,0.0164696853607893,0.5483533143997192,0.2903032600879669,0.023176230490207672,0.3649422824382782,1.384230136871338,,,,,,,,,,,,
40,model.layers.1.mlp.down_proj.weight,1024,3584,0.00027901785714285713,0.00025182391982525587,5.061359405517578,-0.000811612349934876,1.3213080167770386,0.0010629944736137986,0.18798032402992249,0.28724297881126404,0.01676194556057453,0.5538783073425293,1.4311132431030273,0.1729295551776886,38.24454879760742,0.09826446324586868,0.0008758930489420891,0.01734316535294056,0.6099076271057129,0.22832588851451874,0.030020132660865784,0.2836049497127533,1.2952394485473633,8.0,0.05310722813010216,0.06207207962870598,0.8907226324081421,-0.0002287255338160321,-0.12976963818073273,4.364992141723633,,-0.0063591510988771915,-0.007095641922205687,0.004403646569699049,0.05104534327983856
40,model.layers.12.mlp.gate_proj.weight,3584,1024,0.00027901785714285713,0.00022162249661050737,3.138674736022949,-0.0012976424768567085,0.7915549874305725,0.001601200783625245,0.1908697783946991,0.24710437655448914,0.010657880455255508,0.5545703768730164,1.5224255323410034,0.22441808879375458,22.433887481689453,0.009149383753538132,0.0012087664799764752,0.031209494918584824,0.705384373664856,0.14212147891521454,0.04007450118660927,0.20375503599643707,1.2694536447525024,,,,,,,,,,,,
40,model.layers.12.mlp.up_proj.weight,3584,1024,0.00027901785714285713,0.00029384909430518746,3.0519464015960693,-0.00083970429841429,1.2640520334243774,0.000461818854091689,0.21989001333713531,0.2524029314517975,0.010342461988329887,0.5054306983947754,1.513022780418396,0.1741417795419693,18.3241024017334,-0.060220930725336075,0.0008961160201579332,0.025843363255262375,0.6094992160797119,0.21073493361473083,0.03513432294130325,0.2915773391723633,1.297874927520752,,,,,,,,,,,,
40,model.layers.12.mlp.down_proj.weight,1024,3584,0.00027901785714285713,0.0002469976607244462,5.0774736404418945,-0.0008046747534535825,1.3687653541564941,0.00015116130816750228,0.19724111258983612,0.2968590259552002,0.0178187508136034,0.5603044033050537,1.411354422569275,0.21295365691184998,22.636444091796875,0.1290404051542282,0.00090713583631441,0.039457567036151886,0.6638674139976501,0.15696179866790771,0.05074351653456688,0.20952053368091583,1.1943634748458862,8.0,0.0622108019888401,0.06660494953393936,0.8934286832809448,-7.563184044556692e-05,-0.02620108798146248,4.161137580871582,,-0.001273995148949325,-0.0006025459733791649,-1.1648558938759379e-05,0.04179585352540016
40,model.layers.22.mlp.gate_proj.weight,3584,1024,0.00027901785714285713,0.0004732502275146544,2.3913164138793945,-0.0010285940952599049,0.4025202691555023,0.0010432820999994874,0.17605866491794586,0.25950750708580017,0.009253919124603271,0.5359893441200256,1.5215072631835938,0.19882723689079285,38.470191955566406,-0.0532064326107502,0.0015975137939676642,0.03915349021553993,0.6401711702346802,0.1872050017118454,0.05003931000828743,0.25199711322784424,1.0830497741699219,,,,,,,,,,,,
40,model.layers.22.mlp.up_proj.weight,3584,1024,0.00027901785714285713,0.00019362378225196153,2.5014567375183105,-0.0008948674076236784,0.8748431205749512,0.0008481070399284363,0.17568086087703705,0.2895827293395996,0.013211783021688461,0.5342403054237366,1.5039693117141724,0.1803179681301117,23.310710906982422,0.15786485373973846,0.0010158357908949256,0.023660190403461456,0.6176621317863464,0.213748961687088,0.03043217957019806,0.2879231870174408,1.3070522546768188,,,,,,,,,,,,
40,model.layers.22.mlp.down_proj.weight,1024,3584,0.00027901785714285713,0.00042875486542470753,2.2694594860076904,-0.001019046176224947,0.8467487692832947,5.8572313719196245e-05,0.10581833869218826,0.4111684560775757,0.004939936567097902,0.5716460943222046,1.4696543216705322,0.19847366213798523,20.09964942932129,-0.03250639885663986,0.0009937837021425366,0.027484077960252762,0.621791660785675,0.19888894259929657,0.04180782288312912,0.2550254762172699,1.2082710266113281,8.0,0.06458164751529694,0.06630236655473709,0.8408457040786743,1.301938664255431e-05,-0.010365046560764313,2.0662505626678467,,-0.0015604622894898057,-0.0005726639064960182,-0.004528720863163471,0.12226225435733795
40,model.layers.1.linear_attn.in_proj_qkv.weight,6144,1024,0.00016276041666666666,9.415791282663122e-05,2.639000177383423,-1.9478593458188698e-05,0.6629324555397034,0.00033794192131608725,0.18180783092975616,0.2680724263191223,0.006883994210511446,0.5093044638633728,1.5322409868240356,0.22422853112220764,53.385276794433594,0.009313269518315792,0.0020014066249132156,0.04148804396390915,0.6341941356658936,0.21022316813468933,0.051589660346508026,0.26326125860214233,1.0867763757705688,8.0,0.05469731241464615,0.06272324174642563,0.8807826042175293,-3.043913602596149e-05,-0.012152232229709625,0.4657433032989502,,-0.008482594974339008,-0.007233540527522564,0.006157238502055407,0.06351018697023392
40,model.layers.1.linear_attn.out_proj.weight,1024,2048,0.00048828125,0.0005964091396890581,1.4554924964904785,0.0006109299138188362,1.5312221050262451,0.0006920145824551582,0.11408752202987671,0.3768968880176544,0.021378466859459877,0.5322079658508301,1.4425219297409058,0.19587276875972748,32.92594528198242,0.005343190860003233,0.0009068093495443463,0.045234933495521545,0.6806119680404663,0.13573819398880005,0.06324369460344315,0.18604299426078796,1.1314756870269775,,,,,,,,,,,,
40,model.layers.12.linear_attn.in_proj_qkv.weight,6144,1024,0.00016276041666666666,8.669369708513841e-05,2.696103096008301,0.00018989737145602703,0.7080478668212891,0.00035456905607134104,0.15460503101348877,0.2779216468334198,0.003335887100547552,0.616341769695282,1.550601840019226,0.2825961112976074,15.97642993927002,0.00987977348268032,0.0024175255093723536,0.03412523865699768,0.7247845530509949,0.1431787610054016,0.04300684109330177,0.1937016099691391,1.2158691883087158,8.0,0.0662529394030571,0.06567957252264023,0.8762401938438416,8.04236697149463e-06,-0.001528923399746418,0.36049067974090576,,-0.00262040295638144,-0.00015680531214457005,-0.0075559308752417564,0.08940787613391876
40,model.layers.12.linear_attn.out_proj.weight,1024,2048,0.00048828125,0.00032590189948678017,2.916668653488159,-0.0004241706046741456,1.0667221546173096,3.924546399503015e-05,0.16451379656791687,0.34488701820373535,0.012263008393347263,0.5654781460762024,1.4367868900299072,0.2266635000705719,24.83560562133789,0.02411155216395855,0.000876595382578671,0.051746223121881485,0.702458381652832,0.09793276339769363,0.07813385128974915,0.1443953514099121,1.0256175994873047,,,,,,,,,,,,
40,model.layers.21.linear_attn.in_proj_qkv.weight,6144,1024,0.00016276041666666666,0.00010834328713826835,2.6827597618103027,0.00035034152097068727,0.27560946345329285,0.0006616004393436015,0.19873176515102386,0.2388327717781067,0.0057916343212127686,0.5217030644416809,1.5404447317123413,0.2455464005470276,45.89480972290039,-0.06609378010034561,0.0027409885078668594,0.021368833258748055,0.6669173240661621,0.20488540828227997,0.02756522223353386,0.2600806653499603,1.3410053253173828,8.0,0.06562399864196777,0.06916742026805878,0.8563669919967651,-1.9058846874031588e-06,-0.001353764208033681,0.07771727442741394,,-0.0016043187351897359,-0.0034406203776597977,-0.012845678254961967,0.04987051710486412
40,model.layers.21.linear_attn.out_proj.weight,1024,2048,0.00048828125,0.0002683989005163312,2.6448187828063965,0.0005209622904658318,0.7062988877296448,8.407938003074378e-05,0.13856996595859528,0.36652231216430664,0.006596529856324196,0.5412901639938354,1.4782764911651611,0.2132924497127533,22.08965492248535,-0.09277477115392685,0.0008881903486326337,0.02409345470368862,0.6781240105628967,0.16343963146209717,0.032157979905605316,0.2171432375907898,1.3486731052398682,,,,,,,,,,,,
60,model.layers.7.self_attn.q_proj.weight,4096,1024,0.000244140625,0.00011525608715601265,2.1701221466064453,0.00032171420753002167,0.6750981211662292,0.001093737781047821,0.1797042042016983,0.25848373770713806,0.008064741268754005,0.5226317048072815,1.5340406894683838,0.2832868695259094,16.529138565063477,0.08961236476898193,0.0015590970870107412,0.10504770278930664,0.6545500159263611,0.13010141253471375,0.11634884774684906,0.18494336307048798,1.0307502746582031,8.0,0.0758625939488411,0.07240357995033264,0.8866927623748779,-2.1531834136112593e-05,0.008411012589931488,0.4562010169029236,-0.002559957425564617,0.004844323731958866,0.0028940681368112564,-0.011386740952730179,0.050761912018060684
60,model.layers.7.self_attn.k_proj.weight,512,1024,0.0009765625,0.001163636683486402,3.1789097785949707,-1.1358397387084551e-05,0.5017728805541992,0.0027149508241564035,0.15836210548877716,0.24039678275585175,0.03147608041763306,0.6907091736793518,1.3272650241851807,0.21158158779144287,12.100861549377441,0.007029223255813122,0.0002735871821641922,0.11739500612020493,0.5658096671104431,0.10668312013149261,0.12930133938789368,0.2140858918428421,0.861172616481781,,,,,,,,,,,,
60,model.layers.7.self_attn.v_proj.weight,512,1024,0.0009765625,0.0009958148002624512,1.7853577136993408,-0.0014413788449019194,0.9394548535346985,0.00039627798832952976,0.13272720575332642,0.2570219337940216,0.0038932005409151316,0.7461127042770386,1.4684031009674072,0.13276177644729614,14.443609237670898,0.03909645229578018,0.0002782743831630796,0.01956142857670784,0.631195068359375,0.1327991932630539,0.028080802410840988,0.26468658447265625,1.1451046466827393,,,,,,,,,,,,
60,model.layers.7.self_attn.o_proj.weight,1024,2048,0.00048828125,0.0002236403088318184,1.9670507907867432,-0.0005230688257142901,1.3881770372390747,0.00010115798068000004,0.13911111652851105,0.3584655821323395,0.036865368485450745,0.5262513160705566,1.398780107498169,0.246193528175354,24.267047882080078,0.046147797256708145,0.0008933837525546551,0.09711139649152756,0.7126241326332092,0.0720881000161171,0.11894900351762772,0.10117568075656891,0.9597727060317993,,,,,,,,,,,,
60,model.layers.15.self_attn.q_proj.weight,4096,1024,0.000244140625,0.00014208603533916175,2.8117144107818604,0.00028608919819816947,0.6832822561264038,0.00017026226851157844,0.21654577553272247,0.22946162521839142,0.0031003274489194155,0.41119492053985596,1.5454328060150146,0.2366744726896286,29.00150489807129,-0.044582873582839966,0.0015289881266653538,0.09595359861850739,0.6828315854072571,0.09558208286762238,0.11275561898946762,0.14980784058570862,0.9621122479438782,8.0,0.07708444446325302,0.06936069577932358,0.8767566084861755,-4.515835826168768e-06,-0.0022792203817516565,0.5755584836006165,,-0.0023640883155167103,-0.0002804568794090301,-0.010731272399425507,0.06197551265358925
60,model.layers.15.self_attn.k_proj.weight,512,1024,0.0009765625,0.0009358368115499616,4.614161968231201,-7.435077350237407e-06,0.5759312510490417,0.00023173583031166345,0.23710335791110992,0.24543704092502594,0.005063960794359446,0.5609726309776306,1.442952036857605,0.17752979695796967,22.471834182739258,-0.034354545176029205,0.00028186087729409337,0.0502983033657074,0.6586113572120667,0.09204982221126556,0.0669221505522728,0.17256776988506317,0.9300745129585266,,,,,,,,,,,,
60,model.layers.15.self_attn.v_proj.weight,512,1024,0.0009765625,0.0009269468719139695,1.6864876747131348,-0.0010696947574615479,0.574184775352478,0.00016370318189729005,0.1753145009279251,0.277070015668869,0.0035308264195919037,0.6591653823852539,1.4305566549301147,0.15810783207416534,19.28130340576172,-2.293475881742779e-05,0.000362018879968673,0.005350550636649132,0.7120813727378845,0.12553074955940247,0.0165312048047781,0.19964423775672913,1.3523530960083008,,,,,,,,,,,,
60,model.layers.15.self_attn.o_proj.weight,1024,2048,0.00048828125,0.000450628693215549,1.675047755241394,-0.00036352500319480896,1.0072368383407593,4.325422196416184e-05,0.0876992791891098,0.45958027243614197,0.01538177765905857,0.5826136469841003,1.427461862564087,0.22166244685649872,34.9136848449707,0.06348006427288055,0.0010207679588347673,0.018235178664326668,0.778155505657196,0.09195230901241302,0.0313284732401371,0.1253630518913269,1.3581757545471191,,,,,,,,,,,,
60,model.layers.19.self_attn.q_proj.weight,4096,1024,0.000244140625,0.00018975227430928499,2.5735275745391846,0.00023860020155552775,0.4306012988090515,0.0003290814347565174,0.22620466351509094,0.21512490510940552,0.006497949827462435,0.3700218200683594,1.5298874378204346,0.24795232713222504,32.64695739746094,-0.0035463685635477304,0.001497697550803423,0.09514401108026505,0.6704291701316833,0.10156015306711197,0.11058991402387619,0.16035477817058563,0.8798589706420898,8.0,0.06476982682943344,0.07413575053215027,0.8612476587295532,5.539739049709169e-06,0.00693231076002121,0.2625797390937805,0.0007991186837233217,0.0011878263903781772,0.0034217569045722485,0.016832591965794563,0.10528382658958435
60,model.layers.19.self_attn.k_proj.weight,512,1024,0.0009765625,0.0008792696753516793,3.072913646697998,-1.1349459782650229e-05,0.42052048444747925,0.00028599787037819624,0.24309398233890533,0.23050175607204437,0.016762545332312584,0.5609717965126038,1.3236968517303467,0.22723588347434998,20.3453426361084,-0.031783949583768845,0.0002855299971997738,0.01878744550049305,0.7019546627998352,0.07586017996072769,0.04139856621623039,0.1552828699350357,1.1706329584121704,,,,,,,,,,,,
60,model.layers.19.self_attn.v_proj.weight,512,1024,0.0009765625,0.0006901546148583293,1.4688547849655151,-0.00027425424195826054,0.36382994055747986,0.000658339646179229,0.1482854038476944,0.26050740480422974,0.004860095214098692,0.6527723073959351,1.4157932996749878,0.17606519162654877,22.551511764526367,0.042168837040662766,0.0004214645887259394,0.039017707109451294,0.7991858124732971,0.05493617430329323,0.05372169613838196,0.10515014827251434,0.939221203327179,,,,,,,,,,,,
60,model.layers.19.self_attn.o_proj.weight,1024,2048,0.00048828125,0.0005307964747771621,1.4223320484161377,-8.806905680103227e-05,0.6532770991325378,0.00010012326674768701,0.06610270589590073,0.5083459615707397,0.013764467090368271,0.6175663471221924,1.4451195001602173,0.2197021245956421,25.03830337524414,-0.07059086859226227,0.0012329438468441367,0.010467661544680595,0.7608712911605835,0.11175922304391861,0.025413459166884422,0.14630798995494843,1.3389703035354614,,,,,,,,,,,,
60,model.layers.1.mlp.gate_proj.weight,3584,1024,0.00027901785714285713,0.0002686589432414621,2.912790060043335,0.0008599143475294113,0.5780351758003235,0.0002910247421823442,0.1809430718421936,0.29837945103645325,0.006857600063085556,0.5204758644104004,1.5124926567077637,0.21022957563400269,27.54540252685547,-0.05791209638118744,0.0012401046697050333,0.019583305343985558,0.6352776288986206,0.23418225347995758,0.025786133483052254,0.2923320233821869,1.2558513879776,,,,,,,,,,,,
60,model.layers.1.mlp.up_proj.weight,3584,1024,0.00027901785714285713,0.00020030009909532964,2.5330100059509277,0.0013898609904572368,1.0183541774749756,0.0001388874661643058,0.1611572951078415,0.3390374779701233,0.010246249847114086,0.5162565112113953,1.5087385177612305,0.17603623867034912,37.36539077758789,0.11585541814565659,0.0008651986136101186,0.015957113355398178,0.5697258114814758,0.274467796087265,0.02270703762769699,0.3468987047672272,1.2880581617355347,,,,,,,,,,,,
60,model.layers.1.mlp.down_proj.weight,1024,3584,0.00027901785714285713,0.0003009464417118579,4.626285076141357,0.0014106821035966277,0.9987431764602661,0.002183216856792569,0.18081502616405487,0.2901766002178192,0.01928858272731304,0.5591603517532349,1.4249438047409058,0.1712198555469513,45.37595748901367,0.11675943434238434,0.0008694773423485458,0.015561453998088837,0.6141588091850281,0.23058970272541046,0.025307990610599518,0.2853063642978668,1.341792106628418,8.0,0.07945430278778076,0.07578885555267334,0.9065039753913879,7.302294397959486e-05,0.038226090371608734,1.9567095041275024,0.0019102906750262493,0.005315419752150774,0.0034105668310076,-0.0024844310246407986,0.03657735511660576
60,model.layers.12.mlp.gate_proj.weight,3584,1024,0.00027901785714285713,0.0002056537923635915,2.539632558822632,-0.00019482217612676322,0.6277176141738892,0.000870050280354917,0.17287318408489227,0.26202186942100525,0.007312862668186426,0.5809535980224609,1.5236520767211914,0.2300119251012802,19.735898971557617,-0.028245924040675163,0.0011919726384803653,0.02103191241621971,0.7211662530899048,0.13736914098262787,0.030126120895147324,0.19749312102794647,1.3421071767807007,,,,,,,,,,,,
60,model.layers.12.mlp.up_proj.weight,3584,1024,0.00027901785714285713,0.00027140852762386203,2.5134470462799072,5.504005457623862e-05,1.0370007753372192,0.00037809586501680315,0.2129099816083908,0.259431928396225,0.007578624412417412,0.5063742995262146,1.518579125404358,0.2017790824174881,20.51919174194336,0.12853491306304932,0.0008815486798994243,0.023373126983642578,0.6303932070732117,0.2038288563489914,0.030794555321335793,0.28000470995903015,1.310010552406311,,,,,,,,,,,,
60,model.layers.12.mlp.down_proj.weight,1024,3584,0.00027901785714285713,0.0002481251722201705,4.341769695281982,5.7638942962512374e-05,1.0274266004562378,0.0001852262794272974,0.20103314518928528,0.2892279028892517,0.02168482169508934,0.5354375839233398,1.4131110906600952,0.20931251347064972,25.24044418334961,-0.03238383308053017,0.0008646518108434975,0.01324068009853363,0.6846952438354492,0.1683121919631958,0.023827480152249336,0.21806564927101135,1.430148959159851,8.0,0.06814704835414886,0.0724514052271843,0.9030529260635376,-1.3294398740981705e-05,-0.0002364239189773798,2.0859947204589844,,-0.0007754121324978769,8.418832635470608e-07,0.004248794633895159,0.03709672763943672
60,model.layers.22.mlp.gate_proj.weight,3584,1024,0.00027901785714285713,0.00035924583789892495,2.3719935417175293,-0.0003941819304600358,0.3100491762161255,0.0014111592900007963,0.16978448629379272,0.26597827672958374,0.009431573562324047,0.5668971538543701,1.5233172178268433,0.19673137366771698,43.173274993896484,-0.004878687206655741,0.0016105429967865348,0.028977202251553535,0.6641365885734558,0.17958879470825195,0.03932665288448334,0.2413523942232132,1.2044967412948608,,,,,,,,,,,,
60,model.layers.22.mlp.up_proj.weight,3584,1024,0.00027901785714285713,0.00020141425193287432,2.3697261810302734,-0.00038922569365240633,0.6659148931503296,0.0005324565572664142,0.15485446155071259,0.3184549808502197,0.011441798880696297,0.6056410074234009,1.4981235265731812,0.18794581294059753,25.436168670654297,0.016817474737763405,0.0009795499499887228,0.01876991242170334,0.6357265114784241,0.20926162600517273,0.025629619136452675,0.28033992648124695,1.3359034061431885,,,,,,,,,,,,
60,model.layers.22.mlp.down_proj.weight,1024,3584,0.00027901785714285713,0.000511665886733681,2.031312942504883,-0.00042799595394171774,0.6440762281417847,0.00020742835476994514,0.10000704973936081,0.4170667231082916,0.007575614843517542,0.5660475492477417,1.4509414434432983,0.20674443244934082,22.55951690673828,-0.024335725232958794,0.0009590830304659903,0.0230867937207222,0.6059561371803284,0.22930647432804108,0.03485170751810074,0.28364408016204834,1.2386798858642578,8.0,0.07894893735647202,0.07275114208459854,0.8484655022621155,2.024329842242878e-05,0.006072354037314653,1.0440044403076172,0.003333682176308164,-0.0013901488855481148,0.0003685380797833204,-0.0165285374969244,0.12383847683668137
60,model.layers.1.linear_attn.in_proj_qkv.weight,6144,1024,0.00016276041666666666,0.00012085741036571562,2.493473529815674,-0.0005257375305518508,0.5008445382118225,0.0007290685316547751,0.1844509094953537,0.259484201669693,0.0074415612034499645,0.49549129605293274,1.5381557941436768,0.21868865191936493,47.8179817199707,0.08313578367233276,0.001996963983401656,0.028762437403202057,0.6592257022857666,0.20549380779266357,0.03522590920329094,0.25956621766090393,1.2519835233688354,8.0,0.07463185489177704,0.07779809087514877,0.8997755646705627,1.2213728950882796e-05,0.0065741147845983505,0.2137737274169922,0.001857851490438952,0.007164489012211561,0.006613321136683226,0.003293792251497507,0.05911719799041748
60,model.layers.1.linear_attn.out_proj.weight,1024,2048,0.00048828125,0.00024234390002675354,1.35733163356781,-0.0007147901342250407,1.1596970558166504,0.0002569804491940886,0.11482938379049301,0.39714595675468445,0.01017005741596222,0.5554350018501282,1.4437123537063599,0.22304844856262207,33.380767822265625,0.008371248841285706,0.0009209460113197565,0.07063788175582886,0.6577126383781433,0.14289742708206177,0.08897893875837326,0.18835361301898956,0.9305616617202759,,,,,,,,,,,,
60,model.layers.12.linear_attn.in_proj_qkv.weight,6144,1024,0.00016276041666666666,7.338251452893019e-05,2.1121151447296143,-2.0644274627557024e-05,0.6611230969429016,0.00043881410965695977,0.1647777408361435,0.25922176241874695,0.0032898164354264736,0.5711414217948914,1.5522927045822144,0.271726131439209,28.096952438354492,-0.02207258529961109,0.0023081358522176743,0.03768198564648628,0.7067645192146301,0.15562289953231812,0.046482495963573456,0.20652468502521515,1.1391127109527588,8.0,0.07044488936662674,0.07097838819026947,0.8642110228538513,9.028121894516516e-08,-0.000661571859382093,0.2739020586013794,,-0.0010675163939595222,-0.0002065293665509671,0.0005998283158987761,0.1009073480963707
60,model.layers.12.linear_attn.out_proj.weight,1024,2048,0.00048828125,0.00029091068427078426,2.419398784637451,-0.0006389752961695194,0.8459678292274475,0.00016556979971937835,0.17714165151119232,0.31588214635849,0.0294028427451849,0.5210570693016052,1.4112787246704102,0.2971728444099426,11.986836433410645,-0.06843900680541992,0.0008832356543280184,0.11704058200120926,0.6590908765792847,0.094090037047863,0.14162036776542664,0.13466964662075043,1.0380568504333496,,,,,,,,,,,,
60,model.layers.21.linear_attn.in_proj_qkv.weight,6144,1024,0.00016276041666666666,0.00011048194573959336,2.5072038173675537,-0.0003149435797240585,0.24888353049755096,0.0010930388234555721,0.21094007790088654,0.22912071645259857,0.007622485980391502,0.4952976405620575,1.5372735261917114,0.2433844655752182,35.88921356201172,0.05693133920431137,0.0026376850437372923,0.019406341016292572,0.6745933890342712,0.19642490148544312,0.029848843812942505,0.24942852556705475,1.249138355255127,8.0,0.08039498329162598,0.09232427924871445,0.8017826080322266,-2.5456301955273375e-08,0.0003483373438939452,0.05350509658455849,-7.307945128910382e-05,-2.5440573153900914e-05,0.0020843481179326773,-0.0032375629525631666,0.06021702289581299
60,model.layers.21.linear_attn.out_proj.weight,1024,2048,0.00048828125,0.0003349179751239717,1.868268609046936,-0.001426531234756112,0.5220968723297119,0.00013709618360735476,0.13202828168869019,0.38619464635849,0.008042413741350174,0.5772891044616699,1.477958083152771,0.19432537257671356,25.901897430419922,-0.06601855158805847,0.000893861404620111,0.039596278220415115,0.6780609488487244,0.1477414071559906,0.05024208873510361,0.1986190676689148,1.1600422859191895,,,,,,,,,,,,
80,model.layers.7.self_attn.q_proj.weight,4096,1024,0.000244140625,0.00014487630687654018,1.8942190408706665,-0.0005123782902956009,0.8725990056991577,0.000826571136713028,0.17363852262496948,0.2729058861732483,0.006798893678933382,0.5466788411140442,1.5359636545181274,0.2624610364437103,20.179550170898438,-0.07554519176483154,0.0015345216961577535,0.10131460428237915,0.6627707481384277,0.12551669776439667,0.11214954406023026,0.18059536814689636,0.9394640326499939,8.0,0.09338978677988052,0.08577463030815125,0.7898789644241333,3.5667570045916364e-05,0.0061850291676819324,0.8113501667976379,0.0057667585841448986,0.004675688222050667,0.0016523022204637527,0.0027544295880943537,0.06217604875564575
80,model.layers.7.self_attn.k_proj.weight,512,1024,0.0009765625,0.0010891620768234134,3.221662998199463,6.282354661379941e-06,0.6017395257949829,0.0022498832549899817,0.16723330318927765,0.2327498495578766,0.023744599893689156,0.6887703537940979,1.3189672231674194,0.15386220812797546,19.16365623474121,0.02373109757900238,0.0002592375676613301,0.0214729942381382,0.6269078850746155,0.11715841293334961,0.03556889295578003,0.23581640422344208,1.1518172025680542,,,,,,,,,,,,
80,model.layers.7.self_attn.v_proj.weight,512,1024,0.0009765625,0.0009286614367738366,1.5644127130508423,-0.00040282082045450807,1.214331865310669,0.000483600830193609,0.14588981866836548,0.23695221543312073,0.004149551037698984,0.7250314354896545,1.4506349563598633,0.13665540516376495,11.238970756530762,-0.028911208733916283,0.00028428793302737176,0.008497332222759724,0.6368364095687866,0.13236664235591888,0.016060736030340195,0.27355316281318665,1.3732284307479858,,,,,,,,,,,,
80,model.layers.7.self_attn.o_proj.weight,1024,2048,0.00048828125,0.00022412902035284787,1.6904240846633911,-0.00013796827988699079,1.8908413648605347,6.961286999285221e-05,0.14602701365947723,0.3468679189682007,0.028434203937649727,0.514567494392395,1.4358900785446167,0.22433307766914368,22.881023406982422,0.025374745950102806,0.0008394243195652962,0.05721238628029823,0.7322933077812195,0.08497834950685501,0.07790066301822662,0.11751510202884674,0.9242634177207947,,,,,,,,,,,,
80,model.layers.15.self_attn.q_proj.weight,4096,1024,0.000244140625,0.0001339293085038662,2.4617745876312256,-0.00046313274651765823,0.7643229365348816,0.00022269731562118977,0.19941264390945435,0.25478288531303406,0.0033452454954385757,0.44196876883506775,1.5453606843948364,0.3004508316516876,8.488107681274414,-0.1717730462551117,0.0015992411645129323,0.20777179300785065,0.5926830172538757,0.08366686850786209,0.22280029952526093,0.1323137730360031,0.8665750622749329,8.0,0.061512939631938934,0.06684498488903046,0.8574814200401306,-5.752403012593277e-06,-0.011686217039823532,0.7776793837547302,,-0.002906163688749075,-0.002301364904269576,-0.006806938908994198,0.07103879004716873
80,model.layers.15.self_attn.k_proj.weight,512,1024,0.0009765625,0.0008960309787653387,3.5425784587860107,-2.1171988919377327e-05,0.6472241878509521,0.00014403663226403296,0.24523745477199554,0.24719515442848206,0.005872152745723724,0.5412066578865051,1.441710114479065,0.15585854649543762,28.32208824157715,-0.018251636996865273,0.0002774017339106649,0.03301221504807472,0.698624849319458,0.08060327172279358,0.05130426585674286,0.1525605469942093,1.0414955615997314,,,,,,,,,,,,
80,model.layers.15.self_attn.v_proj.weight,512,1024,0.0009765625,0.0009426791802980006,1.645107388496399,0.00040472744149155915,0.6345334649085999,8.377611811738461e-05,0.20480762422084808,0.25782012939453125,0.003638920374214649,0.6175272464752197,1.4623444080352783,0.16246575117111206,17.93231201171875,0.059996236115694046,0.00035826355451717973,0.011920212768018246,0.7187077403068542,0.12225702404975891,0.02020798809826374,0.19315281510353088,1.319565773010254,,,,,,,,,,,,
80,model.layers.15.self_attn.o_proj.weight,1024,2048,0.00048828125,0.00041681918082758784,1.6535146236419678,0.00012174848234280944,1.207025170326233,2.901634798035957e-05,0.07754844427108765,0.5045518279075623,0.021053435280919075,0.6473305821418762,1.4379366636276245,0.2375604808330536,36.67967224121094,0.04285450652241707,0.0010197563096880913,0.03730997443199158,0.7650379538536072,0.08171568810939789,0.05393106862902641,0.11490824818611145,1.2682056427001953,,,,,,,,,,,,
80,model.layers.19.self_attn.q_proj.weight,4096,1024,0.000244140625,0.00015381461707875133,2.203000545501709,6.955424760235474e-05,0.5385760068893433,0.0009241651277989149,0.20049817860126495,0.24832521378993988,0.01150672510266304,0.4406692087650299,1.5328571796417236,0.24561218917369843,25.07083511352539,-0.05370931327342987,0.001496640034019947,0.13260367512702942,0.6348026990890503,0.1001029834151268,0.15163134038448334,0.15465635061264038,0.742954671382904,8.0,0.07613902539014816,0.07297029346227646,0.852524995803833,-3.4886172670667293e-06,0.0006211300496943295,0.38638246059417725,-0.00561656495090448,0.002173291752114892,0.0008104131557047367,-0.013949688524007797,0.08812250196933746
80,model.layers.19.self_attn.k_proj.weight,512,1024,0.0009765625,0.0011959916446357965,3.08910870552063,-7.014017228357261e-06,0.5263109803199768,0.0009815795347094536,0.2399340718984604,0.22805826365947723,0.0130281588062644,0.5835260152816772,1.357025146484375,0.193762868642807,17.735050201416016,0.05066351965069771,0.0002714485162869096,0.03133482113480568,0.6684145927429199,0.07505137473344803,0.06854972243309021,0.15211394429206848,0.9336132407188416,,,,,,,,,,,,
80,model.layers.19.self_attn.v_proj.weight,512,1024,0.0009765625,0.0007048865081742406,1.463006615638733,0.0012831282801926136,0.40223613381385803,0.000467699981527403,0.16502241790294647,0.2521169185638428,0.004655915312469006,0.6339024305343628,1.410915493965149,0.16765956580638885,23.925798416137695,-0.04429565370082855,0.0004160910611972213,0.033802133053541183,0.8115569353103638,0.05169697478413582,0.050238896161317825,0.09730475395917892,1.044716238975525,,,,,,,,,,,,
80,model.layers.19.self_attn.o_proj.weight,1024,2048,0.00048828125,0.0005419012159109116,1.4116944074630737,0.00039543138700537384,0.7680646181106567,9.309904999099672e-05,0.06542603671550751,0.5057954788208008,0.012483872473239899,0.6186566948890686,1.4530375003814697,0.20449483394622803,40.54000473022461,0.024365892633795738,0.0011922308476641774,0.019819127395749092,0.7514328956604004,0.11312935501337051,0.032813068479299545,0.1482880562543869,1.3664919137954712,,,,,,,,,,,,
80,model.layers.1.mlp.gate_proj.weight,3584,1024,0.00027901785714285713,0.00020149022748228163,2.9925451278686523,-0.0008963695145212114,0.6848772168159485,0.000233158323680982,0.17141449451446533,0.31577062606811523,0.007949840277433395,0.5456417798995972,1.5123366117477417,0.21797828376293182,68.26818084716797,-0.04839153215289116,0.0012364311842247844,0.026780977845191956,0.6124691367149353,0.23926128447055817,0.03307761624455452,0.3034617006778717,1.2689787149429321,,,,,,,,,,,,
80,model.layers.1.mlp.up_proj.weight,3584,1024,0.00027901785714285713,0.00025953579461202025,2.5307066440582275,-0.0004964036634191871,1.1994322538375854,0.0001397153246216476,0.1527942717075348,0.34122148156166077,0.00979045033454895,0.5129868984222412,1.5139826536178589,0.18454895913600922,42.03451156616211,0.04352997615933418,0.000886174151673913,0.03101787157356739,0.5646893382072449,0.26159903407096863,0.03730401396751404,0.3370465338230133,1.3512133359909058,,,,,,,,,,,,
80,model.layers.1.mlp.down_proj.weight,1024,3584,0.00027901785714285713,0.0002332004951313138,4.9970831871032715,-0.0004902659566141665,1.2124935388565063,0.0005008346633985639,0.1720663458108902,0.3058250844478607,0.011773661710321903,0.5845991969108582,1.438497543334961,0.1617010533809662,48.205230712890625,-0.03104275092482567,0.0008615456754341722,0.022640129551291466,0.5884757041931152,0.24168743193149567,0.033598292618989944,0.2990745007991791,1.271860957145691,8.0,0.07241977751255035,0.07556876540184021,0.842639148235321,-7.96916865510866e-05,-0.03945228457450867,3.372420072555542,,-0.0030869997572153807,-0.0036024199798703194,0.008277134038507938,0.04250229895114899
80,model.layers.12.mlp.gate_proj.weight,3584,1024,0.00027901785714285713,0.00021083018509671092,2.346069574356079,-0.0005668707890436053,0.6394609212875366,0.001278089126572013,0.1751251518726349,0.26617902517318726,0.007744921371340752,0.5836556553840637,1.5277292728424072,0.1988890916109085,25.525959014892578,-0.09973601251840591,0.0011828503338620067,0.026547394692897797,0.7291722297668457,0.13049671053886414,0.037099070847034454,0.18713942170143127,1.2759312391281128,,,,,,,,,,,,
80,model.layers.12.mlp.up_proj.weight,3584,1024,0.00027901785714285713,0.00026586337480694056,2.3054072856903076,-0.0005750472191721201,1.0501008033752441,0.0004043889348395169,0.20626623928546906,0.27407732605934143,0.008962243795394897,0.515669584274292,1.515769362449646,0.18095898628234863,19.5293025970459,-0.017385214567184448,0.0008580783032812178,0.02105291746556759,0.6378830671310425,0.19232912361621857,0.029378287494182587,0.27124282717704773,1.3294861316680908,,,,,,,,,,,,
80,model.layers.12.mlp.down_proj.weight,1024,3584,0.00027901785714285713,0.0002464774006512016,4.306498050689697,-0.000563444453291595,1.103455662727356,0.00024137416039593518,0.18763118982315063,0.3064042031764984,0.027318311855196953,0.563607394695282,1.416506052017212,0.19044803082942963,24.323780059814453,0.12264327704906464,0.0008447057334706187,0.02607037127017975,0.6640246510505676,0.1678003966808319,0.04095515236258507,0.21805940568447113,1.2159096002578735,8.0,0.06277477741241455,0.06620626896619797,0.8773546814918518,-5.844312909175642e-06,-0.016499582678079605,2.786710262298584,,-0.0029917671345174313,-0.0010582457762211561,0.00562494620680809,0.05534694716334343
80,model.layers.22.mlp.gate_proj.weight,3584,1024,0.00027901785714285713,0.0003152796416543424,2.472600221633911,0.0002845805138349533,0.29521802067756653,0.0007858934695832431,0.1822275072336197,0.2527528703212738,0.007225400302559137,0.5353032350540161,1.5225399732589722,0.21742726862430573,33.52565383911133,0.0573880635201931,0.0016121830558404326,0.04514781013131142,0.6342207789421082,0.19337303936481476,0.05480379983782768,0.2558271884918213,1.1207869052886963,,,,,,,,,,,,
80,model.layers.22.mlp.up_proj.weight,3584,1024,0.00027901785714285713,0.00025014823768287897,2.370964527130127,-8.593797974754125e-05,0.687815248966217,0.0008421543170697987,0.17074963450431824,0.3017253875732422,0.01316631305962801,0.5724729299545288,1.5059455633163452,0.1798904836177826,28.61347198486328,0.03141561150550842,0.0009599871700629592,0.031209522858262062,0.6059320569038391,0.22196976840496063,0.03956234082579613,0.29383933544158936,1.1530202627182007,,,,,,,,,,,,
80,model.layers.22.mlp.down_proj.weight,1024,3584,0.00027901785714285713,0.0003853636735584587,2.3716468811035156,-8.868979784892872e-05,0.6931371688842773,0.00026392837753519416,0.09764080494642258,0.427090048789978,0.006994330789893866,0.5959050059318542,1.4773792028427124,0.21103081107139587,26.091445922851562,0.05873190984129906,0.0009518706356175244,0.03481675684452057,0.6177194118499756,0.20769865810871124,0.04703966900706291,0.2593706250190735,1.1324299573898315,8.0,0.06837138533592224,0.06727781146764755,0.8438300490379333,-2.4588835003669374e-06,0.002936149947345257,1.368281364440918,-0.0008374516099186815,-0.0011796141043305397,0.0008426096173934639,-0.005496805068105459,0.11576838046312332
80,model.layers.1.linear_attn.in_proj_qkv.weight,6144,1024,0.00016276041666666666,0.0001031268693623133,2.5236594676971436,9.460675755690318e-06,0.5772169828414917,0.0006365443696267903,0.17837406694889069,0.27960845828056335,0.007375022862106562,0.5372824668884277,1.5371445417404175,0.2718435823917389,32.23188018798828,0.19108083844184875,0.0020220766309648752,0.06411367654800415,0.6027812361717224,0.22431382536888123,0.07084256410598755,0.27914297580718994,1.0366123914718628,8.0,0.07086788862943649,0.07280588895082474,0.8343700766563416,-2.35925708693685e-05,-0.006035496015101671,0.34128591418266296,,-0.01117673795670271,-0.004316546954214573,0.005620388779789209,0.048921190202236176
80,model.layers.1.linear_attn.out_proj.weight,1024,2048,0.00048828125,0.0006784520228393376,1.3549505472183228,-5.344049714040011e-05,1.381324052810669,0.00044904614333063364,0.10962627828121185,0.3943982720375061,0.012446308508515358,0.5657790303230286,1.4336044788360596,0.18696840107440948,53.49180221557617,-0.03566686436533928,0.0009010889916680753,0.053515978157520294,0.6760398745536804,0.13247953355312347,0.07051797211170197,0.18301449716091156,0.9256963133811951,,,,,,,,,,,,
80,model.layers.12.linear_attn.in_proj_qkv.weight,6144,1024,0.00016276041666666666,6.63239334244281e-05,2.2531259059906006,-0.0001215053562191315,0.6555984020233154,0.0003813931834883988,0.1728591024875641,0.2547662854194641,0.004286454990506172,0.5670396685600281,1.548236608505249,0.26479271054267883,29.788747787475586,-0.07365263253450394,0.0023296147119253874,0.060209233313798904,0.6784663200378418,0.16327980160713196,0.0679386779665947,0.21492049098014832,1.1455210447311401,8.0,0.06716533750295639,0.06526900827884674,0.8254945278167725,-3.035927420569351e-06,-0.005344901233911514,0.33579325675964355,,-0.0058015938848257065,-0.003718051826581359,-0.0008888785960152745,0.09504938870668411
80,model.layers.12.linear_attn.out_proj.weight,1024,2048,0.00048828125,0.0002820140798576176,2.4259531497955322,-0.0001679650304140523,0.9307914972305298,6.894018588354811e-05,0.15147854387760162,0.3651778995990753,0.02143806777894497,0.6035668253898621,1.434977412223816,0.2043643742799759,30.488048553466797,-0.045991819351911545,0.0008512377389706671,0.04659437760710716,0.7162033915519714,0.09272582828998566,0.07558850944042206,0.13579706847667694,1.0617966651916504,,,,,,,,,,,,
80,model.layers.21.linear_attn.in_proj_qkv.weight,6144,1024,0.00016276041666666666,0.00010168107110075653,2.272157907485962,-0.0002681444166228175,0.2062220573425293,0.001680918619967997,0.1862553060054779,0.24715524911880493,0.009925243444740772,0.5250570178031921,1.5403152704238892,0.2155895084142685,59.317378997802734,-0.020488781854510307,0.0026405807584524155,0.023819737136363983,0.6503767967224121,0.21160052716732025,0.03249596804380417,0.2695748507976532,1.239927887916565,8.0,0.07293591648340225,0.06632624566555023,0.8668447136878967,-1.9921691318813828e-07,-0.000390085915569216,0.0409943126142025,,-0.0007321695447899401,-0.002093707676976919,0.006935926619917154,0.068882055580616
80,model.layers.21.linear_attn.out_proj.weight,1024,2048,0.00048828125,0.00033891783095896244,2.1772994995117188,-0.0003522523620631546,0.48159003257751465,0.0001554385817144066,0.12037219107151031,0.40462005138397217,0.006842076778411865,0.5909104943275452,1.479823350906372,0.17618505656719208,27.887447357177734,0.04266124591231346,0.0008556678658351302,0.033951930701732635,0.676142156124115,0.15781854093074799,0.04451426491141319,0.20854276418685913,1.1999330520629883,,,,,,,,,,,,
100,model.layers.7.self_attn.q_proj.weight,4096,1024,0.000244140625,0.00011116298992419615,2.1818015575408936,0.00020244285406079143,0.7963632941246033,0.0006333871278911829,0.18293115496635437,0.26472678780555725,0.007218419574201107,0.5273503065109253,1.5326470136642456,0.27033358812332153,32.8779411315918,0.0009989693062379956,0.0015326996799558401,0.09321040660142899,0.6642318964004517,0.12309680879116058,0.10565073043107986,0.1795806884765625,0.8915504813194275,8.0,0.07359243184328079,0.07316511869430542,0.8663073182106018,-1.6861295080161653e-06,0.004884573630988598,0.674580454826355,-0.00034519481850351524,0.0021721674129366875,0.0007724673487246037,0.0012438540579751134,0.06102694571018219
100,model.layers.7.self_attn.k_proj.weight,512,1024,0.0009765625,0.0011434288462623954,3.0253446102142334,-9.69353322943789e-07,0.573512852191925,0.0011802584631368518,0.15396654605865479,0.2766241431236267,0.023856502026319504,0.6994894742965698,1.325201153755188,0.19794878363609314,9.332467079162598,0.07042481750249863,0.00027490133652463555,0.1224241703748703,0.581633985042572,0.09492022544145584,0.13730494678020477,0.1909511834383011,1.050447940826416,,,,,,,,,,,,
100,model.layers.7.self_attn.v_proj.weight,512,1024,0.0009765625,0.0008246356737799942,1.7245242595672607,0.0002944548905361444,1.1712507009506226,0.0004951615119352937,0.11811965703964233,0.26021236181259155,0.005335560999810696,0.7760279774665833,1.4429924488067627,0.13243454694747925,13.976078033447266,0.007491983938962221,0.0002763545489870012,0.0077966186217963696,0.6434735655784607,0.13266728818416595,0.017394063994288445,0.2668122351169586,1.352524757385254,,,,,,,,,,,,
100,model.layers.7.self_attn.o_proj.weight,1024,2048,0.00048828125,0.0002421222598059103,1.8812158107757568,9.09887530724518e-05,1.9509135484695435,6.467558705480769e-05,0.11664611101150513,0.4254744350910187,0.013406360521912575,0.6297310590744019,1.4181044101715088,0.23863831162452698,27.440113067626953,-0.02512483298778534,0.0008682823390699923,0.07806263118982315,0.7249397039413452,0.07473732531070709,0.10082562267780304,0.10501673072576523,0.9207962155342102,,,,,,,,,,,,
100,model.layers.15.self_attn.q_proj.weight,4096,1024,0.000244140625,0.00014472324983216822,2.2643542289733887,-0.00021729510626755655,1.098997712135315,0.00031086328090168536,0.21718525886535645,0.22088752686977386,0.0029745372012257576,0.49231573939323425,1.5453741550445557,0.2307145893573761,39.73603439331055,-0.052973367273807526,0.0014657983556389809,0.08233114331960678,0.6741439700126648,0.10781673341989517,0.09794691950082779,0.17071647942066193,0.8805980682373047,8.0,0.0858544334769249,0.07700803130865097,0.8309337496757507,2.0263352780602872e-05,0.0023949795868247747,1.4244709014892578,0.00846076220944651,0.0025940954219549894,0.00019053321739193052,-0.0008693788549862802,0.054151587188243866
100,model.layers.15.self_attn.k_proj.weight,512,1024,0.0009765625,0.0007467502728104591,2.5752782821655273,7.1233966991712805e-06,1.0069345235824585,2.706740633584559e-05,0.1943497210741043,0.32447874546051025,0.0029854397289454937,0.6090505719184875,1.4533582925796509,0.19029992818832397,8.458346366882324,-0.0027200321201235056,0.0002906401641666889,0.02817564457654953,0.6747410297393799,0.10188692063093185,0.042562756687402725,0.1795681267976761,1.0809248685836792,,,,,,,,,,,,
100,model.layers.15.self_attn.v_proj.weight,512,1024,0.0009765625,0.0009916122071444988,1.5667786598205566,0.0013432217529043555,0.9503464102745056,0.00013024595682509243,0.26040592789649963,0.2152843177318573,0.006164354272186756,0.5301875472068787,1.437304139137268,0.16567108035087585,22.519603729248047,0.03336815908551216,0.00035945718991570175,0.011721054092049599,0.7201102375984192,0.11821218580007553,0.022335927933454514,0.18904082477092743,1.2290518283843994,,,,,,,,,,,,
100,model.layers.15.self_attn.o_proj.weight,1024,2048,0.00048828125,0.0004884015652351081,1.801605463027954,0.0005378985079005361,1.4018468856811523,3.2062998798210174e-05,0.11923240125179291,0.39484649896621704,0.008126828819513321,0.5198018550872803,1.4512323141098022,0.215372234582901,42.05183029174805,-0.05545978993177414,0.0010239393450319767,0.016414891928434372,0.7822717428207397,0.08971863240003586,0.030362308025360107,0.12235348671674728,1.4316014051437378,,,,,,,,,,,,
100,model.layers.19.self_attn.q_proj.weight,4096,1024,0.000244140625,0.00021458903211168945,2.469679355621338,-0.00020966061856597662,0.8110737204551697,0.00027140206657350063,0.25575268268585205,0.17321550846099854,0.0034367244224995375,0.3570651412010193,1.5324493646621704,0.49052631855010986,3.963654041290283,0.21531932055950165,0.0017640115693211555,0.41751545667648315,0.4142302870750427,0.0716252326965332,0.4314306378364563,0.11203327029943466,0.8570001721382141,8.0,0.08141831308603287,0.08030831068754196,0.798287034034729,1.2281369890843052e-05,-0.006770624779164791,1.1315970420837402,,0.004011329263448715,-6.592566478502704e-06,-0.00016890601546037942,0.07141149789094925
100,model.layers.19.self_attn.k_proj.weight,512,1024,0.0009765625,0.0010287896730005741,2.365039825439453,2.2520093807543162e-06,0.8945966958999634,0.00019365687330719084,0.2434413731098175,0.21893540024757385,0.006922603119164705,0.5866572856903076,1.3766734600067139,0.21390195190906525,20.166898727416992,0.06519877910614014,0.00028449302772060037,0.019717354327440262,0.7086474299430847,0.06862063705921173,0.04509291797876358,0.14429305493831635,1.1260331869125366,,,,,,,,,,,,
100,model.layers.19.self_attn.v_proj.weight,512,1024,0.0009765625,0.0006602301727980375,1.688381314277649,-0.0004938349011354148,0.6189426779747009,0.0027023390866816044,0.156731516122818,0.26474636793136597,0.015791743993759155,0.6633517146110535,1.4245527982711792,0.15678980946540833,25.94466209411621,-0.013185862451791763,0.0004154754860792309,0.042047783732414246,0.8049564361572266,0.04468606412410736,0.0609167255461216,0.09112387895584106,0.8704628944396973,,,,,,,,,,,,
100,model.layers.19.self_attn.o_proj.weight,1024,2048,0.00048828125,0.000494970241561532,1.4821327924728394,-0.0002141284930985421,0.8332310318946838,0.0001575444475747645,0.09752888232469559,0.41143593192100525,0.02103179134428501,0.5166044235229492,1.422210693359375,0.21323715150356293,66.54474639892578,-0.09020181745290756,0.0011816975893452764,0.015786534175276756,0.7440435290336609,0.12234404683113098,0.0302377101033926,0.15783151984214783,1.3215199708938599,,,,,,,,,,,,
100,model.layers.1.mlp.gate_proj.weight,3584,1024,0.00027901785714285713,0.00034976229653693736,2.8391194343566895,-0.0005134247476235032,0.6867756843566895,0.0003086333745159209,0.20069921016693115,0.27897587418556213,0.00701008178293705,0.5240448117256165,1.5167512893676758,0.2525723874568939,53.664981842041016,-0.06416863203048706,0.001267298124730587,0.03519989177584648,0.6372388601303101,0.21078822016716003,0.043629858642816544,0.2697286605834961,1.1479625701904297,,,,,,,,,,,,
100,model.layers.1.mlp.up_proj.weight,3584,1024,0.00027901785714285713,0.0005474014324136078,2.6341748237609863,-0.00030226391390897334,1.1847035884857178,0.00012706256529781967,0.17434127628803253,0.32239478826522827,0.009938058443367481,0.5168024897575378,1.5142487287521362,0.1665089875459671,44.53549575805664,0.04115913063287735,0.0008591568330302835,0.0241642314940691,0.5617088079452515,0.267072856426239,0.031982313841581345,0.34316450357437134,1.2343618869781494,,,,,,,,,,,,
100,model.layers.1.mlp.down_proj.weight,1024,3584,0.00027901785714285713,0.00027923722518607974,3.684290647506714,-0.0002752557920757681,1.3056892156600952,0.0006321842665784061,0.17700409889221191,0.3074997067451477,0.011397521942853928,0.5904573798179626,1.4494692087173462,0.18842029571533203,47.392417907714844,0.007823674008250237,0.0008486929000355303,0.021788042038679123,0.597416877746582,0.23671561479568481,0.03166601434350014,0.2934384047985077,1.2289600372314453,8.0,0.07990267127752304,0.07799457758665085,0.8181973695755005,-3.1494862923864275e-05,-0.0234149731695652,3.935626745223999,,-0.0008331300923600793,-0.0014581927098333836,0.008604784496128559,0.05892065167427063
100,model.layers.12.mlp.gate_proj.weight,3584,1024,0.00027901785714285713,0.00024574302369728684,2.054439067840576,-0.0004996884963475168,0.9397591948509216,0.0008191728265956044,0.1731630563735962,0.2668181359767914,0.0067968363873660564,0.5803050994873047,1.5254077911376953,0.20105227828025818,30.47808074951172,-0.05503980442881584,0.0011690293904393911,0.039434392005205154,0.7047792077064514,0.13520851731300354,0.0477420911192894,0.19719980657100677,1.298365831375122,,,,,,,,,,,,
100,model.layers.12.mlp.up_proj.weight,3584,1024,0.00027901785714285713,0.00026016062474809587,1.9824211597442627,-0.0002696939918678254,1.591681718826294,0.00030667506507597864,0.2053302675485611,0.2657290995121002,0.007217175792902708,0.5022650957107544,1.5148019790649414,0.20338861644268036,23.797603607177734,-0.033604998141527176,0.0008667294750921428,0.04830073192715645,0.618838369846344,0.19025003910064697,0.05490667000412941,0.26752135157585144,1.1564537286758423,,,,,,,,,,,,
100,model.layers.12.mlp.down_proj.weight,1024,3584,0.00027901785714285713,0.000254670565482229,2.468423366546631,-0.0002562175795901567,1.7412693500518799,4.378876474220306e-05,0.18105745315551758,0.32489246129989624,0.00916270911693573,0.5928986668586731,1.4553552865982056,0.17364369332790375,25.216617584228516,-0.05464186891913414,0.0008375814068131149,0.02268124185502529,0.6607391834259033,0.17319980263710022,0.035300783812999725,0.226019024848938,1.3061259984970093,8.0,0.07363075017929077,0.07894349843263626,0.8320021033287048,4.5600208977703005e-05,0.005867225583642721,6.336071014404297,0.007772022453820787,-0.0021654008887708187,0.0002826564304996282,0.009344363585114479,0.03638903796672821
100,model.layers.22.mlp.gate_proj.weight,3584,1024,0.00027901785714285713,0.0002671166439540684,2.440901279449463,-0.00093486049445346,0.28826504945755005,0.0012559860479086637,0.17046613991260529,0.26372379064559937,0.008461019955575466,0.5636804103851318,1.5199474096298218,0.21488292515277863,24.08002471923828,-0.028899874538183212,0.0016066741663962603,0.03837977349758148,0.6616834402084351,0.17499734461307526,0.04873979836702347,0.234578475356102,1.1760777235031128,,,,,,,,,,,,
100,model.layers.22.mlp.up_proj.weight,3584,1024,0.00027901785714285713,0.00023728347150608897,2.767000675201416,-0.0009492660174146295,0.6157698631286621,0.0016444121720269322,0.17264263331890106,0.2938648462295532,0.01833564229309559,0.5600182414054871,1.5099985599517822,0.1969822198152542,29.169397354125977,0.046483591198921204,0.001000282820314169,0.02502647414803505,0.626285195350647,0.22160613536834717,0.03155889734625816,0.2876352369785309,1.2266985177993774,,,,,,,,,,,,
100,model.layers.22.mlp.down_proj.weight,1024,3584,0.00027901785714285713,0.0003693395992740989,2.2204604148864746,-0.0009455104591324925,0.6758824586868286,0.00020533699716906995,0.09755006432533264,0.42878544330596924,0.007338269148021936,0.5822463035583496,1.4593552350997925,0.20280134677886963,23.439916610717773,-0.014731954783201218,0.0009463580790907145,0.022279543802142143,0.6250597834587097,0.21116675436496735,0.03776142746210098,0.2619780898094177,1.3050285577774048,8.0,0.06919187307357788,0.06424842774868011,0.8521081805229187,2.9466029445757158e-05,2.1212967112660408e-05,1.3190805912017822,1.3890574236628654,-0.00010350884986110032,-0.00046627118717879057,0.0008344631060026586,0.1282442808151245
100,model.layers.1.linear_attn.in_proj_qkv.weight,6144,1024,0.00016276041666666666,0.00010094822937389836,2.3858659267425537,-0.00013950088759884238,0.5484601259231567,0.0006873584352433681,0.17295072972774506,0.28554439544677734,0.007410988677293062,0.5247067213058472,1.5393446683883667,0.217800110578537,41.82328414916992,0.038919493556022644,0.0019856325816363096,0.03486775979399681,0.5977009534835815,0.24551929533481598,0.042760372161865234,0.30624669790267944,1.187363862991333,8.0,0.07651412487030029,0.07668617367744446,0.8469581604003906,-8.009897101146635e-07,-0.0011740311747416854,0.28628605604171753,,-0.0037453852128237486,-0.0010815899586305022,-0.012489437125623226,0.034015342593193054
100,model.layers.1.linear_attn.out_proj.weight,1024,2048,0.00048828125,0.00019885996880475432,1.5566296577453613,0.00022539567726198584,1.4581416845321655,0.0005050808540545404,0.10957465320825577,0.41510337591171265,0.017168289050459862,0.6024889349937439,1.4458589553833008,0.19666044414043427,10.751675605773926,-0.06673602014780045,0.0009423814481124282,0.044566839933395386,0.7054449915885925,0.12906430661678314,0.06193648651242256,0.17242704331874847,0.982854962348938,,,,,,,,,,,,
100,model.layers.12.linear_attn.in_proj_qkv.weight,6144,1024,0.00016276041666666666,7.30850370018743e-05,2.433574914932251,-0.00015980820171535015,0.761741578578949,0.00027239153860136867,0.16220787167549133,0.26961755752563477,0.0030761705711483955,0.5862781405448914,1.5519307851791382,0.23884201049804688,34.78248977661133,-0.08967188745737076,0.0022284607402980328,0.015684617683291435,0.7194633483886719,0.15988191962242126,0.02372949756681919,0.2162100374698639,1.361618995666504,8.0,0.08049096912145615,0.0727621540427208,0.866191565990448,-5.194479854253586e-06,0.0029383611399680376,0.36872461438179016,-0.001767815325215637,0.004656761884689331,0.0009944052435457706,0.0026539999525994062,0.0806419625878334
100,model.layers.12.linear_attn.out_proj.weight,1024,2048,0.00048828125,0.00032756998552940786,2.105646848678589,-0.00019716736278496683,1.2600960731506348,2.94847231998574e-05,0.15070414543151855,0.3702811598777771,0.00969565287232399,0.609600305557251,1.43264639377594,0.33045849204063416,12.652261734008789,0.019471269100904465,0.0009059919393621385,0.1511918008327484,0.6416423916816711,0.085663340985775,0.17288020253181458,0.12358100712299347,0.8437533378601074,,,,,,,,,,,,
100,model.layers.21.linear_attn.in_proj_qkv.weight,6144,1024,0.00016276041666666666,0.00010910166020039469,2.911146879196167,3.835349343717098e-05,0.18651920557022095,0.0015294882468879223,0.19236059486865997,0.2396896630525589,0.011256413534283638,0.5105383396148682,1.5376747846603394,0.251237690448761,33.28716278076172,0.0269959457218647,0.0026578810065984726,0.01982005126774311,0.6737425327301025,0.20057952404022217,0.026496585458517075,0.25568604469299316,1.3303236961364746,8.0,0.0559052936732769,0.06368982046842575,0.8821201920509338,-2.093937609970453e-06,-0.00037997314939275384,0.035934582352638245,,-0.0005784130189567804,-0.0018401823472231627,0.0065191746689379215,0.06419061124324799
100,model.layers.21.linear_attn.out_proj.weight,1024,2048,0.00048828125,0.000338221580022946,2.2220916748046875,-5.621680247713812e-05,0.44436711072921753,0.00014644543989561498,0.14515942335128784,0.3435325026512146,0.00934402085840702,0.514773964881897,1.4696779251098633,0.21161548793315887,25.774309158325195,-0.04949359968304634,0.0008736156160011888,0.017435645684599876,0.710456371307373,0.1464783251285553,0.02545068971812725,0.19513750076293945,1.443886160850525,,,,,,,,,,,,
120,model.layers.7.self_attn.q_proj.weight,4096,1024,0.000244140625,0.00014848445425741374,2.0281319618225098,0.00027429620968177915,0.7237585783004761,0.0009213873418048024,0.17848488688468933,0.2716265320777893,0.00780234532430768,0.5298646688461304,1.5383065938949585,0.2635316252708435,18.16054916381836,-0.1178935319185257,0.0015507403295487165,0.07694906741380692,0.6689690351486206,0.13616740703582764,0.08782611042261124,0.19384898245334625,1.1530942916870117,8.0,0.07187100499868393,0.0700276643037796,0.8691771030426025,2.0880799638689496e-05,-0.003072950290516019,0.567340075969696,,-0.0003110409888904542,-0.0005889324238523841,-0.009755343198776245,0.061569467186927795
120,model.layers.7.self_attn.k_proj.weight,512,1024,0.0009765625,0.0011704534990713,3.5223617553710938,-1.43594661494717e-05,0.5039970874786377,0.00116817862726748,0.17307783663272858,0.24774904549121857,0.025479711592197418,0.678721010684967,1.3265808820724487,0.10611824691295624,10.155162811279297,-0.028847437351942062,0.0002689011162146926,0.013959694653749466,0.591965913772583,0.12030640989542007,0.03500521928071976,0.2627212703227997,1.1185302734375,,,,,,,,,,,,
120,model.layers.7.self_attn.v_proj.weight,512,1024,0.0009765625,0.0009301982936449349,1.6253538131713867,-0.0007979798829182982,0.9112816452980042,0.0007238698890432715,0.15642686188220978,0.2350771576166153,0.005584232974797487,0.7134613990783691,1.44232976436615,0.1386246681213379,10.31924819946289,-0.05880802497267723,0.0002854482445400208,0.004530671983957291,0.6491655111312866,0.12524248659610748,0.012165546417236328,0.2671586871147156,1.4178341627120972,,,,,,,,,,,,
120,model.layers.7.self_attn.o_proj.weight,1024,2048,0.00048828125,0.0002133469097316265,1.7492271661758423,-0.00026944855926558375,1.4519811868667603,6.455686525441706e-05,0.13981817662715912,0.37254470586776733,0.01635684072971344,0.5532984733581543,1.4371235370635986,0.22076161205768585,23.19808578491211,0.0426163375377655,0.0008559067500755191,0.06508852541446686,0.7363324165344238,0.0764852985739708,0.0856551080942154,0.10744880139827728,0.8698951601982117,,,,,,,,,,,,
120,model.layers.15.self_attn.q_proj.weight,4096,1024,0.000244140625,0.00015833052748348564,3.0116961002349854,-0.00015450807404704392,0.7528091669082642,0.0002431572793284431,0.2095864862203598,0.24073830246925354,0.003592358436435461,0.42929568886756897,1.5442789793014526,0.3526991009712219,14.246435165405273,-0.08698169142007828,0.0016056584427133203,0.16719141602516174,0.6127206683158875,0.09835518896579742,0.18433722853660583,0.14676396548748016,0.8656763434410095,8.0,0.06403696537017822,0.06408248841762543,0.8794730305671692,-1.936084299813956e-05,-0.010152315720915794,0.7457417249679565,,-0.005933046340942383,-0.0015789699973538518,-0.004112871363759041,0.06680712848901749
120,model.layers.15.self_attn.k_proj.weight,512,1024,0.0009765625,0.001045392593368888,4.655661106109619,3.850715529551962e-06,0.6585643887519836,0.00015196108142845333,0.24867384135723114,0.2334957718849182,0.004735053516924381,0.5548204183578491,1.4510124921798706,0.17483286559581757,25.255247116088867,-0.008201041258871555,0.00027084213797934353,0.016407214105129242,0.6965577006340027,0.0909128189086914,0.03347897157073021,0.17103320360183716,1.2035791873931885,,,,,,,,,,,,
120,model.layers.15.self_attn.v_proj.weight,512,1024,0.0009765625,0.0009230177383869886,1.58461594581604,0.001325602293945849,0.6176331639289856,0.00012982699263375252,0.18830683827400208,0.27061158418655396,0.004002339672297239,0.6305592060089111,1.4559475183486938,0.18364350497722626,22.71613883972168,0.00167602370493114,0.0003562385682016611,0.014950810000300407,0.724591851234436,0.114137202501297,0.026475194841623306,0.18124161660671234,1.169885277748108,,,,,,,,,,,,
120,model.layers.15.self_attn.o_proj.weight,1024,2048,0.00048828125,0.0004760737647302449,1.566641926765442,0.00045150425285100937,1.0773128271102905,3.0154476917232387e-05,0.07903638482093811,0.48406922817230225,0.009966718032956123,0.5996369123458862,1.414327621459961,0.2085973620414734,41.14784622192383,0.04788251593708992,0.0010104966349899769,0.030078550800681114,0.7661934494972229,0.08485688269138336,0.0461011603474617,0.11880902945995331,1.211305022239685,,,,,,,,,,,,
120,model.layers.19.self_attn.q_proj.weight,4096,1024,0.000244140625,0.00015575626457575709,2.3396401405334473,-0.00015908350178506225,0.4564531147480011,0.0005872970214113593,0.2052035629749298,0.24254968762397766,0.008474038913846016,0.4235524535179138,1.5237783193588257,0.3012974262237549,22.35385513305664,-0.09042811393737793,0.0015366821317002177,0.12165170907974243,0.6590121388435364,0.09470702707767487,0.14018277823925018,0.1473226249217987,0.8037464022636414,8.0,0.06096561625599861,0.06824484467506409,0.8756146430969238,-1.0486825885891449e-05,-0.00025007588556036353,0.2765384316444397,,-0.0056545487605035305,-3.707718860823661e-05,-0.001893936307169497,0.08686196058988571
120,model.layers.19.self_attn.k_proj.weight,512,1024,0.0009765625,0.0011338603217154741,3.1456825733184814,1.0407647096144501e-05,0.445584237575531,0.0012182476930320263,0.2336014062166214,0.23075063526630402,0.01553103793412447,0.58440762758255,1.3498049974441528,0.19037066400051117,19.665884017944336,-0.04673094302415848,0.00026319731841795146,0.023638462647795677,0.6754173040390015,0.07913549989461899,0.05491270497441292,0.16030803322792053,1.0072166919708252,,,,,,,,,,,,
120,model.layers.19.self_attn.v_proj.weight,512,1024,0.0009765625,0.0007465517846867442,1.4922364950180054,0.0015699842479079962,0.4017286002635956,0.000613463344052434,0.16904444992542267,0.25719383358955383,0.004914351738989353,0.6257046461105347,1.4279316663742065,0.13643431663513184,25.648653030395508,-0.006447542458772659,0.0004229109035804868,0.012438266538083553,0.8396665453910828,0.04378823563456535,0.030885977670550346,0.08806554973125458,1.2060097455978394,,,,,,,,,,,,
120,model.layers.19.self_attn.o_proj.weight,1024,2048,0.00048828125,0.0004888325347565114,1.368931531906128,0.0004964587860740721,0.7600003480911255,6.688707799185067e-05,0.07067650556564331,0.5279203653335571,0.007890221662819386,0.6502767205238342,1.459040641784668,0.21874850988388062,73.21975708007812,0.049440428614616394,0.0011968062026426196,0.018416184931993484,0.7508604526519775,0.10930071771144867,0.033329740166664124,0.14507755637168884,1.2943857908248901,,,,,,,,,,,,
120,model.layers.1.mlp.gate_proj.weight,3584,1024,0.00027901785714285713,0.0002881018735934049,3.160482406616211,-0.0007112214807420969,0.5202041864395142,0.0003903319884557277,0.17781060934066772,0.31297197937965393,0.008290763013064861,0.54212886095047,1.5201219320297241,0.16751565039157867,75.629150390625,-0.005442580673843622,0.001215428696013987,0.023967262357473373,0.6121556162834167,0.23651164770126343,0.03230460360646248,0.3011140823364258,1.2366284132003784,,,,,,,,,,,,
120,model.layers.1.mlp.up_proj.weight,3584,1024,0.00027901785714285713,0.0004606318543665111,2.5597846508026123,-0.0006336580263450742,0.9239462614059448,0.0001244056038558483,0.15639886260032654,0.33356818556785583,0.010222692973911762,0.5053849220275879,1.5055742263793945,0.19809699058532715,41.6051025390625,0.1111680343747139,0.0008914013742469251,0.0590064600110054,0.5437343120574951,0.2587266266345978,0.06426862627267838,0.3325127959251404,1.1394519805908203,,,,,,,,,,,,
120,model.layers.1.mlp.down_proj.weight,1024,3584,0.00027901785714285713,0.00029502352117560804,4.761051654815674,-0.0006299418746493757,0.9231616854667664,0.0007719241548329592,0.17555388808250427,0.2975579798221588,0.012478274293243885,0.5723325610160828,1.4326550960540771,0.17517505586147308,30.115345001220703,-0.05338665097951889,0.0008726476808078587,0.012899549677968025,0.6094606518745422,0.2394213080406189,0.02255677618086338,0.29370421171188354,1.3432060480117798,8.0,0.05972874164581299,0.06558310240507126,0.9026702642440796,1.7802431102609262e-05,-0.010529906488955021,1.8997528553009033,,-0.0008477617520838976,-0.0009832089999690652,-0.001385177718475461,0.03674876317381859
120,model.layers.12.mlp.gate_proj.weight,3584,1024,0.00027901785714285713,0.00021518331777770072,2.5805437564849854,-0.0009122186456806958,0.620205819606781,0.0012107101501896977,0.18064406514167786,0.2558165192604065,0.008672218769788742,0.5649551153182983,1.523616075515747,0.22315563261508942,22.111560821533203,-0.042734354734420776,0.0011746037052944303,0.015974218025803566,0.7289379835128784,0.13757851719856262,0.024324558675289154,0.19810625910758972,1.4157785177230835,,,,,,,,,,,,
120,model.layers.12.mlp.up_proj.weight,3584,1024,0.00027901785714285713,0.0002983410086017102,2.3550240993499756,-0.0005025194841437042,1.0545493364334106,0.00029135047225281596,0.2071327567100525,0.2731478214263916,0.008001415990293026,0.5109549760818481,1.5168401002883911,0.20174714922904968,20.582368850708008,0.0058089205995202065,0.0008646881906315684,0.018478283658623695,0.638995885848999,0.20325559377670288,0.025445008650422096,0.2776608169078827,1.3996690511703491,,,,,,,,,,,,
120,model.layers.12.mlp.down_proj.weight,1024,3584,0.00027901785714285713,0.00026186092873103917,4.722041130065918,-0.000518197484780103,1.0550240278244019,0.0001181374755105935,0.1994636356830597,0.2927038073539734,0.0158508513122797,0.5312849879264832,1.4190601110458374,0.20242361724376678,26.131694793701172,0.020378509536385536,0.0008542151190340519,0.016794325783848763,0.6827964782714844,0.16706503927707672,0.028695015236735344,0.21413378417491913,1.353648066520691,8.0,0.06792125850915909,0.06653569638729095,0.9107314348220825,-2.9559765607700683e-05,-0.023525387048721313,2.3360376358032227,,-0.0036585393827408552,-0.0015376595547422767,-0.006873159669339657,0.03609848394989967
120,model.layers.22.mlp.gate_proj.weight,3584,1024,0.00027901785714285713,0.00023249709920492023,2.335871934890747,0.0005146472249180079,0.32702457904815674,0.001423042151145637,0.18960683047771454,0.2450416088104248,0.009022186510264874,0.5308533906936646,1.5196093320846558,0.21677492558956146,35.182865142822266,-0.013354957103729248,0.001608363352715969,0.053501326590776443,0.6484231352806091,0.17206218838691711,0.0624220035970211,0.2352706491947174,1.0986324548721313,,,,,,,,,,,,
120,model.layers.22.mlp.up_proj.weight,3584,1024,0.00027901785714285713,0.0003227983834221959,2.526932716369629,0.001109019503928721,0.685322105884552,0.0007530898437835276,0.18044257164001465,0.28922930359840393,0.012897385284304619,0.561760663986206,1.5079885721206665,0.20597641170024872,27.727745056152344,-0.037295278161764145,0.0009866009932011366,0.031153932213783264,0.6295344829559326,0.20974324643611908,0.04011452943086624,0.2742129862308502,1.213243842124939,,,,,,,,,,,,
120,model.layers.22.mlp.down_proj.weight,1024,3584,0.00027901785714285713,0.00033381045795977116,2.241175651550293,0.0012028792407363653,0.6925213932991028,0.00025692745111882687,0.10939253121614456,0.3856421709060669,0.008034669794142246,0.5330213904380798,1.4616609811782837,0.19731676578521729,24.042909622192383,-0.06718903034925461,0.0009303403203375638,0.014547685161232948,0.64667809009552,0.19987253844738007,0.025649618357419968,0.2516675889492035,1.373853087425232,8.0,0.06353576481342316,0.06510850042104721,0.8491321802139282,-5.825472908327356e-05,-0.02537737414240837,1.37007474899292,,-0.001673507271334529,-0.0024410707410424948,-0.002290925942361355,0.12999632954597473
120,model.layers.1.linear_attn.in_proj_qkv.weight,6144,1024,0.00016276041666666666,0.0001224914303747937,2.5887398719787598,-9.096058056456968e-05,0.46273648738861084,0.0008588344790041447,0.17415651679039001,0.2768242657184601,0.007659159600734711,0.5190305709838867,1.5380403995513916,0.2220885157585144,30.319202423095703,-0.03293478488922119,0.0020035388879477978,0.040917981415987015,0.6301442980766296,0.22541114687919617,0.04819531738758087,0.2759336829185486,1.1355680227279663,8.0,0.0629773810505867,0.06426593661308289,0.8818328976631165,5.3182279771135654e-06,-0.0017278660088777542,0.22001361846923828,,-0.003226713975891471,-0.001905073062516749,-0.009737219661474228,0.04962366819381714
120,model.layers.1.linear_attn.out_proj.weight,1024,2048,0.00048828125,0.0015360821271315217,1.307499647140503,0.0004835810686927289,1.104770541191101,0.0008685846696607769,0.10000069439411163,0.4101580083370209,0.01859579235315323,0.5620245933532715,1.4224814176559448,0.19120609760284424,21.070735931396484,0.06465797871351242,0.000919755722861737,0.06518490612506866,0.671208381652832,0.1346968561410904,0.08257211744785309,0.1794886589050293,1.101511836051941,,,,,,,,,,,,
120,model.layers.12.linear_attn.in_proj_qkv.weight,6144,1024,0.00016276041666666666,8.145648462232202e-05,2.2749226093292236,-0.00024396127264481038,0.6174865961074829,0.0005012789042666554,0.152713805437088,0.2758517563343048,0.0035615209490060806,0.5956250429153442,1.5505622625350952,0.2411327362060547,55.755226135253906,-0.008830306120216846,0.0022384843323379755,0.040099553763866425,0.6904816627502441,0.15739066898822784,0.050858598202466965,0.2130952626466751,1.171250581741333,8.0,0.06986460089683533,0.06328635662794113,0.8732927441596985,-1.6399967535107862e-06,-0.004235763568431139,0.26815107464790344,,8.96899655344896e-05,-0.002298312494531274,-0.003648043842986226,0.08685613423585892
120,model.layers.12.linear_attn.out_proj.weight,1024,2048,0.00048828125,0.0003338946553412825,2.307985782623291,-0.000991081353276968,0.874221920967102,4.072294905199669e-05,0.1675134301185608,0.3429504334926605,0.013234228827059269,0.5578919053077698,1.437038779258728,0.24135710299015045,34.61884307861328,0.06933600455522537,0.0008464399725198746,0.05048004537820816,0.7200398445129395,0.09563693404197693,0.07229086756706238,0.13744649291038513,1.0316683053970337,,,,,,,,,,,,
120,model.layers.21.linear_attn.in_proj_qkv.weight,6144,1024,0.00016276041666666666,0.0001357312867185101,2.7254533767700195,-0.00045011259499005973,0.23017212748527527,0.0017349935369566083,0.18689988553524017,0.24383042752742767,0.012648940086364746,0.5152603983879089,1.5318559408187866,0.2014656811952591,45.827789306640625,-0.01239815540611744,0.002614767523482442,0.02840384840965271,0.6540045738220215,0.2011597603559494,0.037032708525657654,0.25974491238594055,1.1952482461929321,8.0,0.07825183868408203,0.07622363418340683,0.8732475638389587,3.8721861983503914e-07,-0.0002926532761193812,0.04851645231246948,,-0.0006461838493123651,-0.0008254123385995626,0.001792623894289136,0.0559086911380291
120,model.layers.21.linear_attn.out_proj.weight,1024,2048,0.00048828125,0.0003499030426610261,2.385490655899048,-0.0006611438002437353,0.4328632354736328,0.00020786875393241644,0.13261282444000244,0.37634217739105225,0.007677766960114241,0.5592624545097351,1.4770666360855103,0.2038944810628891,27.946746826171875,-0.10925374925136566,0.0008617300190962851,0.03091992624104023,0.6914200186729431,0.14905227720737457,0.04167823866009712,0.198130801320076,1.2148343324661255,,,,,,,,,,,,
140,model.layers.7.self_attn.q_proj.weight,4096,1024,0.000244140625,0.00012178701581433415,2.3666274547576904,-9.035359835252166e-05,0.5371316075325012,0.0007293867529369891,0.179242804646492,0.2717592120170593,0.0074541918002069,0.5381569862365723,1.5367240905761719,0.3430425226688385,14.481245994567871,0.06645233184099197,0.0016260062111541629,0.19704021513462067,0.5898995399475098,0.1132022887468338,0.2060309499502182,0.16325975954532623,0.89275723695755,8.0,0.07396925240755081,0.06811784207820892,0.884615421295166,-1.2913604905406828e-06,-0.00032386076054535806,0.3121829628944397,,-0.000763706280849874,-0.0006452009547501802,-0.00419699726626277,0.05500325933098793
140,model.layers.7.self_attn.k_proj.weight,512,1024,0.0009765625,0.0012879495043307543,3.4805126190185547,-4.287025149096735e-06,0.381051242351532,0.0014203144237399101,0.16321778297424316,0.2419828325510025,0.031049901619553566,0.6882359385490417,1.335756540298462,0.23525802791118622,8.885985374450684,0.008979825302958488,0.0002644189225975424,0.12797734141349792,0.584080696105957,0.09388747066259384,0.14311790466308594,0.18607866764068604,0.9983112215995789,,,,,,,,,,,,
140,model.layers.7.self_attn.v_proj.weight,512,1024,0.0009765625,0.0008756315801292658,1.9555433988571167,-0.0019983656238764524,0.7233260273933411,0.00033020463888533413,0.1467432677745819,0.24057909846305847,0.003458257531747222,0.7277197241783142,1.4401072263717651,0.1565253585577011,11.191619873046875,0.03626200929284096,0.0002796141488943249,0.0036860951222479343,0.6657713055610657,0.1261824071407318,0.011293497867882252,0.25516068935394287,1.4115334749221802,,,,,,,,,,,,
140,model.layers.7.self_attn.o_proj.weight,1024,2048,0.00048828125,0.00023328227689489722,1.935368299484253,-0.0005882664700038731,1.3110308647155762,3.8210062484722584e-05,0.1279965192079544,0.4019934833049774,0.013468004763126373,0.6058794260025024,1.435351848602295,0.2804108262062073,23.79480743408203,0.041061386466026306,0.0008689700625836849,0.09694014489650726,0.7166009545326233,0.07194101065397263,0.11769821494817734,0.10070562362670898,0.8321800231933594,,,,,,,,,,,,
140,model.layers.15.self_attn.q_proj.weight,4096,1024,0.000244140625,0.0001641304261283949,2.4430184364318848,-2.5179573640343733e-05,0.701496422290802,0.00033863901626318693,0.2075495719909668,0.23914584517478943,0.0034445738419890404,0.4493325650691986,1.5437588691711426,0.21423619985580444,41.54899597167969,0.009501411579549313,0.0014542598510161042,0.0572066567838192,0.6977977156639099,0.10509956628084183,0.07274211943149567,0.16722887754440308,1.0402836799621582,8.0,0.06788870692253113,0.06824176758527756,0.8769431710243225,1.188185160572175e-05,0.0023512430489063263,0.6122293472290039,0.0050534340170611276,0.0011936065275222063,0.00021538528380915523,0.015675729140639305,0.07367005944252014
140,model.layers.15.self_attn.k_proj.weight,512,1024,0.0009765625,0.0008819429203867912,3.341714859008789,3.2610523703624494e-06,0.6447836756706238,9.313776536146179e-05,0.21830223500728607,0.2696084678173065,0.003922656178474426,0.5976895093917847,1.4553338289260864,0.17751173675060272,23.5947208404541,-0.041927870362997055,0.0002816802589222789,0.03003203123807907,0.7070435285568237,0.07766440510749817,0.0500328429043293,0.14703334867954254,0.9998394250869751,,,,,,,,,,,,
140,model.layers.15.self_attn.v_proj.weight,512,1024,0.0009765625,0.0008278210880234838,1.5129295587539673,0.000484252319438383,0.6591174006462097,0.00015947272186167538,0.18700896203517914,0.2720807194709778,0.007170094642788172,0.6386488676071167,1.4378427267074585,0.13962753117084503,18.215913772583008,-0.03983740136027336,0.0003569768450688571,0.008339427411556244,0.7080057859420776,0.13212569057941437,0.01739962212741375,0.20367921888828278,1.3836888074874878,,,,,,,,,,,,
140,model.layers.15.self_attn.o_proj.weight,1024,2048,0.00048828125,0.0004531136655714363,1.6199549436569214,0.00015404168516397476,1.230669617652893,1.708785021037329e-05,0.08521243184804916,0.5015835762023926,0.007707379292696714,0.6356610655784607,1.4524351358413696,0.2155763953924179,39.1810188293457,-0.14625345170497894,0.0010316945845261216,0.026834646239876747,0.7693425416946411,0.08486682921648026,0.04428591579198837,0.11654121428728104,1.3092329502105713,,,,,,,,,,,,
140,model.layers.19.self_attn.q_proj.weight,4096,1024,0.000244140625,0.00018777258810587227,2.3190271854400635,-0.0012983476044610143,0.4465666115283966,0.00033223311766050756,0.21968971192836761,0.21773214638233185,0.00601919274777174,0.3897651731967926,1.5273544788360596,0.5088163614273071,2.878819465637207,0.2685651481151581,0.0018357721855863929,0.3815421164035797,0.47474831342697144,0.06148741766810417,0.39111199975013733,0.09973511844873428,1.0622210502624512,8.0,0.064755380153656,0.06893716007471085,0.8371250033378601,-5.747583600168582e-06,-0.0022529722191393375,0.343098521232605,,-0.009822000749409199,-0.000705201702658087,0.0031628652941435575,0.09378879517316818
140,model.layers.19.self_attn.k_proj.weight,512,1024,0.0009765625,0.0009204501402564347,2.0339951515197754,1.9299743144074455e-05,0.46545180678367615,0.00034993886947631836,0.24802035093307495,0.21208283305168152,0.015332185663282871,0.5830389857292175,1.3509808778762817,0.2008959949016571,17.15962028503418,-0.09153225272893906,0.000277797895250842,0.0382704921066761,0.6805407404899597,0.07034069299697876,0.06938420981168747,0.14657680690288544,1.0449897050857544,,,,,,,,,,,,
140,model.layers.19.self_attn.v_proj.weight,512,1024,0.0009765625,0.0006472318200394511,1.4806885719299316,-0.00010191926412517205,0.38826996088027954,0.0011013135081157088,0.18110737204551697,0.22858841717243195,0.00698616961017251,0.6114282608032227,1.4361275434494019,0.14027951657772064,20.971073150634766,-0.02894553728401661,0.00040721180266700685,0.016086911782622337,0.8236017227172852,0.052135784178972244,0.03142530471086502,0.10323015600442886,1.186044454574585,,,,,,,,,,,,
140,model.layers.19.self_attn.o_proj.weight,1024,2048,0.00048828125,0.00046826613834127784,1.4031544923782349,-3.12700831273105e-05,0.8025751113891602,9.297788346884772e-05,0.06815653294324875,0.5426687598228455,0.00975817535072565,0.6809877157211304,1.460589051246643,0.2253759801387787,28.276885986328125,0.0011525729205459356,0.0012374207144603133,0.018388943746685982,0.7647788524627686,0.09851265698671341,0.03437960147857666,0.13317641615867615,1.2807331085205078,,,,,,,,,,,,
140,model.layers.1.mlp.gate_proj.weight,3584,1024,0.00027901785714285713,0.0003839939890895039,3.016482353210449,-0.00022441362671088427,0.48238903284072876,0.0002284730289829895,0.17482225596904755,0.31217727065086365,0.006916265934705734,0.5343829393386841,1.5186039209365845,0.21219709515571594,57.81596755981445,-0.043239329010248184,0.0012437381083145738,0.03913521394133568,0.6107717752456665,0.23029659688472748,0.045402731746435165,0.29297295212745667,0.9968997836112976,,,,,,,,,,,,
140,model.layers.1.mlp.up_proj.weight,3584,1024,0.00027901785714285713,0.000382133643142879,2.6380395889282227,-0.00013042848149780184,0.8413607478141785,9.756414510775357e-05,0.15311039984226227,0.3427812457084656,0.008034919388592243,0.5115554928779602,1.5130391120910645,0.1695699244737625,50.13151931762695,0.0015904615866020322,0.0008624917827546597,0.020358528941869736,0.5773048996925354,0.2582813501358032,0.027351457625627518,0.33285894989967346,1.3109629154205322,,,,,,,,,,,,
140,model.layers.1.mlp.down_proj.weight,1024,3584,0.00027901785714285713,0.00027530762599781156,4.551759243011475,-0.00013131333980709314,0.8428569436073303,0.0015099950833246112,0.17588552832603455,0.29789721965789795,0.014980707317590714,0.5776077508926392,1.4403043985366821,0.1837894767522812,58.768836975097656,-0.0013891637790948153,0.0008617223356850445,0.019488714635372162,0.6006954312324524,0.23841378092765808,0.03061409294605255,0.2921265959739685,1.263472557067871,8.0,0.07462409883737564,0.07222503423690796,0.9043134450912476,-3.7063628042233177e-06,-0.011116044595837593,1.3864190578460693,,-0.001178276026621461,-0.001312625128775835,0.01301333773881197,0.058731164783239365
140,model.layers.12.mlp.gate_proj.weight,3584,1024,0.00027901785714285713,0.00022653851192444563,2.5923142433166504,-0.0007416208973154426,0.6198853850364685,0.0006437966367229819,0.18499259650707245,0.25205424427986145,0.0059212446212768555,0.5682641863822937,1.526852011680603,0.21685415506362915,26.550670623779297,-0.044620685279369354,0.0011835746699944139,0.029605217278003693,0.6876675486564636,0.1558513641357422,0.04241910204291344,0.21701383590698242,1.1864336729049683,,,,,,,,,,,,
140,model.layers.12.mlp.up_proj.weight,3584,1024,0.00027901785714285713,0.0002654832787811756,2.566298484802246,-0.0005610429798252881,1.0172306299209595,0.0002887544978875667,0.21856792271137238,0.2567110061645508,0.008096672594547272,0.4981957972049713,1.5130290985107422,0.19110912084579468,20.170711517333984,-0.023901348933577538,0.0008601142326369882,0.019103458151221275,0.629326343536377,0.20456847548484802,0.0278150774538517,0.28226685523986816,1.3117297887802124,,,,,,,,,,,,
140,model.layers.12.mlp.down_proj.weight,1024,3584,0.00027901785714285713,0.0002530334168113768,4.515317440032959,-0.0005492983036674559,1.081556797027588,0.00012457685079425573,0.18746709823608398,0.3070710599422455,0.021585851907730103,0.5648307204246521,1.4159059524536133,0.2204371988773346,26.44834327697754,0.021474048495292664,0.0008515885565429926,0.014715800993144512,0.6847712993621826,0.1680244654417038,0.025079483166337013,0.21702098846435547,1.39737069606781,8.0,0.0670587569475174,0.06655555963516235,0.9017958045005798,-4.585603892337531e-05,-0.018986202776432037,2.4712538719177246,,-0.0033512625377625227,-0.001493376330472529,-0.006842670496553183,0.0447295643389225
140,model.layers.22.mlp.gate_proj.weight,3584,1024,0.00027901785714285713,0.00023648195201531053,2.415879964828491,-0.0011569993803277612,0.35855355858802795,0.0005246932269074023,0.1707531064748764,0.2700121998786926,0.005797725636512041,0.5793797969818115,1.5203224420547485,0.2274584174156189,21.744464874267578,-0.16916728019714355,0.0016078674234449863,0.07496582716703415,0.6180768013000488,0.16562815010547638,0.08683570474386215,0.23072129487991333,0.9388158917427063,,,,,,,,,,,,
140,model.layers.22.mlp.up_proj.weight,3584,1024,0.00027901785714285713,0.00030984319164417684,2.755958080291748,-0.0005107132601551712,0.7162537574768066,0.0004722335725091398,0.166017085313797,0.30781546235084534,0.011264382861554623,0.6044508814811707,1.5030498504638672,0.2077421098947525,27.142091751098633,-0.0394010953605175,0.000986799830570817,0.053071726113557816,0.6060700416564941,0.20697136223316193,0.061413295567035675,0.2732795178890228,1.0595885515213013,,,,,,,,,,,,
140,model.layers.22.mlp.down_proj.weight,1024,3584,0.00027901785714285713,0.000431571010267362,2.246525287628174,-0.0005655924323946238,0.7060077786445618,0.00019337076810188591,0.10871993005275726,0.3966171443462372,0.007992617785930634,0.5604791045188904,1.4548195600509644,0.19753007590770721,24.213674545288086,0.04361080005764961,0.0009616382303647697,0.021396195515990257,0.6344500780105591,0.20637910068035126,0.031384337693452835,0.2590436637401581,1.300666093826294,8.0,0.05944736301898956,0.06523336470127106,0.8451554179191589,-6.753466732334346e-05,-0.019170265644788742,1.4438680410385132,,-0.003753303550183773,-0.0019670382607728243,0.004018708132207394,0.13694782555103302
140,model.layers.1.linear_attn.in_proj_qkv.weight,6144,1024,0.00016276041666666666,0.00022639897360932082,2.59334135055542,-0.00035685161128640175,0.42171186208724976,0.00030516801052726805,0.18287967145442963,0.2620747685432434,0.006447069812566042,0.5109848380088806,1.533586859703064,0.22492630779743195,29.350271224975586,0.0378301739692688,0.0020448032300919294,0.04929071292281151,0.6403155326843262,0.20019984245300293,0.05874092876911163,0.2519206404685974,1.0122473239898682,8.0,0.07036108523607254,0.07305862754583359,0.8947027325630188,1.4783712686039507e-05,-0.00036993122193962336,0.16762468218803406,,0.0036686540115624666,-1.1783688023569994e-05,0.0012321994872763753,0.04109962284564972
140,model.layers.1.linear_attn.out_proj.weight,1024,2048,0.00048828125,0.0005659342859871686,1.3280577659606934,-3.062322321056854e-06,1.0166198015213013,8.801097283139825e-05,0.10499701648950577,0.41178932785987854,0.006558417342603207,0.5701059103012085,1.45846426486969,0.23241892457008362,9.172045707702637,0.12255814671516418,0.0009486430208198726,0.14199331402778625,0.6163975596427917,0.12298902124166489,0.1547858566045761,0.1669466644525528,1.0142555236816406,,,,,,,,,,,,
140,model.layers.12.linear_attn.in_proj_qkv.weight,6144,1024,0.00016276041666666666,8.991966751636937e-05,2.342409610748291,0.00013991065497975796,0.5813882350921631,0.000560366956051439,0.16191315650939941,0.26375359296798706,0.003822905942797661,0.5782138109207153,1.5508205890655518,0.23917514085769653,37.73994827270508,0.052511464804410934,0.0022286614403128624,0.030435988679528236,0.6932863593101501,0.16592836380004883,0.041837308555841446,0.22049839794635773,1.2237883806228638,8.0,0.06581375747919083,0.06381756067276001,0.8713825941085815,4.1334578781970777e-07,-0.003311519045382738,0.2435217797756195,,-0.00025514059234410524,-0.001976426225155592,-0.0005311330896802247,0.1013382151722908
140,model.layers.12.linear_attn.out_proj.weight,1024,2048,0.00048828125,0.0002963049919344485,2.248368978500366,0.0003614852612372488,0.879446268081665,4.880376218352467e-05,0.1597568541765213,0.3559859097003937,0.015232443809509277,0.5780206918716431,1.4324690103530884,0.2586160898208618,22.918949127197266,0.06366925686597824,0.000867691240273416,0.08437197655439377,0.6847169399261475,0.09221886098384857,0.11220067739486694,0.13366113603115082,1.1089495420455933,,,,,,,,,,,,
140,model.layers.21.linear_attn.in_proj_qkv.weight,6144,1024,0.00016276041666666666,0.0001284116442548111,2.837344169616699,0.0005642451578751206,0.19384004175662994,0.0020764232613146305,0.19520503282546997,0.23288294672966003,0.013174996711313725,0.49683868885040283,1.5288937091827393,0.24594609439373016,46.83446502685547,-0.09457270801067352,0.002679227152839303,0.01917765475809574,0.6782858967781067,0.200452983379364,0.025096585974097252,0.25511661171913147,1.3522685766220093,8.0,0.067158043384552,0.06718794256448746,0.8528935313224792,-1.1187373729626415e-06,-0.00164767075330019,0.043059952557086945,,-0.010656173340976238,-0.009585372172296047,0.009211279451847076,0.09970322996377945
140,model.layers.21.linear_attn.out_proj.weight,1024,2048,0.00048828125,0.00036075207754038274,2.2862744331359863,0.0002585061884019524,0.4718123972415924,0.0002235800784546882,0.11885751783847809,0.4039875566959381,0.007597573101520538,0.5896495580673218,1.476098656654358,0.21174004673957825,26.37221336364746,0.04033112898468971,0.0008619351428933442,0.028328729793429375,0.6833183169364929,0.16324616968631744,0.03716166317462921,0.21226824820041656,1.1868664026260376,,,,,,,,,,,,
160,model.layers.7.self_attn.q_proj.weight,4096,1024,0.000244140625,0.0001345383789157495,2.3431642055511475,-0.0003179569321218878,0.5384231805801392,0.0006605882663279772,0.17687875032424927,0.27027687430381775,0.006521228235214949,0.5374865531921387,1.5386561155319214,0.2592332065105438,23.043498992919922,0.21344339847564697,0.0015528261428698897,0.06155301257967949,0.6821415424346924,0.14343807101249695,0.07326804101467133,0.19960619509220123,1.1246205568313599,8.0,0.06807411462068558,0.06826873868703842,0.8836187124252319,2.2577478375751525e-07,-0.00046463319449685514,0.338241845369339,,-0.003548331093043089,-3.0514067475451156e-05,0.0058882394805550575,0.06454970687627792
160,model.layers.7.self_attn.k_proj.weight,512,1024,0.0009765625,0.0010319860884919763,4.819529056549072,1.215091015183134e-05,0.3779379725456238,0.001250437111593783,0.163372203707695,0.246714785695076,0.026786616072058678,0.6923458576202393,1.3271242380142212,0.1342633217573166,17.1562557220459,-0.017635604366660118,0.0002575695398263633,0.020533818751573563,0.6261746883392334,0.11480677872896194,0.037751924246549606,0.23712880909442902,1.148030400276184,,,,,,,,,,,,
160,model.layers.7.self_attn.v_proj.weight,512,1024,0.0009765625,0.0007760869339108467,2.086681842803955,0.0015946733765304089,0.7473501563072205,0.00032546152942813933,0.133798748254776,0.25883275270462036,0.004180544521659613,0.7553329467773438,1.4595844745635986,0.1717657446861267,11.167741775512695,0.04594248905777931,0.00028665224090218544,0.008299454115331173,0.6487231254577637,0.1246524304151535,0.01722325012087822,0.2623874843120575,1.3525915145874023,,,,,,,,,,,,
160,model.layers.7.self_attn.o_proj.weight,1024,2048,0.00048828125,0.0002603396715130657,2.0241236686706543,0.0005193426040932536,1.2179940938949585,5.0985810958081856e-05,0.13011877238750458,0.3862321376800537,0.01773548685014248,0.5695950984954834,1.4358222484588623,0.1917974054813385,21.634140014648438,-0.09090754389762878,0.0008322111680172384,0.027651067823171616,0.7579812407493591,0.08356012403964996,0.049632612615823746,0.11591026932001114,1.218509554862976,,,,,,,,,,,,
160,model.layers.15.self_attn.q_proj.weight,4096,1024,0.000244140625,0.00011257243750151247,2.504007577896118,-0.00020049074373673648,0.6864354610443115,0.00016260286793112755,0.19821353256702423,0.2537235617637634,0.0033534839749336243,0.4600341320037842,1.5429391860961914,0.2741449475288391,24.12885093688965,0.04400792717933655,0.0015772510087117553,0.09386920928955078,0.6789529323577881,0.09128402173519135,0.1139918714761734,0.1436796933412552,0.9705951809883118,8.0,0.06332792341709137,0.06813732534646988,0.8848888278007507,2.294182650075527e-06,0.001900563482195139,0.5251500010490417,0.001207106561589703,-0.0006896870909258723,0.0005611233646050096,0.0031393920071423054,0.07055673748254776
160,model.layers.15.self_attn.k_proj.weight,512,1024,0.0009765625,0.0010358762228861451,4.125006198883057,2.7537466849025805e-06,0.5808039903640747,0.0004029645351693034,0.2192588597536087,0.2548849582672119,0.005900180898606777,0.5896281599998474,1.4345000982284546,0.16235287487506866,25.856714248657227,7.650177576579154e-05,0.00027108873473480344,0.015676775947213173,0.6907398700714111,0.09320139139890671,0.033477410674095154,0.17132295668125153,1.196101188659668,,,,,,,,,,,,
160,model.layers.15.self_attn.v_proj.weight,512,1024,0.0009765625,0.00100330775603652,1.6658108234405518,-0.002153784269466996,0.5826389193534851,7.104522956069559e-05,0.18306967616081238,0.27426332235336304,0.00545941898599267,0.6548482179641724,1.4695676565170288,0.17102457582950592,19.899375915527344,-0.04097483679652214,0.00035154318902641535,0.008505546487867832,0.7188868522644043,0.1236666887998581,0.01679086685180664,0.1945665180683136,1.3879952430725098,,,,,,,,,,,,
160,model.layers.15.self_attn.o_proj.weight,1024,2048,0.00048828125,0.0003952328988816589,1.7154383659362793,-0.0007155626663006842,1.055400013923645,3.1496037991018966e-05,0.08851706981658936,0.4568427801132202,0.01046778541058302,0.5795058608055115,1.447422981262207,0.20398665964603424,36.03211212158203,-0.007249847985804081,0.001019153045490384,0.018311796709895134,0.7754819989204407,0.09090884029865265,0.0323970653116703,0.12423869967460632,1.332106351852417,,,,,,,,,,,,
160,model.layers.19.self_attn.q_proj.weight,4096,1024,0.000244140625,0.0001858473988249898,2.6940126419067383,-0.00030764422263018787,0.4057569205760956,0.00017223559552803636,0.22043445706367493,0.2223324179649353,0.004864053335040808,0.39755743741989136,1.5301662683486938,0.29212090373039246,18.43553352355957,-0.07454992830753326,0.0015538977459073067,0.16956886649131775,0.6026021838188171,0.09229640662670135,0.1895669847726822,0.14433224499225616,0.7938480973243713,8.0,0.0622527077794075,0.06813838332891464,0.8772350549697876,3.579632448236225e-06,0.003334460547193885,0.24795085191726685,0.001073526706215992,0.0014334440929815173,0.0013711982173845172,-0.011774945072829723,0.07366257160902023
160,model.layers.19.self_attn.k_proj.weight,512,1024,0.0009765625,0.0009621884091757238,2.368948459625244,6.991738246142631e-07,0.4420781433582306,0.0005671187536790967,0.2335255742073059,0.22607137262821198,0.016711285337805748,0.5923466086387634,1.305899977684021,0.18009044229984283,18.350873947143555,0.016137609258294106,0.0002777274348773062,0.01657886430621147,0.7010117769241333,0.07080966979265213,0.046849146485328674,0.15047135949134827,1.0299224853515625,,,,,,,,,,,,
160,model.layers.19.self_attn.v_proj.weight,512,1024,0.0009765625,0.0006838964764028788,1.5503380298614502,0.0007563151302747428,0.3547031879425049,0.0006729802116751671,0.16646310687065125,0.25114455819129944,0.005105367861688137,0.6246185302734375,1.421005368232727,0.15836425125598907,18.824384689331055,-0.023767221719026566,0.00041807134402915835,0.017968133091926575,0.8215911388397217,0.05138415843248367,0.03500771522521973,0.10064149647951126,1.1512807607650757,,,,,,,,,,,,
160,model.layers.19.self_attn.o_proj.weight,1024,2048,0.00048828125,0.0004477484617382288,1.4533950090408325,0.00022787023044656962,0.7002836465835571,3.817918332060799e-05,0.06480339914560318,0.517290472984314,0.005916606169193983,0.6285172700881958,1.4723182916641235,0.21167956292629242,41.622352600097656,-0.07406104356050491,0.001185898669064045,0.030446019023656845,0.7449185252189636,0.1066112294793129,0.044305577874183655,0.14325331151485443,1.2597006559371948,,,,,,,,,,,,
160,model.layers.1.mlp.gate_proj.weight,3584,1024,0.00027901785714285713,0.0012195664457976818,3.228527784347534,0.00022044348588678986,0.475205659866333,0.0004514497995842248,0.17765744030475616,0.30295246839523315,0.008781656622886658,0.5283864140510559,1.5148892402648926,0.1927786022424698,74.77159118652344,-0.006787063088268042,0.0012193170841783285,0.01473319437354803,0.6157906651496887,0.23994266986846924,0.0236006248742342,0.30560263991355896,1.3433030843734741,,,,,,,,,,,,
160,model.layers.1.mlp.up_proj.weight,3584,1024,0.00027901785714285713,0.0012339369859546423,2.663407802581787,-7.328871288336813e-05,0.8320778608322144,0.00011456393986009061,0.16132093966007233,0.3408866226673126,0.010110445320606232,0.5188697576522827,1.506676435470581,0.15925638377666473,48.19941711425781,-0.066688671708107,0.0008546235039830208,0.022029561921954155,0.5472372174263,0.2823673486709595,0.02905820868909359,0.35938239097595215,1.2524757385253906,,,,,,,,,,,,
160,model.layers.1.mlp.down_proj.weight,1024,3584,0.00027901785714285713,0.00031108714756555855,5.784465789794922,-7.335926784435287e-05,0.8441826701164246,0.0012515562120825052,0.17778131365776062,0.2991698086261749,0.014050928875803947,0.5735311508178711,1.4441263675689697,0.1698259562253952,59.27827453613281,0.05187338590621948,0.0008538716938346624,0.01509299036115408,0.5989993810653687,0.23968875408172607,0.026158535853028297,0.29572778940200806,1.2868989706039429,8.0,0.07465733587741852,0.06744877994060516,0.8963470458984375,-2.133228008460719e-06,-0.006374081131070852,1.640049934387207,,0.0016174380434677005,-0.0006042989552952349,-0.00884042028337717,0.031119927763938904
160,model.layers.12.mlp.gate_proj.weight,3584,1024,0.00027901785714285713,0.00020135074737481773,2.7615578174591064,-0.0003898469149135053,0.5657980442047119,0.0007143297116272151,0.18509936332702637,0.24982960522174835,0.006194186396896839,0.5594205260276794,1.5271072387695312,0.21091081202030182,36.07563400268555,-0.09563888609409332,0.0011987893376499414,0.022463981062173843,0.7336289286613464,0.1309175044298172,0.030282899737358093,0.19026409089565277,1.324129581451416,,,,,,,,,,,,
160,model.layers.12.mlp.up_proj.weight,3584,1024,0.00027901785714285713,0.00027306791162118316,2.7378079891204834,-0.0002778931811917573,0.931699812412262,0.00020408474665600806,0.22633010149002075,0.2514250576496124,0.006222161464393139,0.49221938848495483,1.5129114389419556,0.20606878399848938,22.843534469604492,-0.09007926285266876,0.0008792031439952552,0.013072988018393517,0.6493200063705444,0.20155684649944305,0.021955588832497597,0.2728338837623596,1.426630973815918,,,,,,,,,,,,
160,model.layers.12.mlp.down_proj.weight,1024,3584,0.00027901785714285713,0.00025887356605380774,5.018055438995361,-0.0002705358783714473,1.0010907649993896,0.00010353360994486138,0.19407634437084198,0.3038969039916992,0.01312203984707594,0.5581783652305603,1.4305715560913086,0.21462798118591309,25.085269927978516,0.03813973441720009,0.0008408888825215399,0.017583107575774193,0.6755954027175903,0.16950199007987976,0.03043805994093418,0.2194070816040039,1.2856931686401367,8.0,0.06601471453905106,0.06679843366146088,0.8996054530143738,-4.5846377361158375e-06,0.010319620370864868,2.2137179374694824,-0.0004442641852465361,0.003211292205378413,0.0008467796142213047,-0.005835895426571369,0.03208504989743233
160,model.layers.22.mlp.gate_proj.weight,3584,1024,0.00027901785714285713,0.0005137005937285721,2.780581474304199,-0.00099692412186414,0.29775264859199524,0.0012111023534089327,0.18775126338005066,0.2503811717033386,0.01187169924378395,0.5350384712219238,1.5179481506347656,0.2002032995223999,26.43738555908203,-0.01427541859447956,0.001572474604472518,0.03876611217856407,0.6528724431991577,0.17236851155757904,0.04880321025848389,0.23738586902618408,1.1897825002670288,,,,,,,,,,,,
160,model.layers.22.mlp.up_proj.weight,3584,1024,0.00027901785714285713,0.00025775350513868034,2.779451608657837,-0.0008209627703763545,0.636323869228363,0.0007175510982051492,0.17580749094486237,0.29576003551483154,0.015132361091673374,0.564953088760376,1.5010485649108887,0.18469999730587006,27.919811248779297,-0.038023728877305984,0.0009557459852658212,0.03691381961107254,0.6107900142669678,0.22126922011375427,0.04420537129044533,0.2885884940624237,1.1571505069732666,,,,,,,,,,,,
160,model.layers.22.mlp.down_proj.weight,1024,3584,0.00027901785714285713,0.0003945319331251085,2.534372568130493,-0.0009207684197463095,0.6213696002960205,9.107651567319408e-05,0.11069603264331818,0.40470966696739197,0.004999971948564053,0.5706122517585754,1.4752119779586792,0.2045440375804901,25.073593139648438,-0.05710234493017197,0.0009476118721067905,0.017553744837641716,0.6552591919898987,0.19125881791114807,0.03032751753926277,0.24175329506397247,1.2967209815979004,8.0,0.0700778067111969,0.06411420553922653,0.8488278985023499,6.356255198625149e-06,-0.00625193165615201,1.154658555984497,,-0.0026387812104076147,-0.00018656432803254575,0.0024287444539368153,0.11888604611158371
160,model.layers.1.linear_attn.in_proj_qkv.weight,6144,1024,0.00016276041666666666,0.00018120711320079863,2.3228161334991455,-0.0007528625428676605,0.410657674074173,0.0009762502158991992,0.1709900200366974,0.27849680185317993,0.008294428698718548,0.5235927700996399,1.535862684249878,0.21060003340244293,77.5198974609375,-0.06971096992492676,0.0019491469720378518,0.022080421447753906,0.6318199634552002,0.22972339391708374,0.030558187514543533,0.28681620955467224,1.2340303659439087,8.0,0.06715609133243561,0.06898543238639832,0.8854994177818298,1.4497555639536586e-05,-0.0006281612440943718,0.16893808543682098,,-0.0012849628692492843,-0.0005724253132939339,-0.002945526735857129,0.04725950211286545
160,model.layers.1.linear_attn.out_proj.weight,1024,2048,0.00048828125,0.001443517510779202,1.3824280500411987,-0.00029632780933752656,1.0236406326293945,0.0002388327120570466,0.11040692031383514,0.39745867252349854,0.009202349931001663,0.5626608729362488,1.4414008855819702,0.20019328594207764,16.35886573791504,0.014977113343775272,0.0009491610690020025,0.11530096083879471,0.6461470127105713,0.11960010230541229,0.12894782423973083,0.16296739876270294,1.025815725326538,,,,,,,,,,,,
160,model.layers.12.linear_attn.in_proj_qkv.weight,6144,1024,0.00016276041666666666,6.611892604269087e-05,2.3446428775787354,0.0001480011997045949,0.546882152557373,0.00039311390719376504,0.15801671147346497,0.27311769127845764,0.003380013629794121,0.6004567742347717,1.5515124797821045,0.27606767416000366,42.00164794921875,0.06652796268463135,0.002245119074359536,0.039029765874147415,0.6860948801040649,0.1669335812330246,0.04843785613775253,0.22193031013011932,1.173972487449646,8.0,0.05334395915269852,0.06315839290618896,0.866776168346405,-1.2470047749957303e-06,-0.0020669728983193636,0.22276121377944946,,-0.00333791458979249,-0.0007006502710282803,2.0565223167068325e-05,0.09246357530355453
160,model.layers.12.linear_attn.out_proj.weight,1024,2048,0.00048828125,0.00029387520044110715,2.6136553287506104,0.0004067118279635906,0.8096107244491577,7.618922245455906e-05,0.16806373000144958,0.341700941324234,0.012432629242539406,0.571621835231781,1.4358166456222534,0.24404475092887878,31.891681671142578,-0.08049322664737701,0.0008823873358778656,0.08435237407684326,0.6906613111495972,0.08918115496635437,0.11337224394083023,0.12837661802768707,0.8824542164802551,,,,,,,,,,,,
160,model.layers.21.linear_attn.in_proj_qkv.weight,6144,1024,0.00016276041666666666,0.00010586838470771909,2.243640899658203,7.172028563218191e-05,0.263667494058609,0.0006875910912640393,0.19717828929424286,0.24011701345443726,0.005277513526380062,0.5325143933296204,1.5386523008346558,0.22534595429897308,51.653289794921875,-0.07944749295711517,0.0026604547165334225,0.02229217253625393,0.6617157459259033,0.20571990311145782,0.030126558616757393,0.2611457407474518,1.2546411752700806,8.0,0.0724363625049591,0.07330101728439331,0.849232017993927,-2.3952213723532623e-07,0.0004750723601318896,0.07143071293830872,-0.0005041803256430875,0.001908682519569993,0.001537221483886242,-0.0075283292680978775,0.044188279658555984
160,model.layers.21.linear_attn.out_proj.weight,1024,2048,0.00048828125,0.0002731730928644538,1.783920407295227,-0.0003372109786141664,0.6091267466545105,9.863499872153625e-05,0.13277101516723633,0.3820525109767914,0.006308735813945532,0.5685200691223145,1.468542456626892,0.21677576005458832,26.6373233795166,0.07047510892152786,0.0008664084016345441,0.031158197671175003,0.6932582855224609,0.14705008268356323,0.039233800023794174,0.19656510651111603,1.2787425518035889,,,,,,,,,,,,
180,model.layers.7.self_attn.q_proj.weight,4096,1024,0.000244140625,0.00013585685519501567,2.8858802318573,-0.0007297050906345248,0.609399139881134,0.00048512473586015403,0.1834830343723297,0.2692723274230957,0.006493255961686373,0.5311815142631531,1.538447618484497,0.2750002145767212,42.5208854675293,-0.0851675495505333,0.001543255290016532,0.05061521753668785,0.701270580291748,0.13338029384613037,0.06190810725092888,0.1893133968114853,1.1660611629486084,8.0,0.0660828948020935,0.06764779984951019,0.8822717666625977,3.258148581153364e-06,-0.0023721468169242144,0.43272829055786133,,-8.310056000482291e-05,0.0001801361213438213,0.0035746360663324594,0.059059835970401764
180,model.layers.7.self_attn.k_proj.weight,512,1024,0.0009765625,0.0008763532969169319,5.100666046142578,7.137241482269019e-06,0.4450724124908447,0.0013717238325625658,0.16795320808887482,0.25583982467651367,0.025865234434604645,0.6792513132095337,1.3509145975112915,0.18547266721725464,14.115378379821777,0.07200265675783157,0.0002621299645397812,0.07614368200302124,0.6046710014343262,0.10411115735769272,0.09249702841043472,0.20958510041236877,1.0909085273742676,,,,,,,,,,,,
180,model.layers.7.self_attn.v_proj.weight,512,1024,0.0009765625,0.0008219560841098428,1.9599028825759888,0.00033402928966097534,0.8383532166481018,0.00036100862780585885,0.1294456124305725,0.2576560080051422,0.004067731089890003,0.7549542188644409,1.457108736038208,0.15253326296806335,16.25199317932129,-0.006949018687009811,0.00027784614940173924,0.002318285871297121,0.6628940105438232,0.12643465399742126,0.009927974082529545,0.25623539090156555,1.4495196342468262,,,,,,,,,,,,
180,model.layers.7.self_attn.o_proj.weight,1024,2048,0.00048828125,0.00024050263164099306,2.1600866317749023,0.0001045491881086491,1.3865119218826294,4.788064688909799e-05,0.1294299215078354,0.3956778049468994,0.015160961076617241,0.58596271276474,1.4265292882919312,0.31625470519065857,8.779902458190918,-0.10943222790956497,0.0009106870274990797,0.09694315493106842,0.7238035202026367,0.06710310280323029,0.121223583817482,0.09393023699522018,0.7652114033699036,,,,,,,,,,,,
180,model.layers.15.self_attn.q_proj.weight,4096,1024,0.000244140625,0.00013772989041171968,2.9317803382873535,0.0003551376285031438,0.8016438484191895,0.00021768530132248998,0.2046210914850235,0.25268200039863586,0.0032086700666695833,0.4512322247028351,1.5491597652435303,0.2399902641773224,27.046295166015625,-0.03809520602226257,0.0014908621087670326,0.11381742358207703,0.6527912616729736,0.10087908059358597,0.12913501262664795,0.16056831181049347,0.7550038695335388,8.0,0.0747070387005806,0.06864753365516663,0.8895582556724548,6.531345206894912e-06,0.0020631463266909122,0.7387844324111938,0.003165720784027258,0.0016922098584473133,0.0005486476584337652,0.008089885115623474,0.06482340395450592
180,model.layers.15.self_attn.k_proj.weight,512,1024,0.0009765625,0.0009648320847190917,4.000362396240234,-8.342432010977063e-06,0.6946789026260376,0.0002599931613076478,0.22242394089698792,0.24868817627429962,0.004208084661513567,0.5948796272277832,1.4559916257858276,0.19599361717700958,28.359811782836914,-0.07173409312963486,0.0002730006817728281,0.013086587190628052,0.7120214700698853,0.08627732843160629,0.03026440180838108,0.16071009635925293,1.2281585931777954,,,,,,,,,,,,
180,model.layers.15.self_attn.v_proj.weight,512,1024,0.0009765625,0.001057450077496469,1.7467578649520874,-0.0016920019406825304,0.6385799646377563,0.00042551365913823247,0.17988929152488708,0.27021169662475586,0.004902385175228119,0.6653575301170349,1.4589101076126099,0.18082037568092346,24.612152099609375,-0.04940780624747276,0.000356056698365137,0.006104202941060066,0.7321513295173645,0.11554857343435287,0.018301978707313538,0.18234959244728088,1.3936604261398315,,,,,,,,,,,,
180,model.layers.15.self_attn.o_proj.weight,1024,2048,0.00048828125,0.00043402810115367174,1.691185712814331,-0.0005540199344977736,1.1631462574005127,3.379128247615881e-05,0.08436229825019836,0.47708094120025635,0.012462989427149296,0.6012565493583679,1.4215952157974243,0.2409253865480423,47.51026916503906,-0.11709816008806229,0.0010106550762429833,0.03413502871990204,0.7678505778312683,0.08690235763788223,0.04960014298558235,0.11983136832714081,1.1428033113479614,,,,,,,,,,,,
180,model.layers.19.self_attn.q_proj.weight,4096,1024,0.000244140625,0.00017405061225872487,2.459325075149536,0.00036977152922190726,0.5174993276596069,0.00037207832792773843,0.2222958654165268,0.22153834998607635,0.00619959831237793,0.40407446026802063,1.5297218561172485,0.26380738615989685,23.77634620666504,-0.012626780197024345,0.0015620586927980185,0.1486719399690628,0.6232439875602722,0.08912784606218338,0.16762492060661316,0.1415567845106125,0.7589178681373596,8.0,0.07012417167425156,0.06883249431848526,0.8672538995742798,-4.2358306018286385e-06,1.4572346117347479e-05,0.37554270029067993,-0.2906759534613403,0.0008465854916721582,-0.0001235564413946122,0.0006150661502033472,0.06560942530632019
180,model.layers.19.self_attn.k_proj.weight,512,1024,0.0009765625,0.0009759088861756027,2.551330804824829,-5.100217094877735e-06,0.5386924147605896,0.0007789271185174584,0.2441461831331253,0.21234896779060364,0.013219814747571945,0.586155116558075,1.3364324569702148,0.15693548321723938,18.702695846557617,-0.038472820073366165,0.00027592654805630445,0.017152536660432816,0.6955878734588623,0.07526744902133942,0.044978588819503784,0.15747348964214325,1.1606264114379883,,,,,,,,,,,,
180,model.layers.19.self_attn.v_proj.weight,512,1024,0.0009765625,0.0006201372016221285,1.5481936931610107,-0.0015825869049876928,0.4275551736354828,0.00036683990038000047,0.15850162506103516,0.2442616969347,0.0037768296897411346,0.6473244428634644,1.42935049533844,0.13881734013557434,27.036720275878906,0.014894699677824974,0.0004058323975186795,0.010382679291069508,0.8369731307029724,0.050339650362730026,0.023863978683948517,0.0994814857840538,1.3104556798934937,,,,,,,,,,,,
180,model.layers.19.self_attn.o_proj.weight,1024,2048,0.00048828125,0.0005141590954735875,1.3834441900253296,-0.0004963774117641151,0.8066908717155457,9.888974454952404e-05,0.07130056619644165,0.4954565465450287,0.013291294686496258,0.6076657176017761,1.449467658996582,0.22340787947177887,35.815128326416016,-0.060427796095609665,0.00121850345749408,0.01684342324733734,0.7647066712379456,0.09769212454557419,0.03401322290301323,0.13256490230560303,1.286320686340332,,,,,,,,,,,,
180,model.layers.1.mlp.gate_proj.weight,3584,1024,0.00027901785714285713,0.00037732315831817687,3.0355565547943115,0.0005650082603096962,0.5296355485916138,0.0002898281964007765,0.1691371649503708,0.31846827268600464,0.007310402579605579,0.541225790977478,1.5179822444915771,0.19308333098888397,54.63612747192383,-0.07174520194530487,0.0012515338603407145,0.04514926299452782,0.6109490394592285,0.21858054399490356,0.05378587916493416,0.28249144554138184,1.0698469877243042,,,,,,,,,,,,
180,model.layers.1.mlp.up_proj.weight,3584,1024,0.00027901785714285713,0.00024267401022370905,2.5346686840057373,5.7454697525827214e-05,0.9336782097816467,0.0001432442368241027,0.14936091005802155,0.354112833738327,0.012658298015594482,0.5215432047843933,1.5111241340637207,0.16742300987243652,46.564632415771484,-0.014161965809762478,0.0008621914894320071,0.016129422932863235,0.5678130984306335,0.2645801901817322,0.024232784286141396,0.34235796332359314,1.3016541004180908,,,,,,,,,,,,
180,model.layers.1.mlp.down_proj.weight,1024,3584,0.00027901785714285713,0.00025511704734526575,4.930758476257324,5.6934448366519064e-05,0.9074400663375854,0.00040264296694658697,0.179472878575325,0.2936187982559204,0.01311954390257597,0.5682681202888489,1.4311573505401611,0.1654512733221054,52.457855224609375,0.006111866794526577,0.0008709081448614597,0.01948736049234867,0.5956425070762634,0.24086888134479523,0.030768083408474922,0.2967035472393036,1.2702020406723022,8.0,0.06691937148571014,0.06740380078554153,0.9111730456352234,-1.4251490938477218e-05,0.0038136309012770653,1.7744414806365967,-0.0037369874818522267,0.0002176123671233654,0.0001548607979202643,0.006214415654540062,0.036369431763887405
180,model.layers.12.mlp.gate_proj.weight,3584,1024,0.00027901785714285713,0.00020138706895522773,2.6248135566711426,-0.0003769787144847214,0.6698247194290161,0.000788156408816576,0.17746247351169586,0.25691187381744385,0.006189063657075167,0.5743679404258728,1.5280232429504395,0.22562290728092194,26.88714599609375,0.07947106659412384,0.0011926641454920173,0.041876163333654404,0.6860625743865967,0.1503400057554245,0.052042972296476364,0.21098802983760834,1.3123184442520142,,,,,,,,,,,,
180,model.layers.12.mlp.up_proj.weight,3584,1024,0.00027901785714285713,0.0003271300229243934,2.670459270477295,-9.493589459452778e-05,1.0955538749694824,0.0004588828596752137,0.2100708782672882,0.26046445965766907,0.008442559279501438,0.5011955499649048,1.5131453275680542,0.23675799369812012,26.422317504882812,0.03308609127998352,0.000863816007040441,0.017596406862139702,0.6435376405715942,0.20372062921524048,0.02468789741396904,0.276122510433197,1.3950690031051636,,,,,,,,,,,,
180,model.layers.12.mlp.down_proj.weight,1024,3584,0.00027901785714285713,0.00027474775561131537,4.900939464569092,-9.482954192208126e-05,1.1205202341079712,0.00018389217439107597,0.19230477511882782,0.30265334248542786,0.022677132859826088,0.5457308888435364,1.3939636945724487,0.21851897239685059,34.100379943847656,-0.10502389073371887,0.0008388588903471828,0.02828977257013321,0.6688750982284546,0.16954666376113892,0.04040044546127319,0.21722425520420074,1.2149370908737183,8.0,0.07138736546039581,0.06744901835918427,0.9144007563591003,2.892559496103786e-05,-0.0014911472098901868,2.565316677093506,,-0.0026902162935584784,-0.00021911760268267244,-0.0014920978574082255,0.028526360169053078
180,model.layers.22.mlp.gate_proj.weight,3584,1024,0.00027901785714285713,0.00019255767983850092,2.8118350505828857,0.0009310237946920097,0.2913607358932495,0.0006133863935247064,0.17002221941947937,0.2737595736980438,0.0065021999180316925,0.5675148367881775,1.5245780944824219,0.24412882328033447,17.693849563598633,0.021220192313194275,0.001645019045099616,0.11796532571315765,0.5997707843780518,0.1573963314294815,0.12767067551612854,0.2179677039384842,0.9546308517456055,,,,,,,,,,,,
180,model.layers.22.mlp.up_proj.weight,3584,1024,0.00027901785714285713,0.0003967132361140102,2.677626848220825,0.0012290312442928553,0.7230773568153381,0.0010539661161601543,0.16629454493522644,0.3086085319519043,0.014350571669638157,0.5853918194770813,1.5034373998641968,0.1640511006116867,29.55801010131836,0.006919736973941326,0.000951986585278064,0.011102335527539253,0.6319761872291565,0.22072941064834595,0.018260711804032326,0.29227831959724426,1.4158995151519775,,,,,,,,,,,,
180,model.layers.22.mlp.down_proj.weight,1024,3584,0.00027901785714285713,0.0003555098082870245,2.1463401317596436,0.0013650062028318644,0.7123232483863831,0.00026042808894999325,0.09897901117801666,0.40846091508865356,0.007984023541212082,0.5583288073539734,1.4676960706710815,0.20908315479755402,25.53147315979004,-0.017330287024378777,0.0009560889448039234,0.029726779088377953,0.6339064240455627,0.20451588928699493,0.040211647748947144,0.2542785704135895,1.2079156637191772,8.0,0.07240525633096695,0.06325438618659973,0.8475311994552612,-2.9088008886901662e-05,-0.007817383855581284,1.5648305416107178,,0.002937801880761981,-0.0007839987520128489,-0.009237249381840229,0.11974436044692993
180,model.layers.1.linear_attn.in_proj_qkv.weight,6144,1024,0.00016276041666666666,0.00014121111598797143,2.41513991355896,0.0002659498422872275,0.47095540165901184,0.0005919003742747009,0.17285828292369843,0.2700059413909912,0.006923385430127382,0.5082986950874329,1.5336731672286987,0.2161180078983307,41.22425842285156,0.021718984469771385,0.002010050695389509,0.03618421033024788,0.6248950958251953,0.21792522072792053,0.045932743698358536,0.27310115098953247,1.211354374885559,8.0,0.07510264962911606,0.06996987760066986,0.898409366607666,1.2397580576362088e-05,0.0018831343622878194,0.20910321176052094,0.006583481680670025,0.0033839994575828314,0.0010997853241860867,-0.0032114265486598015,0.042634885758161545
180,model.layers.1.linear_attn.out_proj.weight,1024,2048,0.00048828125,0.00015189136320259422,1.299739956855774,5.863326077815145e-05,1.1164965629577637,0.0009202532237395644,0.10230488330125809,0.3894791901111603,0.022168027237057686,0.536385715007782,1.434381365776062,0.27518245577812195,9.013781547546387,-0.024539286270737648,0.0009948986116796732,0.19210855662822723,0.5777101516723633,0.1138518825173378,0.21011824905872345,0.15425263345241547,0.7822224497795105,,,,,,,,,,,,
180,model.layers.12.linear_attn.in_proj_qkv.weight,6144,1024,0.00016276041666666666,6.705703708576038e-05,2.4931201934814453,5.156455881660804e-05,0.6518545150756836,0.0003805325832217932,0.15707239508628845,0.26879799365997314,0.0032284108456224203,0.5946493148803711,1.5517717599868774,0.26329630613327026,48.134273529052734,0.0008581946021877229,0.002277831081300974,0.05275113135576248,0.6666850447654724,0.17672167718410492,0.06267634779214859,0.22878241539001465,1.0134891271591187,8.0,0.060270756483078,0.06755957007408142,0.8828929662704468,1.9836545561702223e-06,0.0028775809332728386,0.2847813069820404,0.0006893479635042264,0.0011692637344822288,0.0009369886829517782,0.006101882550865412,0.08749774098396301
180,model.layers.12.linear_attn.out_proj.weight,1024,2048,0.00048828125,0.0002869176969397813,2.536792278289795,0.00016694862279109657,0.9204339981079102,7.019451004453003e-05,0.16438333690166473,0.343731552362442,0.021770665422081947,0.563008725643158,1.4336050748825073,0.21051441133022308,37.171730041503906,0.025324810296297073,0.0008223524200730026,0.031048446893692017,0.7263416647911072,0.10273880511522293,0.05296843871474266,0.1472771018743515,1.1538746356964111,,,,,,,,,,,,
180,model.layers.21.linear_attn.in_proj_qkv.weight,6144,1024,0.00016276041666666666,0.00011121163697680458,2.328007936477661,0.00019042960775550455,0.2557954788208008,0.0010518840281292796,0.18072201311588287,0.24750328063964844,0.007400937378406525,0.5225809216499329,1.5402898788452148,0.21646901965141296,68.70479583740234,-0.046363893896341324,0.0026219822466373444,0.03440512716770172,0.6530330777168274,0.19593942165374756,0.044143468141555786,0.25250115990638733,1.1502302885055542,8.0,0.07254160195589066,0.07263266295194626,0.88429194688797,-2.185126732001663e-06,-0.0007751157972961664,0.04689725488424301,,-0.004188975319266319,-0.004051039461046457,0.0013625085121020675,0.05136725306510925
180,model.layers.21.linear_attn.out_proj.weight,1024,2048,0.00048828125,0.0003356553497724235,2.3314476013183594,0.0005046880687586963,0.46358609199523926,0.00030114600667729974,0.12960362434387207,0.37942972779273987,0.011073455214500427,0.5647534132003784,1.4681525230407715,0.19528579711914062,25.206066131591797,0.0011387899285182357,0.0008293029386550188,0.026800870895385742,0.6583126187324524,0.17423023283481598,0.03593902662396431,0.22838982939720154,1.1894763708114624,,,,,,,,,,,,
200,model.layers.7.self_attn.q_proj.weight,4096,1024,0.000244140625,0.00012947518553119153,2.442638635635376,0.0004770871310029179,0.6245642304420471,0.0009317288640886545,0.18515555560588837,0.25900208950042725,0.00887389201670885,0.5172017216682434,1.532169222831726,0.26654455065727234,21.109119415283203,-0.11362573504447937,0.001594808418303728,0.12397625297307968,0.6482206583023071,0.11888007819652557,0.13413842022418976,0.17058539390563965,0.8516672253608704,8.0,0.07381858676671982,0.06943956017494202,0.8623521327972412,3.5071855108981254e-06,-0.000913960044272244,0.4580792486667633,,0.000572190445382148,-0.0002628630318213254,-0.008310255594551563,0.05225888639688492
200,model.layers.7.self_attn.k_proj.weight,512,1024,0.0009765625,0.0008579884306527674,2.993724822998047,-3.065624468945316e-06,0.4475898742675781,0.0005221638130024076,0.16291552782058716,0.2557477653026581,0.019618218764662743,0.6963689923286438,1.3615257740020752,0.1763605922460556,22.76519012451172,0.08154979348182678,0.0002556106192059815,0.03314894437789917,0.6358774900436401,0.11075592041015625,0.04732946678996086,0.22265568375587463,1.0562695264816284,,,,,,,,,,,,
200,model.layers.7.self_attn.v_proj.weight,512,1024,0.0009765625,0.0007398996385745704,1.9624215364456177,0.001994794700294733,0.8806245923042297,0.00021822501730639488,0.12922990322113037,0.25521373748779297,0.002491571009159088,0.7686316967010498,1.478732705116272,0.14925391972064972,11.777124404907227,0.008561556227505207,0.00028283940628170967,0.026598451659083366,0.6148162484169006,0.1365530788898468,0.03721344843506813,0.2752174139022827,1.1953905820846558,,,,,,,,,,,,
200,model.layers.7.self_attn.o_proj.weight,1024,2048,0.00048828125,0.00021625656518153846,2.068902015686035,0.0006908040377311409,1.3612427711486816,8.273780258605257e-05,0.14102162420749664,0.3620249927043915,0.027257734909653664,0.5356765389442444,1.4064903259277344,0.2320767045021057,27.6509952545166,0.07396388798952103,0.0008541252464056015,0.06141016632318497,0.7358428239822388,0.07652841508388519,0.0858234092593193,0.1073848232626915,1.1179255247116089,,,,,,,,,,,,
200,model.layers.15.self_attn.q_proj.weight,4096,1024,0.000244140625,0.00016591549501754344,3.2583446502685547,-4.8450598114868626e-05,0.6164189577102661,0.00045352993765845895,0.2096785455942154,0.23923644423484802,0.005496413912624121,0.4354357123374939,1.541520357131958,0.2542356252670288,26.695091247558594,-0.062321458011865616,0.0015760627575218678,0.1196245402097702,0.6656479239463806,0.08975166827440262,0.1359984427690506,0.1417831927537918,0.8275343179702759,8.0,0.07906453311443329,0.07018445432186127,0.8744175434112549,-2.289696112711681e-06,-0.0039763133972883224,0.5101977586746216,,0.005090078338980675,-0.00045920064439997077,0.004309465643018484,0.05627091974020004
200,model.layers.15.self_attn.k_proj.weight,512,1024,0.0009765625,0.0009374807705171406,5.510644435882568,-1.4643530903413193e-06,0.5516476631164551,6.111385300755501e-05,0.2393524944782257,0.25160661339759827,0.005551628302782774,0.5531120300292969,1.4437294006347656,0.160474956035614,30.16506004333496,0.014879247173666954,0.00027045587194152176,0.03401585668325424,0.6860559582710266,0.08726748079061508,0.051487088203430176,0.1606881022453308,0.9733828902244568,,,,,,,,,,,,
200,model.layers.15.self_attn.v_proj.weight,512,1024,0.0009765625,0.0008860318339429796,1.8001940250396729,9.215571481036022e-05,0.5349656939506531,0.0003671656595543027,0.1994975060224533,0.26281750202178955,0.005034925881773233,0.6322689056396484,1.45294988155365,0.16828957200050354,22.865558624267578,0.07340940088033676,0.0003559300384949893,0.006598530802875757,0.7294384241104126,0.11753489822149277,0.013772416859865189,0.1884457916021347,1.343218207359314,,,,,,,,,,,,
200,model.layers.15.self_attn.o_proj.weight,1024,2048,0.00048828125,0.00043445004848763347,1.7382301092147827,3.6645222280640155e-05,0.9679133892059326,3.8739730371162295e-05,0.08733439445495605,0.4742671251296997,0.013279832899570465,0.5953295826911926,1.43460214138031,0.22350576519966125,40.61595916748047,-0.035929448902606964,0.0010333809768781066,0.03464876860380173,0.7608734965324402,0.09091392159461975,0.05071521922945976,0.12334296852350235,1.211847186088562,,,,,,,,,,,,
200,model.layers.19.self_attn.q_proj.weight,4096,1024,0.000244140625,0.0001607687008799985,3.1290102005004883,0.00037722644628956914,0.4091283082962036,0.00019337348931003362,0.21006521582603455,0.2465023547410965,0.005418986082077026,0.4456523358821869,1.531753420829773,0.260817289352417,24.77838706970215,0.04249799624085426,0.0015316037461161613,0.12896862626075745,0.6623581051826477,0.08547765761613846,0.14536361396312714,0.14173775911331177,0.8476595878601074,8.0,0.06003402918577194,0.0652145966887474,0.8605493903160095,-1.1958845789195038e-05,-0.006086696870625019,0.2495701164007187,,-0.00739122461527586,-0.003139730542898178,0.0045615616254508495,0.08359219878911972
200,model.layers.19.self_attn.k_proj.weight,512,1024,0.0009765625,0.0010695678647607565,3.1455702781677246,-1.106448962673312e-05,0.3649853467941284,0.00043710056343115866,0.24633941054344177,0.22215835750102997,0.011117462068796158,0.5794067978858948,1.3517183065414429,0.1869160383939743,17.319055557250977,0.03725039213895798,0.00027055927785113454,0.00951265450567007,0.7177215218544006,0.07125873118638992,0.034873105585575104,0.14999082684516907,1.2095873355865479,,,,,,,,,,,,
200,model.layers.19.self_attn.v_proj.weight,512,1024,0.0009765625,0.0009524843189865351,1.5754766464233398,-0.0005617974675260484,0.317063570022583,0.0026438545901328325,0.1710144579410553,0.24167700111865997,0.009396019391715527,0.6226168870925903,1.4101078510284424,0.18324249982833862,20.625362396240234,-0.022745143622159958,0.00041143145062960684,0.037966057658195496,0.8089580535888672,0.04768930748105049,0.05366779863834381,0.09614066779613495,0.9712266325950623,,,,,,,,,,,,
200,model.layers.19.self_attn.o_proj.weight,1024,2048,0.00048828125,0.0004417708842083812,1.4181268215179443,-0.00017105969891417772,0.6073887944221497,0.00016247872554231435,0.06781770288944244,0.48350581526756287,0.00852243509143591,0.590013325214386,1.4417918920516968,0.23426243662834167,53.49588394165039,-0.1063183918595314,0.0012059168657287955,0.01626792550086975,0.7571366429328918,0.11153851449489594,0.029254866763949394,0.14611639082431793,1.3130251169204712,,,,,,,,,,,,
200,model.layers.1.mlp.gate_proj.weight,3584,1024,0.00027901785714285713,0.001036829431541264,2.6770808696746826,0.0010161468526348472,0.4931851923465729,0.00042752892477437854,0.16553300619125366,0.3270511031150818,0.008290082216262817,0.5577654838562012,1.5124021768569946,0.20753344893455505,68.0043716430664,0.013190491124987602,0.0012602964416146278,0.03598649799823761,0.6190972328186035,0.2195039838552475,0.04415656626224518,0.2841213047504425,1.221214771270752,,,,,,,,,,,,
200,model.layers.1.mlp.up_proj.weight,3584,1024,0.00027901785714285713,0.00020650670921895653,2.3642311096191406,0.0006239758222363889,0.8796371817588806,0.0001512342132627964,0.14950773119926453,0.3383907675743103,0.008750553242862225,0.49931010603904724,1.5123103857040405,0.189848393201828,32.1128044128418,0.11035527288913727,0.00086532550631091,0.05305890738964081,0.5556368827819824,0.2512739598751068,0.060197412967681885,0.3237327039241791,1.1779662370681763,,,,,,,,,,,,
200,model.layers.1.mlp.down_proj.weight,1024,3584,0.00027901785714285713,0.00029250822262838483,4.963672637939453,0.0006538243032991886,0.8311934471130371,0.001013810746371746,0.18265940248966217,0.290169358253479,0.013800100423395634,0.5645263195037842,1.4305285215377808,0.1959911584854126,55.1026496887207,-0.029891110956668854,0.0008817901252768934,0.014827308245003223,0.6422533988952637,0.2099376767873764,0.023949187248945236,0.2625501751899719,1.3876368999481201,8.0,0.06693775206804276,0.06846246123313904,0.8942251801490784,1.9382725440664217e-05,0.0019937194883823395,1.5694091320037842,0.009721891947994618,-1.608105048944708e-05,0.00019419034651946276,5.974197119940072e-05,0.031938422471284866
200,model.layers.12.mlp.gate_proj.weight,3584,1024,0.00027901785714285713,0.00022836786229163408,2.757814645767212,0.0013678263640031219,0.5796357989311218,0.0005178623832762241,0.18314746022224426,0.25519976019859314,0.005392127670347691,0.5637620091438293,1.530908465385437,0.21577444672584534,24.214515686035156,-0.07323527336120605,0.0011764519149437547,0.019185394048690796,0.7225455045700073,0.14093126356601715,0.028674282133579254,0.20035164058208466,1.314369559288025,,,,,,,,,,,,
200,model.layers.12.mlp.up_proj.weight,3584,1024,0.00027901785714285713,0.00027309099095873535,2.68214750289917,0.001309397746808827,0.9686909914016724,0.00033323222305625677,0.2074485421180725,0.2706250846385956,0.007814738899469376,0.5149826407432556,1.5183874368667603,0.18163487315177917,21.69086456298828,-0.02329217456281185,0.0008520690607838333,0.015023201704025269,0.6247026920318604,0.21496984362602234,0.022516930475831032,0.2927817702293396,1.3900221586227417,,,,,,,,,,,,
200,model.layers.12.mlp.down_proj.weight,1024,3584,0.00027901785714285713,0.0002569949720054865,5.636702060699463,0.0013658279785886407,0.9625309109687805,0.00012721736857201904,0.20665773749351501,0.2842731177806854,0.01847144216299057,0.5198956727981567,1.4094947576522827,0.20553627610206604,27.332727432250977,-0.04280329495668411,0.0008346062386408448,0.02176806330680847,0.6803593039512634,0.1615266352891922,0.03578612953424454,0.20992697775363922,1.3163989782333374,8.0,0.06331336498260498,0.06706731766462326,0.9009495973587036,-4.066199835506268e-06,-0.010309179313480854,1.9924142360687256,,-0.0003117011801805347,-0.0006955523858778179,0.00016963938833214343,0.024275165051221848
200,model.layers.22.mlp.gate_proj.weight,3584,1024,0.00027901785714285713,0.0003246600099373609,2.4893760681152344,-0.0007897074101492763,0.26428213715553284,0.0007159716915339231,0.1744241863489151,0.26617032289505005,0.007331319618970156,0.562481701374054,1.5204981565475464,0.2559898793697357,32.051902770996094,-0.14089199900627136,0.0016420098254457116,0.02779289521276951,0.6776119470596313,0.17070138454437256,0.037161923944950104,0.22801637649536133,1.2661477327346802,,,,,,,,,,,,
200,model.layers.22.mlp.up_proj.weight,3584,1024,0.00027901785714285713,0.0002562923473306,2.434915542602539,-0.0006080231396481395,0.5991058945655823,0.0018423363799229264,0.18088571727275848,0.28478723764419556,0.02042858675122261,0.5584163665771484,1.5088461637496948,0.18538296222686768,28.449552536010742,-0.09915866702795029,0.0009610049310140312,0.027382798492908478,0.6271451115608215,0.2141379565000534,0.03468775004148483,0.2816513180732727,1.2546474933624268,,,,,,,,,,,,
200,model.layers.22.mlp.down_proj.weight,1024,3584,0.00027901785714285713,0.00043614330934360623,2.2460060119628906,-0.0006998714525252581,0.5730106234550476,0.00027392967604100704,0.10282844305038452,0.4044516384601593,0.011390146799385548,0.5619674921035767,1.4415836334228516,0.2071933150291443,24.931400299072266,-0.016054585576057434,0.0009469696669839323,0.03379029035568237,0.6390789151191711,0.19445621967315674,0.04585420340299606,0.24280278384685516,1.1345535516738892,8.0,0.07298590987920761,0.06333266198635101,0.8459814190864563,-7.250555427162908e-06,-0.01367916539311409,0.9910717606544495,,-0.0030199724715203047,-0.0013555040350183845,-0.00706870574504137,0.13413533568382263
200,model.layers.1.linear_attn.in_proj_qkv.weight,6144,1024,0.00016276041666666666,0.00018331382307223976,2.2476370334625244,-0.0005053565837442875,0.435463547706604,0.0006029523210600019,0.17262569069862366,0.2645094394683838,0.007862988859415054,0.5008318424224854,1.5306588411331177,0.24630321562290192,22.608434677124023,-0.006719157099723816,0.002090353751555085,0.04717612266540527,0.5971115827560425,0.2538953423500061,0.053608860820531845,0.3056395649909973,1.0735002756118774,8.0,0.07144134491682053,0.07061969488859177,0.8877516388893127,1.0701214705477469e-05,0.0011368619743734598,0.17982780933380127,0.00941294101368379,0.0029126720037311316,6.801711424486712e-05,-0.0019161408999934793,0.0473247654736042
200,model.layers.1.linear_attn.out_proj.weight,1024,2048,0.00048828125,0.00013085965474601835,1.3180731534957886,-9.852623043116182e-05,1.0197117328643799,0.0005134991370141506,0.10707195848226547,0.3844101130962372,0.014473501592874527,0.5375112891197205,1.439370036125183,0.1873212456703186,26.851716995239258,-0.05622264742851257,0.0009152982383966446,0.08847534656524658,0.638624906539917,0.14299267530441284,0.10461555421352386,0.18988241255283356,0.9928800463676453,,,,,,,,,,,,
200,model.layers.12.linear_attn.in_proj_qkv.weight,6144,1024,0.00016276041666666666,6.859603308839723e-05,2.425306797027588,-8.483143028570339e-05,0.5926326513290405,0.00039445352740585804,0.15828751027584076,0.27220335602760315,0.0031077240128070116,0.5907298922538757,1.5525339841842651,0.30970001220703125,42.36647033691406,0.1760898381471634,0.002415995579212904,0.06010618433356285,0.7053573727607727,0.13619323074817657,0.07007252424955368,0.18434959650039673,1.0544885396957397,8.0,0.06875178217887878,0.06715819239616394,0.8663429617881775,-3.104586994595593e-06,-0.0045316475443542,0.23816637694835663,,-0.0011668606894090772,-0.0029320090543478727,0.00702437711879611,0.09271097928285599
200,model.layers.12.linear_attn.out_proj.weight,1024,2048,0.00048828125,0.0003317006048746407,2.66998553276062,-0.0003784456930588931,0.818615198135376,6.923841283423826e-05,0.17275765538215637,0.3265654146671295,0.02077793888747692,0.538608729839325,1.402461051940918,0.22236551344394684,35.69274139404297,-0.029709499329328537,0.0008547467296011746,0.07402587682008743,0.7024620771408081,0.08473409712314606,0.10324765741825104,0.12477631866931915,0.8165011405944824,,,,,,,,,,,,
200,model.layers.21.linear_attn.in_proj_qkv.weight,6144,1024,0.00016276041666666666,0.00010814281267812476,2.6084628105163574,0.00017776817549020052,0.1659214347600937,0.0005885674036107957,0.16424326598644257,0.27726876735687256,0.005885065067559481,0.5887860655784607,1.5381603240966797,0.2494267374277115,28.8502140045166,0.09842757880687714,0.002671644790098071,0.04317079856991768,0.6563679575920105,0.1955586075782776,0.05071903392672539,0.24981378018856049,1.023912787437439,8.0,0.06907003372907639,0.061228927224874496,0.8711956739425659,-1.0331998510082485e-06,-0.0008879156084731221,0.02992704138159752,,-0.009248122572898865,-0.006304799113422632,-0.0014977202517911792,0.07001934945583344
200,model.layers.21.linear_attn.out_proj.weight,1024,2048,0.00048828125,0.0003463776083663106,2.4420082569122314,0.00023915022029541433,0.3810618221759796,0.00014686188660562038,0.1374380737543106,0.3691719174385071,0.008510015904903412,0.5532383322715759,1.466504454612732,0.213430255651474,24.747892379760742,0.0009396736859343946,0.0008653358672745526,0.024346312507987022,0.6847547292709351,0.16099813580513,0.0352192185819149,0.20866058766841888,1.2159054279327393,,,,,,,,,,,,
220,model.layers.7.self_attn.q_proj.weight,4096,1024,0.000244140625,0.00011641648598015308,1.8223906755447388,-0.00027009902987629175,0.9432725310325623,0.001310065039433539,0.1797812134027481,0.2655172646045685,0.009164825081825256,0.5288844108581543,1.5339634418487549,0.2325543761253357,48.2697868347168,0.09591993689537048,0.0015263424720615149,0.04291748255491257,0.7036881446838379,0.13194121420383453,0.055996090173721313,0.19175757467746735,1.1370924711227417,8.0,0.08215447515249252,0.07819969952106476,0.8173508644104004,6.593001216970151e-06,-0.0038112758193165064,0.8553885817527771,,-0.00029775715665891767,-0.0009014743845909834,-0.017364904284477234,0.04460500180721283
220,model.layers.7.self_attn.k_proj.weight,512,1024,0.0009765625,0.0014633736573159695,2.0413153171539307,-6.3232741922547575e-06,0.7205144762992859,0.0035727510694414377,0.12692154943943024,0.24378417432308197,0.022212276235222816,0.7594813704490662,1.3493503332138062,0.1833893060684204,10.53027629852295,0.0348445400595665,0.00028008263325318694,0.06552544981241226,0.591716468334198,0.10840394347906113,0.07741156965494156,0.24001462757587433,1.1166528463363647,,,,,,,,,,,,
220,model.layers.7.self_attn.v_proj.weight,512,1024,0.0009765625,0.0006643784581683576,1.6027268171310425,-0.0011633874382823706,1.3262900114059448,0.0004622706619556993,0.1246110051870346,0.24241672456264496,0.0061781383119523525,0.7710033655166626,1.4385446310043335,0.13110071420669556,10.103979110717773,-0.0553518682718277,0.0002782073861453682,0.01631409488618374,0.6136621832847595,0.13754814863204956,0.025930706411600113,0.284812331199646,1.2063127756118774,,,,,,,,,,,,
220,model.layers.7.self_attn.o_proj.weight,1024,2048,0.00048828125,0.00019559481006581336,1.715114712715149,-0.0004548923170659691,1.8523801565170288,0.00011573737720027566,0.15610013902187347,0.3302350640296936,0.03676079213619232,0.48877790570259094,1.3769913911819458,0.19827495515346527,20.29400062561035,-0.02549501322209835,0.0008376295445486903,0.04902608320116997,0.7350171804428101,0.08359237760305405,0.0739002600312233,0.11606496572494507,1.0153894424438477,,,,,,,,,,,,
220,model.layers.15.self_attn.q_proj.weight,4096,1024,0.000244140625,0.0001272291992790997,2.3632326126098633,0.00048238568706437945,0.784132719039917,0.00037998516927473247,0.23701882362365723,0.2098303586244583,0.004026994574815035,0.4067140221595764,1.5451128482818604,0.36025118827819824,13.282686233520508,0.1736537367105484,0.0016077350592240691,0.18366770446300507,0.6179883480072021,0.0912107601761818,0.1961369514465332,0.14101897180080414,0.7821975350379944,8.0,0.0577462762594223,0.06638608872890472,0.8715631365776062,-1.0617044608807191e-05,-0.005567159503698349,0.7815861701965332,,-0.002804270014166832,-0.0005799076752737164,-0.013481524772942066,0.05375700443983078
220,model.layers.15.self_attn.k_proj.weight,512,1024,0.0009765625,0.0008750800625421107,4.277828693389893,-1.3710400708077941e-05,0.7378571629524231,0.00032065200502984226,0.22999882698059082,0.25524023175239563,0.007039043586701155,0.5629096031188965,1.4320214986801147,0.1590704619884491,27.65239715576172,0.03862002119421959,0.000269898067926988,0.05165909603238106,0.6600626707077026,0.08821089565753937,0.07041274011135101,0.16661523282527924,0.8908742070198059,,,,,,,,,,,,
220,model.layers.15.self_attn.v_proj.weight,512,1024,0.0009765625,0.0009617310133762658,1.7332202196121216,-0.0007439679466187954,0.6417454481124878,0.0003876358678098768,0.1968342661857605,0.265481561422348,0.004122764337807894,0.6270965337753296,1.446279764175415,0.17778001725673676,27.94106674194336,-0.03330450505018234,0.0003725850838236511,0.011686277575790882,0.7379553914070129,0.11591503769159317,0.024304615333676338,0.1740463376045227,1.289397120475769,,,,,,,,,,,,
220,model.layers.15.self_attn.o_proj.weight,1024,2048,0.00048828125,0.0003716032952070236,1.6248093843460083,-0.0002606415073387325,1.0999560356140137,3.3706393878674135e-05,0.09820228815078735,0.404460072517395,0.011076894588768482,0.5153241753578186,1.4202474355697632,0.2033810019493103,51.31772994995117,-0.08153944462537766,0.0010329980868846178,0.024453746154904366,0.7791893482208252,0.07759742438793182,0.04336147755384445,0.1094089224934578,1.2668750286102295,,,,,,,,,,,,
220,model.layers.19.self_attn.q_proj.weight,4096,1024,0.000244140625,0.00022064722725190222,2.552663803100586,0.0006406304892152548,0.44029659032821655,0.0008364110253751278,0.25121089816093445,0.19536539912223816,0.009286440908908844,0.35781198740005493,1.530595064163208,0.4552743136882782,4.189502239227295,-0.17848192155361176,0.0017472457839176059,0.36439910531044006,0.4672185778617859,0.0709870234131813,0.376962274312973,0.1130746603012085,0.647821843624115,8.0,0.06610001623630524,0.06519520282745361,0.8712952733039856,-2.003229610636481e-06,-0.0023262479808181524,0.29247695207595825,,-0.005134295206516981,-0.0010290240170434117,0.0035965575370937586,0.0846567451953888
220,model.layers.19.self_attn.k_proj.weight,512,1024,0.0009765625,0.0011162339942529798,2.9910356998443604,2.855941545476526e-07,0.45748627185821533,0.00102713773958385,0.2432674616575241,0.21534711122512817,0.01769329234957695,0.5780996680259705,1.288192629814148,0.20460112392902374,21.146968841552734,0.06432653963565826,0.0002720416523516178,0.03104734607040882,0.6761899590492249,0.07632839679718018,0.06159598007798195,0.1524500548839569,0.9423725008964539,,,,,,,,,,,,
220,model.layers.19.self_attn.v_proj.weight,512,1024,0.0009765625,0.0006649161223322153,1.5895671844482422,-6.288112490437925e-05,0.33914250135421753,0.0009010283392854035,0.16402292251586914,0.24960418045520782,0.007549900095909834,0.625553548336029,1.4177632331848145,0.17961303889751434,31.91187286376953,0.06819545477628708,0.00041684441384859383,0.027539076283574104,0.830641508102417,0.045790545642375946,0.04137023538351059,0.09041231870651245,1.0421535968780518,,,,,,,,,,,,
220,model.layers.19.self_attn.o_proj.weight,1024,2048,0.00048828125,0.0004340635787229985,1.4224530458450317,-2.2945208911551163e-05,0.6675474643707275,9.153327846433967e-05,0.06588264554738998,0.5252125859260559,0.011713243089616299,0.6427731513977051,1.4514532089233398,0.22499097883701324,40.585025787353516,-0.021010085940361023,0.0012079339940100908,0.0183354951441288,0.7672812342643738,0.10369109362363815,0.031198065727949142,0.13640521466732025,1.3728834390640259,,,,,,,,,,,,
220,model.layers.1.mlp.gate_proj.weight,3584,1024,0.00027901785714285713,0.0002389097207924351,3.2221436500549316,-0.00033101363806053996,0.5763645172119141,0.00045207561925053596,0.1815277636051178,0.29754188656806946,0.009127852506935596,0.530221700668335,1.5141310691833496,0.2257259637117386,56.39655303955078,0.11489561200141907,0.0012713378528133035,0.01978343166410923,0.629647433757782,0.2326965481042862,0.026206448674201965,0.29472577571868896,1.325501799583435,,,,,,,,,,,,
220,model.layers.1.mlp.up_proj.weight,3584,1024,0.00027901785714285713,0.00022660978720523417,2.8040411472320557,-2.76678406407882e-06,1.0021499395370483,0.0001628524623811245,0.16832132637500763,0.3207302689552307,0.010666470974683762,0.507699191570282,1.5049235820770264,0.18803074955940247,55.76106643676758,0.1685532033443451,0.0008784579113125801,0.012193163856863976,0.5806981921195984,0.2589026391506195,0.021664144471287727,0.33343562483787537,1.3648401498794556,,,,,,,,,,,,
220,model.layers.1.mlp.down_proj.weight,1024,3584,0.00027901785714285713,0.0002762514050118625,6.073233127593994,-5.214341399550904e-06,1.017223834991455,0.0008023649570532143,0.1815280169248581,0.2968653440475464,0.01448166836053133,0.5706815719604492,1.4327354431152344,0.16643403470516205,61.09996795654297,-0.018136193975806236,0.0008529085898771882,0.015232425183057785,0.5920689105987549,0.2521567940711975,0.023971591144800186,0.30873826146125793,1.3061028718948364,8.0,0.07455838471651077,0.07330343872308731,0.8674368858337402,-7.279696546902414e-06,-0.019410304725170135,2.3598804473876953,,0.0007500975043512881,-0.0016581830568611622,0.003425316419452429,0.04390004649758339
220,model.layers.12.mlp.gate_proj.weight,3584,1024,0.00027901785714285713,0.0001994277408812195,2.3370168209075928,-0.0007471859571523964,0.6521779298782349,0.0008072899654507637,0.17172116041183472,0.26009276509284973,0.006286847870796919,0.5871313810348511,1.5255463123321533,0.20833532512187958,44.78434753417969,0.08293332159519196,0.0011578446719795465,0.01646636240184307,0.7190191745758057,0.1426074057817459,0.024075021967291832,0.20746736228466034,1.3881580829620361,,,,,,,,,,,,
220,model.layers.12.mlp.up_proj.weight,3584,1024,0.00027901785714285713,0.0002600578300189227,2.1795341968536377,-0.0010077577317133546,1.117840051651001,0.00026018611970357597,0.2135458141565323,0.2619747519493103,0.006232927553355694,0.5038902759552002,1.5151777267456055,0.18910381197929382,24.09421730041504,-0.025282034650444984,0.0008543789153918624,0.019330209121108055,0.6474718451499939,0.1962035596370697,0.025918425992131233,0.27079668641090393,1.3699312210083008,,,,,,,,,,,,
220,model.layers.12.mlp.down_proj.weight,1024,3584,0.00027901785714285713,0.00027410266920924187,3.790560722351074,-0.0010298501001670957,1.136281967163086,8.345465175807476e-05,0.19917215406894684,0.29740262031555176,0.01587231643497944,0.5467897653579712,1.4114986658096313,0.2279941439628601,27.955198287963867,0.03320704400539398,0.0008515769732184708,0.03510623052716255,0.6636847853660583,0.1675894409418106,0.04707073047757149,0.2152327299118042,1.2095180749893188,8.0,0.07381177693605423,0.07109931111335754,0.9044488072395325,5.5686512496322393e-05,0.02357974834740162,2.603482484817505,0.00236162454644936,0.0014391493750736117,0.0012857569381594658,0.0020498770754784346,0.0321529284119606
220,model.layers.22.mlp.gate_proj.weight,3584,1024,0.00027901785714285713,0.00025144932442344725,2.146552562713623,-0.0006425535539165139,0.325287401676178,0.0008164180908352137,0.18205033242702484,0.2506161630153656,0.005891748704016209,0.5303431153297424,1.5241031646728516,0.2420884668827057,31.884977340698242,0.003034940455108881,0.001603254466317594,0.06110268086194992,0.6455965042114258,0.16969723999500275,0.07057541608810425,0.2306031882762909,0.9336094856262207,,,,,,,,,,,,
220,model.layers.22.mlp.up_proj.weight,3584,1024,0.00027901785714285713,0.0002664043568074703,2.1585328578948975,-0.0006087671499699354,0.766559362411499,0.0007224200526252389,0.16611966490745544,0.30339956283569336,0.01155366562306881,0.5868094563484192,1.511441946029663,0.21452580392360687,34.3609619140625,-0.027826867997646332,0.0009712482569739223,0.019107168540358543,0.6433364748954773,0.21428282558918,0.024841899052262306,0.27994492650032043,1.3531955480575562,,,,,,,,,,,,
220,model.layers.22.mlp.down_proj.weight,1024,3584,0.00027901785714285713,0.000415837304899469,2.0656230449676514,-0.0007472043507732451,0.6791563630104065,0.00015973145491443574,0.10506998002529144,0.41774770617485046,0.006455704569816589,0.5680021047592163,1.471237063407898,0.20224136114120483,30.14397621154785,0.031012989580631256,0.0009400296257808805,0.01685476116836071,0.6355509757995605,0.21008403599262238,0.030321795493364334,0.2585143446922302,1.1860703229904175,8.0,0.07431776821613312,0.07059353590011597,0.8489639163017273,4.52213644166477e-05,0.01079479232430458,1.2038400173187256,0.004189183363428989,0.005919246003031731,0.0012188836699351668,0.0056501454673707485,0.13228030502796173
220,model.layers.1.linear_attn.in_proj_qkv.weight,6144,1024,0.00016276041666666666,0.00014874576299916953,2.603705406188965,-8.476637594867498e-05,0.5064241290092468,0.001442381995730102,0.1771230846643448,0.27441689372062683,0.010425973683595657,0.5288717746734619,1.5385158061981201,0.22295740246772766,48.29069519042969,-0.005141778849065304,0.0020230531226843596,0.05209001526236534,0.610135018825531,0.21819113194942474,0.06096167117357254,0.27682390809059143,1.0102334022521973,8.0,0.0749794989824295,0.07898867875337601,0.8575193881988525,7.652905878785532e-06,-0.00016015063738450408,0.25285929441452026,,0.0007958022761158645,-0.0002808642166201025,0.008587826043367386,0.046595316380262375
220,model.layers.1.linear_attn.out_proj.weight,1024,2048,0.00048828125,0.00036292162258177996,1.3995105028152466,0.0001183775530080311,1.1790871620178223,0.00039561043377034366,0.11737573891878128,0.3740501403808594,0.015034126117825508,0.5381801128387451,1.4331544637680054,0.3116694390773773,7.035948753356934,-0.04443705454468727,0.0010015475563704967,0.2037161886692047,0.5840073823928833,0.10455604642629623,0.2184266746044159,0.1429929882287979,0.9029154181480408,,,,,,,,,,,,
220,model.layers.12.linear_attn.in_proj_qkv.weight,6144,1024,0.00016276041666666666,8.131231879815459e-05,2.3470230102539062,0.00022493503638543189,0.7266491055488586,0.00024766690330579877,0.1644686907529831,0.2616584897041321,0.0031628943979740143,0.5739489197731018,1.5513023138046265,0.2622608244419098,65.31288146972656,-0.027492046356201172,0.0022618663497269154,0.03292802348732948,0.7093783617019653,0.15562064945697784,0.04102560877799988,0.2085658609867096,1.2445971965789795,8.0,0.07310301810503006,0.07326863706111908,0.8549332618713379,1.072942450264236e-05,0.0030071167275309563,0.3655359148979187,0.0035680106476784273,0.0046966164372861385,0.0008546118624508381,-0.0011747893877327442,0.0881257876753807
220,model.layers.12.linear_attn.out_proj.weight,1024,2048,0.00048828125,0.00029470855952240527,2.236541271209717,0.00011100777192041278,0.9460390210151672,4.5783264795318246e-05,0.17731276154518127,0.3324039578437805,0.011732192710042,0.551232099533081,1.435250163078308,0.2416178435087204,30.642244338989258,-0.03354599326848984,0.0008612241945229471,0.07125396281480789,0.6950535178184509,0.08918651938438416,0.10479290783405304,0.12881800532341003,0.9668073654174805,,,,,,,,,,,,
220,model.layers.21.linear_attn.in_proj_qkv.weight,6144,1024,0.00016276041666666666,0.00010134926560567692,2.3265976905822754,0.00020537058298941702,0.19292433559894562,0.0010745797771960497,0.1839829385280609,0.25540539622306824,0.006826748140156269,0.5328376293182373,1.538730263710022,0.23651722073554993,75.93661499023438,0.017515264451503754,0.002691824920475483,0.025369716808199883,0.6525192856788635,0.21081745624542236,0.03320338577032089,0.26842600107192993,1.224617600440979,8.0,0.07519522309303284,0.07807862013578415,0.8721956610679626,-5.198011194806895e-07,0.0003435557009652257,0.030382908880710602,-0.0015130039117974153,0.0005241402541287243,0.0022953881416469812,-0.012338617816567421,0.03446091711521149
220,model.layers.21.linear_attn.out_proj.weight,1024,2048,0.00048828125,0.000341436913004145,2.441646099090576,0.0003942710463888943,0.42693600058555603,6.397460674634203e-05,0.12932458519935608,0.38059788942337036,0.0051877605728805065,0.5609676241874695,1.4797394275665283,0.2070733606815338,33.09184646606445,-0.029489444568753242,0.0008369714487344027,0.03728915750980377,0.6856749653816223,0.14778439700603485,0.04644948989152908,0.19643498957157135,1.285251498222351,,,,,,,,,,,,
240,model.layers.7.self_attn.q_proj.weight,4096,1024,0.000244140625,0.00013694376684725285,2.2662150859832764,-0.0009647554252296686,0.44570037722587585,0.0009513344266451895,0.18003502488136292,0.26151108741760254,0.006779256276786327,0.5266098976135254,1.537331461906433,0.2668626606464386,45.44721984863281,-0.14542032778263092,0.0015073588583618402,0.04057230427861214,0.7030743956565857,0.13582894206047058,0.054948244243860245,0.19143930077552795,1.1355551481246948,8.0,0.07257847487926483,0.06964173913002014,0.8971763253211975,-1.1454080777184572e-06,-0.00025917665334418416,0.19403666257858276,,0.0014116066740825772,0.00015379850810859352,-0.013566474430263042,0.046180594712495804
240,model.layers.7.self_attn.k_proj.weight,512,1024,0.0009765625,0.0010933282319456339,3.175729990005493,1.8172702311858302e-06,0.3152656853199005,0.00036944696330465376,0.1510811150074005,0.26670897006988525,0.020526418462395668,0.7094048261642456,1.3389381170272827,0.20291978120803833,10.188026428222656,-0.09907814860343933,0.00026622627046890557,0.10804276168346405,0.5870339870452881,0.09544387459754944,0.1265460103750229,0.19425393640995026,0.9937444925308228,,,,,,,,,,,,
240,model.layers.7.self_attn.v_proj.weight,512,1024,0.0009765625,0.0008855651831254363,1.894113540649414,0.0032109490130096674,0.6079238653182983,0.0005875169881619513,0.13910846412181854,0.2508142292499542,0.005659633781760931,0.7377846837043762,1.4463462829589844,0.14368879795074463,12.565838813781738,-0.010029111988842487,0.0002747442340478301,0.004211707506328821,0.648907482624054,0.13025978207588196,0.012251094914972782,0.2671811878681183,1.421189308166504,,,,,,,,,,,,
240,model.layers.7.self_attn.o_proj.weight,1024,2048,0.00048828125,0.00025168247520923615,2.1164090633392334,0.0009335730574093759,1.1090375185012817,2.899349965446163e-05,0.1230948194861412,0.4119224548339844,0.009818686172366142,0.607830822467804,1.4526245594024658,0.27960145473480225,11.443519592285156,-0.027223730459809303,0.0008848311263136566,0.13107547163963318,0.6816865801811218,0.07307396084070206,0.1528203785419464,0.10035921633243561,1.0143237113952637,,,,,,,,,,,,
240,model.layers.15.self_attn.q_proj.weight,4096,1024,0.000244140625,0.00012910926307085901,2.882335662841797,8.07699907454662e-05,0.6039386987686157,0.00014825927792117,0.1915528029203415,0.2474265694618225,0.003536102594807744,0.4351133406162262,1.5445588827133179,0.26369723677635193,18.48717498779297,-0.20387861132621765,0.0015259950887411833,0.13951903581619263,0.6406447887420654,0.09851261973381042,0.15332625806331635,0.15225215256214142,0.9137548804283142,8.0,0.0709368884563446,0.06980173289775848,0.885662853717804,-2.834748102031881e-06,0.00468882080167532,0.4305170774459839,-0.0006045759097935717,0.0038562749978154898,0.0005831388989463449,0.010283421725034714,0.06851173937320709
240,model.layers.15.self_attn.k_proj.weight,512,1024,0.0009765625,0.0008470372413285077,4.782067775726318,-3.555549483280629e-06,0.5194677114486694,6.583693902939558e-05,0.23591892421245575,0.2435978502035141,0.003880237229168415,0.5571966767311096,1.461820125579834,0.20288927853107452,24.42467498779297,-0.041222404688596725,0.0002808202407322824,0.02727322466671467,0.7092511653900146,0.08665928244590759,0.04086696729063988,0.16082359850406647,1.176000714302063,,,,,,,,,,,,
240,model.layers.15.self_attn.v_proj.weight,512,1024,0.0009765625,0.000810825964435935,1.7721776962280273,0.0009034802787937224,0.5173768997192383,0.00017539295367896557,0.18354958295822144,0.27251026034355164,0.009870346635580063,0.6444265246391296,1.4539241790771484,0.1577068418264389,19.701143264770508,-0.032383449375629425,0.0003534698043949902,0.008180059492588043,0.707959771156311,0.1247120127081871,0.020782796666026115,0.19866612553596497,1.292566180229187,,,,,,,,,,,,
240,model.layers.15.self_attn.o_proj.weight,1024,2048,0.00048828125,0.00039944087620824575,1.8736051321029663,0.0003039100265596062,0.9254400134086609,2.3548949684482068e-05,0.08808520436286926,0.44537580013275146,0.010653888806700706,0.5724225044250488,1.453363060951233,0.20695029199123383,37.59157180786133,-0.0009632591973058879,0.0010212133638560772,0.03184528648853302,0.7678819298744202,0.0832844078540802,0.04696452245116234,0.11724311858415604,1.2608076333999634,,,,,,,,,,,,
240,model.layers.19.self_attn.q_proj.weight,4096,1024,0.000244140625,0.0002127270126948133,2.852734088897705,-0.0008253651903942227,0.38286900520324707,0.00015362081467173994,0.20369254052639008,0.24836254119873047,0.005946704652160406,0.437886506319046,1.5322885513305664,0.4813300669193268,5.648016452789307,-0.2277231365442276,0.0017820425564423203,0.37364572286605835,0.4577871263027191,0.07308746129274368,0.3872501254081726,0.11334312707185745,0.7732259631156921,8.0,0.07032622396945953,0.06671125441789627,0.8672444820404053,-9.020600373332854e-07,-0.003461859654635191,0.22396665811538696,,0.00022579480719286948,-0.0016909904079511762,-0.012076825834810734,0.06498250365257263
240,model.layers.19.self_attn.k_proj.weight,512,1024,0.0009765625,0.001042182557284832,2.6463205814361572,7.2375323725282215e-06,0.41597333550453186,0.0005091605708003044,0.24147284030914307,0.23122186958789825,0.010155709460377693,0.5758228302001953,1.3589402437210083,0.21100153028964996,18.85744857788086,-0.01624183915555477,0.00027798113296739757,0.030884189531207085,0.6996400356292725,0.06886214017868042,0.05829791724681854,0.14332814514636993,1.0142008066177368,,,,,,,,,,,,
240,model.layers.19.self_attn.v_proj.weight,512,1024,0.0009765625,0.0006313746562227607,1.6102426052093506,-0.00033618247834965587,0.37676218152046204,0.0003214646421838552,0.1646730899810791,0.256529837846756,0.0033919704146683216,0.6561025381088257,1.4464343786239624,0.1707298904657364,24.957489013671875,0.018380040302872658,0.00043426346383057535,0.022822869941592216,0.8356214165687561,0.046108320355415344,0.03529832884669304,0.09158861637115479,1.1416748762130737,,,,,,,,,,,,
240,model.layers.19.self_attn.o_proj.weight,1024,2048,0.00048828125,0.00035335641587153077,1.5264606475830078,-0.0001114446422434412,0.6672528386116028,8.873208571458235e-05,0.08117128908634186,0.4540564715862274,0.011868520639836788,0.5780644416809082,1.4636833667755127,0.21665510535240173,56.09059143066406,0.0016745073953643441,0.00122391851618886,0.011782309971749783,0.7696470618247986,0.10391425341367722,0.025075891986489296,0.1391564905643463,1.4061087369918823,,,,,,,,,,,,
240,model.layers.1.mlp.gate_proj.weight,3584,1024,0.00027901785714285713,0.0002570438082329929,3.4724793434143066,-0.0009046202176250517,0.40215742588043213,0.0005332530126906931,0.18588563799858093,0.2921406328678131,0.009018229320645332,0.5181717872619629,1.5178020000457764,0.2223447561264038,38.829769134521484,0.03696313127875328,0.0013029056135565042,0.042342353612184525,0.6296642422676086,0.21245895326137543,0.05052871257066727,0.27003639936447144,1.0859800577163696,,,,,,,,,,,,
240,model.layers.1.mlp.up_proj.weight,3584,1024,0.00027901785714285713,0.00039025157457217574,2.8938324451446533,-0.0006922496249899268,0.6973228454589844,0.00011655730486381799,0.1647026687860489,0.33112266659736633,0.010011743754148483,0.5151824951171875,1.5204535722732544,0.18319003283977509,50.31766891479492,0.01971273310482502,0.0008677187724970281,0.04336831346154213,0.5476682186126709,0.2700600028038025,0.048818010836839676,0.344027578830719,1.2151318788528442,,,,,,,,,,,,
240,model.layers.1.mlp.down_proj.weight,1024,3584,0.00027901785714285713,0.00028425821801647544,5.5086565017700195,-0.0006596459425054491,0.7286249399185181,0.0021432170178741217,0.16915304958820343,0.30607524514198303,0.016128553077578545,0.5976259112358093,1.431405782699585,0.1598610132932663,59.220970153808594,0.045463189482688904,0.0008579556597396731,0.014004701748490334,0.6121335029602051,0.23147593438625336,0.025166582316160202,0.2866176962852478,1.3284021615982056,8.0,0.08049318194389343,0.07128171622753143,0.9011493921279907,3.338926035212353e-06,0.0017477759392932057,1.0978379249572754,0.001910385627898392,0.0018771874019876122,0.00039938915870152414,-0.009243836626410484,0.043428923934698105
240,model.layers.12.mlp.gate_proj.weight,3584,1024,0.00027901785714285713,0.00021312297030817717,2.4953255653381348,-0.00025361121515743434,0.5666692852973938,0.0006600616034120321,0.183632493019104,0.25022655725479126,0.006224301178008318,0.5734955072402954,1.5240873098373413,0.24676041305065155,19.890541076660156,-0.15770265460014343,0.0012001700233668089,0.06690263003110886,0.6880918741226196,0.1390741467475891,0.073454849421978,0.19564659893512726,1.2373331785202026,,,,,,,,,,,,
240,model.layers.12.mlp.up_proj.weight,3584,1024,0.00027901785714285713,0.0002511055499780923,2.5024194717407227,0.00019808730576187372,0.9200166463851929,0.0003972903941757977,0.22088761627674103,0.25650647282600403,0.008615422062575817,0.5015941858291626,1.5117874145507812,0.18409621715545654,21.72321891784668,0.11205422133207321,0.000862292421516031,0.020859630778431892,0.6387144327163696,0.19306854903697968,0.02964322827756405,0.2702745795249939,1.323327898979187,,,,,,,,,,,,
240,model.layers.12.mlp.down_proj.weight,1024,3584,0.00027901785714285713,0.00025958038168027997,5.1433491706848145,0.000204171723453328,0.9254611730575562,0.0002314960293006152,0.19779284298419952,0.290463387966156,0.024678437039256096,0.5377505421638489,1.41635000705719,0.1902322769165039,25.735740661621094,0.004502409137785435,0.0008411894086748362,0.025168655440211296,0.6597312688827515,0.1735774725675583,0.03699250891804695,0.2246168553829193,1.2514375448226929,8.0,0.06466766446828842,0.06643269956111908,0.8999689221382141,-1.0618792657623999e-05,-0.010567376390099525,1.8072237968444824,,-0.001433545141480863,-0.0007517467602156103,-0.020156197249889374,0.025032538920640945
240,model.layers.22.mlp.gate_proj.weight,3584,1024,0.00027901785714285713,0.00025670751347206533,2.9700608253479004,0.0004403471539262682,0.2661893963813782,0.0009885379113256931,0.19852718710899353,0.23247972130775452,0.008308326825499535,0.48827144503593445,1.5155071020126343,0.2544996440410614,11.652843475341797,-0.08402790874242783,0.001679074950516224,0.10662595927715302,0.5979941487312317,0.17673750221729279,0.11704232543706894,0.2313683032989502,1.0178273916244507,,,,,,,,,,,,
240,model.layers.22.mlp.up_proj.weight,3584,1024,0.00027901785714285713,0.0002662699844222516,3.053995132446289,0.0001066655240720138,0.587655782699585,0.0009573848219588399,0.17521581053733826,0.29523977637290955,0.013901297934353352,0.5576861500740051,1.5076228380203247,0.2069419026374817,31.2596435546875,0.1285203993320465,0.0009929146617650986,0.04389525204896927,0.6013413071632385,0.2247897982597351,0.04990553483366966,0.29334983229637146,1.2150119543075562,,,,,,,,,,,,
240,model.layers.22.mlp.down_proj.weight,1024,3584,0.00027901785714285713,0.0004141956160310656,2.444226026535034,0.00012246600817888975,0.5794267058372498,0.00036390111199580133,0.10374871641397476,0.4109882414340973,0.009082227014005184,0.5708799362182617,1.464192271232605,0.18463444709777832,25.776350021362305,-0.005185248795896769,0.0009410921484231949,0.023063385859131813,0.6090081930160522,0.2198679894208908,0.03822498023509979,0.273245245218277,1.1588186025619507,8.0,0.06437338143587112,0.06159251183271408,0.8539568185806274,-1.6486896129208617e-05,-0.017404505982995033,1.0432944297790527,,0.0005100785638205707,-0.001962096896022558,-0.01586829125881195,0.1151203066110611
240,model.layers.1.linear_attn.in_proj_qkv.weight,6144,1024,0.00016276041666666666,0.00010358438157709315,2.555757999420166,0.0003869372303597629,0.3577851951122284,0.0010666332673281431,0.18054282665252686,0.2712755799293518,0.009848200716078281,0.5194465517997742,1.5295743942260742,0.2265254259109497,50.19774627685547,0.017730683088302612,0.0019984180107712746,0.025114255025982857,0.6370048522949219,0.22150564193725586,0.03524201363325119,0.276477187871933,1.2258967161178589,8.0,0.07031545042991638,0.07569976150989532,0.8914165496826172,7.850957217669929e-07,0.0006400753045454621,0.11527609825134277,0.0012265677431884587,0.0014301314949989319,0.0009009944624267519,0.0068649002350866795,0.052390363067388535
240,model.layers.1.linear_attn.out_proj.weight,1024,2048,0.00048828125,0.00043816922698169947,1.5139648914337158,0.0011315519222989678,0.8594613671302795,0.0005363873206079006,0.10712379962205887,0.40179237723350525,0.016854148358106613,0.5717607140541077,1.4433202743530273,0.28815412521362305,7.176525115966797,-0.09393647313117981,0.0009958497248589993,0.183608740568161,0.5943663120269775,0.10966075956821442,0.19769640266895294,0.15040411055088043,1.0049694776535034,,,,,,,,,,,,
240,model.layers.12.linear_attn.in_proj_qkv.weight,6144,1024,0.00016276041666666666,7.92611317592673e-05,2.1137850284576416,5.524122025235556e-05,0.5188655257225037,0.0004570400051306933,0.1485309600830078,0.27382177114486694,0.002902772044762969,0.6114001870155334,1.5532445907592773,0.28332287073135376,38.49802780151367,0.11172588914632797,0.0023394746240228415,0.04476766288280487,0.7096388936042786,0.14630137383937836,0.052109528332948685,0.19968487322330475,1.2935365438461304,8.0,0.0717795193195343,0.07143686711788177,0.8757238984107971,-3.302193363197148e-07,-0.00035539435339160264,0.17220300436019897,,6.645396206295118e-05,-0.0005018833326175809,-0.0004922220250591636,0.10007251054048538
240,model.layers.12.linear_attn.out_proj.weight,1024,2048,0.00048828125,0.0002798537607304752,2.568692922592163,-0.0004110040026716888,0.7711304426193237,7.318541611311957e-05,0.174369677901268,0.3305448591709137,0.015090965665876865,0.5515121817588806,1.4571155309677124,0.26959648728370667,34.09090805053711,0.08267518877983093,0.0008722480852156878,0.08183608204126358,0.7070876955986023,0.08317746967077255,0.10320358723402023,0.12410680949687958,0.8134946823120117,,,,,,,,,,,,
240,model.layers.21.linear_attn.in_proj_qkv.weight,6144,1024,0.00016276041666666666,0.0001246084284503013,2.733372926712036,0.00038166053127497435,0.15566541254520416,0.0006549384561367333,0.16326521337032318,0.27852678298950195,0.005556668154895306,0.587571918964386,1.5449124574661255,0.2551654577255249,50.22725296020508,0.09350535273551941,0.002743800636380911,0.01957092620432377,0.6827163696289062,0.19112999737262726,0.027761099860072136,0.2447853535413742,1.3517073392868042,8.0,0.06580714881420135,0.06826837360858917,0.8934964537620544,8.603741434853873e-07,-2.9091872420394793e-05,0.019613124430179596,,-0.0007942501688376069,0.00017868306895252317,0.008326188661158085,0.05976448953151703
240,model.layers.21.linear_attn.out_proj.weight,1024,2048,0.00048828125,0.0003724210546351969,2.476125478744507,0.0011220481246709824,0.38214877247810364,0.00014385109534487128,0.13386839628219604,0.36748918890953064,0.005799361038953066,0.546857476234436,1.4869632720947266,0.20628726482391357,26.17201042175293,-0.07745053619146347,0.0008706275257281959,0.019766194745898247,0.6825284361839294,0.16473029553890228,0.029432959854602814,0.216432124376297,1.3793128728866577,,,,,,,,,,,,
260,model.layers.7.self_attn.q_proj.weight,4096,1024,0.000244140625,0.00013234393554739654,2.2138774394989014,-8.524427539668977e-05,1.0399587154388428,0.0004668279434554279,0.17923374474048615,0.27099141478538513,0.006206061225384474,0.5424123406410217,1.5392385721206665,0.2566673159599304,27.10166358947754,0.05668974295258522,0.0015475708059966564,0.06668312102556229,0.6848131418228149,0.12483663856983185,0.07902727276086807,0.18391889333724976,1.1550954580307007,8.0,0.07819307595491409,0.07778333127498627,0.8527994155883789,-2.806914380926173e-06,0.014186656102538109,1.0952351093292236,-0.00019785595426000306,0.0015587025554850698,0.0025150056462734938,0.0027593981940299273,0.05083553493022919
260,model.layers.7.self_attn.k_proj.weight,512,1024,0.0009765625,0.001102366833947599,2.982292890548706,6.002891495882068e-06,0.7121809124946594,0.0007410012185573578,0.16586962342262268,0.23369744420051575,0.028176836669445038,0.6894637942314148,1.314779281616211,0.18508337438106537,18.850738525390625,-0.13188990950584412,0.00025742786237969995,0.058016132563352585,0.6099228262901306,0.10715776681900024,0.07327914983034134,0.21967212855815887,1.1225804090499878,,,,,,,,,,,,
260,model.layers.7.self_attn.v_proj.weight,512,1024,0.0009765625,0.0009214011370204389,2.0389490127563477,-0.001564576174132526,1.2943732738494873,0.0004883939982391894,0.14987114071846008,0.24428750574588776,0.005349331069737673,0.7255734801292419,1.453022837638855,0.15067791938781738,13.982906341552734,0.038287367671728134,0.0002742347423918545,0.010014117695391178,0.6356251835823059,0.1343996673822403,0.01892763189971447,0.2719937562942505,1.27302086353302,,,,,,,,,,,,
260,model.layers.7.self_attn.o_proj.weight,1024,2048,0.00048828125,0.0002706233353819698,2.228924512863159,-0.00045995571417734027,2.3171558380126953,5.631073145195842e-05,0.1182212233543396,0.42098599672317505,0.015073426067829132,0.6193135380744934,1.4268091917037964,0.25778794288635254,21.8865909576416,0.021340178325772285,0.000855029618833214,0.04155899956822395,0.7689305543899536,0.07474452257156372,0.059102270752191544,0.10458988696336746,1.2000385522842407,,,,,,,,,,,,
260,model.layers.15.self_attn.q_proj.weight,4096,1024,0.000244140625,0.00014621982700191438,3.2240242958068848,-0.000428679893957451,1.125752568244934,0.00026445111143402755,0.228532612323761,0.2133130133152008,0.003024930600076914,0.4251062273979187,1.5458213090896606,0.27597758173942566,23.975236892700195,-0.04347638040781021,0.0015205215895548463,0.07656196504831314,0.7054649591445923,0.09121537953615189,0.09468130767345428,0.1440071314573288,1.020448088645935,8.0,0.09115656465291977,0.07550052553415298,0.8466430306434631,1.0647670023899991e-05,0.009622186422348022,1.6058300733566284,0.0011065749047607547,0.0026416152250021696,0.0013243892462924123,-0.008836030028760433,0.05905859172344208
260,model.layers.15.self_attn.k_proj.weight,512,1024,0.0009765625,0.0007945096003822982,2.093388080596924,7.966403927639476e-07,1.1219455003738403,0.00022062986681703478,0.1720508337020874,0.33926117420196533,0.0046927789226174355,0.6626050472259521,1.4371455907821655,0.18959738314151764,11.662657737731934,0.014420723542571068,0.00028477824525907636,0.07617179304361343,0.6323559284210205,0.09661008417606354,0.09175267815589905,0.1752934604883194,0.6017951965332031,,,,,,,,,,,,
260,model.layers.15.self_attn.v_proj.weight,512,1024,0.0009765625,0.0015541199827566743,1.401396632194519,-0.0011321884812787175,1.2381439208984375,0.0001707391202216968,0.30726906657218933,0.1829097419977188,0.009562796913087368,0.46287769079208374,1.4525052309036255,0.18263736367225647,24.188064575195312,-0.04627685248851776,0.000353826442733407,0.02584306336939335,0.7080514430999756,0.11842644214630127,0.03740211948752403,0.18506981432437897,1.0613020658493042,,,,,,,,,,,,
260,model.layers.15.self_attn.o_proj.weight,1024,2048,0.00048828125,0.0004256616230122745,1.8321083784103394,-0.0004826239019166678,1.749434471130371,4.720397919300012e-05,0.12502644956111908,0.3977356553077698,0.016615338623523712,0.5399636626243591,1.4485931396484375,0.2266809493303299,49.852874755859375,0.009767740964889526,0.0009990691905841231,0.0383281335234642,0.7579304575920105,0.08507195860147476,0.05488945543766022,0.11884570121765137,1.2267671823501587,,,,,,,,,,,,
260,model.layers.19.self_attn.q_proj.weight,4096,1024,0.000244140625,0.0001442307693650946,1.9671324491500854,0.00021769954764749855,0.6771857142448425,0.00028707689489237964,0.19457073509693146,0.2513146698474884,0.006117896642535925,0.4196769595146179,1.5257936716079712,0.46394047141075134,4.01474142074585,-0.08026439696550369,0.0017557224491611123,0.38790443539619446,0.4514240622520447,0.0671880692243576,0.40081116557121277,0.10729919373989105,0.8517964482307434,8.0,0.07379912585020065,0.07542572915554047,0.8246734142303467,-2.9929854008514667e-06,0.00035798116005025804,0.5689064264297485,-0.008360734404099011,-0.0023494332563132048,0.0002881283580791205,-0.006134468130767345,0.07553570717573166
260,model.layers.19.self_attn.k_proj.weight,512,1024,0.0009765625,0.0010756350820884109,2.2021546363830566,-1.1192890269740019e-05,0.6450994610786438,0.0003838705306407064,0.22021301090717316,0.22863858938217163,0.008770294487476349,0.6339274644851685,1.3650270700454712,0.22855564951896667,16.121919631958008,-0.0659760981798172,0.0002732357825152576,0.01304424274712801,0.7192087769508362,0.06683316081762314,0.0433092825114727,0.13931182026863098,1.217368721961975,,,,,,,,,,,,
260,model.layers.19.self_attn.v_proj.weight,512,1024,0.0009765625,0.0005827374989166856,1.4170753955841064,-0.0018710304284468293,0.4693458378314972,0.0007601288380101323,0.13199692964553833,0.2617025673389435,0.005200687795877457,0.648942768573761,1.418587565422058,0.15998578071594238,30.707008361816406,0.00803984422236681,0.0004026893002446741,0.02043485827744007,0.8296586871147156,0.04713553935289383,0.0377262681722641,0.09130982309579849,1.141433596611023,,,,,,,,,,,,
260,model.layers.19.self_attn.o_proj.weight,1024,2048,0.00048828125,0.0004175537615083158,1.4213502407073975,-0.0005298650357872248,0.9851497411727905,6.653027230640873e-05,0.06435976177453995,0.4763396680355072,0.010523848235607147,0.572891354560852,1.4717388153076172,0.1906547099351883,64.7607192993164,-0.01995704136788845,0.0011949290055781603,0.014945906586945057,0.7571845054626465,0.10552582144737244,0.03083956427872181,0.14014314115047455,1.3249810934066772,,,,,,,,,,,,
260,model.layers.1.mlp.gate_proj.weight,3584,1024,0.00027901785714285713,0.0004030620912089944,2.9205567836761475,-0.00021387175365816802,0.6777557730674744,0.0002569647040218115,0.17738470435142517,0.30382081866264343,0.006324085872620344,0.5336076617240906,1.5236223936080933,0.2209213227033615,42.46926498413086,0.0388503335416317,0.0012765376595780253,0.021799493581056595,0.6450390815734863,0.2164068967103958,0.02948922850191593,0.27600952982902527,1.282096266746521,,,,,,,,,,,,
260,model.layers.1.mlp.up_proj.weight,3584,1024,0.00027901785714285713,0.00039689167169854045,2.5639612674713135,-0.0003668762801680714,1.224355697631836,0.00016229231550823897,0.15556731820106506,0.3402816653251648,0.013358110561966896,0.5098190307617188,1.5106905698776245,0.18476618826389313,50.721595764160156,-0.04161369055509567,0.0008758080657571554,0.019409267231822014,0.5687787532806396,0.275432825088501,0.026307936757802963,0.3461747169494629,1.3397003412246704,,,,,,,,,,,,
260,model.layers.1.mlp.down_proj.weight,1024,3584,0.00027901785714285713,0.0002590279618743807,4.862372875213623,-0.00035151251358911395,1.2748947143554688,0.00042009190656244755,0.1574087142944336,0.3352842628955841,0.010936054401099682,0.6292528510093689,1.4535443782806396,0.18630309402942657,62.589012145996094,0.04713623225688934,0.0008723789360374212,0.016885163262486458,0.613990068435669,0.23214763402938843,0.026394164189696312,0.28635191917419434,1.3387691974639893,8.0,0.07436782121658325,0.0750180333852768,0.8935443162918091,4.916072066407651e-05,0.07797633856534958,3.3479185104370117,0.0006304568997283248,0.004645098000764847,0.0044539254158735275,0.005253128707408905,0.056475378572940826
260,model.layers.12.mlp.gate_proj.weight,3584,1024,0.00027901785714285713,0.00020085286814719439,2.270703077316284,2.9155867053987095e-08,1.0709152221679688,0.0002666290383785963,0.16919764876365662,0.2671988308429718,0.003978228196501732,0.5778598189353943,1.5274388790130615,0.19736714661121368,43.021549224853516,0.10160484164953232,0.0011581088183447719,0.02039954625070095,0.7113081216812134,0.1485682874917984,0.028264105319976807,0.2117687165737152,1.3442211151123047,,,,,,,,,,,,
260,model.layers.12.mlp.up_proj.weight,3584,1024,0.00027901785714285713,0.00027967465575784445,2.184708833694458,0.0006291971658356488,1.8552987575531006,0.000599884195253253,0.1976950317621231,0.2759535014629364,0.010256530717015266,0.5114418268203735,1.5169391632080078,0.2109358012676239,23.821985244750977,0.009684769436717033,0.0008685385109856725,0.0253006462007761,0.6495737433433533,0.18748684227466583,0.03214794769883156,0.26216110587120056,1.351709008216858,,,,,,,,,,,,
260,model.layers.12.mlp.down_proj.weight,1024,3584,0.00027901785714285713,0.00023002880334388465,2.6738193035125732,0.0006062847678549588,1.994603157043457,0.00013347968342714012,0.18406453728675842,0.3157336711883545,0.014917154796421528,0.575556755065918,1.4088020324707031,0.21780981123447418,26.76079559326172,0.002319927327334881,0.0008526394958607852,0.019521871581673622,0.6855354309082031,0.1612461805343628,0.030855692923069,0.21028375625610352,1.3786433935165405,8.0,0.07926316559314728,0.08717156946659088,0.8625274896621704,0.0002133535745088011,0.28831470012664795,7.161228179931641,0.0007400024154685187,0.006703103892505169,0.010695411823689938,-0.0068097165785729885,0.05312882736325264
260,model.layers.22.mlp.gate_proj.weight,3584,1024,0.00027901785714285713,0.0002798595523927361,2.6181817054748535,-0.0008372543379664421,0.3801566958427429,0.001589817344211042,0.1817856729030609,0.2512754201889038,0.0091357147321105,0.5428608655929565,1.5228770971298218,0.19972026348114014,62.35813903808594,0.04940447583794594,0.001550706452690065,0.0377851240336895,0.6365309953689575,0.19707834720611572,0.04791385680437088,0.2605406939983368,1.0375603437423706,,,,,,,,,,,,
260,model.layers.22.mlp.up_proj.weight,3584,1024,0.00027901785714285713,0.0004471321008168161,2.7502453327178955,-0.0006187653634697199,0.8565793633460999,0.0006292603793554008,0.1673678159713745,0.30391526222229004,0.010819581337273121,0.5900994539260864,1.5115197896957397,0.2127365916967392,33.33958053588867,0.140253484249115,0.0010037027532234788,0.024324867874383926,0.6419022083282471,0.208490252494812,0.03078397549688816,0.2750210464000702,1.2622257471084595,,,,,,,,,,,,
260,model.layers.22.mlp.down_proj.weight,1024,3584,0.00027901785714285713,0.00037251709727570415,2.298412799835205,-0.0006630434654653072,0.8728364109992981,0.00019383344624657184,0.10800085216760635,0.41351595520973206,0.008090770803391933,0.575454592704773,1.4703617095947266,0.20904241502285004,27.89533233642578,0.0643167495727539,0.0009367185994051397,0.020567890256643295,0.6479099988937378,0.19971777498722076,0.030797354876995087,0.24879135191440582,1.274309754371643,8.0,0.08670024573802948,0.07766779512166977,0.8327785730361938,1.620994953555055e-05,0.014795460738241673,1.9023683071136475,0.0010956028894492527,0.0031523914076387882,0.0016558844363316894,-0.0010679967235773802,0.12330790609121323
260,model.layers.1.linear_attn.in_proj_qkv.weight,6144,1024,0.00016276041666666666,0.00013317380216903985,2.4575886726379395,-1.711901495582424e-05,0.5844413042068481,0.0007823178311809897,0.16524344682693481,0.29240021109580994,0.007410152815282345,0.5335947871208191,1.5394254922866821,0.21958491206169128,52.86601257324219,-0.014294479973614216,0.0020032047759741545,0.03292664885520935,0.6195743083953857,0.22160466015338898,0.045308131724596024,0.278664231300354,1.1137131452560425,8.0,0.07924722135066986,0.0741366297006607,0.896295964717865,1.7409431166015565e-05,0.007757318206131458,0.2978615164756775,0.0022442589956223513,0.00774032436311245,0.004020303953438997,0.0219071377068758,0.07665383070707321
260,model.layers.1.linear_attn.out_proj.weight,1024,2048,0.00048828125,0.0008766750688664615,1.312028408050537,0.0005683788331225514,1.5046871900558472,0.0005178776918910444,0.08883261680603027,0.4518849849700928,0.016846656799316406,0.629638671875,1.4236372709274292,0.23703846335411072,19.16907501220703,-0.05075174570083618,0.0009432719671167433,0.10650179535150528,0.6372666954994202,0.13035431504249573,0.1253703534603119,0.17465297877788544,0.9264922142028809,,,,,,,,,,,,
260,model.layers.12.linear_attn.in_proj_qkv.weight,6144,1024,0.00016276041666666666,8.287173841381446e-05,2.7223522663116455,-9.09985028556548e-05,0.950298011302948,0.0002768207632470876,0.16298805177211761,0.27107203006744385,0.002518872730433941,0.5843607783317566,1.553243637084961,0.26503485441207886,49.19747543334961,0.10112496465444565,0.002272927202284336,0.024061713367700577,0.7236818671226501,0.14880453050136566,0.03207838907837868,0.2037855088710785,1.3465368747711182,8.0,0.07538459450006485,0.07290378957986832,0.8620986342430115,5.967865945422091e-06,0.005111822858452797,0.6206172704696655,0.0011674633708313581,0.006012218538671732,0.001615358516573906,-0.01026090607047081,0.08185319602489471
260,model.layers.12.linear_attn.out_proj.weight,1024,2048,0.00048828125,0.0002953666844405234,2.1199939250946045,0.0005728564574383199,1.5328670740127563,3.986876254202798e-05,0.13748593628406525,0.3911678194999695,0.009903939440846443,0.6430968046188354,1.4385157823562622,0.228265181183815,35.702125549316406,0.07935208827257156,0.0008629816584289074,0.043888721615076065,0.7253329157829285,0.09379468858242035,0.07060043513774872,0.1358293741941452,1.008897066116333,,,,,,,,,,,,
260,model.layers.21.linear_attn.in_proj_qkv.weight,6144,1024,0.00016276041666666666,8.879621600499377e-05,2.905993700027466,0.00019811508536804467,0.32046207785606384,0.0007462693611159921,0.19557839632034302,0.2384510040283203,0.007495812606066465,0.5271937251091003,1.5363470315933228,0.20563480257987976,52.92808532714844,0.04807664081454277,0.002622297266498208,0.01795724406838417,0.674126148223877,0.19726824760437012,0.025932934135198593,0.2539050281047821,1.3489042520523071,8.0,0.09116420149803162,0.09213859587907791,0.859980046749115,1.1933231007787981e-06,0.0024440446868538857,0.06860162317752838,0.00048825748039611826,0.007401483599096537,0.009156662039458752,0.007719060406088829,0.05640345439314842
260,model.layers.21.linear_attn.out_proj.weight,1024,2048,0.00048828125,0.00023369082191493362,1.8278477191925049,-0.00016749626956880093,0.8859888315200806,0.00014095738879404962,0.15308734774589539,0.34246939420700073,0.008866261690855026,0.5139379501342773,1.4762400388717651,0.2218838781118393,29.974159240722656,-0.027836816385388374,0.0008707427186891437,0.017789732664823532,0.7118893265724182,0.14693936705589294,0.02653605118393898,0.19355256855487823,1.3585691452026367,,,,,,,,,,,,
280,model.layers.7.self_attn.q_proj.weight,4096,1024,0.000244140625,0.00011232523684157059,1.8507821559906006,-0.00010579806985333562,0.7310961484909058,0.0008235109271481633,0.17163312435150146,0.2769647240638733,0.006266363430768251,0.5248046517372131,1.5328257083892822,0.2572900652885437,20.28232192993164,0.05187446251511574,0.0015412161592394114,0.1326768398284912,0.6280704736709595,0.12380243837833405,0.14427463710308075,0.18066227436065674,0.922644317150116,8.0,0.07689470052719116,0.07976517081260681,0.8299654126167297,-6.0979873524047434e-06,0.007979820482432842,0.5557239055633545,-0.0007641760069451618,0.0002585648908279836,0.002076259581372142,0.022360848262906075,0.07391306012868881
280,model.layers.7.self_attn.k_proj.weight,512,1024,0.0009765625,0.0009047047351486981,2.8484585285186768,3.667040800792165e-06,0.5388345718383789,0.0008968701004050672,0.16107764840126038,0.26034048199653625,0.026089970022439957,0.6906101107597351,1.331376075744629,0.14641258120536804,19.961088180541992,0.014299003407359123,0.0002629616647027433,0.02436162531375885,0.6342533230781555,0.11300507932901382,0.043640609830617905,0.22402691841125488,1.0861791372299194,,,,,,,,,,,,
280,model.layers.7.self_attn.v_proj.weight,512,1024,0.0009765625,0.0009225239627994597,1.9177358150482178,-0.0014526254963129759,0.8213732242584229,0.0004343157052062452,0.12632599472999573,0.2594863474369049,0.0035470162983983755,0.7645189762115479,1.4473744630813599,0.14968419075012207,11.985503196716309,0.06853575259447098,0.00028369398205541074,0.0026192471850663424,0.6463546752929688,0.12829795479774475,0.012403462082147598,0.26855725049972534,1.3816717863082886,,,,,,,,,,,,
280,model.layers.7.self_attn.o_proj.weight,1024,2048,0.00048828125,0.0002188884827774018,1.880084753036499,-0.00045321701327338815,1.3992903232574463,4.8401150706922635e-05,0.12274768948554993,0.4096068739891052,0.01671186089515686,0.614957869052887,1.4268497228622437,0.20128394663333893,26.865936279296875,0.013766659423708916,0.0008217418799176812,0.036381784826517105,0.75273197889328,0.08508380502462387,0.055618904531002045,0.11789005994796753,1.130017876625061,,,,,,,,,,,,
280,model.layers.15.self_attn.q_proj.weight,4096,1024,0.000244140625,0.00014162644220050424,3.161799669265747,0.00025604787515476346,0.6349096298217773,0.00038642200524918735,0.21194741129875183,0.23582637310028076,0.004934911150485277,0.43460676074028015,1.540700078010559,0.33274614810943604,28.63631820678711,0.1505204290151596,0.0015993360430002213,0.14972326159477234,0.6466653943061829,0.08355329185724258,0.16846641898155212,0.13384757936000824,0.6684107184410095,8.0,0.05993426963686943,0.06847403198480606,0.8545587658882141,-1.4616322005167603e-05,-0.008417179808020592,0.5725229978561401,,-0.007286638952791691,-0.0021487425547093153,-0.002661410951986909,0.06555966287851334
280,model.layers.15.self_attn.k_proj.weight,512,1024,0.0009765625,0.0009351632907055318,4.420650005340576,-7.923285011202097e-06,0.5760390758514404,5.025881182518788e-05,0.2192641645669937,0.26740512251853943,0.004199807997792959,0.5819902420043945,1.462992548942566,0.17867419123649597,21.747385025024414,0.02632066048681736,0.0002793000021483749,0.01597888581454754,0.7057313919067383,0.08757994323968887,0.03380802273750305,0.16270382702350616,1.2881512641906738,,,,,,,,,,,,
280,model.layers.15.self_attn.v_proj.weight,512,1024,0.0009765625,0.0010118166683241725,1.883280634880066,0.0012539279414340854,0.5457477569580078,0.00021365564316511154,0.21306642889976501,0.23061852157115936,0.0033728235866874456,0.5940521955490112,1.4485225677490234,0.16930608451366425,21.530792236328125,-0.002877606777474284,0.00035583064891397953,0.0035794158466160297,0.7289460301399231,0.11708460748195648,0.013120332732796669,0.18881680071353912,1.395001769065857,,,,,,,,,,,,
280,model.layers.15.self_attn.o_proj.weight,1024,2048,0.00048828125,0.0006183881196193397,1.71243417263031,0.00034047619556076825,1.1881139278411865,1.9274802980362438e-05,0.07386969774961472,0.5277194380760193,0.008885687217116356,0.6700722575187683,1.444854974746704,0.25406256318092346,34.009521484375,0.12595780193805695,0.0010304027236998081,0.051625147461891174,0.750385046005249,0.08134118467569351,0.06793751567602158,0.11448904871940613,1.12075674533844,,,,,,,,,,,,
280,model.layers.19.self_attn.q_proj.weight,4096,1024,0.000244140625,0.00016707465692888945,2.3359198570251465,-0.00040406815242022276,0.4929548501968384,0.00042852797196246684,0.2160632163286209,0.24499991536140442,0.005987698677927256,0.4507066607475281,1.5300387144088745,0.29114997386932373,13.733036041259766,-0.02108001708984375,0.0015387533931061625,0.18248248100280762,0.602180540561676,0.09206058830022812,0.19810989499092102,0.14604724943637848,0.7916530966758728,8.0,0.068255715072155,0.07167664915323257,0.8484783172607422,-5.71345844946336e-06,-0.0017945513827726245,0.3510456681251526,,-0.00023872732708696276,-0.0009883531602099538,0.00169308390468359,0.07070102542638779
280,model.layers.19.self_attn.k_proj.weight,512,1024,0.0009765625,0.0010672904318198562,3.697197198867798,5.264052447273571e-07,0.44907933473587036,0.0003176272730343044,0.23277966678142548,0.23456211388111115,0.012288233265280724,0.5928494334220886,1.3440622091293335,0.16455265879631042,21.117733001708984,-0.09430977702140808,0.00026737325242720544,0.01211034320294857,0.701641321182251,0.07173483818769455,0.044293537735939026,0.14881251752376556,1.1496766805648804,,,,,,,,,,,,
280,model.layers.19.self_attn.v_proj.weight,512,1024,0.0009765625,0.0007688588229939342,1.7175778150558472,-0.0014547499595209956,0.38917556405067444,0.003252914873883128,0.1720186173915863,0.2371511310338974,0.014184989966452122,0.6098160743713379,1.413134217262268,0.17217235267162323,19.9022159576416,-0.057994868606328964,0.00041564818820916116,0.04008260369300842,0.8057482838630676,0.04911355674266815,0.057748422026634216,0.09560754150152206,1.0883070230484009,,,,,,,,,,,,
280,model.layers.19.self_attn.o_proj.weight,1024,2048,0.00048828125,0.000468964601168409,1.375386118888855,-0.00040698685916140676,0.8202105164527893,5.038010931457393e-05,0.06291552633047104,0.517364501953125,0.00677809864282608,0.6241500973701477,1.454872488975525,0.23290671408176422,58.43308639526367,-0.04499002918601036,0.0011888201115652919,0.018592417240142822,0.7572721242904663,0.10719433426856995,0.0319807231426239,0.14208592474460602,1.3690379858016968,,,,,,,,,,,,
280,model.layers.1.mlp.gate_proj.weight,3584,1024,0.00027901785714285713,0.0002419264055788517,3.1333489418029785,0.0002490706101525575,0.48236435651779175,0.0003970087564084679,0.17516465485095978,0.30642905831336975,0.008330940268933773,0.5316283702850342,1.5167120695114136,0.22952529788017273,42.65022277832031,0.04652704298496246,0.0012489276705309749,0.031075963750481606,0.6098792552947998,0.23834733664989471,0.03725826367735863,0.30282673239707947,1.1777095794677734,,,,,,,,,,,,
280,model.layers.1.mlp.up_proj.weight,3584,1024,0.00027901785714285713,0.00021868833573535085,2.629693031311035,0.0001256385730812326,0.8548182845115662,6.175787711981684e-05,0.15759797394275665,0.3237973749637604,0.007484114728868008,0.4987197518348694,1.5126482248306274,0.17837291955947876,47.8640022277832,0.008516119793057442,0.0008862825925461948,0.03902357071638107,0.5421562790870667,0.27422213554382324,0.045914798974990845,0.3490994870662689,1.215294599533081,,,,,,,,,,,,
280,model.layers.1.mlp.down_proj.weight,1024,3584,0.00027901785714285713,0.0002637421421241015,4.917233467102051,0.00012486794730648398,0.8672212362289429,0.0010057470062747598,0.1664995551109314,0.3105815351009369,0.01286141388118267,0.5998716354370117,1.4520623683929443,0.16378134489059448,55.701332092285156,-0.014351386576890945,0.0008682672632858157,0.017214173451066017,0.599490225315094,0.23778769373893738,0.02755080722272396,0.2946212887763977,1.3436390161514282,8.0,0.0739879310131073,0.07365327328443527,0.8853761553764343,-1.2258456990821287e-05,0.005747726187109947,1.592733383178711,-0.0021327489500652507,-0.0006004542810842395,0.0006913167890161276,0.0007920154603198171,0.04358206316828728
280,model.layers.12.mlp.gate_proj.weight,3584,1024,0.00027901785714285713,0.000186810691957362,2.6718626022338867,0.0012785583967342973,0.594592809677124,0.000792140606790781,0.17959104478359222,0.25899630784988403,0.006472786422818899,0.5763078331947327,1.5275092124938965,0.20690108835697174,33.43793869018555,-0.0639701783657074,0.0012041740119457245,0.031142976135015488,0.7160204648971558,0.13708607852458954,0.039948612451553345,0.19498077034950256,1.2910654544830322,,,,,,,,,,,,
280,model.layers.12.mlp.up_proj.weight,3584,1024,0.00027901785714285713,0.0002899940009228885,2.4580962657928467,0.0005359265487641096,1.0068367719650269,0.00034640877856872976,0.22016935050487518,0.25401854515075684,0.008450674824416637,0.49319684505462646,1.5129737854003906,0.18487250804901123,20.01106071472168,0.04421486705541611,0.0008658837177790701,0.014434922486543655,0.6457294225692749,0.1981036216020584,0.021745048463344574,0.274581640958786,1.4343305826187134,,,,,,,,,,,,
280,model.layers.12.mlp.down_proj.weight,1024,3584,0.00027901785714285713,0.00028478424064815044,4.11727237701416,0.0005225051427260041,1.0694242715835571,9.006362233776599e-05,0.18935076892375946,0.3097696900367737,0.013045266270637512,0.5665355324745178,1.4501781463623047,0.20123878121376038,23.144941329956055,-0.017480192705988884,0.0008435872150585055,0.032454878091812134,0.6505076885223389,0.1756666600704193,0.04593199864029884,0.22562454640865326,1.256956934928894,8.0,0.07104054093360901,0.06962595134973526,0.881739616394043,6.45593991066562e-06,-0.00298674451187253,2.509871006011963,,-0.0017685169586911798,-7.06797291059047e-05,0.004079131875187159,0.05130913108587265
280,model.layers.22.mlp.gate_proj.weight,3584,1024,0.00027901785714285713,0.00029234145767986774,2.638554573059082,-0.0005793420132249594,0.3262796401977539,0.0006273730541579425,0.18179307878017426,0.2510039806365967,0.006675731390714645,0.5410128235816956,1.5232446193695068,0.19560010731220245,29.16545867919922,0.004751805681735277,0.0015795259969308972,0.05274815857410431,0.6340395212173462,0.17203208804130554,0.06675802171230316,0.23424303531646729,1.0519837141036987,,,,,,,,,,,,
280,model.layers.22.mlp.up_proj.weight,3584,1024,0.00027901785714285713,0.0003648296988103539,2.794358968734741,-0.0006542920600622892,0.7160463333129883,0.0003241796512156725,0.1735759675502777,0.2987768352031708,0.010166694410145283,0.5812879800796509,1.5094140768051147,0.1944863349199295,29.475805282592773,-0.03913770988583565,0.0009851468494161963,0.014969746582210064,0.6370785236358643,0.22149530053138733,0.021917078644037247,0.28610870242118835,1.406237006187439,,,,,,,,,,,,
280,model.layers.22.mlp.down_proj.weight,1024,3584,0.00027901785714285713,0.00038842123467475176,2.1645238399505615,-0.000678031996358186,0.7526206374168396,0.00032780045876279473,0.10146035999059677,0.40880119800567627,0.008795195259153843,0.5520520806312561,1.4624048471450806,0.21312285959720612,26.807649612426758,0.0665569081902504,0.000944159459322691,0.038723286241292953,0.5978407859802246,0.22044450044631958,0.05327532812952995,0.2707032263278961,1.1804325580596924,8.0,0.0704273134469986,0.06945411115884781,0.8274347186088562,3.250323425163515e-05,0.005182912107557058,1.6606427431106567,0.00627123006856379,0.00045916636008769274,9.702676470624283e-05,-0.0019092658767476678,0.13045158982276917
280,model.layers.1.linear_attn.in_proj_qkv.weight,6144,1024,0.00016276041666666666,0.00012393893848638982,2.55830979347229,-0.0005498568643815815,0.3947349488735199,0.0006785094155929983,0.17789781093597412,0.2655837833881378,0.00740762148052454,0.5152822136878967,1.532645344734192,0.23388585448265076,39.519325256347656,0.0036972896195948124,0.002026370959356427,0.035092759877443314,0.6287322640419006,0.22485534846782684,0.04384548217058182,0.2781858742237091,1.1219233274459839,8.0,0.06727490574121475,0.07467122375965118,0.8843064308166504,-2.724143769228249e-06,0.0008174778195098042,0.14225205779075623,-0.0033323763706050954,-0.0037556097377091646,0.0010731632355600595,0.0028999862261116505,0.04300541430711746
280,model.layers.1.linear_attn.out_proj.weight,1024,2048,0.00048828125,0.0007036073948256671,1.3622771501541138,-8.952089410740882e-05,1.0433037281036377,0.0007603212143294513,0.09574110060930252,0.4265766441822052,0.016165930777788162,0.5879169702529907,1.4340614080429077,0.15858380496501923,17.020057678222656,0.029925493523478508,0.0009428703342564404,0.1185886412858963,0.6240717768669128,0.12516818940639496,0.13993866741657257,0.16969002783298492,1.0605313777923584,,,,,,,,,,,,
280,model.layers.12.linear_attn.in_proj_qkv.weight,6144,1024,0.00016276041666666666,7.272470247698948e-05,2.3022491931915283,0.00039199728053063154,0.5731522440910339,0.00041727512143552303,0.15904168784618378,0.27086472511291504,0.0033930379431694746,0.5967313647270203,1.5514622926712036,0.23977667093276978,43.39796829223633,-0.020476289093494415,0.0022876544389873743,0.04233423247933388,0.698157548904419,0.1521138697862625,0.051954496651887894,0.20541822910308838,1.189225435256958,8.0,0.07682530581951141,0.06597895175218582,0.8531910181045532,1.792319835658418e-06,0.00048336241161450744,0.25459399819374084,0.0037080248537981766,0.0003847117768600583,0.0007942132651805878,-0.014539124444127083,0.0748133510351181
280,model.layers.12.linear_attn.out_proj.weight,1024,2048,0.00048828125,0.00032915876363404095,2.3368899822235107,-6.0039321397198364e-05,0.8724905252456665,2.797182423819322e-05,0.15310673415660858,0.3720492124557495,0.00693802535533905,0.6098754405975342,1.4617704153060913,0.21498921513557434,31.253395080566406,-0.0043195397593081,0.0008416944183409214,0.06802120059728622,0.6906028389930725,0.10009946674108505,0.09572644531726837,0.1433127075433731,0.8785372972488403,,,,,,,,,,,,
280,model.layers.21.linear_attn.in_proj_qkv.weight,6144,1024,0.00016276041666666666,0.00013062993821222335,2.767906427383423,0.0005129467463120818,0.22550490498542786,0.0019398004515096545,0.196879580616951,0.23189274966716766,0.011962870135903358,0.4958146810531616,1.5357917547225952,0.21767421066761017,55.34413146972656,-0.015566844493150711,0.002644544467329979,0.01726049929857254,0.6679251790046692,0.20719188451766968,0.02396991290152073,0.263468474149704,1.3593075275421143,8.0,0.07633194327354431,0.07371748238801956,0.8305880427360535,-2.16116836782021e-06,-0.000470206665340811,0.05698009952902794,,-0.002625584602355957,-0.0016933920560404658,-0.0007653625216335058,0.04589349403977394
280,model.layers.21.linear_attn.out_proj.weight,1024,2048,0.00048828125,0.00032209488563239574,2.246527910232544,0.0011170776560902596,0.4907451868057251,0.00010951135482173413,0.13223138451576233,0.3795398771762848,0.007526075001806021,0.5604239106178284,1.480169653892517,0.21340051293373108,26.92640495300293,-0.022540612146258354,0.0008732493151910603,0.033540189266204834,0.6883166432380676,0.14852026104927063,0.043501999229192734,0.1979202777147293,1.2132656574249268,,,,,,,,,,,,
300,model.layers.7.self_attn.q_proj.weight,4096,1024,0.000244140625,9.388553007738665e-05,1.9490915536880493,-0.0005438786465674639,0.6482563018798828,0.0007687020697630942,0.16682368516921997,0.2841094732284546,0.00687204347923398,0.5475337505340576,1.5356419086456299,0.25065770745277405,32.025535583496094,-0.0029130515176802874,0.001537188421934843,0.06577908247709274,0.6823491454124451,0.1344694197177887,0.07934319972991943,0.18861518800258636,1.1074689626693726,8.0,0.07209068536758423,0.07348576188087463,0.8783528804779053,-1.2476006077122292e-06,0.006614313460886478,0.3919164538383484,-0.00018862133085918497,-0.004079760517925024,0.0017132287612184882,0.013105202466249466,0.06835503876209259
300,model.layers.7.self_attn.k_proj.weight,512,1024,0.0009765625,0.00141849834471941,3.8613083362579346,-1.667878677835688e-05,0.4518188536167145,0.0048055523075163364,0.14567714929580688,0.25934070348739624,0.02711818926036358,0.7170718908309937,1.321640133857727,0.19770511984825134,16.703126907348633,0.05819281190633774,0.00026232728851027787,0.06730924546718597,0.611566424369812,0.10588530451059341,0.08149933815002441,0.21375437080860138,1.0064811706542969,,,,,,,,,,,,
300,model.layers.7.self_attn.v_proj.weight,512,1024,0.0009765625,0.0008038504747673869,1.7450913190841675,-1.2821848031308036e-05,0.8266344666481018,0.000367703236406669,0.1377357393503189,0.25071877241134644,0.003716923762112856,0.7460373640060425,1.4493664503097534,0.13140937685966492,14.427748680114746,-0.03484085202217102,0.00027214648434892297,0.002263336908072233,0.6513242125511169,0.1303546130657196,0.010118011385202408,0.2625594437122345,1.419323205947876,,,,,,,,,,,,
300,model.layers.7.self_attn.o_proj.weight,1024,2048,0.00048828125,0.00023055289057083428,1.9698097705841064,-1.6474592712256708e-07,1.3432985544204712,9.321289689978585e-05,0.1331057995557785,0.37484410405158997,0.024117862805724144,0.5511459708213806,1.4268219470977783,0.21305842697620392,32.01218795776367,0.043434713035821915,0.000843494723085314,0.04401015117764473,0.744096577167511,0.08155502378940582,0.0684959888458252,0.1126735582947731,1.136081337928772,,,,,,,,,,,,
300,model.layers.15.self_attn.q_proj.weight,4096,1024,0.000244140625,0.00014977139653638005,3.3597605228424072,0.0003744167333934456,0.6252722144126892,0.0003965692303609103,0.21035298705101013,0.23637278378009796,0.004920906387269497,0.43304479122161865,1.5431479215621948,0.3108175992965698,14.373746871948242,0.0500330775976181,0.0016215471550822258,0.19733646512031555,0.6060100793838501,0.08359435945749283,0.21054501831531525,0.13356280326843262,0.7861987948417664,8.0,0.06384182721376419,0.0652865394949913,0.8943145275115967,-3.4815157050616108e-06,-0.0008761502103880048,0.5165388584136963,,-0.001352639403194189,-0.0002202838659286499,-0.002802070463076234,0.053230199962854385
300,model.layers.15.self_attn.k_proj.weight,512,1024,0.0009765625,0.0008670309907756746,4.109713554382324,-1.4619036846852396e-05,0.5606350898742676,9.092818800127134e-05,0.22015616297721863,0.2735461890697479,0.003951707389205694,0.578709065914154,1.4682352542877197,0.17069655656814575,18.62192153930664,-0.006732519716024399,0.0002800647635012865,0.03479735925793648,0.6779471635818481,0.08922619372606277,0.05775272473692894,0.16271047294139862,1.1438466310501099,,,,,,,,,,,,
300,model.layers.15.self_attn.v_proj.weight,512,1024,0.0009765625,0.0008754361188039184,1.6355880498886108,-0.0018015858950093389,0.6141795516014099,9.455958934267983e-05,0.20165802538394928,0.26036393642425537,0.004954836331307888,0.6282246112823486,1.4542195796966553,0.15872564911842346,18.382375717163086,0.0523318313062191,0.0003596238966565579,0.006376375909894705,0.7310178279876709,0.11079376190900803,0.01857020892202854,0.18254759907722473,1.2918262481689453,,,,,,,,,,,,
300,model.layers.15.self_attn.o_proj.weight,1024,2048,0.00048828125,0.0004800403257831931,1.6989903450012207,-0.0005908599705435336,1.1245027780532837,2.8011649192194454e-05,0.09073512256145477,0.45769569277763367,0.010204841382801533,0.5755873322486877,1.445651650428772,0.2284170538187027,37.2681770324707,0.052489716559648514,0.0010320597793906927,0.027091827243566513,0.7772988677024841,0.08141858130693436,0.04308732971549034,0.11434397101402283,1.2477949857711792,,,,,,,,,,,,
300,model.layers.19.self_attn.q_proj.weight,4096,1024,0.000244140625,0.0001740579173201695,2.697772264480591,-0.0006537269218824804,0.3931906819343567,0.0004390202811919153,0.20561541616916656,0.25161296129226685,0.006585728842765093,0.4528726637363434,1.5300575494766235,0.2780342698097229,22.490880966186523,-0.006456975359469652,0.0015237076440826058,0.14089776575565338,0.6263092756271362,0.0938011184334755,0.1596883237361908,0.15179994702339172,0.7719491720199585,8.0,0.06230542063713074,0.0660269632935524,0.8855020999908447,-5.558008979278384e-06,-0.0030557182617485523,0.21988019347190857,,-0.000257242179941386,-0.0008588887867517769,0.0033708480186760426,0.08374743163585663
300,model.layers.19.self_attn.k_proj.weight,512,1024,0.0009765625,0.0011215581325814128,3.0484538078308105,-7.50807748772786e-06,0.3994240164756775,0.00043657227070070803,0.24628402292728424,0.22922936081886292,0.0129844443872571,0.5680519342422485,1.3714226484298706,0.2003774344921112,15.523058891296387,-0.07187875360250473,0.00027420156402513385,0.00779115641489625,0.7206183075904846,0.06940957903862,0.03436797857284546,0.14536131918430328,1.2198129892349243,,,,,,,,,,,,
300,model.layers.19.self_attn.v_proj.weight,512,1024,0.0009765625,0.0007306446204893291,1.5044597387313843,-0.0007418863824568689,0.3688748776912689,0.001672921935096383,0.14156444370746613,0.26046690344810486,0.007457612082362175,0.6694350242614746,1.4361575841903687,0.15821462869644165,19.95296859741211,-0.07109791785478592,0.00041934233740903437,0.021426500752568245,0.829657793045044,0.04765341803431511,0.03429500013589859,0.0960337296128273,1.1866111755371094,,,,,,,,,,,,
300,model.layers.19.self_attn.o_proj.weight,1024,2048,0.00048828125,0.0005581025616265833,1.346054196357727,-0.0002086055901600048,0.7746285200119019,6.82261015754193e-05,0.054847847670316696,0.558590292930603,0.006451946683228016,0.6614670753479004,1.4662576913833618,0.23061291873455048,43.72169494628906,0.033638644963502884,0.0011860693339258432,0.007912964560091496,0.7655210494995117,0.11047325283288956,0.02000705525279045,0.14708788692951202,1.421897530555725,,,,,,,,,,,,
300,model.layers.1.mlp.gate_proj.weight,3584,1024,0.00027901785714285713,0.0002616958227008581,3.0935416221618652,0.00013085390673950315,0.4889090359210968,0.0003182288201060146,0.18191444873809814,0.29626086354255676,0.0077017745934426785,0.528948187828064,1.5241063833236694,0.2517070472240448,23.30827522277832,0.02406209707260132,0.0013044605730101466,0.05494549125432968,0.6210729479789734,0.21073000133037567,0.06196936219930649,0.26917266845703125,1.1488360166549683,,,,,,,,,,,,
300,model.layers.1.mlp.up_proj.weight,3584,1024,0.00027901785714285713,0.0003215951146557927,2.6311492919921875,0.00048179144505411386,0.8706527352333069,0.00012908874487038702,0.16053736209869385,0.3372516632080078,0.010147511959075928,0.5134358406066895,1.5085731744766235,0.20515646040439606,44.81838607788086,-0.190925732254982,0.0008825444965623319,0.03819701820611954,0.5433831810951233,0.2842128276824951,0.044639814645051956,0.3533055782318115,1.2563831806182861,,,,,,,,,,,,
300,model.layers.1.mlp.down_proj.weight,1024,3584,0.00027901785714285713,0.00027238644543103874,6.555118560791016,0.0004857238382101059,0.8595912456512451,0.0010021472116932273,0.17800387740135193,0.30374640226364136,0.015212548896670341,0.5773921608924866,1.4237957000732422,0.18318897485733032,59.20556640625,0.004374144598841667,0.0008694087155163288,0.019171977415680885,0.6016176342964172,0.23872675001621246,0.029019173234701157,0.29415497183799744,1.2459242343902588,8.0,0.06876379251480103,0.0694783627986908,0.886707603931427,-3.7793133742525242e-06,0.0009326260769739747,1.713309407234192,-0.004052335086442139,0.003487374633550644,0.00021396939700935036,-0.013531011529266834,0.024605128914117813
300,model.layers.12.mlp.gate_proj.weight,3584,1024,0.00027901785714285713,0.00019311260257381946,2.655052661895752,0.00029554893262684345,0.5777563452720642,0.0009108907543122768,0.18035954236984253,0.25487712025642395,0.006633182056248188,0.5643669366836548,1.5265576839447021,0.2118419110774994,42.0418815612793,-0.02458237297832966,0.0011724350042641163,0.031140154227614403,0.7089210748672485,0.14296290278434753,0.040780261158943176,0.2012971043586731,1.235044240951538,,,,,,,,,,,,
300,model.layers.12.mlp.up_proj.weight,3584,1024,0.00027901785714285713,0.0002664322964847088,2.5808019638061523,-5.569776476477273e-05,0.9811376333236694,0.00041365460492670536,0.20005787909030914,0.28193172812461853,0.00998093094676733,0.528566837310791,1.5149023532867432,0.1833961308002472,22.20005226135254,0.031053772196173668,0.0008399088401347399,0.02838897705078125,0.622924268245697,0.19822663068771362,0.03738325089216232,0.2774140238761902,1.2136703729629517,,,,,,,,,,,,
300,model.layers.12.mlp.down_proj.weight,1024,3584,0.00027901785714285713,0.0002821438538376242,4.83260440826416,-5.5191318097058684e-05,1.0038396120071411,0.00012898759450763464,0.20007330179214478,0.29440322518348694,0.018786268308758736,0.5375205874443054,1.4146614074707031,0.19831308722496033,28.793121337890625,0.00477423332631588,0.0008640956366434693,0.04333671182394028,0.6546753644943237,0.16801053285598755,0.05734840780496597,0.21593374013900757,1.0975559949874878,8.0,0.06257708370685577,0.06773580610752106,0.9107486009597778,2.988784763147123e-05,0.01348741352558136,2.1062965393066406,0.002215980667811766,0.0006742042023688555,0.000950260495301336,-0.0025511854328215122,0.03086235001683235
300,model.layers.22.mlp.gate_proj.weight,3584,1024,0.00027901785714285713,0.00027905646129511297,2.731950044631958,0.0025189567822963,0.30859890580177307,0.00047151584294624627,0.17731861770153046,0.26291173696517944,0.006095611024647951,0.5645742416381836,1.5216871500015259,0.21094408631324768,53.14084243774414,-0.05058283358812332,0.0015883537707850337,0.0484248511493206,0.6330039501190186,0.18500985205173492,0.05941402167081833,0.24830855429172516,1.0239330530166626,,,,,,,,,,,,
300,model.layers.22.mlp.up_proj.weight,3584,1024,0.00027901785714285713,0.00025408485089428723,2.5828332901000977,0.001819831901229918,0.7295163869857788,0.0009112991974689066,0.17967666685581207,0.28355124592781067,0.013742663897573948,0.5541160106658936,1.507704257965088,0.18010768294334412,29.063947677612305,-0.014503729529678822,0.0009683648240752518,0.015611781738698483,0.6318852305412292,0.21875983476638794,0.02205672301352024,0.2893372178077698,1.3686952590942383,,,,,,,,,,,,
300,model.layers.22.mlp.down_proj.weight,1024,3584,0.00027901785714285713,0.00039213892887346447,2.191681146621704,0.0019845953211188316,0.730173647403717,0.00012539292220026255,0.10335846990346909,0.41400954127311707,0.005125644616782665,0.5859839916229248,1.4696424007415771,0.18823376297950745,22.449113845825195,-0.036921970546245575,0.0009240598301403224,0.011832795105874538,0.6169606447219849,0.22718466818332672,0.023164205253124237,0.28176349401474,1.3324133157730103,8.0,0.0723796859383583,0.06793105602264404,0.857177734375,2.791741098917555e-05,0.012735206633806229,1.4392629861831665,0.002192144328076108,0.0066946423612535,0.000810516532510519,0.002493572421371937,0.11570962518453598
300,model.layers.1.linear_attn.in_proj_qkv.weight,6144,1024,0.00016276041666666666,0.0001221708080265671,2.401732921600342,-1.7396227121935226e-05,0.44908949732780457,0.0005976295797154307,0.17672975361347198,0.2814464569091797,0.006999097298830748,0.5175652503967285,1.5378906726837158,0.23484356701374054,20.19532585144043,-0.012321905232965946,0.002005085814744234,0.07230738550424576,0.6025034189224243,0.21138280630111694,0.08075574040412903,0.2664119601249695,1.1233242750167847,8.0,0.07071854919195175,0.07047892361879349,0.878957211971283,-3.472803200565977e-06,-0.00032810273114591837,0.20196446776390076,,-0.004372346214950085,0.00037797255208715796,-0.007050167769193649,0.04796928912401199
300,model.layers.1.linear_attn.out_proj.weight,1024,2048,0.00048828125,0.00020791226415894926,1.4536105394363403,-4.49594299425371e-05,0.9922829270362854,0.00016657463856972754,0.11835496872663498,0.3743378520011902,0.00916956178843975,0.5430065393447876,1.4377765655517578,0.18761523067951202,30.672557830810547,0.07883081585168839,0.0009164355578832328,0.0636637881398201,0.6666618585586548,0.13418175280094147,0.08144249767065048,0.18138274550437927,0.9542511105537415,,,,,,,,,,,,
300,model.layers.12.linear_attn.in_proj_qkv.weight,6144,1024,0.00016276041666666666,7.184254354797304e-05,2.1284728050231934,-3.452678720350377e-05,0.6223545670509338,0.0004747753555420786,0.15290875732898712,0.2724189758300781,0.00338146835565567,0.6005531549453735,1.5527875423431396,0.290455162525177,51.36660385131836,0.06616973131895065,0.0023104012943804264,0.02652108483016491,0.7225291728973389,0.15217413008213043,0.034419212490320206,0.20406270027160645,1.3282545804977417,8.0,0.06696917861700058,0.06997320801019669,0.8787894248962402,5.1628894652822055e-06,0.002525147283449769,0.23019573092460632,0.002044589438057983,1.1675282621581573e-05,0.0012436474207788706,0.0008001449168659747,0.087541364133358
300,model.layers.12.linear_attn.out_proj.weight,1024,2048,0.00048828125,0.0003296450595371425,2.318366527557373,-0.0005675639258697629,0.837710976600647,7.872238347772509e-05,0.17074689269065857,0.33266034722328186,0.020251499488949776,0.5493302345275879,1.4283326864242554,0.24593055248260498,20.160078048706055,-0.01583198271691799,0.0008663292392157018,0.060433533042669296,0.7104324698448181,0.08882457762956619,0.08973891288042068,0.12977296113967896,1.1680463552474976,,,,,,,,,,,,
300,model.layers.21.linear_attn.in_proj_qkv.weight,6144,1024,0.00016276041666666666,9.792381024453789e-05,2.800027370452881,-0.00021635140001308173,0.19741643965244293,0.0005046033184044063,0.18243061006069183,0.25615569949150085,0.004688668996095657,0.5449712872505188,1.5438021421432495,0.2368459403514862,65.20108795166016,0.11449961364269257,0.0026933264452964067,0.028112061321735382,0.6660764813423157,0.19414299726486206,0.037741973996162415,0.24849602580070496,1.193187952041626,8.0,0.06491116434335709,0.0670085921883583,0.8850847482681274,3.538220596510655e-07,0.00031202324316836894,0.0356578566133976,0.0011339605859430855,-0.000286030670395121,0.0015845994930714369,-0.002532567596063018,0.05672505870461464
300,model.layers.21.linear_attn.out_proj.weight,1024,2048,0.00048828125,0.0003375170344952494,2.6548473834991455,0.0003576825838536024,0.4901729226112366,0.00014265433128457516,0.13482703268527985,0.3691115975379944,0.007124087307602167,0.5421774983406067,1.4775278568267822,0.20990176498889923,24.226661682128906,0.07254492491483688,0.0008661412284709513,0.031126154586672783,0.685196578502655,0.149813711643219,0.04100997745990753,0.20062735676765442,1.2002718448638916,,,,,,,,,,,,
