step,matrix,m,n,r_null,G_r_spectrum,G_stable_rank_G,G_alignment_GW,G_G_fro,G_energy_top,G_energy_mid,G_energy_tail,G_energy_top_rows,G_energy_tail_rows,G_pangle_Gtop_Wtop_mean,H_r_spectrum,H_stable_rank_G,H_alignment_GW,H_G_fro,H_energy_top,H_energy_mid,H_energy_tail,H_energy_top_rows,H_energy_tail_rows,H_pangle_Gtop_Wtop_mean,snr_diag_median,snr_offdiag_median,spearman_absC_snr
25,model.layers.7.self_attn.q_proj.weight,4096,1024,0.000244140625,0.00014201641897670925,2.4348249435424805,0.0011160187423229218,0.40564286708831787,0.0013951635919511318,0.16517283022403717,0.2796171009540558,0.009277572855353355,0.552884042263031,1.5359214544296265,0.0001675180537858978,5.66128396987915,9.82141136773862e-05,0.0003081923059653491,7.100868970155716e-05,0.1637001782655716,0.34092527627944946,0.006229031831026077,0.5454550385475159,1.5383609533309937,0.07138097286224365,0.06690265238285065,0.902307391166687
25,model.layers.7.self_attn.k_proj.weight,512,1024,0.0009765625,0.0009667316917330027,3.9169020652770996,-4.082144187123049e-06,0.2702128291130066,0.0010037232423201203,0.16013266146183014,0.2558642625808716,0.02372163161635399,0.6985741853713989,1.3323009014129639,0.0006757281953468919,4.6138081550598145,0.00022755615646019578,0.0001272352528758347,0.00011294388241367415,0.13358965516090393,0.3663433790206909,0.00838380865752697,0.6960671544075012,1.4324238300323486,,,
25,model.layers.7.self_attn.v_proj.weight,512,1024,0.0009765625,0.0007536177872680128,1.689064383506775,-0.0001687358453636989,0.5997019410133362,0.00012561400944832712,0.13997115194797516,0.25233194231987,0.0017247911309823394,0.7278724312782288,1.4733126163482666,0.0005887732258997858,2.3102662563323975,-0.0001368681841995567,0.00014203920727595687,0.00015857123071327806,0.1925872415304184,0.2940077781677246,0.0074629224836826324,0.5427902936935425,1.4552868604660034,,,
25,model.layers.7.self_attn.o_proj.weight,1024,2048,0.00048828125,0.00022250534675549716,1.9420053958892822,-5.2938044973416254e-05,0.9699823260307312,2.5379646103829145e-05,0.146063432097435,0.35002583265304565,0.011889683082699776,0.507325291633606,1.4350956678390503,0.000472199113573879,11.624853134155273,2.0642975869122893e-05,0.00011365305545041338,4.900385465589352e-05,0.16793891787528992,0.3341088891029358,0.0062383501790463924,0.6344895362854004,1.510985255241394,,,
25,model.layers.15.self_attn.q_proj.weight,4096,1024,0.000244140625,0.00013339701399672776,2.95534348487854,0.00010496487084310502,0.4300951063632965,0.0003621997020673007,0.21225406229496002,0.23541520535945892,0.004006620030850172,0.4448584020137787,1.549989104270935,0.00015874671225901693,8.131235122680664,-1.2174256880825851e-05,0.00027858951943926513,4.874168735113926e-05,0.19591447710990906,0.28496038913726807,0.0036747551057487726,0.4767637252807617,1.5546966791152954,0.06341291218996048,0.06650113314390182,0.8951827883720398
25,model.layers.15.self_attn.k_proj.weight,512,1024,0.0009765625,0.0010718433186411858,3.5444297790527344,1.0935368663922418e-06,0.3706895411014557,5.518309262697585e-05,0.24661317467689514,0.2470601350069046,0.0037683097179979086,0.5534794330596924,1.4836658239364624,0.0008127882611006498,5.947145462036133,-8.719752804609016e-05,0.00010258580732624978,5.0706250476650894e-05,0.16025610268115997,0.33256229758262634,0.00386572047136724,0.654018223285675,1.5176795721054077,,,
25,model.layers.15.self_attn.v_proj.weight,512,1024,0.0009765625,0.0008943952852860093,1.825013279914856,0.0011350566055625677,0.3551263213157654,0.00023057576618157327,0.15491482615470886,0.2785985767841339,0.004078991711139679,0.7035353779792786,1.4545385837554932,0.0006547994562424719,3.5420570373535156,7.795137207722291e-05,0.00013213448983151466,5.691845217370428e-05,0.16711373627185822,0.3316463828086853,0.007328978274017572,0.5506131052970886,1.4340866804122925,,,
25,model.layers.15.self_attn.o_proj.weight,1024,2048,0.00048828125,0.00041148511809296906,1.8033627271652222,0.00039102506707422435,0.6199355721473694,3.123178976238705e-05,0.08711978048086166,0.45703572034835815,0.011739158071577549,0.5763542652130127,1.4250215291976929,0.00048410624731332064,8.939159393310547,-3.771549017983489e-05,0.00011971688218181953,5.4423602705355734e-05,0.1566050946712494,0.3761956989765167,0.00747264176607132,0.6136507391929626,1.4849743843078613,,,
25,model.layers.19.self_attn.q_proj.weight,4096,1024,0.000244140625,0.00014562404248863459,2.878114938735962,3.6681565688923e-05,0.2659744322299957,0.0001788195950211957,0.21626143157482147,0.23855961859226227,0.00601789029315114,0.4543740749359131,1.5297468900680542,0.00019895637524314225,6.051475524902344,-4.425079532666132e-05,0.00029835247551091015,5.846209023729898e-05,0.17204828560352325,0.32126858830451965,0.0038830998819321394,0.5087401866912842,1.5439538955688477,0.06741044670343399,0.07290615141391754,0.8825215697288513
25,model.layers.19.self_attn.k_proj.weight,512,1024,0.0009765625,0.0010721853468567133,3.269296169281006,1.0187687621510122e-05,0.2605220377445221,0.0005812787567265332,0.24473387002944946,0.2348746806383133,0.013229550793766975,0.557110071182251,1.3694896697998047,0.0008281843620352447,5.554442405700684,-0.0002864593989215791,0.00014402873057406396,8.701782644493505e-05,0.19180864095687866,0.2840323746204376,0.007041215430945158,0.603812575340271,1.4508862495422363,,,
25,model.layers.19.self_attn.v_proj.weight,512,1024,0.0009765625,0.0005774062592536211,1.6113003492355347,-0.001250548753887415,0.17712697386741638,0.00039926517638377845,0.11817838996648788,0.27390915155410767,0.0035128374584019184,0.7055466175079346,1.4397225379943848,0.00032965693389996886,1.6077311038970947,0.00022696255473420024,0.0001121738096117042,0.00012195249291835353,0.14714469015598297,0.36767080426216125,0.006692873314023018,0.5834493637084961,1.4282156229019165,,,
25,model.layers.19.self_attn.o_proj.weight,1024,2048,0.00048828125,0.0004618386155925691,1.4241689443588257,-0.00036616515717469156,0.36232608556747437,4.779482333105989e-05,0.055562421679496765,0.5081964731216431,0.006399458274245262,0.5991851687431335,1.475022792816162,0.000461321760667488,6.715888023376465,-6.839470006525517e-05,0.00011496481602080166,8.798694761935622e-05,0.14455363154411316,0.4034828543663025,0.007716742344200611,0.5907465219497681,1.4855440855026245,,,
25,model.layers.1.mlp.gate_proj.weight,3584,1024,0.00027901785714285713,0.00033746796543709934,3.295743703842163,-0.0002106417086906731,0.37503328919410706,0.00026415399042889476,0.17970067262649536,0.3022722005844116,0.008056916296482086,0.5289456844329834,1.5180424451828003,0.00026048312429338694,3.367476224899292,3.7623827665811405e-05,0.0002487737510818988,8.324415830429643e-05,0.1456829011440277,0.3792770802974701,0.007317881099879742,0.5636152029037476,1.5260511636734009,,,
25,model.layers.1.mlp.up_proj.weight,3584,1024,0.00027901785714285713,0.0002428442967357114,2.693230390548706,8.592965605203062e-05,0.6440626382827759,0.00018060220463667065,0.16201654076576233,0.3231993019580841,0.008761941455304623,0.5027787685394287,1.5109504461288452,0.00022636518406216055,2.439929962158203,1.4850715160719119e-05,0.0003107588563580066,6.122486956883222e-05,0.1271175742149353,0.38494160771369934,0.007904228754341602,0.5228515863418579,1.512648582458496,,,
25,model.layers.1.mlp.down_proj.weight,1024,3584,0.00027901785714285713,0.00027215020963922143,5.068042755126953,9.259028593078256e-05,0.6216304302215576,0.0008952870266512036,0.18867695331573486,0.2800748944282532,0.012858159840106964,0.5405967235565186,1.4320566654205322,0.00019022692868020386,2.577228307723999,6.735094939358532e-05,0.00013800041051581502,0.0001979525259230286,0.188531294465065,0.29497066140174866,0.008345426991581917,0.5438613295555115,1.4727364778518677,0.07281576097011566,0.07326918095350266,0.906903862953186
25,model.layers.12.mlp.gate_proj.weight,3584,1024,0.00027901785714285713,0.00021320636733435094,2.566840887069702,-7.895434828242287e-05,0.49740317463874817,0.0009829169139266014,0.17980343103408813,0.24651463329792023,0.006672314368188381,0.5874291062355042,1.5304721593856812,0.0002387546846875921,13.73568344116211,3.696696148836054e-05,0.0002637174038682133,0.00021137919975444674,0.16570040583610535,0.3310484290122986,0.0062711057253181934,0.5874179601669312,1.532062292098999,,,
25,model.layers.12.mlp.up_proj.weight,3584,1024,0.00027901785714285713,0.0002938498801086098,2.3406014442443848,-0.00026205810718238354,0.8054894208908081,0.00045558103010989726,0.2134149968624115,0.25397583842277527,0.00776801910251379,0.517078161239624,1.5115398168563843,0.00029429892310872674,12.582387924194336,5.467147275339812e-05,0.0002723801298998296,0.00010905887756962329,0.18492591381072998,0.30383020639419556,0.009184804745018482,0.5094596743583679,1.519774317741394,,,
25,model.layers.12.mlp.down_proj.weight,1024,3584,0.00027901785714285713,0.00023658323334529996,4.604182243347168,-0.00030087889172136784,0.7368988990783691,0.0002293638972332701,0.2186342179775238,0.2601693868637085,0.030680328607559204,0.46514245867729187,1.3720884323120117,0.0002838359505403787,52.45465087890625,2.182546268159058e-05,0.00011533908400451764,6.0134974773973227e-05,0.18683499097824097,0.30592861771583557,0.007671699859201908,0.5855310559272766,1.4863098859786987,0.060406263917684555,0.06802385300397873,0.9118443131446838
25,model.layers.22.mlp.gate_proj.weight,3584,1024,0.00027901785714285713,0.0001943357492564246,2.902303695678711,-0.0005949921323917806,0.16505739092826843,0.0018592954147607088,0.18366555869579315,0.23915591835975647,0.009582133032381535,0.5480470061302185,1.5218863487243652,0.00018719659419730306,6.7722272872924805,-0.00013764303002972156,0.000281342159723863,0.00014328979887068272,0.15945187211036682,0.3388074040412903,0.006453305017203093,0.5789754986763,1.5256595611572266,,,
25,model.layers.22.mlp.up_proj.weight,3584,1024,0.00027901785714285713,0.0002609470102470368,2.767061471939087,-0.0004140867677051574,0.38297390937805176,0.0007943238597363234,0.1746111661195755,0.2814149260520935,0.01294622290879488,0.5827333927154541,1.5029834508895874,0.0008146201726049185,5.141654968261719,-2.1820362235303037e-05,0.0003393659135326743,0.00027036143001168966,0.17410340905189514,0.32368358969688416,0.014370270073413849,0.5765814185142517,1.5141105651855469,,,
25,model.layers.22.mlp.down_proj.weight,1024,3584,0.00027901785714285713,0.00043946204823441803,2.3831875324249268,-0.0004787434299942106,0.36739644408226013,0.00017385288083460182,0.10039342194795609,0.4169465899467468,0.005890163127332926,0.5680950880050659,1.4693783521652222,0.00045533926459029317,3.84562087059021,3.2007883419282734e-05,0.00013216245861258358,9.307940490543842e-05,0.12861399352550507,0.41929149627685547,0.008958037942647934,0.575122594833374,1.4677448272705078,0.07090771943330765,0.07516048848628998,0.8658404350280762
25,model.layers.1.linear_attn.in_proj_qkv.weight,6144,1024,0.00016276041666666666,0.0001233521179528907,2.6279821395874023,-0.0004689724009949714,0.3180027902126312,0.0009363830904476345,0.18970303237438202,0.25898477435112,0.008308290503919125,0.5078696012496948,1.5345648527145386,0.0001714505924610421,2.8528828620910645,0.00011909360910067335,0.0003383457660675049,0.00027262221556156874,0.1561359167098999,0.33353227376937866,0.008522036485373974,0.5312705636024475,1.5387020111083984,0.08676740527153015,0.07739561051130295,0.9013530015945435
25,model.layers.1.linear_attn.out_proj.weight,1024,2048,0.00048828125,0.00016931400750763714,1.3472651243209839,-0.00027486844919621944,0.774143397808075,0.0005256968433968723,0.1147904321551323,0.3840858042240143,0.015031595714390278,0.5327869653701782,1.4370027780532837,0.0016647824086248875,1.4906132221221924,5.67743627470918e-05,0.00015240027278196067,0.00037573662120848894,0.14298395812511444,0.35041099786758423,0.01835174672305584,0.5251110196113586,1.474292516708374,,,
25,model.layers.12.linear_attn.in_proj_qkv.weight,6144,1024,0.00016276041666666666,6.33823947282508e-05,1.9461076259613037,0.00011048650048905984,0.5217320919036865,0.0005496845697052777,0.15176180005073547,0.26116296648979187,0.0032887738198041916,0.6029208302497864,1.5517024993896484,8.753708243602887e-05,5.364932537078857,4.8086425522342324e-05,0.0003434173413552344,8.370964496862143e-05,0.15124230086803436,0.35340771079063416,0.0040883030742406845,0.5871177315711975,1.5534769296646118,0.06638221442699432,0.06755802035331726,0.867665708065033
25,model.layers.12.linear_attn.out_proj.weight,1024,2048,0.00048828125,0.0002934271760750562,2.1206674575805664,0.0004337660502642393,0.6551695466041565,6.459534051828086e-05,0.17157384753227234,0.30797144770622253,0.01982891745865345,0.4719683527946472,1.4153603315353394,0.0002804091782309115,7.518863677978516,2.2795707991463132e-05,0.00015437565161846578,6.928351649548858e-05,0.16854186356067657,0.33597010374069214,0.007492786273360252,0.5941241979598999,1.466255784034729,,,
25,model.layers.21.linear_attn.in_proj_qkv.weight,6144,1024,0.00016276041666666666,9.196501196129248e-05,3.481355905532837,-0.0002737519098445773,0.12304119020700455,0.0007065195823088288,0.16749846935272217,0.27063727378845215,0.004788107238709927,0.6261326670646667,1.548386573791504,9.865243919193745e-05,4.938889980316162,-2.2200640160008334e-05,0.00043895849375985563,0.00012727740977425128,0.16732273995876312,0.32375529408454895,0.004167514853179455,0.6057934761047363,1.5540913343429565,0.07765324413776398,0.07284563034772873,0.8869072198867798
25,model.layers.21.linear_attn.out_proj.weight,1024,2048,0.00048828125,0.00038092260365374386,2.5483558177948,-0.0015498731518164277,0.22547513246536255,0.00013166936696507037,0.1521146446466446,0.3548656105995178,0.006758858449757099,0.5507806539535522,1.4830347299575806,0.0003914316475857049,9.783215522766113,-3.190089046256617e-05,0.00013213578495196998,5.632577813230455e-05,0.17082469165325165,0.3517816960811615,0.00805665459483862,0.5582132935523987,1.4834909439086914,,,
50,model.layers.7.self_attn.q_proj.weight,4096,1024,0.000244140625,0.00010796404967550188,2.157966136932373,1.6834537746035494e-05,0.4145715832710266,0.0010226250160485506,0.17602050304412842,0.2645983397960663,0.00710397819057107,0.5266880393028259,1.5343283414840698,0.00012718787183985114,3.2637908458709717,-0.0001262243022210896,0.00026719190645962954,8.010907185962424e-05,0.1596517264842987,0.3420754373073578,0.006721756886690855,0.5421255230903625,1.5413092374801636,0.07196544855833054,0.07081275433301926,0.8820075988769531
50,model.layers.7.self_attn.k_proj.weight,512,1024,0.0009765625,0.0009296061471104622,3.3768675327301025,-2.4898579340515425e-06,0.2928257882595062,0.0006949944654479623,0.17875565588474274,0.2370283454656601,0.02987021580338478,0.6777355074882507,1.3163114786148071,0.001000814139842987,2.974879026412964,-0.00011548803740879521,0.00010893105354625732,0.00026486904243938625,0.135900616645813,0.36030006408691406,0.007673209998756647,0.6941067576408386,1.4203622341156006,,,
50,model.layers.7.self_attn.v_proj.weight,512,1024,0.0009765625,0.0006444390746764839,1.7047964334487915,-0.0004175343201495707,0.5747791528701782,0.00034546779352240264,0.1313028633594513,0.25399264693260193,0.003170968499034643,0.7522127628326416,1.4668619632720947,0.0006494644330814481,1.9135308265686035,-6.162108184071258e-05,0.0001235371601069346,7.544430991401896e-05,0.17436261475086212,0.31755000352859497,0.007120756432414055,0.5866127014160156,1.4655033349990845,,,
50,model.layers.7.self_attn.o_proj.weight,1024,2048,0.00048828125,0.00019200767565052956,1.8889623880386353,-0.0001424094953108579,0.8711312413215637,3.649902646429837e-05,0.14778946340084076,0.34353479743003845,0.017055569216609,0.4950842261314392,1.4072130918502808,0.00044779691961593926,16.053613662719727,1.118869931815425e-05,0.0001088040298782289,5.2906481869285926e-05,0.1710597574710846,0.3275085389614105,0.006302633788436651,0.6279187202453613,1.5111854076385498,,,
50,model.layers.15.self_attn.q_proj.weight,4096,1024,0.000244140625,0.00013804694754071534,2.688257932662964,1.9104892999166623e-05,0.4126446843147278,0.0005693105049431324,0.21195568144321442,0.22426313161849976,0.004437007941305637,0.4262540340423584,1.5507549047470093,0.0001543341059004888,7.917659759521484,1.9996903574792668e-05,0.0002635983400978148,2.8275439035496674e-05,0.1996849924325943,0.27873799204826355,0.0036430901382118464,0.475086510181427,1.5565643310546875,0.0874619111418724,0.07394319027662277,0.8881814479827881
50,model.layers.15.self_attn.k_proj.weight,512,1024,0.0009765625,0.0013418457238003612,4.128330707550049,-2.3314059944823384e-06,0.35152846574783325,0.0005461199907585979,0.2640616297721863,0.20945198833942413,0.0043899198062717915,0.5352426171302795,1.4596737623214722,0.0009149265824817121,4.953045845031738,6.11906943959184e-05,9.70052569755353e-05,3.313109482405707e-05,0.15892748534679413,0.3356044292449951,0.004488035570830107,0.6591087579727173,1.5153093338012695,,,
50,model.layers.15.self_attn.v_proj.weight,512,1024,0.0009765625,0.0008426285348832607,1.5299526453018188,-0.0026736115105450153,0.357028603553772,0.00028224021662026644,0.16635066270828247,0.2803841829299927,0.003459596773609519,0.6884312033653259,1.4423996210098267,0.0006233574822545052,2.519007921218872,-0.00010678260878194124,8.1965459685307e-05,5.010166569263674e-05,0.1984829604625702,0.29837608337402344,0.006723814643919468,0.5296743512153625,1.4459106922149658,,,
50,model.layers.15.self_attn.o_proj.weight,1024,2048,0.00048828125,0.0003496115969028324,1.6121525764465332,-0.000946817803196609,0.6020864248275757,3.081947943428531e-05,0.08832056820392609,0.4218375086784363,0.030297674238681793,0.528833270072937,1.4282053709030151,0.00043347058817744255,13.217388153076172,3.065015698666684e-05,9.54485876718536e-05,7.304119935724884e-05,0.17562398314476013,0.3436439633369446,0.007799618877470493,0.5876635909080505,1.4991618394851685,,,
50,model.layers.19.self_attn.q_proj.weight,4096,1024,0.000244140625,0.00015892329975031316,2.831867218017578,0.0005842635873705149,0.21296702325344086,0.00037565029924735427,0.21765977144241333,0.23557662963867188,0.007632048800587654,0.4450671374797821,1.5322117805480957,0.00019930695998482406,7.657748222351074,4.518617788562551e-05,0.0002660859900061041,3.997535532107577e-05,0.1875871866941452,0.3046443462371826,0.0043961117044091225,0.509165346622467,1.5465826988220215,0.07504116743803024,0.07748193293809891,0.8806421756744385
50,model.layers.19.self_attn.k_proj.weight,512,1024,0.0009765625,0.0009194312151521444,3.4682118892669678,3.965993073506979e-06,0.20581427216529846,0.00028229376766830683,0.22466489672660828,0.22606101632118225,0.010798023082315922,0.6137934923171997,1.361939787864685,0.0009054464753717184,7.840686798095703,0.0001849894761107862,9.368300379719585e-05,4.3735602957895026e-05,0.17267906665802002,0.30316197872161865,0.00569820124655962,0.6579521298408508,1.479467511177063,,,
50,model.layers.19.self_attn.v_proj.weight,512,1024,0.0009765625,0.0015383071731776,1.4431167840957642,-0.002038685604929924,0.17441512644290924,0.0032663322053849697,0.1007179543375969,0.28977170586586,0.010207937099039555,0.732903003692627,1.4073961973190308,0.0004445647937245667,1.6342720985412598,0.0001713999517960474,8.72835298650898e-05,0.00015691872977185994,0.17566068470478058,0.3271138370037079,0.008606977760791779,0.5381025075912476,1.4334663152694702,,,
50,model.layers.19.self_attn.o_proj.weight,1024,2048,0.00048828125,0.0005898874369449914,1.3110634088516235,-0.000586173846386373,0.36015042662620544,4.86960489070043e-05,0.04407542571425438,0.5677011013031006,0.007216427009552717,0.6566962599754333,1.4558175802230835,0.00043857883429154754,22.503440856933594,2.969050001411233e-06,7.961174560477957e-05,9.195750317303464e-05,0.19428041577339172,0.3043597936630249,0.008711076341569424,0.5378639101982117,1.4786304235458374,,,
50,model.layers.1.mlp.gate_proj.weight,3584,1024,0.00027901785714285713,0.0002152735978597775,3.1129939556121826,0.0004610922187566757,0.27531111240386963,0.0005230756942182779,0.17084284126758575,0.30958449840545654,0.0077136303298175335,0.5346350073814392,1.5177274942398071,0.00027034414233639836,5.254029273986816,8.240598981501535e-05,0.00020874870824627578,8.535473170923069e-05,0.17969225347042084,0.328877329826355,0.0072240824811160564,0.5478962659835815,1.5315111875534058,,,
50,model.layers.1.mlp.up_proj.weight,3584,1024,0.00027901785714285713,0.0002969909110106528,2.6331167221069336,0.0005994231905788183,0.4860043525695801,0.000142164237331599,0.15035277605056763,0.3442695140838623,0.008729362860321999,0.5117250680923462,1.509937047958374,0.0005409542354755104,2.9281704425811768,8.962884021457285e-05,0.0002643349871505052,7.038164767436683e-05,0.14867737889289856,0.34840714931488037,0.013372034765779972,0.5078897476196289,1.5120956897735596,,,
50,model.layers.1.mlp.down_proj.weight,1024,3584,0.00027901785714285713,0.0002685891813598573,5.275845050811768,0.0005925678997300565,0.4868669807910919,0.0008102849824354053,0.17479237914085388,0.3016432821750641,0.011582444421947002,0.5828263163566589,1.4557946920394897,0.00019547893316484988,2.979538679122925,2.7922897061216645e-05,0.0001214883232023567,0.00016447476809844375,0.19503013789653778,0.2940097451210022,0.008144677616655827,0.5466400384902954,1.4888545274734497,0.07434998452663422,0.0767989382147789,0.908859133720398
50,model.layers.12.mlp.gate_proj.weight,3584,1024,0.00027901785714285713,0.00018086275667883456,2.0498430728912354,-1.6048410316216177e-06,0.4556550681591034,0.001621473697014153,0.17041559517383575,0.24612365663051605,0.008726830594241619,0.5880982279777527,1.5270057916641235,0.0002063093415927142,12.492416381835938,-3.9310334614128806e-06,0.00024302100064232945,0.00011448819714132696,0.17059609293937683,0.33286887407302856,0.005926851183176041,0.5952991247177124,1.5314273834228516,,,
50,model.layers.12.mlp.up_proj.weight,3584,1024,0.00027901785714285713,0.00024889930500648916,1.8140450716018677,-0.000557510182261467,0.803652822971344,0.00027099184808321297,0.2018042951822281,0.2632392346858978,0.004931794945150614,0.533130407333374,1.5198971033096313,0.0002621129679027945,9.124485969543457,4.610668838722631e-06,0.0002571667719166726,7.572608592454344e-05,0.18697166442871094,0.3062954246997833,0.009648333303630352,0.5155656337738037,1.5150848627090454,,,
50,model.layers.12.mlp.down_proj.weight,1024,3584,0.00027901785714285713,0.000266118673607707,3.4344964027404785,-0.0007003055070526898,0.658523678779602,0.0003488838847260922,0.2229170799255371,0.25040170550346375,0.03982267156243324,0.4543669521808624,1.3662419319152832,0.0002469537139404565,145.84756469726562,3.406178075238131e-05,0.00010241494601359591,5.6579741794848815e-05,0.19244517385959625,0.3000315725803375,0.007730403915047646,0.5774617195129395,1.502286434173584,0.08027051389217377,0.08232276141643524,0.911357581615448
50,model.layers.22.mlp.gate_proj.weight,3584,1024,0.00027901785714285713,0.0002892342454288155,2.668936252593994,0.0015210065757855773,0.13919048011302948,0.0007074089371599257,0.17017456889152527,0.2628817856311798,0.006285071838647127,0.5693364143371582,1.5204296112060547,0.00019472671556286514,7.109859466552734,5.421452078735456e-05,0.00021478002599906176,0.00012609074474312365,0.1726655811071396,0.3325081765651703,0.006983562838286161,0.5692623853683472,1.529396414756775,,,
50,model.layers.22.mlp.up_proj.weight,3584,1024,0.00027901785714285713,0.00021504463802557439,2.815613269805908,0.000786763965152204,0.3143920600414276,0.0010615272913128138,0.17848531901836395,0.2861243784427643,0.013006431981921196,0.5704946517944336,1.5078004598617554,0.00025460924371145666,8.98951530456543,0.00013952676090411842,0.00026170455384999514,0.00017562757420819253,0.18963119387626648,0.30817297101020813,0.014032944105565548,0.5553943514823914,1.5152403116226196,,,
50,model.layers.22.mlp.down_proj.weight,1024,3584,0.00027901785714285713,0.0004289696516934782,2.238102674484253,0.0008554456289857626,0.3173125088214874,7.348492363234982e-05,0.0947161316871643,0.44446223974227905,0.004047415219247341,0.5940689444541931,1.476235270500183,0.0003168014227412641,3.8847711086273193,2.1555570128839463e-05,0.00010497082257643342,0.00011523006105562672,0.15060441195964813,0.37398144602775574,0.00937760341912508,0.5435720682144165,1.4692716598510742,0.0870310589671135,0.08128911256790161,0.8542765378952026
50,model.layers.1.linear_attn.in_proj_qkv.weight,6144,1024,0.00016276041666666666,0.00014732709678355604,2.4852890968322754,0.00018328982696402818,0.22871866822242737,0.00044072468881495297,0.1785871833562851,0.2713717818260193,0.005293735768646002,0.5195512771606445,1.5384855270385742,0.00011555578385014087,3.7848429679870605,8.632424578536302e-05,0.00027598548331297934,9.678481001174077e-05,0.17620640993118286,0.32703697681427,0.004726721439510584,0.5483086705207825,1.5440512895584106,0.07538474351167679,0.07100175321102142,0.9058935046195984
50,model.layers.1.linear_attn.out_proj.weight,1024,2048,0.00048828125,0.0004082725790794939,1.329527497291565,-0.00011808726412709802,0.5793496370315552,0.0007238821126520634,0.10031715780496597,0.41255590319633484,0.018564581871032715,0.5675653219223022,1.4371284246444702,0.0002751717111095786,1.7872326374053955,8.89097573235631e-05,0.00012652718578465283,0.0001726736663840711,0.16686612367630005,0.3368682861328125,0.01016861479729414,0.5367400050163269,1.4767670631408691,,,
50,model.layers.12.linear_attn.in_proj_qkv.weight,6144,1024,0.00016276041666666666,5.8933863329002634e-05,1.689993977546692,2.472199957992416e-05,0.5016337633132935,0.000748181832022965,0.14295636117458344,0.2621217668056488,0.004004049114882946,0.6040800213813782,1.5518091917037964,9.41098332987167e-05,6.952771186828613,5.438938023871742e-05,0.00030505258473567665,4.98177032568492e-05,0.15834453701972961,0.35165277123451233,0.004039018414914608,0.5899665355682373,1.5550392866134644,0.08280384540557861,0.09016246348619461,0.870862603187561
50,model.layers.12.linear_attn.out_proj.weight,1024,2048,0.00048828125,0.00028863814077340066,1.8318893909454346,0.0012566251680254936,0.624396562576294,5.7734348956728354e-05,0.1683712899684906,0.31678247451782227,0.0180735532194376,0.4778471887111664,1.4207395315170288,0.00035522086545825005,14.307561874389648,3.6048491892870516e-05,0.00011742137576220557,5.2832016081083566e-05,0.17581403255462646,0.3293391168117523,0.007052876986563206,0.5977585315704346,1.4907559156417847,,,
50,model.layers.21.linear_attn.in_proj_qkv.weight,6144,1024,0.00016276041666666666,0.00010744053724920377,2.3516557216644287,0.00022912505664862692,0.09692949056625366,0.000633495335932821,0.1549936980009079,0.26111578941345215,0.004646355286240578,0.6310404539108276,1.5482914447784424,9.96199669316411e-05,7.8672003746032715,3.5773518902715296e-05,0.0002793156018014997,0.00010504328383831307,0.17591451108455658,0.32686561346054077,0.006631339434534311,0.5934417843818665,1.5476524829864502,0.09782590717077255,0.09210243076086044,0.8836798667907715
50,model.layers.21.linear_attn.out_proj.weight,1024,2048,0.00048828125,0.0004361563187558204,2.230327844619751,-0.00046607229160144925,0.19234991073608398,0.00011792594159487635,0.14282964169979095,0.3644627034664154,0.006596483290195465,0.5554777979850769,1.471403956413269,0.0003640254435595125,36.4965934753418,1.3652567758981604e-05,0.00010408045636722818,5.067059464636259e-05,0.1952095627784729,0.30397680401802063,0.009065224789083004,0.52006995677948,1.4692161083221436,,,
75,model.layers.7.self_attn.q_proj.weight,4096,1024,0.000244140625,0.0001019902847474441,2.869844913482666,0.00017842619854491204,0.46537959575653076,0.0009945963975042105,0.16856318712234497,0.27970561385154724,0.0077532087452709675,0.5481926798820496,1.5387955904006958,0.00024420281988568604,4.659613609313965,3.793703581322916e-05,0.0002749947307165712,5.434023842099123e-05,0.1706259846687317,0.3279266953468323,0.005632307846099138,0.5371068716049194,1.5440441370010376,0.06666713953018188,0.07040189206600189,0.8936960697174072
75,model.layers.7.self_attn.k_proj.weight,512,1024,0.0009765625,0.0011089551262557507,4.624314785003662,-4.580163022183115e-06,0.33509963750839233,0.0021722649689763784,0.1553594470024109,0.2531810402870178,0.02932937815785408,0.7013850808143616,1.2952312231063843,0.0008488179300911725,3.939150333404541,8.086834714049473e-05,0.000105160717794206,0.00013747044431511313,0.15589934587478638,0.33706772327423096,0.0072233290411531925,0.6561676263809204,1.4655814170837402,,,
75,model.layers.7.self_attn.v_proj.weight,512,1024,0.0009765625,0.0007961158407852054,1.8585474491119385,0.0005171349039301276,0.6009318232536316,0.00022573584283236414,0.14023785293102264,0.25099170207977295,0.003032128559425473,0.7360829710960388,1.472719669342041,0.0005106414901092649,1.893248438835144,0.00030028712353669107,0.00011698028538376093,0.0001505279797129333,0.18143314123153687,0.3136625587940216,0.00898892991244793,0.5817244052886963,1.4572925567626953,,,
75,model.layers.7.self_attn.o_proj.weight,1024,2048,0.00048828125,0.00021693842427339405,2.1156539916992188,0.00017173532978631556,0.9717827439308167,3.291834218543954e-05,0.1403125524520874,0.3632613718509674,0.012671161442995071,0.5226104259490967,1.427017092704773,0.0005280122277326882,20.85939598083496,3.514450872899033e-05,0.00010380784806329757,5.0211277994094416e-05,0.1764119416475296,0.32038962841033936,0.006726262159645557,0.6198822259902954,1.514984369277954,,,
75,model.layers.15.self_attn.q_proj.weight,4096,1024,0.000244140625,0.00012234679888933897,2.9994542598724365,0.00034006088390015066,0.4214254319667816,0.00021035474492236972,0.20561592280864716,0.24553368985652924,0.0030907245818525553,0.46111860871315,1.5453457832336426,0.00015990325482562184,13.079927444458008,1.4514488611894194e-05,0.000280149863101542,2.8844278858741745e-05,0.20181411504745483,0.28101539611816406,0.0036026472225785255,0.4757344424724579,1.554611086845398,0.06807094812393188,0.07034647464752197,0.8883064985275269
75,model.layers.15.self_attn.k_proj.weight,512,1024,0.0009765625,0.0010605179704725742,3.567814588546753,7.149273642426124e-06,0.40032586455345154,2.3796703317202628e-05,0.23039770126342773,0.2506997883319855,0.003126407042145729,0.5754530429840088,1.4708162546157837,0.0008428007713519037,7.9500274658203125,3.419690256123431e-05,0.00012136963778175414,7.42475749575533e-05,0.15738868713378906,0.3361399173736572,0.004811086226254702,0.6561270952224731,1.5003162622451782,,,
75,model.layers.15.self_attn.v_proj.weight,512,1024,0.0009765625,0.0008889916352927685,1.6060683727264404,-0.0028878268785774708,0.3513265550136566,6.923681939952075e-05,0.1853448748588562,0.26778003573417664,0.0025675257202237844,0.6458482146263123,1.4666759967803955,0.00047857509343884885,2.2308034896850586,-9.189362026518211e-05,8.632631943328306e-05,3.25242399412673e-05,0.20260345935821533,0.2863934636116028,0.008077665232121944,0.504838228225708,1.4354838132858276,,,
75,model.layers.15.self_attn.o_proj.weight,1024,2048,0.00048828125,0.0004483130178414285,1.6214758157730103,-0.0009412416839040816,0.6429408192634583,1.4737589481228497e-05,0.07731759548187256,0.48999154567718506,0.006381326355040073,0.5988970994949341,1.4645259380340576,0.0004112259193789214,21.20484733581543,3.2228366762865335e-05,9.138091263594106e-05,6.838326953584328e-05,0.18442218005657196,0.324618935585022,0.008102066814899445,0.5747268795967102,1.4888031482696533,,,
75,model.layers.19.self_attn.q_proj.weight,4096,1024,0.000244140625,0.00017171533545479178,3.015791654586792,0.0011196751147508621,0.22517716884613037,0.0006571971462108195,0.22424089908599854,0.22816982865333557,0.009075869806110859,0.4174315929412842,1.5259746313095093,0.00019453122513368726,13.978317260742188,1.7375721654389054e-05,0.0002516067470423877,3.836043470073491e-05,0.19888457655906677,0.290644109249115,0.004209705162793398,0.5048987865447998,1.5460779666900635,0.07743822038173676,0.0761144608259201,0.886437177658081
75,model.layers.19.self_attn.k_proj.weight,512,1024,0.0009765625,0.0011702689807862043,2.9255409240722656,-3.52886695509369e-06,0.2161896973848343,0.00048513556248508394,0.29339301586151123,0.18608823418617249,0.011547515168786049,0.514065682888031,1.3502689599990845,0.0008668617811053991,27.164339065551758,3.886634203809081e-06,9.136710286838934e-05,5.5693930335110053e-05,0.19395747780799866,0.2863677740097046,0.007025682833045721,0.6192172169685364,1.4596718549728394,,,
75,model.layers.19.self_attn.v_proj.weight,512,1024,0.0009765625,0.0006732402835041285,1.5431088209152222,-0.0012087844079360366,0.18539074063301086,0.0015573555137962103,0.13846050202846527,0.2667119801044464,0.006039421074092388,0.6774154901504517,1.441445231437683,0.0005074760993011296,1.8165578842163086,9.075133129954338e-05,8.25844326755032e-05,0.0001857713796198368,0.17545786499977112,0.3192456364631653,0.009242601692676544,0.5319052934646606,1.4117408990859985,,,
75,model.layers.19.self_attn.o_proj.weight,1024,2048,0.00048828125,0.0005733324796892703,1.3998345136642456,-0.0003686359559651464,0.3604222536087036,5.2716070058522746e-05,0.05338243395090103,0.5558494925498962,0.009125767275691032,0.6624452471733093,1.4612751007080078,0.0004215018998365849,44.09242630004883,2.3446975319529884e-05,7.670836930628866e-05,0.00011378366616554558,0.20141693949699402,0.2915877401828766,0.009179533459246159,0.526698112487793,1.4772347211837769,,,
75,model.layers.1.mlp.gate_proj.weight,3584,1024,0.00027901785714285713,0.00022168367286212742,2.570744276046753,1.0872648090298753e-05,0.3971218466758728,0.0002327187976334244,0.1722538024187088,0.31248199939727783,0.008081861771643162,0.5366751551628113,1.5117825269699097,0.00020467879949137568,4.448290824890137,4.9523147026775405e-05,0.00021424151782412082,7.938062481116503e-05,0.1751527190208435,0.3239014446735382,0.007484808098524809,0.5376724004745483,1.528988003730774,,,
75,model.layers.1.mlp.up_proj.weight,3584,1024,0.00027901785714285713,0.0003540518810041249,2.5990383625030518,-3.9089194615371525e-05,0.6637805104255676,0.00018886760517489165,0.15890422463417053,0.3336392641067505,0.008377137593925,0.515929102897644,1.5124224424362183,0.0005495566292665899,3.007537364959717,0.00013096726615913212,0.0002797522465698421,5.9565631090663373e-05,0.145155131816864,0.3707701861858368,0.01154499500989914,0.5283022522926331,1.5108678340911865,,,
75,model.layers.1.mlp.down_proj.weight,1024,3584,0.00027901785714285713,0.0002714360016398132,3.491154432296753,-3.8306843634927645e-05,0.6623232960700989,0.0014044117415323853,0.18419106304645538,0.2904132008552551,0.012847473844885826,0.5443266034126282,1.4419926404953003,0.000197087021660991,2.5722031593322754,-2.319722852917039e-06,0.0001227951142936945,0.0002758108312264085,0.19107463955879211,0.292895644903183,0.008676886558532715,0.5371416211128235,1.4705122709274292,0.08387278020381927,0.08808428049087524,0.887312114238739
75,model.layers.12.mlp.gate_proj.weight,3584,1024,0.00027901785714285713,0.00019353744573891163,2.822321653366089,0.00017567715258337557,0.4477889835834503,0.0007725353352725506,0.18442949652671814,0.24482731521129608,0.005448885262012482,0.5795548558235168,1.5306662321090698,0.00020444080291781574,20.753808975219727,5.4429630836239085e-05,0.00024688770645298064,0.00010870640107896179,0.17409385740756989,0.32441994547843933,0.005891445092856884,0.5904188752174377,1.5339046716690063,,,
75,model.layers.12.mlp.up_proj.weight,3584,1024,0.00027901785714285713,0.0002615717821754515,2.544743537902832,0.00023725652135908604,0.7320483922958374,0.0004023800138384104,0.21148790419101715,0.2574683129787445,0.007738107815384865,0.5246434807777405,1.51373291015625,0.0002496345550753176,17.811206817626953,9.37991208047606e-05,0.00024949328508228064,9.437937842449173e-05,0.19956639409065247,0.2909412086009979,0.009111096151173115,0.5122604370117188,1.5235260725021362,,,
75,model.layers.12.mlp.down_proj.weight,1024,3584,0.00027901785714285713,0.0002698908210732043,4.964494228363037,0.0002588721108622849,0.6946614980697632,0.00019695272203534842,0.202554389834404,0.28730309009552,0.02464173175394535,0.515306830406189,1.380457878112793,0.0002753370499704033,137.44827270507812,4.2557407141430303e-05,0.00010611908510327339,6.820864655310288e-05,0.1899985373020172,0.3060721457004547,0.007641674485057592,0.5866510272026062,1.5036160945892334,0.0795469731092453,0.07351923733949661,0.9101795554161072
75,model.layers.22.mlp.gate_proj.weight,3584,1024,0.00027901785714285713,0.00022127751435618848,2.855455160140991,-0.00020698204752989113,0.16293950378894806,0.0016986964037641883,0.1713566929101944,0.260086327791214,0.010392051190137863,0.5661555528640747,1.51804518699646,0.00018331277533434331,8.494956016540527,3.992280107922852e-05,0.00023139305994845927,0.0001525880943518132,0.17373721301555634,0.3195922076702118,0.0072460295632481575,0.5570001006126404,1.5228025913238525,,,
75,model.layers.22.mlp.up_proj.weight,3584,1024,0.00027901785714285713,0.00021609655232168734,2.721548080444336,3.816713797277771e-05,0.3942798674106598,0.0005656707799062133,0.16219164431095123,0.3046671748161316,0.008659092709422112,0.6030001044273376,1.517625093460083,0.0002225476346211508,14.643922805786133,2.418001531623304e-05,0.00027546161436475813,0.00016327586490660906,0.19301150739192963,0.3012452721595764,0.012937123887240887,0.5619162321090698,1.5084055662155151,,,
75,model.layers.22.mlp.down_proj.weight,1024,3584,0.00027901785714285713,0.00038570427568629384,2.4046850204467773,4.2344676330685616e-05,0.37638142704963684,0.0003475078265182674,0.08396978676319122,0.44134631752967834,0.009756593964993954,0.5982157588005066,1.4684332609176636,0.0002694827562663704,5.092093467712402,3.9378413930535316e-05,0.00010411303082946688,7.749072392471135e-05,0.16190478205680847,0.32913559675216675,0.007868909277021885,0.5127159357070923,1.4660121202468872,0.08678440749645233,0.0751422867178917,0.8521208763122559
75,model.layers.1.linear_attn.in_proj_qkv.weight,6144,1024,0.00016276041666666666,0.0001041715222527273,2.211333751678467,-0.00013079187192488462,0.3119385838508606,0.0006195332971401513,0.1750316023826599,0.26963096857070923,0.006378911901265383,0.5203062295913696,1.5372310876846313,0.00010665503214113414,3.3708670139312744,1.2286168384889606e-05,0.0002996018738485873,0.00010490700515219942,0.16294723749160767,0.332515150308609,0.00422288291156292,0.5408192276954651,1.5474615097045898,0.08925972878932953,0.08638451993465424,0.8859747648239136
75,model.layers.1.linear_attn.out_proj.weight,1024,2048,0.00048828125,0.00019164894183631986,1.2889608144760132,-8.708850509719923e-05,0.7943953275680542,0.0006131975096650422,0.10376884788274765,0.4021364748477936,0.015089713037014008,0.5498905181884766,1.4424961805343628,0.0002284394286107272,1.7222974300384521,0.0001038761402014643,0.0001282281882595271,7.101595838321373e-05,0.1615462601184845,0.3457985520362854,0.007081674877554178,0.5410985946655273,1.4895057678222656,,,
75,model.layers.12.linear_attn.in_proj_qkv.weight,6144,1024,0.00016276041666666666,7.319515862036496e-05,2.2155182361602783,0.00017088829190470278,0.46187350153923035,0.00034389086067676544,0.14620636403560638,0.26823973655700684,0.002859079046174884,0.6258722543716431,1.5503475666046143,0.00010992340685334057,8.573685646057129,5.508610774995759e-05,0.00031511340057477355,8.161386358551681e-05,0.15802323818206787,0.35045158863067627,0.0043419417925179005,0.5856046676635742,1.5548914670944214,0.07968039810657501,0.07214514911174774,0.8771119713783264
75,model.layers.12.linear_attn.out_proj.weight,1024,2048,0.00048828125,0.0003277685318607837,2.2105400562286377,0.00018221304344478995,0.6046378016471863,4.6392706281039864e-05,0.1647905856370926,0.32908695936203003,0.014626209624111652,0.5026230812072754,1.429669737815857,0.0003217053017579019,11.746966361999512,1.1302209713903721e-05,0.00012470726505853236,6.310270691756159e-05,0.1747877597808838,0.32771360874176025,0.007223846856504679,0.5964145660400391,1.4909522533416748,,,
75,model.layers.21.linear_attn.in_proj_qkv.weight,6144,1024,0.00016276041666666666,0.00011023923434549943,3.1142258644104004,0.0003285244747530669,0.10134286433458328,0.0014461582759395242,0.18349185585975647,0.24589121341705322,0.009095252491533756,0.567335844039917,1.5381734371185303,9.28656299947761e-05,9.195882797241211,2.972609581775032e-05,0.0002854890772141516,6.076700083212927e-05,0.17743606865406036,0.3294789493083954,0.005276064854115248,0.5991101861000061,1.5500258207321167,0.07250140607357025,0.06954209506511688,0.8994818329811096
75,model.layers.21.linear_attn.out_proj.weight,1024,2048,0.00048828125,0.0004102199454791844,2.8200807571411133,0.0002827159478329122,0.20653890073299408,0.0001337060530204326,0.12999075651168823,0.39494314789772034,0.006327077746391296,0.5963336825370789,1.4890896081924438,0.00035948853474110365,33.81684875488281,4.499593342188746e-05,0.0001120372035074979,4.095253461855464e-05,0.19242465496063232,0.3068249821662903,0.008556685410439968,0.5203824639320374,1.4764292240142822,,,
100,model.layers.7.self_attn.q_proj.weight,4096,1024,0.000244140625,0.00012146377412136644,2.258673906326294,-0.00019808430806733668,0.41416478157043457,0.0005834963521920145,0.1705348640680313,0.2758693993091583,0.005882910918444395,0.5331289768218994,1.535894751548767,0.00014927650045137852,4.097870826721191,2.751267675193958e-05,0.00024304271209985018,7.565297710243613e-05,0.17938880622386932,0.32157719135284424,0.006036966107785702,0.5418590307235718,1.5417934656143188,0.07371281087398529,0.066033273935318,0.9010839462280273
100,model.layers.7.self_attn.k_proj.weight,512,1024,0.0009765625,0.001159554230980575,3.06124210357666,-1.4023394214746077e-06,0.3055598735809326,0.0022082680370658636,0.1446898728609085,0.25628143548965454,0.028553897514939308,0.7206912040710449,1.3173105716705322,0.0006321465480141342,2.6164300441741943,0.0002226637298008427,8.90902301762253e-05,0.00011807186820078641,0.15594938397407532,0.35214677453041077,0.007353189866989851,0.65522301197052,1.4380594491958618,,,
100,model.layers.7.self_attn.v_proj.weight,512,1024,0.0009765625,0.0005783376400358975,1.4636049270629883,0.0011799833737313747,0.6839146614074707,0.00017380289500579238,0.09652867913246155,0.2706952691078186,0.002235760446637869,0.8213631510734558,1.4672492742538452,0.00047733145765960217,2.0956873893737793,-2.3972243070602417e-05,0.00010875171574298292,9.58179880399257e-05,0.19612263143062592,0.29326874017715454,0.008149146102368832,0.548088014125824,1.4784177541732788,,,
100,model.layers.7.self_attn.o_proj.weight,1024,2048,0.00048828125,0.00019821987370960414,2.111029863357544,0.0004721958248410374,0.9139622449874878,3.793503492488526e-05,0.14347751438617706,0.3528801500797272,0.018746526911854744,0.5150894522666931,1.4253590106964111,0.0004642859857995063,27.047531127929688,3.238892895751633e-05,0.00011178622662555426,4.615262514562346e-05,0.1729099303483963,0.32626843452453613,0.006551521830260754,0.6322174072265625,1.5126398801803589,,,
100,model.layers.15.self_attn.q_proj.weight,4096,1024,0.000244140625,0.00012892167433165014,3.028334379196167,0.0004975915071554482,0.4338842034339905,0.00036591742536984384,0.21044065058231354,0.22496117651462555,0.00379116740077734,0.414715439081192,1.548323631286621,0.00017607418703846633,7.354188442230225,4.88371224491857e-05,0.00025871556135825813,3.613433364080265e-05,0.2035120278596878,0.275562047958374,0.0037281380500644445,0.47332313656806946,1.5567922592163086,0.06327264755964279,0.06678277254104614,0.8908601403236389
100,model.layers.15.self_attn.k_proj.weight,512,1024,0.0009765625,0.000974505499470979,4.552788734436035,-2.6015331968665123e-06,0.3589805066585541,5.004202830605209e-05,0.2679382562637329,0.21698999404907227,0.004634348675608635,0.5356981158256531,1.4646393060684204,0.000878566934261471,9.590428352355957,-2.220331589342095e-05,9.008989582071081e-05,5.057462476543151e-05,0.164552241563797,0.33459144830703735,0.006520734168589115,0.6404180526733398,1.4572042226791382,,,
100,model.layers.15.self_attn.v_proj.weight,512,1024,0.0009765625,0.0008077628444880247,1.7195121049880981,-0.0015575935831293464,0.36119794845581055,0.00030553105170838535,0.1562831699848175,0.2798946499824524,0.004636852536350489,0.7134064435958862,1.4329537153244019,0.0005880306707695127,2.6496336460113525,-5.3051338909426704e-05,8.348772826138884e-05,6.776757072657347e-05,0.19855207204818726,0.291152685880661,0.007677252870053053,0.5176703929901123,1.447091817855835,,,
100,model.layers.15.self_attn.o_proj.weight,1024,2048,0.00048828125,0.00039604934863746166,1.9058854579925537,-0.0005445748101919889,0.6187567114830017,3.3188058296218514e-05,0.09106342494487762,0.43173229694366455,0.020759286358952522,0.5511884093284607,1.426300048828125,0.00042354411561973393,24.274587631225586,1.1865578017022926e-05,9.718804358271882e-05,6.696113268844783e-05,0.18165719509124756,0.32401084899902344,0.007687654811888933,0.5796875953674316,1.4896913766860962,,,
100,model.layers.19.self_attn.q_proj.weight,4096,1024,0.000244140625,0.00017265389033127576,3.183699369430542,0.00168891332577914,0.23843541741371155,0.0013028746470808983,0.22696606814861298,0.2230900228023529,0.01249882485717535,0.41102927923202515,1.5296306610107422,0.00018561878823675215,8.23287296295166,8.41536239022389e-05,0.00024230645794887096,4.589263699017465e-05,0.1960853934288025,0.2909804582595825,0.0043023452162742615,0.5031595230102539,1.548148512840271,0.05445665121078491,0.06631331890821457,0.8784886598587036
100,model.layers.19.self_attn.k_proj.weight,512,1024,0.0009765625,0.0011289019603282213,3.5303492546081543,8.300316039822064e-06,0.24013541638851166,0.0010872120037674904,0.24870532751083374,0.21349909901618958,0.013759580440819263,0.5665339231491089,1.3606946468353271,0.0010869790567085147,18.449073791503906,-5.893952402402647e-05,9.407338075106964e-05,6.122045306256041e-05,0.19167187809944153,0.2865166664123535,0.006492092274129391,0.6220604777336121,1.4644775390625,,,
100,model.layers.19.self_attn.v_proj.weight,512,1024,0.0009765625,0.0009236532496288419,1.7113890647888184,-0.0038127033039927483,0.19321753084659576,0.002224647207185626,0.19879849255084991,0.22590866684913635,0.009194949641823769,0.6088561415672302,1.406492829322815,0.0005262585473246872,2.090266704559326,0.0002171863743569702,9.67843589023687e-05,7.064615783747286e-05,0.19313021004199982,0.3105813264846802,0.007419599685817957,0.536866307258606,1.4544137716293335,,,
100,model.layers.19.self_attn.o_proj.weight,1024,2048,0.00048828125,0.0006012124358676374,1.4388481378555298,-0.001309070037677884,0.33438119292259216,0.00013659943942911923,0.06558497995138168,0.5105599164962769,0.010700360871851444,0.6191616058349609,1.4539874792099,0.00041509061702527106,50.68353271484375,1.1767912837967742e-05,7.795517012709752e-05,8.934953802963719e-05,0.19913266599178314,0.29549524188041687,0.009258181788027287,0.5309678316116333,1.4700387716293335,,,
100,model.layers.1.mlp.gate_proj.weight,3584,1024,0.00027901785714285713,0.00020957279775757343,3.0853452682495117,0.0002180314768338576,0.2636657953262329,0.0005172608071006835,0.1708209216594696,0.3134990632534027,0.009436890482902527,0.5370683073997498,1.5117801427841187,0.0002655933203641325,3.7028331756591797,0.00012354009959381074,0.00022011392866261303,6.953087722649798e-05,0.16518375277519226,0.3385489284992218,0.00683941226452589,0.539584219455719,1.5297701358795166,,,
100,model.layers.1.mlp.up_proj.weight,3584,1024,0.00027901785714285713,0.000497762521263212,2.5558950901031494,2.7755262635764666e-05,0.4804500341415405,9.248270362149924e-05,0.14699047803878784,0.35010677576065063,0.006359436549246311,0.515322744846344,1.508384108543396,0.00019680224067997187,3.0443029403686523,1.5331852409872226e-05,0.00026741711189970374,8.282789349323139e-05,0.15605796873569489,0.3375503420829773,0.00905949529260397,0.5052541494369507,1.5100672245025635,,,
100,model.layers.1.mlp.down_proj.weight,1024,3584,0.00027901785714285713,0.0002812279271893203,5.382554531097412,2.7998377845506184e-05,0.4645158350467682,0.0013824276393279433,0.17181050777435303,0.30308377742767334,0.014830241911113262,0.5826377868652344,1.4337104558944702,0.00022292004723567516,3.85601806640625,-2.1314922378223855e-06,0.0001361650793114677,0.000244166178163141,0.18521982431411743,0.3081444799900055,0.008291800506412983,0.5713897943496704,1.497784972190857,0.07224924862384796,0.0639573261141777,0.918009340763092
100,model.layers.12.mlp.gate_proj.weight,3584,1024,0.00027901785714285713,0.00018019585695583373,2.6949462890625,0.0008691788534633815,0.4198293089866638,0.0006641852669417858,0.17473255097866058,0.2559993863105774,0.00597379682585597,0.587653398513794,1.5313663482666016,0.00022052480198908597,22.999330520629883,3.8372527342289686e-05,0.00024390735779888928,8.992315997602418e-05,0.1793871372938156,0.3199131488800049,0.006021749693900347,0.5922632217407227,1.5294227600097656,,,
100,model.layers.12.mlp.up_proj.weight,3584,1024,0.00027901785714285713,0.0002928981266450137,2.677914619445801,0.0007159663364291191,0.6707339882850647,0.0003964996722061187,0.2182011604309082,0.2485487014055252,0.007592545822262764,0.4864669442176819,1.5192949771881104,0.00028787855990231037,21.170194625854492,0.0001246557803824544,0.0002748114930000156,7.188980816863477e-05,0.1936827003955841,0.2959151566028595,0.009287993423640728,0.5100560188293457,1.5208806991577148,,,
100,model.layers.12.mlp.down_proj.weight,1024,3584,0.00027901785714285713,0.00024865198065526783,5.927725315093994,0.0007720647845417261,0.6432097554206848,0.00021032484073657542,0.20513243973255157,0.2792035639286041,0.030006976798176765,0.5033525824546814,1.3617743253707886,0.0002317268226761371,44.401981353759766,6.454027607105672e-05,0.00014386806287802756,6.817244866397232e-05,0.1746293008327484,0.32331353425979614,0.00807498674839735,0.6058374047279358,1.471035122871399,0.05987389013171196,0.0623154491186142,0.9196882843971252
100,model.layers.22.mlp.gate_proj.weight,3584,1024,0.00027901785714285713,0.00036078449920751154,2.602912425994873,-0.000831959827337414,0.15480345487594604,0.0017923741834238172,0.18138018250465393,0.2567588686943054,0.00927795097231865,0.539914071559906,1.518120288848877,0.00019985483959317207,8.837129592895508,5.353078813641332e-05,0.00020881219825241715,9.544922068016604e-05,0.17834283411502838,0.3199473023414612,0.0071006836369633675,0.5636168122291565,1.5289244651794434,,,
100,model.layers.22.mlp.up_proj.weight,3584,1024,0.00027901785714285713,0.00020827288972213864,2.661790132522583,-0.000949699489865452,0.33350229263305664,0.0004078410565853119,0.16367189586162567,0.3050014078617096,0.010030129924416542,0.5775132775306702,1.5134226083755493,0.0002557111729402095,16.466123580932617,2.284816582687199e-05,0.0002682173508219421,0.00014543585712090135,0.19646523892879486,0.29998117685317993,0.012492896057665348,0.5549429059028625,1.5055558681488037,,,
100,model.layers.22.mlp.down_proj.weight,1024,3584,0.00027901785714285713,0.00045747996773570776,2.2859179973602295,-0.0011386999394744635,0.30512523651123047,0.00017668782675173134,0.09450484067201614,0.4168755114078522,0.006280591245740652,0.5641024708747864,1.461145281791687,0.00027431041235104203,4.881512641906738,2.9546648875111714e-05,0.0001081410882761702,7.833658310119063e-05,0.156479611992836,0.3501225709915161,0.008894266560673714,0.5293838977813721,1.48039972782135,0.06151055544614792,0.06356073915958405,0.8614129424095154
100,model.layers.1.linear_attn.in_proj_qkv.weight,6144,1024,0.00016276041666666666,0.00010225203732261434,2.331688404083252,3.1248961022356525e-05,0.2280895709991455,0.0009138471796177328,0.16415943205356598,0.2892806828022003,0.008396206423640251,0.5499299764633179,1.5354127883911133,0.00010228020255453885,3.176947832107544,-3.6049717891728505e-05,0.00028976722387596965,7.01719691278413e-05,0.16023483872413635,0.33235207200050354,0.005271046422421932,0.5349842309951782,1.5437244176864624,0.07042323797941208,0.06584655493497849,0.9106736183166504
100,model.layers.1.linear_attn.out_proj.weight,1024,2048,0.00048828125,0.0012639344204217196,1.33331298828125,0.0003004823811352253,0.5626310706138611,0.000794817868154496,0.09530424326658249,0.41722315549850464,0.01839715987443924,0.567420244216919,1.4406732320785522,0.0003210096911061555,1.7702707052230835,8.4320294263307e-05,0.00012944010086357594,0.0001197594974655658,0.16503748297691345,0.3372831344604492,0.008646328002214432,0.533126175403595,1.487147569656372,,,
100,model.layers.12.linear_attn.in_proj_qkv.weight,6144,1024,0.00016276041666666666,5.840543963131495e-05,2.2032134532928467,0.00015054673713166267,0.4225853979587555,0.0007263237494044006,0.1540219485759735,0.26306968927383423,0.004303317982703447,0.5875766277313232,1.5525190830230713,9.68809545156546e-05,13.056474685668945,7.744465256109834e-05,0.00035881626536138356,7.769346120767295e-05,0.1567288488149643,0.34596583247184753,0.004526570904999971,0.5714737772941589,1.5534566640853882,0.060174454003572464,0.059344332665205,0.8802421689033508
100,model.layers.12.linear_attn.out_proj.weight,1024,2048,0.00048828125,0.0002913807984441519,2.2899551391601562,-0.0006741491379216313,0.5853868722915649,9.130144462687895e-05,0.15585926175117493,0.3404339849948883,0.020925411954522133,0.5209061503410339,1.4111080169677734,0.00026550167240202427,9.22457504272461,3.3967004128498957e-05,0.0001436392340110615,6.53292445349507e-05,0.1703798770904541,0.3334922194480896,0.0071145775727927685,0.6023269891738892,1.4686754941940308,,,
100,model.layers.21.linear_attn.in_proj_qkv.weight,6144,1024,0.00016276041666666666,0.00010533024033065885,3.17860746383667,4.1252002120018005e-05,0.08978307247161865,0.0015452603111043572,0.17228904366493225,0.2552352547645569,0.009822895750403404,0.5681065320968628,1.539636492729187,9.587782551534474e-05,15.612071990966797,5.6764514738461e-05,0.0004447494284249842,7.782663305988535e-05,0.17579270899295807,0.3247552216053009,0.005462231580168009,0.6039187908172607,1.5494672060012817,0.057566579431295395,0.06347940862178802,0.9023982286453247
100,model.layers.21.linear_attn.out_proj.weight,1024,2048,0.00048828125,0.0004471134743653238,2.488861322402954,-0.0009346254519186914,0.1702217310667038,0.0001543707912787795,0.13929419219493866,0.3729293644428253,0.006180627271533012,0.5615027546882629,1.4894508123397827,0.0003677568456623703,51.24008560180664,3.3178250305354595e-05,0.00010717535769799724,3.308693703729659e-05,0.19347399473190308,0.30438336730003357,0.008529070764780045,0.517961859703064,1.4718469381332397,,,
125,model.layers.7.self_attn.q_proj.weight,4096,1024,0.000244140625,0.0001689199125394225,2.0304384231567383,0.0002251028927275911,0.37406018376350403,0.0013035963056609035,0.16003677248954773,0.2780657708644867,0.007686106488108635,0.534169614315033,1.5413875579833984,0.00014741349150426686,9.290475845336914,-1.3660652257385664e-05,0.00028366208425723016,0.00010238357936032116,0.17666853964328766,0.32239294052124023,0.006227636244148016,0.5419363975524902,1.541170358657837,0.07407183200120926,0.06939022243022919,0.8904041647911072
125,model.layers.7.self_attn.k_proj.weight,512,1024,0.0009765625,0.0014024944975972176,2.730830669403076,7.393840064651158e-07,0.28646120429039,0.003578353440389037,0.14838585257530212,0.2390384078025818,0.03161386400461197,0.6903685927391052,1.302126169204712,0.0008643445326015353,3.42586088180542,0.00019617538782767951,9.895890980260447e-05,8.204313780879602e-05,0.14038518071174622,0.36746442317962646,0.011744260787963867,0.6671560406684875,1.3988707065582275,,,
125,model.layers.7.self_attn.v_proj.weight,512,1024,0.0009765625,0.0008345639216713607,1.619278073310852,0.001424655900336802,0.5123330950737,0.000264564820099622,0.12890370190143585,0.2581598162651062,0.0032025794498622417,0.7586331367492676,1.4556353092193604,0.0005432285252027214,1.8384819030761719,0.00030686944955959916,0.00010655598453013226,0.00017909980670083314,0.1920562982559204,0.3012879490852356,0.009060056880116463,0.5590106248855591,1.4432884454727173,,,
125,model.layers.7.self_attn.o_proj.weight,1024,2048,0.00048828125,0.00019292044453322887,2.024141311645508,0.0004709211643785238,0.8101214170455933,5.66838716622442e-05,0.14048290252685547,0.3615036606788635,0.016616055741906166,0.5248891115188599,1.4259920120239258,0.0005060205585323274,25.399694442749023,1.841160155890975e-05,0.00011280450416961685,4.076830737176351e-05,0.17116335034370422,0.32641592621803284,0.006387216970324516,0.6315054893493652,1.5143957138061523,,,
125,model.layers.15.self_attn.q_proj.weight,4096,1024,0.000244140625,0.00011706171062542126,3.6979031562805176,1.6457453966722824e-05,0.35518530011177063,0.0004470133862923831,0.20857597887516022,0.23290729522705078,0.004565810784697533,0.4376247227191925,1.54388427734375,0.0001559607044328004,15.423446655273438,3.9487244066549465e-05,0.0002682908670976758,3.842769001494162e-05,0.20396307110786438,0.27302366495132446,0.003518468700349331,0.4683575928211212,1.5560760498046875,0.05927024781703949,0.06427106261253357,0.8880329728126526
125,model.layers.15.self_attn.k_proj.weight,512,1024,0.0009765625,0.00098758889362216,4.700315475463867,-1.020553327180096e-06,0.30143222212791443,0.00010508990089874715,0.2684454619884491,0.2150038480758667,0.00416986970230937,0.5180503726005554,1.460760474205017,0.00076763064134866,8.52578353881836,-0.00017556703824084252,0.0001065325050149113,6.141456833574921e-05,0.16926394402980804,0.3280579149723053,0.005371162202209234,0.6297255754470825,1.4810978174209595,,,
125,model.layers.15.self_attn.v_proj.weight,512,1024,0.0009765625,0.0007532870513387024,1.8419135808944702,-0.00040966272354125977,0.2915041744709015,0.0002392411552136764,0.1870124489068985,0.26499873399734497,0.006793903652578592,0.6480346918106079,1.43486487865448,0.0005898102535866201,3.0650057792663574,-9.495353879174218e-05,7.541808736277744e-05,6.72486494295299e-05,0.2120174914598465,0.2814290225505829,0.0069636511616408825,0.5140252709388733,1.4393328428268433,,,
125,model.layers.15.self_attn.o_proj.weight,1024,2048,0.00048828125,0.0004027434333693236,1.7444666624069214,-0.00013284779561217874,0.5337702631950378,2.972491165564861e-05,0.09269458800554276,0.43956220149993896,0.01819712296128273,0.559009850025177,1.433916449546814,0.000426040351158008,29.275978088378906,3.236414340790361e-05,8.979014091892168e-05,8.976602111943066e-05,0.18738208711147308,0.316271036863327,0.008161491714417934,0.5689898729324341,1.4853975772857666,,,
125,model.layers.19.self_attn.q_proj.weight,4096,1024,0.000244140625,0.00018117803847417235,2.949359893798828,0.00047306198393926024,0.20178617537021637,0.0004883997607976198,0.23972922563552856,0.20738960802555084,0.00744912913069129,0.38662412762641907,1.527989387512207,0.00020381716603878886,7.457786560058594,4.15494323533494e-05,0.00024032092187553644,5.609191066469066e-05,0.1917750984430313,0.30252522230148315,0.004547391552478075,0.5112032890319824,1.5466816425323486,0.06405714899301529,0.06820410490036011,0.8618953824043274
125,model.layers.19.self_attn.k_proj.weight,512,1024,0.0009765625,0.001124467933550477,3.06648325920105,3.804402012974606e-06,0.20669470727443695,0.0015973831759765744,0.29410603642463684,0.1796445995569229,0.01934763416647911,0.5109211802482605,1.318684697151184,0.000998887699097395,15.090211868286133,-3.7705947761423886e-05,8.656976569909602e-05,7.139609806472436e-05,0.1860656440258026,0.29016420245170593,0.006246223114430904,0.6302958130836487,1.4739588499069214,,,
125,model.layers.19.self_attn.v_proj.weight,512,1024,0.0009765625,0.0008213980472646654,1.6316677331924438,-0.0008486487786285579,0.14931470155715942,0.0007245432352647185,0.16137824952602386,0.25410714745521545,0.004440600983798504,0.650009036064148,1.4477546215057373,0.00045834240154363215,1.669803500175476,0.0002513939398340881,9.195666643790901e-05,0.00013860390754416585,0.16981492936611176,0.3393848240375519,0.007620383519679308,0.5476924777030945,1.440954327583313,,,
125,model.layers.19.self_attn.o_proj.weight,1024,2048,0.00048828125,0.0004474588204175234,1.4226840734481812,-0.0002594045363366604,0.2869211435317993,8.140078716678545e-05,0.06180824711918831,0.5217945575714111,0.009177382104098797,0.6340533494949341,1.453830599784851,0.0004380832251626998,31.944541931152344,3.2313102565240115e-05,7.968718273332343e-05,0.00011463074042694643,0.19581036269664764,0.299721360206604,0.009105749428272247,0.5327112674713135,1.4685922861099243,,,
125,model.layers.1.mlp.gate_proj.weight,3584,1024,0.00027901785714285713,0.00047996549983508885,3.1391634941101074,0.0005027776351198554,0.23841430246829987,0.0001517773634986952,0.16840814054012299,0.3188471794128418,0.006143150385469198,0.5445437431335449,1.5178964138031006,0.0002185684279538691,4.941291809082031,1.855776645243168e-05,0.00020919973030686378,7.952984014991671e-05,0.1801682412624359,0.3331460654735565,0.008027245290577412,0.5526161789894104,1.5274670124053955,,,
125,model.layers.1.mlp.up_proj.weight,3584,1024,0.00027901785714285713,0.0002658585144672543,2.658559560775757,0.0004485388344619423,0.42815178632736206,8.345895184902474e-05,0.15459957718849182,0.33966168761253357,0.008255766704678535,0.5107165575027466,1.5103291273117065,0.0002651114482432604,3.275907516479492,5.837902062921785e-05,0.000272078876150772,5.719522596336901e-05,0.15601561963558197,0.3403747081756592,0.007574696559458971,0.5088050961494446,1.516402244567871,,,
125,model.layers.1.mlp.down_proj.weight,1024,3584,0.00027901785714285713,0.0002843973343260586,5.373968124389648,0.00046559597831219435,0.4105493128299713,0.0010488835396245122,0.17654889822006226,0.2998753488063812,0.014043696224689484,0.5717502236366272,1.4337137937545776,0.00020808380213566124,2.933048725128174,7.446834206348285e-05,0.00012492867244873196,0.0002501028939150274,0.18962989747524261,0.3022066056728363,0.008614500053226948,0.557047426700592,1.4763730764389038,0.06301850080490112,0.06216060370206833,0.9178972244262695
125,model.layers.12.mlp.gate_proj.weight,3584,1024,0.00027901785714285713,0.0001852898858487606,2.7387137413024902,0.000469823251478374,0.35553205013275146,0.0006979766767472029,0.17594954371452332,0.25554755330085754,0.0052597541362047195,0.5848290920257568,1.531862735748291,0.00020603502343874425,21.803699493408203,6.074736302252859e-05,0.0002370850124862045,6.779489922337234e-05,0.1771930456161499,0.3248276114463806,0.0055234236642718315,0.5959165096282959,1.5377867221832275,,,
125,model.layers.12.mlp.up_proj.weight,3584,1024,0.00027901785714285713,0.0002492173807695508,2.682889938354492,0.00020344078075140715,0.5705680251121521,0.00026815925957635045,0.21142728626728058,0.2614040970802307,0.006402842700481415,0.507022500038147,1.5165551900863647,0.0002706532250158489,21.78017234802246,0.0001253404770977795,0.00024935841793194413,9.816121018957347e-05,0.2011367231607437,0.2904185950756073,0.009127696044743061,0.5102898478507996,1.5159658193588257,,,
125,model.layers.12.mlp.down_proj.weight,1024,3584,0.00027901785714285713,0.0002590708900243044,5.637460231781006,0.00022341034491546452,0.5474980473518372,0.00015428407641593367,0.2068779170513153,0.28387609124183655,0.02421402558684349,0.5126898288726807,1.3811273574829102,0.00025524001102894545,86.89224243164062,4.4161261030239984e-05,0.000110927656351123,7.318739517359063e-05,0.18986184895038605,0.3041754364967346,0.008138989098370075,0.5821442008018494,1.4966639280319214,0.06691201776266098,0.06344631314277649,0.9110229015350342
125,model.layers.22.mlp.gate_proj.weight,3584,1024,0.00027901785714285713,0.00023654047981835902,2.927147626876831,0.0006004937458783388,0.11736235022544861,0.0011893605114892125,0.17728762328624725,0.2556740641593933,0.007864260114729404,0.5519329309463501,1.5237332582473755,0.0002108908083755523,9.308975219726562,3.063516123802401e-05,0.00021075780387036502,7.292100781342015e-05,0.17643679678440094,0.32458367943763733,0.007249085698276758,0.5689219236373901,1.5283901691436768,,,
125,model.layers.22.mlp.up_proj.weight,3584,1024,0.00027901785714285713,0.00022311667271424085,2.6581435203552246,-0.0002666362270247191,0.27980369329452515,0.001133089535869658,0.16319167613983154,0.30556023120880127,0.013421058654785156,0.5970498323440552,1.507538080215454,0.0002618730941321701,10.23534870147705,0.00016249592590611428,0.00024376795045100152,0.00014557366375811398,0.19631002843379974,0.30566248297691345,0.012657135725021362,0.5500842928886414,1.5038083791732788,,,
125,model.layers.22.mlp.down_proj.weight,1024,3584,0.00027901785714285713,0.00038745172787457705,2.1857094764709473,-0.00030405542929656804,0.26643842458724976,0.00021076535631436855,0.09430298209190369,0.4351045787334442,0.007907897233963013,0.5867071747779846,1.4646519422531128,0.00027908600168302655,4.8467631340026855,4.7059354983503e-05,9.945284546120092e-05,9.577650780556723e-05,0.16216214001178741,0.34684592485427856,0.008360665291547775,0.5286520719528198,1.4800233840942383,0.07086441665887833,0.06820827722549438,0.8582019209861755
125,model.layers.1.linear_attn.in_proj_qkv.weight,6144,1024,0.00016276041666666666,0.0001164515342679806,2.3886759281158447,-6.566088268300518e-05,0.19899223744869232,0.0008442414691671729,0.16865742206573486,0.27477437257766724,0.008471174165606499,0.5253579020500183,1.537567377090454,0.00010410614049760625,3.874495506286621,5.1892904593842104e-05,0.00027943580062128603,7.690374332014471e-05,0.17596305906772614,0.31273168325424194,0.004530959762632847,0.5297147035598755,1.5450881719589233,0.06618820130825043,0.06193201243877411,0.9071002006530762
125,model.layers.1.linear_attn.out_proj.weight,1024,2048,0.00048828125,0.00020472191681619734,1.3233660459518433,0.0005117853870615363,0.49874112010002136,0.0004241732822265476,0.10138121992349625,0.4055311679840088,0.011877543292939663,0.5588268041610718,1.4487441778182983,0.00028338353149592876,1.736548900604248,9.068795770872384e-05,0.00012625039380509406,7.013280992396176e-05,0.16303651034832,0.3434538245201111,0.007383073214441538,0.5382777452468872,1.4855091571807861,,,
125,model.layers.12.linear_attn.in_proj_qkv.weight,6144,1024,0.00016276041666666666,6.868108903290704e-05,2.3434102535247803,-0.00019753319793380797,0.3485404849052429,0.0003997251042164862,0.15201613306999207,0.27050402760505676,0.0029726545326411724,0.5969722270965576,1.5537716150283813,9.727470751386136e-05,10.36177921295166,1.5041761798784137e-05,0.0003354176878929138,7.098291098373011e-05,0.15881726145744324,0.3469044268131256,0.004506291821599007,0.5774376392364502,1.5551666021347046,0.05319628491997719,0.058478374034166336,0.8720049858093262
125,model.layers.12.linear_attn.out_proj.weight,1024,2048,0.00048828125,0.0003050821542274207,2.258328914642334,0.0005453426856547594,0.4908207654953003,4.802929834113456e-05,0.16058696806430817,0.34047380089759827,0.012909842655062675,0.5248416662216187,1.413564920425415,0.00031693433993496,17.09228515625,3.0398561648325995e-05,0.00011916778748854995,4.662804349209182e-05,0.17627890408039093,0.32573673129081726,0.007192171178758144,0.5962779521942139,1.4778655767440796,,,
125,model.layers.21.linear_attn.in_proj_qkv.weight,6144,1024,0.00016276041666666666,9.972009138436988e-05,2.8303349018096924,0.0002933438227046281,0.09300900995731354,0.0004944453830830753,0.1907341480255127,0.23266294598579407,0.004693215247243643,0.5397151708602905,1.5429645776748657,0.00010351842502132058,7.87996244430542,5.6468572438461706e-05,0.00028739561093971133,9.211328870151192e-05,0.1761375069618225,0.3284984529018402,0.006191297434270382,0.5937173366546631,1.546871542930603,0.06755109131336212,0.07410966604948044,0.8865359425544739
125,model.layers.21.linear_attn.out_proj.weight,1024,2048,0.00048828125,0.00038863765075802803,2.5814504623413086,-0.00046467813081108034,0.15024441480636597,8.15309613244608e-05,0.1536886841058731,0.3352539837360382,0.006059436127543449,0.5111875534057617,1.4780895709991455,0.00037998362677171826,37.34471893310547,3.592692155507393e-05,0.00010396075231255963,5.3431860578712076e-05,0.19423358142375946,0.30371496081352234,0.009818049147725105,0.5199381709098816,1.4671915769577026,,,
150,model.layers.7.self_attn.q_proj.weight,4096,1024,0.000244140625,0.00011693572741933167,2.6509199142456055,0.0008228078950196505,0.42612728476524353,0.0010212924098595977,0.16812393069267273,0.27410975098609924,0.00813374388962984,0.5441878437995911,1.537619948387146,0.00016655119543429464,17.427696228027344,5.3771407692693174e-05,0.00025693283532746136,8.459144737571478e-05,0.1943296492099762,0.3031947910785675,0.006536649074405432,0.5432325601577759,1.5404592752456665,0.0714421421289444,0.07501155883073807,0.8936629891395569
150,model.layers.7.self_attn.k_proj.weight,512,1024,0.0009765625,0.0011388198472559452,2.681062698364258,-4.694951712735929e-06,0.3328424394130707,0.0014977864921092987,0.13214005529880524,0.2753327190876007,0.030683834105730057,0.7292241454124451,1.303675651550293,0.0009605440427549183,9.724472045898438,0.000192395003978163,8.188231004169211e-05,0.00013048987602815032,0.16062508523464203,0.327288419008255,0.0074525997042655945,0.640157163143158,1.452722430229187,,,
150,model.layers.7.self_attn.v_proj.weight,512,1024,0.0009765625,0.0008843670366331935,1.7049847841262817,0.0004965330590493977,0.6022365093231201,0.00029227908817119896,0.13398239016532898,0.2533572316169739,0.0032230725046247244,0.7405040264129639,1.448154091835022,0.0006245909607969224,2.148470640182495,0.00017930922331288457,9.94433939922601e-05,5.600866279564798e-05,0.20113204419612885,0.29092511534690857,0.00776632409542799,0.5415660738945007,1.4597386121749878,,,
150,model.layers.7.self_attn.o_proj.weight,1024,2048,0.00048828125,0.00021578496671281755,2.0195369720458984,0.00016530782158952206,0.9633338451385498,4.334990808274597e-05,0.15090399980545044,0.33904385566711426,0.017962444573640823,0.4941200613975525,1.4288376569747925,0.0004164621641393751,21.883609771728516,2.7449590561445802e-05,0.000103832280728966,5.284108192427084e-05,0.1724855899810791,0.3277166485786438,0.006605253554880619,0.6284798383712769,1.5165932178497314,,,
150,model.layers.15.self_attn.q_proj.weight,4096,1024,0.000244140625,0.0001145353089668788,2.1975462436676025,-7.38701201044023e-05,0.5636278986930847,0.00032433512387797236,0.2161412090063095,0.22251950204372406,0.0032284974586218596,0.4238725006580353,1.5492823123931885,0.00015902607992757112,10.484664916992188,3.2410196581622586e-05,0.0002574105456005782,4.609101961250417e-05,0.2037719339132309,0.2772247791290283,0.0037603608798235655,0.47963324189186096,1.554764747619629,0.07941021770238876,0.07896308600902557,0.8703091740608215
150,model.layers.15.self_attn.k_proj.weight,512,1024,0.0009765625,0.00105282012373209,3.241175413131714,5.401016096584499e-07,0.4478631913661957,0.0003022911259904504,0.282522052526474,0.21549977362155914,0.003956999164074659,0.506105899810791,1.451856255531311,0.0009265233529731631,7.457040309906006,-7.5960524554830045e-06,9.263535321224481e-05,0.00011329326662234962,0.16310283541679382,0.3248564600944519,0.004471450112760067,0.6559379696846008,1.511440634727478,,,
150,model.layers.15.self_attn.v_proj.weight,512,1024,0.0009765625,0.0009503173059783876,1.5794275999069214,0.0001819195313146338,0.38904690742492676,0.0009574510040692985,0.1844281554222107,0.25730258226394653,0.007315446622669697,0.6481673717498779,1.4307154417037964,0.0005519419792108238,3.1846890449523926,-6.204164674272761e-05,7.474890298908576e-05,5.7058347010752186e-05,0.2072567492723465,0.28428915143013,0.007560753729194403,0.506666898727417,1.4447808265686035,,,
150,model.layers.15.self_attn.o_proj.weight,1024,2048,0.00048828125,0.0003586461825761944,1.828663945198059,7.609243039041758e-05,0.6147565841674805,3.0047203836147673e-05,0.09388431161642075,0.4107082486152649,0.017723290249705315,0.5242922902107239,1.4383947849273682,0.0004737931885756552,20.507184982299805,3.157406536047347e-05,9.075953857973218e-05,6.450188084272668e-05,0.18215858936309814,0.3326994478702545,0.007932745851576328,0.5799141526222229,1.491774320602417,,,
150,model.layers.19.self_attn.q_proj.weight,4096,1024,0.000244140625,0.00017088610911741853,2.9974353313446045,-0.0011380366049706936,0.2526167035102844,0.000383244885597378,0.2175476849079132,0.22821804881095886,0.007596223149448633,0.4213542640209198,1.529340386390686,0.000207387245609425,17.32378578186035,4.5516084355767816e-05,0.0002525809104554355,5.872244946658611e-05,0.20102563500404358,0.28876954317092896,0.004252488259226084,0.506879448890686,1.546622633934021,0.07487857341766357,0.0754547044634819,0.8775821328163147
150,model.layers.19.self_attn.k_proj.weight,512,1024,0.0009765625,0.0009112403495237231,3.631528377532959,5.854929440829437e-06,0.254833459854126,0.00021012483921367675,0.23908087611198425,0.22528140246868134,0.00995301641523838,0.5780786275863647,1.405666708946228,0.0009353011264465749,17.928144454956055,-3.9926871977513656e-05,9.561270417179912e-05,5.42928246431984e-05,0.18864981830120087,0.2894318401813507,0.00723200524225831,0.6201505064964294,1.4639639854431152,,,
150,model.layers.19.self_attn.v_proj.weight,512,1024,0.0009765625,0.0008445510175079107,1.5689055919647217,0.0006051438394933939,0.17781339585781097,0.003070573788136244,0.12304700911045074,0.28233209252357483,0.010016177780926228,0.7134251594543457,1.4186090230941772,0.0004959081416018307,1.9987554550170898,-7.9748933785595e-05,7.500677020289004e-05,0.00022165107657201588,0.18921935558319092,0.31763720512390137,0.008568525314331055,0.5314703583717346,1.3930869102478027,,,
150,model.layers.19.self_attn.o_proj.weight,1024,2048,0.00048828125,0.0005354634486138821,1.3882042169570923,0.0001817781594581902,0.3519098162651062,0.00010995160846505314,0.051584746688604355,0.5366355776786804,0.015553105622529984,0.6341744065284729,1.4516336917877197,0.00040357321267947555,38.734375,1.3292704352352303e-05,7.779645966365933e-05,9.894247341435403e-05,0.19946183264255524,0.29510971903800964,0.00865271594375372,0.5316548347473145,1.4790838956832886,,,
150,model.layers.1.mlp.gate_proj.weight,3584,1024,0.00027901785714285713,0.0003080533060710877,3.248370885848999,-0.00016385808703489602,0.3438459634780884,0.00041282441816292703,0.1783580332994461,0.29975956678390503,0.00997268594801426,0.5246718525886536,1.5170825719833374,0.00021296902559697628,6.324403762817383,2.3781274649081752e-05,0.00021414048387669027,5.3354404371930286e-05,0.1818680316209793,0.32528796792030334,0.007239526603370905,0.5483341813087463,1.5278011560440063,,,
150,model.layers.1.mlp.up_proj.weight,3584,1024,0.00027901785714285713,0.00028544245287775993,2.805577516555786,-0.00018067506607621908,0.5890770554542542,8.487641753163189e-05,0.15984933078289032,0.3381796181201935,0.007222298067063093,0.518316388130188,1.5139869451522827,0.0006575224106200039,2.8787190914154053,7.815709977876395e-05,0.00028903293423354626,5.800083454232663e-05,0.13808247447013855,0.3746987283229828,0.010566672310233116,0.5234093070030212,1.5203789472579956,,,
150,model.layers.1.mlp.down_proj.weight,1024,3584,0.00027901785714285713,0.00029049746808595955,5.331269264221191,-0.00018288916908204556,0.5771579742431641,0.0014597652480006218,0.1862141191959381,0.2844122648239136,0.0145699018612504,0.5421239733695984,1.436050295829773,0.00020883887191303074,3.8202168941497803,1.0196214134339243e-05,0.00010788122744997963,0.00026108231395483017,0.20808011293411255,0.2783806324005127,0.00890897586941719,0.5232246518135071,1.4646576642990112,0.09607143700122833,0.08393684774637222,0.9059343338012695
150,model.layers.12.mlp.gate_proj.weight,3584,1024,0.00027901785714285713,0.0001946895499713719,2.582073211669922,-0.0003888891951646656,0.4737507700920105,0.0008275742875412107,0.18023329973220825,0.2469540238380432,0.006191634107381105,0.5766890048980713,1.5308785438537598,0.00023153288930188864,19.716358184814453,0.00013538777420762926,0.00024553039111196995,0.00010562602983554825,0.17534179985523224,0.32567763328552246,0.0059120021760463715,0.5911818146705627,1.5362719297409058,,,
150,model.layers.12.mlp.up_proj.weight,3584,1024,0.00027901785714285713,0.000260376458754763,2.4616031646728516,-0.00041851724381558597,0.758455216884613,0.000280968175502494,0.21720096468925476,0.2530403733253479,0.00586322508752346,0.5006108283996582,1.518370509147644,0.0002818258944898844,22.33037757873535,6.95649505360052e-05,0.00025220814859494567,8.894539496395737e-05,0.19736790657043457,0.2937372326850891,0.009370170533657074,0.5106322169303894,1.5187065601348877,,,
150,model.layers.12.mlp.down_proj.weight,1024,3584,0.00027901785714285713,0.0002581796143203974,4.834909439086914,-0.00046480129822157323,0.7104929089546204,0.0002547143376432359,0.2194126397371292,0.2588469386100769,0.03478061780333519,0.46883487701416016,1.3767021894454956,0.0002825639967340976,66.1024398803711,5.618785507977009e-05,0.00011144792370032519,6.259622750803828e-05,0.18899375200271606,0.3054157495498657,0.007659911643713713,0.5840430855751038,1.4937796592712402,0.07638271152973175,0.07010220736265182,0.911298930644989
150,model.layers.22.mlp.gate_proj.weight,3584,1024,0.00027901785714285713,0.00026371044805273414,2.465824604034424,-0.0011997852707281709,0.17708128690719604,0.0011647067731246352,0.1647694855928421,0.2698812484741211,0.007592814974486828,0.5760085582733154,1.5241409540176392,0.00020810068235732615,7.973353862762451,4.448951949598268e-05,0.0002058898244285956,7.432378333760425e-05,0.1736793965101242,0.339267760515213,0.007340079173445702,0.5811731219291687,1.5302529335021973,,,
150,model.layers.22.mlp.up_proj.weight,3584,1024,0.00027901785714285713,0.00021290099539328367,2.7741501331329346,-0.0003308469313196838,0.36287564039230347,0.001445697620511055,0.16442567110061646,0.3016073703765869,0.0157027468085289,0.5976570844650269,1.5124620199203491,0.00022580956283491105,10.925655364990234,9.219485218636692e-05,0.00024595268769189715,0.00012556735600810498,0.19605672359466553,0.2995087504386902,0.011806037276983261,0.5463207960128784,1.5090163946151733,,,
150,model.layers.22.mlp.down_proj.weight,1024,3584,0.00027901785714285713,0.00044501066440716386,2.5639889240264893,-0.0003942210751120001,0.33282047510147095,0.00019015204452443868,0.09431969374418259,0.43863341212272644,0.01774812489748001,0.5990290641784668,1.4382708072662354,0.0002927216701209545,5.018740653991699,0.00011126670869998634,0.00010407221998320892,6.0710015532094985e-05,0.15689387917518616,0.34825828671455383,0.0077413953840732574,0.5299103856086731,1.4765924215316772,0.07591155916452408,0.06921212375164032,0.862258791923523
150,model.layers.1.linear_attn.in_proj_qkv.weight,6144,1024,0.00016276041666666666,9.648848208598793e-05,2.4295601844787598,-0.000424652942456305,0.2779470384120941,0.0004252571670804173,0.1822676658630371,0.26232609152793884,0.005243892781436443,0.511941134929657,1.5396150350570679,0.00010334434773540124,2.914215564727783,-2.538963599363342e-05,0.0003077757719438523,0.00016943782975431532,0.15156176686286926,0.3405663073062897,0.006584208458662033,0.5312119126319885,1.5425759553909302,0.09332497417926788,0.08379337191581726,0.8942487835884094
150,model.layers.1.linear_attn.out_proj.weight,1024,2048,0.00048828125,0.00027976956334896386,1.32448148727417,-0.0005348849226720631,0.6906238794326782,0.00032852974254637957,0.10864625126123428,0.3843342065811157,0.010112671181559563,0.5321399569511414,1.4405406713485718,0.0003097315493505448,1.683504343032837,2.5771025320864283e-05,0.0001331173989456147,0.00010060030035674572,0.16017237305641174,0.34341153502464294,0.0074193477630615234,0.533797025680542,1.4822500944137573,,,
150,model.layers.12.linear_attn.in_proj_qkv.weight,6144,1024,0.00016276041666666666,6.370278424583375e-05,2.0883781909942627,0.00014605930482503027,0.4558548927307129,0.0004023406654596329,0.1535169780254364,0.2627198398113251,0.0029137032106518745,0.5999345183372498,1.5522278547286987,0.00010291282524121925,8.50902271270752,3.814484807662666e-05,0.000297866587061435,5.75649319216609e-05,0.16145052015781403,0.34894028306007385,0.004292881116271019,0.584254801273346,1.5540045499801636,0.06039971858263016,0.07007022947072983,0.8666236996650696
150,model.layers.12.linear_attn.out_proj.weight,1024,2048,0.00048828125,0.0003129092510789633,2.1152331829071045,0.0007051872089505196,0.6135905385017395,5.421852620202117e-05,0.17073695361614227,0.3157575726509094,0.024319281801581383,0.4843389093875885,1.4088842868804932,0.0003452807432040572,24.765424728393555,1.812901064113248e-05,0.00011200260632904246,5.2197883633198217e-05,0.1783357709646225,0.3222457766532898,0.0071489522233605385,0.5957696437835693,1.4791173934936523,,,
150,model.layers.21.linear_attn.in_proj_qkv.weight,6144,1024,0.00016276041666666666,0.00010592442413326353,2.895634889602661,-3.8040463550714776e-05,0.09774704277515411,0.0006943820626474917,0.17526008188724518,0.2557949423789978,0.005363944917917252,0.5831417441368103,1.5442951917648315,0.00010494827438378707,9.623961448669434,3.475561607046984e-05,0.00027369370218366385,6.303460395429283e-05,0.17849016189575195,0.3261834681034088,0.0053742798045277596,0.5952801704406738,1.550862431526184,0.05942560359835625,0.06600409001111984,0.8961402177810669
150,model.layers.21.linear_attn.out_proj.weight,1024,2048,0.00048828125,0.00037147881812416017,2.9356398582458496,0.0010428688256070018,0.19847695529460907,0.0001642591814743355,0.14918537437915802,0.35716405510902405,0.007781374733895063,0.5468612313270569,1.482787013053894,0.0003416655526962131,42.320796966552734,4.479787094169296e-05,0.00011455308413133025,4.487793557927944e-05,0.19085153937339783,0.3084997534751892,0.009136327542364597,0.521276593208313,1.4741662740707397,,,
175,model.layers.7.self_attn.q_proj.weight,4096,1024,0.000244140625,0.00010946733527816832,2.120283365249634,-1.6234413124038838e-05,0.4741757810115814,0.0008023057016544044,0.18170751631259918,0.2592872381210327,0.00862258579581976,0.49392977356910706,1.5347927808761597,0.0001392302947351709,4.02327823638916,-0.0001620681578060612,0.00023887245333753526,0.00010286799079040065,0.18093177676200867,0.31805557012557983,0.007071429397910833,0.5390638709068298,1.5407516956329346,0.07093565911054611,0.06684454530477524,0.8694366812705994
175,model.layers.7.self_attn.k_proj.weight,512,1024,0.0009765625,0.0009629944106563926,4.235077381134033,-1.6364290331694065e-06,0.36400294303894043,0.0018960589077323675,0.15100212395191193,0.2488412708044052,0.03211665526032448,0.697278618812561,1.3338829278945923,0.0009211662691086531,7.108633518218994,6.287019641604275e-05,8.347476978087798e-05,0.00012946221977472305,0.17076458036899567,0.31325721740722656,0.008019437082111835,0.6269674301147461,1.4479120969772339,,,
175,model.layers.7.self_attn.v_proj.weight,512,1024,0.0009765625,0.0008798710769042373,1.9178314208984375,-0.0005996707477606833,0.5527860522270203,0.0004186547012068331,0.14457641541957855,0.2520986497402191,0.004854205530136824,0.7263577580451965,1.450701117515564,0.0005444224807433784,2.2021970748901367,-9.353738278150558e-05,9.715595660964027e-05,0.000119046751933638,0.20787538588047028,0.28239721059799194,0.008006874471902847,0.526386559009552,1.451574683189392,,,
175,model.layers.7.self_attn.o_proj.weight,1024,2048,0.00048828125,0.00020665193733293563,2.0673253536224365,-0.0002028477902058512,0.8541808128356934,5.032420085626654e-05,0.14613822102546692,0.3522716462612152,0.015819896012544632,0.5099835991859436,1.4298814535140991,0.00045441422844305634,21.61153793334961,5.922682703385362e-06,0.00010375267447670922,5.883351695956662e-05,0.17605772614479065,0.3223925232887268,0.006686820182949305,0.6233872771263123,1.5180094242095947,,,
175,model.layers.15.self_attn.q_proj.weight,4096,1024,0.000244140625,0.00010053521691588685,2.4861931800842285,-4.04299316869583e-05,0.4304060935974121,0.00018695923790801316,0.21412043273448944,0.2203526496887207,0.0024256694596260786,0.40274807810783386,1.5517367124557495,0.00016968212730716914,11.086033821105957,3.62499340553768e-05,0.0002394128096057102,3.1367508199764416e-05,0.207167848944664,0.273196816444397,0.0037162189837545156,0.4782188832759857,1.5552048683166504,0.0598582848906517,0.06664350628852844,0.8780776858329773
175,model.layers.15.self_attn.k_proj.weight,512,1024,0.0009765625,0.0010573454201221466,3.7628042697906494,1.7156432363663043e-07,0.3307074010372162,0.0002545364841353148,0.2780598998069763,0.2114451825618744,0.004119980148971081,0.5207753777503967,1.4500668048858643,0.0008381869411095977,10.573667526245117,-6.357242818921804e-05,8.747807441977784e-05,5.068721293355338e-05,0.17723052203655243,0.311177134513855,0.005689896177500486,0.6276456117630005,1.4695905447006226,,,
175,model.layers.15.self_attn.v_proj.weight,512,1024,0.0009765625,0.0007598911179229617,1.604161262512207,-0.0009341632830910385,0.3024212718009949,0.000313148251734674,0.15248112380504608,0.2888983190059662,0.004510532133281231,0.7080247402191162,1.447832465171814,0.0005789583083242178,3.0146312713623047,9.481607412453741e-05,7.264285522978753e-05,4.699183045886457e-05,0.21044489741325378,0.28656965494155884,0.005651548970490694,0.5152209997177124,1.4716609716415405,,,
175,model.layers.15.self_attn.o_proj.weight,1024,2048,0.00048828125,0.00040305746369995177,1.729667067527771,-0.0003134218277409673,0.5348761081695557,2.083155050058849e-05,0.08686628937721252,0.43653425574302673,0.012574871070683002,0.5424697995185852,1.4467830657958984,0.00041314971167594194,23.297447204589844,4.70738741569221e-05,9.232066804543138e-05,8.181791781680658e-05,0.18363088369369507,0.32559776306152344,0.0077720824629068375,0.5803165435791016,1.4967511892318726,,,
175,model.layers.19.self_attn.q_proj.weight,4096,1024,0.000244140625,0.0001924675889313221,3.115773916244507,0.000381265563191846,0.20430707931518555,0.00032436713809147477,0.23776325583457947,0.21078625321388245,0.007703217677772045,0.3873875141143799,1.527744174003601,0.00021925431792624295,7.495548248291016,4.844013892579824e-05,0.0002304409717908129,4.665986489271745e-05,0.19614887237548828,0.2968515455722809,0.004128655418753624,0.5084899067878723,1.5451220273971558,0.06769831478595734,0.06826457381248474,0.8807722330093384
175,model.layers.19.self_attn.k_proj.weight,512,1024,0.0009765625,0.001115483115427196,4.308686256408691,1.6861524727573851e-06,0.19999627768993378,0.0006434167735278606,0.2533480226993561,0.21173730492591858,0.013109108433127403,0.561451256275177,1.361577033996582,0.000963923754170537,21.973506927490234,0.00014977288083173335,8.745225932216272e-05,9.815863450057805e-05,0.1817360669374466,0.29419031739234924,0.0066822487860918045,0.6396377682685852,1.464485764503479,,,
175,model.layers.19.self_attn.v_proj.weight,512,1024,0.0009765625,0.0005587501218542457,1.511151671409607,-0.000985512975603342,0.16006630659103394,0.0003811957431025803,0.10561172664165497,0.2930096685886383,0.0030756029300391674,0.7404540181159973,1.4427160024642944,0.0004747492494061589,1.7019718885421753,-2.391363977949368e-06,8.134393283398822e-05,0.000142103192047216,0.17636467516422272,0.3242679834365845,0.007269448600709438,0.5335795879364014,1.4535471200942993,,,
175,model.layers.19.self_attn.o_proj.weight,1024,2048,0.00048828125,0.0004995273193344474,1.3238526582717896,-0.0002994512324221432,0.31023603677749634,6.162401405163109e-05,0.04903271794319153,0.5332562923431396,0.009690721519291401,0.615279495716095,1.4597820043563843,0.00045674393186345696,24.386104583740234,1.7434424080420285e-05,7.79119145590812e-05,7.74061045376584e-05,0.19394941627979279,0.30096951127052307,0.00864997785538435,0.5339749455451965,1.4698833227157593,,,
175,model.layers.1.mlp.gate_proj.weight,3584,1024,0.00027901785714285713,0.0002841423265635967,3.138046979904175,0.00017136633687186986,0.2854226231575012,0.00047677470138296485,0.16860061883926392,0.3117174804210663,0.009520354680716991,0.5382362008094788,1.513439416885376,0.00021565950009971857,4.348413467407227,3.307312726974487e-05,0.00021106739586684853,7.580944657092914e-05,0.1716863214969635,0.3381950557231903,0.00677413959056139,0.5485093593597412,1.5288522243499756,,,
175,model.layers.1.mlp.up_proj.weight,3584,1024,0.00027901785714285713,0.0008303656941279769,2.7647464275360107,-0.00010628070594975725,0.5109647512435913,7.136953354347497e-05,0.14890725910663605,0.34724676609039307,0.006175202317535877,0.5140368342399597,1.513506293296814,0.0002663631457835436,3.030252695083618,0.00016804790357127786,0.00026996058295480907,5.225764834904112e-05,0.14825578033924103,0.3646155297756195,0.008622948080301285,0.5243842005729675,1.5165910720825195,,,
175,model.layers.1.mlp.down_proj.weight,1024,3584,0.00027901785714285713,0.0002762449730653316,6.03262186050415,-0.00010634191130520776,0.4893963932991028,0.0006097652949392796,0.17624421417713165,0.3037320077419281,0.013106201775372028,0.5734560489654541,1.4330257177352905,0.00019637604418676347,3.0676658153533936,4.320719381212257e-05,0.0001162269982160069,0.0002527939504943788,0.197962686419487,0.28621697425842285,0.00892513245344162,0.5352221131324768,1.475403070449829,0.07116375863552094,0.06186378002166748,0.9171625971794128
175,model.layers.12.mlp.gate_proj.weight,3584,1024,0.00027901785714285713,0.00019950620480813086,2.7400660514831543,0.001120181055739522,0.3886662721633911,0.0005336127360351384,0.18650409579277039,0.24276064336299896,0.005314839072525501,0.5622794032096863,1.5337542295455933,0.0002174909895984456,24.650985717773438,8.075791993178427e-05,0.00023398190387524664,6.438671698560938e-05,0.18088413774967194,0.31855690479278564,0.005956329870969057,0.5908756852149963,1.531467318534851,,,
175,model.layers.12.mlp.up_proj.weight,3584,1024,0.00027901785714285713,0.0002629934169817716,2.6620712280273438,0.0009443024173378944,0.6310080885887146,0.0002951077767647803,0.20914237201213837,0.2646663784980774,0.007053663022816181,0.5202677249908447,1.513753890991211,0.00026521776453591883,22.406814575195312,9.310249879490584e-05,0.0002469532482791692,7.746781193418428e-05,0.20370197296142578,0.2863355576992035,0.009241914376616478,0.5091858506202698,1.5149344205856323,,,
175,model.layers.12.mlp.down_proj.weight,1024,3584,0.00027901785714285713,0.000239508124650456,5.943020343780518,0.0010296560358256102,0.5987595915794373,0.00010853412823053077,0.20737195014953613,0.2794719636440277,0.024443069472908974,0.5014875531196594,1.3698900938034058,0.00025457944138906896,87.25761413574219,3.062980613321997e-05,0.00011016045755241066,6.569590186700225e-05,0.19028320908546448,0.3034983277320862,0.007594037335366011,0.5835322737693787,1.508661150932312,0.06366229057312012,0.06503118574619293,0.9147347211837769
175,model.layers.22.mlp.gate_proj.weight,3584,1024,0.00027901785714285713,0.00036644242936745286,3.0277397632598877,0.003595231333747506,0.13317058980464935,0.0019526297692209482,0.17251881957054138,0.2554968595504761,0.009711003862321377,0.556589663028717,1.5244638919830322,0.00020825966203119606,8.905848503112793,2.6506435460760258e-05,0.00021610668045468628,0.00014109120820648968,0.173800989985466,0.32585424184799194,0.007507112342864275,0.5746294260025024,1.5338473320007324,,,
175,model.layers.22.mlp.up_proj.weight,3584,1024,0.00027901785714285713,0.00023493898333981633,2.9801244735717773,0.0020473815966397524,0.31225207448005676,0.0012198475887998939,0.17647959291934967,0.29060259461402893,0.015182329341769218,0.5729190111160278,1.5110387802124023,0.0002450699976179749,12.14693832397461,4.0116949094226584e-05,0.00024542349274270236,0.000144984558573924,0.20081236958503723,0.2936367988586426,0.011598724871873856,0.5407918691635132,1.5117523670196533,,,
175,model.layers.22.mlp.down_proj.weight,1024,3584,0.00027901785714285713,0.00042188132647424936,2.699673891067505,0.0024769373703747988,0.28230544924736023,0.00013811791723128408,0.10913639515638351,0.4072706401348114,0.006396358832716942,0.5617567896842957,1.4723259210586548,0.00028392099193297327,5.036473751068115,1.940228139574174e-05,0.00010607402509776875,8.169624925358221e-05,0.15852667391300201,0.3465004861354828,0.007353277876973152,0.5248008370399475,1.4710406064987183,0.07175026088953018,0.06086375191807747,0.8543450236320496
175,model.layers.1.linear_attn.in_proj_qkv.weight,6144,1024,0.00016276041666666666,0.0001455714664189145,2.4517738819122314,-0.00013041801867075264,0.24940717220306396,0.0006104785716161132,0.16805824637413025,0.2822708785533905,0.007218539249151945,0.5278235077857971,1.5345404148101807,9.518237493466586e-05,3.1678526401519775,-6.331616077659419e-06,0.00029216217808425426,9.274733019992709e-05,0.1643342226743698,0.33130547404289246,0.004850772209465504,0.5381038784980774,1.547092080116272,0.06215851753950119,0.06102802976965904,0.9076189994812012
175,model.layers.1.linear_attn.out_proj.weight,1024,2048,0.00048828125,0.0002184198092436418,1.3418315649032593,0.00017560485866852105,0.5870290994644165,0.00039394490886479616,0.10265159606933594,0.3984912037849426,0.010424614883959293,0.5485397577285767,1.4389926195144653,0.0007010010303929448,1.7692999839782715,-4.6413859422500536e-07,0.0001262026053154841,8.705925574759021e-05,0.16646558046340942,0.3456692397594452,0.0078422911465168,0.541432797908783,1.4764649868011475,,,
175,model.layers.12.linear_attn.in_proj_qkv.weight,6144,1024,0.00016276041666666666,5.999079439789057e-05,2.2555770874023438,3.0766026611672714e-05,0.37804365158081055,0.00039651323459111154,0.16098934412002563,0.2539897859096527,0.0030356254428625107,0.5625247955322266,1.5529288053512573,9.98616378637962e-05,10.565138816833496,2.1625039153150283e-05,0.0002915177901741117,5.81918575335294e-05,0.16779714822769165,0.33940035104751587,0.0044944374822080135,0.57723069190979,1.5538967847824097,0.06027016416192055,0.06281591951847076,0.8734700083732605
175,model.layers.12.linear_attn.out_proj.weight,1024,2048,0.00048828125,0.0002822511887643486,2.337970733642578,0.0005694141727872193,0.5246392488479614,5.0464361265767366e-05,0.16658897697925568,0.32870352268218994,0.014448607340455055,0.5080845952033997,1.4262508153915405,0.0003491622337605804,13.152019500732422,1.716123915684875e-05,0.0001159596795332618,6.357327220030129e-05,0.18032963573932648,0.3197530508041382,0.0073944879695773125,0.592432975769043,1.475897192955017,,,
175,model.layers.21.linear_attn.in_proj_qkv.weight,6144,1024,0.00016276041666666666,9.733617480378598e-05,3.043888807296753,-0.00036276417085900903,0.08630833029747009,0.0006507280049845576,0.16586636006832123,0.26196467876434326,0.005135107785463333,0.5996736288070679,1.5466785430908203,9.538341691950336e-05,7.863067626953125,3.860202923533507e-05,0.00028736601234413683,6.23724699835293e-05,0.175724595785141,0.3323180675506592,0.005510344635695219,0.5996858477592468,1.5476670265197754,0.07648669183254242,0.0673234835267067,0.901691198348999
175,model.layers.21.linear_attn.out_proj.weight,1024,2048,0.00048828125,0.0003516377473715693,2.740035057067871,-0.0006038824212737381,0.17360641062259674,0.00011888676817761734,0.14390750229358673,0.3572100102901459,0.006909456104040146,0.5400663614273071,1.4713371992111206,0.0003737324441317469,18.335771560668945,1.4485936844721437e-05,0.00011170326615683734,5.094185326015577e-05,0.1905084252357483,0.3086497485637665,0.008638501167297363,0.5212899446487427,1.4721293449401855,,,
200,model.layers.7.self_attn.q_proj.weight,4096,1024,0.000244140625,0.00019095443713013083,2.2891995906829834,-0.0001463920925743878,0.4493255913257599,0.0016854694113135338,0.16757342219352722,0.2773868143558502,0.010851234197616577,0.549331545829773,1.5394561290740967,0.0001552636967971921,5.954008102416992,2.0243074686732143e-05,0.0002574402606114745,6.618509360123426e-05,0.18093925714492798,0.32074153423309326,0.005945875775068998,0.5430479645729065,1.5410913228988647,0.06624412536621094,0.06622596830129623,0.8949101567268372
200,model.layers.7.self_attn.k_proj.weight,512,1024,0.0009765625,0.0014313941355794668,2.4961283206939697,-5.089122623758158e-06,0.328847736120224,0.0022674112115055323,0.1331908404827118,0.25792983174324036,0.024680286645889282,0.7366762757301331,1.3164409399032593,0.0009534800774417818,8.026285171508789,8.377409540116787e-05,8.77074635354802e-05,0.0002061538107227534,0.1651177704334259,0.3197045624256134,0.009410562925040722,0.6404350996017456,1.4155666828155518,,,
200,model.layers.7.self_attn.v_proj.weight,512,1024,0.0009765625,0.0007849567919038236,1.5822749137878418,7.220563566079363e-05,0.6485776305198669,0.00024470797507092357,0.11323244869709015,0.26183539628982544,0.0024049130734056234,0.7870475053787231,1.4671154022216797,0.0006534499698318541,2.48763108253479,-6.816190580138937e-05,9.576717275194824e-05,5.4182288295123726e-05,0.2103622406721115,0.2771782875061035,0.008099432103335857,0.5190409421920776,1.4807319641113281,,,
200,model.layers.7.self_attn.o_proj.weight,1024,2048,0.00048828125,0.00020100109395571053,2.115037679672241,3.581316923373379e-05,0.9204476475715637,3.5267315979581326e-05,0.14261123538017273,0.35506415367126465,0.016635712236166,0.5132637023925781,1.4038233757019043,0.0004353617550805211,30.54068374633789,1.767106914485339e-05,0.00010525148536544293,6.069803930586204e-05,0.17662133276462555,0.31979334354400635,0.00672235619276762,0.6240919232368469,1.523158311843872,,,
200,model.layers.15.self_attn.q_proj.weight,4096,1024,0.000244140625,0.00012445544416550547,3.1824471950531006,0.0004099273937754333,0.42342719435691833,0.00018735155754256994,0.19222594797611237,0.2576294243335724,0.003248426364734769,0.48012015223503113,1.5460039377212524,0.00016775196127127856,12.715622901916504,7.699764682911336e-05,0.000266990449745208,3.766212103073485e-05,0.19805654883384705,0.2799266278743744,0.0035662378650158644,0.4746474623680115,1.5540035963058472,0.06734760850667953,0.06238940730690956,0.8946603536605835
200,model.layers.15.self_attn.k_proj.weight,512,1024,0.0009765625,0.0009154818253591657,3.543732166290283,3.4352863167441683e-06,0.34832361340522766,2.9479513614205644e-05,0.24382510781288147,0.24415473639965057,0.00263537117280066,0.564491868019104,1.486241340637207,0.0008988071349449456,4.391520023345947,3.2668081985320896e-05,8.648273797007278e-05,2.4153112462954596e-05,0.16277536749839783,0.33107155561447144,0.004729081876575947,0.6579837203025818,1.4891475439071655,,,
200,model.layers.15.self_attn.v_proj.weight,512,1024,0.0009765625,0.0009881650330498815,1.5549896955490112,4.022166467620991e-05,0.3593299388885498,7.716404797974974e-05,0.1611686646938324,0.27570217847824097,0.007662050426006317,0.7059422135353088,1.470462679862976,0.0004927622503601015,2.1266703605651855,3.537511292961426e-05,8.913251076592132e-05,4.3638021452352405e-05,0.19569280743598938,0.29960352182388306,0.007846765220165253,0.5196176171302795,1.4478219747543335,,,
200,model.layers.15.self_attn.o_proj.weight,1024,2048,0.00048828125,0.0003852594818454236,1.6925063133239746,1.9512002836563624e-05,0.6243606805801392,1.978409636649303e-05,0.08215278387069702,0.45616859197616577,0.018928546458482742,0.5668181777000427,1.4366103410720825,0.0004392238042782992,14.898839950561523,1.0571789971436374e-05,9.322746336692944e-05,6.528142694151029e-05,0.18268373608589172,0.32413819432258606,0.007685543037950993,0.572100043296814,1.4852672815322876,,,
200,model.layers.19.self_attn.q_proj.weight,4096,1024,0.000244140625,0.0001797020813683048,2.9986681938171387,0.0008035701466724277,0.22794128954410553,0.0007735196268185973,0.2177857607603073,0.23645085096359253,0.009189699776470661,0.4323892295360565,1.5323776006698608,0.0001735427213134244,8.133390426635742,6.478749128291383e-05,0.0002519147819839418,4.795131826540455e-05,0.19550859928131104,0.2937582731246948,0.004102357663214207,0.5050362348556519,1.546923279762268,0.063250333070755,0.06541906297206879,0.884465217590332
200,model.layers.19.self_attn.k_proj.weight,512,1024,0.0009765625,0.0010782639728859067,2.929635524749756,-9.416016268914973e-07,0.230046346783638,0.00026813073782250285,0.22757366299629211,0.2343498319387436,0.010523413307964802,0.6088016629219055,1.3790152072906494,0.0008978454861789942,22.408170700073242,0.00010090177966048941,8.238584996433929e-05,5.150940705789253e-05,0.18143230676651,0.29809582233428955,0.007087628357112408,0.6318749189376831,1.474810004234314,,,
200,model.layers.19.self_attn.v_proj.weight,512,1024,0.0009765625,0.0008371284347958863,1.5015314817428589,-0.002823915332555771,0.1613680124282837,0.002676005708053708,0.11007264256477356,0.2792680561542511,0.007792521733790636,0.7245997786521912,1.443825125694275,0.0005465932772494853,2.2220957279205322,3.087896402576007e-05,7.323038880713284e-05,0.00014215527335181832,0.18082810938358307,0.31153395771980286,0.010066633112728596,0.5386995077133179,1.4254533052444458,,,
200,model.layers.19.self_attn.o_proj.weight,1024,2048,0.00048828125,0.0004857335879933089,1.3558012247085571,-0.0008281743503175676,0.3284296691417694,7.533623283961788e-05,0.04772288352251053,0.5354217290878296,0.012689143419265747,0.6210927367210388,1.4572805166244507,0.0004139590892009437,29.272510528564453,9.147015589405783e-06,7.831006223568693e-05,5.7167300838045776e-05,0.1958969682455063,0.29967784881591797,0.008748775348067284,0.5327714085578918,1.4665955305099487,,,
200,model.layers.1.mlp.gate_proj.weight,3584,1024,0.00027901785714285713,0.00026319536846131086,3.0938353538513184,0.001121767912991345,0.2955901026725769,0.0003851999354083091,0.17606332898139954,0.30973273515701294,0.007610676810145378,0.5434534549713135,1.5191497802734375,0.0002626796194817871,4.971057415008545,1.1943647223233711e-05,0.0002213389379903674,9.173955186270177e-05,0.17255251109600067,0.34152111411094666,0.007730506360530853,0.5533890724182129,1.5277975797653198,,,
200,model.layers.1.mlp.up_proj.weight,3584,1024,0.00027901785714285713,0.00024984803167171776,2.5628678798675537,0.0012822662247344851,0.538912832736969,0.0001417078310623765,0.15092220902442932,0.3465926945209503,0.010656284168362617,0.5149856805801392,1.5106279850006104,0.00034281270927749574,5.684500694274902,8.144808089127764e-05,0.0002492140047252178,6.877742998767644e-05,0.1829431802034378,0.31385940313339233,0.00864398293197155,0.5095210075378418,1.5255454778671265,,,
200,model.layers.1.mlp.down_proj.weight,1024,3584,0.00027901785714285713,0.0002710963017307222,4.578078746795654,0.0013257797108963132,0.5195724368095398,0.0008197200950235128,0.18637889623641968,0.28791362047195435,0.013512485660612583,0.5586693286895752,1.4309371709823608,0.00022134649043437093,5.130044937133789,2.0132869394728914e-05,0.00011624507169472054,0.00012618752953130752,0.19061890244483948,0.2967616617679596,0.008395757526159286,0.5451454520225525,1.4719802141189575,0.06264856457710266,0.06886924803256989,0.8988837599754333
200,model.layers.12.mlp.gate_proj.weight,3584,1024,0.00027901785714285713,0.00019467018137220293,2.860612630844116,-0.00015694792091380805,0.4339471757411957,0.0007813498377799988,0.17807354032993317,0.25227174162864685,0.005964009556919336,0.5725352764129639,1.5282220840454102,0.00022579374490305781,24.0816707611084,6.128218956291676e-05,0.00024021882563829422,7.710736826993525e-05,0.17984941601753235,0.3176048994064331,0.005889318883419037,0.5891468524932861,1.5332826375961304,,,
200,model.layers.12.mlp.up_proj.weight,3584,1024,0.00027901785714285713,0.0002632256073411554,2.8256335258483887,8.344998059328645e-05,0.6955811977386475,0.00032524828566238284,0.20938967168331146,0.2660684883594513,0.007977250963449478,0.5191127061843872,1.5161511898040771,0.0002853098267223686,14.409863471984863,8.528648322680965e-05,0.00025631513562984765,7.632184133399278e-05,0.19527363777160645,0.2923126220703125,0.008603256195783615,0.505769670009613,1.5204905271530151,,,
200,model.layers.12.mlp.down_proj.weight,1024,3584,0.00027901785714285713,0.0002521794231142849,6.126620769500732,9.248742571799085e-05,0.6431078314781189,0.00019271307974122465,0.22202326357364655,0.2630593180656433,0.027418585494160652,0.4802733361721039,1.355257511138916,0.00026324373902752995,105.7955093383789,2.747473627096042e-05,0.00011220264423172921,6.832096551079303e-05,0.18679434061050415,0.3088439702987671,0.007716044317930937,0.5890820026397705,1.4932901859283447,0.06442856788635254,0.0637836679816246,0.918253481388092
200,model.layers.22.mlp.gate_proj.weight,3584,1024,0.00027901785714285713,0.00037401614827103913,2.4435524940490723,-0.00035286348429508507,0.14755883812904358,0.0019731319043785334,0.1682007759809494,0.2613862156867981,0.01057811826467514,0.5637334585189819,1.5220072269439697,0.00020782767387572676,8.598087310791016,2.7182051780982874e-05,0.00021689427376259118,0.00011669623199850321,0.17213718593120575,0.3309534788131714,0.008839215151965618,0.5700362324714661,1.5275501012802124,,,
200,model.layers.22.mlp.up_proj.weight,3584,1024,0.00027901785714285713,0.0002303988003404811,2.3401408195495605,-0.00010489323176443577,0.3640933334827423,0.0006150503759272397,0.16445976495742798,0.30391955375671387,0.009072764776647091,0.5864831805229187,1.518113374710083,0.00023320954642258584,10.953780174255371,7.297560659935698e-05,0.00027217724709771574,0.00011841304512927309,0.19167576730251312,0.309682697057724,0.011519640684127808,0.5547177791595459,1.514699935913086,,,
200,model.layers.22.mlp.down_proj.weight,1024,3584,0.00027901785714285713,0.0005342791555449367,2.2323014736175537,-0.00013641311670653522,0.3118439018726349,0.00029868478304706514,0.09044919908046722,0.4362175762653351,0.010523428209125996,0.578923225402832,1.4659560918807983,0.0002994980604853481,4.372118949890137,3.8857579056639224e-05,0.00010739211575128138,8.861540845828131e-05,0.15412697196006775,0.3537558913230896,0.008312981575727463,0.5278707146644592,1.4493414163589478,0.07172257453203201,0.0674937292933464,0.8666109442710876
200,model.layers.1.linear_attn.in_proj_qkv.weight,6144,1024,0.00016276041666666666,0.00010567019489826635,2.5982635021209717,0.000368948676623404,0.25354501605033875,0.001151756034232676,0.17968924343585968,0.26616811752319336,0.008845946751534939,0.5130469799041748,1.5341945886611938,0.00011951190390391275,9.007410049438477,4.2915387894026935e-05,0.0002814095059875399,0.0001396010775351897,0.18483243882656097,0.3122790455818176,0.005622888449579477,0.5444189310073853,1.5406261682510376,0.0752892717719078,0.07150059938430786,0.8696433305740356
200,model.layers.1.linear_attn.out_proj.weight,1024,2048,0.00048828125,0.002006308641284704,1.292165994644165,-6.880315595481079e-06,0.6462024450302124,0.0003228861023671925,0.09951602667570114,0.4165925681591034,0.010359887033700943,0.5696380138397217,1.4468778371810913,0.0012327460572123528,1.7117671966552734,5.6273558584507555e-05,0.0001289438660023734,0.0001569595478940755,0.16078051924705505,0.350602388381958,0.01016040239483118,0.544682502746582,1.485862135887146,,,
200,model.layers.12.linear_attn.in_proj_qkv.weight,6144,1024,0.00016276041666666666,7.376945723081008e-05,2.3136403560638428,-2.995351496792864e-05,0.4723307490348816,0.00018665590323507786,0.16158322989940643,0.24522985517978668,0.0021923973690718412,0.5685144066810608,1.5541836023330688,0.00010357252176618204,9.208940505981445,1.0550933438935317e-05,0.0003024897596333176,5.725969094783068e-05,0.16348086297512054,0.34384793043136597,0.004426850937306881,0.5827774405479431,1.5542806386947632,0.06270264089107513,0.0678214281797409,0.8815861344337463
200,model.layers.12.linear_attn.out_proj.weight,1024,2048,0.00048828125,0.0003056077694054693,2.2649054527282715,4.60803639725782e-05,0.5839295983314514,0.00010179056698689237,0.16742883622646332,0.31003522872924805,0.027994835749268532,0.478523850440979,1.388961672782898,0.0004244532610755414,24.261615753173828,1.933255589392502e-05,0.00011340322089381516,5.178400533623062e-05,0.1793062686920166,0.32250943779945374,0.007205452304333448,0.5925197005271912,1.4790165424346924,,,
200,model.layers.21.linear_attn.in_proj_qkv.weight,6144,1024,0.00016276041666666666,6.119992031017318e-05,2.022620439529419,-0.00024240171478595585,0.12684355676174164,0.00115485570859164,0.19313102960586548,0.23550371825695038,0.008406205102801323,0.5541577935218811,1.5445507764816284,9.950942330760881e-05,5.083277225494385,-9.166298696072772e-06,0.00029056420316919684,0.00017653210670687258,0.19283339381217957,0.29708364605903625,0.006640204228460789,0.5895549058914185,1.5515884160995483,0.06244517117738724,0.0685747042298317,0.8713449239730835
200,model.layers.21.linear_attn.out_proj.weight,1024,2048,0.00048828125,0.0003596605092752725,2.8559751510620117,0.0006055210251361132,0.19061718881130219,0.00016701720596756786,0.135080486536026,0.38321736454963684,0.008248345926404,0.576222836971283,1.4686187505722046,0.00036819244269281626,26.111181259155273,4.6565153752453625e-05,0.00011662504402920604,5.5759588576620445e-05,0.1868404597043991,0.31351885199546814,0.009815900586545467,0.5216917395591736,1.4637387990951538,,,
225,model.layers.7.self_attn.q_proj.weight,4096,1024,0.000244140625,0.00010580749221844599,2.465054988861084,-0.000806320458650589,0.5135002732276917,0.0006912345415912569,0.1768886297941208,0.26423972845077515,0.006807794328778982,0.5307496190071106,1.5376423597335815,0.00014880337403155863,7.947249889373779,3.740910688065924e-05,0.0002413157490082085,5.253302151686512e-05,0.19398321211338043,0.30479148030281067,0.006762547418475151,0.5397835373878479,1.5428632497787476,0.06048543378710747,0.065572589635849,0.8887574076652527
225,model.layers.7.self_attn.k_proj.weight,512,1024,0.0009765625,0.0009050670196302235,3.971640110015869,-2.8854990432591876e-06,0.36715802550315857,0.0006338385283015668,0.1744387447834015,0.24729666113853455,0.022992344573140144,0.6785328388214111,1.3548554182052612,0.0007124803378246725,4.970298767089844,0.00016841334581840783,9.078090806724504e-05,0.00034219876397401094,0.16219833493232727,0.3307249844074249,0.008481225930154324,0.631260335445404,1.4309630393981934,,,
225,model.layers.7.self_attn.v_proj.weight,512,1024,0.0009765625,0.0007486670510843396,1.7397018671035767,3.677306085592136e-05,0.7245790958404541,0.00017283069610130042,0.12312436103820801,0.26175177097320557,0.002161286771297455,0.7744628190994263,1.4732556343078613,0.0005486662266775966,2.266962766647339,0.00027855386724695563,9.581479389453307e-05,0.00010890776320593432,0.19671842455863953,0.29339927434921265,0.009293525479733944,0.5500707030296326,1.4445950984954834,,,
225,model.layers.7.self_attn.o_proj.weight,1024,2048,0.00048828125,0.00020910614694003016,2.1955363750457764,9.995796972361859e-06,1.0415230989456177,7.029297557892278e-05,0.14478115737438202,0.3477492928504944,0.025739695876836777,0.49736085534095764,1.4011584520339966,0.00048398689250461757,29.094905853271484,4.886803708359366e-06,0.00010052111611003056,5.5946497013792396e-05,0.17418994009494781,0.32372745871543884,0.006820023991167545,0.6246749758720398,1.5179178714752197,,,
225,model.layers.15.self_attn.q_proj.weight,4096,1024,0.000244140625,0.00013145185948815197,2.7985079288482666,0.0002108532062266022,0.4739014208316803,0.000351138471160084,0.22327937185764313,0.22003202140331268,0.003389185294508934,0.4134753942489624,1.547735333442688,0.00015052538947202265,9.170626640319824,8.694334246683866e-05,0.0002488311438355595,2.779582246148493e-05,0.20566312968730927,0.2794699966907501,0.003734634956344962,0.48399579524993896,1.5530332326889038,0.06427408754825592,0.06311733275651932,0.8913596272468567
225,model.layers.15.self_attn.k_proj.weight,512,1024,0.0009765625,0.0007914580055512488,3.196450710296631,-5.0502035264798906e-06,0.3932843804359436,7.385733624687418e-05,0.2423664927482605,0.23966741561889648,0.004570103716105223,0.564960777759552,1.4477111101150513,0.0008693611016497016,4.709177494049072,-0.00016801767924334854,8.025190618354827e-05,7.266877946676686e-05,0.15546302497386932,0.3514503240585327,0.0049858554266393185,0.6574690937995911,1.4961754083633423,,,
225,model.layers.15.self_attn.v_proj.weight,512,1024,0.0009765625,0.000981056597083807,1.9250882863998413,0.0024113249965012074,0.3550799787044525,8.640625310363248e-05,0.2103888988494873,0.23810388147830963,0.003701504087075591,0.6350775957107544,1.4788295030593872,0.0008014881750568748,6.861959457397461,1.1317303687974345e-05,8.813864405965433e-05,4.6746470616199076e-05,0.21270698308944702,0.277557909488678,0.0075854104943573475,0.5009984374046326,1.4071226119995117,,,
225,model.layers.15.self_attn.o_proj.weight,1024,2048,0.00048828125,0.00047224690206348896,1.847681999206543,0.0008971983334049582,0.56900554895401,4.710859866463579e-05,0.09622672945261002,0.4342251420021057,0.018679708242416382,0.5468388199806213,1.4140878915786743,0.00048611912643536925,23.727283477783203,-1.043753309204476e-05,9.141024202108383e-05,6.079528611735441e-05,0.18515023589134216,0.3228847086429596,0.007660562172532082,0.5781434178352356,1.499485731124878,,,
225,model.layers.19.self_attn.q_proj.weight,4096,1024,0.000244140625,0.00015059475845191628,2.7132840156555176,0.0010397688020020723,0.22810155153274536,0.000684655737131834,0.21844321489334106,0.22999408841133118,0.008912134915590286,0.4201112985610962,1.5317739248275757,0.00020513043273240328,8.401636123657227,1.7085565559682436e-05,0.00023053960467223078,3.789682159549557e-05,0.20095141232013702,0.293940931558609,0.004105966072529554,0.5093507766723633,1.5477291345596313,0.06492514908313751,0.06554555147886276,0.8894896507263184
225,model.layers.19.self_attn.k_proj.weight,512,1024,0.0009765625,0.0011244837660342455,3.195141315460205,5.798532129119849e-06,0.21254627406597137,0.00038764288183301687,0.2406863570213318,0.22323410212993622,0.011683578602969646,0.5837103724479675,1.3454468250274658,0.0010106153786182404,36.04181671142578,1.3891426533518825e-05,8.48028648761101e-05,7.559188816230744e-05,0.19061125814914703,0.2879263162612915,0.0068076662719249725,0.617082953453064,1.471413493156433,,,
225,model.layers.19.self_attn.v_proj.weight,512,1024,0.0009765625,0.0006670717848464847,1.5577057600021362,-0.0023948445450514555,0.16290508210659027,0.000864288886077702,0.11055662482976913,0.284066379070282,0.003768955124542117,0.726973295211792,1.4696544408798218,0.0005153674865141511,2.0233263969421387,0.0001019741321215406,7.574204209959134e-05,0.0002268125826958567,0.1838412582874298,0.3067834973335266,0.009251294657588005,0.5208228230476379,1.4240106344223022,,,
225,model.layers.19.self_attn.o_proj.weight,1024,2048,0.00048828125,0.000514166196808219,1.3975564241409302,-0.0007474870653823018,0.3105996251106262,6.222916272236034e-05,0.05443095043301582,0.5165379047393799,0.010038122534751892,0.5969492197036743,1.44757878780365,0.0004203646385576576,45.565895080566406,1.2969865565537475e-05,7.674950757063925e-05,9.247558773495257e-05,0.19940608739852905,0.29395410418510437,0.008800428360700607,0.5324162840843201,1.4728999137878418,,,
225,model.layers.1.mlp.gate_proj.weight,3584,1024,0.00027901785714285713,0.00020866599516011775,2.7536721229553223,0.00024789886083453894,0.32012566924095154,0.0007544829859398305,0.16389434039592743,0.3204393982887268,0.010001848451793194,0.5371218323707581,1.5162044763565063,0.00021007287432439625,3.9075629711151123,-3.086850483668968e-05,0.00021223659859970212,8.20222485344857e-05,0.16858850419521332,0.34766900539398193,0.006433415226638317,0.5531646013259888,1.5309714078903198,,,
225,model.layers.1.mlp.up_proj.weight,3584,1024,0.00027901785714285713,0.0011080217082053423,2.31209397315979,0.00040101230842992663,0.5797611474990845,0.00010479016782483086,0.1369197517633438,0.363189697265625,0.008741556666791439,0.5193941593170166,1.508482813835144,0.00037552096182480454,3.2018561363220215,6.435652903746814e-05,0.0002600685693323612,6.403304723789915e-05,0.15589497983455658,0.3355441987514496,0.008800072595477104,0.503719687461853,1.516932725906372,,,
225,model.layers.1.mlp.down_proj.weight,1024,3584,0.00027901785714285713,0.0002605894987937063,4.535978317260742,0.00042322403169237077,0.5441341996192932,0.0013393276603892446,0.1730019599199295,0.2965274155139923,0.013659133575856686,0.5648008584976196,1.4516507387161255,0.00019483284268062562,2.8533434867858887,5.082691495772451e-05,0.00011286859080428258,0.00016628546291030943,0.20282745361328125,0.2790658175945282,0.008133831433951855,0.5206195116043091,1.4647010564804077,0.0629400834441185,0.06938847154378891,0.9152871966362
225,model.layers.12.mlp.gate_proj.weight,3584,1024,0.00027901785714285713,0.00017964564904104918,2.7289655208587646,0.000535470200702548,0.4493270814418793,0.00047776178689673543,0.18055792152881622,0.2498059868812561,0.005217929370701313,0.5643125772476196,1.527950644493103,0.0002086075401166454,29.759737014770508,6.516314169857651e-05,0.00023309893731493503,7.706141332164407e-05,0.18197226524353027,0.3155602216720581,0.005969786085188389,0.5896430611610413,1.5346486568450928,,,
225,model.layers.12.mlp.up_proj.weight,3584,1024,0.00027901785714285713,0.00026765596703626215,2.7744088172912598,0.0005522253341041505,0.7208380699157715,0.00044435064774006605,0.20370039343833923,0.2692680358886719,0.009233876131474972,0.5234203934669495,1.5182209014892578,0.000257128820521757,21.37247657775879,0.00012894959945697337,0.0002453697088640183,9.0505309344735e-05,0.2038966417312622,0.28670817613601685,0.009643057361245155,0.507904589176178,1.5166385173797607,,,
225,model.layers.12.mlp.down_proj.weight,1024,3584,0.00027901785714285713,0.00027165355277247727,6.537126541137695,0.000627935107331723,0.6602219939231873,0.0002798977948259562,0.21173974871635437,0.272178590297699,0.02791896089911461,0.49307408928871155,1.3532898426055908,0.00024869071785360575,89.14866638183594,5.081022754893638e-05,0.000115130991616752,7.943558739498258e-05,0.18938308954238892,0.3041376769542694,0.007680455222725868,0.5828673243522644,1.4964567422866821,0.06158250942826271,0.06403268873691559,0.9218207001686096
225,model.layers.22.mlp.gate_proj.weight,3584,1024,0.00027901785714285713,0.0003430655342526734,2.65838623046875,-0.0011556735262274742,0.15511862933635712,0.001072626211680472,0.1851012259721756,0.23377327620983124,0.006671895273029804,0.525122880935669,1.5222424268722534,0.0001952686143340543,6.672961711883545,4.990171510144137e-05,0.00021635940356645733,8.806320693111047e-05,0.169841930270195,0.32346048951148987,0.007207868620753288,0.5583228468894958,1.5264230966567993,,,
225,model.layers.22.mlp.up_proj.weight,3584,1024,0.00027901785714285713,0.0005753625300712883,2.378486156463623,-0.001267849700525403,0.358992338180542,0.0010839105816558003,0.16602694988250732,0.29703137278556824,0.011199258267879486,0.5895653367042542,1.5140646696090698,0.00023004364629741758,9.418136596679688,0.00011758248001569882,0.0002672405098564923,0.00011505905422382057,0.1881743222475052,0.31117209792137146,0.010879157111048698,0.5613455772399902,1.5132067203521729,,,
225,model.layers.22.mlp.down_proj.weight,1024,3584,0.00027901785714285713,0.00040091818664222956,2.357295274734497,-0.0015842734137549996,0.3129061162471771,0.00031560988281853497,0.10073895752429962,0.412691205739975,0.013021599501371384,0.5574904680252075,1.4607120752334595,0.00028836249839514494,5.165438652038574,1.67468715517316e-05,0.00010079731146106496,6.42775121377781e-05,0.16495998203754425,0.34350213408470154,0.0083592738956213,0.5306982398033142,1.4660097360610962,0.06918869912624359,0.06321147084236145,0.8629480004310608
225,model.layers.1.linear_attn.in_proj_qkv.weight,6144,1024,0.00016276041666666666,0.00010762827878352255,2.560046672821045,-0.000931496499106288,0.268453985452652,0.0007333309040404856,0.16665631532669067,0.2865503430366516,0.007450201082974672,0.5347745418548584,1.536385416984558,0.00010514692985452712,3.252967596054077,0.0001553110923850909,0.0002925074950326234,0.00019165508274454623,0.16374975442886353,0.33072429895401,0.006355904042720795,0.5361911654472351,1.5413974523544312,0.07225369662046432,0.07022958248853683,0.8968783020973206
225,model.layers.1.linear_attn.out_proj.weight,1024,2048,0.00048828125,0.0006502893520519137,1.2822078466415405,-0.001300840638577938,0.7095654606819153,0.0003132342535536736,0.09636678546667099,0.40844205021858215,0.009709088131785393,0.5582759976387024,1.452048659324646,0.0002653552801348269,1.7244120836257935,6.24692183919251e-05,0.00012680930376518518,0.00013843954366166145,0.16406959295272827,0.3382814824581146,0.00804930180311203,0.5335258841514587,1.488015055656433,,,
225,model.layers.12.linear_attn.in_proj_qkv.weight,6144,1024,0.00016276041666666666,7.347411155933514e-05,2.166825771331787,-9.138453606283292e-05,0.5182146430015564,0.0005683494382537901,0.14776316285133362,0.2680237293243408,0.0036342251114547253,0.5948382616043091,1.5534251928329468,9.728049917612225e-05,7.428468704223633,9.82461278908886e-06,0.0003011913795489818,4.9856298574013636e-05,0.16490720212459564,0.33842217922210693,0.004438180476427078,0.5759645700454712,1.5548527240753174,0.07269037514925003,0.06778188794851303,0.8804164528846741
225,model.layers.12.linear_attn.out_proj.weight,1024,2048,0.00048828125,0.00033907825127243996,2.151388168334961,-0.0003900306473951787,0.6175347566604614,8.704224455868825e-05,0.16513371467590332,0.3179565668106079,0.02803865261375904,0.48464781045913696,1.3839396238327026,0.0003469679213594645,18.693777084350586,1.6623760529910214e-05,0.00011108020407846197,5.8818230172619224e-05,0.17894074320793152,0.321958988904953,0.007281793747097254,0.5931699872016907,1.491615653038025,,,
225,model.layers.21.linear_attn.in_proj_qkv.weight,6144,1024,0.00016276041666666666,9.905771003104746e-05,3.230786085128784,3.2516061764908955e-05,0.09927482157945633,0.0004814034909941256,0.1760624349117279,0.2655109465122223,0.004701486323028803,0.5825955867767334,1.5461535453796387,0.00010035234299721196,9.9203462600708,7.043511868687347e-05,0.0002761024807114154,6.952833064133301e-05,0.18329361081123352,0.32130053639411926,0.006234095897525549,0.5969080924987793,1.55064857006073,0.06547646969556808,0.061430007219314575,0.8911446332931519
225,model.layers.21.linear_attn.out_proj.weight,1024,2048,0.00048828125,0.00041098048677667975,2.978783130645752,-0.0004491197760216892,0.18374961614608765,0.00031050146208144724,0.1457248032093048,0.3623560070991516,0.012253937311470509,0.5547227263450623,1.4653834104537964,0.0003507262736093253,45.27609634399414,1.552358480694238e-05,0.00011316566815366969,5.5285370763158426e-05,0.19207772612571716,0.3064398467540741,0.008906280621886253,0.5199885964393616,1.4709787368774414,,,
250,model.layers.7.self_attn.q_proj.weight,4096,1024,0.000244140625,9.059127478394657e-05,1.9553512334823608,0.0008819808135740459,0.46099454164505005,0.0004678636905737221,0.16865238547325134,0.2753840982913971,0.005475612822920084,0.5364835262298584,1.541478157043457,0.00016744915046729147,5.792441368103027,4.342878673924133e-05,0.0002264879731228575,6.0233058320591226e-05,0.1878848373889923,0.30942073464393616,0.006119804456830025,0.5418317914009094,1.5418541431427002,0.054963722825050354,0.06404531002044678,0.8869202733039856
250,model.layers.7.self_attn.k_proj.weight,512,1024,0.0009765625,0.0011600226862356067,2.9863641262054443,-2.839421142653009e-07,0.3126011788845062,0.001795814954675734,0.15814252197742462,0.23115640878677368,0.02288151904940605,0.7115851044654846,1.332275152206421,0.0008314676815643907,15.238360404968262,7.647024176549166e-05,6.901295273564756e-05,9.702036913949996e-05,0.18449541926383972,0.2982049882411957,0.008770785294473171,0.6034890413284302,1.444130778312683,,,
250,model.layers.7.self_attn.v_proj.weight,512,1024,0.0009765625,0.0008107638568617404,1.5930970907211304,0.0015341449761763215,0.6001837849617004,0.00020159916311968118,0.13715539872646332,0.25322720408439636,0.002988278865814209,0.745380163192749,1.464901328086853,0.0005232519470155239,2.610401153564453,4.694603194366209e-05,0.00012068956857547164,0.00017506396397948265,0.1931764930486679,0.2988322973251343,0.007645708974450827,0.5511469841003418,1.4723676443099976,,,
250,model.layers.7.self_attn.o_proj.weight,1024,2048,0.00048828125,0.00020851934095844626,1.8474928140640259,0.0005048891762271523,0.9531387090682983,5.686014992534183e-05,0.1549694687128067,0.3165559470653534,0.019281120970845222,0.45297712087631226,1.4198651313781738,0.00044630165211856365,29.0146484375,-7.129011009965325e-06,0.000105247825558763,4.837949018110521e-05,0.17573167383670807,0.3227270841598511,0.006962039973586798,0.6257243156433105,1.5201647281646729,,,
250,model.layers.15.self_attn.q_proj.weight,4096,1024,0.000244140625,0.0001133686164394021,2.853645086288452,8.859784429660067e-05,0.40913939476013184,0.0002043737767962739,0.2058355212211609,0.24123811721801758,0.0027876785025000572,0.44907495379447937,1.551096796989441,0.00017065918655134737,10.319995880126953,1.3787996067549102e-05,0.00023282856272999197,4.270594581612386e-05,0.20931704342365265,0.27423954010009766,0.004245040938258171,0.485805481672287,1.5525482892990112,0.0695667639374733,0.06311968713998795,0.8890931606292725
250,model.layers.15.self_attn.k_proj.weight,512,1024,0.0009765625,0.0009485998889431357,4.868551731109619,-1.515284111519577e-06,0.3250039517879486,2.7855137886945158e-05,0.2609665095806122,0.22494575381278992,0.003091097343713045,0.5446162223815918,1.4793881177902222,0.0007683283183723688,11.829500198364258,0.00012126254296163097,8.322917710756883e-05,9.490179945714772e-05,0.17087799310684204,0.3286016583442688,0.005610554479062557,0.6302191615104675,1.4984056949615479,,,
250,model.layers.15.self_attn.v_proj.weight,512,1024,0.0009765625,0.0008615402039140463,1.547530174255371,0.00036497440305538476,0.3300051987171173,0.00015590732800774276,0.16348640620708466,0.27387669682502747,0.008004804141819477,0.6913567781448364,1.4517290592193604,0.0005717999301850796,2.3580315113067627,2.8475429644458927e-05,7.908006955403835e-05,3.962602204410359e-05,0.20470716059207916,0.29288986325263977,0.007293132599443197,0.5254465341567993,1.4465837478637695,,,
250,model.layers.15.self_attn.o_proj.weight,1024,2048,0.00048828125,0.0003563733771443367,1.7084519863128662,0.00013094500172883272,0.5654421448707581,2.418989060970489e-05,0.08965913951396942,0.4220726490020752,0.01821918785572052,0.529583752155304,1.430472493171692,0.00043755921069532633,22.634336471557617,3.416521576582454e-05,9.13260955712758e-05,6.681326340185478e-05,0.18664172291755676,0.31876805424690247,0.008639956824481487,0.5713825821876526,1.4852708578109741,,,
250,model.layers.19.self_attn.q_proj.weight,4096,1024,0.000244140625,0.00017086863226722926,3.375382661819458,-1.3071525245322846e-05,0.2172601819038391,0.0003479355073068291,0.2160143256187439,0.23937760293483734,0.008014525286853313,0.4326361119747162,1.5314197540283203,0.00017719123570714146,8.835221290588379,-3.6824587823502952e-06,0.0002597878046799451,4.2526306060608476e-05,0.19391252100467682,0.30281248688697815,0.003832790534943342,0.5124538540840149,1.5456756353378296,0.06405047327280045,0.06365158408880234,0.8773314356803894
250,model.layers.19.self_attn.k_proj.weight,512,1024,0.0009765625,0.0011151197832077742,3.1285762786865234,-9.396469067723956e-06,0.22927333414554596,0.00030497548868879676,0.22771698236465454,0.24385245144367218,0.009810450486838818,0.6019554138183594,1.3677629232406616,0.0009791468037292361,9.714861869812012,-1.5070550944074057e-05,7.823626947356388e-05,5.7732144341571257e-05,0.17670972645282745,0.30633822083473206,0.006388111039996147,0.635285496711731,1.4846349954605103,,,
250,model.layers.19.self_attn.v_proj.weight,512,1024,0.0009765625,0.0006026006885804236,1.4474616050720215,7.772829849272966e-05,0.18297378718852997,0.0004049295384902507,0.11525175720453262,0.28626158833503723,0.0035607933532446623,0.7227156162261963,1.4312595129013062,0.00037475317367352545,1.4800713062286377,1.5289771909010597e-05,9.602458158042282e-05,0.0006361995474435389,0.16206029057502747,0.33905673027038574,0.01306851301342249,0.5471106767654419,1.3814815282821655,,,
250,model.layers.19.self_attn.o_proj.weight,1024,2048,0.00048828125,0.0003783126303460449,1.376146674156189,2.6251329472870566e-05,0.31509965658187866,7.458019535988569e-05,0.059869978576898575,0.4851572513580322,0.007543256040662527,0.5757306218147278,1.4555753469467163,0.00044388952665030956,37.41932678222656,4.961180820828304e-06,7.713123341090977e-05,6.937274156371132e-05,0.19987605512142181,0.29481223225593567,0.009186838753521442,0.5315857529640198,1.4790722131729126,,,
250,model.layers.1.mlp.gate_proj.weight,3584,1024,0.00027901785714285713,0.0002421558165224269,2.9302117824554443,0.0006201323703862727,0.2844376862049103,0.000302342843497172,0.16499453783035278,0.3178463876247406,0.007514089811593294,0.5369340777397156,1.5211950540542603,0.00022579223150387406,5.246519088745117,6.256724736886099e-05,0.00020275465794838965,6.586938980035484e-05,0.18333451449871063,0.32101839780807495,0.007723754737526178,0.5447163581848145,1.5242652893066406,,,
250,model.layers.1.mlp.up_proj.weight,3584,1024,0.00027901785714285713,0.0002512907376512885,2.45479679107666,0.0005632973625324667,0.5060737729072571,0.00011754361185012385,0.14407016336917877,0.35205766558647156,0.00792925525456667,0.5130081176757812,1.5130224227905273,0.0002377434866502881,3.757486343383789,8.190218068193644e-05,0.0002671177207957953,8.139117562677711e-05,0.16511891782283783,0.3317815661430359,0.010948794893920422,0.510729968547821,1.5155960321426392,,,
250,model.layers.1.mlp.down_proj.weight,1024,3584,0.00027901785714285713,0.00024429470067843795,4.311191082000732,0.000587486894801259,0.485181987285614,0.0017774682492017746,0.17850475013256073,0.28803932666778564,0.015726905316114426,0.5498479008674622,1.4202220439910889,0.0002084471343550831,3.529292106628418,8.040351531235501e-05,0.00011843663378385827,0.00021005322923883796,0.19391480088233948,0.2957354784011841,0.008141308091580868,0.5517534613609314,1.4821239709854126,0.06457407772541046,0.06935315579175949,0.9177024960517883
250,model.layers.12.mlp.gate_proj.weight,3584,1024,0.00027901785714285713,0.00020153686637058854,2.5900843143463135,0.00043436232954263687,0.39139553904533386,0.000854399346280843,0.17505128681659698,0.2500617802143097,0.00581388408318162,0.5740588903427124,1.532700538635254,0.00019335758406668901,26.046112060546875,7.768159412080422e-05,0.00024547960492782295,0.00010625043796608225,0.17720702290534973,0.3224082589149475,0.006082097999751568,0.591476559638977,1.5344133377075195,,,
250,model.layers.12.mlp.up_proj.weight,3584,1024,0.00027901785714285713,0.00029141275444999337,2.628866672515869,0.0004223980940878391,0.6325464844703674,0.0004225043812766671,0.2080921232700348,0.26233431696891785,0.008825221098959446,0.5121512413024902,1.518688440322876,0.0002692576381377876,20.569421768188477,8.171048102667555e-05,0.00027626127121038735,7.133647886803374e-05,0.19540631771087646,0.2976022958755493,0.009422983042895794,0.5120151042938232,1.515080451965332,,,
250,model.layers.12.mlp.down_proj.weight,1024,3584,0.00027901785714285713,0.00026572836213745177,5.989650726318359,0.000476779299788177,0.5786085724830627,0.00016168523870874196,0.2154603898525238,0.2682827115058899,0.025359833613038063,0.48157456517219543,1.3689860105514526,0.00023280830646399409,35.8992805480957,4.0161503420677036e-05,0.00013302369916345924,8.038859232328832e-05,0.18043655157089233,0.31716853380203247,0.007979881018400192,0.5949450731277466,1.4768908023834229,0.06984715908765793,0.06435389071702957,0.9214242696762085
250,model.layers.22.mlp.gate_proj.weight,3584,1024,0.00027901785714285713,0.00025454352726228535,2.8552370071411133,0.00036988500505685806,0.14601711928844452,0.0015008411137387156,0.1727214902639389,0.2574101984500885,0.009065179154276848,0.5555580854415894,1.5224283933639526,0.00019726243044715375,7.792182922363281,4.523499228525907e-05,0.00020791390852537006,6.904901238158345e-05,0.1721038967370987,0.3384537696838379,0.006699771154671907,0.578216016292572,1.5307363271713257,,,
250,model.layers.22.mlp.up_proj.weight,3584,1024,0.00027901785714285713,0.0002807543205562979,2.4827322959899902,0.00034355951356701553,0.3542197346687317,0.0005225542117841542,0.17373740673065186,0.2958020567893982,0.009339714422821999,0.5710632801055908,1.5142587423324585,0.0002542923321016133,10.647653579711914,1.782256549631711e-05,0.00027250091079622507,0.00018260485376231372,0.1944538950920105,0.3030795156955719,0.01287374272942543,0.5476610660552979,1.502856731414795,,,
250,model.layers.22.mlp.down_proj.weight,1024,3584,0.00027901785714285713,0.00041956797940656543,2.4187874794006348,0.00044874538434669375,0.29900267720222473,0.00010950650175800547,0.0998416617512703,0.41412654519081116,0.005710163619369268,0.566312313079834,1.4683884382247925,0.00029459974030032754,4.538871765136719,-1.0352034223615192e-05,0.00010447433305671439,8.25288807391189e-05,0.1604171246290207,0.3459188640117645,0.007824636995792389,0.5259720087051392,1.4726841449737549,0.0707879364490509,0.06261652708053589,0.8631767630577087
250,model.layers.1.linear_attn.in_proj_qkv.weight,6144,1024,0.00016276041666666666,0.00010350535740144551,2.26070499420166,-0.000825660303235054,0.23397338390350342,0.0012849094346165657,0.1719300001859665,0.2712942063808441,0.010167858563363552,0.518254280090332,1.5362114906311035,0.00011015430936822668,5.257322788238525,8.586509466113057e-06,0.0003187896800227463,8.083171269390732e-05,0.17543818056583405,0.3214544653892517,0.005382069386541843,0.5417160391807556,1.5405793190002441,0.06746251881122589,0.06684839725494385,0.9097065329551697
250,model.layers.1.linear_attn.out_proj.weight,1024,2048,0.00048828125,0.00048612666432745755,1.2477834224700928,-0.0006367936148308218,0.6242968440055847,0.0005664139171130955,0.09190544486045837,0.41610828042030334,0.01401909813284874,0.5512423515319824,1.4476836919784546,0.0011718724854290485,1.9890018701553345,-1.402872567268787e-05,0.00012173096183687449,0.00013629549357574433,0.17112815380096436,0.33582064509391785,0.009123766794800758,0.5420559048652649,1.492376685142517,,,
250,model.layers.12.linear_attn.in_proj_qkv.weight,6144,1024,0.00016276041666666666,5.359698843676597e-05,2.120941162109375,-0.00016592888277955353,0.42281362414360046,0.0004540251102298498,0.1519898921251297,0.259835809469223,0.0033410124015063047,0.5899832844734192,1.550980806350708,9.598828910384327e-05,19.895858764648438,5.726100062020123e-05,0.0003756845253519714,5.07107688463293e-05,0.1630527228116989,0.34104183316230774,0.004453844856470823,0.5717990398406982,1.5559418201446533,0.051213424652814865,0.06427614390850067,0.8803882598876953
250,model.layers.12.linear_attn.out_proj.weight,1024,2048,0.00048828125,0.00026882870588451624,2.261157512664795,-0.000682646525092423,0.5328083038330078,6.0835267504444346e-05,0.1694597601890564,0.31129857897758484,0.022898519411683083,0.47806015610694885,1.4040428400039673,0.00030505951144732535,6.615309238433838,0.00010347506031394005,0.00013052948634140193,7.080698560457677e-05,0.17039750516414642,0.3325141668319702,0.0069321258924901485,0.6046665906906128,1.4842405319213867,,,
250,model.layers.21.linear_attn.in_proj_qkv.weight,6144,1024,0.00016276041666666666,0.00010388209921075031,2.807229995727539,-4.9396330723538995e-06,0.09214508533477783,0.0014359939377754927,0.17239537835121155,0.25694188475608826,0.007721336558461189,0.5730717778205872,1.546270489692688,0.00010096311598317698,8.437280654907227,3.2449101126985624e-05,0.0002706734521780163,5.5186301324283704e-05,0.18140070140361786,0.32455208897590637,0.006059605162590742,0.592491626739502,1.54985773563385,0.07421066612005234,0.0696055069565773,0.9027523398399353
250,model.layers.21.linear_attn.out_proj.weight,1024,2048,0.00048828125,0.00035871140426024795,2.811816930770874,-0.0010737157426774502,0.16891328990459442,0.00011343261576257646,0.14274129271507263,0.35512176156044006,0.006475869566202164,0.5368307828903198,1.4696086645126343,0.0003499348822515458,35.099578857421875,-1.0481135177542455e-06,0.00010926880349870771,4.240983980707824e-05,0.1937326192855835,0.30230897665023804,0.008726822212338448,0.5144067406654358,1.4703689813613892,,,
275,model.layers.7.self_attn.q_proj.weight,4096,1024,0.000244140625,0.00021320996165741235,2.32765793800354,-7.559146524727112e-06,0.41360554099082947,0.0003627181285992265,0.16671784222126007,0.27959296107292175,0.005082461982965469,0.5443961024284363,1.541388750076294,0.00015564553905278444,7.170971393585205,-4.2508186197665054e-06,0.0002199825394200161,5.615096597466618e-05,0.19698204100131989,0.2978799641132355,0.00619422597810626,0.5378490090370178,1.5387685298919678,0.06835900992155075,0.06858111172914505,0.8903180360794067
275,model.layers.7.self_attn.k_proj.weight,512,1024,0.0009765625,0.0010393986012786627,4.040528774261475,-9.475015758653171e-06,0.29179462790489197,0.0016539916396141052,0.16174139082431793,0.24098069965839386,0.029800958931446075,0.6936806440353394,1.2975457906723022,0.0009551715338602662,7.035039901733398,-0.00013584781845565885,9.172650607069954e-05,0.00017380580538883805,0.15230880677700043,0.3322697579860687,0.00851969700306654,0.6642647981643677,1.407925009727478,,,
275,model.layers.7.self_attn.v_proj.weight,512,1024,0.0009765625,0.0009213139419443905,1.663165807723999,-0.0005485716974362731,0.6198344230651855,0.00036970694782212377,0.12568286061286926,0.25318342447280884,0.0049072252586483955,0.7656649351119995,1.4519052505493164,0.0005961006972938776,3.526458978652954,4.2990726797143e-05,9.943930490408093e-05,0.00012101106403861195,0.20735543966293335,0.28170308470726013,0.007939702831208706,0.5242030024528503,1.483594298362732,,,
275,model.layers.7.self_attn.o_proj.weight,1024,2048,0.00048828125,0.0001964797411346808,2.0088517665863037,-0.0002044107677647844,0.8998036980628967,3.468150316621177e-05,0.1492074728012085,0.3420102298259735,0.018573779612779617,0.4978344738483429,1.4077357053756714,0.0004467297694645822,29.1937198638916,2.241852052975446e-05,0.00010223958815913647,5.6753615353954956e-05,0.17491427063941956,0.3222143054008484,0.006986933760344982,0.624423086643219,1.5150465965270996,,,
275,model.layers.15.self_attn.q_proj.weight,4096,1024,0.000244140625,0.0001327638456132263,3.2701845169067383,2.9072974939481355e-05,0.401478111743927,0.0005440263194032013,0.20339198410511017,0.23988550901412964,0.004282037261873484,0.4447111189365387,1.548142671585083,0.00014913227641955018,8.8248929977417,0.00014038578956387937,0.0002591846860013902,4.4463329686550424e-05,0.20775100588798523,0.2750498652458191,0.004088947083801031,0.48060548305511475,1.5552154779434204,0.06288886815309525,0.06381197273731232,0.8897554278373718
275,model.layers.15.self_attn.k_proj.weight,512,1024,0.0009765625,0.0009426278411410749,3.945784330368042,7.173752237576991e-06,0.34033945202827454,2.6871754016610794e-05,0.2594642639160156,0.2294636219739914,0.004028328228741884,0.540381908416748,1.4601320028305054,0.0009128312231041491,8.954730033874512,8.620048902230337e-05,8.986667671706527e-05,5.365896504372358e-05,0.16122567653656006,0.33243000507354736,0.004633671138435602,0.6522698998451233,1.5154640674591064,,,
275,model.layers.15.self_attn.v_proj.weight,512,1024,0.0009765625,0.0009194825543090701,1.6343364715576172,0.0003685346164274961,0.3229734003543854,0.00019373762188479304,0.17346294224262238,0.27238762378692627,0.005920127034187317,0.6804290413856506,1.4514658451080322,0.0006136316806077957,3.3163371086120605,5.384590258472599e-05,6.659574137302116e-05,6.423614831874147e-05,0.21927891671657562,0.279229998588562,0.0061957924626767635,0.5111928582191467,1.4640425443649292,,,
275,model.layers.15.self_attn.o_proj.weight,1024,2048,0.00048828125,0.0004436947638168931,1.7609013319015503,0.00012797495583072305,0.5654563307762146,4.07270053983666e-05,0.08584633469581604,0.4559051990509033,0.023035675287246704,0.5721967220306396,1.4289741516113281,0.0004088714485988021,16.726354598999023,1.396688003296731e-05,9.046777267940342e-05,6.763654528185725e-05,0.1821591854095459,0.33119329810142517,0.008227896876633167,0.5823964476585388,1.4955557584762573,,,
275,model.layers.19.self_attn.q_proj.weight,4096,1024,0.000244140625,0.00021471768559422344,2.710829019546509,0.0014973271172493696,0.24041405320167542,0.0014791603898629546,0.20673194527626038,0.2397749125957489,0.01296860072761774,0.4285392463207245,1.5271271467208862,0.00017977639799937606,7.790746688842773,1.8376966181676835e-05,0.00023218011483550072,4.1155395592795685e-05,0.19683393836021423,0.2971416711807251,0.004280692897737026,0.5098265409469604,1.5465240478515625,0.06634028255939484,0.06834588199853897,0.8674446940422058
275,model.layers.19.self_attn.k_proj.weight,512,1024,0.0009765625,0.0011119793634861708,3.368065357208252,-2.1407931853900664e-06,0.22593367099761963,0.0011696935398504138,0.23847456276416779,0.21714438498020172,0.01696932129561901,0.5728926658630371,1.3207690715789795,0.0009322427795268595,17.495439529418945,5.0402566557750106e-05,7.714549428783357e-05,9.067251085070893e-05,0.18250441551208496,0.29678136110305786,0.00639026565477252,0.6289654970169067,1.4872506856918335,,,
275,model.layers.19.self_attn.v_proj.weight,512,1024,0.0009765625,0.0007294126553460956,1.6379623413085938,-0.0011276918230578303,0.1736464500427246,0.0004354832344688475,0.15430611371994019,0.25165194272994995,0.004114814568310976,0.6619530320167542,1.4303230047225952,0.0005527781904675066,2.0068929195404053,0.00014126309542916715,7.695122621953487e-05,0.0004141184617765248,0.18492798507213593,0.31763961911201477,0.010236252099275589,0.5326148867607117,1.4190372228622437,,,
275,model.layers.19.self_attn.o_proj.weight,1024,2048,0.00048828125,0.00040563580114394426,1.3977364301681519,-0.000356546399416402,0.326171338558197,7.204357825685292e-05,0.059403374791145325,0.5299462080001831,0.006463492754846811,0.6276808977127075,1.4640039205551147,0.0004384648927953094,36.24904251098633,-3.6656640531873563e-06,7.740912406006828e-05,0.00010498891060706228,0.19954270124435425,0.29406148195266724,0.008821922354400158,0.5295860171318054,1.4640189409255981,,,
275,model.layers.1.mlp.gate_proj.weight,3584,1024,0.00027901785714285713,0.00022495562734548002,2.730872869491577,-4.891656499239616e-05,0.2916455566883087,0.0004116566851735115,0.16289834678173065,0.32993942499160767,0.008938666433095932,0.5505329966545105,1.5136549472808838,0.00025262904819101095,5.113811492919922,-1.1903282938874327e-05,0.00021361967083066702,7.04955164110288e-05,0.17674152553081512,0.3403646945953369,0.0073920125141739845,0.5561543107032776,1.5256760120391846,,,
275,model.layers.1.mlp.up_proj.weight,3584,1024,0.00027901785714285713,0.0003580929769668728,2.144803285598755,-0.00043760729022324085,0.5454605221748352,8.566262113163248e-05,0.13298432528972626,0.3620706796646118,0.006418092176318169,0.5118850469589233,1.5112476348876953,0.0002466832520440221,3.571714401245117,0.0001347078796243295,0.0002553911181166768,7.477609324268997e-05,0.16243934631347656,0.336271733045578,0.008341123349964619,0.5117185115814209,1.5179309844970703,,,
275,model.layers.1.mlp.down_proj.weight,1024,3584,0.00027901785714285713,0.0003870659274980426,3.518500566482544,-0.00045761457295157015,0.5181127190589905,0.0013719089329242706,0.17191539704799652,0.29043686389923096,0.012790508568286896,0.5591984987258911,1.4457720518112183,0.0002181266900151968,2.6106510162353516,9.959319140762091e-05,0.00011176897533005103,0.0002113523951265961,0.2021319419145584,0.2807508409023285,0.008456626906991005,0.5228433609008789,1.4674429893493652,0.06435799598693848,0.0724034532904625,0.9110550284385681
275,model.layers.12.mlp.gate_proj.weight,3584,1024,0.00027901785714285713,0.00021818354434799403,2.63114333152771,0.0017601720755919814,0.40781232714653015,0.0006109693786129355,0.18098220229148865,0.24717740714550018,0.005494367331266403,0.5709516406059265,1.530623197555542,0.0002136700350092724,24.067241668701172,4.66457313450519e-05,0.0002387540298514068,7.623928831890225e-05,0.1790083795785904,0.32129573822021484,0.006021426524966955,0.592485785484314,1.5356886386871338,,,
275,model.layers.12.mlp.up_proj.weight,3584,1024,0.00027901785714285713,0.00023747577506583184,2.6253435611724854,0.0011674705892801285,0.6583471298217773,0.0003662543895188719,0.21739356219768524,0.25217926502227783,0.006998367141932249,0.49747011065483093,1.5181915760040283,0.0002435256028547883,20.119173049926758,0.00010240132542094216,0.00024595376453362405,7.329607615247369e-05,0.20363354682922363,0.2872215211391449,0.00939641147851944,0.5104337334632874,1.5177608728408813,,,
275,model.layers.12.mlp.down_proj.weight,1024,3584,0.00027901785714285713,0.0002777155314106494,5.662784576416016,0.0012963414192199707,0.6125037670135498,0.00025383842876181006,0.21118102967739105,0.27437520027160645,0.028389595448970795,0.4946788549423218,1.361406683921814,0.0002535133098717779,31.354124069213867,6.838121043983847e-05,0.00011426669516367838,5.318242983776145e-05,0.18548348546028137,0.3091433346271515,0.007674481254070997,0.5879942774772644,1.4831722974777222,0.0706586241722107,0.06430010497570038,0.9187765121459961
275,model.layers.22.mlp.gate_proj.weight,3584,1024,0.00027901785714285713,0.0004322563763707876,2.8854925632476807,0.0021384782157838345,0.13723799586296082,0.0007495574536733329,0.16762948036193848,0.26908373832702637,0.005900136660784483,0.5676411390304565,1.5279854536056519,0.00020705485076177865,12.52423095703125,3.161933273077011e-05,0.00020347895042505115,9.564862557454035e-05,0.1863616704940796,0.3142677843570709,0.0071011255495250225,0.5722740888595581,1.5339198112487793,,,
275,model.layers.22.mlp.up_proj.weight,3584,1024,0.00027901785714285713,0.000266990129603073,2.7312543392181396,0.0018344176933169365,0.33805736899375916,0.00043063712655566633,0.1706569790840149,0.30108124017715454,0.00935093779116869,0.5901050567626953,1.5157525539398193,0.0002124641032423824,7.418616771697998,0.00013139931252226233,0.0002427902800263837,0.0001071538426913321,0.19319355487823486,0.3060138523578644,0.011072024703025818,0.5427277684211731,1.5142583847045898,,,
275,model.layers.22.mlp.down_proj.weight,1024,3584,0.00027901785714285713,0.00040994107257574797,2.3492801189422607,0.0022296581882983446,0.3041685223579407,0.00047611407353542745,0.09580665081739426,0.4274127781391144,0.01151936873793602,0.5764089822769165,1.4711230993270874,0.0002807865967042744,6.196661949157715,9.624195627111476e-06,0.00010043118527391925,9.052811947185546e-05,0.17092186212539673,0.32801634073257446,0.007994277402758598,0.5181968212127686,1.4673631191253662,0.056559208780527115,0.06700531393289566,0.8582502007484436
275,model.layers.1.linear_attn.in_proj_qkv.weight,6144,1024,0.00016276041666666666,0.0001301112788496539,2.205944776535034,0.0006391557399183512,0.24604015052318573,0.001227274420671165,0.17192909121513367,0.26319289207458496,0.009791690856218338,0.5082792639732361,1.5305843353271484,0.00012724903353955597,3.4320855140686035,7.013788126641884e-05,0.0002906908339355141,0.00020345131633803248,0.16714540123939514,0.33218395709991455,0.005805314518511295,0.543309211730957,1.5425949096679688,0.0856098011136055,0.0771009773015976,0.9015365242958069
275,model.layers.1.linear_attn.out_proj.weight,1024,2048,0.00048828125,0.007620502263307571,1.201778531074524,2.0484570995904505e-05,0.7108240723609924,0.00045695429434999824,0.08212736994028091,0.4339510202407837,0.01112347561866045,0.5693705081939697,1.421220064163208,0.0012692143209278584,1.7254201173782349,-1.957246604433749e-05,0.00012711909948848188,0.00010626592120388523,0.16562339663505554,0.348948210477829,0.008402333594858646,0.5432822704315186,1.4755785465240479,,,
275,model.layers.12.linear_attn.in_proj_qkv.weight,6144,1024,0.00016276041666666666,6.067346839699894e-05,2.1035637855529785,0.00011782426736317575,0.4163241982460022,0.00022756270482204854,0.1472829282283783,0.269427090883255,0.002233413979411125,0.6100262403488159,1.5524145364761353,0.00011824191460618749,11.470979690551758,4.256099146004999e-06,0.0002909410104621202,4.396526492200792e-05,0.1703675240278244,0.33511823415756226,0.004385992884635925,0.5776879191398621,1.5536487102508545,0.06818655133247375,0.06694208085536957,0.8796938061714172
275,model.layers.12.linear_attn.out_proj.weight,1024,2048,0.00048828125,0.0003183334192726761,2.10835862159729,8.3313905633986e-05,0.550405740737915,6.771778862457722e-05,0.166950061917305,0.3232734203338623,0.02039751596748829,0.4983523488044739,1.4001725912094116,0.00040271389298141,23.305049896240234,2.6273735784343444e-05,0.00011022186663467437,5.598755524260923e-05,0.17608751356601715,0.3261062502861023,0.006995560601353645,0.6017906069755554,1.48732590675354,,,
275,model.layers.21.linear_attn.in_proj_qkv.weight,6144,1024,0.00016276041666666666,8.818814967526123e-05,3.027742624282837,0.0001185767978313379,0.09196381270885468,0.0009963229531422257,0.17405982315540314,0.2593870162963867,0.00589178828522563,0.5775886178016663,1.5457494258880615,0.00010011057747760788,10.873992919921875,5.6832097470760345e-05,0.00027278222842141986,5.82265856792219e-05,0.18132683634757996,0.3242536783218384,0.005818589124828577,0.5975791811943054,1.5508549213409424,0.06525719910860062,0.06477495282888412,0.9028761386871338
275,model.layers.21.linear_attn.out_proj.weight,1024,2048,0.00048828125,0.0003618690534494817,2.7342870235443115,-0.0006331502227112651,0.17995142936706543,0.0002048277819994837,0.141241192817688,0.35925814509391785,0.00937320664525032,0.5404538512229919,1.4680943489074707,0.00034044202766381204,40.69191360473633,5.1387214625719935e-05,0.00010908630792982876,5.190525189391337e-05,0.1915438324213028,0.3045891523361206,0.009295348078012466,0.5189652442932129,1.4666284322738647,,,
300,model.layers.7.self_attn.q_proj.weight,4096,1024,0.000244140625,0.00012879307905677706,1.61207115650177,0.00016241737466771156,0.6139882802963257,0.0014217477291822433,0.17473740875720978,0.26944437623023987,0.008518035523593426,0.5224615931510925,1.533988356590271,0.00015062531747389585,11.60126781463623,1.0723082596086897e-05,0.0002213406696682796,6.165757804410532e-05,0.202996164560318,0.2875261902809143,0.005994181148707867,0.5339776277542114,1.545680284500122,0.07061335444450378,0.07300736755132675,0.845313549041748
300,model.layers.7.self_attn.k_proj.weight,512,1024,0.0009765625,0.001168125425465405,3.367079973220825,7.359163191722473e-06,0.3932199776172638,0.0012477308046072721,0.18674775958061218,0.2244749367237091,0.04059871286153793,0.6381586194038391,1.2963993549346924,0.0008947905153036118,11.755200386047363,9.434625098947436e-05,8.59770443639718e-05,9.10186572582461e-05,0.17094063758850098,0.3092595934867859,0.009431960061192513,0.6272785663604736,1.433709979057312,,,
300,model.layers.7.self_attn.v_proj.weight,512,1024,0.0009765625,0.000771616178099066,1.708315134048462,0.0010789446532726288,0.5955250263214111,0.0003212156007066369,0.13187871873378754,0.2468099147081375,0.0034008368384093046,0.7566872835159302,1.4636144638061523,0.0006669216672889888,3.5108213424682617,-0.00012288644211366773,9.003787999972701e-05,0.00012750006862916052,0.2103063017129898,0.2743920683860779,0.010141461156308651,0.5263112783432007,1.4656474590301514,,,
300,model.layers.7.self_attn.o_proj.weight,1024,2048,0.00048828125,0.00022073836589697748,2.1658897399902344,0.0003660489746835083,0.905113160610199,5.719967157347128e-05,0.14923065900802612,0.3337121903896332,0.02420850843191147,0.48370808362960815,1.4164772033691406,0.0004419437318574637,27.444961547851562,5.191763921175152e-05,0.00010369248047936708,7.593436748720706e-05,0.17523407936096191,0.32170000672340393,0.0070310914888978004,0.6212815046310425,1.518170952796936,,,
300,model.layers.15.self_attn.q_proj.weight,4096,1024,0.000244140625,0.00010962534724967554,2.0812344551086426,-0.0004265119496267289,0.4764479696750641,0.00019505286763887852,0.1928124576807022,0.24853071570396423,0.003253662260249257,0.4599604904651642,1.5492591857910156,0.00017080613179132342,11.14767074584961,4.9270740419160575e-05,0.00022033405548427254,3.647251651273109e-05,0.21318122744560242,0.2711802124977112,0.0041533405892550945,0.485301673412323,1.552649736404419,0.06456781923770905,0.06703837215900421,0.8874325752258301
300,model.layers.15.self_attn.k_proj.weight,512,1024,0.0009765625,0.001008656807243824,3.31197190284729,1.5823205103515647e-05,0.3460707664489746,0.00022413622355088592,0.27041712403297424,0.21135176718235016,0.0037207959685474634,0.5496907830238342,1.46501624584198,0.0011486229486763477,8.577693939208984,0.00010990021837642416,7.77373425080441e-05,4.408400127431378e-05,0.16501452028751373,0.3348943591117859,0.004996135365217924,0.6441139578819275,1.5059263706207275,,,
300,model.layers.15.self_attn.v_proj.weight,512,1024,0.0009765625,0.0008935655932873487,1.6612391471862793,0.0020298054441809654,0.3189644515514374,0.00020742772903759032,0.17210565507411957,0.26649582386016846,0.011406001634895802,0.6665891408920288,1.421436071395874,0.0006434160750359297,3.3821375370025635,2.1546377411141293e-06,7.024371734587476e-05,4.4384934881236404e-05,0.2128029316663742,0.2779143750667572,0.006361665669828653,0.5064809322357178,1.472294807434082,,,
300,model.layers.15.self_attn.o_proj.weight,1024,2048,0.00048828125,0.00041442547808401287,1.8133800029754639,0.0006682550301775336,0.5750659108161926,3.1047806260176e-05,0.09131302684545517,0.44590672850608826,0.009679161943495274,0.5601776242256165,1.436761498451233,0.0004310398071538657,15.937651634216309,4.4352371332934126e-05,9.157518070423976e-05,5.653774496749975e-05,0.18376126885414124,0.3270922899246216,0.007835528813302517,0.5744170546531677,1.4883973598480225,,,
300,model.layers.19.self_attn.q_proj.weight,4096,1024,0.000244140625,0.00016030606639105827,2.8477280139923096,0.00012254409375600517,0.231390118598938,0.000837651954498142,0.22138112783432007,0.22642889618873596,0.009608197025954723,0.4188064932823181,1.5298184156417847,0.0001650684280321002,7.826417922973633,4.0171285945689306e-05,0.00022458878811448812,4.219393667881377e-05,0.20210273563861847,0.28932660818099976,0.00428549200296402,0.5076379776000977,1.548293948173523,0.06301922351121902,0.0636938288807869,0.8759271502494812
300,model.layers.19.self_attn.k_proj.weight,512,1024,0.0009765625,0.0011374617461115122,3.270491600036621,1.2682795613727649e-06,0.24265600740909576,0.0005516416858881712,0.24963247776031494,0.2263086587190628,0.013470755890011787,0.570408821105957,1.3140262365341187,0.0009464576723985374,14.11318588256836,3.5121025575790554e-05,7.291221845662221e-05,6.417955592041835e-05,0.1834309995174408,0.29529640078544617,0.0068177273496985435,0.6321433186531067,1.4853538274765015,,,
300,model.layers.19.self_attn.v_proj.weight,512,1024,0.0009765625,0.0006286179996095598,1.5350797176361084,0.0006332137854769826,0.17252999544143677,0.00029812572756782174,0.13526852428913116,0.2664893567562103,0.0029468561988323927,0.6675658822059631,1.454788088798523,0.00041370769031345844,1.5876840353012085,0.00015548651572316885,8.668316149851307e-05,0.00010745586041593924,0.17124369740486145,0.3305983245372772,0.007323976140469313,0.5352880954742432,1.4230238199234009,,,
300,model.layers.19.self_attn.o_proj.weight,1024,2048,0.00048828125,0.0006309301243163645,1.372130036354065,0.00020047083671670407,0.32462725043296814,6.498631410067901e-05,0.056253451853990555,0.5088814496994019,0.01020878180861473,0.596659243106842,1.4716464281082153,0.00045613429392687976,29.419784545898438,4.959611942467745e-06,7.716762775089592e-05,9.20249440241605e-05,0.19681179523468018,0.3008918762207031,0.008697820827364922,0.5334345698356628,1.4666513204574585,,,
300,model.layers.1.mlp.gate_proj.weight,3584,1024,0.00027901785714285713,0.0004781695897690952,3.008094549179077,0.000480612157844007,0.29540687799453735,0.00034655630588531494,0.1655237078666687,0.31089577078819275,0.007699430920183659,0.5280956625938416,1.515395998954773,0.0005073146312497556,5.342708587646484,7.144002302084118e-05,0.00020574893278535455,9.012751979753375e-05,0.17855778336524963,0.3275849223136902,0.007228572387248278,0.5464274883270264,1.5334984064102173,,,
300,model.layers.1.mlp.up_proj.weight,3584,1024,0.00027901785714285713,0.00025681822444312274,2.6611201763153076,0.0001248794433195144,0.519216001033783,0.00011844638356706128,0.14939619600772858,0.3466223478317261,0.007682036142796278,0.514411449432373,1.5142728090286255,0.0002102993312291801,3.1998114585876465,7.581810496049002e-05,0.00025767917395569384,5.819050784339197e-05,0.15836583077907562,0.33785274624824524,0.010146628133952618,0.5070949196815491,1.5179880857467651,,,
300,model.layers.1.mlp.down_proj.weight,1024,3584,0.00027901785714285713,0.0002871185715775937,5.4427971839904785,0.0001272778317797929,0.4906618595123291,0.0014211646048352122,0.18023662269115448,0.2929380536079407,0.01696428470313549,0.5626912713050842,1.4165338277816772,0.00019937135220970958,2.99918532371521,-3.556444062269293e-05,0.00010861463670153171,0.00027060648426413536,0.2058144509792328,0.27831631898880005,0.00863240659236908,0.5214632749557495,1.4731920957565308,0.0687144547700882,0.06254910677671432,0.9184737205505371
300,model.layers.12.mlp.gate_proj.weight,3584,1024,0.00027901785714285713,0.00020197188132442534,2.5935251712799072,-0.0004462653014343232,0.41699454188346863,0.0012250785948708653,0.18074887990951538,0.24480122327804565,0.006903599947690964,0.5638328790664673,1.5251432657241821,0.00020740537729579955,22.355302810668945,0.00010592927719699219,0.0002355963079025969,9.366509038954973e-05,0.17929930984973907,0.31976619362831116,0.005837072618305683,0.5906861424446106,1.5360854864120483,,,
300,model.layers.12.mlp.up_proj.weight,3584,1024,0.00027901785714285713,0.00027027371106669307,2.6167232990264893,-0.0001884643716039136,0.6717497110366821,0.000344566855346784,0.21037907898426056,0.262258380651474,0.0071675279177725315,0.5103662610054016,1.5202969312667847,0.00025013397680595517,16.40928077697754,0.0001895748864626512,0.0002486606244929135,7.774412370054051e-05,0.20164422690868378,0.2912755310535431,0.009393858723342419,0.5120267868041992,1.5175731182098389,,,
300,model.layers.12.mlp.down_proj.weight,1024,3584,0.00027901785714285713,0.0002596222620923072,5.8722686767578125,-0.0002094235533149913,0.6201527118682861,0.00018990774697158486,0.20980283617973328,0.27505192160606384,0.02384021133184433,0.49260029196739197,1.3658548593521118,0.0002321967331226915,34.77702331542969,6.13116571912542e-05,0.0001169249735539779,4.9714522901922464e-05,0.18592329323291779,0.3085498511791229,0.007886678911745548,0.5869330167770386,1.483652114868164,0.06451821327209473,0.06371185183525085,0.9191425442695618
300,model.layers.22.mlp.gate_proj.weight,3584,1024,0.00027901785714285713,0.00023414740280713886,2.7199058532714844,0.0007844045758247375,0.14537517726421356,0.0007836414151825011,0.17287826538085938,0.2576165795326233,0.006310850847512484,0.5584803819656372,1.5285274982452393,0.00020083817071281374,8.161046028137207,7.68516656535212e-06,0.0002065713779302314,8.303594950120896e-05,0.179072305560112,0.3173118531703949,0.007890104316174984,0.5623302459716797,1.5291551351547241,,,
300,model.layers.22.mlp.up_proj.weight,3584,1024,0.00027901785714285713,0.00020746748486999422,2.6195223331451416,0.0003819760459009558,0.3490869700908661,0.00039765654946677387,0.17076994478702545,0.2954159379005432,0.008683483116328716,0.5730423927307129,1.5129765272140503,0.0002211144455941394,13.251496315002441,8.686372893862426e-05,0.00024097842106129974,0.00012548433733172715,0.1998031735420227,0.29654020071029663,0.011920284479856491,0.5439598560333252,1.5189253091812134,,,
300,model.layers.22.mlp.down_proj.weight,1024,3584,0.00027901785714285713,0.00039224783540703356,2.30786395072937,0.0004734113172162324,0.30823665857315063,0.000294394267257303,0.09501681476831436,0.42180612683296204,0.009671400301158428,0.5717073082923889,1.466903805732727,0.00025249808095395565,5.3966064453125,3.3237269235542044e-05,0.00010016303713200614,0.00011809113493654877,0.16694383323192596,0.33808228373527527,0.008597089909017086,0.5260237455368042,1.477918028831482,0.06526350975036621,0.06282949447631836,0.8598527312278748
300,model.layers.1.linear_attn.in_proj_qkv.weight,6144,1024,0.00016276041666666666,0.00019291232456453145,2.265965461730957,-6.798866525059566e-05,0.25549939274787903,0.0008532004430890083,0.16866958141326904,0.2758353650569916,0.007974069565534592,0.5175172686576843,1.5365995168685913,0.00015994947170838714,3.7755773067474365,-1.1925967555725947e-05,0.000276966457022354,0.0001692322111921385,0.17103183269500732,0.3320903480052948,0.007006686180830002,0.5473976731300354,1.541507363319397,0.06743861734867096,0.06361090391874313,0.9102385640144348
300,model.layers.1.linear_attn.out_proj.weight,1024,2048,0.00048828125,0.0005659612361341715,1.291306972503662,-8.811283805698622e-06,0.6289202570915222,0.00032428069971501827,0.09713848680257797,0.39908915758132935,0.010071932338178158,0.5372327566146851,1.4269319772720337,0.0003983346978202462,1.9479210376739502,-2.756020512606483e-05,0.00011727314267773181,8.860609523253515e-05,0.1753009706735611,0.3249933123588562,0.007940513081848621,0.5291640162467957,1.4760518074035645,,,
300,model.layers.12.linear_attn.in_proj_qkv.weight,6144,1024,0.00016276041666666666,6.004650276736356e-05,2.1020472049713135,0.00015374641225207597,0.42593854665756226,0.00027109330403618515,0.15236717462539673,0.25637349486351013,0.002792228013277054,0.5786795020103455,1.5511740446090698,8.601399895269424e-05,6.22869348526001,-2.142119592463132e-05,0.0002991340006701648,0.00010577931971056387,0.16818754374980927,0.33620887994766235,0.004486524034291506,0.5827419757843018,1.5552090406417847,0.06155851483345032,0.06580763310194016,0.8894892334938049
300,model.layers.12.linear_attn.out_proj.weight,1024,2048,0.00048828125,0.0003124283393844962,2.1898465156555176,-0.0007456667954102159,0.5632498860359192,6.229501741472632e-05,0.16751565039157867,0.3167361319065094,0.020885398611426353,0.4869984984397888,1.4222971200942993,0.00034293095814064145,17.31718635559082,-1.360770170322212e-06,0.00011186379560967907,5.928922109887935e-05,0.1759466528892517,0.3249925673007965,0.007229105569422245,0.5993046164512634,1.4776009321212769,,,
300,model.layers.21.linear_attn.in_proj_qkv.weight,6144,1024,0.00016276041666666666,0.00010119205398950726,2.696042776107788,-0.00033562988392077386,0.09390242397785187,0.0006552845006808639,0.1578420251607895,0.2749088406562805,0.004538750275969505,0.6118463277816772,1.5473335981369019,9.31622416828759e-05,8.284330368041992,6.369297352648573e-06,0.00027795491041615605,6.444531754823402e-05,0.1748298704624176,0.3369334936141968,0.005859849974513054,0.6051263809204102,1.5505331754684448,0.0643775463104248,0.06323075294494629,0.8977935314178467
300,model.layers.21.linear_attn.out_proj.weight,1024,2048,0.00048828125,0.0004288884229026735,2.599510669708252,-0.0004788559162989259,0.17837755382061005,0.000149904124555178,0.14464648067951202,0.36272522807121277,0.007993930950760841,0.5501227974891663,1.4652738571166992,0.0003648542915470898,29.06551170349121,1.4626853044319432e-05,0.00010542944073677063,3.7251658795867115e-05,0.19156154990196228,0.30854758620262146,0.008812332525849342,0.5228415131568909,1.475276231765747,,,
325,model.layers.7.self_attn.q_proj.weight,4096,1024,0.000244140625,0.0001471914874855429,2.526562213897705,0.0009620798518881202,0.37076708674430847,0.0008510834886692464,0.17604286968708038,0.2661290466785431,0.006238481029868126,0.5251619219779968,1.5390188694000244,0.00015337951481342316,8.01611614227295,6.547364591824589e-06,0.00022591579181607813,5.5105330829974264e-05,0.1967795044183731,0.2963305115699768,0.0063816700130701065,0.5342643857002258,1.5420879125595093,0.05923857539892197,0.06543822586536407,0.8978394269943237
325,model.layers.7.self_attn.k_proj.weight,512,1024,0.0009765625,0.0009854306699708104,3.254401683807373,-8.66593200044008e-06,0.2666943073272705,0.002067686291411519,0.15155817568302155,0.2649376690387726,0.021273121237754822,0.7114148139953613,1.3325345516204834,0.0009918181458488107,23.480121612548828,3.4272678021807224e-05,6.410265632439405e-05,0.00017334647418465465,0.2026320993900299,0.2801961898803711,0.008561784401535988,0.5601165890693665,1.452429175376892,,,
325,model.layers.7.self_attn.v_proj.weight,512,1024,0.0009765625,0.0008264838834293187,1.5321635007858276,-0.0003362631250638515,0.5723549723625183,0.00043915826245211065,0.1217997819185257,0.2538401186466217,0.003717575455084443,0.7710286378860474,1.4627372026443481,0.0006157083553262055,2.2039544582366943,2.4238759579020552e-05,9.445544128539041e-05,0.00013917448814027011,0.19709114730358124,0.28865286707878113,0.00942271389067173,0.5480531454086304,1.4161615371704102,,,
325,model.layers.7.self_attn.o_proj.weight,1024,2048,0.00048828125,0.00021605727670248598,1.7908433675765991,-0.00011792196164606139,0.8577399849891663,6.050059892004356e-05,0.14452196657657623,0.35249680280685425,0.01515529677271843,0.5068051218986511,1.4163223505020142,0.00045843678526580334,33.20786666870117,-1.3029404726694338e-05,9.90857370197773e-05,5.897358278161846e-05,0.17802667617797852,0.31775400042533875,0.006682070437818766,0.6187761425971985,1.5222111940383911,,,
325,model.layers.15.self_attn.q_proj.weight,4096,1024,0.000244140625,0.0001243615261046216,3.1474640369415283,0.0001377538574161008,0.404574453830719,0.00021832333004567772,0.20879268646240234,0.2372780442237854,0.003164466004818678,0.4371167719364166,1.546270728111267,0.0001634920627111569,20.718189239501953,5.6978366046678275e-05,0.00030231307027861476,2.8101665520807728e-05,0.21646620333194733,0.2681252658367157,0.003379310481250286,0.464467316865921,1.5554965734481812,0.06291457265615463,0.06469181180000305,0.894173800945282
325,model.layers.15.self_attn.k_proj.weight,512,1024,0.0009765625,0.0010190672473981977,3.464219093322754,3.1117008347791852e-06,0.33176374435424805,0.00014192018716130406,0.264295369386673,0.22469744086265564,0.004690995439887047,0.5246961712837219,1.445447325706482,0.0009251927258446813,9.509849548339844,0.00017984955047722906,9.580151527188718e-05,5.297210009302944e-05,0.1723555028438568,0.3202127516269684,0.0054704174399375916,0.6193938851356506,1.500565528869629,,,
325,model.layers.15.self_attn.v_proj.weight,512,1024,0.0009765625,0.0008298690663650632,1.6699081659317017,-0.00022827574866823852,0.3023921251296997,0.00014651381934527308,0.15088507533073425,0.2821211516857147,0.005495614837855101,0.7214979529380798,1.4315025806427002,0.000660400721244514,2.8989980220794678,-7.315579568967223e-05,7.399166497634724e-05,6.122460763435811e-05,0.2171628326177597,0.2741501033306122,0.008569183759391308,0.49960872530937195,1.449388861656189,,,
325,model.layers.15.self_attn.o_proj.weight,1024,2048,0.00048828125,0.0003903966280631721,1.8016738891601562,-7.886454841354862e-05,0.5372622013092041,3.132635174551979e-05,0.0913318395614624,0.43490028381347656,0.016726631671190262,0.550970196723938,1.445436716079712,0.00040167380939237773,22.0996036529541,3.1751849746797234e-05,9.039506403496489e-05,7.779939915053546e-05,0.1855122596025467,0.3239615857601166,0.007838914170861244,0.5810375809669495,1.4928768873214722,,,
325,model.layers.19.self_attn.q_proj.weight,4096,1024,0.000244140625,0.00017734352150000632,2.759066343307495,0.00030051040812395513,0.21944402158260345,0.0005422328249551356,0.23716162145137787,0.20161008834838867,0.007543687708675861,0.3755877912044525,1.5291904211044312,0.00015982231707312167,7.519618511199951,5.972289727651514e-05,0.0002426940918667242,2.7483389203553088e-05,0.19197086989879608,0.2920457720756531,0.0038061426021158695,0.4954207241535187,1.5497454404830933,0.07062205672264099,0.06675466895103455,0.871832013130188
325,model.layers.19.self_attn.k_proj.weight,512,1024,0.0009765625,0.0010576193453744054,2.244141101837158,-2.4347280032088747e-06,0.2527398467063904,0.0007436578162014484,0.26324060559272766,0.20927944779396057,0.01756102405488491,0.5493746399879456,1.36466646194458,0.0011339433258399367,15.847344398498535,0.00010714005475165322,8.766104292590171e-05,4.813724444829859e-05,0.1955253779888153,0.27520960569381714,0.006363959982991219,0.6225488185882568,1.4414972066879272,,,
325,model.layers.19.self_attn.v_proj.weight,512,1024,0.0009765625,0.0007126966374926269,1.3824539184570312,0.002563237678259611,0.17942973971366882,0.0008093657670542598,0.11314717680215836,0.28418099880218506,0.0041620805859565735,0.7260174751281738,1.437840461730957,0.00047547370195388794,1.703579306602478,7.734015525784343e-05,8.067950693657622e-05,0.00011690349492710084,0.16525742411613464,0.3403802812099457,0.008722428232431412,0.5497575998306274,1.3838229179382324,,,
325,model.layers.19.self_attn.o_proj.weight,1024,2048,0.00048828125,0.00038027355913072824,1.3648532629013062,0.0008894027560018003,0.30779382586479187,0.0001147541479440406,0.057807717472314835,0.48660603165626526,0.01476259995251894,0.5785407423973083,1.4652907848358154,0.00043760697008110583,37.219669342041016,2.0165682144579478e-05,7.608340820297599e-05,0.00012377889652270824,0.20079532265663147,0.2921118140220642,0.009552408941090107,0.5280505418777466,1.4614280462265015,,,
325,model.layers.1.mlp.gate_proj.weight,3584,1024,0.00027901785714285713,0.0003635218890849501,3.032819986343384,-0.0013635497307404876,0.2585487961769104,0.000508165336214006,0.16487334668636322,0.3256981372833252,0.009518670849502087,0.5528073906898499,1.513460397720337,0.0002327676338609308,5.210577011108398,7.404048665193841e-05,0.00020101448171772063,7.626852311659604e-05,0.182083398103714,0.32434895634651184,0.007279211655259132,0.546134352684021,1.5311040878295898,,,
325,model.layers.1.mlp.up_proj.weight,3584,1024,0.00027901785714285713,0.00032685991027392447,2.5650711059570312,-0.0013581659877672791,0.4631008505821228,9.772932389751077e-05,0.14786767959594727,0.35254600644111633,0.007371723651885986,0.5219003558158875,1.509931206703186,0.00022169020667206496,3.4290974140167236,3.326898877276108e-05,0.00025171961169689894,6.631022552028298e-05,0.16361738741397858,0.3416726291179657,0.007521980907768011,0.5168105363845825,1.519038438796997,,,
325,model.layers.1.mlp.down_proj.weight,1024,3584,0.00027901785714285713,0.0002566749753896147,5.283945560455322,-0.001428938121534884,0.4386535584926605,0.0009109789971262217,0.1763797402381897,0.2979379892349243,0.013273141346871853,0.5699518322944641,1.4392622709274292,0.00022536475444212556,2.439180612564087,-2.240522371721454e-05,0.00011367077968316153,0.0008689115638844669,0.2006671279668808,0.28142520785331726,0.011913339607417583,0.5199644565582275,1.4708629846572876,0.07034411281347275,0.06926893442869186,0.9186784029006958
325,model.layers.12.mlp.gate_proj.weight,3584,1024,0.00027901785714285713,0.0002498042886145413,2.630615711212158,-0.0003126996452920139,0.3911227583885193,0.0011304090730845928,0.18487893044948578,0.24027596414089203,0.006428098771721125,0.5669354796409607,1.5317533016204834,0.0002050389302894473,21.474910736083984,6.486651545856148e-05,0.00024022831348702312,7.485098467441276e-05,0.17766712605953217,0.3200114369392395,0.005896312650293112,0.5901193022727966,1.533600091934204,,,
325,model.layers.12.mlp.up_proj.weight,3584,1024,0.00027901785714285713,0.000276845385087654,2.693950653076172,-0.0004594950005412102,0.6409540772438049,0.00033820755197666585,0.21674707531929016,0.25008460879325867,0.0073515987023711205,0.5046200156211853,1.5144904851913452,0.00025088118854910135,12.964642524719238,4.9469144869362935e-05,0.0002636851859278977,9.611389396013692e-05,0.1926836371421814,0.2990846335887909,0.00914063397794962,0.5136407613754272,1.5165786743164062,,,
325,model.layers.12.mlp.down_proj.weight,1024,3584,0.00027901785714285713,0.0002599638537503779,5.627339839935303,-0.0005157121340744197,0.5877330303192139,0.0002119248965755105,0.212626114487648,0.26877349615097046,0.03332524374127388,0.48648393154144287,1.352879524230957,0.00025531891151331365,100.4151611328125,7.393564737867564e-05,0.00011429764708736911,5.93851218582131e-05,0.18773382902145386,0.3068751096725464,0.007999141700565815,0.583941638469696,1.4760154485702515,0.0763126015663147,0.06646119058132172,0.9204486012458801
325,model.layers.22.mlp.gate_proj.weight,3584,1024,0.00027901785714285713,0.0002387304703006521,2.7935826778411865,0.0001368499652016908,0.12452409416437149,0.0014398624189198017,0.17435874044895172,0.26097825169563293,0.008855740539729595,0.5517957210540771,1.524994969367981,0.000267616705968976,8.6992826461792,0.00012298068031668663,0.00020408467389643192,8.541503484593704e-05,0.18123619258403778,0.31811758875846863,0.007101471535861492,0.5682021975517273,1.5274173021316528,,,
325,model.layers.22.mlp.up_proj.weight,3584,1024,0.00027901785714285713,0.00021288720017764717,2.513352155685425,-0.0001960804220288992,0.30011969804763794,0.00091085972962901,0.16952446103096008,0.30369409918785095,0.013912954367697239,0.5811764597892761,1.510745882987976,0.00020902525284327567,10.678567886352539,6.649524584645405e-05,0.0002389221335761249,0.0001047770565492101,0.19903218746185303,0.3004055917263031,0.011389504186809063,0.544287383556366,1.5184334516525269,,,
325,model.layers.22.mlp.down_proj.weight,1024,3584,0.00027901785714285713,0.0003595160087570548,2.263763189315796,-0.0002238996239611879,0.2893734276294708,0.0005205454071983695,0.09615024924278259,0.40610039234161377,0.014806976541876793,0.5543802976608276,1.4708809852600098,0.00026278215227648616,4.586475849151611,-2.011099422816187e-05,9.970078099286184e-05,0.0001242231810465455,0.16325640678405762,0.3390774428844452,0.01089874841272831,0.522505521774292,1.4635261297225952,0.05851086974143982,0.06858696043491364,0.8551507592201233
325,model.layers.1.linear_attn.in_proj_qkv.weight,6144,1024,0.00016276041666666666,0.00019979487115051597,2.3965842723846436,0.0004793533298652619,0.22673392295837402,0.0003780782571993768,0.17197079956531525,0.2754046618938446,0.005718893371522427,0.5269219875335693,1.5381501913070679,0.00032554659992456436,3.335951328277588,4.475347668631002e-05,0.00028932359418831766,0.00017053667397703975,0.17055529356002808,0.32092714309692383,0.006306309252977371,0.5331555604934692,1.539911150932312,0.06387623399496078,0.0714072585105896,0.9098973274230957
325,model.layers.1.linear_attn.out_proj.weight,1024,2048,0.00048828125,0.0003960458852816373,1.303371787071228,0.0005259220488369465,0.5501710176467896,0.0008081670384854078,0.10004433989524841,0.3821559250354767,0.019514156505465508,0.5205330848693848,1.4231135845184326,0.0005018510273657739,1.8002111911773682,4.03890990128275e-05,0.00012299075024202466,0.00017617919365875423,0.1672833263874054,0.3359983563423157,0.010149242356419563,0.5329864621162415,1.4873689413070679,,,
325,model.layers.12.linear_attn.in_proj_qkv.weight,6144,1024,0.00016276041666666666,6.146435043774545e-05,2.011599063873291,6.86136627336964e-05,0.4272936284542084,0.000383689533919096,0.15722785890102386,0.24862690269947052,0.0026120091788470745,0.5801719427108765,1.5532960891723633,9.231398871634156e-05,6.491255760192871,3.230885704397224e-05,0.0003004951577167958,6.293854676187038e-05,0.16508036851882935,0.34450504183769226,0.004309395793825388,0.5846273899078369,1.554935336112976,0.07018473744392395,0.07013624161481857,0.8770579695701599
325,model.layers.12.linear_attn.out_proj.weight,1024,2048,0.00048828125,0.0002749939449131489,2.2611382007598877,0.0002307102840859443,0.5289133191108704,0.00010098608618136495,0.16753491759300232,0.31501778960227966,0.03282428905367851,0.4887458384037018,1.410463809967041,0.0003648545534815639,17.768049240112305,5.138850974617526e-05,0.00011362334771547467,5.7798606576398015e-05,0.17484362423419952,0.3267374038696289,0.0073470803909003735,0.601510763168335,1.4815075397491455,,,
325,model.layers.21.linear_attn.in_proj_qkv.weight,6144,1024,0.00016276041666666666,0.00010125379776582122,3.4263510704040527,0.00022465050278697163,0.09288584440946579,0.0006084837368689477,0.1722022294998169,0.2630087435245514,0.0065640960820019245,0.5844670534133911,1.5428260564804077,0.00011563452426344156,9.6011962890625,3.0315508411149494e-05,0.00028669307357631624,9.015398973133415e-05,0.1780945360660553,0.32665616273880005,0.005794742610305548,0.5942044854164124,1.5478147268295288,0.057884979993104935,0.06894505769014359,0.8889381885528564
325,model.layers.21.linear_attn.out_proj.weight,1024,2048,0.00048828125,0.0003927101206500083,2.7779171466827393,0.00030209883698262274,0.1659294068813324,0.00022254510258790106,0.1418825387954712,0.36080726981163025,0.009530073963105679,0.542361319065094,1.4694452285766602,0.00038793409476056695,36.49492263793945,4.0095732401823625e-05,0.00010690718772821128,5.119996421854012e-05,0.1929824948310852,0.3054744601249695,0.008559620939195156,0.5195958018302917,1.4759855270385742,,,
350,model.layers.7.self_attn.q_proj.weight,4096,1024,0.000244140625,0.00015001259453129023,2.2298502922058105,-0.00019003674970008433,0.45851874351501465,0.0014286763034760952,0.17410580813884735,0.27058592438697815,0.010702621191740036,0.5283007025718689,1.5350569486618042,0.00013942901568952948,6.936140060424805,2.580755426606629e-05,0.00023346033412963152,7.178759551607072e-05,0.18825162947177887,0.31411269307136536,0.0059970044530928135,0.5445993542671204,1.5398067235946655,0.06810887157917023,0.06690113246440887,0.8907065987586975
350,model.layers.7.self_attn.k_proj.weight,512,1024,0.0009765625,0.000945825653616339,2.8200840950012207,6.8545637077477295e-06,0.3379001021385193,0.0008054331410676241,0.14393310248851776,0.25995293259620667,0.026053113862872124,0.7213051319122314,1.3255895376205444,0.0008387334528379142,10.37010669708252,-2.0366571334307082e-05,7.70339829614386e-05,0.00011009561421815306,0.17331692576408386,0.3142584562301636,0.008390313945710659,0.6286934018135071,1.4325350522994995,,,
350,model.layers.7.self_attn.v_proj.weight,512,1024,0.0009765625,0.0007388881640508771,1.5042781829833984,0.0003847195766866207,0.694303035736084,0.00024992245016619563,0.11259328573942184,0.266757607460022,0.0031261465046554804,0.788677453994751,1.4696874618530273,0.0005532553768716753,2.010838031768799,-0.00011774856830015779,0.00010110870061907917,5.170205986360088e-05,0.19054636359214783,0.29909762740135193,0.006914331112056971,0.5741890072822571,1.4617315530776978,,,
350,model.layers.7.self_attn.o_proj.weight,1024,2048,0.00048828125,0.00021560459572356194,1.9143959283828735,0.00014131260104477406,0.9753750562667847,6.303509144345298e-05,0.13803653419017792,0.3629503548145294,0.021877793595194817,0.5208791494369507,1.414584755897522,0.0004996642819605768,32.22516632080078,1.4894470041326713e-05,9.945926285581663e-05,5.0835355068556964e-05,0.17775419354438782,0.3179817497730255,0.006714832969009876,0.6180508136749268,1.5227103233337402,,,
350,model.layers.15.self_attn.q_proj.weight,4096,1024,0.000244140625,0.00011879472731379792,2.7886884212493896,-5.082765710540116e-05,0.4669240713119507,0.0002313656295882538,0.20807629823684692,0.23818910121917725,0.0030356249772012234,0.45154014229774475,1.549173355102539,0.00016696564853191376,17.997406005859375,2.751644160525757e-06,0.00022198259830474854,4.2775824113050476e-05,0.2129979133605957,0.2694210410118103,0.0042779468931257725,0.48479533195495605,1.551277756690979,0.0692993551492691,0.06863506883382797,0.8833240270614624
350,model.layers.15.self_attn.k_proj.weight,512,1024,0.0009765625,0.0009621088393032551,4.0164408683776855,-1.2643191666938947e-06,0.38007137179374695,6.461345765274018e-05,0.26176977157592773,0.23313400149345398,0.003265887964516878,0.5339797735214233,1.4613510370254517,0.0008388811838813126,9.618403434753418,4.490281571634114e-05,8.266036456916481e-05,4.600807369570248e-05,0.16321419179439545,0.3326456546783447,0.004837990738451481,0.6476562023162842,1.506528615951538,,,
350,model.layers.15.self_attn.v_proj.weight,512,1024,0.0009765625,0.0008562916773371398,1.7713652849197388,0.0002080355043290183,0.3503800630569458,0.00016412202967330813,0.2054741084575653,0.25055283308029175,0.006127169821411371,0.617637574672699,1.3997987508773804,0.0007981277303770185,4.917192459106445,9.211134965880774e-06,6.419623241527006e-05,4.768794315168634e-05,0.22723402082920074,0.26559823751449585,0.006720436736941338,0.49366670846939087,1.4802074432373047,,,
350,model.layers.15.self_attn.o_proj.weight,1024,2048,0.00048828125,0.00034443108597770333,1.6715309619903564,6.439312710426748e-05,0.6502648591995239,1.6043069990701042e-05,0.09360754489898682,0.44294577836990356,0.00778552982956171,0.5557202100753784,1.4455461502075195,0.000422168814111501,22.648040771484375,2.2439975509769283e-05,9.062517347047105e-05,6.810593913542107e-05,0.18446749448776245,0.3263794779777527,0.00793375726789236,0.5785024166107178,1.4960237741470337,,,
350,model.layers.19.self_attn.q_proj.weight,4096,1024,0.000244140625,0.00017624265456106514,2.7068259716033936,0.0009331379551440477,0.26201489567756653,0.00029358541360124946,0.2565961182117462,0.1864510178565979,0.005822557024657726,0.34768661856651306,1.5304179191589355,0.00016541614604648203,8.67966365814209,6.678872887277976e-05,0.0002317206672159955,3.110396573902108e-05,0.19924117624759674,0.29008257389068604,0.004341838415712118,0.5056565999984741,1.5471113920211792,0.06979618966579437,0.06894250959157944,0.855697512626648
350,model.layers.19.self_attn.k_proj.weight,512,1024,0.0009765625,0.0012255319161340594,2.678179979324341,6.517345354950521e-06,0.27692458033561707,0.001828812644816935,0.29046687483787537,0.18770623207092285,0.0186324343085289,0.4964224696159363,1.3153533935546875,0.0010553571628406644,15.555575370788574,-1.966655872820411e-05,7.935631583677605e-05,4.495073153520934e-05,0.17980420589447021,0.2993292212486267,0.006421898957341909,0.6339913606643677,1.466744303703308,,,
350,model.layers.19.self_attn.v_proj.weight,512,1024,0.0009765625,0.0007168878801167011,1.5797216892242432,-0.003482978790998459,0.17048507928848267,0.00134520314168185,0.15369181334972382,0.250993937253952,0.006652193143963814,0.6540037989616394,1.4154399633407593,0.0005480402614921331,2.530773639678955,5.72372846363578e-05,7.313692913157865e-05,0.00022258752142079175,0.19633930921554565,0.3016294538974762,0.008700530044734478,0.5118024945259094,1.45279061794281,,,
350,model.layers.19.self_attn.o_proj.weight,1024,2048,0.00048828125,0.0006788464961573482,1.3532572984695435,-0.0010066539980471134,0.35012105107307434,7.524075772380456e-05,0.056401047855615616,0.5533671975135803,0.009159907698631287,0.6444869041442871,1.4420877695083618,0.000399991637095809,39.57387924194336,3.964263669331558e-05,7.679758709855378e-05,0.00011670879030134529,0.19407662749290466,0.3008553385734558,0.00941014476120472,0.5329142808914185,1.4720711708068848,,,
350,model.layers.1.mlp.gate_proj.weight,3584,1024,0.00027901785714285713,0.000696813513059169,3.1775174140930176,-0.00028149716672487557,0.2863513231277466,0.0004915568861179054,0.17288249731063843,0.30535632371902466,0.00959162600338459,0.5314728021621704,1.518823504447937,0.0004233192012179643,4.947587490081787,2.6579022232908756e-05,0.00020773829601239413,7.436922169290483e-05,0.17565256357192993,0.3403165936470032,0.006560071837157011,0.5547462105751038,1.5345708131790161,,,
350,model.layers.1.mlp.up_proj.weight,3584,1024,0.00027901785714285713,0.00027352641336619854,2.7826178073883057,-0.00019989785505458713,0.49817201495170593,0.00016908619727473706,0.154488667845726,0.3392221927642822,0.010099994018673897,0.5144093036651611,1.5115938186645508,0.0006628499832004309,3.6154377460479736,0.00011475445353426039,0.00025803453172557056,5.554386734729633e-05,0.16126026213169098,0.3332471251487732,0.00952365342527628,0.5065261125564575,1.5168018341064453,,,
350,model.layers.1.mlp.down_proj.weight,1024,3584,0.00027901785714285713,0.00028450554236769676,5.999654293060303,-0.00020075554493814707,0.4893378019332886,0.001351547660306096,0.17338237166404724,0.30340203642845154,0.013847787864506245,0.5789600014686584,1.4430104494094849,0.0002124288002960384,3.0136454105377197,-2.816410778905265e-05,0.00011606972839217633,0.00023441630764864385,0.1934739202260971,0.29371312260627747,0.008751274086534977,0.5441906452178955,1.477576494216919,0.0739540085196495,0.06989552825689316,0.9153962731361389
350,model.layers.12.mlp.gate_proj.weight,3584,1024,0.00027901785714285713,0.00018934872059617192,2.4911375045776367,9.302653052145615e-05,0.4529883861541748,0.0007257061079144478,0.17840991914272308,0.2490960955619812,0.006584313698112965,0.5805327296257019,1.5269602537155151,0.00021460284187924117,25.722753524780273,7.919019844848663e-05,0.00023339818289969116,0.00010433958232169971,0.18018952012062073,0.31899166107177734,0.006363514810800552,0.5904598832130432,1.5273492336273193,,,
350,model.layers.12.mlp.up_proj.weight,3584,1024,0.00027901785714285713,0.000277377461316064,2.4758825302124023,0.0002531255886424333,0.7325729727745056,0.0003845664032269269,0.21907970309257507,0.24930249154567719,0.007463150192052126,0.4958859384059906,1.5178884267807007,0.00027179066091775894,26.573461532592773,0.00012380705447867513,0.00024693936575204134,6.672995368717238e-05,0.20430587232112885,0.2875419557094574,0.00945341307669878,0.5113682150840759,1.5164271593093872,,,
350,model.layers.12.mlp.down_proj.weight,1024,3584,0.00027901785714285713,0.00025784640456549823,5.469589710235596,0.00027713930467143655,0.6876447200775146,0.00024992245016619563,0.210761159658432,0.27570104598999023,0.025414882227778435,0.50102299451828,1.3790498971939087,0.0002310299314558506,26.15306282043457,6.042784661985934e-05,0.00011991598148597404,6.523824413307011e-05,0.18132284283638,0.31476980447769165,0.007402237970381975,0.5954159498214722,1.4919166564941406,0.07484746724367142,0.07034580409526825,0.9128554463386536
350,model.layers.22.mlp.gate_proj.weight,3584,1024,0.00027901785714285713,0.00034204829717054963,2.6647562980651855,-0.0025119404308497906,0.14149683713912964,0.001776429358869791,0.16897910833358765,0.2616485059261322,0.01012108102440834,0.5707371830940247,1.5192487239837646,0.00019300573330838233,8.751033782958984,-1.8510889958633925e-06,0.00020209996728226542,6.64021645206958e-05,0.18244235217571259,0.3164299428462982,0.007567903026938438,0.5684235692024231,1.5289217233657837,,,
350,model.layers.22.mlp.up_proj.weight,3584,1024,0.00027901785714285713,0.0002298745239386335,2.3516485691070557,-0.0008848729194141924,0.3655434250831604,0.0009306202991865575,0.16704776883125305,0.30481910705566406,0.013324468396604061,0.5893900990486145,1.513624906539917,0.0002611186064314097,6.123132228851318,-0.00016001502808649093,0.00028012285474687815,0.0001878272887552157,0.19329895079135895,0.29694032669067383,0.011441177688539028,0.5483068823814392,1.5073111057281494,,,
350,model.layers.22.mlp.down_proj.weight,1024,3584,0.00027901785714285713,0.00036758536589331925,2.2857351303100586,-0.00114732317160815,0.3108055591583252,0.00012426541070453823,0.09462938457727432,0.4281732738018036,0.00551079073920846,0.5773572325706482,1.4782136678695679,0.00034464060445316136,4.80286979675293,-4.376243305159733e-05,0.00010051277786260471,9.261034574592486e-05,0.1514033079147339,0.3756692409515381,0.009018434211611748,0.5492022037506104,1.475849986076355,0.07743791490793228,0.07310041040182114,0.8614323735237122
350,model.layers.1.linear_attn.in_proj_qkv.weight,6144,1024,0.00016276041666666666,0.00013814473641104996,2.749091863632202,-0.0006034465041011572,0.2572929263114929,0.0007702310103923082,0.17165088653564453,0.2757771611213684,0.007681673392653465,0.5315296649932861,1.5337532758712769,0.00011328437540214509,3.9905593395233154,1.2930854609294329e-05,0.00029781777993775904,0.00010892705176956952,0.16757933795452118,0.33168596029281616,0.005854541901499033,0.5447357892990112,1.5409507751464844,0.07533413916826248,0.07481416314840317,0.8807615041732788
350,model.layers.1.linear_attn.out_proj.weight,1024,2048,0.00048828125,0.0002991413639392704,1.3630865812301636,-0.000471882289275527,0.565504252910614,0.0006242471863515675,0.10057444870471954,0.39798450469970703,0.016462726518511772,0.5480011105537415,1.4190397262573242,0.0017454915214329958,1.7959235906600952,0.00017111655324697495,0.00012551526015158743,9.736618085298687e-05,0.16651570796966553,0.3430892527103424,0.008240940980613232,0.5375944375991821,1.4795445203781128,,,
350,model.layers.12.linear_attn.in_proj_qkv.weight,6144,1024,0.00016276041666666666,5.559013152378611e-05,1.9405643939971924,-0.00011137325054733083,0.47793495655059814,0.0007550829905085266,0.15781986713409424,0.25799277424812317,0.004384021274745464,0.5768703818321228,1.5510209798812866,9.564312495058402e-05,8.894878387451172,4.9021535232895985e-05,0.00028307747561484575,6.665846740361303e-05,0.17160813510417938,0.3351946473121643,0.004776054993271828,0.5774222612380981,1.553128719329834,0.06502567231655121,0.06411466002464294,0.8749964833259583
350,model.layers.12.linear_attn.out_proj.weight,1024,2048,0.00048828125,0.0003048448415938765,2.162803888320923,0.00037644110852852464,0.6066063046455383,6.46052067168057e-05,0.16539616882801056,0.32076627016067505,0.024561423808336258,0.4927014708518982,1.4005717039108276,0.00037690906901843846,16.7921142578125,2.089548797812313e-05,0.0001144356865552254,5.232777402852662e-05,0.17844019830226898,0.3221800625324249,0.007268777582794428,0.5942972898483276,1.477213978767395,,,
350,model.layers.21.linear_attn.in_proj_qkv.weight,6144,1024,0.00016276041666666666,8.45858667162247e-05,2.7479474544525146,-0.00024780211970210075,0.0872378721833229,0.000828437099698931,0.16640543937683105,0.2670982778072357,0.005479371640831232,0.5945555567741394,1.5453656911849976,0.00010434623254695907,10.077098846435547,2.6927024009637535e-05,0.0002701904159039259,5.138106280355714e-05,0.18077675998210907,0.32416248321533203,0.005708914715796709,0.5945312976837158,1.5488884449005127,0.0603974312543869,0.06734412163496017,0.8943910002708435
350,model.layers.21.linear_attn.out_proj.weight,1024,2048,0.00048828125,0.00033944015740416944,3.031456232070923,-8.632084063719958e-05,0.1999904066324234,0.0001489642891101539,0.12460027635097504,0.3898521065711975,0.006487884093075991,0.5631467700004578,1.4739370346069336,0.0003476585552562028,10.499773025512695,4.342929969425313e-05,0.00011897896183654666,4.595006976160221e-05,0.18194377422332764,0.3172227144241333,0.008748095482587814,0.5206337571144104,1.4703923463821411,,,
375,model.layers.7.self_attn.q_proj.weight,4096,1024,0.000244140625,0.00011705344513757154,2.091343879699707,0.00012055749539285898,0.39567485451698303,0.0005821929662488401,0.16542109847068787,0.2717059254646301,0.006426619831472635,0.5312464237213135,1.536394476890564,0.0001704065507510677,7.752008438110352,2.8566222681547515e-05,0.00022728148906026036,8.352369331987575e-05,0.1921190470457077,0.30599695444107056,0.0068635158240795135,0.5412912368774414,1.5383574962615967,0.07704592496156693,0.07137078046798706,0.8767435550689697
375,model.layers.7.self_attn.k_proj.weight,512,1024,0.0009765625,0.0010271648643538356,3.866457939147949,-2.146552787962719e-06,0.27840378880500793,0.002944034291431308,0.1678505837917328,0.23165906965732574,0.02948484569787979,0.6767495274543762,1.3055886030197144,0.0007630925974808633,4.8813323974609375,-0.0002671753754839301,7.810597162460908e-05,0.00017185565957333893,0.17508672177791595,0.32099980115890503,0.0099320188164711,0.6177664995193481,1.4071382284164429,,,
375,model.layers.7.self_attn.v_proj.weight,512,1024,0.0009765625,0.0009448796627111733,1.7986664772033691,0.000814887520391494,0.5371528267860413,0.0003789777110796422,0.13553287088871002,0.25461286306381226,0.003650432685390115,0.7469786405563354,1.4736298322677612,0.0006037951097823679,2.168959140777588,-0.0001882457872852683,0.00010383911285316572,8.623234316473827e-05,0.1932528018951416,0.29245704412460327,0.008013098500669003,0.5653977394104004,1.4662379026412964,,,
375,model.layers.7.self_attn.o_proj.weight,1024,2048,0.00048828125,0.0002152941160602495,2.092849016189575,0.0002785594551824033,0.823582112789154,6.19413549429737e-05,0.13273762166500092,0.37375470995903015,0.01849432848393917,0.5400896668434143,1.4364904165267944,0.0004091766895726323,31.58978271484375,4.55643494206015e-05,0.00010370137897552922,6.240492075448856e-05,0.17394927144050598,0.3214298486709595,0.00671464204788208,0.6237802505493164,1.514536738395691,,,
375,model.layers.15.self_attn.q_proj.weight,4096,1024,0.000244140625,0.00013061163190286607,2.7566113471984863,0.0004898833576589823,0.3651258647441864,0.0003964289207942784,0.2172408550977707,0.22350110113620758,0.003927396144717932,0.42583343386650085,1.5453075170516968,0.00016559063806198537,9.674324035644531,1.7482814655522816e-05,0.0002286478120367974,3.0740371585125104e-05,0.20964187383651733,0.27368733286857605,0.0041264439933001995,0.48433375358581543,1.5531333684921265,0.06612668186426163,0.06631680577993393,0.8897702693939209
375,model.layers.15.self_attn.k_proj.weight,512,1024,0.0009765625,0.0012089413357898593,3.847421884536743,-8.619739674031734e-06,0.3105902373790741,0.0003589958942029625,0.26591065526008606,0.210116907954216,0.004207965452224016,0.5393269658088684,1.452230453491211,0.0007499058847315609,8.712607383728027,4.729736701847287e-06,9.494015102973208e-05,5.344309101928957e-05,0.16444265842437744,0.33323097229003906,0.004427930805832148,0.6440213322639465,1.5014796257019043,,,
375,model.layers.15.self_attn.v_proj.weight,512,1024,0.0009765625,0.0007584945415146649,1.7202774286270142,-0.0009240468498319387,0.318684458732605,0.00016317125118803233,0.19148221611976624,0.2666829824447632,0.0027069554198533297,0.6465723514556885,1.460636019706726,0.0006413157097995281,2.8413262367248535,2.8388622013153508e-05,7.671623461646959e-05,5.07742261106614e-05,0.19339489936828613,0.3084096908569336,0.006581578869372606,0.5361823439598083,1.4424179792404175,,,
375,model.layers.15.self_attn.o_proj.weight,1024,2048,0.00048828125,0.00033290093415416777,1.6918120384216309,-0.00031053100246936083,0.5754725337028503,2.4618357201688923e-05,0.08226510137319565,0.45338496565818787,0.015322013758122921,0.5692439675331116,1.4385111331939697,0.00042663642670959234,18.155681610107422,7.0262117333186325e-06,9.371236228616908e-05,6.986349035287276e-05,0.18046081066131592,0.33059898018836975,0.007712181657552719,0.5851694941520691,1.5030491352081299,,,
375,model.layers.19.self_attn.q_proj.weight,4096,1024,0.000244140625,0.0001612508058315143,3.078761339187622,0.0006116914446465671,0.20399266481399536,0.000565976370126009,0.22656415402889252,0.21992409229278564,0.007934113964438438,0.4097071588039398,1.525053858757019,0.00018144997011404485,7.227460861206055,3.444639150984585e-05,0.00023980361584108323,3.63925464625936e-05,0.1901235580444336,0.29292765259742737,0.003971983678638935,0.4998987019062042,1.5456682443618774,0.0675637349486351,0.06808700412511826,0.8913357257843018
375,model.layers.19.self_attn.k_proj.weight,512,1024,0.0009765625,0.0009333564667031169,3.5481536388397217,4.304615231376374e-06,0.1967441588640213,0.0006439572316594422,0.2691279947757721,0.19863168895244598,0.01216954831033945,0.5536125302314758,1.3626604080200195,0.0008895705104805529,15.719867706298828,4.1895902541000396e-05,7.697082037338987e-05,3.7472331314347684e-05,0.18186604976654053,0.2931744456291199,0.006558747962117195,0.6320785880088806,1.4686386585235596,,,
375,model.layers.19.self_attn.v_proj.weight,512,1024,0.0009765625,0.0005960986600257456,1.5321853160858154,0.0001378881133859977,0.15652436017990112,0.0006401609280146658,0.12075000256299973,0.2798694968223572,0.0042056976817548275,0.710357129573822,1.420722246170044,0.0004454510344658047,1.6356970071792603,8.674251876072958e-05,8.495658403262496e-05,0.00011562185682123527,0.16625769436359406,0.34264978766441345,0.008008942939341068,0.5460008978843689,1.4200190305709839,,,
375,model.layers.19.self_attn.o_proj.weight,1024,2048,0.00048828125,0.000636737619061023,1.3578791618347168,3.8837511965539306e-05,0.32495197653770447,5.785929170087911e-05,0.04698924347758293,0.5640522837638855,0.00619218684732914,0.6549249887466431,1.4632409811019897,0.00042194381239823997,30.939504623413086,1.839513970480766e-05,7.722426380496472e-05,9.770089673111215e-05,0.19487109780311584,0.3020492196083069,0.009248084388673306,0.5389639139175415,1.4703978300094604,,,
375,model.layers.1.mlp.gate_proj.weight,3584,1024,0.00027901785714285713,0.00020632600353565067,2.814239263534546,0.00018689032003749162,0.30488383769989014,0.0004947593552060425,0.16102272272109985,0.3243563175201416,0.008318742737174034,0.5408763885498047,1.5231927633285522,0.00041174181387759745,4.432616233825684,5.405498086474836e-05,0.00022173274192027748,8.687732770340517e-05,0.1688447892665863,0.34585097432136536,0.007882758975028992,0.5546725392341614,1.5286831855773926,,,
375,model.layers.1.mlp.up_proj.weight,3584,1024,0.00027901785714285713,0.0002597184502519667,2.504293918609619,-2.7280393624096178e-06,0.523263156414032,0.00011304340296192095,0.14359650015830994,0.357925146818161,0.008253218606114388,0.5184230208396912,1.505571722984314,0.00021373678464442492,3.539905309677124,-1.8337326764594764e-05,0.0002741006901487708,7.639542309334502e-05,0.1583973914384842,0.33909255266189575,0.010007541626691818,0.5110245943069458,1.5207769870758057,,,
375,model.layers.1.mlp.down_proj.weight,1024,3584,0.00027901785714285713,0.00028853400726802647,4.173895359039307,-3.8055648019508226e-06,0.5076156258583069,0.001274532056413591,0.17214596271514893,0.2956528067588806,0.01260551530867815,0.5670468807220459,1.4476279020309448,0.0002000343956751749,3.0801076889038086,2.2029567844583653e-05,0.00012110097304685041,0.0003732565091922879,0.19319330155849457,0.2917977273464203,0.008691124618053436,0.543534517288208,1.4803115129470825,0.0784677043557167,0.07523827254772186,0.9028139710426331
375,model.layers.12.mlp.gate_proj.weight,3584,1024,0.00027901785714285713,0.00019920665363315493,2.586871862411499,-0.0008514602668583393,0.38230419158935547,0.0007217061356641352,0.19397643208503723,0.23349842429161072,0.005317913368344307,0.5504907369613647,1.527405023574829,0.00022466939117293805,23.67625617980957,9.495161066297442e-05,0.00024258588382508606,8.706661901669577e-05,0.17712613940238953,0.32068967819213867,0.005989872384816408,0.5924580097198486,1.5360324382781982,,,
375,model.layers.12.mlp.up_proj.weight,3584,1024,0.00027901785714285713,0.0002747316611930728,2.4607012271881104,-0.0008503719000145793,0.6135313510894775,0.0005191443488001823,0.21647188067436218,0.25062084197998047,0.009526004083454609,0.5046747326850891,1.5170093774795532,0.00026351757696829736,17.06940460205078,0.00011027014261344448,0.0002536269021220505,0.00010339530126657337,0.19806884229183197,0.2950652539730072,0.01000855304300785,0.5118685364723206,1.5112392902374268,,,
375,model.layers.12.mlp.down_proj.weight,1024,3584,0.00027901785714285713,0.00027363625122234225,5.106924057006836,-0.0008964618318714201,0.606652557849884,0.00015353453636635095,0.19584278762340546,0.29627320170402527,0.022165855392813683,0.5395893454551697,1.4005241394042969,0.0002481206029187888,13.327712059020996,1.9202618204872124e-05,0.00011856147466460243,4.8458081437274814e-05,0.15290355682373047,0.345418781042099,0.006167547777295113,0.6668607592582703,1.5264872312545776,0.06734821200370789,0.0643676370382309,0.9122675657272339
375,model.layers.22.mlp.gate_proj.weight,3584,1024,0.00027901785714285713,0.0002702956844586879,2.827791690826416,0.00022608175640925765,0.1432575285434723,0.0011845858534798026,0.17283253371715546,0.25828737020492554,0.007587576285004616,0.5647885799407959,1.5205713510513306,0.00021138894953764975,8.37685775756836,3.769648901652545e-05,0.00021009540068916976,9.269166184822097e-05,0.17146509885787964,0.3356586992740631,0.008392849937081337,0.5740562081336975,1.5245305299758911,,,
375,model.layers.22.mlp.up_proj.weight,3584,1024,0.00027901785714285713,0.00019327181507833302,2.4409139156341553,0.00022883221390657127,0.3258185088634491,0.0006214502500370145,0.1718246042728424,0.29561761021614075,0.010211879387497902,0.5856923460960388,1.507554054260254,0.00024072310770861804,7.176899433135986,8.423247345490381e-05,0.0002427457075100392,0.00010078533523483202,0.19449377059936523,0.30629995465278625,0.010873745195567608,0.537725567817688,1.5043343305587769,,,
375,model.layers.22.mlp.down_proj.weight,1024,3584,0.00027901785714285713,0.0003140738408546895,2.5247104167938232,0.0002854119520634413,0.2888493537902832,0.0002826765412464738,0.10611700266599655,0.4013182818889618,0.008758081123232841,0.551994264125824,1.4670422077178955,0.00029554052161984146,4.7861008644104,6.623423541896045e-05,0.00010103538807015866,7.991232996573672e-05,0.1607895940542221,0.3428288400173187,0.008288577198982239,0.5237069725990295,1.4701915979385376,0.07436880469322205,0.06607808917760849,0.8685023188591003
375,model.layers.1.linear_attn.in_proj_qkv.weight,6144,1024,0.00016276041666666666,0.00014745243242941797,2.537848472595215,0.0007054271409288049,0.30333447456359863,0.0005561232683248818,0.17445772886276245,0.28184396028518677,0.007828147150576115,0.5306485295295715,1.53428053855896,0.0002248103846795857,3.9408483505249023,2.7162554033566266e-05,0.00032735458808019757,0.00014505581930279732,0.15386496484279633,0.34479743242263794,0.005143600516021252,0.5410161018371582,1.5437119007110596,0.0826047733426094,0.08112741261720657,0.8317511677742004
375,model.layers.1.linear_attn.out_proj.weight,1024,2048,0.00048828125,0.003294006921350956,1.2679862976074219,0.0010916723404079676,0.6716378927230835,0.0006686203414574265,0.09212388843297958,0.40497368574142456,0.01454358920454979,0.5338050127029419,1.43341064453125,0.0004391004331409931,1.7593384981155396,1.033262196870055e-05,0.00012713500473182648,0.0001397940213792026,0.16350102424621582,0.33033692836761475,0.008598222397267818,0.5225011110305786,1.4792940616607666,,,
375,model.layers.12.linear_attn.in_proj_qkv.weight,6144,1024,0.00016276041666666666,7.144585106289014e-05,1.9997140169143677,0.000150695675984025,0.37537509202957153,0.0004108542634639889,0.14465077221393585,0.27154576778411865,0.0030202828347682953,0.6097896695137024,1.5510475635528564,9.983299241866916e-05,7.564476490020752,3.47327659255825e-05,0.00030204682843759656,4.247068500262685e-05,0.16663871705532074,0.3354320228099823,0.004286310635507107,0.5764653086662292,1.5563501119613647,0.06957774609327316,0.07196120172739029,0.8743845224380493
375,model.layers.12.linear_attn.out_proj.weight,1024,2048,0.00048828125,0.0003030213119927794,2.1679272651672363,-7.96619788161479e-05,0.5303491353988647,5.8726036513689905e-05,0.15560947358608246,0.34628692269325256,0.012698432430624962,0.5317631363868713,1.4201215505599976,0.0002828841097652912,8.161148071289062,6.686319102300331e-05,0.00012939890439156443,6.842174479970708e-05,0.16948844492435455,0.3349703550338745,0.007070078980177641,0.6078234910964966,1.4859551191329956,,,
375,model.layers.21.linear_attn.in_proj_qkv.weight,6144,1024,0.00016276041666666666,8.875167986843735e-05,2.97782564163208,7.66512457630597e-05,0.09481042623519897,0.0005871509783901274,0.1808909922838211,0.24800020456314087,0.005213046912103891,0.566033124923706,1.5443357229232788,9.854157542577013e-05,7.63194465637207,3.7923948639217997e-06,0.0002845211129169911,0.00011231968528591096,0.17336414754390717,0.33080732822418213,0.005846386309713125,0.5944094657897949,1.549673080444336,0.05245613679289818,0.06300494819879532,0.8940212726593018
375,model.layers.21.linear_attn.out_proj.weight,1024,2048,0.00048828125,0.00035842167562805116,2.659688711166382,-0.0005935460794717073,0.1753353327512741,0.00017454662884119898,0.14727282524108887,0.3517579138278961,0.00744998874142766,0.5317060947418213,1.4791945219039917,0.00035494714393280447,24.111488342285156,7.242520223371685e-05,0.00010471117275301367,5.4314874432748184e-05,0.1939774453639984,0.3053828477859497,0.009414087049663067,0.5187222957611084,1.471543312072754,,,
400,model.layers.7.self_attn.q_proj.weight,4096,1024,0.000244140625,0.00012112469266867265,2.6496870517730713,0.0002394214679952711,0.39952021837234497,0.0010674477089196444,0.1694476306438446,0.2751013934612274,0.00875852070748806,0.5351862907409668,1.5360987186431885,0.00016141770174726844,7.154532432556152,-1.0709761227190029e-05,0.00023709259403403848,6.503301119664684e-05,0.18981726467609406,0.3094344437122345,0.006404854357242584,0.5407881140708923,1.5442880392074585,0.06459986418485641,0.0641699880361557,0.8960102200508118
400,model.layers.7.self_attn.k_proj.weight,512,1024,0.0009765625,0.0011421047383919358,4.08071756362915,1.5915674111965927e-06,0.2791423797607422,0.0036771309096366167,0.16693013906478882,0.24341920018196106,0.03140433132648468,0.6736034750938416,1.3198524713516235,0.0008634340483695269,8.939814567565918,0.00018748878210317343,7.052052387734875e-05,4.262428410584107e-05,0.19462741911411285,0.30288684368133545,0.007809223607182503,0.5768685936927795,1.4418312311172485,,,
400,model.layers.7.self_attn.v_proj.weight,512,1024,0.0009765625,0.0006488591316156089,1.6040184497833252,0.0002524841111153364,0.6121645569801331,0.000516517786309123,0.133874773979187,0.25861191749572754,0.004755306988954544,0.7452816367149353,1.4602744579315186,0.00059065583627671,2.5277411937713623,0.00013032779679633677,8.619644358986989e-05,9.9860510090366e-05,0.2099095731973648,0.28521567583084106,0.008679860271513462,0.5350666046142578,1.4820703268051147,,,
400,model.layers.7.self_attn.o_proj.weight,1024,2048,0.00048828125,0.0002013039484154433,1.9978708028793335,8.635466656414792e-05,0.9224355220794678,4.426019950187765e-05,0.14440949261188507,0.35092124342918396,0.016831811517477036,0.5042729377746582,1.4333157539367676,0.000417765841120854,38.37946319580078,1.7323554857284762e-05,0.00010277442925143987,4.6491037210216746e-05,0.17387071251869202,0.3197533190250397,0.006754465401172638,0.6256153583526611,1.5160187482833862,,,
400,model.layers.15.self_attn.q_proj.weight,4096,1024,0.000244140625,0.00012028268974972889,3.2785463333129883,6.822728755651042e-05,0.3697849214076996,0.00011713238927768543,0.21093635261058807,0.23626455664634705,0.0028616031631827354,0.44253265857696533,1.5486677885055542,0.00013490622222889215,16.324871063232422,-2.696576302696485e-05,0.00035218422999605536,2.7360434614820406e-05,0.20399507880210876,0.275058776140213,0.002958145225420594,0.45873987674713135,1.555939793586731,0.06772352010011673,0.06224347651004791,0.8923491835594177
400,model.layers.15.self_attn.k_proj.weight,512,1024,0.0009765625,0.0009217498009093106,3.9850597381591797,-6.75300225339015e-06,0.30872997641563416,2.168894570786506e-05,0.24880914390087128,0.23602573573589325,0.00357159529812634,0.5452136397361755,1.4605417251586914,0.0008812157320789993,28.66375732421875,4.8223362682620063e-05,8.678522863192484e-05,6.831382779637352e-05,0.1718931496143341,0.32380804419517517,0.0064124660566449165,0.621751070022583,1.4649590253829956,,,
400,model.layers.15.self_attn.v_proj.weight,512,1024,0.0009765625,0.000834569102153182,1.669623851776123,-0.000760632858145982,0.3272459805011749,0.00044132565381005406,0.16071848571300507,0.28370070457458496,0.004880576394498348,0.7022841572761536,1.4401869773864746,0.000726695463526994,7.0676469802856445,1.1514380275912117e-05,6.992723501753062e-05,6.412790389731526e-05,0.20321787893772125,0.2921372950077057,0.006900720298290253,0.5228528380393982,1.439055323600769,,,
400,model.layers.15.self_attn.o_proj.weight,1024,2048,0.00048828125,0.00033474405063316226,1.703498363494873,-0.00025903063942678273,0.5801341533660889,1.7092535927076824e-05,0.0809141993522644,0.4611026644706726,0.015043619088828564,0.568892776966095,1.444361925125122,0.0004116705385968089,23.59178352355957,2.2624391931458376e-05,9.333722846349701e-05,6.000946450512856e-05,0.1845494657754898,0.32014214992523193,0.008039887994527817,0.5753891468048096,1.4958415031433105,,,
400,model.layers.19.self_attn.q_proj.weight,4096,1024,0.000244140625,0.00014282058691605926,2.6535348892211914,-0.0004837783344555646,0.21955761313438416,0.00030743947718292475,0.22026711702346802,0.23983101546764374,0.007465685252100229,0.44260555505752563,1.5313462018966675,0.0001774019474396482,8.915812492370605,3.462081076577306e-05,0.00021957210265100002,3.9348720747511834e-05,0.20561638474464417,0.28838250041007996,0.004351881332695484,0.5106709003448486,1.5484111309051514,0.05739205703139305,0.06409025192260742,0.8788276314735413
400,model.layers.19.self_attn.k_proj.weight,512,1024,0.0009765625,0.0009166386444121599,3.0268099308013916,-5.068741756986128e-06,0.21958191692829132,0.0002535496896598488,0.22021140158176422,0.21859987080097198,0.011252090334892273,0.6223153471946716,1.3730682134628296,0.0009261014638468623,20.956138610839844,-6.6817024162446614e-06,7.609741442138329e-05,8.895076462067664e-05,0.17848211526870728,0.3016356825828552,0.006593296770006418,0.6364766359329224,1.4599438905715942,,,
400,model.layers.19.self_attn.v_proj.weight,512,1024,0.0009765625,0.0008538409019820392,1.4650275707244873,-0.000527114316355437,0.18672238290309906,0.0007353122346103191,0.11309632658958435,0.2909091114997864,0.0034593427553772926,0.7386137247085571,1.4440463781356812,0.0004583373374771327,1.677536964416504,-8.021546091185883e-05,8.782715303823352e-05,0.00011837876809295267,0.17138275504112244,0.33278200030326843,0.00681487238034606,0.5346584320068359,1.4325144290924072,,,
400,model.layers.19.self_attn.o_proj.weight,1024,2048,0.00048828125,0.00038703999598510563,1.3754372596740723,-0.0001836853480199352,0.3240513205528259,0.00010724362800829113,0.051169924437999725,0.5166571140289307,0.011661715805530548,0.6054822206497192,1.4363821744918823,0.0004250198835507035,24.239360809326172,3.0131321182125248e-05,7.990757148945704e-05,7.715282117715105e-05,0.19117523729801178,0.3058004081249237,0.00868158508092165,0.5363366603851318,1.469746470451355,,,
400,model.layers.1.mlp.gate_proj.weight,3584,1024,0.00027901785714285713,0.00022330810315907001,3.0591955184936523,-0.0005201348103582859,0.2552892565727234,0.0004352685355115682,0.16901713609695435,0.313759982585907,0.00877089612185955,0.5391392111778259,1.5147103071212769,0.00024730493896640837,5.535682201385498,-1.9850700482493266e-05,0.00020407374540809542,4.392094706417993e-05,0.183182492852211,0.3282862901687622,0.007487318012863398,0.5519847273826599,1.5329726934432983,,,
400,model.layers.1.mlp.up_proj.weight,3584,1024,0.00027901785714285713,0.000208773955819197,2.336819887161255,-0.00023375517048407346,0.4745410978794098,0.00013419751485344023,0.14316993951797485,0.34807541966438293,0.009086047299206257,0.5042065382003784,1.5064958333969116,0.0003295908682048321,3.6521098613739014,0.00014205696061253548,0.0002537956752348691,6.538080197060481e-05,0.16524770855903625,0.3317651152610779,0.008836536668241024,0.5097313523292542,1.5169669389724731,,,
400,model.layers.1.mlp.down_proj.weight,1024,3584,0.00027901785714285713,0.0002924600848928094,4.89457368850708,-0.00025051410193555057,0.4456293284893036,0.0007580770761705935,0.17229050397872925,0.29961496591567993,0.013678700663149357,0.5760529637336731,1.4391015768051147,0.0002728091785684228,4.927037715911865,1.686083123786375e-06,0.000141749027534388,0.0003527242224663496,0.17396533489227295,0.32243549823760986,0.008877604268491268,0.5977057814598083,1.4732592105865479,0.06970993429422379,0.06649088859558105,0.9214531183242798
400,model.layers.12.mlp.gate_proj.weight,3584,1024,0.00027901785714285713,0.00019067651010118425,2.7213127613067627,0.00019575227634049952,0.4272323548793793,0.0008047164301387966,0.1795976608991623,0.2427518367767334,0.005975133273750544,0.5772889852523804,1.5289075374603271,0.00021222562645561993,37.36061477661133,6.249436410143971e-05,0.0002373304305365309,8.840089139994234e-05,0.18083824217319489,0.3170570433139801,0.005908879451453686,0.5902848243713379,1.5347357988357544,,,
400,model.layers.12.mlp.up_proj.weight,3584,1024,0.00027901785714285713,0.00025796040426939726,2.5732200145721436,0.00016230811888817698,0.6994706988334656,0.00038614965160377324,0.20892421901226044,0.2613811194896698,0.0071823736652731895,0.5258340239524841,1.520080327987671,0.00025034270947799087,31.257699966430664,0.00013592789764516056,0.0002603364991955459,9.911686356645077e-05,0.1970597356557846,0.2921833395957947,0.009461671113967896,0.5094032883644104,1.516000747680664,,,
400,model.layers.12.mlp.down_proj.weight,1024,3584,0.00027901785714285713,0.0002553091326262802,5.579420566558838,0.0001844569924287498,0.6455535292625427,0.0002450987230986357,0.2129482626914978,0.27258461713790894,0.02986047975718975,0.49314650893211365,1.3665889501571655,0.0002484938013367355,27.722850799560547,8.991601498564705e-05,0.00014543032739311457,4.88448167743627e-05,0.17699532210826874,0.32256564497947693,0.007845262996852398,0.5991374850273132,1.4741981029510498,0.06315119564533234,0.06426018476486206,0.9204085469245911
400,model.layers.22.mlp.gate_proj.weight,3584,1024,0.00027901785714285713,0.0002246300136903301,2.7342045307159424,0.003765993984416127,0.14746038615703583,0.0005302129429765046,0.18695436418056488,0.2472706139087677,0.0060794600285589695,0.5460622310638428,1.5230745077133179,0.00024609934189356863,8.57118034362793,3.16499535983894e-05,0.0002301492786500603,0.00013162051618564874,0.1723278909921646,0.32931697368621826,0.006821935065090656,0.5713990330696106,1.5315159559249878,,,
400,model.layers.22.mlp.up_proj.weight,3584,1024,0.00027901785714285713,0.00023845952819101512,2.724900722503662,0.0021578732412308455,0.3529215157032013,0.001041954499669373,0.1662447452545166,0.30274561047554016,0.014580289833247662,0.5950542092323303,1.5106818675994873,0.0002516241220291704,10.1577787399292,-2.7976639103144407e-05,0.00025948593975044787,0.00017731233674567193,0.19134719669818878,0.30552178621292114,0.011949293315410614,0.5475260615348816,1.505994200706482,,,
400,model.layers.22.mlp.down_proj.weight,1024,3584,0.00027901785714285713,0.0004556869389489293,2.4369096755981445,0.002659144578501582,0.3134133815765381,0.00013205681170802563,0.1014879122376442,0.4149942398071289,0.006942784413695335,0.5716996788978577,1.4845902919769287,0.00035738531732931733,3.851830244064331,3.877612834912725e-05,0.00010577845387160778,8.545972377760336e-05,0.1519106775522232,0.3668869137763977,0.00850176066160202,0.5413105487823486,1.473407506942749,0.067688949406147,0.06256558001041412,0.8564066290855408
400,model.layers.1.linear_attn.in_proj_qkv.weight,6144,1024,0.00016276041666666666,9.81121847871691e-05,2.3835785388946533,-0.0001983785768970847,0.21067573130130768,0.0009100739844143391,0.17029787600040436,0.27818480134010315,0.008307226933538914,0.5277837514877319,1.537907600402832,0.00014614152314607054,4.026316165924072,1.0769741720650927e-07,0.0002850702730938792,4.6875265979906544e-05,0.1696784794330597,0.32487156987190247,0.004113285802304745,0.5371806621551514,1.5489078760147095,0.06132727861404419,0.06372026354074478,0.9112962484359741
400,model.layers.1.linear_attn.out_proj.weight,1024,2048,0.00048828125,0.0016455347649753094,1.2858012914657593,-3.141022170893848e-05,0.5611202716827393,0.0004301929147914052,0.08905035257339478,0.436565637588501,0.0122921671718359,0.5798517465591431,1.4251492023468018,0.0004731423978228122,1.8981108665466309,-8.787415936239995e-06,0.00012171186244813725,8.194305701181293e-05,0.16912472248077393,0.34819692373275757,0.007886089384555817,0.5482360124588013,1.474151611328125,,,
400,model.layers.12.linear_attn.in_proj_qkv.weight,6144,1024,0.00016276041666666666,6.602099892916158e-05,2.1125504970550537,-0.00010000478505389765,0.4693436622619629,0.00046651921002194285,0.1500663310289383,0.2691967487335205,0.00375808565877378,0.6038697361946106,1.5511618852615356,0.00010303527960786596,13.439271926879883,3.338798705954105e-05,0.0002910031471401453,6.034334364812821e-05,0.16812396049499512,0.3363974988460541,0.0043276469223201275,0.57454913854599,1.5547761917114258,0.07619943469762802,0.0649767816066742,0.8793272376060486
400,model.layers.12.linear_attn.out_proj.weight,1024,2048,0.00048828125,0.00031415195553563535,2.3045382499694824,-0.0006516423891298473,0.5710399150848389,8.578930282965302e-05,0.16646158695220947,0.3210521638393402,0.02478654868900776,0.4945107698440552,1.403671383857727,0.0002783508680295199,6.953340530395508,7.025840750429779e-05,0.00014066141739021987,6.193040462676436e-05,0.17336209118366241,0.32762446999549866,0.007321331650018692,0.5985420346260071,1.4826298952102661,,,
400,model.layers.21.linear_attn.in_proj_qkv.weight,6144,1024,0.00016276041666666666,8.38252017274499e-05,3.1298763751983643,-0.00016282268916256726,0.09676613658666611,0.0008055788348428905,0.1748967170715332,0.26023268699645996,0.005788106471300125,0.5924253463745117,1.545027256011963,9.53854396357201e-05,6.997890949249268,9.94402125797933e-06,0.00029684885521419346,4.757946226163767e-05,0.16859044134616852,0.34868940711021423,0.005074478220194578,0.6119245886802673,1.553640604019165,0.047130681574344635,0.05881670489907265,0.9012587666511536
400,model.layers.21.linear_attn.out_proj.weight,1024,2048,0.00048828125,0.00039907469181343913,2.91475248336792,-0.00022406483185477555,0.19098255038261414,0.00019904070359189063,0.14586177468299866,0.3560805320739746,0.009068245999515057,0.5402423739433289,1.4636329412460327,0.00036352899041958153,27.360029220581055,7.982071110745892e-05,0.00011477563384687528,2.187393511121627e-05,0.1888427436351776,0.3084312379360199,0.00869087502360344,0.5213753581047058,1.48599374294281,,,
425,model.layers.7.self_attn.q_proj.weight,4096,1024,0.000244140625,0.00013767860946245492,2.242661714553833,-0.00011615532275754958,0.5565661191940308,0.0014340319903567433,0.17563340067863464,0.2713370621204376,0.008912697434425354,0.5320659279823303,1.5386968851089478,0.0003357903624419123,6.989751815795898,5.2390623750397936e-05,0.00022750862990505993,7.40459217922762e-05,0.19087952375411987,0.3075256943702698,0.005978066474199295,0.5399312973022461,1.5429528951644897,0.06468134373426437,0.06914167106151581,0.8729208707809448
425,model.layers.7.self_attn.k_proj.weight,512,1024,0.0009765625,0.0010507481638342142,2.987316370010376,-9.764513379195705e-06,0.4090898334980011,0.003007008694112301,0.16560904681682587,0.24326875805854797,0.030345330014824867,0.6853652596473694,1.3052119016647339,0.0008899238891899586,7.279521465301514,9.299751400249079e-05,7.196064689196646e-05,0.00012260185030754656,0.1859048455953598,0.30333054065704346,0.007022428791970015,0.602013111114502,1.4595427513122559,,,
425,model.layers.7.self_attn.v_proj.weight,512,1024,0.0009765625,0.0007287932094186544,1.5996145009994507,0.00047447075485251844,0.7347561717033386,0.0005912494962103665,0.12636174261569977,0.2563043236732483,0.004993125796318054,0.7612167596817017,1.4546709060668945,0.0005790097638964653,2.295724868774414,0.00020880553347524256,9.11232564249076e-05,9.072171815205365e-05,0.20344628393650055,0.28584519028663635,0.007695394102483988,0.5498137474060059,1.4638980627059937,,,
425,model.layers.7.self_attn.o_proj.weight,1024,2048,0.00048828125,0.00016575396875850856,1.9677435159683228,0.00017832127923611552,1.0564043521881104,5.518415855476633e-05,0.15435823798179626,0.33164191246032715,0.019730737432837486,0.48688387870788574,1.396694302558899,0.00048255821457132697,31.545297622680664,4.6807392209302634e-05,0.00010087175905937329,5.656609937432222e-05,0.17265906929969788,0.32256755232810974,0.006645557004958391,0.6271697282791138,1.5186861753463745,,,
425,model.layers.15.self_attn.q_proj.weight,4096,1024,0.000244140625,0.00010977232159348205,2.4571635723114014,0.00035376683808863163,0.4939414858818054,0.0003907546342816204,0.2038082778453827,0.2422710508108139,0.00309653184376657,0.44530805945396423,1.5501362085342407,0.00015351975162047893,13.04995059967041,-1.9989647626061924e-06,0.00024075829423964024,3.439818465267308e-05,0.20782054960727692,0.2736411392688751,0.004006936680525541,0.47954413294792175,1.5534390211105347,0.06864625215530396,0.0648500844836235,0.8704840540885925
425,model.layers.15.self_attn.k_proj.weight,512,1024,0.0009765625,0.0010736392578110099,3.2363126277923584,-1.2808572137146257e-05,0.39468979835510254,8.796125621302053e-05,0.28890588879585266,0.20733587443828583,0.003266448387876153,0.4989255666732788,1.462010383605957,0.0008498032693751156,10.256563186645508,0.00011521424312377349,7.989484583958983e-05,4.855574297835119e-05,0.17008881270885468,0.3225642442703247,0.006221590097993612,0.6308879852294922,1.4928175210952759,,,
425,model.layers.15.self_attn.v_proj.weight,512,1024,0.0009765625,0.0010332316160202026,1.566460371017456,-1.1173116945428774e-05,0.34984415769577026,0.0001696274266578257,0.17003358900547028,0.28357449173927307,0.00893541518598795,0.6732219457626343,1.4269015789031982,0.0006776261143386364,3.2811219692230225,2.9514649213524535e-05,7.052258297335356e-05,3.713154364959337e-05,0.19973348081111908,0.30325958132743835,0.006083458662033081,0.5361743569374084,1.4606945514678955,,,
425,model.layers.15.self_attn.o_proj.weight,1024,2048,0.00048828125,0.00036586541682481766,1.7151057720184326,-2.240330104541499e-06,0.6259698271751404,2.3589971533510834e-05,0.08680631220340729,0.4563452899456024,0.016402468085289,0.5789907574653625,1.4434847831726074,0.0004867567331530154,25.1406307220459,2.3099470126908273e-05,9.006940672406927e-05,7.771023956593126e-05,0.18754807114601135,0.3163490891456604,0.00798635184764862,0.5705792307853699,1.4932013750076294,,,
425,model.layers.19.self_attn.q_proj.weight,4096,1024,0.000244140625,0.00015825811715330929,2.230929136276245,0.00014013606414664537,0.330783486366272,0.000646726053673774,0.209106907248497,0.2397303432226181,0.007853739894926548,0.4436309337615967,1.5288841724395752,0.00019530029385350645,8.874308586120605,3.340952753205784e-05,0.00022333298693411052,5.041887197876349e-05,0.19935385882854462,0.2853538990020752,0.004241124261170626,0.5005658268928528,1.547548532485962,0.07445479184389114,0.07388965040445328,0.8431782722473145
425,model.layers.19.self_attn.k_proj.weight,512,1024,0.0009765625,0.0010724588064476848,2.423062801361084,-1.0529033716011327e-05,0.379187673330307,0.00017981398559641093,0.22089973092079163,0.2308254987001419,0.006612878292798996,0.6396501660346985,1.373621940612793,0.0009229176794178784,5.615203857421875,0.0001334811677224934,9.072511602425948e-05,0.00014240530435927212,0.16411904990673065,0.3191417455673218,0.006700850557535887,0.6609126329421997,1.4717848300933838,,,
425,model.layers.19.self_attn.v_proj.weight,512,1024,0.0009765625,0.0008389048161916435,1.4074316024780273,-0.000488387537188828,0.23414213955402374,0.0009845375316217542,0.11892127990722656,0.28628283739089966,0.0049886927008628845,0.7129099369049072,1.4498745203018188,0.00045706910896115005,1.80239999294281,-0.0001051288127200678,8.315361628774554e-05,0.00013786523777525872,0.17269210517406464,0.3219122886657715,0.00883740745484829,0.5352401733398438,1.4233826398849487,,,
425,model.layers.19.self_attn.o_proj.weight,1024,2048,0.00048828125,0.0005043534911237657,1.4054938554763794,-0.00018724671099334955,0.367344468832016,0.00018692633602768183,0.06898945569992065,0.4658774733543396,0.02699582464993,0.5569226145744324,1.4588679075241089,0.00044172859634272754,29.05897331237793,1.773041731212288e-05,7.829508831491694e-05,9.151245467364788e-05,0.19418515264987946,0.30262842774391174,0.008804227225482464,0.5385405421257019,1.4729419946670532,,,
425,model.layers.1.mlp.gate_proj.weight,3584,1024,0.00027901785714285713,0.00022820825688540936,3.058418035507202,0.000568755145650357,0.3183751106262207,0.000490497681312263,0.16837312281131744,0.31878405809402466,0.008905482478439808,0.5482483506202698,1.5195239782333374,0.00020658530411310494,5.642007350921631,7.513352556998143e-06,0.0002030781761277467,6.723521073581651e-05,0.1851670742034912,0.32504570484161377,0.007853037677705288,0.5503867268562317,1.5275298357009888,,,
425,model.layers.1.mlp.up_proj.weight,3584,1024,0.00027901785714285713,0.0004599625535774976,2.4751336574554443,0.0007427703822031617,0.5827093124389648,0.00013326870976015925,0.1431824415922165,0.34960445761680603,0.008229059167206287,0.5110170841217041,1.5088894367218018,0.0006842546863481402,3.7256369590759277,0.00018994831771124154,0.00025066363741643727,7.430306868627667e-05,0.1682819426059723,0.3261939287185669,0.010472706519067287,0.5067592263221741,1.5066356658935547,,,
425,model.layers.1.mlp.down_proj.weight,1024,3584,0.00027901785714285713,0.0002743725781328976,5.289404392242432,0.0007972216699272394,0.5443438291549683,0.0008486678125336766,0.17757776379585266,0.2980369031429291,0.013991013169288635,0.5639626383781433,1.4292964935302734,0.00025388842914253473,3.2571442127227783,0.00010910714627243578,0.0001108536816900596,0.00025849349913187325,0.1999346911907196,0.28640082478523254,0.008754045702517033,0.5343172550201416,1.4683281183242798,0.06464922428131104,0.06661639362573624,0.9131444096565247
425,model.layers.12.mlp.gate_proj.weight,3584,1024,0.00027901785714285713,0.0001790167880244553,2.8613979816436768,-0.0008483207784593105,0.4492661654949188,0.0010110826697200537,0.1771012395620346,0.2510196268558502,0.006946835201233625,0.5879210233688354,1.5273706912994385,0.00020476465579122305,28.42375373840332,7.34512650524266e-05,0.0002471515617799014,4.667197572416626e-05,0.17840979993343353,0.3205832839012146,0.0057364110834896564,0.5913152694702148,1.5373594760894775,,,
425,model.layers.12.mlp.up_proj.weight,3584,1024,0.00027901785714285713,0.0002611899108160287,2.8293347358703613,-0.00034330488415434957,0.7308456897735596,0.0003202232182957232,0.21470089256763458,0.25766006112098694,0.0074719274416565895,0.5115013718605042,1.5129727125167847,0.0002468034508638084,26.91535758972168,0.00011684100900311023,0.0002575851685833186,9.680551738711074e-05,0.20027966797351837,0.29195287823677063,0.008935344405472279,0.5117496252059937,1.5180498361587524,,,
425,model.layers.12.mlp.down_proj.weight,1024,3584,0.00027901785714285713,0.0002486398443579674,6.254631042480469,-0.0003707559662871063,0.6991899013519287,0.00011433126928750426,0.21008098125457764,0.281736820936203,0.019668688997626305,0.5126150250434875,1.4007420539855957,0.00024151193792931736,33.81720733642578,4.2716921598184854e-05,0.00013597463839687407,7.90190024417825e-05,0.17830100655555725,0.3173900842666626,0.007684008218348026,0.5961357951164246,1.482143521308899,0.05939864739775658,0.06420750170946121,0.9135841727256775
425,model.layers.22.mlp.gate_proj.weight,3584,1024,0.00027901785714285713,0.0002806743432302028,2.7720398902893066,0.003003345802426338,0.14326608180999756,0.0007728122873231769,0.18461647629737854,0.24734023213386536,0.006681704893708229,0.542843222618103,1.5216487646102905,0.0001994982158066705,13.380961418151855,3.773337448365055e-05,0.00020464921544771641,5.9887333918595687e-05,0.18527600169181824,0.3113335371017456,0.007183689158409834,0.5681247711181641,1.5292876958847046,,,
425,model.layers.22.mlp.up_proj.weight,3584,1024,0.00027901785714285713,0.0004984703846275806,2.5469915866851807,0.0014652205863967538,0.3462457060813904,0.0007205619476735592,0.16938814520835876,0.30294162034988403,0.01155014242976904,0.5850354433059692,1.512210726737976,0.00022693097707815468,6.88775110244751,-9.498142753727734e-05,0.00029048725264146924,0.00016964257520157844,0.1928926557302475,0.2978277802467346,0.011611859314143658,0.5779082179069519,1.5132781267166138,,,
425,model.layers.22.mlp.down_proj.weight,1024,3584,0.00027901785714285713,0.00036977080162614584,2.156487464904785,0.0017002004897221923,0.32741597294807434,0.00047596407239325345,0.09982915222644806,0.39873239398002625,0.011896409094333649,0.544095516204834,1.4655789136886597,0.00029786332743242383,4.927525997161865,-1.8087514774833835e-07,0.00010278669651597738,8.297002932522446e-05,0.16318681836128235,0.3461507558822632,0.009741170331835747,0.5307350158691406,1.4681711196899414,0.07436878979206085,0.0699247419834137,0.855026125907898
425,model.layers.1.linear_attn.in_proj_qkv.weight,6144,1024,0.00016276041666666666,0.00010769611253635958,2.4679784774780273,-0.0005595479742623866,0.2710915207862854,0.0010783642064779997,0.16736240684986115,0.2807963490486145,0.008001160807907581,0.5274752974510193,1.538945198059082,0.00011936923692701384,4.981335163116455,2.186624624300748e-05,0.00026648060884326696,6.0504029534058645e-05,0.18451103568077087,0.31222647428512573,0.004635926336050034,0.5426166653633118,1.542841911315918,0.06468718498945236,0.0714106485247612,0.900478184223175
425,model.layers.1.linear_attn.out_proj.weight,1024,2048,0.00048828125,0.00019485142547637224,1.3146589994430542,-0.0004526736738625914,0.6578844785690308,0.0010738385608419776,0.09919554740190506,0.39038535952568054,0.021653255447745323,0.5354013442993164,1.437863826751709,0.0003632017760537565,2.0317015647888184,1.429743497283198e-05,0.00011640840966720134,7.920463394839317e-05,0.17399077117443085,0.33769699931144714,0.007989110425114632,0.5470232367515564,1.490631103515625,,,
425,model.layers.12.linear_attn.in_proj_qkv.weight,6144,1024,0.00016276041666666666,6.550663965754211e-05,2.459179639816284,9.986067016143352e-05,0.45427292585372925,0.00047581878607161343,0.1540403813123703,0.2668461799621582,0.0033895387314260006,0.5999221205711365,1.5531381368637085,0.00010025714436778799,9.827469825744629,1.5383036952698603e-05,0.00029935885686427355,8.079942199401557e-05,0.16578717529773712,0.3424376845359802,0.004691170994192362,0.5812979340553284,1.5539709329605103,0.05857774242758751,0.06316094845533371,0.8801537752151489
425,model.layers.12.linear_attn.out_proj.weight,1024,2048,0.00048828125,0.0002910967159550637,2.413959503173828,-0.00043468468356877565,0.6059810519218445,6.636443140450865e-05,0.16391852498054504,0.3382386267185211,0.01723448373377323,0.5226678848266602,1.4213453531265259,0.0003651590959634632,25.199851989746094,2.0396906620590016e-05,0.00011484327842481434,6.809417391195893e-05,0.17580413818359375,0.32360026240348816,0.007235520984977484,0.5976895093917847,1.4765533208847046,,,
425,model.layers.21.linear_attn.in_proj_qkv.weight,6144,1024,0.00016276041666666666,8.35298778838478e-05,3.037569284439087,-7.454981096088886e-05,0.10591041296720505,0.0013225668808445334,0.16235601902008057,0.27253997325897217,0.007331749424338341,0.6032227873802185,1.5443891286849976,0.00012223717931192368,8.839884757995605,3.9123042370192707e-05,0.0003290413587819785,6.76745839882642e-05,0.17643395066261292,0.32862749695777893,0.006236628629267216,0.5978110432624817,1.547412633895874,0.07154953479766846,0.0662810355424881,0.8960695266723633
425,model.layers.21.linear_attn.out_proj.weight,1024,2048,0.00048828125,0.0003672355960588902,3.0954110622406006,0.00040135541348718107,0.20458123087882996,0.0002560966822784394,0.1460743397474289,0.3520743250846863,0.01016254723072052,0.5258257389068604,1.4610143899917603,0.0003100537578575313,5.849781036376953,1.3524235328077339e-05,0.00013761651644017547,5.808789865113795e-05,0.17331360280513763,0.33231115341186523,0.008584391325712204,0.5271580815315247,1.4702014923095703,,,
450,model.layers.7.self_attn.q_proj.weight,4096,1024,0.000244140625,0.00012766686268150806,2.584569215774536,-0.00044102210085839033,0.43446218967437744,0.001569513464346528,0.1738356202840805,0.25968697667121887,0.010105841793119907,0.5138335824012756,1.533259630203247,0.00015459323185496032,14.004542350769043,0.00012344632705207914,0.0002646379289217293,6.157704046927392e-05,0.18476136028766632,0.3129696249961853,0.006338413339108229,0.5398548245429993,1.5377020835876465,0.07120631635189056,0.0677376389503479,0.8902515172958374
450,model.layers.7.self_attn.k_proj.weight,512,1024,0.0009765625,0.0009600332705304027,3.6143319606781006,1.93414985005802e-06,0.3137187361717224,0.0029116286896169186,0.1585293859243393,0.23787716031074524,0.034007176756858826,0.6842256188392639,1.315908432006836,0.0009175881859846413,8.774443626403809,2.1158584786462598e-05,8.046004950301722e-05,0.00016391444660257548,0.1713913530111313,0.3252878487110138,0.0084178876131773,0.6251854300498962,1.4440468549728394,,,
450,model.layers.7.self_attn.v_proj.weight,512,1024,0.0009765625,0.0007723792805336416,1.5932750701904297,-0.0005616656853817403,0.6661189794540405,0.0002492467174306512,0.1300734281539917,0.2584754228591919,0.0032267754431813955,0.7573137879371643,1.4505056142807007,0.0006399521371349692,3.100135564804077,4.7204062866512686e-05,9.046071500051767e-05,0.000126592320157215,0.2061900496482849,0.2818432152271271,0.00708917947486043,0.5423856973648071,1.468601107597351,,,
450,model.layers.7.self_attn.o_proj.weight,1024,2048,0.00048828125,0.00018538115546107292,1.9450891017913818,-0.00020350972772575915,0.9740594625473022,2.6469930162420496e-05,0.15270894765853882,0.33410531282424927,0.015690218657255173,0.48522529006004333,1.4198942184448242,0.0004493262676987797,25.544584274291992,1.6143590983119793e-05,0.00010178607772104442,5.9021651395596564e-05,0.17461641132831573,0.3240774869918823,0.006585047114640474,0.625089704990387,1.5226333141326904,,,
450,model.layers.15.self_attn.q_proj.weight,4096,1024,0.000244140625,0.00012254100874997675,2.9903149604797363,0.0004070685536134988,0.40674206614494324,0.0002880767860915512,0.210335373878479,0.23189949989318848,0.0034104259684681892,0.4325512647628784,1.5484610795974731,0.00016918775509111583,16.53056526184082,8.784791134530678e-06,0.0002197645662818104,3.190584902768023e-05,0.2162197083234787,0.26800665259361267,0.004425517749041319,0.4860169589519501,1.5512609481811523,0.0618148036301136,0.06223492696881294,0.8943282961845398
450,model.layers.15.self_attn.k_proj.weight,512,1024,0.0009765625,0.001002840232104063,3.8067216873168945,-1.2420790653777658e-06,0.3283441662788391,0.0005268808454275131,0.2506852149963379,0.23859433829784393,0.005343950353562832,0.5420827269554138,1.435862421989441,0.0009556313743814826,13.00312328338623,5.826882261317223e-05,7.435026782331988e-05,8.816603076411411e-05,0.17372892796993256,0.32546475529670715,0.006217440590262413,0.625213086605072,1.5004380941390991,,,
450,model.layers.15.self_attn.v_proj.weight,512,1024,0.0009765625,0.0008826036937534809,1.734379768371582,-0.0005137029220350087,0.3025383949279785,0.00011274794087512419,0.20392465591430664,0.24666781723499298,0.007558895740658045,0.6080978512763977,1.442240595817566,0.0006111293914727867,2.694300889968872,-1.2659544154303148e-05,7.259099947987124e-05,4.3165578972548246e-05,0.20758314430713654,0.29066023230552673,0.006560821086168289,0.5209105014801025,1.4629191160202026,,,
450,model.layers.15.self_attn.o_proj.weight,1024,2048,0.00048828125,0.0003901216259691864,1.596458911895752,-0.0001581424003234133,0.5787618160247803,1.198047903017141e-05,0.08170466125011444,0.46435976028442383,0.011820022948086262,0.5686699151992798,1.4527208805084229,0.00042096085962839425,16.384525299072266,3.510274109430611e-05,9.035243419930339e-05,5.215123019297607e-05,0.18333002924919128,0.32817038893699646,0.007630816660821438,0.5757336616516113,1.4916023015975952,,,
450,model.layers.19.self_attn.q_proj.weight,4096,1024,0.000244140625,0.0001618612586753443,2.64361834526062,2.2102371076471172e-05,0.21593764424324036,0.00041385035729035735,0.20494043827056885,0.24493849277496338,0.007561262231320143,0.45186561346054077,1.5348271131515503,0.00017909520829562098,6.525094985961914,1.635990156501066e-05,0.00022385934425983578,4.238098335918039e-05,0.19586771726608276,0.2926063537597656,0.004199173301458359,0.5049635767936707,1.5475683212280273,0.0750807672739029,0.06919953972101212,0.8886419534683228
450,model.layers.19.self_attn.k_proj.weight,512,1024,0.0009765625,0.0009946036152541637,3.3243157863616943,7.082896445353981e-06,0.21369028091430664,0.0002047922753263265,0.23338328301906586,0.22762972116470337,0.009729416109621525,0.6005849242210388,1.3789697885513306,0.0009410883649252355,16.266128540039062,4.001165507361293e-05,7.549759902758524e-05,2.9339698812691495e-05,0.18186762928962708,0.2984085977077484,0.006160879973322153,0.6349889636039734,1.4882787466049194,,,
450,model.layers.19.self_attn.v_proj.weight,512,1024,0.0009765625,0.0007815136341378093,1.4730453491210938,0.0005257728626020253,0.17453134059906006,0.0018725537229329348,0.11092870682477951,0.2851729691028595,0.005760306492447853,0.7314261198043823,1.4468204975128174,0.000479485432151705,1.9978724718093872,0.00012439329293556511,7.447333337040618e-05,0.00010149059380637482,0.18004648387432098,0.3180660307407379,0.008502291515469551,0.5254318118095398,1.4318902492523193,,,
450,model.layers.19.self_attn.o_proj.weight,1024,2048,0.00048828125,0.00037442799657583237,1.2864887714385986,0.00015812540368642658,0.3435412049293518,6.25277534709312e-05,0.04944795370101929,0.5296239256858826,0.0091268140822649,0.609399139881134,1.4483917951583862,0.0004151112516410649,30.562110900878906,3.59936457243748e-05,7.600801473017782e-05,6.522698822664097e-05,0.19974955916404724,0.2955191135406494,0.008499795570969582,0.5355911254882812,1.4839167594909668,,,
450,model.layers.1.mlp.gate_proj.weight,3584,1024,0.00027901785714285713,0.00022458069724962115,2.527801513671875,0.00017159887647721916,0.3260839283466339,0.0007628329331055284,0.159213125705719,0.318848192691803,0.010239546187222004,0.5312156677246094,1.5185633897781372,0.0002063723950413987,4.196378707885742,5.632889588014223e-05,0.00022110927966423333,7.692793587921187e-05,0.1631312519311905,0.36216357350349426,0.00759107805788517,0.5635883808135986,1.5173579454421997,,,
450,model.layers.1.mlp.up_proj.weight,3584,1024,0.00027901785714285713,0.0002217690198449418,2.176506519317627,0.0008685833308845758,0.6082970499992371,0.0001209917027154006,0.13327336311340332,0.3585582375526428,0.009450062178075314,0.5098050236701965,1.51094651222229,0.0003287327999714762,4.387208461761475,7.230335177155212e-05,0.0002749378909356892,6.919816951267421e-05,0.16730919480323792,0.3215971291065216,0.009577845223248005,0.503042459487915,1.5177229642868042,,,
450,model.layers.1.mlp.down_proj.weight,1024,3584,0.00027901785714285713,0.0002843528345692903,4.628920078277588,0.0009794986108317971,0.5385761857032776,0.0018651641439646482,0.17819909751415253,0.28831955790519714,0.02061903104186058,0.5484942197799683,1.4096033573150635,0.00022678053937852383,6.566664218902588,5.748937837779522e-05,0.00011789211566792801,0.00018287454440724105,0.18951568007469177,0.30313050746917725,0.008409054018557072,0.5713285207748413,1.4760253429412842,0.06484827399253845,0.0695028156042099,0.903892457485199
450,model.layers.12.mlp.gate_proj.weight,3584,1024,0.00027901785714285713,0.00018527200154494494,2.875131845474243,6.971645780140534e-05,0.41231003403663635,0.001205608481541276,0.18345299363136292,0.2408437728881836,0.006969229318201542,0.5638813972473145,1.531354308128357,0.00019842390611302108,28.683135986328125,9.756301733432338e-05,0.00023363727086689323,7.777907740091905e-05,0.18177518248558044,0.3157029449939728,0.005862737540155649,0.5910601019859314,1.537215232849121,,,
450,model.layers.12.mlp.up_proj.weight,3584,1024,0.00027901785714285713,0.0003288619336672127,2.7149441242218018,-0.0002477006637491286,0.6723957061767578,0.00042203685734421015,0.21453996002674103,0.25632303953170776,0.007705087307840586,0.5117969512939453,1.5175411701202393,0.00024296560150105506,22.246906280517578,0.0001386867807013914,0.00025215945788659155,9.12015893845819e-05,0.20195166766643524,0.2878917455673218,0.009214885532855988,0.5107654333114624,1.521322250366211,,,
450,model.layers.12.mlp.down_proj.weight,1024,3584,0.00027901785714285713,0.00026415270986035466,5.904207229614258,-0.0002738588664215058,0.6211110949516296,0.00028077769093215466,0.21126993000507355,0.26910001039505005,0.03524971753358841,0.4840598702430725,1.3462498188018799,0.0002484154247213155,58.310543060302734,3.562518395483494e-05,0.00011644887854345143,5.766550384578295e-05,0.18425849080085754,0.309754341840744,0.007608733139932156,0.5935037732124329,1.490390658378601,0.06644540280103683,0.0648726150393486,0.9129687547683716
450,model.layers.22.mlp.gate_proj.weight,3584,1024,0.00027901785714285713,0.00035045528784394264,2.6783177852630615,-0.001631318824365735,0.13469190895557404,0.0008808774873614311,0.16775839030742645,0.2652784287929535,0.0064062997698783875,0.5601484179496765,1.5240873098373413,0.00021647011453751475,10.617197036743164,2.3821034119464457e-05,0.00019728032930288464,7.266093598445877e-05,0.1831829994916916,0.31687232851982117,0.007353286258876324,0.5715994834899902,1.5359876155853271,,,
450,model.layers.22.mlp.up_proj.weight,3584,1024,0.00027901785714285713,0.00032588644535280764,2.542677164077759,-0.001159028965048492,0.32456544041633606,0.0017353050643578172,0.1673753261566162,0.29943108558654785,0.01887635514140129,0.5753791332244873,1.5031107664108276,0.0002892586344387382,11.30046558380127,8.401605555263814e-06,0.00023414709721691906,0.0001228087639901787,0.20150870084762573,0.2944630980491638,0.011288071982562542,0.5393005013465881,1.5156241655349731,,,
450,model.layers.22.mlp.down_proj.weight,1024,3584,0.00027901785714285713,0.00035378988832235336,2.0619709491729736,-0.0013454417930915952,0.30763310194015503,0.0002659476886037737,0.09604959189891815,0.39418813586235046,0.008941770531237125,0.5255239009857178,1.4704750776290894,0.000322147854603827,3.908378839492798,-2.834961560438387e-05,9.970849350793287e-05,0.00010656864469638094,0.15077567100524902,0.36516693234443665,0.00864934641867876,0.5368269085884094,1.473109483718872,0.06592630594968796,0.06743193417787552,0.8587311506271362
450,model.layers.1.linear_attn.in_proj_qkv.weight,6144,1024,0.00016276041666666666,0.00010290283535141498,2.254991054534912,0.00023430644068866968,0.2891879379749298,0.001150009105913341,0.16277585923671722,0.27821123600006104,0.008854694664478302,0.5255429744720459,1.5357168912887573,9.266234701499343e-05,3.1539149284362793,0.00010368365474278107,0.0003070175589527935,0.0001042146104737185,0.16082991659641266,0.33332574367523193,0.004564430098980665,0.5391002893447876,1.5458322763442993,0.07038699835538864,0.07288118451833725,0.8866575956344604
450,model.layers.1.linear_attn.out_proj.weight,1024,2048,0.00048828125,0.0015286195557564497,1.2914786338806152,-0.00027956985286436975,0.6759659647941589,0.0003127164382021874,0.09952566772699356,0.40015941858291626,0.009215323254466057,0.5442207455635071,1.4384580850601196,0.0005861051613464952,1.7099473476409912,3.240424848627299e-05,0.00013002322521060705,0.0001400968321831897,0.15933705866336823,0.36042189598083496,0.009450084529817104,0.551929235458374,1.4800152778625488,,,
450,model.layers.12.linear_attn.in_proj_qkv.weight,6144,1024,0.00016276041666666666,7.384853233816102e-05,2.2845842838287354,-0.00018764313426800072,0.4552854895591736,0.0005993280210532248,0.16750437021255493,0.245677649974823,0.003587365383282304,0.5481200218200684,1.5533169507980347,0.00010144227417185903,7.800502300262451,1.6001533367671072e-05,0.0003005723701789975,7.631731568835676e-05,0.16732874512672424,0.3372918963432312,0.004470232408493757,0.5791817903518677,1.5555599927902222,0.06748931109905243,0.06738878786563873,0.877040684223175
450,model.layers.12.linear_attn.out_proj.weight,1024,2048,0.00048828125,0.00027836067602038383,2.3080031871795654,0.00031850699451752007,0.5683528780937195,8.859844092512503e-05,0.16335302591323853,0.32545527815818787,0.02599962428212166,0.4968017637729645,1.3969274759292603,0.00039123979513533413,28.419254302978516,6.17646292084828e-05,0.00010867815581150353,6.954483251320198e-05,0.17969246208667755,0.3202558755874634,0.007126870099455118,0.5942161083221436,1.4858038425445557,,,
450,model.layers.21.linear_attn.in_proj_qkv.weight,6144,1024,0.00016276041666666666,8.671710384078324e-05,2.4936859607696533,-0.00013868794485460967,0.09787826240062714,0.000812682555988431,0.14301875233650208,0.2888498902320862,0.0051399474032223225,0.6392984390258789,1.5455877780914307,0.00010568302968749776,7.011997699737549,3.2776573789305985e-05,0.00027584057534113526,6.522544572362676e-05,0.17069336771965027,0.34699249267578125,0.0053420281037688255,0.6040303111076355,1.5491803884506226,0.06521501392126083,0.06766010820865631,0.8896659016609192
450,model.layers.21.linear_attn.out_proj.weight,1024,2048,0.00048828125,0.00040423410246148705,2.1358962059020996,-0.00048727437388151884,0.17475301027297974,4.546305717667565e-05,0.13765792548656464,0.37341079115867615,0.0055169640108942986,0.5571112632751465,1.4730219841003418,0.0004314544494263828,32.694580078125,3.983764327131212e-05,9.997614688472822e-05,6.749050226062536e-05,0.1959148645401001,0.30208179354667664,0.009060008451342583,0.5182549953460693,1.458993911743164,,,
475,model.layers.7.self_attn.q_proj.weight,4096,1024,0.000244140625,0.00013114370813127607,2.3066225051879883,0.00017714552814140916,0.4298461377620697,0.0008072525379247963,0.1694677472114563,0.27375084161758423,0.00682468106970191,0.5376279950141907,1.5369598865509033,0.0001628805766813457,5.514495849609375,0.00011591733345994726,0.00022981554502621293,8.245838398579508e-05,0.1862684190273285,0.30898943543434143,0.00631810212507844,0.5399714112281799,1.5391361713409424,0.07495605945587158,0.06864013522863388,0.8843249678611755
475,model.layers.7.self_attn.k_proj.weight,512,1024,0.0009765625,0.0010774207767099142,3.4517693519592285,-3.2011428174882894e-06,0.2922469973564148,0.0003833406080957502,0.15875239670276642,0.25591757893562317,0.019614705815911293,0.7002980709075928,1.317084550857544,0.0007943315431475639,2.6129820346832275,0.00037580050411634147,8.795225585345179e-05,0.00012453562521841377,0.15676450729370117,0.3488629162311554,0.007131258957087994,0.6499811410903931,1.4508445262908936,,,
475,model.layers.7.self_attn.v_proj.weight,512,1024,0.0009765625,0.0008502612472511828,1.8362830877304077,0.0017461212119087577,0.5821759104728699,0.00014251956599764526,0.13653358817100525,0.25519421696662903,0.0024580194149166346,0.745081901550293,1.4781450033187866,0.0006547202938236296,2.2319161891937256,0.00011644947517197579,9.666209371061996e-05,0.00010924990783678368,0.19798052310943604,0.2969227135181427,0.007869068533182144,0.552554190158844,1.481648564338684,,,
475,model.layers.7.self_attn.o_proj.weight,1024,2048,0.00048828125,0.00021076104894746095,2.0273420810699463,0.0005678233574144542,0.93434077501297,7.679119153181091e-05,0.14915192127227783,0.336841881275177,0.021831480786204338,0.48694899678230286,1.4088200330734253,0.00042560280417092144,38.16062545776367,1.5067093954712618e-05,9.97003517113626e-05,5.013320696889423e-05,0.17989173531532288,0.3148593008518219,0.007078236434608698,0.6124385595321655,1.519619345664978,,,
475,model.layers.15.self_attn.q_proj.weight,4096,1024,0.000244140625,0.0001310848310822621,2.7219834327697754,0.0003083275514654815,0.42623117566108704,0.0005224794731475413,0.2014096975326538,0.24132251739501953,0.004043052904307842,0.45074594020843506,1.5472339391708374,0.00017350981943309307,14.238962173461914,5.617799615720287e-05,0.00021794361236970872,3.212217052350752e-05,0.21704567968845367,0.2725907266139984,0.004363061394542456,0.49232468008995056,1.550791621208191,0.06457121670246124,0.06816327571868896,0.8911238312721252
475,model.layers.15.self_attn.k_proj.weight,512,1024,0.0009765625,0.000961508194450289,3.364804267883301,1.6231346080530784e-06,0.35865721106529236,0.00015395699301734567,0.2413623332977295,0.23333539068698883,0.0034008335787802935,0.5751407742500305,1.453812599182129,0.0009745273273438215,10.418315887451172,0.00011579275451367721,7.235528028104454e-05,6.703957478748634e-05,0.16820548474788666,0.3296950161457062,0.005988472141325474,0.6369729042053223,1.4974424839019775,,,
475,model.layers.15.self_attn.v_proj.weight,512,1024,0.0009765625,0.0009781537810340524,1.9043408632278442,0.0003775984514504671,0.2915205955505371,0.0003403239243198186,0.16758236289024353,0.2735236883163452,0.004297357983887196,0.6786108016967773,1.4530984163284302,0.0006758214440196753,3.703624963760376,3.2509495213162154e-05,6.909189687576145e-05,5.1582803280325606e-05,0.2144833505153656,0.27787721157073975,0.007120474707335234,0.5119594931602478,1.446211576461792,,,
475,model.layers.15.self_attn.o_proj.weight,1024,2048,0.00048828125,0.00034783236333169043,1.7723740339279175,0.00011872145114466548,0.5711603760719299,1.5236984836519696e-05,0.08402068167924881,0.4480510354042053,0.008375500328838825,0.5572778582572937,1.4307743310928345,0.0004570562159642577,20.199665069580078,2.6447620257386006e-05,9.0040237409994e-05,7.081076910253614e-05,0.1895439177751541,0.31641438603401184,0.008007552474737167,0.563034176826477,1.4935263395309448,,,
475,model.layers.19.self_attn.q_proj.weight,4096,1024,0.000244140625,0.00015128734230529517,3.425206184387207,0.0006938747828826308,0.21876628696918488,0.00026687519857659936,0.21810683608055115,0.22911471128463745,0.008088775910437107,0.41260236501693726,1.5279091596603394,0.00018564982747193426,8.53270435333252,8.22962902020663e-05,0.00023137085372582078,3.187324182363227e-05,0.19775889813899994,0.28920459747314453,0.003961879760026932,0.5007595419883728,1.5475395917892456,0.07277105748653412,0.07024236768484116,0.8726394176483154
475,model.layers.19.self_attn.k_proj.weight,512,1024,0.0009765625,0.0008897280786186457,3.3655526638031006,-1.0087101145472843e-05,0.22399578988552094,0.0006167165702208877,0.22928282618522644,0.23173895478248596,0.011596056632697582,0.5927457809448242,1.3519821166992188,0.0007736057741567492,8.188668251037598,-0.00010860694601433352,7.935207395348698e-05,3.234982068534009e-05,0.1709040105342865,0.31786853075027466,0.005769859068095684,0.6457300782203674,1.503325343132019,,,
475,model.layers.19.self_attn.v_proj.weight,512,1024,0.0009765625,0.000768616097047925,1.527544379234314,0.001198354410007596,0.16461403667926788,0.002088771667331457,0.12265489995479584,0.2737215459346771,0.008635593578219414,0.703957200050354,1.4275003671646118,0.00048491210327483714,2.197950601577759,4.8246340156765655e-05,6.968332309043035e-05,0.0003240919904783368,0.1876450926065445,0.3143867254257202,0.011071342043578625,0.5295323729515076,1.3932615518569946,,,
475,model.layers.19.self_attn.o_proj.weight,1024,2048,0.00048828125,0.00037024958874098957,1.3737937211990356,0.00037570440326817334,0.3126508295536041,7.974773325258866e-05,0.05454104021191597,0.4964574873447418,0.010303862392902374,0.58446204662323,1.4452965259552002,0.00041797480662353337,40.88803482055664,1.712034827505704e-05,7.627526792930439e-05,8.970968337962404e-05,0.19940286874771118,0.2958560287952423,0.008733275346457958,0.5328378081321716,1.4726372957229614,,,
475,model.layers.1.mlp.gate_proj.weight,3584,1024,0.00027901785714285713,0.0002154810499632731,3.4451231956481934,0.00017702611512504518,0.32977527379989624,0.000237978485529311,0.17650723457336426,0.30050769448280334,0.007184114307165146,0.5307496786117554,1.521813154220581,0.00025292093050666153,5.994338512420654,-3.114113133051433e-05,0.0002089908957714215,6.1934937548358e-05,0.18103694915771484,0.3257100284099579,0.007095242850482464,0.5481001734733582,1.5245441198349,,,
475,model.layers.1.mlp.up_proj.weight,3584,1024,0.00027901785714285713,0.00030088817584328353,2.8187339305877686,0.0006120537291280925,0.5696097016334534,0.00013584575208369642,0.1552504003047943,0.34417399764060974,0.0089217908680439,0.518607497215271,1.5107605457305908,0.0002684075734578073,3.2298202514648438,3.156776801915839e-05,0.00026808062102645636,6.40867292531766e-05,0.15506786108016968,0.33399903774261475,0.00961991585791111,0.5003569722175598,1.514271855354309,,,
475,model.layers.1.mlp.down_proj.weight,1024,3584,0.00027901785714285713,0.00028825539629906416,5.685847759246826,0.000634273630566895,0.5485334396362305,0.0022561096120625734,0.19481933116912842,0.27454495429992676,0.022255875170230865,0.5332264304161072,1.3906404972076416,0.0002396210329607129,2.4281270503997803,-4.441990313353017e-05,0.00011831407755380496,0.0011085059959441423,0.1937381625175476,0.2908482551574707,0.013218660838901997,0.531170129776001,1.4801353216171265,0.0828261598944664,0.0750177726149559,0.9015462398529053
475,model.layers.12.mlp.gate_proj.weight,3584,1024,0.00027901785714285713,0.00022042389900889248,2.5988080501556396,-0.0010659222025424242,0.42108598351478577,0.0009076694259420037,0.18380507826805115,0.24086546897888184,0.006679796613752842,0.567396342754364,1.5265731811523438,0.0002014118799706921,27.43314552307129,9.729229350341484e-05,0.00022855025599710643,9.841303108260036e-05,0.1809511035680771,0.3174455165863037,0.0060602412559092045,0.5878178477287292,1.5307978391647339,,,
475,model.layers.12.mlp.up_proj.weight,3584,1024,0.00027901785714285713,0.00026544538559392095,2.5335323810577393,-0.0014554614899680018,0.6796377301216125,0.0005910456529818475,0.21800729632377625,0.25016823410987854,0.010398915968835354,0.49742498993873596,1.5151946544647217,0.0002634784032125026,19.020185470581055,7.183643174357712e-05,0.00023963878629729152,9.3069851573091e-05,0.2039584368467331,0.2868218421936035,0.009440913796424866,0.5078122019767761,1.5104619264602661,,,
475,model.layers.12.mlp.down_proj.weight,1024,3584,0.00027901785714285713,0.0002572837402112782,5.537113666534424,-0.0015989167150110006,0.638614296913147,0.00015308961155824363,0.21306441724300385,0.27220097184181213,0.026441235095262527,0.49137598276138306,1.3781923055648804,0.00024716698681004345,118.41312408447266,4.9259218940278515e-05,0.00010166519496124238,6.282392860157415e-05,0.19240455329418182,0.2987007796764374,0.007768056821078062,0.578629195690155,1.4959620237350464,0.06846838444471359,0.06737950444221497,0.9179515242576599
475,model.layers.22.mlp.gate_proj.weight,3584,1024,0.00027901785714285713,0.00027414405485615134,2.7968645095825195,-0.0006126025691628456,0.1436026394367218,0.0014349276898428798,0.1795147955417633,0.2517937123775482,0.008555453270673752,0.5434355139732361,1.5192322731018066,0.0002065251610474661,11.256830215454102,6.080548700992949e-05,0.00023432049783878028,8.599116699770093e-05,0.17813287675380707,0.32022616267204285,0.007155662402510643,0.5725253820419312,1.5273315906524658,,,
475,model.layers.22.mlp.up_proj.weight,3584,1024,0.00027901785714285713,0.00039300258504226804,2.643462657928467,-3.5007418773602694e-05,0.31765416264533997,0.0009745376300998032,0.1746188998222351,0.29294243454933167,0.01194025855511427,0.5752393007278442,1.5120766162872314,0.00029610004276037216,10.441924095153809,4.902630826109089e-05,0.0002447051811031997,0.00011986246681772172,0.19745413959026337,0.30168676376342773,0.011634410358965397,0.5469725131988525,1.511924386024475,,,
475,model.layers.22.mlp.down_proj.weight,1024,3584,0.00027901785714285713,0.0003719328378792852,2.5030369758605957,-3.495563578326255e-05,0.305510550737381,0.0004893983714282513,0.10037049651145935,0.4006863534450531,0.015090711414813995,0.5470956563949585,1.4701050519943237,0.0002886351721826941,6.402066707611084,3.856616604025476e-05,9.790307376533747e-05,7.912587898317724e-05,0.17161695659160614,0.331275999546051,0.009126759134232998,0.5256841778755188,1.4681358337402344,0.06941850483417511,0.07014528661966324,0.8614072203636169
475,model.layers.1.linear_attn.in_proj_qkv.weight,6144,1024,0.00016276041666666666,0.00015696951595600694,2.462465524673462,-0.00032871850999072194,0.26031163334846497,0.0008547744946554303,0.16885486245155334,0.2789735794067383,0.007898836396634579,0.5306217670440674,1.5354951620101929,0.0002915109507739544,2.8854410648345947,8.370298019144684e-06,0.00030128852813504636,9.120351751334965e-05,0.16265033185482025,0.3380591571331024,0.005009661428630352,0.5443598628044128,1.5444635152816772,0.07014912366867065,0.07318282872438431,0.8930906057357788
475,model.layers.1.linear_attn.out_proj.weight,1024,2048,0.00048828125,0.00093551428290084,1.297664761543274,-4.043847002321854e-05,0.6524674296379089,0.00038792259874753654,0.09699103236198425,0.3961484432220459,0.00998009368777275,0.5326492786407471,1.447861909866333,0.00029941683169454336,1.656008005142212,5.085255179437809e-05,0.000130505402921699,0.0001958585635293275,0.1596457064151764,0.3450535833835602,0.012323210015892982,0.5304754972457886,1.480168342590332,,,
475,model.layers.12.linear_attn.in_proj_qkv.weight,6144,1024,0.00016276041666666666,6.943763582967222e-05,2.0370891094207764,1.0127299901796505e-05,0.45364442467689514,0.00042452034540474415,0.1454332023859024,0.27180811762809753,0.0034848928917199373,0.6161229610443115,1.5490127801895142,0.00010056969040306285,8.696038246154785,-1.0239932635158766e-05,0.00029741297475993633,5.3528830903815106e-05,0.16324903070926666,0.34413713216781616,0.0042633661068975925,0.5811377167701721,1.5523996353149414,0.07177654653787613,0.0711481049656868,0.8791167736053467
475,model.layers.12.linear_attn.out_proj.weight,1024,2048,0.00048828125,0.00029663348686881363,2.168724298477173,0.0009966229554265738,0.5823012590408325,4.8019450332503766e-05,0.17098024487495422,0.31450513005256653,0.01873263716697693,0.48524877429008484,1.4150238037109375,0.0004221603157930076,26.781883239746094,2.741817843343597e-05,0.00010643282439559698,7.033481233520433e-05,0.1795126050710678,0.3209739029407501,0.007180410902947187,0.5963000059127808,1.4882622957229614,,,
475,model.layers.21.linear_attn.in_proj_qkv.weight,6144,1024,0.00016276041666666666,9.788120951270685e-05,3.161311626434326,-0.0004307010385673493,0.09518618881702423,0.0005543477600440383,0.17423824965953827,0.26049864292144775,0.004690637346357107,0.6045092344284058,1.542497992515564,0.00010435374133521691,8.373663902282715,2.7249967388343066e-05,0.0002821294474415481,0.00011016698408639058,0.17936372756958008,0.3269259035587311,0.0063277981244027615,0.598942756652832,1.5466053485870361,0.07731015235185623,0.07086411863565445,0.8973948955535889
475,model.layers.21.linear_attn.out_proj.weight,1024,2048,0.00048828125,0.0003230941656511277,3.197120428085327,-0.0003031391534022987,0.18535855412483215,0.00013505408423952758,0.15422135591506958,0.33972734212875366,0.008112438023090363,0.5227352976799011,1.4774836301803589,0.00028126922552473843,4.520239353179932,0.00014848675346001983,0.00013827995280735195,4.414107752381824e-05,0.17917786538600922,0.3257853388786316,0.008425612933933735,0.5299390554428101,1.4727816581726074,,,
500,model.layers.7.self_attn.q_proj.weight,4096,1024,0.000244140625,0.00010622950503602624,2.4154160022735596,-0.00015955182607285678,0.39643600583076477,0.0012053666869178414,0.17273341119289398,0.27412059903144836,0.010265383869409561,0.5242103338241577,1.5375964641571045,0.00019558295025490224,9.193014144897461,2.9926364732091315e-05,0.00022385106422007084,5.12308870384004e-05,0.19550085067749023,0.3002660572528839,0.006741799879819155,0.535987377166748,1.5381046533584595,0.06793465465307236,0.06959670037031174,0.8816919922828674
500,model.layers.7.self_attn.k_proj.weight,512,1024,0.0009765625,0.0011220929445698857,2.7862741947174072,9.353482823826198e-07,0.29173240065574646,0.0020492326002568007,0.14692245423793793,0.26743650436401367,0.019946757704019547,0.721555769443512,1.3327410221099854,0.0007112921448424459,4.674615383148193,-1.0855209438886959e-05,7.319021096918732e-05,0.00030524932662956417,0.18960420787334442,0.31120359897613525,0.009477130137383938,0.5727015137672424,1.4217617511749268,,,
500,model.layers.7.self_attn.v_proj.weight,512,1024,0.0009765625,0.0007756090490147471,1.6950559616088867,0.0006242747767828405,0.6039134860038757,0.00013005116488784552,0.14999213814735413,0.24647216498851776,0.00296081998385489,0.7196199893951416,1.4499714374542236,0.0005254819407127798,2.2024199962615967,7.070983701851219e-05,9.705246338853613e-05,0.00020787569519598037,0.19873230159282684,0.29132652282714844,0.009861966595053673,0.5472707152366638,1.4500758647918701,,,
500,model.layers.7.self_attn.o_proj.weight,1024,2048,0.00048828125,0.0001945593539858237,2.0625174045562744,0.00021540402667596936,0.9304198026657104,3.404124072403647e-05,0.1355242133140564,0.3721396327018738,0.01362771075218916,0.5336726903915405,1.4247926473617554,0.0004946988774463534,25.483932495117188,3.0688155675306916e-05,0.00011083239951403812,5.0248079787706956e-05,0.17386522889137268,0.32302072644233704,0.006558515597134829,0.6283228993415833,1.518842101097107,,,
500,model.layers.15.self_attn.q_proj.weight,4096,1024,0.000244140625,0.00011645441554719582,3.3797125816345215,0.0001370061218040064,0.42245495319366455,0.0006218268536031246,0.21805235743522644,0.2276611030101776,0.004249645862728357,0.44411322474479675,1.5481268167495728,0.00015537627041339874,13.544890403747559,5.082809366285801e-05,0.00024423247668892145,3.139673572150059e-05,0.21531860530376434,0.26983293890953064,0.0037731933407485485,0.4818879961967468,1.5562546253204346,0.06811435520648956,0.07103042304515839,0.8845629692077637
500,model.layers.15.self_attn.k_proj.weight,512,1024,0.0009765625,0.0012581878108903766,4.793276786804199,1.2364403119136114e-06,0.3613441288471222,0.0009497622959315777,0.2625749707221985,0.22478236258029938,0.005853107199072838,0.5299040675163269,1.4303619861602783,0.0008462565601803362,10.14793872833252,0.0001118258514907211,0.00011140792048536241,3.940864553442225e-05,0.16448038816452026,0.33293405175209045,0.004445585887879133,0.6411930918693542,1.508628010749817,,,
500,model.layers.15.self_attn.v_proj.weight,512,1024,0.0009765625,0.0008877895888872445,1.5937747955322266,0.002605089917778969,0.34776484966278076,0.00015929367509670556,0.16341520845890045,0.27916568517684937,0.006697577424347401,0.697247326374054,1.4325042963027954,0.0007042388897389174,4.305392742156982,8.08841286925599e-05,6.319260137388483e-05,3.241021840949543e-05,0.21765105426311493,0.2801063060760498,0.006466240622103214,0.5090103149414062,1.4604220390319824,,,
500,model.layers.15.self_attn.o_proj.weight,1024,2048,0.00048828125,0.00032438753987662494,1.8021436929702759,0.0009476386476308107,0.5732049345970154,2.741233038250357e-05,0.0907033383846283,0.42874962091445923,0.02117902599275112,0.541695773601532,1.4448524713516235,0.00043903657933697104,23.631574630737305,3.682172246044502e-05,0.00010214386566076428,7.357540016528219e-05,0.17414157092571259,0.3375456631183624,0.007591138128191233,0.6029697060585022,1.494390845298767,,,
500,model.layers.19.self_attn.q_proj.weight,4096,1024,0.000244140625,0.00014599716814700514,2.4739623069763184,-0.0012662638910114765,0.24644716084003448,0.0011408778373152018,0.2168673276901245,0.22277599573135376,0.010656164027750492,0.4185469448566437,1.529937505722046,0.0001823735365178436,21.897592544555664,8.17456966615282e-05,0.0003244343970436603,6.676143675576895e-05,0.1867912858724594,0.3046896159648895,0.003883878467604518,0.5089510083198547,1.5435419082641602,0.07171221822500229,0.06873835623264313,0.8688735961914062
500,model.layers.19.self_attn.k_proj.weight,512,1024,0.0009765625,0.0014999762643128633,2.0982489585876465,-1.0342426321585663e-05,0.28488054871559143,0.0013332297094166279,0.2282838523387909,0.23162156343460083,0.01523645594716072,0.5953890085220337,1.337882399559021,0.0008480946999043226,17.0918025970459,-1.1232004908379167e-05,8.858405635692179e-05,3.9521793951280415e-05,0.18831035494804382,0.2836083173751831,0.006446063052862883,0.6303389072418213,1.4558299779891968,,,
500,model.layers.19.self_attn.v_proj.weight,512,1024,0.0009765625,0.0005947201861999929,1.3566043376922607,-9.454535756958649e-05,0.21103693544864655,0.0010575937340036035,0.11737282574176788,0.2824949026107788,0.004856960382312536,0.7221043109893799,1.410964846611023,0.0005380528164096177,2.341041326522827,9.718672663439065e-05,6.784786091884598e-05,8.741622150409967e-05,0.1855117827653885,0.3049342930316925,0.009315778501331806,0.5183504223823547,1.3834835290908813,,,
500,model.layers.19.self_attn.o_proj.weight,1024,2048,0.00048828125,0.0005614503170363605,1.3834599256515503,-3.790188202401623e-05,0.32936587929725647,0.00019071031420025975,0.06394287198781967,0.4785859286785126,0.021350819617509842,0.5693394541740417,1.4418033361434937,0.0004550825397018343,28.436067581176758,1.2609054465428926e-05,7.834399730199948e-05,9.419127309229225e-05,0.19493050873279572,0.3042372167110443,0.00867849588394165,0.5382281541824341,1.4651659727096558,,,
500,model.layers.1.mlp.gate_proj.weight,3584,1024,0.00027901785714285713,0.00022345638717524707,3.033341646194458,-0.00041615081136114895,0.2462657392024994,0.0003152199788019061,0.17138457298278809,0.30756786465644836,0.007226075977087021,0.532789409160614,1.517725944519043,0.00029885716503486037,5.689718246459961,3.014394678757526e-05,0.00021047957125119865,8.961122512118891e-05,0.1803755909204483,0.32564544677734375,0.00818530935794115,0.5488936901092529,1.5276594161987305,,,
500,model.layers.1.mlp.up_proj.weight,3584,1024,0.00027901785714285713,0.00023509567836299539,2.572993040084839,-0.00018325021665077657,0.4431527256965637,0.00010209430183749646,0.1424829065799713,0.3626278042793274,0.007998203858733177,0.5215123891830444,1.508628487586975,0.0002908780297730118,4.0291829109191895,3.519102756399661e-05,0.0002531378995627165,6.846523319836706e-05,0.17143520712852478,0.32681506872177124,0.008904388174414635,0.5108431577682495,1.5153707265853882,,,
500,model.layers.1.mlp.down_proj.weight,1024,3584,0.00027901785714285713,0.0002614778932183981,5.219655513763428,-0.00019037369929719716,0.4339900016784668,0.0009794748621061444,0.1675994098186493,0.3085117042064667,0.012698691338300705,0.5909486413002014,1.4466224908828735,0.0002280512562720105,4.453079700469971,4.6914141421439126e-05,0.00012047257769154385,0.000202229231945239,0.18924106657505035,0.30061742663383484,0.008525131270289421,0.5660749077796936,1.4860012531280518,0.06315794587135315,0.06968840956687927,0.9086129665374756
500,model.layers.12.mlp.gate_proj.weight,3584,1024,0.00027901785714285713,0.00021624080545734614,2.6131515502929688,0.0003128924290649593,0.4449370801448822,0.0013983807293698192,0.19195303320884705,0.2321908175945282,0.008038952946662903,0.5458634495735168,1.5268347263336182,0.00018939314759336412,28.134174346923828,4.4010324927512556e-05,0.00025643481058068573,0.00014498300151899457,0.1716737151145935,0.32734546065330505,0.0059984223917126656,0.5912377238273621,1.5291509628295898,,,
500,model.layers.12.mlp.up_proj.weight,3584,1024,0.00027901785714285713,0.0002866399590857327,2.6427836418151855,-7.91227284935303e-05,0.7149259448051453,0.00031050993129611015,0.21733452379703522,0.25151151418685913,0.005868966691195965,0.49927574396133423,1.5173763036727905,0.0002771212311927229,19.17880630493164,9.809962648432702e-05,0.000276612292509526,0.00010102977103088051,0.18769888579845428,0.30197227001190186,0.009228218346834183,0.5090113878250122,1.5154575109481812,,,
500,model.layers.12.mlp.down_proj.weight,1024,3584,0.00027901785714285713,0.00023488857550546527,5.3248748779296875,-8.510068437317386e-05,0.6513175368309021,0.0002858089283108711,0.21840983629226685,0.2606876790523529,0.032991353422403336,0.4688552916049957,1.3633694648742676,0.0002585026086308062,20.458934783935547,5.4083691793493927e-05,0.00011508099851198494,5.147493357071653e-05,0.1852390319108963,0.31018078327178955,0.007657185662537813,0.5918349623680115,1.4938430786132812,0.07139851897954941,0.07158816605806351,0.9021319150924683
500,model.layers.22.mlp.gate_proj.weight,3584,1024,0.00027901785714285713,0.00022504500520881265,2.7413408756256104,0.0012886576587334275,0.12771491706371307,0.0007705422467552125,0.1668534278869629,0.26934269070625305,0.006620992906391621,0.5672109723091125,1.5251821279525757,0.00018345931312069297,7.80730676651001,2.669321656867396e-05,0.00020440849766600877,7.975409243954346e-05,0.17695946991443634,0.3275677263736725,0.0076564946211874485,0.5779291987419128,1.5287529230117798,,,
500,model.layers.22.mlp.up_proj.weight,3584,1024,0.00027901785714285713,0.00020010874141007662,2.9262499809265137,0.0009475471451878548,0.2980312705039978,0.000977825024165213,0.16114754974842072,0.3077535331249237,0.013639845885336399,0.5961801409721375,1.5103657245635986,0.00022561709920410067,10.319340705871582,8.581954898545519e-05,0.0002461990516167134,0.00010122343519469723,0.1956985741853714,0.30825546383857727,0.01125253364443779,0.5568764805793762,1.5138967037200928,,,
500,model.layers.22.mlp.down_proj.weight,1024,3584,0.00027901785714285713,0.0004703385930042714,2.177138090133667,0.0010698067490011454,0.2901081442832947,0.0002657473087310791,0.09134843945503235,0.436350554227829,0.008181448094546795,0.5802163481712341,1.4606539011001587,0.0002813574974425137,5.492550373077393,5.26457151863724e-05,9.777190280146897e-05,9.256973135052249e-05,0.1641208678483963,0.33965930342674255,0.007873563095927238,0.5247629284858704,1.4681681394577026,0.0690891444683075,0.06792578101158142,0.8548749089241028
500,model.layers.1.linear_attn.in_proj_qkv.weight,6144,1024,0.00016276041666666666,0.00010956872574752197,2.5225532054901123,-0.0003732547629624605,0.19880852103233337,0.0007205645088106394,0.1706695258617401,0.2728562355041504,0.007627355866134167,0.5134663581848145,1.5322273969650269,0.00011602266749832779,4.1919636726379395,8.558059198549017e-05,0.00027470229542814195,6.093209231039509e-05,0.17438238859176636,0.3156648576259613,0.004754265304654837,0.5311152935028076,1.5464346408843994,0.06839180737733841,0.06617946177721024,0.9023702144622803
500,model.layers.1.linear_attn.out_proj.weight,1024,2048,0.00048828125,0.000536551175173372,1.300982117652893,-0.00037500198232010007,0.5452334880828857,0.00022778016864322126,0.08872911334037781,0.4371301531791687,0.008326970040798187,0.5838198661804199,1.4469976425170898,0.0008488490129821002,1.9791631698608398,1.127680775425688e-06,0.00011882936087204143,0.00012418818369042128,0.17369982600212097,0.345519095659256,0.009293264709413052,0.5504035949707031,1.4824546575546265,,,
500,model.layers.12.linear_attn.in_proj_qkv.weight,6144,1024,0.00016276041666666666,5.84040280955378e-05,2.167008399963379,-0.00018928087956737727,0.47415733337402344,0.00034254640922881663,0.15950436890125275,0.2556101381778717,0.002781262155622244,0.5741676688194275,1.552519679069519,0.00010276091779815033,13.64169692993164,7.888648542575538e-05,0.0004253368533682078,6.408741319319233e-05,0.15075083076953888,0.3582026958465576,0.004215586930513382,0.576816737651825,1.5540722608566284,0.07857873290777206,0.07679209113121033,0.8633085489273071
500,model.layers.12.linear_attn.out_proj.weight,1024,2048,0.00048828125,0.00029865442775189877,2.2997491359710693,-0.0004424671642482281,0.5847331285476685,9.29602247197181e-05,0.16496942937374115,0.32509756088256836,0.022676635533571243,0.497867614030838,1.3917511701583862,0.0002732996072154492,8.736979484558105,2.312758078915067e-05,0.00014525810547638685,7.579156954307109e-05,0.1698218584060669,0.33295369148254395,0.0072305649518966675,0.6018726825714111,1.482171893119812,,,
500,model.layers.21.linear_attn.in_proj_qkv.weight,6144,1024,0.00016276041666666666,9.413396037416533e-05,3.007317304611206,-0.0003097660664934665,0.09291350841522217,0.001166864181868732,0.16948607563972473,0.26858091354370117,0.006863871123641729,0.5959134697914124,1.5443775653839111,0.00010408871457912028,8.581323623657227,7.068854029057547e-05,0.0003412040532566607,8.497417002217844e-05,0.1758730411529541,0.327595055103302,0.005851943511515856,0.5974188446998596,1.5498217344284058,0.06845156103372574,0.06736427545547485,0.8908398151397705
500,model.layers.21.linear_attn.out_proj.weight,1024,2048,0.00048828125,0.0003618155897129327,2.7332327365875244,-0.00033905162126757205,0.17145363986492157,0.0002292031713295728,0.13317933678627014,0.37577083706855774,0.008779649622738361,0.5602017045021057,1.4852895736694336,0.000366267457138747,42.86417770385742,6.275997293414548e-05,0.00010653333447407931,4.94015657750424e-05,0.19325478374958038,0.30492496490478516,0.009217271581292152,0.5196031928062439,1.4711081981658936,,,
