step,matrix,m,n,r_null,G_r_spectrum,G_stable_rank_G,G_alignment_GW,G_G_fro,G_energy_top,G_energy_mid,G_energy_tail,G_energy_top_rows,G_energy_tail_rows,G_pangle_Gtop_Wtop_mean,H_r_spectrum,H_stable_rank_G,H_alignment_GW,H_G_fro,H_energy_top,H_energy_mid,H_energy_tail,H_energy_top_rows,H_energy_tail_rows,H_pangle_Gtop_Wtop_mean,n_microbatch,snr_diag_median,snr_offdiag_median,spearman_absC_snr,sig_energy_diag,sig_energy_total,noise_energy,R_sigma_cross,snr_cross_diag_median,snr_cross_offdiag_median,spearman_absC_snr_cross,spearman_absC_split,rho_sigma_absmed,rho_frame_absmed
20,model.layers.7.self_attn.q_proj.weight,4096,1024,0.000244140625,0.00010868989920709282,2.9656755924224854,0.0006112197879701853,0.20250792801380157,0.0004648825852200389,0.17630352079868317,0.2667446732521057,0.008362838998436928,0.5335442423820496,1.5371487140655518,0.3119482398033142,21.386917114257812,0.17423845827579498,0.0014970507472753525,0.09705444425344467,0.6802787780761719,0.11759362369775772,0.10937368124723434,0.16793102025985718,0.9906303286552429,8.0,0.06537806987762451,0.06712158769369125,0.8980214595794678,2.2426982013712404e-06,0.0005681936163455248,0.11932256817817688,0.003947066874484966,0.0030238826293498278,0.0009021882433444262,0.0022860821336507797,0.052540868520736694,0.31010058522224426,0.297547310590744
20,model.layers.7.self_attn.k_proj.weight,512,1024,0.0009765625,0.0009119363967329264,4.300752639770508,-1.1279877980996389e-05,0.14852985739707947,0.001058134133927524,0.16974282264709473,0.24990713596343994,0.026302166283130646,0.6696711182594299,1.3356555700302124,0.27711084485054016,10.719147682189941,0.03711916506290436,0.00020863368990831077,0.032499879598617554,0.7719631791114807,0.08320397883653641,0.047891099005937576,0.11805135011672974,1.0205519199371338,,,,,,,,,,,,,,
20,model.layers.7.self_attn.v_proj.weight,512,1024,0.0009765625,0.0007929046405479312,1.9693413972854614,0.0008575544925406575,0.28904956579208374,0.0002009696327149868,0.13360193371772766,0.26238030195236206,0.002200052607804537,0.7432200908660889,1.4744874238967896,0.19126009941101074,48.5837516784668,-0.01206391304731369,0.0002311572607140988,0.02134699933230877,0.7716642022132874,0.10405261069536209,0.033093951642513275,0.13998477160930634,1.1056731939315796,,,,,,,,,,,,,,
20,model.layers.7.self_attn.o_proj.weight,1024,2048,0.00048828125,0.00021789946185890585,2.1553680896759033,0.0002787601260934025,0.46483495831489563,3.3311673178104684e-05,0.13870328664779663,0.37059471011161804,0.01488509401679039,0.5419869422912598,1.4120150804519653,0.2937507629394531,15.852339744567871,-0.060272835195064545,0.0008017549989745021,0.09840769320726395,0.7356626987457275,0.06444994360208511,0.12190479040145874,0.08738236129283905,0.9812105298042297,,,,,,,,,,,,,,
20,model.layers.15.self_attn.q_proj.weight,4096,1024,0.000244140625,0.0001280131546081975,4.384285926818848,-0.0007883129874244332,0.21898353099822998,0.0002676608564797789,0.21387772262096405,0.24024510383605957,0.0036504589952528477,0.4484955072402954,1.545685052871704,0.3098231554031372,26.14557647705078,-0.02329186350107193,0.0014749906258657575,0.13582290709018707,0.6666078567504883,0.0851699635386467,0.15166950225830078,0.13349314033985138,0.7895026803016663,8.0,0.07465638965368271,0.073798269033432,0.9007411599159241,2.8382019081618637e-06,0.0020024809055030346,0.13688057661056519,0.0014173428072957784,0.007296395022422075,0.002680275123566389,0.008130732923746109,0.055245909839868546,,
20,model.layers.15.self_attn.k_proj.weight,512,1024,0.0009765625,0.001041534123942256,5.969028949737549,-5.479860192281194e-06,0.18581871688365936,0.00032808061223477125,0.246958926320076,0.23983746767044067,0.0038529273588210344,0.5468262434005737,1.476447343826294,0.22278568148612976,33.18388748168945,-0.02981194667518139,0.00022528057161252946,0.025681033730506897,0.8037339448928833,0.055848900228738785,0.047933004796504974,0.0828566923737526,1.033678412437439,,,,,,,,,,,,,,
20,model.layers.15.self_attn.v_proj.weight,512,1024,0.0009765625,0.0008369781426154077,2.1026618480682373,0.0007503989618271589,0.1687193363904953,0.00013602840772364289,0.17637793719768524,0.2659675180912018,0.0044966223649680614,0.6566922068595886,1.4577454328536987,0.22391419112682343,40.271453857421875,-0.012631173245608807,0.0003197111072950065,0.034330371767282486,0.7550906538963318,0.11179365962743759,0.04538923129439354,0.14387953281402588,1.035434603691101,,,,,,,,,,,,,0.28771060705184937,0.2902211844921112
20,model.layers.15.self_attn.o_proj.weight,1024,2048,0.00048828125,0.00044820577022619545,1.8565471172332764,0.00022348863421939313,0.3347011208534241,2.15884210774675e-05,0.08692348003387451,0.4668298363685608,0.011861507780849934,0.5894631743431091,1.4509841203689575,0.256408154964447,46.946590423583984,-0.05772363021969795,0.0009799660183489323,0.0304811280220747,0.8045659065246582,0.07293324172496796,0.0466855987906456,0.09570787101984024,1.2599722146987915,,,,,,,,,,,,,,
20,model.layers.19.self_attn.q_proj.weight,4096,1024,0.000244140625,0.00016146645066328347,3.197495698928833,0.0006302337860688567,0.13515707850456238,0.0006651649018749595,0.2252560406923294,0.22129373252391815,0.009100349619984627,0.41053736209869385,1.527109980583191,0.44521090388298035,5.149477481842041,-0.1475381851196289,0.0016090830322355032,0.26815536618232727,0.5624537467956543,0.07748061418533325,0.27761438488960266,0.1209006980061531,0.8409456610679626,8.0,0.06924910098314285,0.07256347686052322,0.8889113068580627,1.7306335564626352e-07,0.0012556291185319424,0.06233735382556915,0.00013782999541186644,0.000830335367936641,0.0034982895012944937,0.0018364043207839131,0.07001834362745285,,
20,model.layers.19.self_attn.k_proj.weight,512,1024,0.0009765625,0.0009041422745212913,3.215299367904663,5.956884251645533e-06,0.13726936280727386,0.0003716300125233829,0.2608029246330261,0.20691177248954773,0.009973290376365185,0.5632432699203491,1.3999314308166504,0.2938293218612671,21.1329402923584,-0.058198437094688416,0.00021905885660089552,0.045353930443525314,0.7707443833351135,0.03715246170759201,0.08466155081987381,0.06707849353551865,0.9126519560813904,,,,,,,,,,,,,,
20,model.layers.19.self_attn.v_proj.weight,512,1024,0.0009765625,0.0009776265360414982,1.6302642822265625,0.0017865081317722797,0.10698550939559937,0.0008401466766372323,0.14558185636997223,0.25800660252571106,0.0046093882992863655,0.6802714467048645,1.4445165395736694,0.15742766857147217,34.33612060546875,0.020761901512742043,0.0003771672199945897,0.0287616029381752,0.8754907846450806,0.029962996020913124,0.04360739514231682,0.05267124995589256,1.1789041757583618,,,,,,,,,,,,,,
20,model.layers.19.self_attn.o_proj.weight,1024,2048,0.00048828125,0.0004992194590158761,1.438799262046814,0.0005550798960030079,0.20516888797283173,5.56056693312712e-05,0.0650828555226326,0.504513144493103,0.007882467471063137,0.6052934527397156,1.470261812210083,0.2145502269268036,59.21709060668945,0.035993944853544235,0.0011844816617667675,0.012694512493908405,0.7890478372573853,0.09852264076471329,0.026594609022140503,0.12489825487136841,1.3988434076309204,,,,,,,,,,,,,,
20,model.layers.1.mlp.gate_proj.weight,3584,1024,0.00027901785714285713,0.0005402420065365732,3.0878026485443115,-0.0003283209225628525,0.19003787636756897,0.0002622549654915929,0.18238867819309235,0.30269914865493774,0.007522162050008774,0.5297746062278748,1.5150424242019653,0.21873921155929565,32.89013671875,0.03002092055976391,0.0011647000210359693,0.019351672381162643,0.6454339623451233,0.22995449602603912,0.025746552273631096,0.28441888093948364,1.256420612335205,,,,,,,,,,,,,0.29354745149612427,0.29291555285453796
20,model.layers.1.mlp.up_proj.weight,3584,1024,0.00027901785714285713,0.000509744742885232,2.816821575164795,-0.0004584360867738724,0.31726041436195374,0.00016458131722174585,0.162440225481987,0.32774287462234497,0.009862162172794342,0.5098392963409424,1.509670615196228,0.26287198066711426,40.8946418762207,-0.13892963528633118,0.0007609219173900783,0.03939523920416832,0.5895779132843018,0.26201918721199036,0.04511633142828941,0.3203025460243225,1.2078478336334229,,,,,,,,,,,,,,
20,model.layers.1.mlp.down_proj.weight,1024,3584,0.00027901785714285713,0.00029268968501128256,5.409230709075928,-0.0004608826129697263,0.3147656321525574,0.0007086758851073682,0.18461394309997559,0.2920810282230377,0.014126857742667198,0.5611649751663208,1.4320513010025024,0.24853160977363586,59.701786041259766,0.06410443037748337,0.0007599375676363707,0.031293921172618866,0.6161324381828308,0.2375233918428421,0.04540161415934563,0.27522537112236023,1.1276540756225586,8.0,0.07237941771745682,0.07233637571334839,0.9144327640533447,1.0930914868367836e-05,0.009832881391048431,0.6470524072647095,0.001111669553780952,0.003004356287419796,0.00293098296970129,-0.003627832280471921,0.029680782929062843,,
20,model.layers.12.mlp.gate_proj.weight,3584,1024,0.00027901785714285713,0.00018442039436195046,3.153329372406006,0.000930753827560693,0.23698365688323975,0.0012219930067658424,0.18522433936595917,0.24674473702907562,0.008027028292417526,0.5786541104316711,1.5294725894927979,0.25426697731018066,42.7935676574707,-0.07855650037527084,0.0010879442561417818,0.006162838079035282,0.7549106478691101,0.14197447896003723,0.013889316469430923,0.19298136234283447,1.46953284740448,,,,,,,,,,,,,,
20,model.layers.12.mlp.up_proj.weight,3584,1024,0.00027901785714285713,0.000268154515651986,2.956515312194824,0.0007302318699657917,0.3873557150363922,0.00033581824391148984,0.21984608471393585,0.24720264971256256,0.00687484722584486,0.509270429611206,1.516070008277893,0.2781473994255066,20.815750122070312,-0.08141057938337326,0.0007581606041640043,0.022245747968554497,0.6736641526222229,0.19440655410289764,0.03268337994813919,0.24931927025318146,1.2004985809326172,,,,,,,,,,,,,,
20,model.layers.12.mlp.down_proj.weight,1024,3584,0.00027901785714285713,0.00027283845702186227,7.1723175048828125,0.0007903944351710379,0.371623694896698,0.00012037223496008664,0.20718444883823395,0.28087860345840454,0.018772730603814125,0.5136599540710449,1.3956327438354492,0.26880818605422974,52.480438232421875,0.03495476767420769,0.0007183458073996007,0.021053655073046684,0.715553343296051,0.15864615142345428,0.03188794478774071,0.19113796949386597,1.299660563468933,8.0,0.07580169290304184,0.0701434388756752,0.9171704053878784,1.4728459063917398e-05,0.006883174180984497,0.9401525259017944,0.0021397771837020105,0.00032511839526705444,0.0012593789724633098,0.006472059525549412,0.03660820797085762,,
20,model.layers.22.mlp.gate_proj.weight,3584,1024,0.00027901785714285713,0.00022229331079870462,3.257124185562134,-0.00032544322311878204,0.08705039322376251,0.0009393929503858089,0.18085865676403046,0.2545706629753113,0.008196263574063778,0.5465033054351807,1.517276644706726,0.24218535423278809,29.543474197387695,0.1141720861196518,0.001557883806526661,0.055011946707963943,0.6542136669158936,0.17424342036247253,0.06455160677433014,0.230904221534729,1.0966132879257202,,,,,,,,,,,,,0.29263150691986084,0.30699989199638367
20,model.layers.22.mlp.up_proj.weight,3584,1024,0.00027901785714285713,0.00034017572761513293,3.243180751800537,-0.00020877347560599446,0.19328302145004272,0.000681249366607517,0.1750088483095169,0.29532358050346375,0.012046930380165577,0.5758163928985596,1.5111923217773438,0.22497794032096863,84.34782409667969,0.02335263229906559,0.000877660233527422,0.016926035284996033,0.6538549661636353,0.22432713210582733,0.023252440616488457,0.2809772193431854,1.3556737899780273,,,,,,,,,,,,,,
20,model.layers.22.mlp.down_proj.weight,1024,3584,0.00027901785714285713,0.00040242625982500613,2.8959197998046875,-0.00023747526574879885,0.18809540569782257,0.00025479309260845184,0.11016999930143356,0.40173855423927307,0.009725522249937057,0.5643208026885986,1.4695185422897339,0.2936481535434723,14.902324676513672,-0.061761729419231415,0.0008781703654676676,0.036463167518377304,0.6706274747848511,0.18796862661838531,0.04916262999176979,0.2201579213142395,1.146628975868225,8.0,0.08364173024892807,0.07504304498434067,0.8665255904197693,8.904839887691196e-06,0.0043355198577046394,0.2673341631889343,0.002053926675451949,0.008661316707730293,0.0029251831583678722,-0.005998218897730112,0.1144394725561142,,
20,model.layers.1.linear_attn.in_proj_qkv.weight,6144,1024,0.00016276041666666666,0.00011731163249351084,2.5359654426574707,-0.00019546854309737682,0.1630217432975769,0.00045395453344099224,0.1896137148141861,0.2645600736141205,0.006311770994216204,0.5235466957092285,1.5370622873306274,0.23649092018604279,57.86931610107422,-0.0086052929982543,0.0018752800533547997,0.02753997966647148,0.6227665543556213,0.2453051507472992,0.03492750599980354,0.29734259843826294,1.1688892841339111,8.0,0.07273274660110474,0.06580111384391785,0.8987205624580383,1.8439806126480107e-06,0.0016370676457881927,0.07748977839946747,0.001126392435518568,0.0048185549676418304,0.004429758992046118,0.0015830951742827892,0.05551813170313835,,
20,model.layers.1.linear_attn.out_proj.weight,1024,2048,0.00048828125,0.00038886579568497837,1.4034606218338013,-0.0002305926027474925,0.3669629991054535,0.00034454322303645313,0.12483898550271988,0.3688778877258301,0.012158459983766079,0.5290454626083374,1.4289566278457642,0.23348399996757507,20.073131561279297,0.0003790527698583901,0.0008811688749119639,0.06460479646921158,0.7097758054733276,0.12901394069194794,0.07776427268981934,0.16028301417827606,1.0053889751434326,,,,,,,,,,,,,,
20,model.layers.12.linear_attn.in_proj_qkv.weight,6144,1024,0.00016276041666666666,6.999597098911181e-05,2.611659049987793,-0.00030814006458967924,0.22174762189388275,0.0007167037692852318,0.16432803869247437,0.25353309512138367,0.0043967776000499725,0.5921222567558289,1.550577998161316,0.2829737365245819,48.48228073120117,0.1029011532664299,0.0022353888489305973,0.03412503004074097,0.7021893262863159,0.16473937034606934,0.04437823221087456,0.21488577127456665,1.2282284498214722,8.0,0.06828591227531433,0.06776683777570724,0.8776323795318604,6.811533239670098e-07,0.0007869398687034845,0.10019057244062424,0.0008655722642306045,0.004195305518805981,0.0016861656913533807,0.0019234118517488241,0.09523886442184448,,
20,model.layers.12.linear_attn.out_proj.weight,1024,2048,0.00048828125,0.00031759930425323546,2.633873462677002,0.0001359595189569518,0.3225107789039612,4.757776696351357e-05,0.15875540673732758,0.34461796283721924,0.01432297844439745,0.5318314433097839,1.4287763833999634,0.28654494881629944,24.742496490478516,0.0829038992524147,0.0008019563974812627,0.08754722774028778,0.7234088778495789,0.074188731610775,0.11825156211853027,0.0986461341381073,0.8917784690856934,,,,,,,,,,,,,,
20,model.layers.21.linear_attn.in_proj_qkv.weight,6144,1024,0.00016276041666666666,9.911465895129368e-05,3.4923207759857178,-5.879067612113431e-05,0.06470461189746857,0.0008124613086692989,0.17181353271007538,0.2624569535255432,0.0055492110550403595,0.6001501083374023,1.5452244281768799,0.24535343050956726,34.441184997558594,0.04774187132716179,0.0026276728603988886,0.04300253838300705,0.6580730080604553,0.19894914329051971,0.04917626082897186,0.2516810894012451,1.238714337348938,8.0,0.06064414978027344,0.06650403141975403,0.8875094652175903,-1.0638528635809053e-07,1.6341637092409655e-05,0.011716301552951336,-0.006510075199718163,-0.002080718521028757,0.00048481853445991874,-0.00046083840425126255,0.05886925011873245,,
20,model.layers.21.linear_attn.out_proj.weight,1024,2048,0.00048828125,0.0004277097468730062,2.9209723472595215,-9.584690815245267e-06,0.11672287434339523,7.071672007441521e-05,0.14947305619716644,0.3553268313407898,0.004912023898214102,0.5491039156913757,1.4867818355560303,0.26790347695350647,33.966609954833984,0.11299736052751541,0.0008320914348587394,0.01930689811706543,0.7385966181755066,0.14644783735275269,0.028754349797964096,0.1775130182504654,1.3651838302612305,,,,,,,,,,,,,,
40,model.layers.7.self_attn.q_proj.weight,4096,1024,0.000244140625,9.602295176591724e-05,2.360647678375244,-0.00014100248517934233,0.2713273763656616,0.0018217290053144097,0.17885416746139526,0.2634561359882355,0.011404749006032944,0.5347460508346558,1.5363677740097046,0.32751622796058655,20.20148468017578,0.14540214836597443,0.001497328863479197,0.08466871082782745,0.6776747107505798,0.1346186399459839,0.09609456360340118,0.18488459289073944,0.987130343914032,8.0,0.0675748959183693,0.06748388707637787,0.8983745574951172,-9.005520951177459e-08,0.0008062799461185932,0.17206625640392303,-0.00011169223536477323,0.0010308572091162205,0.0011385406833142042,-0.00027299384237267077,0.04970431700348854,0.24655574560165405,0.25965800881385803
40,model.layers.7.self_attn.k_proj.weight,512,1024,0.0009765625,0.0010283613810315728,2.3368325233459473,-1.0243608812743332e-05,0.20458951592445374,0.0006320347893051803,0.13095597922801971,0.269357830286026,0.021452708169817924,0.7473066449165344,1.3335102796554565,0.2284792959690094,18.278051376342773,0.0533926784992218,0.00021046095935162157,0.022982720285654068,0.7982603907585144,0.07427991181612015,0.03700286149978638,0.10553401708602905,1.0654497146606445,,,,,,,,,,,,,,
40,model.layers.7.self_attn.v_proj.weight,512,1024,0.0009765625,0.0009456318221054971,1.8763360977172852,-0.0004391127731651068,0.358595073223114,0.0004316492995712906,0.13444781303405762,0.2528291940689087,0.004225366748869419,0.7384299635887146,1.4633756875991821,0.2041483223438263,48.59044647216797,-0.026509964838624,0.00022760035062674433,0.016752833500504494,0.7763157486915588,0.10635723918676376,0.02593483403325081,0.14192385971546173,1.233987808227539,,,,,,,,,,,,,,
40,model.layers.7.self_attn.o_proj.weight,1024,2048,0.00048828125,0.0002466015866957605,2.093320369720459,-0.0001500680373283103,0.5763677358627319,3.004194331879262e-05,0.14615561068058014,0.3535686433315277,0.015421406365931034,0.5172505974769592,1.4209874868392944,0.32629096508026123,20.31436538696289,0.06783115863800049,0.0008603791357018054,0.11372104287147522,0.7370222806930542,0.05696439743041992,0.1356169879436493,0.07608886063098907,0.9576994180679321,,,,,,,,,,,,,,
40,model.layers.15.self_attn.q_proj.weight,4096,1024,0.000244140625,0.00013539167412091047,4.161776542663574,-0.0003041922755073756,0.25871339440345764,0.00042674451833590865,0.21009686589241028,0.24115806818008423,0.003936067223548889,0.4498787224292755,1.5484670400619507,0.3152042627334595,20.928974151611328,0.020466014742851257,0.0014758809702470899,0.11465498805046082,0.6776151657104492,0.09390643239021301,0.13003896176815033,0.1449657380580902,0.8445989489555359,8.0,0.05656810849905014,0.06503144651651382,0.901108980178833,-7.00573423273454e-07,-0.0016318554989993572,0.19885686039924622,,-0.003586603794246912,-0.0003293889749329537,-0.007410403806716204,0.04535534977912903,,
40,model.layers.15.self_attn.k_proj.weight,512,1024,0.0009765625,0.001089991768822074,4.2879533767700195,-1.386592884955462e-05,0.21914924681186676,0.00011671466927509755,0.24677914381027222,0.24765852093696594,0.004287643823772669,0.5374245047569275,1.4599533081054688,0.2522827684879303,27.34026527404785,0.053471747785806656,0.00021354673663154244,0.019948657602071762,0.803027331829071,0.06259965896606445,0.03906099125742912,0.0908409059047699,1.107515573501587,,,,,,,,,,,,,,
40,model.layers.15.self_attn.v_proj.weight,512,1024,0.0009765625,0.0009359076502732933,2.0555403232574463,0.001473575597628951,0.19847077131271362,0.00014635729894507676,0.1901427060365677,0.2523905336856842,0.008214429020881653,0.6422742605209351,1.4387342929840088,0.23403923213481903,48.99245834350586,0.017481237649917603,0.0003253155155107379,0.024290544912219048,0.7851779460906982,0.1015123724937439,0.032078273594379425,0.13164648413658142,1.1375235319137573,,,,,,,,,,,,,0.26897668838500977,0.2862595021724701
40,model.layers.15.self_attn.o_proj.weight,1024,2048,0.00048828125,0.00035307486541569233,1.9181180000305176,0.00046526751248165965,0.37397006154060364,2.1658624973497353e-05,0.09021501243114471,0.4356957674026489,0.010141797363758087,0.5601741075515747,1.450667142868042,0.22846561670303345,42.341392517089844,0.014382321387529373,0.0009708463912829757,0.03245190903544426,0.7900115847587585,0.08298799395561218,0.04649946838617325,0.10744437575340271,1.258938193321228,,,,,,,,,,,,,,
40,model.layers.19.self_attn.q_proj.weight,4096,1024,0.000244140625,0.00016592307656537741,3.25797700881958,-0.0004077906487509608,0.15026366710662842,0.0008507125894539058,0.21897302567958832,0.2319788783788681,0.010319562628865242,0.42283767461776733,1.52519953250885,0.3004840612411499,26.40134048461914,0.03052927553653717,0.0014386121183633804,0.09850627183914185,0.6888913512229919,0.09574294835329056,0.11386819928884506,0.14640536904335022,0.8737460970878601,8.0,0.06501010060310364,0.065323606133461,0.8958824276924133,4.4031122570231673e-07,0.00039667781675234437,0.07573054730892181,0.0011099970986711712,-0.00019306803005747497,0.0008353743469342589,-0.019639067351818085,0.04349299147725105,,
40,model.layers.19.self_attn.k_proj.weight,512,1024,0.0009765625,0.0012244770769029856,4.408698558807373,-1.297492599405814e-05,0.14414046704769135,0.0006133345887064934,0.25433921813964844,0.20691350102424622,0.011166703887283802,0.5647425651550293,1.3722155094146729,0.2540521025657654,21.157581329345703,-0.014228558167815208,0.00021816862863488495,0.020973581820726395,0.8210597634315491,0.038581959903240204,0.04863984137773514,0.06750732660293579,1.051941156387329,,,,,,,,,,,,,,
40,model.layers.19.self_attn.v_proj.weight,512,1024,0.0009765625,0.0008686938672326505,1.5584194660186768,-0.0010172451147809625,0.1226377934217453,0.0015313009498640895,0.13006843626499176,0.26634034514427185,0.0064698015339672565,0.6929214000701904,1.4483298063278198,0.19944025576114655,25.33392906188965,-0.08062037825584412,0.0003845125902444124,0.015496402978897095,0.8900148272514343,0.025866182520985603,0.034215524792671204,0.046668972820043564,1.1464157104492188,,,,,,,,,,,,,,
40,model.layers.19.self_attn.o_proj.weight,1024,2048,0.00048828125,0.00046943544293753803,1.4594227075576782,-0.0003191639552824199,0.2329597920179367,5.281941048451699e-05,0.063808873295784,0.4869617223739624,0.007559159770607948,0.590683102607727,1.4573676586151123,0.2442326694726944,50.39621353149414,-0.09389685094356537,0.00114070950075984,0.014988493174314499,0.7678701281547546,0.1143617182970047,0.028437238186597824,0.14171920716762543,1.3709690570831299,,,,,,,,,,,,,,
40,model.layers.1.mlp.gate_proj.weight,3584,1024,0.00027901785714285713,0.0002831396122928709,3.011622667312622,3.251723319408484e-05,0.2665110230445862,0.00028084151563234627,0.1785101443529129,0.30445989966392517,0.006643167696893215,0.5258896946907043,1.5188459157943726,0.2297697216272354,64.90000915527344,0.002289575757458806,0.0011709313839673996,0.02376765012741089,0.6154678463935852,0.2508399486541748,0.032449766993522644,0.30547547340393066,1.1985973119735718,,,,,,,,,,,,,0.27639472484588623,0.29328209161758423
40,model.layers.1.mlp.up_proj.weight,3584,1024,0.00027901785714285713,0.0005311358254402876,2.578914165496826,0.00013913521252106875,0.4498230516910553,0.0001330182421952486,0.15756855905056,0.333516389131546,0.008883101865649223,0.5064558386802673,1.5084518194198608,0.21521960198879242,82.90081787109375,-0.0085670230910182,0.0007365581695921719,0.02906673215329647,0.5925697088241577,0.26547136902809143,0.035908471792936325,0.3244384825229645,1.1158485412597656,,,,,,,,,,,,,,
40,model.layers.1.mlp.down_proj.weight,1024,3584,0.00027901785714285713,0.0002842120884452015,4.572892665863037,0.0001422612986061722,0.432522177696228,0.0032549300231039524,0.19113098084926605,0.2735828161239624,0.02135547250509262,0.5251159071922302,1.420427680015564,0.24627965688705444,57.87826919555664,-0.07632599025964737,0.0007629514439031482,0.017715683206915855,0.6262637972831726,0.25160831212997437,0.028132513165473938,0.28774094581604004,1.2417213916778564,8.0,0.09144774079322815,0.08295395225286484,0.9105503559112549,3.487003414193168e-05,0.03285650908946991,0.8741480112075806,0.001061282379298995,0.019593587145209312,0.009064157493412495,-0.01552571076899767,0.03583836182951927,,
40,model.layers.12.mlp.gate_proj.weight,3584,1024,0.00027901785714285713,0.0002167106868000701,3.354177951812744,0.00032048849971033633,0.25631314516067505,0.00089089828543365,0.18341295421123505,0.25253796577453613,0.006104961037635803,0.5758082270622253,1.5323069095611572,0.27324509620666504,27.719757080078125,-0.11812607944011688,0.0011286931112408638,0.02954215556383133,0.73375004529953,0.1371242254972458,0.041505225002765656,0.18450520932674408,1.1998370885849,,,,,,,,,,,,,,
40,model.layers.12.mlp.up_proj.weight,3584,1024,0.00027901785714285713,0.0002523130096960813,3.1561615467071533,-0.0002839628141373396,0.4127762019634247,0.00042389321606606245,0.2114659696817398,0.26067301630973816,0.006737842690199614,0.5191503167152405,1.5223556756973267,0.30775707960128784,10.6402587890625,0.05970984324812889,0.0007609772146679461,0.015840163454413414,0.7176954746246338,0.16729408502578735,0.022984672337770462,0.2192385345697403,1.3286559581756592,,,,,,,,,,,,,,
40,model.layers.12.mlp.down_proj.weight,1024,3584,0.00027901785714285713,0.0002953233488369733,6.574103832244873,-0.0002981663274113089,0.40642574429512024,0.0002120972640113905,0.20209990441799164,0.28863945603370667,0.02354087121784687,0.5230162143707275,1.3912286758422852,0.2755357623100281,65.97557067871094,-0.010609741322696209,0.0007261587888933718,0.023480085656046867,0.7117245197296143,0.1596985012292862,0.03528650104999542,0.1921539306640625,1.2467187643051147,8.0,0.06886223703622818,0.06725568324327469,0.9119726419448853,1.075997352018021e-05,0.004041793756186962,1.1016695499420166,0.0026621777778021,0.005740426946431398,0.0009705582051537931,0.0011290336260572076,0.04232184216380119,,
40,model.layers.22.mlp.gate_proj.weight,3584,1024,0.00027901785714285713,0.0002303386281710118,3.38372540473938,0.0009499846491962671,0.09903091937303543,0.000982025172561407,0.17970503866672516,0.256367027759552,0.007380030583590269,0.5606920123100281,1.524143099784851,0.2783118784427643,15.767424583435059,0.06790085136890411,0.0016008045058697462,0.08944815397262573,0.6339375376701355,0.1671375036239624,0.09833957999944687,0.22101148962974548,1.0521739721298218,,,,,,,,,,,,,0.29519063234329224,0.28971195220947266
40,model.layers.22.mlp.up_proj.weight,3584,1024,0.00027901785714285713,0.00021811737678945065,3.2610669136047363,0.00043944461503997445,0.2205631136894226,0.0011811626609414816,0.1733732670545578,0.2968171536922455,0.014520104043185711,0.5837289094924927,1.5108073949813843,0.23401235044002533,59.98100662231445,0.10044189542531967,0.0008702213526703417,0.0317160002887249,0.6493895649909973,0.21364006400108337,0.037816744297742844,0.2698003053665161,1.1976170539855957,,,,,,,,,,,,,,
40,model.layers.22.mlp.down_proj.weight,1024,3584,0.00027901785714285713,0.0004178306844551116,2.661923408508301,0.0004883252549916506,0.21831689774990082,0.00027557212160900235,0.1058991476893425,0.41248437762260437,0.010249234735965729,0.5636249780654907,1.457197666168213,0.28852030634880066,23.0810546875,-0.07455780357122421,0.0008699431200511754,0.023592963814735413,0.686883270740509,0.18764494359493256,0.03499830886721611,0.22021934390068054,1.2642406225204468,8.0,0.06976277381181717,0.06928638368844986,0.8678194880485535,-8.638783583592158e-06,-0.0033208350650966167,0.3583901822566986,,-0.0019126770785078406,-0.00029867884586565197,-0.0002859302330762148,0.10873206704854965,,
40,model.layers.1.linear_attn.in_proj_qkv.weight,6144,1024,0.00016276041666666666,0.0001239468838321045,2.467684268951416,0.00018564781930763274,0.22452935576438904,0.0005648722290061414,0.18644995987415314,0.26641812920570374,0.00694458931684494,0.5137861967086792,1.5333083868026733,0.2500046193599701,55.05251693725586,-0.11922293156385422,0.0018963420297950506,0.02991989627480507,0.6267345547676086,0.23501306772232056,0.03776276111602783,0.2888268232345581,1.1915311813354492,8.0,0.08819982409477234,0.08561776578426361,0.8977554440498352,2.9372909011726733e-06,0.00385233573615551,0.09998473525047302,0.0007624701226336991,0.009026004932820797,0.01093229465186596,-0.002530123572796583,0.07311493903398514,,
40,model.layers.1.linear_attn.out_proj.weight,1024,2048,0.00048828125,0.0002810299629345536,1.3352525234222412,-0.00014690810348838568,0.513742983341217,0.0005915753426961601,0.12191855162382126,0.3683222532272339,0.014508556574583054,0.5173541307449341,1.4415804147720337,0.25041717290878296,32.7268180847168,0.008658022619783878,0.0008756251190789044,0.05673310533165932,0.7139713764190674,0.12761279940605164,0.07300575822591782,0.15818847715854645,1.0810331106185913,,,,,,,,,,,,,,
40,model.layers.12.linear_attn.in_proj_qkv.weight,6144,1024,0.00016276041666666666,7.221409759949893e-05,2.5598175525665283,0.00040595949394628406,0.23886606097221375,0.00027037382824346423,0.15535973012447357,0.26118338108062744,0.002705605234950781,0.5997464060783386,1.5512808561325073,0.2791775166988373,46.05108642578125,0.014338961802423,0.002240822184830904,0.0439041443169117,0.7046321034431458,0.1494177132844925,0.05384247004985809,0.20079438388347626,1.1451328992843628,8.0,0.06193895265460014,0.0673593133687973,0.8821264505386353,1.6611413684586296e-06,0.0012862946605309844,0.10889465361833572,0.0012914158935969679,0.003731846809387207,0.001535572111606598,-0.010725193656980991,0.07097867131233215,,
40,model.layers.12.linear_attn.out_proj.weight,1024,2048,0.00048828125,0.0003020288422703743,2.4915151596069336,-0.00013212309568189085,0.3466826379299164,5.047219747211784e-05,0.15752924978733063,0.3420138657093048,0.02138582617044449,0.5264785289764404,1.426295518875122,0.2876579165458679,15.059196472167969,0.030550790950655937,0.0007860432378947735,0.10559845715761185,0.6913619041442871,0.08138374984264374,0.1417379081249237,0.1069895476102829,0.7000190019607544,,,,,,,,,,,,,,
40,model.layers.21.linear_attn.in_proj_qkv.weight,6144,1024,0.00016276041666666666,8.942008571466431e-05,3.600397825241089,0.00034084790968336165,0.0723159909248352,0.0006886002374812961,0.17507770657539368,0.258902907371521,0.005681734532117844,0.5816954970359802,1.544541597366333,0.23162728548049927,54.53588104248047,0.015429402701556683,0.002596672624349594,0.019456906244158745,0.669035792350769,0.20802059769630432,0.026828041300177574,0.26227912306785583,1.2593835592269897,8.0,0.06766896694898605,0.07098180055618286,0.8937162160873413,8.557482544802042e-08,-4.430146509548649e-05,0.013623997569084167,,-0.004282284993678331,-0.00011295511649223045,0.011644436977803707,0.06259654462337494,,
40,model.layers.21.linear_attn.out_proj.weight,1024,2048,0.00048828125,0.00033143028849735856,3.2100796699523926,-0.0005022973637096584,0.1370154321193695,5.383404641179368e-05,0.15063968300819397,0.35560745000839233,0.005869503132998943,0.5486091375350952,1.4751139879226685,0.2367488592863083,40.22565460205078,0.10110092908143997,0.0008156474214047194,0.026582330465316772,0.7353620529174805,0.14114709198474884,0.03493071347475052,0.17286136746406555,1.2494486570358276,,,,,,,,,,,,,,
60,model.layers.7.self_attn.q_proj.weight,4096,1024,0.000244140625,9.323122503701597e-05,2.370917320251465,-0.0011061348486691713,0.2944048047065735,0.000504867231938988,0.1802702248096466,0.2564224898815155,0.007050083484500647,0.5395895838737488,1.5327688455581665,0.29204365611076355,27.580671310424805,0.03742096200585365,0.0014978322433307767,0.11938043683767319,0.6473896503448486,0.12174754589796066,0.133118137717247,0.17260076105594635,0.7787012457847595,8.0,0.06757665425539017,0.07088375836610794,0.8701701164245605,-1.1117488156742183e-06,-0.0010006185621023178,0.18111327290534973,,-0.0033687816467136145,-0.0008521475247107446,0.004552389495074749,0.05129905790090561,0.27573835849761963,0.275045245885849
60,model.layers.7.self_attn.k_proj.weight,512,1024,0.0009765625,0.0012799620162695646,2.269434690475464,5.8831961524674625e-08,0.21882100403308868,0.001025682082399726,0.11816676706075668,0.28204140067100525,0.013145016506314278,0.7673581838607788,1.3602731227874756,0.20722156763076782,35.16299057006836,0.012826645746827126,0.00020288239466026425,0.017271067947149277,0.7768571972846985,0.0799514651298523,0.03964841365814209,0.11487261950969696,1.1262677907943726,,,,,,,,,,,,,,
60,model.layers.7.self_attn.v_proj.weight,512,1024,0.0009765625,0.0010071264114230871,2.1920785903930664,0.0005156618426553905,0.3768959641456604,0.0003293034387752414,0.1277245134115219,0.26904553174972534,0.0033005920704454184,0.7476160526275635,1.4613901376724243,0.22584472596645355,19.960973739624023,0.034036122262477875,0.0002352577430428937,0.007467885967344046,0.8120116591453552,0.08628532290458679,0.016042424365878105,0.11970022320747375,1.351119875907898,,,,,,,,,,,,,,
60,model.layers.7.self_attn.o_proj.weight,1024,2048,0.00048828125,0.0002473526692483574,2.1754977703094482,0.00017468043370172381,0.5924992561340332,4.363536572782323e-05,0.15037952363491058,0.34851521253585815,0.015232686884701252,0.5161304473876953,1.434665560722351,0.31855183839797974,15.0748929977417,-0.013589431531727314,0.0008267465746030211,0.1384609192609787,0.6976497173309326,0.064426489174366,0.16101056337356567,0.08518972247838974,0.8441811800003052,,,,,,,,,,,,,,
60,model.layers.15.self_attn.q_proj.weight,4096,1024,0.000244140625,0.00012389222683850676,3.201146364212036,0.0001719415158731863,0.27874329686164856,0.00014743092469871044,0.21227049827575684,0.23784035444259644,0.0029484652914106846,0.4505990743637085,1.546812891960144,0.31906089186668396,28.40384864807129,-0.06135276332497597,0.00146322266664356,0.11928130686283112,0.6747162342071533,0.09613481909036636,0.13452847301959991,0.14373010396957397,0.8002777099609375,8.0,0.071418896317482,0.07539166510105133,0.8613359332084656,4.864618404099019e-06,0.0013568318681791425,0.23072704672813416,0.003585277231605194,-0.00017358986951876432,0.0011474884813651443,0.0035128362942487,0.05574304610490799,,
60,model.layers.15.self_attn.k_proj.weight,512,1024,0.0009765625,0.0010457176249474287,4.6951165199279785,-8.634995538159274e-06,0.23198886215686798,0.00029723707120865583,0.2520093619823456,0.22535794973373413,0.004882240202277899,0.5348852276802063,1.4609049558639526,0.27676454186439514,15.546478271484375,-0.00403393991291523,0.00022961435024626553,0.023484600707888603,0.8223650455474854,0.04952509328722954,0.041474003344774246,0.07480086386203766,1.0413731336593628,,,,,,,,,,,,,,
60,model.layers.15.self_attn.v_proj.weight,512,1024,0.0009765625,0.0010567840654402971,1.6863689422607422,0.001260665012523532,0.23100805282592773,0.0003975102154072374,0.16780786216259003,0.27510082721710205,0.005317515693604946,0.6729180216789246,1.4428070783615112,0.20946675539016724,37.96498489379883,0.02010483108460903,0.00031862902687862515,0.00786141213029623,0.7984862327575684,0.10092296451330185,0.01596306450664997,0.13182692229747772,1.369970440864563,,,,,,,,,,,,,0.2677612900733948,0.2576892673969269
60,model.layers.15.self_attn.o_proj.weight,1024,2048,0.00048828125,0.0004935658071190119,1.7589794397354126,0.00041851933929137886,0.4134923219680786,2.1918807760812342e-05,0.08539827167987823,0.46848437190055847,0.009919351898133755,0.5976986885070801,1.4560383558273315,0.2819925546646118,29.0221004486084,-0.0777987539768219,0.0009973755804821849,0.04713660478591919,0.7856609225273132,0.07438632845878601,0.06297169625759125,0.09761400520801544,1.2261298894882202,,,,,,,,,,,,,,
60,model.layers.19.self_attn.q_proj.weight,4096,1024,0.000244140625,0.00019004139176104218,2.8452181816101074,0.0008719080942682922,0.17125141620635986,0.00034781830618157983,0.22218210995197296,0.2217143326997757,0.006941306404769421,0.4076199531555176,1.5320357084274292,0.3172551989555359,10.104531288146973,-0.11396760493516922,0.0015312526375055313,0.2238151729106903,0.5848812460899353,0.07331643253564835,0.23809894919395447,0.12202750891447067,0.7662623524665833,8.0,0.07332147657871246,0.07634145021438599,0.8402849435806274,1.4865765933791408e-06,0.0009381981799378991,0.10952002555131912,0.0015845016811667017,-0.0013488990953192115,0.0009442573064006865,0.001034399843774736,0.06151774153113365,,
60,model.layers.19.self_attn.k_proj.weight,512,1024,0.0009765625,0.0010043681832030416,2.729743003845215,-5.545542535401182e-06,0.1912195235490799,0.00041732308454811573,0.23408985137939453,0.22297973930835724,0.009858372621238232,0.5996348857879639,1.3814246654510498,0.23099759221076965,21.554264068603516,0.033099956810474396,0.00021407882741186768,0.010942602530121803,0.8166983127593994,0.036461129784584045,0.04546864330768585,0.0656360611319542,1.067148208618164,,,,,,,,,,,,,,
60,model.layers.19.self_attn.v_proj.weight,512,1024,0.0009765625,0.000780259317252785,1.5246844291687012,0.0011538281105458736,0.12974098324775696,0.0014595387037843466,0.12606064975261688,0.28196051716804504,0.006484631448984146,0.7003674507141113,1.4495638608932495,0.19457277655601501,47.33625793457031,-0.015986952930688858,0.0003770917246583849,0.021916303783655167,0.8853932023048401,0.026655979454517365,0.038458917289972305,0.048371169716119766,1.1317766904830933,,,,,,,,,,,,,,
60,model.layers.19.self_attn.o_proj.weight,1024,2048,0.00048828125,0.0003790984337683767,1.4534754753112793,0.00037106676609255373,0.23696795105934143,6.740560638718307e-05,0.0655202716588974,0.46576976776123047,0.014297748915851116,0.5653085708618164,1.4594043493270874,0.26821133494377136,29.332752227783203,-0.061794064939022064,0.0011935732327401638,0.016785945743322372,0.7780721783638,0.10131848603487015,0.03169448673725128,0.12866345047950745,1.3447986841201782,,,,,,,,,,,,,,
60,model.layers.1.mlp.gate_proj.weight,3584,1024,0.00027901785714285713,0.0002731218992266804,3.225820541381836,0.00035881620715372264,0.28337377309799194,0.00036380914389155805,0.18651090562343597,0.30189505219459534,0.01061123888939619,0.5333303213119507,1.5151283740997314,0.22405478358268738,21.91639518737793,0.018904728814959526,0.0011598822893574834,0.019488295540213585,0.6614986062049866,0.21357877552509308,0.027729663997888565,0.26651623845100403,1.256819248199463,,,,,,,,,,,,,0.29976344108581543,0.2941749691963196
60,model.layers.1.mlp.up_proj.weight,3584,1024,0.00027901785714285713,0.0002287958050146699,3.3414621353149414,0.0005888668238185346,0.4518201947212219,0.00012284032709430903,0.18384456634521484,0.3104654550552368,0.009144737385213375,0.511284351348877,1.508514165878296,0.24976566433906555,64.76913452148438,-0.09015725553035736,0.0007759177242405713,0.027946870774030685,0.5894888043403625,0.2750922739505768,0.03485630080103874,0.3303024172782898,1.0999269485473633,,,,,,,,,,,,,,
60,model.layers.1.mlp.down_proj.weight,1024,3584,0.00027901785714285713,0.00027716002659872174,5.646422863006592,0.000576867489144206,0.4606119990348816,0.0005711064441129565,0.19486868381500244,0.28125444054603577,0.014238322153687477,0.5397024750709534,1.4277082681655884,0.2331651747226715,63.28955078125,-0.07297079265117645,0.0007639267132617533,0.019029099494218826,0.6475067734718323,0.2275567203760147,0.02843165211379528,0.2644330859184265,1.2746652364730835,8.0,0.07301986962556839,0.07515162229537964,0.8790692090988159,-3.7948129829601385e-06,-0.01414534356445074,1.0744410753250122,,0.000154121735249646,-0.0030728799756616354,-0.003117734333500266,0.03476426377892494,,
60,model.layers.12.mlp.gate_proj.weight,3584,1024,0.00027901785714285713,0.00023268884979188442,3.2419354915618896,0.0009541189065203071,0.27653077244758606,0.0007635937654413283,0.1891966313123703,0.24116283655166626,0.0061830575577914715,0.5632370114326477,1.5238136053085327,0.30036959052085876,19.405332565307617,-0.01776977814733982,0.0011205673217773438,0.0585540346801281,0.7119424939155579,0.12926757335662842,0.06958016008138657,0.1783013939857483,1.1430418491363525,,,,,,,,,,,,,,
60,model.layers.12.mlp.up_proj.weight,3584,1024,0.00027901785714285713,0.0002810638688970357,2.8858299255371094,0.0006444427999667823,0.44532492756843567,0.000287701899651438,0.21838513016700745,0.2488403618335724,0.008206934668123722,0.5117418169975281,1.5100997686386108,0.2695954442024231,52.940975189208984,-0.018509620800614357,0.0007513727177865803,0.023144306614995003,0.6843292713165283,0.1941063404083252,0.0291261225938797,0.24790436029434204,1.3428544998168945,,,,,,,,,,,,,,
60,model.layers.12.mlp.down_proj.weight,1024,3584,0.00027901785714285713,0.0002607481728773564,5.340108871459961,0.0006713711773045361,0.4415719509124756,0.00012953889381606132,0.20058099925518036,0.29208704829216003,0.0184328593313694,0.5323910117149353,1.408471703529358,0.29037079215049744,41.65532302856445,-0.17111964523792267,0.0007445800583809614,0.039349835366010666,0.7143875360488892,0.15363475680351257,0.05106418579816818,0.1813313513994217,1.1377756595611572,8.0,0.07617358863353729,0.07070723921060562,0.8777398467063904,-3.5837601899402216e-06,0.0027223352808505297,1.1459641456604004,-0.0013164286615058524,0.0015619558980688453,0.0002939275000244379,0.010498804971575737,0.036222219467163086,,
60,model.layers.22.mlp.gate_proj.weight,3584,1024,0.00027901785714285713,0.0002190473023802042,3.086090087890625,0.0003918274596799165,0.10050038248300552,0.0007839472964406013,0.18439623713493347,0.2478274405002594,0.006965537555515766,0.5520284175872803,1.5237196683883667,0.26377785205841064,15.666488647460938,-0.078666552901268,0.0016047591343522072,0.0274787750095129,0.6914191246032715,0.1684131920337677,0.03588757663965225,0.22338798642158508,1.1779645681381226,,,,,,,,,,,,,0.2573072910308838,0.2554290294647217
60,model.layers.22.mlp.up_proj.weight,3584,1024,0.00027901785714285713,0.00035620175185613334,3.0775392055511475,0.0004879735060967505,0.22337515652179718,0.0005559059791266918,0.1663050651550293,0.3069468140602112,0.010516676120460033,0.5945419669151306,1.5137916803359985,0.23588800430297852,58.173797607421875,-0.022957971319556236,0.0008677112637087703,0.034643761813640594,0.6378288865089417,0.2126605063676834,0.04567495733499527,0.2682490348815918,1.0736597776412964,,,,,,,,,,,,,,
60,model.layers.22.mlp.down_proj.weight,1024,3584,0.00027901785714285713,0.00036004430148750544,2.661898136138916,0.000532386009581387,0.2218502014875412,0.00015471296501345932,0.09956550598144531,0.40821194648742676,0.007283451966941357,0.5755997896194458,1.4733713865280151,0.2637936770915985,45.777103424072266,-0.07072200626134872,0.0008392240270040929,0.030709441751241684,0.6669890880584717,0.200192391872406,0.03960135206580162,0.2343340814113617,1.2283384799957275,8.0,0.07293485105037689,0.07411450892686844,0.8432144522666931,6.644247150688898e-06,0.0017296975711360574,0.3250058591365814,0.003841276799807834,0.0007995027117431164,0.000603466818574816,0.005448997486382723,0.11556567251682281,,
60,model.layers.1.linear_attn.in_proj_qkv.weight,6144,1024,0.00016276041666666666,0.0001628133759368211,2.6017534732818604,-0.00021747931896243244,0.2414316087961197,0.0009449014323763549,0.19605016708374023,0.25919124484062195,0.010552730411291122,0.5137162804603577,1.5331937074661255,0.23875102400779724,36.90541458129883,-0.07159361243247986,0.0018841057317331433,0.023400746285915375,0.6451969146728516,0.21901695430278778,0.03405207395553589,0.27100813388824463,1.242059588432312,8.0,0.07990285754203796,0.07416561990976334,0.8646863102912903,-3.036355792573886e-06,-0.0028598634526133537,0.12218023836612701,,-0.004080768208950758,-0.005532504059374332,-0.012583965435624123,0.043127283453941345,,
60,model.layers.1.linear_attn.out_proj.weight,1024,2048,0.00048828125,0.0003416617400944233,1.4356462955474854,-0.0003782393177971244,0.5106343626976013,0.0003850502835121006,0.13373319804668427,0.3494523763656616,0.012012439779937267,0.5082741379737854,1.443844199180603,0.22384829819202423,21.298784255981445,0.10822617262601852,0.0008817245834507048,0.08931483328342438,0.6813068389892578,0.11824853718280792,0.11074229329824448,0.1500883847475052,0.8926222920417786,,,,,,,,,,,,,,
60,model.layers.12.linear_attn.in_proj_qkv.weight,6144,1024,0.00016276041666666666,6.0694466810673475e-05,2.3485283851623535,0.00026822686777450144,0.25879067182540894,0.0006131250411272049,0.15795499086380005,0.25384050607681274,0.003539532423019409,0.59340900182724,1.5503250360488892,0.2670291066169739,37.159549713134766,0.008707192726433277,0.0021975948475301266,0.037781406193971634,0.7054277658462524,0.15518318116664886,0.046599142253398895,0.20820721983909607,1.231642723083496,8.0,0.07425098121166229,0.07123828679323196,0.8473863005638123,-1.8360157127972343e-06,-0.0013678914401680231,0.1261608898639679,,-0.004536895081400871,-0.0010179081000387669,-0.02019171416759491,0.06815700232982635,,
60,model.layers.12.linear_attn.out_proj.weight,1024,2048,0.00048828125,0.00029381009517237544,2.376990556716919,-0.00010735698015196249,0.3822268843650818,6.997207674430683e-05,0.15462975203990936,0.34561535716056824,0.019883621484041214,0.5300825834274292,1.4105557203292847,0.28023743629455566,25.590364456176758,-0.08228147774934769,0.0008104171720333397,0.08162922412157059,0.7444816827774048,0.06966531276702881,0.10805797576904297,0.09289156645536423,0.9611820578575134,,,,,,,,,,,,,,
60,model.layers.21.linear_attn.in_proj_qkv.weight,6144,1024,0.00016276041666666666,0.00011496953084133565,3.7021994590759277,-0.0005241064354777336,0.0725637897849083,0.001167374080978334,0.17941558361053467,0.25661003589630127,0.00662199454382062,0.5737369060516357,1.5430501699447632,0.29799124598503113,23.907854080200195,-0.12850914895534515,0.0026863543316721916,0.06300201267004013,0.6376088261604309,0.1997285783290863,0.07171409577131271,0.24962812662124634,1.1403230428695679,8.0,0.06974005699157715,0.06728199869394302,0.8596202731132507,-1.5187809765393467e-07,-0.00028142647352069616,0.012226829305291176,,-0.0033828765153884888,-0.004400036297738552,-0.015237716026604176,0.0531114861369133,,
60,model.layers.21.linear_attn.out_proj.weight,1024,2048,0.00048828125,0.0003685327246785164,3.022458553314209,-0.0011136078974232078,0.13039074838161469,0.00017771951388567686,0.14409257471561432,0.355615496635437,0.009396967478096485,0.5471683740615845,1.472144365310669,0.2655361294746399,57.68941879272461,-0.04928718879818916,0.0008209009538404644,0.04729348421096802,0.7144730687141418,0.14078357815742493,0.05532488971948624,0.1733260452747345,1.0547534227371216,,,,,,,,,,,,,,
80,model.layers.7.self_attn.q_proj.weight,4096,1024,0.000244140625,0.00013596324424725026,2.621711492538452,0.0014692657859995961,0.3151700496673584,0.0014459663070738316,0.17377322912216187,0.2630564868450165,0.00918830931186676,0.5359843969345093,1.5346845388412476,0.26304134726524353,24.774856567382812,0.0002238788001704961,0.0014843321405351162,0.07870365679264069,0.6894587278366089,0.12835949659347534,0.09101539105176926,0.17827574908733368,1.0525686740875244,8.0,0.07323090732097626,0.07869202643632889,0.8226179480552673,-1.173088912764797e-05,-0.005426117219030857,0.166287362575531,,-0.020239682868123055,-0.013591495342552662,0.017843056470155716,0.0753890872001648,0.30390065908432007,0.2925867736339569
80,model.layers.7.self_attn.k_proj.weight,512,1024,0.0009765625,0.0012403272558003664,3.7703585624694824,-3.667789769679075e-06,0.2271682769060135,0.0027397777885198593,0.15181097388267517,0.25330644845962524,0.038439758121967316,0.6796029210090637,1.3143374919891357,0.35266026854515076,9.935850143432617,-0.020072443410754204,0.00021972792455926538,0.18772515654563904,0.6481114625930786,0.06699769198894501,0.2043176293373108,0.09612441807985306,0.7795138359069824,,,,,,,,,,,,,,
80,model.layers.7.self_attn.v_proj.weight,512,1024,0.0009765625,0.000736669113393873,1.6525064706802368,-0.0015216096071526408,0.477433979511261,0.0005893991328775883,0.11016914993524551,0.25790682435035706,0.0034488444216549397,0.7871068120002747,1.465515375137329,0.20703791081905365,40.73631286621094,-0.00701158819720149,0.00022507307585328817,0.006450132001191378,0.793645441532135,0.1030699610710144,0.01418671291321516,0.1383945494890213,1.431092619895935,,,,,,,,,,,,,,
80,model.layers.7.self_attn.o_proj.weight,1024,2048,0.00048828125,0.00024063160526566207,2.0041093826293945,-0.0005565793253481388,0.6993425488471985,4.0067363443085924e-05,0.14671456813812256,0.3528631627559662,0.013251273892819881,0.5327661037445068,1.4199622869491577,0.3739681541919708,11.398921012878418,-0.14455372095108032,0.0008402788080275059,0.10228253155946732,0.7518424391746521,0.05762481689453125,0.11995314806699753,0.07733697444200516,1.1622791290283203,,,,,,,,,,,,,,
80,model.layers.15.self_attn.q_proj.weight,4096,1024,0.000244140625,0.00013479685003403574,3.939876079559326,0.00025797117268666625,0.2720843553543091,0.0003693602920975536,0.2093183845281601,0.2422172874212265,0.00439042504876852,0.45826229453086853,1.5459338426589966,0.24202483892440796,22.670204162597656,-0.028107179328799248,0.001405176124535501,0.09188766032457352,0.690226674079895,0.10175108909606934,0.10701379925012589,0.15290242433547974,1.0377081632614136,8.0,0.07877044379711151,0.07750356197357178,0.8099980354309082,-6.868822310934775e-06,-0.006359141785651445,0.2431289106607437,,-0.007159087806940079,-0.009596366435289383,0.000771100225392729,0.04771082475781441,,
80,model.layers.15.self_attn.k_proj.weight,512,1024,0.0009765625,0.0009889380307868123,5.55856466293335,2.6693787731346674e-06,0.24747057259082794,9.435198444407433e-05,0.24685996770858765,0.243273064494133,0.0035310182720422745,0.5379630327224731,1.4634183645248413,0.2801847457885742,26.00139617919922,0.12607413530349731,0.00023152904759626836,0.03602774813771248,0.8152568340301514,0.04859183356165886,0.05292247608304024,0.07348255813121796,0.9868974685668945,,,,,,,,,,,,,,
80,model.layers.15.self_attn.v_proj.weight,512,1024,0.0009765625,0.0009242521482519805,2.1798105239868164,-0.0006516021094284952,0.2401709407567978,0.00048085860908031464,0.18022656440734863,0.2598612904548645,0.003030844498425722,0.6360558867454529,1.4667085409164429,0.18955709040164948,49.46307373046875,-0.013096758164465427,0.0003168050607200712,0.013322107493877411,0.7851991653442383,0.10090259462594986,0.0276311207562685,0.13174861669540405,1.181455373764038,,,,,,,,,,,,,0.28248098492622375,0.256809264421463
80,model.layers.15.self_attn.o_proj.weight,1024,2048,0.00048828125,0.0005240776808932424,2.1748578548431396,-0.00019725837046280503,0.4702104330062866,2.3176999093266204e-05,0.09029672294855118,0.4729789197444916,0.008791831322014332,0.6459009647369385,1.4500970840454102,0.2113814353942871,27.695209503173828,-0.04134223610162735,0.0009282280225306749,0.024388505145907402,0.7874608039855957,0.08116279542446136,0.04122258350253105,0.10825535655021667,1.2648166418075562,,,,,,,,,,,,,,
80,model.layers.19.self_attn.q_proj.weight,4096,1024,0.000244140625,0.00015018449630588293,3.325975179672241,0.0001066875338437967,0.1687181144952774,0.0004762598255183548,0.2055869847536087,0.2548777163028717,0.008154205046594143,0.4578896164894104,1.5312613248825073,0.5653741955757141,3.117638111114502,0.17648908495903015,0.0017832344165071845,0.436454713344574,0.43192392587661743,0.05794815346598625,0.4460759162902832,0.09091241657733917,0.8427225351333618,8.0,0.08750470727682114,0.07909196615219116,0.7946262359619141,-2.677511929505272e-06,-0.0028663016855716705,0.08879517763853073,,-0.007419151719659567,-0.008791140280663967,-0.0012668862473219633,0.08165109902620316,,
80,model.layers.19.self_attn.k_proj.weight,512,1024,0.0009765625,0.0011359883937984705,3.297180652618408,7.718645974819083e-06,0.16388657689094543,0.0006895521655678749,0.21376000344753265,0.2536535859107971,0.011302975937724113,0.6190346479415894,1.3624868392944336,0.2766978144645691,14.268468856811523,-0.09051649272441864,0.00021283913520164788,0.0399756021797657,0.7702059149742126,0.04049687832593918,0.08378572016954422,0.0696336105465889,0.8903003931045532,,,,,,,,,,,,,,
80,model.layers.19.self_attn.v_proj.weight,512,1024,0.0009765625,0.0006526698707602918,1.6834592819213867,7.481495231331792e-06,0.1342342644929886,0.0003445435140747577,0.13215520977973938,0.2761627435684204,0.003551884088665247,0.692205011844635,1.4385212659835815,0.16582012176513672,43.82464599609375,0.0014171988004818559,0.00039044785080477595,0.019591854885220528,0.882826030254364,0.02591315470635891,0.03963532671332359,0.047267165035009384,1.1225422620773315,,,,,,,,,,,,,,
80,model.layers.19.self_attn.o_proj.weight,1024,2048,0.00048828125,0.00043708315934054554,1.5778074264526367,3.687933258333942e-06,0.26653799414634705,6.0678641602862626e-05,0.06010718271136284,0.5180301070213318,0.009230602532625198,0.6438455581665039,1.4714115858078003,0.2636137306690216,37.749664306640625,0.07839023321866989,0.0011841494124382734,0.01504105981439352,0.7841609716415405,0.09957186132669449,0.02860470488667488,0.1263660192489624,1.351378083229065,,,,,,,,,,,,,,
80,model.layers.1.mlp.gate_proj.weight,3584,1024,0.00027901785714285713,0.0008547936449758708,2.82724928855896,0.0007091769366525114,0.3557564616203308,0.00019460488692857325,0.17957212030887604,0.30413347482681274,0.006876231636852026,0.5268759727478027,1.521876335144043,0.24940842390060425,40.12700653076172,-0.06589176505804062,0.001173803466372192,0.025992410257458687,0.6294654011726379,0.23920993506908417,0.03230825066566467,0.29457706212997437,1.2035715579986572,,,,,,,,,,,,,0.23757576942443848,0.23368071019649506
80,model.layers.1.mlp.up_proj.weight,3584,1024,0.00027901785714285713,0.0006133101996965706,2.6191835403442383,0.00018393274513073266,0.5754162669181824,0.00018660732894204557,0.1684855818748474,0.31655266880989075,0.010633468627929688,0.5040267109870911,1.5109866857528687,0.21671609580516815,102.65740966796875,0.019398201256990433,0.0007441161433234811,0.012351677753031254,0.612267792224884,0.257430762052536,0.01872682385146618,0.32024240493774414,1.3799712657928467,,,,,,,,,,,,,,
80,model.layers.1.mlp.down_proj.weight,1024,3584,0.00027901785714285713,0.00027907933690585196,4.427780628204346,0.00018443384033162147,0.5636811256408691,0.0015140813775360584,0.1923002153635025,0.2750074565410614,0.016436981037259102,0.5298157334327698,1.433250904083252,0.2307918816804886,65.12973022460938,0.013055904768407345,0.0007591663743369281,0.021466966718435287,0.6441833972930908,0.23097757995128632,0.030108235776424408,0.26731544733047485,1.2962710857391357,8.0,0.07134543359279633,0.06312564015388489,0.8603689074516296,-7.70906190155074e-05,-0.07420022785663605,1.1134419441223145,,-0.018293170258402824,-0.025246556848287582,0.023188482969999313,0.066543810069561,,
80,model.layers.12.mlp.gate_proj.weight,3584,1024,0.00027901785714285713,0.0002199290756834671,3.4291369915008545,-0.0004045687965117395,0.30529171228408813,0.000689237262122333,0.1823086142539978,0.2506740987300873,0.005930557381361723,0.5795694589614868,1.5308210849761963,0.2600264847278595,13.811446189880371,-0.020148981362581253,0.0011426304699853063,0.019725266844034195,0.7609819769859314,0.12956596910953522,0.02678626962006092,0.176962748169899,1.371416449546814,,,,,,,,,,,,,,
80,model.layers.12.mlp.up_proj.weight,3584,1024,0.00027901785714285713,0.00028463403577916324,3.0315744876861572,-8.317393803736195e-05,0.4947526454925537,0.0004701614670921117,0.21739892661571503,0.24928341805934906,0.0077514126896858215,0.5167526602745056,1.5129749774932861,0.2475675791501999,28.71498680114746,0.03548881411552429,0.0007567763095721602,0.014433273114264011,0.6779068112373352,0.1979745775461197,0.024571947753429413,0.2534368932247162,1.3857520818710327,,,,,,,,,,,,,,
80,model.layers.12.mlp.down_proj.weight,1024,3584,0.00027901785714285713,0.00024971659877337515,6.392124176025391,-8.62622691784054e-05,0.49086838960647583,0.0001341155730187893,0.1952694058418274,0.29644855856895447,0.021830931305885315,0.5459385514259338,1.3844565153121948,0.28904885053634644,47.127052307128906,-0.08137622475624084,0.0007278050179593265,0.01951950415968895,0.7203540205955505,0.15614913403987885,0.03066672571003437,0.18817368149757385,1.253270149230957,8.0,0.0756165087223053,0.07403799146413803,0.8324732184410095,-3.617195034166798e-05,-0.030446559190750122,1.195618987083435,,-0.005773880518972874,-0.010044197551906109,0.00020910090825054795,0.04390822723507881,,
80,model.layers.22.mlp.gate_proj.weight,3584,1024,0.00027901785714285713,0.00020105544535908848,3.1494979858398438,-0.0010247702011838555,0.10156131535768509,0.000568870862480253,0.16952012479305267,0.2692636549472809,0.006636376958340406,0.5667924880981445,1.5197197198867798,0.2603311538696289,32.56324005126953,0.11250539124011993,0.0016101934015750885,0.06167282164096832,0.6549077033996582,0.168801948428154,0.07084041833877563,0.22475779056549072,1.0574054718017578,,,,,,,,,,,,,0.2774813175201416,0.2842406928539276
80,model.layers.22.mlp.up_proj.weight,3584,1024,0.00027901785714285713,0.0003126563678961247,2.4008328914642334,-0.0009632801520638168,0.25628092885017395,0.0010386138455942273,0.16506312787532806,0.3043516278266907,0.01312890276312828,0.5872951745986938,1.5063726902008057,0.21989941596984863,77.21376037597656,-0.07436049729585648,0.0008813331951387227,0.022272950038313866,0.6407159566879272,0.22653724253177643,0.029587559401988983,0.2833549976348877,1.2531342506408691,,,,,,,,,,,,,,
80,model.layers.22.mlp.down_proj.weight,1024,3584,0.00027901785714285713,0.0004729506035801023,2.969087600708008,-0.0010839401511475444,0.24935492873191833,0.0002053882781183347,0.09160439670085907,0.43674057722091675,0.006628858391195536,0.6328502893447876,1.4709129333496094,0.3272932767868042,8.408501625061035,-0.012697755359113216,0.0008745049126446247,0.020633917301893234,0.6928520798683167,0.1843557059764862,0.033999159932136536,0.21509486436843872,1.2678602933883667,8.0,0.09789802879095078,0.08802209049463272,0.7512849569320679,-2.1840256522409618e-05,-0.008305842988193035,0.3906041979789734,,-0.004260530695319176,-0.00819681491702795,0.009011265821754932,0.1457313448190689,,
80,model.layers.1.linear_attn.in_proj_qkv.weight,6144,1024,0.00016276041666666666,0.0001217042954522185,2.227052688598633,0.0006341039552353323,0.3060283064842224,0.0005840954836457968,0.19000877439975739,0.25724461674690247,0.007968276739120483,0.5093013644218445,1.5309795141220093,0.21473371982574463,41.351715087890625,0.03149133548140526,0.0019451762782409787,0.044649310410022736,0.6137862801551819,0.22128361463546753,0.05790964514017105,0.2731582522392273,1.0305073261260986,8.0,0.06874123960733414,0.06283403187990189,0.8502561450004578,-1.063869240169879e-05,-0.01221033651381731,0.14113621413707733,,-0.025762051343917847,-0.03254984691739082,0.03182494267821312,0.12641747295856476,,
80,model.layers.1.linear_attn.out_proj.weight,1024,2048,0.00048828125,0.0001533693866804242,1.3370593786239624,0.00023761772899888456,0.6978397965431213,0.00024085336190182716,0.12441866099834442,0.38489994406700134,0.009977380745112896,0.5394567847251892,1.4402687549591064,0.32564452290534973,5.936180591583252,-0.07751663029193878,0.0009252412128262222,0.2060611993074417,0.6002840399742126,0.10913652181625366,0.22011525928974152,0.13461624085903168,1.0014790296554565,,,,,,,,,,,,,,
80,model.layers.12.linear_attn.in_proj_qkv.weight,6144,1024,0.00016276041666666666,7.189588359324262e-05,2.631045341491699,0.00010645919246599078,0.2896043360233307,0.0004139127559028566,0.15945634245872498,0.25590553879737854,0.0029754156712442636,0.5895872116088867,1.5523947477340698,0.27069994807243347,46.624393463134766,-0.04642069339752197,0.002276685321703553,0.07162702828645706,0.6891465783119202,0.14420413970947266,0.08086185902357101,0.19247621297836304,0.8561436533927917,8.0,0.0796857476234436,0.07784286886453629,0.7813557386398315,-4.308229108573869e-06,-0.006010555662214756,0.1438390612602234,,-0.019783662632107735,-0.014869757927954197,0.019063912332057953,0.09807144850492477,,
80,model.layers.12.linear_attn.out_proj.weight,1024,2048,0.00048828125,0.0002984606835525483,2.800549030303955,0.00014386652037501335,0.4121096730232239,5.856204734300263e-05,0.16185109317302704,0.33587682247161865,0.013601255603134632,0.5248280763626099,1.4329050779342651,0.3217824697494507,10.755748748779297,-0.08686581254005432,0.0008105222368612885,0.14340922236442566,0.6802237629890442,0.07583503425121307,0.1682281792163849,0.09879960119724274,0.9041576385498047,,,,,,,,,,,,,,
80,model.layers.21.linear_attn.in_proj_qkv.weight,6144,1024,0.00016276041666666666,0.0001129910015151836,3.840850353240967,0.00047856647870503366,0.08557762950658798,0.0012879231944680214,0.1965574473142624,0.24489684402942657,0.009596052579581738,0.5476467609405518,1.5386942625045776,0.25517016649246216,55.248165130615234,-0.07936861366033554,0.002632053568959236,0.018167490139603615,0.6799204349517822,0.19734258949756622,0.025801831856369972,0.2515644431114197,1.303468108177185,8.0,0.07988044619560242,0.07369963079690933,0.8235743641853333,-4.832111244468251e-07,-0.00043007417116314173,0.00979447178542614,,-0.01570221409201622,-0.020733723416924477,0.0013734936947003007,0.05898743122816086,,
80,model.layers.21.linear_attn.out_proj.weight,1024,2048,0.00048828125,0.0003908745711669326,3.3903133869171143,0.0009745109127834439,0.15330210328102112,0.0001383735943818465,0.13338780403137207,0.3833770751953125,0.008230537176132202,0.5929099917411804,1.4844292402267456,0.24581556022167206,61.78060531616211,-0.03318024054169655,0.0008070676703937352,0.02028573304414749,0.7290410399436951,0.15150244534015656,0.0275187399238348,0.18498532474040985,1.3028106689453125,,,,,,,,,,,,,,
100,model.layers.7.self_attn.q_proj.weight,4096,1024,0.000244140625,0.00015510972298216075,3.2383151054382324,0.0012049307115375996,0.34308385848999023,0.001303286524489522,0.18033388257026672,0.2610967755317688,0.00882174912840128,0.5423518419265747,1.5361615419387817,0.2916242182254791,17.21113395690918,0.04183842986822128,0.0015076821437105536,0.11018393933773041,0.658114492893219,0.12494655698537827,0.12213198840618134,0.17504717409610748,1.077538013458252,8.0,0.05955665186047554,0.06724388152360916,0.8873274922370911,1.8684061160456622e-06,0.00045631141983903944,0.1928139626979828,0.0040945854844148515,-0.0032548820599913597,0.0009330285247415304,-0.0009027448249980807,0.05662955343723297,0.286501407623291,0.2763932943344116
100,model.layers.7.self_attn.k_proj.weight,512,1024,0.0009765625,0.0010323674650862813,4.481500148773193,-3.762585720323841e-06,0.24245797097682953,0.0010752358939498663,0.16742725670337677,0.24686437845230103,0.02749563381075859,0.6737170219421387,1.3332645893096924,0.2611794173717499,13.98747730255127,0.03501294553279877,0.00020435740589164197,0.08067706972360611,0.7265995144844055,0.0799679309129715,0.09820365905761719,0.11388884484767914,0.9081384539604187,,,,,,,,,,,,,,
100,model.layers.7.self_attn.v_proj.weight,512,1024,0.0009765625,0.0007902436191216111,2.242736339569092,-0.000967665808275342,0.4772988557815552,0.00025356735568493605,0.13465285301208496,0.25947314500808716,0.004032406955957413,0.7400914430618286,1.4512165784835815,0.19209857285022736,42.2449836730957,0.001107102376408875,0.00022687793534714729,0.012895741499960423,0.7772352695465088,0.105739064514637,0.023486340418457985,0.14209134876728058,1.2091057300567627,,,,,,,,,,,,,,
100,model.layers.7.self_attn.o_proj.weight,1024,2048,0.00048828125,0.00025827393983490765,2.356541872024536,-0.000315671059070155,0.7766616344451904,5.1308270485606045e-05,0.14413462579250336,0.3603980243206024,0.019087225198745728,0.533358633518219,1.4324795007705688,0.3386324942111969,23.103803634643555,-0.09888316690921783,0.0008128903573378921,0.12373927235603333,0.7148217558860779,0.06295120716094971,0.15009617805480957,0.08382982760667801,0.7874943614006042,,,,,,,,,,,,,,
100,model.layers.15.self_attn.q_proj.weight,4096,1024,0.000244140625,0.00012503887410275638,3.884920597076416,-8.620456355856732e-05,0.3781406879425049,0.0002848245785571635,0.22858262062072754,0.22394642233848572,0.003223192412406206,0.47008106112480164,1.5461094379425049,0.26356273889541626,20.310739517211914,0.042528651654720306,0.001440234249457717,0.13054482638835907,0.6465257406234741,0.1005658209323883,0.14998304843902588,0.15105566382408142,0.8286389708518982,8.0,0.07989031076431274,0.07767422497272491,0.8829707503318787,5.327217422745889e-08,0.0006726047140546143,0.21230846643447876,7.920279640373333e-05,0.0035832682624459267,0.0006962571642361581,-0.00023611621872987598,0.03873709216713905,,
100,model.layers.15.self_attn.k_proj.weight,512,1024,0.0009765625,0.0010390563402324915,3.3616554737091064,-1.5621013517375104e-05,0.346488356590271,6.359055259963498e-05,0.23950937390327454,0.24920597672462463,0.004514103755354881,0.5404387712478638,1.453986406326294,0.2579917013645172,27.7366943359375,0.03955643251538277,0.00022230813920032233,0.01871481165289879,0.8195515275001526,0.05551455542445183,0.03565560281276703,0.08185362815856934,1.1885007619857788,,,,,,,,,,,,,,
100,model.layers.15.self_attn.v_proj.weight,512,1024,0.0009765625,0.0008740352932363749,2.1859004497528076,-0.0007266380125656724,0.30311816930770874,0.0002771046129055321,0.20115022361278534,0.2497461885213852,0.004983546212315559,0.6219314336776733,1.4508450031280518,0.20609202980995178,57.40253448486328,0.06800868362188339,0.0003164229856338352,0.009775049984455109,0.7760136127471924,0.11155665665864944,0.023115983232855797,0.14347131550312042,1.2297061681747437,,,,,,,,,,,,,0.29050716757774353,0.2886551022529602
100,model.layers.15.self_attn.o_proj.weight,1024,2048,0.00048828125,0.0004208030877634883,2.2602298259735107,-0.0002639199956320226,0.5082687735557556,3.237266719224863e-05,0.10368233919143677,0.4181229770183563,0.015091807581484318,0.5724201798439026,1.4215898513793945,0.2581612765789032,44.08479690551758,-0.1600068360567093,0.0009677415364421904,0.02497022971510887,0.7994253039360046,0.08102633059024811,0.039852917194366455,0.10574642568826675,1.3274431228637695,,,,,,,,,,,,,,
100,model.layers.19.self_attn.q_proj.weight,4096,1024,0.000244140625,0.0001599979877937585,3.052687644958496,-0.0004105164553038776,0.20269088447093964,0.0002249615645268932,0.2281520962715149,0.22346231341362,0.005294484086334705,0.4232948422431946,1.5303901433944702,0.3144039213657379,22.406097412109375,-0.16191402077674866,0.0014363726368173957,0.1243327409029007,0.6483622193336487,0.09681622684001923,0.14788353443145752,0.14697115123271942,0.8415659070014954,8.0,0.0829845741391182,0.07340992242097855,0.8753784894943237,3.6629160149459494e-07,0.00020076031796634197,0.07483875751495361,0.001824521923480938,0.001523685990832746,0.0006985531654208899,0.003997704945504665,0.06366586685180664,,
100,model.layers.19.self_attn.k_proj.weight,512,1024,0.0009765625,0.0009664134704507887,3.1771745681762695,-1.150906700786436e-05,0.20147617161273956,0.0002284780057379976,0.25543859601020813,0.22271060943603516,0.011142098344862461,0.5596749782562256,1.3445789813995361,0.3198380768299103,14.361747741699219,0.12593908607959747,0.00021511729573830962,0.01459916215389967,0.8257907629013062,0.03690359368920326,0.041094597429037094,0.06719847023487091,1.1750714778900146,,,,,,,,,,,,,,
100,model.layers.19.self_attn.v_proj.weight,512,1024,0.0009765625,0.0008262811461463571,1.6246083974838257,0.0013276031240820885,0.1546284407377243,0.0005508165922947228,0.1631549745798111,0.24581189453601837,0.004997578449547291,0.6553316712379456,1.4282448291778564,0.16070906817913055,37.15758514404297,0.03575573116540909,0.00039098443812690675,0.030654752627015114,0.8754890561103821,0.023969311267137527,0.04987237975001335,0.04483889788389206,0.9622730612754822,,,,,,,,,,,,,,
100,model.layers.19.self_attn.o_proj.weight,1024,2048,0.00048828125,0.0004685418389271945,1.4917887449264526,0.0004257559194229543,0.28550291061401367,8.091825293377042e-05,0.06600732356309891,0.5058231949806213,0.010949254035949707,0.6184785962104797,1.4661258459091187,0.21221478283405304,69.13729095458984,0.083590567111969,0.0011629729997366667,0.028545133769512177,0.7575674057006836,0.10478942841291428,0.04401196539402008,0.13332095742225647,1.1945524215698242,,,,,,,,,,,,,,
100,model.layers.1.mlp.gate_proj.weight,3584,1024,0.00027901785714285713,0.00021549724624492228,2.4531495571136475,-5.724294169340283e-06,0.44139766693115234,0.00032460407237522304,0.17853881418704987,0.3008962571620941,0.008107209578156471,0.5131292343139648,1.5164669752120972,0.234754279255867,61.703678131103516,-0.05029682070016861,0.0011911120964214206,0.02299976907670498,0.6332538723945618,0.2404118776321411,0.03013458475470543,0.293913334608078,1.2578357458114624,,,,,,,,,,,,,0.252482533454895,0.25934746861457825
100,model.layers.1.mlp.up_proj.weight,3584,1024,0.00027901785714285713,0.00024767668219283223,2.2988057136535645,-0.00021186711092013866,0.7212745547294617,0.00011828145943582058,0.15993209183216095,0.3274416923522949,0.007536947261542082,0.5079426765441895,1.5153430700302124,0.21495996415615082,39.437374114990234,-0.04655392840504646,0.0007594573544338346,0.03579111024737358,0.5949303507804871,0.26035749912261963,0.042006250470876694,0.31796765327453613,1.2479311227798462,,,,,,,,,,,,,,
100,model.layers.1.mlp.down_proj.weight,1024,3584,0.00027901785714285713,0.00029216494294814765,3.8415989875793457,-0.00022237274970393628,0.6925922632217407,0.0008543673902750015,0.19377106428146362,0.2719798684120178,0.01219127606600523,0.5252181887626648,1.4471704959869385,0.2401757836341858,64.76628112792969,0.06612924486398697,0.000770186772570014,0.03617316111922264,0.6235975027084351,0.23610270023345947,0.04433498531579971,0.272748202085495,1.1176409721374512,8.0,0.06107589974999428,0.058888062834739685,0.8836767077445984,-2.6026227715192363e-06,0.01846488006412983,1.5166263580322266,-0.00014094988770466658,0.003331420011818409,0.0029170808847993612,0.0010919221676886082,0.03345282003283501,,
100,model.layers.12.mlp.gate_proj.weight,3584,1024,0.00027901785714285713,0.00019639395759440958,3.3302998542785645,0.0009640104253776371,0.3840796649456024,0.0011208158684894443,0.19120657444000244,0.2440563589334488,0.008464495651423931,0.5675534009933472,1.5257484912872314,0.23141062259674072,35.109405517578125,-0.06176785007119179,0.0010986069682985544,0.02469288371503353,0.7336595058441162,0.1373637467622757,0.032901469618082047,0.19151748716831207,1.2587732076644897,,,,,,,,,,,,,,
100,model.layers.12.mlp.up_proj.weight,3584,1024,0.00027901785714285713,0.0002676664153113961,3.344346284866333,0.00011377644841559231,0.5900309681892395,0.0004442865611054003,0.22538132965564728,0.24229241907596588,0.007973486557602882,0.5024962425231934,1.5178759098052979,0.26226574182510376,41.142635345458984,0.0816173404455185,0.0007588875596411526,0.030886925756931305,0.6786972880363464,0.1842912882566452,0.03864600509405136,0.2407824695110321,1.2174837589263916,,,,,,,,,,,,,,
100,model.layers.12.mlp.down_proj.weight,1024,3584,0.00027901785714285713,0.00024620466865599155,7.256854057312012,0.00011507583258207887,0.6115759611129761,0.00011418981739552692,0.2046888768672943,0.28428560495376587,0.01795903779566288,0.5287792086601257,1.4061592817306519,0.2739022672176361,64.68313598632812,-0.06662611663341522,0.0007347186910919845,0.02719520591199398,0.7206601500511169,0.15002423524856567,0.040775418281555176,0.17930835485458374,1.2710645198822021,8.0,0.0669676661491394,0.06707090139389038,0.8993861079216003,-4.078431629750412e-06,0.002241545356810093,1.2748730182647705,-0.00181947316718782,1.9958740722358925e-06,0.0001938765635713935,-0.0011812553275376558,0.02062365785241127,,
100,model.layers.22.mlp.gate_proj.weight,3584,1024,0.00027901785714285713,0.00025131404981948435,2.674924373626709,0.0005681868642568588,0.11925454437732697,0.0010314339306205511,0.17079795897006989,0.2683406472206116,0.008005158044397831,0.5605385899543762,1.5199402570724487,0.2648141086101532,39.112937927246094,0.030481191352009773,0.0015608039684593678,0.03914884105324745,0.673721969127655,0.1702589988708496,0.047427672892808914,0.2278851866722107,1.2002227306365967,,,,,,,,,,,,,0.28993162512779236,0.28988873958587646
100,model.layers.22.mlp.up_proj.weight,3584,1024,0.00027901785714285713,0.00023252273967955261,2.307966470718384,0.0007165910792537034,0.2676314413547516,0.00047827951493673027,0.16679763793945312,0.3056015968322754,0.010210348293185234,0.5790812373161316,1.5154637098312378,0.25102105736732483,59.145530700683594,-0.1747884303331375,0.0008793525630608201,0.014852268621325493,0.6734117269515991,0.20761585235595703,0.020602067932486534,0.2633530795574188,1.3743116855621338,,,,,,,,,,,,,,
100,model.layers.22.mlp.down_proj.weight,1024,3584,0.00027901785714285713,0.0003689031000249088,2.4056386947631836,0.0008168740314431489,0.2538861632347107,0.0003698125947266817,0.09855037182569504,0.4170382022857666,0.013302912935614586,0.5795695781707764,1.4648725986480713,0.28874829411506653,28.204076766967773,0.15261316299438477,0.0008581045549362898,0.05057536065578461,0.6315513253211975,0.21287214756011963,0.06300897151231766,0.2450525462627411,1.156788945198059,8.0,0.07157181203365326,0.07071284204721451,0.8607404232025146,2.8473698421294102e-06,0.0049881283193826675,0.20046749711036682,0.0005708293090747516,0.0010314701357856393,0.003799836151301861,0.01620914228260517,0.11867228895425797,,
100,model.layers.1.linear_attn.in_proj_qkv.weight,6144,1024,0.00016276041666666666,0.00010385773930465803,2.222064733505249,-0.00021796836517751217,0.4141027331352234,0.0006418773555196822,0.1866500824689865,0.2689933776855469,0.007150139193981886,0.5234165787696838,1.5374698638916016,0.2760152816772461,39.84431838989258,-0.1536683291196823,0.0019538518972694874,0.04874188452959061,0.6248850226402283,0.21997542679309845,0.058351218700408936,0.26991355419158936,1.0530604124069214,8.0,0.06470979005098343,0.0650431215763092,0.8624905347824097,8.45063550514169e-06,0.008537866175174713,0.21392196416854858,0.0009897830830041983,0.011415848508477211,0.011480113491415977,0.006220005452632904,0.08774329721927643,,
100,model.layers.1.linear_attn.out_proj.weight,1024,2048,0.00048828125,0.00023462867829948664,1.333988904953003,-0.00031639044755138457,0.8719918727874756,0.0002599258441478014,0.13582025468349457,0.3327428996562958,0.010667663998901844,0.47933003306388855,1.4453924894332886,0.2502245604991913,25.968297958374023,-0.0009741329122334719,0.00085398368537426,0.07969130575656891,0.6977643370628357,0.12079944461584091,0.09589826315641403,0.15211175382137299,0.9306953549385071,,,,,,,,,,,,,,
100,model.layers.12.linear_attn.in_proj_qkv.weight,6144,1024,0.00016276041666666666,7.742414163658395e-05,2.684968948364258,-0.00032972171902656555,0.3309023082256317,0.00017937415395863354,0.16314217448234558,0.2646609842777252,0.002502244198694825,0.5984624624252319,1.553348422050476,0.25660258531570435,38.752845764160156,0.07477603852748871,0.002189361024647951,0.04535021260380745,0.6955767869949341,0.15556026995182037,0.05470321699976921,0.20879235863685608,1.1704447269439697,8.0,0.07094739377498627,0.0652783215045929,0.874807596206665,1.320347337241401e-06,-0.0005272832931950688,0.11745402216911316,,0.001973878825083375,-0.0007405269425362349,-0.011732328683137894,0.07624208927154541,,
100,model.layers.12.linear_attn.out_proj.weight,1024,2048,0.00048828125,0.00030545052140951157,2.881734848022461,-0.0002932364004664123,0.49984389543533325,5.000401506549679e-05,0.16477937996387482,0.3340896964073181,0.015215364284813404,0.530413031578064,1.4204853773117065,0.24489881098270416,44.621070861816406,-0.04645330831408501,0.0007552846800535917,0.031494759023189545,0.7647724747657776,0.09121176600456238,0.058325108140707016,0.11851643770933151,1.153281807899475,,,,,,,,,,,,,,
100,model.layers.21.linear_attn.in_proj_qkv.weight,6144,1024,0.00016276041666666666,0.00011274357530055568,2.990957021713257,6.65018887957558e-05,0.08080635219812393,0.0012366679729893804,0.1868767887353897,0.24669408798217773,0.008879025466740131,0.5644654035568237,1.5355910062789917,0.2246059775352478,64.09587097167969,-0.051000505685806274,0.0025389466900378466,0.016070745885372162,0.6761511564254761,0.20315273106098175,0.022829433903098106,0.25817397236824036,1.3605817556381226,8.0,0.054433275014162064,0.05504047870635986,0.8730657696723938,-1.3670423015810229e-08,7.966317207319662e-05,0.009270190261304379,-0.00017160279537010507,0.0020164004527032375,0.0013427423546090722,-0.006292501464486122,0.038118500262498856,,
100,model.layers.21.linear_attn.out_proj.weight,1024,2048,0.00048828125,0.00039944800664670765,2.6459550857543945,-4.480898132896982e-05,0.15231117606163025,0.00015607362729497254,0.1423904299736023,0.36712080240249634,0.00904706958681345,0.5625662803649902,1.4763250350952148,0.25593408942222595,42.435340881347656,-0.026646079495549202,0.0008254702552221715,0.03570741042494774,0.733002781867981,0.1370043307542801,0.043886344879865646,0.16821545362472534,1.2028955221176147,,,,,,,,,,,,,,
120,model.layers.7.self_attn.q_proj.weight,4096,1024,0.000244140625,0.00012927856005262583,2.8195338249206543,-0.0008962854626588523,0.2977367341518402,0.0013776537962257862,0.1757003366947174,0.25828495621681213,0.012131281197071075,0.5217791199684143,1.5312094688415527,0.2875727415084839,24.658218383789062,-0.21019262075424194,0.0014980236301198602,0.05294634774327278,0.7082089781761169,0.12542477250099182,0.0668937936425209,0.1761104315519333,1.1404184103012085,8.0,0.0810297429561615,0.0698927491903305,0.8918458819389343,-3.160729647788685e-06,-0.0007131145684979856,0.19847437739372253,,0.0020708604715764523,-0.0009765413124114275,-0.010063271038234234,0.05876334011554718,0.3205249309539795,0.3135705292224884
120,model.layers.7.self_attn.k_proj.weight,512,1024,0.0009765625,0.0010705526219680905,4.344289779663086,-4.20389778810204e-06,0.2097337543964386,0.002720664022490382,0.15429145097732544,0.256808876991272,0.032466817647218704,0.6905383467674255,1.3356879949569702,0.30450570583343506,7.70329475402832,-0.018562741577625275,0.00021659834601450711,0.13648763298988342,0.6909350752830505,0.07256745547056198,0.1497250348329544,0.10350733995437622,0.9679004549980164,,,,,,,,,,,,,,
120,model.layers.7.self_attn.v_proj.weight,512,1024,0.0009765625,0.0008592473459430039,1.7327828407287598,0.0020648729987442493,0.4551081359386444,0.0003491321695037186,0.1245618686079979,0.25578805804252625,0.0031522237695753574,0.7675549983978271,1.4826152324676514,0.19697530567646027,29.845882415771484,0.05154974386096001,0.00022475875448435545,0.014529167674481869,0.7864338159561157,0.10054486989974976,0.022402506321668625,0.13573847711086273,1.2348825931549072,,,,,,,,,,,,,,
120,model.layers.7.self_attn.o_proj.weight,1024,2048,0.00048828125,0.00021673488663509488,1.9732338190078735,0.0006982864579185843,0.7117599248886108,3.402559013920836e-05,0.149105042219162,0.34813153743743896,0.016561247408390045,0.5109089612960815,1.4136627912521362,0.33045971393585205,8.094569206237793,0.044563233852386475,0.0008427118882536888,0.16141577064990997,0.6913718581199646,0.05536346137523651,0.1840832680463791,0.07460442185401917,0.9671158194541931,,,,,,,,,,,,,,
120,model.layers.15.self_attn.q_proj.weight,4096,1024,0.000244140625,0.00013069459237158298,2.64778995513916,-1.180112303700298e-05,0.3325656056404114,0.00018811367044690996,0.21994085609912872,0.23265929520130157,0.002911264542490244,0.43411707878112793,1.5515192747116089,0.31839892268180847,15.174703598022461,-0.08054018020629883,0.0014704910572618246,0.1223449781537056,0.6702216863632202,0.09545905143022537,0.13618290424346924,0.14462967216968536,0.8697376251220703,8.0,0.08010293543338776,0.07476948946714401,0.8862320780754089,-5.528172550839372e-07,-0.0011822879314422607,0.2141733318567276,,0.0006980007165111601,-0.0004131231107749045,-0.010156254284083843,0.048623617738485336,,
120,model.layers.15.self_attn.k_proj.weight,512,1024,0.0009765625,0.0011081176344305277,4.240697860717773,1.1089641702710651e-05,0.2783888876438141,0.0002186034107580781,0.25701624155044556,0.21968047320842743,0.0038440474309027195,0.5543407797813416,1.467582106590271,0.2854532301425934,29.28578758239746,0.049581900238990784,0.00023507933656219393,0.021822718903422356,0.8177098035812378,0.05343402549624443,0.043496206402778625,0.07685830444097519,1.1511656045913696,,,,,,,,,,,,,,
120,model.layers.15.self_attn.v_proj.weight,512,1024,0.0009765625,0.0008139064302667975,1.8169292211532593,0.0003317478985991329,0.2746071517467499,0.00021013188234064728,0.16670946776866913,0.28333577513694763,0.006548753473907709,0.6751552820205688,1.4411720037460327,0.22741803526878357,24.02800178527832,0.0474366769194603,0.0003201877698302269,0.01219174824655056,0.7810497283935547,0.10835088789463043,0.023870116099715233,0.1398269385099411,1.2712996006011963,,,,,,,,,,,,,0.31239888072013855,0.3157603144645691
120,model.layers.15.self_attn.o_proj.weight,1024,2048,0.00048828125,0.00041600584518164396,1.6773086786270142,0.00010702211147872731,0.4958600103855133,2.0759385733981617e-05,0.08617560565471649,0.45997801423072815,0.012854698114097118,0.5808793306350708,1.4331047534942627,0.2630806863307953,27.51655387878418,0.025201762095093727,0.0009627456311136484,0.02087278664112091,0.8030703663825989,0.07744310051202774,0.03640920668840408,0.1020694375038147,1.252367377281189,,,,,,,,,,,,,,
120,model.layers.19.self_attn.q_proj.weight,4096,1024,0.000244140625,0.00015649916895199567,2.915363311767578,-6.540405593113974e-05,0.18933017551898956,0.0006640005740337074,0.22231686115264893,0.23450760543346405,0.010663996450603008,0.43129900097846985,1.5260001420974731,0.3357892632484436,23.838884353637695,0.01825259067118168,0.0014757933095097542,0.11111675202846527,0.6873223185539246,0.09101267158985138,0.12421118468046188,0.14196132123470306,0.9230920672416687,8.0,0.08112441748380661,0.07658809423446655,0.8719363808631897,-1.2580668453665567e-06,-0.0008096363162621856,0.09011001884937286,,0.0007075377507135272,-0.0007007980020716786,-9.2299647803884e-05,0.07291095703840256,,
120,model.layers.19.self_attn.k_proj.weight,512,1024,0.0009765625,0.0010775885311886668,3.1538710594177246,-2.389905603195075e-06,0.19000539183616638,0.00017621541337575763,0.2493407130241394,0.21522817015647888,0.009238900616765022,0.5733596682548523,1.4037269353866577,0.29687023162841797,24.868391036987305,-0.029078692197799683,0.00021964090410619974,0.025951018556952477,0.8234404921531677,0.03563275560736656,0.05130865424871445,0.06383437663316727,1.0711406469345093,,,,,,,,,,,,,,
120,model.layers.19.self_attn.v_proj.weight,512,1024,0.0009765625,0.0005724872462451458,1.4545743465423584,-3.245799962314777e-05,0.16831839084625244,0.0013733456144109368,0.1299005001783371,0.28358423709869385,0.005677887704223394,0.6911991834640503,1.4490832090377808,0.20403988659381866,29.303287506103516,-0.03686890751123428,0.0003698838991113007,0.025306472554802895,0.881975531578064,0.029188266023993492,0.03945223614573479,0.051761187613010406,1.1258877515792847,,,,,,,,,,,,,,
120,model.layers.19.self_attn.o_proj.weight,1024,2048,0.00048828125,0.00047954864567145705,1.3629543781280518,-1.2587693163368385e-05,0.2922404706478119,9.120439790422097e-05,0.0673685222864151,0.469163179397583,0.008131387643516064,0.565628707408905,1.4491875171661377,0.226700097322464,53.59299850463867,0.05671573057770729,0.001183674787171185,0.018929937854409218,0.7818080186843872,0.0993361845612526,0.030270405113697052,0.12709198892116547,1.3480043411254883,,,,,,,,,,,,,,
120,model.layers.1.mlp.gate_proj.weight,3584,1024,0.00027901785714285713,0.0002527146425563842,2.796968460083008,0.0005928502650931478,0.32262393832206726,0.0002647352230269462,0.1824946254491806,0.2978161871433258,0.00948348268866539,0.5174168348312378,1.512598991394043,0.2504957616329193,37.57889175415039,0.02942812815308571,0.0011839974904432893,0.027436356991529465,0.6379592418670654,0.2352091521024704,0.03286968171596527,0.2884581387042999,1.3065530061721802,,,,,,,,,,,,,0.3227558732032776,0.3372206687927246
120,model.layers.1.mlp.up_proj.weight,3584,1024,0.00027901785714285713,0.0002182179014198482,2.684035539627075,-0.00010232215572614223,0.5322171449661255,0.0001438959880033508,0.1622469574213028,0.3282119035720825,0.007659889757633209,0.5135691165924072,1.5125770568847656,0.2254040539264679,68.00179290771484,-0.016498170793056488,0.000776887231040746,0.028229130432009697,0.5923119187355042,0.2671387493610382,0.0348929800093174,0.32584863901138306,1.2175160646438599,,,,,,,,,,,,,,
120,model.layers.1.mlp.down_proj.weight,1024,3584,0.00027901785714285713,0.00027902863803319633,5.021929740905762,-0.00010321668378310278,0.5182467699050903,0.0007959699723869562,0.19294829666614532,0.2797408401966095,0.01310424692928791,0.5383399724960327,1.432373046875,0.2479390949010849,91.60232543945312,0.05569445714354515,0.0007752947858534753,0.02596321515738964,0.6589661836624146,0.21208375692367554,0.03451424837112427,0.24801555275917053,1.1513268947601318,8.0,0.054041724652051926,0.05880891531705856,0.8818589448928833,-0.00017979949188884348,-0.1410355269908905,1.4964377880096436,,-0.025282444432377815,-0.02957264333963394,-0.0008874492486938834,0.10226815193891525,,
120,model.layers.12.mlp.gate_proj.weight,3584,1024,0.00027901785714285713,0.0002186163910664618,2.7016632556915283,-3.583187890399131e-06,0.31599968671798706,0.0006938075530342758,0.1810174584388733,0.2466435730457306,0.005941727198660374,0.5803914666175842,1.5266289710998535,0.23296834528446198,33.15068054199219,-0.015622972510755062,0.0011045131832361221,0.03790932521224022,0.7239195704460144,0.14055459201335907,0.04514370113611221,0.1928846687078476,1.3408300876617432,,,,,,,,,,,,,,
120,model.layers.12.mlp.up_proj.weight,3584,1024,0.00027901785714285713,0.0002894090721383691,2.7890920639038086,-0.00014741296763531864,0.5023131370544434,0.00045188661897554994,0.2222670167684555,0.24640853703022003,0.00819344725459814,0.49365147948265076,1.5182180404663086,0.2586818337440491,81.33585357666016,0.04944830760359764,0.0007409005193039775,0.021657157689332962,0.6669629812240601,0.1960616111755371,0.03235539421439171,0.25468239188194275,1.295430064201355,,,,,,,,,,,,,,
120,model.layers.12.mlp.down_proj.weight,1024,3584,0.00027901785714285713,0.00028351499349810183,5.469635009765625,-0.00015253153105732054,0.5057247281074524,0.0001567705621710047,0.19868484139442444,0.2929035723209381,0.024458950385451317,0.5311596989631653,1.3785966634750366,0.29135751724243164,26.39364242553711,-0.04401157796382904,0.000721617485396564,0.020796140655875206,0.7206933498382568,0.15531207621097565,0.03272499889135361,0.18649674952030182,1.2893779277801514,8.0,0.08269943296909332,0.07310213893651962,0.9078655242919922,-1.889809027488809e-05,-0.008524389937520027,1.0123677253723145,,0.00144463952165097,-0.0010054680751636624,0.005392298102378845,0.03781462460756302,,
120,model.layers.22.mlp.gate_proj.weight,3584,1024,0.00027901785714285713,0.00025952403666451573,2.566178560256958,0.0004431189736351371,0.11403261870145798,0.0009121430339291692,0.17695821821689606,0.25797519087791443,0.0066815391182899475,0.5644480586051941,1.526485800743103,0.2682967782020569,31.14319610595703,0.06001552939414978,0.0015702365199103951,0.06690974533557892,0.6572404503822327,0.15884897112846375,0.07745352387428284,0.21503497660160065,1.0491279363632202,,,,,,,,,,,,,0.3519980311393738,0.34255924820899963
120,model.layers.22.mlp.up_proj.weight,3584,1024,0.00027901785714285713,0.00036123034078627825,2.41080379486084,5.0979484512936324e-05,0.27884170413017273,0.0008463856647722423,0.1698777824640274,0.3001813292503357,0.013377834111452103,0.5917821526527405,1.5097376108169556,0.23898404836654663,43.77239227294922,0.004316296894103289,0.0008967068861238658,0.034183647483587265,0.6429311633110046,0.2103196680545807,0.0444478839635849,0.2651583254337311,1.119626522064209,,,,,,,,,,,,,,
120,model.layers.22.mlp.down_proj.weight,1024,3584,0.00027901785714285713,0.0004033312143292278,2.31652569770813,5.9577676438493654e-05,0.2579391896724701,0.00019497881294228137,0.10612703114748001,0.42850497364997864,0.006107700522989035,0.5885809659957886,1.4685001373291016,0.2543093264102936,36.57590103149414,-0.03031078912317753,0.0008452270412817597,0.0321970209479332,0.6514787673950195,0.20439422130584717,0.04632367566227913,0.23876023292541504,1.2753193378448486,8.0,0.07531137019395828,0.07310511916875839,0.8357039093971252,-1.1537691534613259e-05,-0.008859698660671711,0.3836255669593811,,-0.0017594489036127925,-0.0033058589324355125,0.012236937880516052,0.13087226450443268,,
120,model.layers.1.linear_attn.in_proj_qkv.weight,6144,1024,0.00016276041666666666,0.00021630820992868394,2.25995135307312,0.00022195685596670955,0.29567673802375793,0.0007827613735571504,0.1894764006137848,0.2572437524795532,0.008139844052493572,0.5050683617591858,1.532194972038269,0.24508635699748993,69.4085693359375,0.08043403178453445,0.0018886456964537501,0.027870390564203262,0.6472863554954529,0.21507729589939117,0.03549644351005554,0.2695578336715698,1.2080789804458618,8.0,0.05264376476407051,0.05149749666452408,0.8626728057861328,-2.1583666239166632e-05,-0.02460414543747902,0.22702880203723907,,-0.043494921177625656,-0.039814867079257965,-0.014587183482944965,0.1312044858932495,,
120,model.layers.1.linear_attn.out_proj.weight,1024,2048,0.00048828125,0.0032469998113811016,1.3785830736160278,-0.0003860229335259646,0.6384698748588562,0.00030540008447133005,0.12874998152256012,0.37448135018348694,0.010251330211758614,0.5340642929077148,1.4511158466339111,0.22723481059074402,21.589000701904297,0.048521336168050766,0.000873957178555429,0.08904685825109482,0.6927061676979065,0.1229516863822937,0.10303301364183426,0.15268725156784058,0.9443368315696716,,,,,,,,,,,,,,
120,model.layers.12.linear_attn.in_proj_qkv.weight,6144,1024,0.00016276041666666666,6.630497955484316e-05,2.58530592918396,-0.00011903152335435152,0.3014809787273407,0.0002830490411724895,0.16074523329734802,0.2553851902484894,0.002477198140695691,0.5812643766403198,1.5531378984451294,0.33435606956481934,31.251752853393555,-0.016219869256019592,0.0022581126540899277,0.08670596033334732,0.6741961240768433,0.13893036544322968,0.09732471406459808,0.18867327272891998,0.8641151785850525,8.0,0.070555679500103,0.073280468583107,0.8686017394065857,-1.946427119037253e-06,-0.001062633004039526,0.1191963404417038,,-0.005056984256953001,-0.0011316770687699318,0.006240868009626865,0.09926474094390869,,
120,model.layers.12.linear_attn.out_proj.weight,1024,2048,0.00048828125,0.000338646030286327,2.3601696491241455,-0.0005373344174586236,0.44207310676574707,5.05267598782666e-05,0.16528327763080597,0.333284854888916,0.015200376510620117,0.5253243446350098,1.4238388538360596,0.25844889879226685,17.404821395874023,0.015764063224196434,0.0008110249182209373,0.08476170897483826,0.7063771486282349,0.07630529999732971,0.1286725550889969,0.10099907964468002,0.9678705334663391,,,,,,,,,,,,,,
120,model.layers.21.linear_attn.in_proj_qkv.weight,6144,1024,0.00016276041666666666,9.075576235773042e-05,2.8419666290283203,4.929799979436211e-05,0.09229326993227005,0.00044290960067883134,0.17438432574272156,0.26467418670654297,0.0055010668002069,0.5769543647766113,1.5418671369552612,0.2515660524368286,44.41121292114258,0.07600260525941849,0.0026422031223773956,0.03256640583276749,0.6629055142402649,0.19643725454807281,0.03969964385032654,0.25230154395103455,1.2814629077911377,8.0,0.0974135771393776,0.08776077628135681,0.8636661767959595,6.307514865966368e-08,0.0003232223098166287,0.014385795220732689,0.00019514478655711495,0.0032436090987175703,0.0043470547534525394,-0.0010477015748620033,0.06652910262346268,,
120,model.layers.21.linear_attn.out_proj.weight,1024,2048,0.00048828125,0.00034106691600754857,2.5169260501861572,-0.00047163345152512193,0.1574462205171585,0.0001894354645628482,0.14640890061855316,0.34936031699180603,0.009355952963232994,0.5343984365463257,1.4696606397628784,0.2797186076641083,53.57869338989258,0.032195962965488434,0.0008112747455015779,0.045070402324199677,0.7122295498847961,0.14332056045532227,0.053959816694259644,0.17606651782989502,1.1142441034317017,,,,,,,,,,,,,,
140,model.layers.7.self_attn.q_proj.weight,4096,1024,0.000244140625,0.00012621935456991196,2.817720413208008,-0.00011143816664116457,0.32556435465812683,0.0004773882101289928,0.17128971219062805,0.2735132873058319,0.006126799620687962,0.5538535714149475,1.5380626916885376,0.29697051644325256,13.500946998596191,0.016461795195937157,0.001503351260907948,0.10826877504587173,0.6621343493461609,0.12076953798532486,0.12149699032306671,0.1714545637369156,1.0309618711471558,8.0,0.07644142210483551,0.07725830376148224,0.8390721678733826,-2.7327198040438816e-05,-0.0028831632807850838,0.15358541905879974,,-0.007153599057346582,-0.0037564041558653116,0.014009211212396622,0.0759744644165039,0.269214004278183,0.2734915018081665
140,model.layers.7.self_attn.k_proj.weight,512,1024,0.0009765625,0.00101241294760257,4.121816158294678,-1.0819797353178728e-05,0.22861623764038086,0.0009937107097357512,0.16473306715488434,0.2596864402294159,0.02668038383126259,0.683796763420105,1.3395196199417114,0.220208078622818,36.47543716430664,-0.00026519890525378287,0.00020169005438219756,0.016773076727986336,0.7934948801994324,0.0818580910563469,0.03036707080900669,0.11567721515893936,1.1960233449935913,,,,,,,,,,,,,,
140,model.layers.7.self_attn.v_proj.weight,512,1024,0.0009765625,0.0008816851768642664,2.079946756362915,-0.0007315998082049191,0.4599243402481079,0.0001794396375771612,0.13948121666908264,0.2586207091808319,0.002258441410958767,0.7342058420181274,1.4780749082565308,0.18161961436271667,33.33098220825195,-0.003032062202692032,0.0002298036852153018,0.008503223769366741,0.8052608966827393,0.09209467470645905,0.017087219282984734,0.12495777010917664,1.382046103477478,,,,,,,,,,,,,,
140,model.layers.7.self_attn.o_proj.weight,1024,2048,0.00048828125,0.0002252229896839708,1.988356590270996,-0.00023785786470398307,0.7609217166900635,2.7282345399726182e-05,0.1527513712644577,0.3464544117450714,0.014165068976581097,0.5108888745307922,1.4194061756134033,0.32468143105506897,23.427078247070312,-0.14054320752620697,0.00081127934390679,0.10724487155675888,0.7277961373329163,0.06597601622343063,0.13020125031471252,0.08754733204841614,0.807691752910614,,,,,,,,,,,,,,
140,model.layers.15.self_attn.q_proj.weight,4096,1024,0.000244140625,0.00014099346299190074,2.691851854324341,0.0002831410674843937,0.27669161558151245,0.0006317540537565947,0.20585203170776367,0.2462860494852066,0.005803180858492851,0.46640852093696594,1.544036865234375,0.3515489995479584,17.48375129699707,0.09637586772441864,0.0015214072773233056,0.10427901148796082,0.6992501020431519,0.09000959992408752,0.11736498773097992,0.13837257027626038,1.0688660144805908,8.0,0.08188376575708389,0.07439376413822174,0.847347617149353,-5.351646905182861e-06,-0.0023073104675859213,0.12211130559444427,,-0.009624174796044827,-0.003997569903731346,-4.520711809163913e-05,0.049896735697984695,,
140,model.layers.15.self_attn.k_proj.weight,512,1024,0.0009765625,0.0010068928822875023,3.576664686203003,4.424590315466048e-06,0.22964274883270264,0.00014703170745633543,0.24640056490898132,0.24154235422611237,0.00329002202488482,0.5548343062400818,1.4599699974060059,0.23678672313690186,17.706287384033203,-0.05649954825639725,0.00021854789520148188,0.021606197580695152,0.8032817840576172,0.057372286915779114,0.04306182265281677,0.0853135958313942,1.074541687965393,,,,,,,,,,,,,,
140,model.layers.15.self_attn.v_proj.weight,512,1024,0.0009765625,0.0006943424232304096,1.8230832815170288,-0.0016478521283715963,0.2324935793876648,0.0003434446407482028,0.1711757779121399,0.26180440187454224,0.0043186284601688385,0.6730702519416809,1.4475905895233154,0.2068251371383667,34.178096771240234,-0.03728581219911575,0.0003168084949720651,0.005381286144256592,0.7950953245162964,0.10432258993387222,0.013610252179205418,0.13579006493091583,1.4032143354415894,,,,,,,,,,,,,0.24323314428329468,0.23648059368133545
140,model.layers.15.self_attn.o_proj.weight,1024,2048,0.00048828125,0.0004160265962127596,1.6246986389160156,-0.00050396315054968,0.4527534544467926,2.2517213437822647e-05,0.08691775053739548,0.4660700857639313,0.011653004214167595,0.5948511958122253,1.4521217346191406,0.2512778639793396,33.944854736328125,0.03419595584273338,0.0009729883749969304,0.025127269327640533,0.8027852177619934,0.07220415771007538,0.04117395356297493,0.09729413688182831,1.2762818336486816,,,,,,,,,,,,,,
140,model.layers.19.self_attn.q_proj.weight,4096,1024,0.000244140625,0.00016046329983510077,2.871600866317749,0.00033008793252520263,0.16173973679542542,0.0004972133319824934,0.20456546545028687,0.2581813335418701,0.007702545262873173,0.46855244040489197,1.5329910516738892,0.43497133255004883,10.378227233886719,0.19639365375041962,0.0016271257773041725,0.2608005404472351,0.5725507140159607,0.077703095972538,0.2732134163379669,0.11767088621854782,0.7326116561889648,8.0,0.08379267156124115,0.08824542909860611,0.8253796696662903,-2.8564011245180154e-07,0.0004043943772558123,0.04365541785955429,-0.0007063404649444742,-0.0013381909811869264,0.0010935290483757854,0.008563511073589325,0.07627014815807343,,
140,model.layers.19.self_attn.k_proj.weight,512,1024,0.0009765625,0.001161424326710403,3.3287174701690674,2.7256683097220957e-06,0.1533738225698471,0.0002722319040913135,0.24231770634651184,0.22247320413589478,0.009763686917722225,0.5918838977813721,1.3570337295532227,0.29569098353385925,16.60443115234375,-0.03103010170161724,0.00022951136634219438,0.03957410529255867,0.7941045165061951,0.029812226071953773,0.0787566527724266,0.054704949259757996,0.8577119708061218,,,,,,,,,,,,,,
140,model.layers.19.self_attn.v_proj.weight,512,1024,0.0009765625,0.0007408757810480893,1.5176035165786743,-0.002681919140741229,0.13852864503860474,0.0002705316001083702,0.15685896575450897,0.2559233605861664,0.0030120876617729664,0.6529600024223328,1.4549351930618286,0.23136207461357117,20.210302352905273,-0.015972334891557693,0.000397971598431468,0.059546954929828644,0.8574742674827576,0.02543313056230545,0.0718400776386261,0.046055082231760025,1.0337847471237183,,,,,,,,,,,,,,
140,model.layers.19.self_attn.o_proj.weight,1024,2048,0.00048828125,0.0004243867297191173,1.4583584070205688,-0.0009349921601824462,0.23675401508808136,7.166198338381946e-05,0.0776107907295227,0.4812650978565216,0.009847587905824184,0.5972955226898193,1.4516984224319458,0.2642766833305359,26.176054000854492,-0.06825762242078781,0.0011881600366905332,0.011573590338230133,0.7893730401992798,0.0974571481347084,0.025633666664361954,0.12470142543315887,1.4374555349349976,,,,,,,,,,,,,,
140,model.layers.1.mlp.gate_proj.weight,3584,1024,0.00027901785714285713,0.0002720357442740351,2.5240867137908936,0.0003829261695500463,0.36047443747520447,0.00025910939439199865,0.17747968435287476,0.31084561347961426,0.008842689916491508,0.5306988954544067,1.5162200927734375,0.20513321459293365,40.358158111572266,-0.030367406085133553,0.0011361807119101286,0.006923221051692963,0.6471492052078247,0.23547281324863434,0.013912709429860115,0.2934347987174988,1.448656439781189,,,,,,,,,,,,,0.25340989232063293,0.2575986981391907
140,model.layers.1.mlp.up_proj.weight,3584,1024,0.00027901785714285713,0.0002546969335526228,2.4838027954101562,8.713885472388938e-05,0.580297589302063,9.444503666600212e-05,0.16548077762126923,0.3232027292251587,0.00724286213517189,0.5049482583999634,1.5126657485961914,0.2278112918138504,66.56355285644531,0.04218656197190285,0.0007504710229113698,0.024711700156331062,0.5873242020606995,0.2755204141139984,0.03057079203426838,0.33536791801452637,1.2489479780197144,,,,,,,,,,,,,,
140,model.layers.1.mlp.down_proj.weight,1024,3584,0.00027901785714285713,0.0002679494791664183,4.328903675079346,8.630861702840775e-05,0.5727524757385254,0.0011624067556113005,0.1916462928056717,0.278119295835495,0.01592763513326645,0.5392478108406067,1.4444986581802368,0.2827915549278259,79.59243774414062,0.0009013280505314469,0.0007767875213176012,0.026844535022974014,0.6445875763893127,0.2300693690776825,0.036379072815179825,0.26364922523498535,1.1728966236114502,8.0,0.0855066180229187,0.09680444002151489,0.8489243984222412,4.77530738862697e-06,0.018223565071821213,0.8592017292976379,0.0002620402412923554,0.004476345609873533,0.007143687456846237,-0.0037030361127108335,0.036821212619543076,,
140,model.layers.12.mlp.gate_proj.weight,3584,1024,0.00027901785714285713,0.00020121343550272286,2.6472320556640625,0.00011302398343104869,0.3074260652065277,0.0006471915985457599,0.19246147572994232,0.23979410529136658,0.005583776161074638,0.5559785962104797,1.5312367677688599,0.2504865825176239,45.77913284301758,-0.07032986730337143,0.0010919836349785328,0.009933016262948513,0.7542991042137146,0.141982302069664,0.0168379507958889,0.19181880354881287,1.4474232196807861,,,,,,,,,,,,,,
140,model.layers.12.mlp.up_proj.weight,3584,1024,0.00027901785714285713,0.00025865426869131625,2.5035030841827393,0.00024628706160001457,0.5033605098724365,0.00036681306664831936,0.22352980077266693,0.24450524151325226,0.006829317659139633,0.49964290857315063,1.5159860849380493,0.2962069809436798,62.282527923583984,-0.14972558617591858,0.0007604032871313393,0.027309279888868332,0.6823025345802307,0.18867544829845428,0.03644882142543793,0.240492582321167,1.1909785270690918,,,,,,,,,,,,,,
140,model.layers.12.mlp.down_proj.weight,1024,3584,0.00027901785714285713,0.00024049363855738193,4.10684061050415,0.000262807821854949,0.49204981327056885,0.00010447642125654966,0.20873764157295227,0.2811642587184906,0.02061481773853302,0.5123310089111328,1.383367657661438,0.28037145733833313,56.260982513427734,0.03837643191218376,0.0007382322219200432,0.024724340066313744,0.7286962866783142,0.14364607632160187,0.037955693900585175,0.1731693148612976,1.2665551900863647,8.0,0.06136627122759819,0.07153604924678802,0.8649716377258301,-5.508986760105472e-06,-0.004315173253417015,0.659809947013855,,-0.00703406659886241,-0.001728735864162445,-0.009525341913104057,0.02331126295030117,,
140,model.layers.22.mlp.gate_proj.weight,3584,1024,0.00027901785714285713,0.0002527713368181139,2.661273956298828,-0.0016776687698438764,0.09898168593645096,0.0004670765483751893,0.17239713668823242,0.2627372145652771,0.006020364351570606,0.5534881353378296,1.5241197347640991,0.263982892036438,19.427616119384766,-0.11096398532390594,0.0015790071338415146,0.0359020009636879,0.6580348014831543,0.1899668276309967,0.04657982289791107,0.2446996420621872,1.148662805557251,,,,,,,,,,,,,0.24871701002120972,0.23512354493141174
140,model.layers.22.mlp.up_proj.weight,3584,1024,0.00027901785714285713,0.0004313376557547599,2.8061556816101074,-0.0013748635537922382,0.23233184218406677,0.0006567610544152558,0.1713847666978836,0.29739829897880554,0.011920200660824776,0.5767154097557068,1.5102547407150269,0.229087233543396,92.26091766357422,0.026465807110071182,0.000883192231412977,0.012922300025820732,0.6543430089950562,0.22639375925064087,0.019150076434016228,0.28239601850509644,1.3981612920761108,,,,,,,,,,,,,,
140,model.layers.22.mlp.down_proj.weight,1024,3584,0.00027901785714285713,0.0003613661101553589,2.6490299701690674,-0.0016131369629874825,0.21683593094348907,0.0001348830119241029,0.11246374994516373,0.4063728451728821,0.007086022756993771,0.5726729035377502,1.4707393646240234,0.2354293316602707,36.45442199707031,0.055205658078193665,0.0008418548386543989,0.02072753570973873,0.648113489151001,0.21618257462978363,0.03502676635980606,0.2517821192741394,1.2081705331802368,8.0,0.0804528221487999,0.08087018132209778,0.7978231906890869,-2.3623101697012316e-06,-0.002209605649113655,0.15634353458881378,,-0.0034769929479807615,-0.002428786363452673,0.0023777622263878584,0.13589352369308472,,
140,model.layers.1.linear_attn.in_proj_qkv.weight,6144,1024,0.00016276041666666666,0.00010563548130448908,2.1816580295562744,0.00010412666597403586,0.3257739245891571,0.0012639927444979548,0.19011104106903076,0.25838932394981384,0.01112644374370575,0.5144668221473694,1.5337198972702026,0.25403210520744324,21.888439178466797,-0.006351945456117392,0.0019229900790378451,0.0248416718095541,0.6615849137306213,0.2090778946876526,0.032566264271736145,0.25952470302581787,1.2611862421035767,8.0,0.09505730122327805,0.09497108310461044,0.8259871006011963,6.000192115607206e-06,0.0032125466968864202,0.1401885598897934,0.0018677369332631192,0.00518183084204793,0.0068367463536560535,0.006520326714962721,0.0747227817773819,,
140,model.layers.1.linear_attn.out_proj.weight,1024,2048,0.00048828125,0.0002515035739634186,1.3417145013809204,9.439278801437467e-05,0.7188531756401062,0.00033525991602800786,0.13292112946510315,0.3523317575454712,0.014692375436425209,0.5033836960792542,1.4462223052978516,0.20557749271392822,25.577741622924805,-0.058643441647291183,0.0008409534930251539,0.060990117490291595,0.7092429995536804,0.12525004148483276,0.07766740024089813,0.15810787677764893,1.07072114944458,,,,,,,,,,,,,,
140,model.layers.12.linear_attn.in_proj_qkv.weight,6144,1024,0.00016276041666666666,7.335970440180972e-05,2.4709181785583496,-0.0002105636813212186,0.311778724193573,0.0005367406993173063,0.16372255980968475,0.25176575779914856,0.0037890097592025995,0.6017262935638428,1.5498239994049072,0.28041645884513855,29.26976203918457,-0.06851943582296371,0.002249046228826046,0.030949225649237633,0.7220446467399597,0.15136423707008362,0.03886008262634277,0.2016262710094452,1.3126270771026611,8.0,0.0870288610458374,0.08061394840478897,0.8270745873451233,3.4558352126623504e-06,0.0025846962817013264,0.09150396287441254,0.0013370372515828489,0.007413329090923071,0.006729247979819775,0.01504466962069273,0.10107950866222382,,
140,model.layers.12.linear_attn.out_proj.weight,1024,2048,0.00048828125,0.000294762896373868,2.023200750350952,-0.0003523060877341777,0.440192312002182,6.113746349001303e-05,0.16813775897026062,0.33198288083076477,0.013083471916615963,0.5178327560424805,1.4097040891647339,0.2689545750617981,36.31128692626953,-0.016162656247615814,0.0007846572552807629,0.05690164119005203,0.7559614181518555,0.07616355270147324,0.0835438072681427,0.10189756751060486,1.068906307220459,,,,,,,,,,,,,,
140,model.layers.21.linear_attn.in_proj_qkv.weight,6144,1024,0.00016276041666666666,0.00010966310219373554,2.727762460708618,0.00017228933575097471,0.07168533653020859,0.001030018087476492,0.18064484000205994,0.25162479281425476,0.007036376278847456,0.5519375801086426,1.5400415658950806,0.2530844807624817,40.428768157958984,0.04346710443496704,0.0025971669238060713,0.023680061101913452,0.6627723574638367,0.2071293294429779,0.032004643231630325,0.2614101767539978,1.2552080154418945,8.0,0.0774671882390976,0.07948501408100128,0.821465790271759,-2.8631623294472774e-08,3.758802267839201e-05,0.005683029070496559,-0.0007617219862680369,-0.0026977246161550283,-0.00046590561396442354,-0.001822157995775342,0.06203717365860939,,
140,model.layers.21.linear_attn.out_proj.weight,1024,2048,0.00048828125,0.00036875548539683223,2.4632461071014404,0.0004953499301336706,0.12880268692970276,0.0002018525847233832,0.14918063580989838,0.35189908742904663,0.0072197215631604195,0.541465699672699,1.4740842580795288,0.2361355870962143,35.074493408203125,-0.06437809765338898,0.0007919599302113056,0.04492322728037834,0.7086378335952759,0.14490379393100739,0.05456950515508652,0.1779981255531311,1.1935906410217285,,,,,,,,,,,,,,
160,model.layers.7.self_attn.q_proj.weight,4096,1024,0.000244140625,0.0002079323894577101,2.8904101848602295,0.00039587548235431314,0.3110310435295105,0.003338607493788004,0.17973898351192474,0.24329811334609985,0.014279991388320923,0.5283270478248596,1.5276256799697876,0.24883906543254852,29.465593338012695,0.03357306495308876,0.001426061848178506,0.055314335972070694,0.6935085654258728,0.12978006899356842,0.06923075765371323,0.1859455406665802,1.0620977878570557,8.0,0.09639249742031097,0.09630829840898514,0.7504262328147888,-2.6085490389959887e-07,0.000623591709882021,0.4186255931854248,-0.0004183104101062388,0.0058402493596076965,0.0005927060847170651,-0.008914634585380554,0.04469894617795944,0.48375821113586426,0.48538509011268616
160,model.layers.7.self_attn.k_proj.weight,512,1024,0.0009765625,0.001453133882023394,3.2570793628692627,-1.3823646440869197e-05,0.2311992645263672,0.0015468500787392259,0.15915469825267792,0.27973100543022156,0.025329576805233955,0.6887925267219543,1.3313730955123901,0.2526705861091614,27.7353515625,0.012009075842797756,0.00019640235404949635,0.038448650389909744,0.7632924318313599,0.07831971347332001,0.05558190494775772,0.11371619254350662,0.9996978640556335,,,,,,,,,,,,,,
160,model.layers.7.self_attn.v_proj.weight,512,1024,0.0009765625,0.0009881615405902267,2.0036509037017822,-0.002763594500720501,0.47301381826400757,0.0006740434328094125,0.14270709455013275,0.24966202676296234,0.004673097748309374,0.7232388854026794,1.4731366634368896,0.22244428098201752,48.88710021972656,-0.029499351978302002,0.00023151792993303388,0.02849610708653927,0.7736817598342896,0.09879603236913681,0.038091130554676056,0.13281984627246857,1.117780089378357,,,,,,,,,,,,,,
160,model.layers.7.self_attn.o_proj.weight,1024,2048,0.00048828125,0.0002762744843494147,2.1476941108703613,-0.0008746162056922913,0.794283926486969,2.920285623986274e-05,0.14775069057941437,0.36228978633880615,0.01521742157638073,0.534562885761261,1.4384584426879883,0.2652275264263153,18.719587326049805,0.002508733654394746,0.0008047271403484046,0.0856962725520134,0.7486620545387268,0.06411342322826385,0.11256647855043411,0.08484264463186264,1.0701146125793457,,,,,,,,,,,,,,
160,model.layers.15.self_attn.q_proj.weight,4096,1024,0.000244140625,0.00014806647959630936,3.2095518112182617,-8.428408909821883e-05,0.30591705441474915,0.00045428515295498073,0.20710773766040802,0.2413284182548523,0.004599238745868206,0.478320837020874,1.541063904762268,0.29723501205444336,14.989356994628906,-0.13265827298164368,0.0014985305024310946,0.11812574416399002,0.6911920309066772,0.0854044109582901,0.1327754110097885,0.13458427786827087,0.93279629945755,8.0,0.09387435019016266,0.09435175359249115,0.7477524280548096,-9.108094673138112e-06,5.442090332508087e-05,0.43797212839126587,-0.1673639009395215,-0.0008452133042737842,0.0004650861956179142,0.005733960308134556,0.0381024144589901,,
160,model.layers.15.self_attn.k_proj.weight,512,1024,0.0009765625,0.0010083885863423347,4.736075401306152,-1.3729512602367322e-06,0.2624559998512268,6.451526132877916e-05,0.24887248873710632,0.23646314442157745,0.0033812946639955044,0.5521290302276611,1.4735606908798218,0.3267829120159149,13.862863540649414,0.024530215188860893,0.00022886662918608636,0.04206531494855881,0.8038953542709351,0.050017859786748886,0.06065669283270836,0.07485493272542953,0.8942589163780212,,,,,,,,,,,,,,
160,model.layers.15.self_attn.v_proj.weight,512,1024,0.0009765625,0.0009873101953417063,2.148447275161743,-0.00032274442492052913,0.3843356966972351,0.00011783817899413407,0.2435029298067093,0.21830308437347412,0.002940322505310178,0.5909839272499084,1.4667901992797852,0.19543427228927612,45.895599365234375,0.010661575011909008,0.00031493944698013365,0.017142806202173233,0.7718746662139893,0.10867907851934433,0.028935372829437256,0.1406264752149582,1.189853549003601,,,,,,,,,,,,,0.6684661507606506,0.6738520860671997
160,model.layers.15.self_attn.o_proj.weight,1024,2048,0.00048828125,0.00043106512748636305,1.930206537246704,-0.0001436056336387992,0.5216903686523438,2.84992693195818e-05,0.11392739415168762,0.4069867730140686,0.015854477882385254,0.543650209903717,1.4567372798919678,0.24766403436660767,42.62744903564453,-0.07670421153306961,0.0009780005784705281,0.05715116113424301,0.7750245928764343,0.06787604838609695,0.07376962900161743,0.09262511134147644,1.04511296749115,,,,,,,,,,,,,,
160,model.layers.19.self_attn.q_proj.weight,4096,1024,0.000244140625,0.00015306411660276353,2.2188286781311035,-0.0008208990329876542,0.20006904006004333,0.00038343609776347876,0.20738369226455688,0.24369940161705017,0.007322720717638731,0.45391204953193665,1.527099609375,0.3916129469871521,7.109744548797607,-0.014786714687943459,0.001509028603322804,0.2104027420282364,0.5914490222930908,0.0874018445611,0.22688835859298706,0.1341685801744461,0.7663809061050415,8.0,0.0922173410654068,0.08526799827814102,0.7736854553222656,1.1883735169249121e-06,-2.9814662411808968e-05,0.14616048336029053,,0.0008820899529382586,-0.00023891788441687822,-0.011537414975464344,0.057627707719802856,,
160,model.layers.19.self_attn.k_proj.weight,512,1024,0.0009765625,0.0010907979449257255,2.0827977657318115,3.891378582920879e-06,0.2069946676492691,0.00018891665968112648,0.23997870087623596,0.22829218208789825,0.008010555990040302,0.5965362787246704,1.4010729789733887,0.3187796175479889,13.03979778289795,-0.042084962129592896,0.00021982102771289647,0.015394921414554119,0.8439756631851196,0.03896736726164818,0.03548761084675789,0.06563393771648407,1.1395727396011353,,,,,,,,,,,,,,
160,model.layers.19.self_attn.v_proj.weight,512,1024,0.0009765625,0.0007029590778984129,1.4892895221710205,-0.0006860102294012904,0.14970223605632782,0.0015166953671723604,0.12297393381595612,0.2749078869819641,0.006452603731304407,0.7134087085723877,1.4091812372207642,0.18758977949619293,35.33261489868164,0.10304269939661026,0.00038125418359413743,0.03913623094558716,0.8663956522941589,0.03369617834687233,0.052765291184186935,0.05472925677895546,0.9712781310081482,,,,,,,,,,,,,,
160,model.layers.19.self_attn.o_proj.weight,1024,2048,0.00048828125,0.0003958398010581732,1.446663737297058,-0.00021565050701610744,0.28248268365859985,0.00012074466212652624,0.06678784638643265,0.45541030168533325,0.01994738169014454,0.5469290018081665,1.4528272151947021,0.24087601900100708,45.00703811645508,-0.035665836185216904,0.0011534381192177534,0.021460553631186485,0.7554495930671692,0.10957527160644531,0.039036307483911514,0.13852521777153015,1.2577100992202759,,,,,,,,,,,,,,
160,model.layers.1.mlp.gate_proj.weight,3584,1024,0.00027901785714285713,0.00029403288499452174,2.859776258468628,0.0007370079983957112,0.40385156869888306,0.000176498870132491,0.19024519622325897,0.29357263445854187,0.006387321278452873,0.5154716372489929,1.5180662870407104,0.2256673276424408,50.99174880981445,0.001095877494663,0.001175614190287888,0.050038572400808334,0.6162841320037842,0.22902879118919373,0.05635920539498329,0.28373026847839355,1.0429874658584595,,,,,,,,,,,,,0.5036914348602295,0.5089095830917358
160,model.layers.1.mlp.up_proj.weight,3584,1024,0.00027901785714285713,0.0003959219320677221,2.7123682498931885,0.000324823398841545,0.6515895128250122,0.0001361794420517981,0.17475157976150513,0.308306485414505,0.008175550028681755,0.4945012331008911,1.5116952657699585,0.24479371309280396,41.96086120605469,0.09819768369197845,0.0007744732429273427,0.03768770024180412,0.5896088480949402,0.26922768354415894,0.043205540627241135,0.32405856251716614,1.1965856552124023,,,,,,,,,,,,,,
160,model.layers.1.mlp.down_proj.weight,1024,3584,0.00027901785714285713,0.0002956514072138816,4.754601955413818,0.0003220466896891594,0.6525919437408447,0.0003748556482605636,0.18819282948970795,0.2919420003890991,0.010178295895457268,0.5590117573738098,1.447776198387146,0.19984577596187592,52.153831481933594,0.09969829022884369,0.0007441093330271542,0.012248060666024685,0.6558402180671692,0.22244365513324738,0.022109081968665123,0.2599608600139618,1.2906373739242554,8.0,0.09112070500850677,0.09698765724897385,0.7629480361938477,2.3242724637384526e-05,-0.016600854694843292,3.50413179397583,,-0.006783558987081051,-0.0021319808438420296,0.008701571263372898,0.04421320557594299,,
160,model.layers.12.mlp.gate_proj.weight,3584,1024,0.00027901785714285713,0.00020687344658654183,2.749580144882202,0.0005340907955542207,0.33128589391708374,0.000739822571631521,0.18411168456077576,0.24440039694309235,0.005626894999295473,0.5730500221252441,1.5335251092910767,0.2513902187347412,12.447152137756348,-0.03642711043357849,0.0010960667859762907,0.0157761387526989,0.7400148510932922,0.1502542942762375,0.022588012740015984,0.20052996277809143,1.3788816928863525,,,,,,,,,,,,,,
160,model.layers.12.mlp.up_proj.weight,3584,1024,0.00027901785714285713,0.0002512338978704065,2.7444005012512207,-0.00010529133578529581,0.5415455102920532,0.0005847493303008378,0.22205689549446106,0.24401722848415375,0.009439614601433277,0.49935442209243774,1.5134772062301636,0.24749478697776794,57.11138153076172,0.053320061415433884,0.0007462533540092409,0.01438707672059536,0.6696485280990601,0.2106587290763855,0.023067157715559006,0.2650238573551178,1.3736497163772583,,,,,,,,,,,,,,
160,model.layers.12.mlp.down_proj.weight,1024,3584,0.00027901785714285713,0.00023977618548087776,5.419388294219971,-0.00010303857561666518,0.561698317527771,7.544794789282605e-05,0.18621012568473816,0.31330519914627075,0.016109541058540344,0.5712615847587585,1.4148982763290405,0.2773897647857666,17.336027145385742,-0.04253372177481651,0.0007229272741824389,0.019650259986519814,0.7267021536827087,0.15422719717025757,0.031240789219737053,0.18401215970516205,1.3182944059371948,8.0,0.0845429077744484,0.08929875493049622,0.7650761008262634,-1.9898238861060236e-06,0.00804504007101059,2.9578940868377686,-0.00024733548478846404,-0.0031628559809178114,0.0005711241974495351,-0.006975401192903519,0.02413930930197239,,
160,model.layers.22.mlp.gate_proj.weight,3584,1024,0.00027901785714285713,0.0003137037274427712,2.580561876296997,0.0015021073631942272,0.12167791277170181,0.0011168462224304676,0.17370043694972992,0.25951439142227173,0.008027172647416592,0.558309018611908,1.5272572040557861,0.25101566314697266,46.19197463989258,-0.02655092440545559,0.001549690612591803,0.03566357493400574,0.6795911192893982,0.16528202593326569,0.04812164232134819,0.2209775745868683,1.0811761617660522,,,,,,,,,,,,,0.504252552986145,0.4974314868450165
160,model.layers.22.mlp.up_proj.weight,3584,1024,0.00027901785714285713,0.0002292660210514441,2.6070899963378906,0.0006155039300210774,0.2636612355709076,0.0009371922933496535,0.16615653038024902,0.3049350678920746,0.01215497124940157,0.5865298509597778,1.5144426822662354,0.23956429958343506,71.8212661743164,-0.16784487664699554,0.0008955015218816698,0.015726063400506973,0.6607627868652344,0.21948392689228058,0.021366450935602188,0.27464771270751953,1.3857249021530151,,,,,,,,,,,,,,
160,model.layers.22.mlp.down_proj.weight,1024,3584,0.00027901785714285713,0.00041450836579315364,2.1719655990600586,0.0006737906369380653,0.2630053758621216,0.0002459710231050849,0.09850634634494781,0.4314052164554596,0.009371429681777954,0.5810837745666504,1.4674593210220337,0.24273645877838135,65.55718994140625,-0.03233110532164574,0.0008298960165120661,0.026147810742259026,0.6617962718009949,0.2013925015926361,0.03861308470368385,0.23636843264102936,1.189727783203125,8.0,0.09994275867938995,0.09543804079294205,0.7550594806671143,1.7700049284030683e-05,0.008696993812918663,0.4799768328666687,0.0020351916610241495,0.013784022070467472,0.0041021727956831455,0.0062542809173464775,0.12360147386789322,,
160,model.layers.1.linear_attn.in_proj_qkv.weight,6144,1024,0.00016276041666666666,0.00010138995276065543,2.5188515186309814,-8.430720481555909e-05,0.3550616502761841,0.0003628744452726096,0.19530366361141205,0.26647859811782837,0.005501547362655401,0.5224001407623291,1.5380712747573853,0.252420037984848,53.78942108154297,-0.041519999504089355,0.0018912737723439932,0.028819935396313667,0.6517490744590759,0.21011677384376526,0.036949273198843,0.2643507421016693,1.2605623006820679,8.0,0.10398850589990616,0.10361664742231369,0.7418187856674194,-4.435987193573965e-06,0.004968209192156792,0.5251050591468811,-0.0008928744789122336,0.002681529615074396,0.004055415745824575,-0.004231288097798824,0.060737695544958115,,
160,model.layers.1.linear_attn.out_proj.weight,1024,2048,0.00048828125,0.00165364530403167,1.45591402053833,5.017425064579584e-05,0.7874248027801514,0.00023238621361088008,0.1400359869003296,0.36302387714385986,0.012080824002623558,0.5401706099510193,1.4624971151351929,0.21941113471984863,8.935089111328125,0.030179116874933243,0.0009320140816271305,0.18795454502105713,0.6245007514953613,0.10288488864898682,0.20222538709640503,0.1286533921957016,1.0449562072753906,,,,,,,,,,,,,,
160,model.layers.12.linear_attn.in_proj_qkv.weight,6144,1024,0.00016276041666666666,6.627592665608972e-05,2.3896071910858154,-8.953424548963085e-05,0.3358525335788727,0.00027335580671206117,0.15475551784038544,0.26575589179992676,0.002700747223570943,0.6111230254173279,1.5519269704818726,0.28686434030532837,31.594160079956055,0.07878398895263672,0.0022582856472581625,0.03598371893167496,0.7063970565795898,0.15693548321723938,0.04424785077571869,0.2100885659456253,1.139952540397644,8.0,0.09922061115503311,0.09281036257743835,0.7667303681373596,1.166220954473829e-06,0.0020456097554415464,0.2718823552131653,0.000570109206495302,0.0013476364547386765,0.0014858462382107973,0.004106397740542889,0.0813690647482872,,
160,model.layers.12.linear_attn.out_proj.weight,1024,2048,0.00048828125,0.0003240601799916476,2.239351987838745,-0.00028954254230484366,0.4875909686088562,4.87338074890431e-05,0.15250883996486664,0.3493648171424866,0.022030634805560112,0.5484172701835632,1.425144910812378,0.27226927876472473,37.43733596801758,-0.051454897969961166,0.0007999190129339695,0.06428124755620956,0.747158408164978,0.07890481501817703,0.09174476563930511,0.10493738949298859,0.9474458694458008,,,,,,,,,,,,,,
160,model.layers.21.linear_attn.in_proj_qkv.weight,6144,1024,0.00016276041666666666,0.0001298896095249802,3.6569504737854004,0.0001366139476886019,0.09710440784692764,0.0006998933386057615,0.17699472606182098,0.2691285014152527,0.005652892403304577,0.585005521774292,1.5458664894104004,0.28860101103782654,49.802799224853516,-0.015952711924910545,0.002697983291000128,0.05048258975148201,0.6599744558334351,0.18536509573459625,0.05820590630173683,0.2386690080165863,1.0567975044250488,8.0,0.10770922154188156,0.10197615623474121,0.6577965617179871,4.0890142827265663e-07,0.0001544442493468523,0.03834134340286255,0.002647566549106934,0.009193988516926765,0.0012135322904214263,0.006816651672124863,0.03439370170235634,,
160,model.layers.21.linear_attn.out_proj.weight,1024,2048,0.00048828125,0.00037564936792477965,2.687833547592163,0.0003462349995970726,0.16974128782749176,0.00020858258358202875,0.15181510150432587,0.35030263662338257,0.01017677504569292,0.5386334657669067,1.4637556076049805,0.24201607704162598,72.17682647705078,-0.0631900355219841,0.0007820505416020751,0.04038172960281372,0.7070940136909485,0.15094326436519623,0.04939613863825798,0.18380527198314667,1.1123294830322266,,,,,,,,,,,,,,
180,model.layers.7.self_attn.q_proj.weight,4096,1024,0.000244140625,0.0001527893473394215,3.2654519081115723,-0.0007176785147748888,0.24224327504634857,0.0011879330268129706,0.18731766939163208,0.24674098193645477,0.010178323835134506,0.5113623142242432,1.5314019918441772,0.2532969117164612,36.39421081542969,0.048840366303920746,0.0014342011418193579,0.0555049367249012,0.6844838857650757,0.1341656893491745,0.06874912232160568,0.19342295825481415,1.006583571434021,8.0,0.06882521510124207,0.06514884531497955,0.8793317079544067,-4.2383298932691105e-06,-0.0015183233190327883,0.14786353707313538,,-0.004027427639812231,-0.0011190169025212526,0.010345913469791412,0.06488456577062607,0.3039242923259735,0.308506041765213
180,model.layers.7.self_attn.k_proj.weight,512,1024,0.0009765625,0.0010579285444691777,3.7020885944366455,-1.3466911696013995e-05,0.18566733598709106,0.0004854223516304046,0.15552020072937012,0.25352203845977783,0.024118512868881226,0.702690064907074,1.348675012588501,0.24099598824977875,24.650938034057617,-0.03814844414591789,0.0002062762068817392,0.018892884254455566,0.7768236398696899,0.07510974258184433,0.04431737959384918,0.10888911038637161,1.0471912622451782,,,,,,,,,,,,,,
180,model.layers.7.self_attn.v_proj.weight,512,1024,0.0009765625,0.0009588386164978147,2.040921449661255,-0.0005721825291402638,0.3609943687915802,0.000687966647092253,0.14703524112701416,0.24986465275287628,0.0045776586048305035,0.7177475094795227,1.458594560623169,0.20239834487438202,47.18088912963867,0.01372560951858759,0.0002227577642770484,0.017588676884770393,0.7818439602851868,0.10060755908489227,0.026140164583921432,0.1358991414308548,1.3273435831069946,,,,,,,,,,,,,,
180,model.layers.7.self_attn.o_proj.weight,1024,2048,0.00048828125,0.0002372579911025241,2.172968626022339,-0.00018809593166224658,0.5897660255432129,7.270857167895883e-05,0.15078462660312653,0.3486010730266571,0.016878213733434677,0.515274703502655,1.4252963066101074,0.31604474782943726,8.745474815368652,-0.08441437035799026,0.0008351427386514843,0.15488693118095398,0.696197509765625,0.05559523031115532,0.17612114548683167,0.07595781236886978,1.0310887098312378,,,,,,,,,,,,,,
180,model.layers.15.self_attn.q_proj.weight,4096,1024,0.000244140625,0.00015580496983602643,3.0831973552703857,0.00033559033181518316,0.2800913155078888,0.0003103787312284112,0.23446637392044067,0.21907015144824982,0.0034071714617311954,0.44669297337532043,1.5477688312530518,0.30160054564476013,21.122509002685547,0.0163715872913599,0.0014618054265156388,0.12648910284042358,0.6714420318603516,0.09421715885400772,0.14193348586559296,0.1431664526462555,0.8379659652709961,8.0,0.06930984556674957,0.07500407099723816,0.8774579763412476,-1.8387129330221796e-06,-0.003153515513986349,0.20011554658412933,,-0.0005185743793845177,-0.0024777627550065517,0.004042882937937975,0.04645581915974617,,
180,model.layers.15.self_attn.k_proj.weight,512,1024,0.0009765625,0.0010702761355787516,3.925065517425537,-7.369243917310087e-07,0.25833362340927124,0.0005553247756324708,0.2417459487915039,0.24497255682945251,0.004977995064109564,0.5634868741035461,1.4406931400299072,0.2860904932022095,18.831928253173828,0.043881647288799286,0.00022950443963054568,0.057194773107767105,0.7837313413619995,0.0548335462808609,0.07516748458147049,0.08026160299777985,1.00239896774292,,,,,,,,,,,,,,
180,model.layers.15.self_attn.v_proj.weight,512,1024,0.0009765625,0.0009113861597143114,1.9716991186141968,0.001107861171476543,0.23717354238033295,0.00022249492758419365,0.20589473843574524,0.23982977867126465,0.009013700298964977,0.6284680962562561,1.4353901147842407,0.22194695472717285,44.237335205078125,-0.07394924759864807,0.00032107820152305067,0.006100797560065985,0.7850300669670105,0.10623183846473694,0.021976346150040627,0.1359287053346634,1.30029296875,,,,,,,,,,,,,0.3369104564189911,0.31857019662857056
180,model.layers.15.self_attn.o_proj.weight,1024,2048,0.00048828125,0.0003484307380858809,1.9723336696624756,0.0003949020174331963,0.3959967792034149,3.216223558411002e-05,0.10943067818880081,0.4060518145561218,0.010663032531738281,0.5371426939964294,1.4393795728683472,0.22023877501487732,39.12773132324219,0.038958996534347534,0.0009690002189017832,0.02677042782306671,0.7916971445083618,0.07872404903173447,0.0422348752617836,0.10568772256374359,1.2337080240249634,,,,,,,,,,,,,,
180,model.layers.19.self_attn.q_proj.weight,4096,1024,0.000244140625,0.0001920594513649121,2.9038116931915283,-0.0013077293988317251,0.1722434014081955,0.0004606784787029028,0.23278406262397766,0.21511714160442352,0.006138076540082693,0.4084959030151367,1.5357214212417603,0.46098747849464417,6.032571315765381,-0.1133703738451004,0.0017251368844881654,0.36708831787109375,0.46639376878738403,0.06459342688322067,0.3826729953289032,0.10489556193351746,0.7082075476646423,8.0,0.07128697633743286,0.07100135087966919,0.8534733057022095,-1.264927504962543e-07,-0.0007489640265703201,0.09383467584848404,,-0.0001100180161301978,-0.0006844096933491528,-0.006088148336857557,0.040249597281217575,,
180,model.layers.19.self_attn.k_proj.weight,512,1024,0.0009765625,0.0010030379053205252,3.6454098224639893,5.117672571941512e-06,0.16519741714000702,0.0008794362656772137,0.243527352809906,0.22386258840560913,0.014406207948923111,0.5707494020462036,1.3144923448562622,0.36502957344055176,16.231868743896484,-0.09025809168815613,0.00023011348093859851,0.06271655112504959,0.785674512386322,0.035356324166059494,0.0923197939991951,0.05962647870182991,0.9045678973197937,,,,,,,,,,,,,,
180,model.layers.19.self_attn.v_proj.weight,512,1024,0.0009765625,0.0008771123248152435,1.6058274507522583,0.002751025138422847,0.11707551032304764,0.004590509459376335,0.1316414773464203,0.2748314440250397,0.014484993182122707,0.6921548843383789,1.4016605615615845,0.20786187052726746,40.30152130126953,-0.044599346816539764,0.0003793153737206012,0.02519199624657631,0.877634584903717,0.027002105489373207,0.04323384538292885,0.04880423843860626,1.0660299062728882,,,,,,,,,,,,,,
180,model.layers.19.self_attn.o_proj.weight,1024,2048,0.00048828125,0.0004354294796939939,1.4302978515625,0.0008606958435848355,0.2218940407037735,6.64362742099911e-05,0.06509166955947876,0.49153202772140503,0.014499648474156857,0.59086012840271,1.4485275745391846,0.27287840843200684,21.552101135253906,-0.13133443892002106,0.0011932970955967903,0.021702023223042488,0.7868112325668335,0.09534572064876556,0.03373284265398979,0.12098351120948792,1.3090752363204956,,,,,,,,,,,,,,
180,model.layers.1.mlp.gate_proj.weight,3584,1024,0.00027901785714285713,0.0004022135690320283,2.603562116622925,0.00048252270789816976,0.28383779525756836,0.0001359630114166066,0.17944304645061493,0.30455175042152405,0.005748251918703318,0.525364100933075,1.5170214176177979,0.2838428318500519,32.181270599365234,0.07006456702947617,0.0012227394618093967,0.04579150676727295,0.6476905345916748,0.2082149237394333,0.05117741599678993,0.26068544387817383,1.13744056224823,,,,,,,,,,,,,0.3226848840713501,0.3101097643375397
180,model.layers.1.mlp.up_proj.weight,3584,1024,0.00027901785714285713,0.00022564498067367822,2.461857318878174,0.00027702326769940555,0.4658329486846924,0.0001181818443001248,0.16693779826164246,0.3232603371143341,0.007485267706215382,0.5044416189193726,1.5096296072006226,0.20684196054935455,74.32222747802734,0.00924561358988285,0.0007384746568277478,0.02266869880259037,0.5865105986595154,0.27524662017822266,0.029901310801506042,0.3347482681274414,1.1910737752914429,,,,,,,,,,,,,,
180,model.layers.1.mlp.down_proj.weight,1024,3584,0.00027901785714285713,0.0002919136022683233,4.390162467956543,0.00028297447715885937,0.45097073912620544,0.001151754055172205,0.19641216099262238,0.27283719182014465,0.014211596921086311,0.5319279432296753,1.4253365993499756,0.23246358335018158,58.89195251464844,-0.00348486821167171,0.0007582591497339308,0.01709461770951748,0.6517770886421204,0.22371457517147064,0.026238128542900085,0.26114341616630554,1.377156138420105,8.0,0.06407480686903,0.05579797178506851,0.901831328868866,-4.670209364121547e-06,-0.01273362711071968,0.79701828956604,,-0.0014287226367741823,-0.0035494747571647167,0.011412320658564568,0.05062844231724739,,
180,model.layers.12.mlp.gate_proj.weight,3584,1024,0.00027901785714285713,0.00019060139311477542,2.677224636077881,0.0003119886969216168,0.27293479442596436,0.0010496609611436725,0.18505775928497314,0.24599522352218628,0.007553101517260075,0.576146125793457,1.5270580053329468,0.2241401970386505,61.659732818603516,-0.16020606458187103,0.0010635263752192259,0.017095349729061127,0.7266140580177307,0.15067127346992493,0.02577342838048935,0.203794464468956,1.3216913938522339,,,,,,,,,,,,,,
180,model.layers.12.mlp.up_proj.weight,3584,1024,0.00027901785714285713,0.0002597770362626761,2.464552879333496,1.4500493307423312e-05,0.44818297028541565,0.0004215594963170588,0.21743005514144897,0.2481570690870285,0.007170128170400858,0.5084172487258911,1.5151442289352417,0.3026236295700073,27.420757293701172,-0.10848657041788101,0.0007831781986169517,0.02522415667772293,0.7119912505149841,0.16719797253608704,0.03259369730949402,0.21779127418994904,1.2785605192184448,,,,,,,,,,,,,,
180,model.layers.12.mlp.down_proj.weight,1024,3584,0.00027901785714285713,0.0002461321419104934,4.639426231384277,1.4480653589998838e-05,0.44114431738853455,0.00015734395128674805,0.20538482069969177,0.2829362452030182,0.020692482590675354,0.5211095809936523,1.4149534702301025,0.24974143505096436,47.86882019042969,0.008842455223202705,0.0007189232273958623,0.03595513477921486,0.6823606491088867,0.1729319840669632,0.048618849366903305,0.20742672681808472,1.1568872928619385,8.0,0.06253591179847717,0.06524685025215149,0.895113468170166,-2.400021730863955e-05,-0.014664942398667336,0.9485664367675781,,-0.007854694500565529,-0.002943407278507948,-0.009739217348396778,0.021478835493326187,,
180,model.layers.22.mlp.gate_proj.weight,3584,1024,0.00027901785714285713,0.00033310806611552835,2.858232259750366,-7.859435572754592e-05,0.0810830369591713,0.0009405200835317373,0.1752888411283493,0.26513978838920593,0.007038000505417585,0.565212607383728,1.5250694751739502,0.2226826548576355,22.093830108642578,-0.02961239218711853,0.0015485200565308332,0.07056687027215958,0.6381659507751465,0.1672009527683258,0.08105562627315521,0.22440218925476074,1.0896623134613037,,,,,,,,,,,,,0.2800268232822418,0.27390772104263306
180,model.layers.22.mlp.up_proj.weight,3584,1024,0.00027901785714285713,0.00024732216843403876,2.8098747730255127,-0.000721819931641221,0.19173681735992432,0.001074207597412169,0.17182162404060364,0.29463255405426025,0.013281712308526039,0.5787849426269531,1.5101685523986816,0.2118685245513916,70.05133056640625,-0.058280956000089645,0.0008755331509746611,0.019937099888920784,0.6568600535392761,0.21658483147621155,0.025235053151845932,0.2744902968406677,1.2658556699752808,,,,,,,,,,,,,,
180,model.layers.22.mlp.down_proj.weight,1024,3584,0.00027901785714285713,0.0003291061439085752,2.6101207733154297,-0.0008469244348816574,0.17829982936382294,0.00020341515482869,0.11583888530731201,0.4005988836288452,0.009076288901269436,0.5688117742538452,1.458168864250183,0.2527891993522644,41.72098922729492,0.03929911553859711,0.0008551331120543182,0.03712458536028862,0.6439565420150757,0.20973359048366547,0.048898566514253616,0.2439720183610916,1.0902130603790283,8.0,0.05208619683980942,0.054001741111278534,0.8387638330459595,-1.8180206780016306e-06,-0.00156397616956383,0.22104161977767944,,-0.0014923001872375607,-0.0010397543665021658,-0.0029759258031845093,0.1186135858297348,,
180,model.layers.1.linear_attn.in_proj_qkv.weight,6144,1024,0.00016276041666666666,0.00010998720244970173,2.3497796058654785,0.0001667918695602566,0.2463657557964325,0.0004064464592374861,0.18793009221553802,0.26772627234458923,0.005963183473795652,0.5270255208015442,1.53606116771698,0.26829954981803894,31.72129249572754,-0.07851149886846542,0.00196818052791059,0.06556347012519836,0.6250171661376953,0.20831939578056335,0.07293545454740524,0.25817546248435974,1.1488453149795532,8.0,0.05750128999352455,0.05511119216680527,0.8881290555000305,-2.8726440177706536e-06,-0.0029877973720431328,0.10364886373281479,,-0.0028812563978135586,-0.005685305222868919,-0.0014750754926353693,0.0678989365696907,,
180,model.layers.1.linear_attn.out_proj.weight,1024,2048,0.00048828125,0.0014268337981775403,1.3502390384674072,-0.0006270392914302647,0.5660776495933533,0.0004130966553930193,0.1357789784669876,0.34778136014938354,0.013041923753917217,0.5060504078865051,1.4359692335128784,0.27366727590560913,8.023383140563965,0.015093141235411167,0.0010083334054797888,0.20027363300323486,0.641788125038147,0.08533137291669846,0.2130909562110901,0.10694301873445511,0.848855197429657,,,,,,,,,,,,,,
180,model.layers.12.linear_attn.in_proj_qkv.weight,6144,1024,0.00016276041666666666,5.9267666074447334e-05,1.9795536994934082,-0.00027650041738525033,0.2915602922439575,0.0008061971166171134,0.1587097942829132,0.25368180871009827,0.004335188772529364,0.5925888419151306,1.5520210266113281,0.2648734152317047,59.206825256347656,0.056585900485515594,0.0021764987614005804,0.027382219210267067,0.7094207406044006,0.16256748139858246,0.03561790660023689,0.2160186618566513,1.2376344203948975,8.0,0.054487474262714386,0.059991832822561264,0.8523378968238831,-6.25459142611362e-06,-0.0026463521644473076,0.1223243847489357,,-0.01133841834962368,-0.0036302951630204916,-0.00023447464627679437,0.10085142403841019,,
180,model.layers.12.linear_attn.out_proj.weight,1024,2048,0.00048828125,0.0002884590358007699,2.2255139350891113,0.0003739760140888393,0.3759550154209137,5.669547681463882e-05,0.16003121435642242,0.3318893611431122,0.03310026228427887,0.5213133096694946,1.4329993724822998,0.2843262851238251,35.12649917602539,-0.21214614808559418,0.0007765618502162397,0.05777251347899437,0.7513672113418579,0.07871720939874649,0.08540388196706772,0.1043921411037445,0.941510796546936,,,,,,,,,,,,,,
180,model.layers.21.linear_attn.in_proj_qkv.weight,6144,1024,0.00016276041666666666,0.00011223633919144049,3.0686397552490234,0.0004370786773506552,0.056955836713314056,0.0005450691096484661,0.18022207915782928,0.2613402307033539,0.005461432971060276,0.5671567320823669,1.5416878461837769,0.22825650870800018,51.70482635498047,-0.06469449400901794,0.002605625195428729,0.01549744512885809,0.6698636412620544,0.20469790697097778,0.02300795167684555,0.2614805996417999,1.3750022649765015,8.0,0.054862212389707565,0.06292100995779037,0.8804052472114563,-2.173321576037779e-07,-0.00016250216867774725,0.009149176999926567,,-0.008602130226790905,-0.003461557673290372,0.011076218448579311,0.052761539816856384,,
180,model.layers.21.linear_attn.out_proj.weight,1024,2048,0.00048828125,0.00035528247826732695,2.671492576599121,-0.001404342707246542,0.11365494877099991,4.642239582608454e-05,0.15031777322292328,0.35196349024772644,0.0055437274277210236,0.5394411683082581,1.4757386445999146,0.20980626344680786,45.18519592285156,-0.03587990999221802,0.0008051972836256027,0.033029522746801376,0.7286059260368347,0.13767734169960022,0.04393638297915459,0.16941200196743011,1.2284783124923706,,,,,,,,,,,,,,
200,model.layers.7.self_attn.q_proj.weight,4096,1024,0.000244140625,0.00012841229909099638,2.109186887741089,-0.0010269463527947664,0.2350824922323227,0.0008194462861865759,0.168445885181427,0.27017542719841003,0.007397174369543791,0.5396870374679565,1.5351239442825317,0.31534940004348755,21.709386825561523,0.09715884178876877,0.001499995356425643,0.1002737358212471,0.6823098063468933,0.11229132860898972,0.11212608218193054,0.16371190547943115,0.8749775886535645,8.0,0.06665255129337311,0.05705574154853821,0.8792809247970581,6.166390562611923e-07,-0.0002292988501721993,0.13845723867416382,,0.0023531627375632524,-0.000332889670971781,-0.008000398054718971,0.04150315001606941,0.25023600459098816,0.2488381415605545
200,model.layers.7.self_attn.k_proj.weight,512,1024,0.0009765625,0.0010103409877046943,2.338002920150757,3.96924087908701e-06,0.17726972699165344,0.0011988960905000567,0.13696825504302979,0.28706178069114685,0.022157937288284302,0.741676390171051,1.3284235000610352,0.1906903237104416,34.817325592041016,0.026328276842832565,0.00019622412219177932,0.018297983333468437,0.7607816457748413,0.08756203949451447,0.04142313823103905,0.12415376305580139,1.141392707824707,,,,,,,,,,,,,,
200,model.layers.7.self_attn.v_proj.weight,512,1024,0.0009765625,0.0006882754969410598,1.4704128503799438,0.0005806494737043977,0.3825390636920929,0.00036710372660309076,0.10254392772912979,0.2663131654262543,0.002895429264754057,0.8074965476989746,1.4518769979476929,0.24747133255004883,17.489696502685547,-0.011097042821347713,0.00024109338119160384,0.023545116186141968,0.7969417572021484,0.08830533176660538,0.030334528535604477,0.12069851160049438,1.289803385734558,,,,,,,,,,,,,,
200,model.layers.7.self_attn.o_proj.weight,1024,2048,0.00048828125,0.00018719260697253048,1.9092843532562256,0.00022848750813864172,0.5164961218833923,6.767131708329543e-05,0.14881093800067902,0.3326120674610138,0.03162737190723419,0.48405924439430237,1.3944975137710571,0.32355791330337524,22.673887252807617,0.01722649671137333,0.0008112814393825829,0.08488244563341141,0.7539430856704712,0.06253336369991302,0.10710424184799194,0.08330882340669632,0.8650870323181152,,,,,,,,,,,,,,
200,model.layers.15.self_attn.q_proj.weight,4096,1024,0.000244140625,0.00013748070341534913,2.9169769287109375,-0.00043218318023718894,0.2078818678855896,0.0002925920416601002,0.21130754053592682,0.24214765429496765,0.00419319374486804,0.4575977921485901,1.5443007946014404,0.28912752866744995,16.542715072631836,0.03958879038691521,0.0014889856101945043,0.12037615478038788,0.6757098436355591,0.08660408854484558,0.135616272687912,0.13645246624946594,0.8653421401977539,8.0,0.0687674805521965,0.06575316190719604,0.879138171672821,-6.950746751499537e-07,-0.00044934902689419687,0.10248497128486633,,0.00538620725274086,-0.000989623717032373,-0.010103835724294186,0.026194268837571144,,
200,model.layers.15.self_attn.k_proj.weight,512,1024,0.0009765625,0.0009811288909986615,3.3403141498565674,-4.322823770053219e-06,0.17655397951602936,9.074126137420535e-05,0.24047048389911652,0.24867017567157745,0.004268361255526543,0.5693382620811462,1.4667398929595947,0.22812685370445251,35.72201919555664,-0.09077858179807663,0.00022089082631282508,0.037967875599861145,0.7982088923454285,0.05782901495695114,0.05554373189806938,0.08379748463630676,0.915478527545929,,,,,,,,,,,,,,
200,model.layers.15.self_attn.v_proj.weight,512,1024,0.0009765625,0.0010099519276991487,1.7759994268417358,0.0009449550416320562,0.17585618793964386,0.00012863133451901376,0.19160819053649902,0.2574998736381531,0.006075424142181873,0.6446101069450378,1.4626438617706299,0.23912324011325836,22.507787704467773,0.0802418664097786,0.00032249552896246314,0.008847375400364399,0.795126736164093,0.10310693085193634,0.020349429920315742,0.13185478746891022,1.3084176778793335,,,,,,,,,,,,,0.2521785497665405,0.24463336169719696
200,model.layers.15.self_attn.o_proj.weight,1024,2048,0.00048828125,0.000395486451452598,1.7918932437896729,0.0003069120866712183,0.3224608302116394,2.485127879481297e-05,0.09232715517282486,0.4436107277870178,0.011116594076156616,0.5642820596694946,1.4288551807403564,0.26102790236473083,52.81867599487305,-0.07457134127616882,0.0009579905308783054,0.03205583244562149,0.7949597239494324,0.07602109014987946,0.04712006449699402,0.10065831989049911,1.1690813302993774,,,,,,,,,,,,,,
200,model.layers.19.self_attn.q_proj.weight,4096,1024,0.000244140625,0.00016581665840931237,3.584287643432617,-0.0007812029798515141,0.10589123517274857,0.00046471779933199286,0.21302302181720734,0.247782900929451,0.008137436583638191,0.4629006087779999,1.5320955514907837,0.29582923650741577,14.807429313659668,-0.0278176199644804,0.001489765360020101,0.14400705695152283,0.620876133441925,0.09683553874492645,0.1661076843738556,0.14915430545806885,0.8033561706542969,8.0,0.06292041391134262,0.07066051661968231,0.8617638349533081,5.284865665089455e-07,1.1132276995340362e-05,0.03626725450158119,0.047473357582653954,-0.004914834629744291,-0.00026405282551422715,-0.01452680304646492,0.028464345261454582,,
200,model.layers.19.self_attn.k_proj.weight,512,1024,0.0009765625,0.0011534254299476743,3.7728164196014404,-7.413701496261638e-06,0.09973032027482986,0.00022250744223129004,0.25078514218330383,0.21672841906547546,0.010954841040074825,0.5698738098144531,1.3585363626480103,0.3082098066806793,17.41033935546875,-0.09761935472488403,0.00021873920923098922,0.04519309103488922,0.7903913855552673,0.03535465896129608,0.078305184841156,0.06271976232528687,0.8187935948371887,,,,,,,,,,,,,,
200,model.layers.19.self_attn.v_proj.weight,512,1024,0.0009765625,0.0011627529747784138,1.500719666481018,0.0012165930820629,0.08315953612327576,0.0020538822282105684,0.11131809651851654,0.28706786036491394,0.0073158107697963715,0.7304973006248474,1.4466818571090698,0.20659875869750977,31.161052703857422,0.04800153151154518,0.00038932901225052774,0.04453166946768761,0.8664976954460144,0.026383275166153908,0.05961969867348671,0.047049298882484436,0.9505406618118286,,,,,,,,,,,,,,
200,model.layers.19.self_attn.o_proj.weight,1024,2048,0.00048828125,0.00046791572822257876,1.3635485172271729,0.0003478452272247523,0.173317089676857,3.9562699384987354e-05,0.04805373400449753,0.5618895888328552,0.004779627081006765,0.6535586714744568,1.4635684490203857,0.26195597648620605,40.505069732666016,-0.11598105728626251,0.001152928452938795,0.020649077370762825,0.7796478271484375,0.09813269972801208,0.0343083031475544,0.12506690621376038,1.349502682685852,,,,,,,,,,,,,,
200,model.layers.1.mlp.gate_proj.weight,3584,1024,0.00027901785714285713,0.00022367513156495988,3.4287314414978027,0.00018767357687465847,0.18849334120750427,0.00024369900347664952,0.1799565851688385,0.3015684485435486,0.007894443348050117,0.5291072726249695,1.5178557634353638,0.24940325319766998,38.36741638183594,0.085154689848423,0.001238165539689362,0.0231967493891716,0.639998197555542,0.22954468429088593,0.032326776534318924,0.2824782729148865,1.2191380262374878,,,,,,,,,,,,,0.2672792971134186,0.25346750020980835
200,model.layers.1.mlp.up_proj.weight,3584,1024,0.00027901785714285713,0.00020935492648277432,2.7465980052948,-0.0001978549116756767,0.32856982946395874,0.00015583688218612224,0.1604221612215042,0.32217341661453247,0.010357693769037724,0.4976850748062134,1.5070695877075195,0.26644524931907654,74.62965393066406,0.1898472160100937,0.0007713500526733696,0.02306842803955078,0.6028664112091064,0.2680206298828125,0.029528962448239326,0.3234187662601471,1.257086157798767,,,,,,,,,,,,,,
200,model.layers.1.mlp.down_proj.weight,1024,3584,0.00027901785714285713,0.000274482648819685,5.63589334487915,-0.00020569420303218067,0.3151378929615021,0.0014379281783476472,0.18804198503494263,0.2861742377281189,0.014677220955491066,0.5548818111419678,1.4415000677108765,0.25046461820602417,72.92594909667969,0.07796000689268112,0.0007500444771721959,0.012648709118366241,0.6663547158241272,0.2192879617214203,0.021161839365959167,0.2548239827156067,1.339176058769226,8.0,0.0570189505815506,0.05709397420287132,0.8925581574440002,6.889314363434096e-07,-0.00026504608104005456,0.7109694480895996,,0.0002795601321849972,4.521414666669443e-05,4.970435838913545e-05,0.023302294313907623,,
200,model.layers.12.mlp.gate_proj.weight,3584,1024,0.00027901785714285713,0.000194241147255525,3.1368489265441895,-0.00043660253868438303,0.21385158598423004,0.0010146847926080227,0.18248875439167023,0.24976110458374023,0.006401380989700556,0.576183557510376,1.531306266784668,0.2838808000087738,24.751888275146484,-0.06752640008926392,0.001129698008298874,0.027527563273906708,0.7345961332321167,0.1382296234369278,0.0361543744802475,0.18800970911979675,1.2893813848495483,,,,,,,,,,,,,,
200,model.layers.12.mlp.up_proj.weight,3584,1024,0.00027901785714285713,0.0002496935776434839,2.8543663024902344,-0.000473799038445577,0.35308167338371277,0.0004220407863613218,0.21328817307949066,0.257399320602417,0.007922563701868057,0.5142457485198975,1.5207405090332031,0.29073795676231384,12.691680908203125,0.05469856783747673,0.0007719430141150951,0.016586482524871826,0.6971845626831055,0.18680138885974884,0.022055931389331818,0.24146230518817902,1.3064252138137817,,,,,,,,,,,,,,
200,model.layers.12.mlp.down_proj.weight,1024,3584,0.00027901785714285713,0.0002519986592233181,6.098300933837891,-0.0005072247004136443,0.3429219722747803,0.00012128918751841411,0.2149004489183426,0.2719038724899292,0.017569713294506073,0.5024822354316711,1.4064143896102905,0.282413125038147,60.668094635009766,-0.02183081954717636,0.0007245905580930412,0.03099125809967518,0.7027175426483154,0.16663961112499237,0.0432426854968071,0.19611284136772156,1.1952341794967651,8.0,0.05818195268511772,0.057125844061374664,0.8949311375617981,-6.629261406487785e-06,-0.0019959271885454655,0.6525425910949707,,-0.0013135515619069338,-0.0005407094140537083,-0.0010883628856390715,0.019432812929153442,,
200,model.layers.22.mlp.gate_proj.weight,3584,1024,0.00027901785714285713,0.00024049810599535704,3.1062543392181396,-7.939472561702132e-05,0.07013256847858429,0.0006202895892783999,0.18037360906600952,0.2547124922275543,0.006299867294728756,0.5617366433143616,1.5249286890029907,0.2815243899822235,15.371478080749512,0.15940645337104797,0.0015798932872712612,0.09717997908592224,0.6281934380531311,0.16192182898521423,0.10733155161142349,0.21652467548847198,0.992056667804718,,,,,,,,,,,,,0.21274375915527344,0.2126358151435852
200,model.layers.22.mlp.up_proj.weight,3584,1024,0.00027901785714285713,0.00023209513165056705,2.5396265983581543,-5.23986091138795e-05,0.18258120119571686,0.0005022766999900341,0.17727403342723846,0.28412938117980957,0.009896667674183846,0.5686079859733582,1.5163787603378296,0.24546001851558685,55.5029296875,0.013802076689898968,0.0009007682674564421,0.018339484930038452,0.6741613745689392,0.2040923684835434,0.025465648621320724,0.25843045115470886,1.3405221700668335,,,,,,,,,,,,,,
200,model.layers.22.mlp.down_proj.weight,1024,3584,0.00027901785714285713,0.00043225326226092875,2.486788272857666,-6.58969656797126e-05,0.15762487053871155,0.00012165687803644687,0.10571704059839249,0.4067026674747467,0.006212349981069565,0.5640271306037903,1.474622130393982,0.25968706607818604,47.08275604248047,0.09417202323675156,0.0008388836868107319,0.02499214932322502,0.6528321504592896,0.21245010197162628,0.035813454538583755,0.24796098470687866,1.2211683988571167,8.0,0.05776270851492882,0.06615864485502243,0.8487980365753174,1.7066519149011583e-06,0.0010469142580404878,0.13127878308296204,0.0016301735331177008,0.00042747269617393613,0.0010061622597277164,-0.02024439349770546,0.09657441079616547,,
200,model.layers.1.linear_attn.in_proj_qkv.weight,6144,1024,0.00016276041666666666,0.00012712980969808996,2.8588175773620605,-7.634320354554802e-05,0.1705227792263031,0.0005219476297497749,0.18701381981372833,0.269173800945282,0.006456729955971241,0.5221525430679321,1.5358580350875854,0.25560519099235535,32.42205047607422,0.057673174887895584,0.0019175118068233132,0.020914984866976738,0.6524884700775146,0.21989226341247559,0.027388418093323708,0.27385374903678894,1.2953943014144897,8.0,0.07254931330680847,0.07310262322425842,0.8770795464515686,-5.044099680162617e-07,0.0006046643247827888,0.1044561117887497,-0.0008341983268112584,0.0008480335236527026,0.0015665970277041197,-0.003722156397998333,0.04202250391244888,,
200,model.layers.1.linear_attn.out_proj.weight,1024,2048,0.00048828125,0.001069646910764277,1.3946760892868042,-4.1336999856866896e-05,0.3728395700454712,0.0008120365091599524,0.12227921187877655,0.38812974095344543,0.017774362117052078,0.5533092021942139,1.4308909177780151,0.2773710787296295,6.232749938964844,0.09544466435909271,0.0009400920826010406,0.22767581045627594,0.5860723257064819,0.10397448390722275,0.2402997761964798,0.12931139767169952,1.0398706197738647,,,,,,,,,,,,,,
200,model.layers.12.linear_attn.in_proj_qkv.weight,6144,1024,0.00016276041666666666,6.631576252402738e-05,2.4105160236358643,-3.2750235732237343e-06,0.216082364320755,0.00046945264330133796,0.1589936912059784,0.24959594011306763,0.0032510587479919195,0.5766781568527222,1.5524410009384155,0.2792873680591583,32.3377685546875,0.16276872158050537,0.002219283487647772,0.039646003395318985,0.7125547528266907,0.14679259061813354,0.047402407974004745,0.20136600732803345,1.333840012550354,8.0,0.049488916993141174,0.053103141486644745,0.8584821820259094,-5.444020985123643e-07,-0.0002412564354017377,0.08175772428512573,,-0.0006632712320424616,-4.678830737248063e-05,-0.005183671601116657,0.06670303642749786,,
200,model.layers.12.linear_attn.out_proj.weight,1024,2048,0.00048828125,0.0003184814704582095,2.300967216491699,-5.8690511650638655e-06,0.30629757046699524,4.604237255989574e-05,0.16015832126140594,0.33818596601486206,0.01690344698727131,0.5243980884552002,1.3999398946762085,0.2710247039794922,26.66095733642578,0.006186275277286768,0.0007827074150554836,0.10925822705030441,0.6997100114822388,0.08047737181186676,0.13752365112304688,0.1064237579703331,0.7340089678764343,,,,,,,,,,,,,,
200,model.layers.21.linear_attn.in_proj_qkv.weight,6144,1024,0.00016276041666666666,9.924785990733653e-05,3.392577648162842,-1.6477712051710114e-05,0.05166967213153839,0.00046871317317709327,0.18386945128440857,0.2495528608560562,0.004794583655893803,0.5604822039604187,1.5471034049987793,0.23491725325584412,56.13669204711914,-0.07013379782438278,0.0026010870933532715,0.03340304642915726,0.6440509557723999,0.21017928421497345,0.043143220245838165,0.26557639241218567,1.1592516899108887,8.0,0.07054445892572403,0.06594981253147125,0.849232017993927,7.791935274781281e-08,-8.066745976975653e-06,0.007715536281466484,,0.0018841364653781056,-0.00015802694542799145,-0.0030883848667144775,0.04272587224841118,,
200,model.layers.21.linear_attn.out_proj.weight,1024,2048,0.00048828125,0.0003333231434226036,3.196204900741577,-0.0003068115620408207,0.09936092048883438,0.00022798642748966813,0.14858800172805786,0.3553428053855896,0.00987254735082388,0.5416390895843506,1.4664658308029175,0.281994104385376,43.815162658691406,-0.004789960104972124,0.0008167456835508347,0.04275239259004593,0.7249839901924133,0.1376723051071167,0.05112142488360405,0.16877782344818115,1.2131149768829346,,,,,,,,,,,,,,
220,model.layers.7.self_attn.q_proj.weight,4096,1024,0.000244140625,0.0001480724022258073,2.7494969367980957,-2.28053868340794e-05,0.2731327414512634,0.0008715697913430631,0.17513297498226166,0.26322636008262634,0.007644567638635635,0.5284533500671387,1.5345042943954468,0.34616532921791077,22.0131778717041,-0.1305999606847763,0.0015149026876315475,0.09325940907001495,0.6703786849975586,0.13061107695102692,0.10503345727920532,0.18005535006523132,0.9364771246910095,8.0,0.08120030164718628,0.0848308801651001,0.8298242688179016,-2.745717210927978e-06,-8.777854964137077e-05,0.21511584520339966,,0.0021856287494301796,-6.555681466124952e-05,0.006836093030869961,0.059867553412914276,0.4772864580154419,0.5051466822624207
220,model.layers.7.self_attn.k_proj.weight,512,1024,0.0009765625,0.0010017886525020003,3.8819074630737305,-1.0712008133850759e-06,0.1971769481897354,0.0025825840421020985,0.1622898280620575,0.2517906725406647,0.0306718647480011,0.6899643540382385,1.3512051105499268,0.27322250604629517,16.85457992553711,-0.00019975325267296284,0.00020467382273636758,0.02736564911901951,0.7855809330940247,0.07853992283344269,0.041357699781656265,0.11209180951118469,1.0194209814071655,,,,,,,,,,,,,,
220,model.layers.7.self_attn.v_proj.weight,512,1024,0.0009765625,0.0008193362737074494,2.0392251014709473,0.0014556946698576212,0.3668802082538605,0.00034728931495919824,0.14187172055244446,0.24926485121250153,0.004454736597836018,0.7358073592185974,1.4524974822998047,0.18620845675468445,38.13981246948242,-0.03812118619680405,0.000225575509830378,0.006712273694574833,0.7908826470375061,0.10265480726957321,0.014630519784986973,0.13850189745426178,1.4167978763580322,,,,,,,,,,,,,,
220,model.layers.7.self_attn.o_proj.weight,1024,2048,0.00048828125,0.00022885063663125038,2.211496591567993,0.000495380547363311,0.571864128112793,6.766118167433888e-05,0.15462176501750946,0.3376416563987732,0.019217612221837044,0.4955707788467407,1.3986893892288208,0.40804773569107056,8.931662559509277,0.04600420966744423,0.0008672428084537387,0.18395774066448212,0.6714248657226562,0.055050987750291824,0.2056892067193985,0.07416760921478271,0.8273559808731079,,,,,,,,,,,,,,
220,model.layers.15.self_attn.q_proj.weight,4096,1024,0.000244140625,0.0001222922874148935,3.449979305267334,0.0007438092725351453,0.23822951316833496,0.0002793879830278456,0.21470898389816284,0.23751720786094666,0.0036485851742327213,0.442568302154541,1.5474551916122437,0.3097290098667145,20.754589080810547,-0.01954330876469612,0.001540087047033012,0.09694702178239822,0.7108340859413147,0.085306815803051,0.11302462220191956,0.13062714040279388,0.9497548341751099,8.0,0.07030585408210754,0.07849179953336716,0.8419890403747559,-9.931143267749576e-07,-0.001369719160720706,0.20709514617919922,,-0.0006269870791584253,-0.00089030631352216,-0.0005705077783204615,0.04980243742465973,,
220,model.layers.15.self_attn.k_proj.weight,512,1024,0.0009765625,0.0010195745853707194,3.933410406112671,-1.0452828064444475e-05,0.19147659838199615,0.0003124579961877316,0.2534164488315582,0.22610801458358765,0.005056304857134819,0.5452730059623718,1.4319202899932861,0.3075525462627411,28.357133865356445,-0.07576849311590195,0.00022707688913214952,0.03351074084639549,0.8135191202163696,0.05274737626314163,0.04948923736810684,0.07813972979784012,1.0548079013824463,,,,,,,,,,,,,,
220,model.layers.15.self_attn.v_proj.weight,512,1024,0.0009765625,0.0009159878245554864,1.7879393100738525,-0.0026990361511707306,0.18700316548347473,0.00021264556562528014,0.17260807752609253,0.2663731276988983,0.004828820005059242,0.6805557608604431,1.445142149925232,0.18142454326152802,53.4507942199707,-0.04147851839661598,0.000312821997795254,0.008917304687201977,0.7813601493835449,0.10397825390100479,0.0227056797593832,0.13815221190452576,1.2706161737442017,,,,,,,,,,,,,0.37747523188591003,0.357725590467453
220,model.layers.15.self_attn.o_proj.weight,1024,2048,0.00048828125,0.0004611845943145454,1.8926047086715698,-0.0008845158154144883,0.34182533621788025,2.872397999453824e-05,0.09337876737117767,0.4413050413131714,0.015391160733997822,0.5745136737823486,1.4440587759017944,0.25410225987434387,33.49099349975586,0.12564963102340698,0.0009739425149746239,0.03988898918032646,0.7897318005561829,0.07268188148736954,0.053208764642477036,0.09771718829870224,1.2897391319274902,,,,,,,,,,,,,,
220,model.layers.19.self_attn.q_proj.weight,4096,1024,0.000244140625,0.0002008461597142741,3.2832980155944824,0.0006119835306890309,0.1348768174648285,0.00036549789365381,0.22871987521648407,0.2243826538324356,0.006897583603858948,0.4148493707180023,1.5331569910049438,0.3489310145378113,10.7256498336792,0.0999777540564537,0.0014673490077257156,0.20745064318180084,0.590943455696106,0.09226012974977493,0.2209399938583374,0.1429573893547058,0.7989991903305054,8.0,0.08266469836235046,0.08220412582159042,0.829674482345581,-1.451587195333559e-06,-0.00021390669280663133,0.07908416539430618,,-0.006418073549866676,-0.00091598741710186,-0.007200342603027821,0.05749298632144928,,
220,model.layers.19.self_attn.k_proj.weight,512,1024,0.0009765625,0.0010273442603647709,3.926116466522217,1.0756709343695547e-05,0.13272225856781006,0.0005361296935006976,0.2555929720401764,0.21333783864974976,0.015049988403916359,0.553529679775238,1.3258349895477295,0.31575295329093933,13.009889602661133,0.11781326681375504,0.00022566197731066495,0.030378419905900955,0.7968140840530396,0.035289619117975235,0.06996063888072968,0.06093859300017357,0.8477970361709595,,,,,,,,,,,,,,
220,model.layers.19.self_attn.v_proj.weight,512,1024,0.0009765625,0.000715058296918869,1.5909838676452637,-8.626274939160794e-05,0.10104415565729141,0.00042769574793055654,0.1338990032672882,0.27205371856689453,0.0042273132130503654,0.6912359595298767,1.4276072978973389,0.164213627576828,45.32500457763672,0.028064990416169167,0.0003751020703930408,0.01806764304637909,0.8880401253700256,0.027541108429431915,0.03428373113274574,0.05025261268019676,1.1353397369384766,,,,,,,,,,,,,,
220,model.layers.19.self_attn.o_proj.weight,1024,2048,0.00048828125,0.00036029345938004553,1.3769892454147339,-2.8706665034405887e-05,0.20012393593788147,9.158674947684631e-05,0.058416347950696945,0.5044880509376526,0.009157546795904636,0.6023994088172913,1.456493616104126,0.22998559474945068,59.68449783325195,0.03773694857954979,0.001166118890978396,0.020773766562342644,0.7752273678779602,0.1024986281991005,0.03360024467110634,0.12987715005874634,1.337654948234558,,,,,,,,,,,,,,
220,model.layers.1.mlp.gate_proj.weight,3584,1024,0.00027901785714285713,0.0002302253560628742,2.749666929244995,0.00030791418976150453,0.25256121158599854,0.0002238709421362728,0.17434953153133392,0.3044920563697815,0.007166138384491205,0.5255345106124878,1.5142006874084473,0.25776636600494385,21.588314056396484,-0.018774790689349174,0.0011823560344055295,0.015556806698441505,0.6663224697113037,0.21464182436466217,0.021599944680929184,0.2697630524635315,1.3231605291366577,,,,,,,,,,,,,0.40603333711624146,0.4259192645549774
220,model.layers.1.mlp.up_proj.weight,3584,1024,0.00027901785714285713,0.00036978887510485947,2.4984545707702637,2.6566827727947384e-05,0.42427748441696167,0.00012021794827887788,0.15834176540374756,0.33876892924308777,0.007870948873460293,0.5179659724235535,1.5094985961914062,0.21871279180049896,98.75145721435547,0.10509289801120758,0.0007667485042475164,0.026926571503281593,0.5994088053703308,0.2602139115333557,0.034262996166944504,0.3186395466327667,1.165379524230957,,,,,,,,,,,,,,
220,model.layers.1.mlp.down_proj.weight,1024,3584,0.00027901785714285713,0.0002834244805853814,4.271714687347412,2.814026447595097e-05,0.4055275321006775,0.0013771157246083021,0.19541659951210022,0.2695837616920471,0.015346495434641838,0.5232381224632263,1.425789475440979,0.20221324265003204,80.45538330078125,-0.009820654056966305,0.0007433115970343351,0.014036153443157673,0.6364657878875732,0.24093951284885406,0.02282947674393654,0.2789507210254669,1.3373947143554688,8.0,0.07719453424215317,0.08752385526895523,0.8752114772796631,-2.948136898339726e-05,0.0038909309078007936,0.7736188173294067,-0.007576944870516996,-0.0019443519413471222,0.0008520600385963917,0.006627615075558424,0.02977273426949978,,
220,model.layers.12.mlp.gate_proj.weight,3584,1024,0.00027901785714285713,0.00019506858370732516,2.904141664505005,5.954361768090166e-05,0.245884969830513,0.0006337334052659571,0.1834266483783722,0.2484014332294464,0.006101864390075207,0.5770206451416016,1.5265613794326782,0.22192557156085968,38.31777572631836,0.08398520201444626,0.001102409907616675,0.02791737951338291,0.7325944900512695,0.1378270983695984,0.03640327975153923,0.19045160710811615,1.253671646118164,,,,,,,,,,,,,,
220,model.layers.12.mlp.up_proj.weight,3584,1024,0.00027901785714285713,0.00026757168234325945,2.73309588432312,8.020261884666979e-05,0.39693784713745117,0.0005192942917346954,0.2162252515554428,0.2514128088951111,0.00887400470674038,0.5087986588478088,1.515479326248169,0.2747836709022522,65.88939666748047,-0.04023488610982895,0.0007476210012100637,0.024122579023241997,0.6625967025756836,0.21092456579208374,0.03039553388953209,0.2667008936405182,1.2739441394805908,,,,,,,,,,,,,,
220,model.layers.12.mlp.down_proj.weight,1024,3584,0.00027901785714285713,0.0002662749320734292,5.487793445587158,8.498709939885885e-05,0.38681885600090027,0.00012452829105313867,0.21182170510292053,0.2771235704421997,0.019479606300592422,0.5083330273628235,1.3997185230255127,0.3094775080680847,40.4826545715332,0.06662769615650177,0.000731979263946414,0.01522973831743002,0.7348337769508362,0.1477397233247757,0.027302343398332596,0.17795604467391968,1.3503835201263428,8.0,0.08283871412277222,0.08203741908073425,0.8678838610649109,5.091712864668807e-07,0.0036563663743436337,0.9802213907241821,0.00013925609042892583,0.0019916680175811052,0.0009264393011108041,0.01050823274999857,0.030039744451642036,,
220,model.layers.22.mlp.gate_proj.weight,3584,1024,0.00027901785714285713,0.0002789483405649662,2.7087132930755615,-9.05264460016042e-05,0.08880814164876938,0.0005674787680618465,0.18488585948944092,0.25031498074531555,0.006293482147157192,0.5319056510925293,1.519656777381897,0.220038503408432,46.03087615966797,0.03471226990222931,0.0015451082726940513,0.04170277342200279,0.6526117920875549,0.185313418507576,0.04990779981017113,0.2448478639125824,1.106866717338562,,,,,,,,,,,,,0.4794451892375946,0.46528160572052
220,model.layers.22.mlp.up_proj.weight,3584,1024,0.00027901785714285713,0.00020982749992981553,2.666018486022949,-0.00022252704366110265,0.19420503079891205,0.001144446898251772,0.17424307763576508,0.28951168060302734,0.01385860051959753,0.560239315032959,1.5066381692886353,0.23045024275779724,29.292272567749023,-0.03810044005513191,0.0008945650770328939,0.043841756880283356,0.6483824253082275,0.20940321683883667,0.05051160603761673,0.26154646277427673,1.05963134765625,,,,,,,,,,,,,,
220,model.layers.22.mlp.down_proj.weight,1024,3584,0.00027901785714285713,0.0004265118041075766,2.566429853439331,-0.0002580192231107503,0.1827630251646042,0.0001236492971656844,0.10908227413892746,0.4130101501941681,0.007057163864374161,0.5716513991355896,1.4811232089996338,0.24823743104934692,38.57853317260742,-0.0687839537858963,0.0008399009821005166,0.02047610469162464,0.6630753874778748,0.20894721150398254,0.033423639833927155,0.2425948679447174,1.29788076877594,8.0,0.07649784535169601,0.08226328343153,0.817535400390625,-4.176880793238524e-06,0.0018061414593830705,0.29809296131134033,-0.0023125989227140795,-0.005697860382497311,0.0008145985775627196,-0.0023348976392298937,0.10248267650604248,,
220,model.layers.1.linear_attn.in_proj_qkv.weight,6144,1024,0.00016276041666666666,0.00011165597243234515,2.2341930866241455,0.00016501119534950703,0.242608442902565,0.0010895907180383801,0.18344540894031525,0.2622339427471161,0.008991612121462822,0.5173075199127197,1.5367136001586914,0.2582715153694153,47.67218017578125,-0.054377857595682144,0.0019472944550216198,0.026274548843503,0.6370377540588379,0.23508979380130768,0.033691082149744034,0.2856805920600891,1.2572026252746582,8.0,0.08706466108560562,0.08975513279438019,0.863357424736023,-6.71489317483065e-07,0.0001133236801251769,0.09984470903873444,-0.0059254104415011975,0.002394319511950016,0.0013790261000394821,-0.020951498299837112,0.05129567161202431,,
220,model.layers.1.linear_attn.out_proj.weight,1024,2048,0.00048828125,0.0001639951951801777,1.324556589126587,0.0003122436464764178,0.5095711350440979,0.0012771799229085445,0.12597602605819702,0.3492833971977234,0.030144136399030685,0.49563294649124146,1.4317947626113892,0.19675081968307495,27.29808235168457,0.05811544135212898,0.0008652478572912514,0.08544645458459854,0.7000666260719299,0.113963283598423,0.10323890298604965,0.14327409863471985,0.9468974471092224,,,,,,,,,,,,,,
220,model.layers.12.linear_attn.in_proj_qkv.weight,6144,1024,0.00016276041666666666,7.706433098064736e-05,2.456804037094116,-6.382534047588706e-05,0.2590128183364868,0.0005620857118628919,0.1601894497871399,0.2550402879714966,0.0036183837801218033,0.5810115337371826,1.554083228111267,0.2937356233596802,26.293842315673828,-0.020196188241243362,0.0022496951278299093,0.08821325749158859,0.6682930588722229,0.14959555864334106,0.09581249952316284,0.19886954128742218,0.9626052975654602,8.0,0.0853651687502861,0.0835958868265152,0.8245837688446045,2.0106815554754576e-06,0.0025600779335945845,0.13542458415031433,0.0007853985728677705,0.004364706110209227,0.003142433473840356,0.009978570975363255,0.0908646509051323,,
220,model.layers.12.linear_attn.out_proj.weight,1024,2048,0.00048828125,0.000288355047814548,2.3205881118774414,-0.00042917788960039616,0.34730497002601624,7.509858551202342e-05,0.1648939698934555,0.3270239233970642,0.023818962275981903,0.509206235408783,1.4144805669784546,0.2271326184272766,20.85005760192871,-0.014233289286494255,0.0007864348590373993,0.0760919526219368,0.7247664332389832,0.08413206785917282,0.10467607527971268,0.11023245006799698,0.9500175714492798,,,,,,,,,,,,,,
220,model.layers.21.linear_attn.in_proj_qkv.weight,6144,1024,0.00016276041666666666,9.492978279013187e-05,3.5432565212249756,0.0005468792514875531,0.05771612375974655,0.0011109588667750359,0.18396426737308502,0.2598544657230377,0.007925554178655148,0.5644243359565735,1.5402934551239014,0.23723161220550537,39.03260040283203,0.05804446339607239,0.0025901412591338158,0.041329625993967056,0.6464868187904358,0.20548784732818604,0.04817238822579384,0.2613813877105713,1.2341028451919556,8.0,0.09553848206996918,0.08822795748710632,0.8583824038505554,3.222407087832835e-07,0.0002045029541477561,0.010083941742777824,0.0015757264247168786,0.01039529126137495,0.0031446272041648626,0.011074683628976345,0.04650070145726204,,
220,model.layers.21.linear_attn.out_proj.weight,1024,2048,0.00048828125,0.0003545190265867859,2.833754777908325,7.728757191216573e-05,0.11274809390306473,0.00011166343028889969,0.14534936845302582,0.36067694425582886,0.006772707682102919,0.5522019863128662,1.4728187322616577,0.29603028297424316,25.17363739013672,0.0797722265124321,0.0008344498346559703,0.02791181020438671,0.7440223693847656,0.13405422866344452,0.03656727448105812,0.16437973082065582,1.3488333225250244,,,,,,,,,,,,,,
240,model.layers.7.self_attn.q_proj.weight,4096,1024,0.000244140625,0.00016651666373945773,2.539266586303711,0.0006082006148062646,0.5916663408279419,0.0011053347261622548,0.17781566083431244,0.2649431824684143,0.00811854936182499,0.5410401821136475,1.5329722166061401,0.283046156167984,20.41957664489746,-0.014376919716596603,0.0014997234102338552,0.05425744131207466,0.7067001461982727,0.12295796722173691,0.06885681301355362,0.17582818865776062,1.2454545497894287,8.0,0.09610942006111145,0.09580757468938828,0.8328643441200256,-2.181478703278117e-05,-0.015040303580462933,0.5744191408157349,,-0.004066202323883772,-0.004507711157202721,-0.012937457300722599,0.03998309746384621,0.3619266152381897,0.3713812828063965
240,model.layers.7.self_attn.k_proj.weight,512,1024,0.0009765625,0.0009516464197076857,2.9057323932647705,-6.3080501604417805e-06,0.42219874262809753,0.0005534403608180583,0.15409493446350098,0.23487934470176697,0.018068144097924232,0.7180652618408203,1.3476403951644897,0.33135077357292175,5.2545084953308105,-0.10616414248943329,0.00022451224504038692,0.21626950800418854,0.6155459880828857,0.06967160850763321,0.23478752374649048,0.09767413139343262,0.7989581823348999,,,,,,,,,,,,,,
240,model.layers.7.self_attn.v_proj.weight,512,1024,0.0009765625,0.0010176929645240307,1.95260488986969,0.0008289605029858649,0.7802411317825317,0.000216620450373739,0.13922102749347687,0.24609167873859406,0.003111561294645071,0.7405456304550171,1.467497706413269,0.2028316855430603,35.47013854980469,-0.039544764906167984,0.0002310012059751898,0.008938397280871868,0.7877482175827026,0.10074730217456818,0.021703308448195457,0.1346060186624527,1.298621416091919,,,,,,,,,,,,,,
240,model.layers.7.self_attn.o_proj.weight,1024,2048,0.00048828125,0.00023324639187194407,2.1345529556274414,0.0002786539262160659,1.2461906671524048,3.2285282941302285e-05,0.16070760786533356,0.3197365701198578,0.016658375039696693,0.4692375659942627,1.4098585844039917,0.2648288607597351,15.787566184997559,0.011924412101507187,0.0008257750887423754,0.11254974454641342,0.7303474545478821,0.060932859778404236,0.1366376131772995,0.0806196928024292,0.9072234034538269,,,,,,,,,,,,,,
240,model.layers.15.self_attn.q_proj.weight,4096,1024,0.000244140625,0.00012043262540828437,2.743966579437256,-0.000499186513479799,0.6550644040107727,0.0001984934351639822,0.20220057666301727,0.2555661201477051,0.0028479876928031445,0.5111650824546814,1.5487536191940308,0.3247043788433075,21.923351287841797,0.12526533007621765,0.001598393078893423,0.16705985367298126,0.6466870307922363,0.08359389752149582,0.1802920401096344,0.12899641692638397,0.778148353099823,8.0,0.08272974193096161,0.0847364291548729,0.7811806201934814,5.278676781017566e-06,-0.004650067538022995,0.7751296162605286,,-0.0044111330062150955,-0.0012077520368620753,-0.01171249058097601,0.04671996086835861,,
240,model.layers.15.self_attn.k_proj.weight,512,1024,0.0009765625,0.0008663267362862825,2.6295478343963623,1.1438436558819376e-05,0.5750231146812439,3.9930288039613515e-05,0.24610896408557892,0.23586426675319672,0.002699400531128049,0.5492634773254395,1.4493199586868286,0.2582548260688782,24.45145606994629,0.017796894535422325,0.00022601608361583203,0.008267584256827831,0.825465738773346,0.05526021867990494,0.030225198715925217,0.08055112510919571,1.2719868421554565,,,,,,,,,,,,,,
240,model.layers.15.self_attn.v_proj.weight,512,1024,0.0009765625,0.0007762906025163829,1.8113120794296265,-0.000904852815438062,0.38642698526382446,0.00033790155430324376,0.1663287878036499,0.2603946328163147,0.004887443035840988,0.6863682866096497,1.4269083738327026,0.21012145280838013,49.677555084228516,-0.011359812691807747,0.0003106801596004516,0.0111362524330616,0.7809811234474182,0.10984014719724655,0.021191895008087158,0.14189790189266205,1.3356252908706665,,,,,,,,,,,,,0.3046964406967163,0.3174167573451996
240,model.layers.15.self_attn.o_proj.weight,1024,2048,0.00048828125,0.00035829070839099586,1.8130254745483398,-0.0002965275489259511,0.6965243220329285,3.254202601965517e-05,0.10600428283214569,0.41331297159194946,0.016509851440787315,0.54925936460495,1.4194307327270508,0.26507511734962463,46.72570037841797,-0.03624306991696358,0.0009763374691829085,0.03092428296804428,0.8117277026176453,0.06627821922302246,0.043102703988552094,0.09069120138883591,1.2861104011535645,,,,,,,,,,,,,,
240,model.layers.19.self_attn.q_proj.weight,4096,1024,0.000244140625,0.0002005046117119491,1.7538814544677734,-0.00029219622956588864,0.3303024172782898,0.00037667344440706074,0.25623226165771484,0.1971472203731537,0.004902417305856943,0.37388646602630615,1.5303878784179688,0.3333776593208313,6.966226100921631,-0.15028709173202515,0.0015406229067593813,0.23953711986541748,0.5667819380760193,0.07806392759084702,0.257597953081131,0.12286639958620071,0.7906765937805176,8.0,0.11389444023370743,0.11194353550672531,0.803214967250824,-1.936331955221249e-06,-0.0010216853115707636,0.2108517587184906,,0.001867963233962655,0.0003391758364159614,-0.012315219268202782,0.08238258957862854,,
240,model.layers.19.self_attn.k_proj.weight,512,1024,0.0009765625,0.001048582373186946,3.348273992538452,-1.0743589882622473e-05,0.2910405099391937,0.0004244532610755414,0.2462485134601593,0.2091589719057083,0.01466046366840601,0.5592814683914185,1.350986361503601,0.2593751847743988,11.32863712310791,-0.045458871871232986,0.00021690163703169674,0.01664174161851406,0.8170830011367798,0.03709875047206879,0.048406243324279785,0.06449434906244278,1.1646499633789062,,,,,,,,,,,,,,
240,model.layers.19.self_attn.v_proj.weight,512,1024,0.0009765625,0.0008344385423697531,1.578961968421936,-0.0016405213391408324,0.17135636508464813,0.0007981348317116499,0.15359316766262054,0.2568652629852295,0.0037838430143892765,0.6694066524505615,1.4577665328979492,0.159844309091568,39.1121711730957,-0.06431519985198975,0.0003644720127340406,0.009367063641548157,0.8900818824768066,0.028687911108136177,0.02851082757115364,0.05120813846588135,1.1978412866592407,,,,,,,,,,,,,,
240,model.layers.19.self_attn.o_proj.weight,1024,2048,0.00048828125,0.00039405073039233685,1.528633952140808,-0.0005343729862943292,0.31191956996917725,7.50708204577677e-05,0.0652734711766243,0.4746914803981781,0.011671462096273899,0.58427894115448,1.4651411771774292,0.22499431669712067,32.309295654296875,0.023006219416856766,0.0011837700149044394,0.018684983253479004,0.7854456901550293,0.09570971876382828,0.03250037878751755,0.1225343644618988,1.2646328210830688,,,,,,,,,,,,,,
240,model.layers.1.mlp.gate_proj.weight,3584,1024,0.00027901785714285713,0.0004902026848867536,2.6513593196868896,0.0009515598649159074,0.5567160844802856,0.0002490761980880052,0.17761434614658356,0.3095393180847168,0.007453926373273134,0.5229696035385132,1.5179523229599,0.2617589831352234,30.03449058532715,0.062199629843235016,0.0012106647482141852,0.020178942009806633,0.6700397729873657,0.20898720622062683,0.025350572541356087,0.2635604441165924,1.3677431344985962,,,,,,,,,,,,,0.342120498418808,0.3366245925426483
240,model.layers.1.mlp.up_proj.weight,3584,1024,0.00027901785714285713,0.001239506178535521,2.490962266921997,0.0007401029579341412,0.9378365874290466,0.000147534636198543,0.16077566146850586,0.32440683245658875,0.012385260313749313,0.5005341172218323,1.50845468044281,0.25035354495048523,34.850399017333984,-0.05751652270555496,0.0007764900219626725,0.04672945290803909,0.5815540552139282,0.2691026031970978,0.052328165620565414,0.3233056366443634,1.2036131620407104,,,,,,,,,,,,,,
240,model.layers.1.mlp.down_proj.weight,1024,3584,0.00027901785714285713,0.00026276399148628116,4.649087905883789,0.0007770874653942883,0.8915258049964905,0.0010569465812295675,0.19625939428806305,0.26992321014404297,0.014763026498258114,0.526846706867218,1.4276231527328491,0.24792955815792084,37.35419845581055,-0.018548423424363136,0.0007728826021775603,0.021166609600186348,0.6012975573539734,0.27079159021377563,0.029203685000538826,0.30870527029037476,1.3478240966796875,8.0,0.08554571866989136,0.08497828245162964,0.872130811214447,-0.00010621966066537425,-0.05575018376111984,2.850621461868286,,0.0018876924877986312,-0.005210030823945999,-0.00968862697482109,0.02468588761985302,,
240,model.layers.12.mlp.gate_proj.weight,3584,1024,0.00027901785714285713,0.00019937691104132682,2.6308157444000244,0.0007389250677078962,0.5179988741874695,0.0005922152195125818,0.18467359244823456,0.2520952522754669,0.0049469247460365295,0.5720991492271423,1.5354700088500977,0.2810010015964508,11.167378425598145,0.09678974747657776,0.0011320109479129314,0.03330433368682861,0.7331225872039795,0.1374865472316742,0.04274468496441841,0.1868647336959839,1.235960841178894,,,,,,,,,,,,,,
240,model.layers.12.mlp.up_proj.weight,3584,1024,0.00027901785714285713,0.00025509140687063336,2.6650171279907227,-2.7524452889338136e-05,0.8278988003730774,0.00029685787740163505,0.21239951252937317,0.25737372040748596,0.007294211070984602,0.516785740852356,1.5165497064590454,0.36744993925094604,6.4339189529418945,-0.07594752311706543,0.000801125424914062,0.024224428460001945,0.7158692479133606,0.1673717200756073,0.030079470947384834,0.2181302011013031,1.2098556756973267,,,,,,,,,,,,,,
240,model.layers.12.mlp.down_proj.weight,1024,3584,0.00027901785714285713,0.0002621593012008816,4.704941272735596,-2.9099255698383786e-05,0.8078506588935852,0.00013557923375628889,0.2074815034866333,0.279575377702713,0.021747132763266563,0.515008270740509,1.3971706628799438,0.2763443887233734,60.58290481567383,0.0735601931810379,0.000721025513485074,0.022753272205591202,0.7162937521934509,0.15732374787330627,0.03327690064907074,0.18935523927211761,1.256998062133789,8.0,0.06841346621513367,0.07564958930015564,0.863275945186615,5.957710527582094e-06,-0.018636668100953102,2.411573886871338,,-0.003155078738927841,-0.001553944661282003,0.004606782458722591,0.02675427496433258,,
240,model.layers.22.mlp.gate_proj.weight,3584,1024,0.00027901785714285713,0.0002791720617096871,2.8714499473571777,-0.0003743086417671293,0.12610134482383728,0.0009720349335111678,0.18356628715991974,0.2576281726360321,0.007632361724972725,0.5344144701957703,1.5250860452651978,0.2481566071510315,24.03025245666504,0.023048104718327522,0.001582405879162252,0.055241379886865616,0.642505943775177,0.17683300375938416,0.06531604379415512,0.23576772212982178,1.0790947675704956,,,,,,,,,,,,,0.28147271275520325,0.2728936970233917
240,model.layers.22.mlp.up_proj.weight,3584,1024,0.00027901785714285713,0.0004124040715396404,2.6246633529663086,0.00012800676631741226,0.3099822700023651,0.001136608305387199,0.16527409851551056,0.3012348711490631,0.014031196013092995,0.5830245614051819,1.5058038234710693,0.214240163564682,69.87103271484375,0.06478200852870941,0.0008745129453018308,0.024013683199882507,0.6420522332191467,0.2215430736541748,0.032825835049152374,0.27778589725494385,1.257895588874817,,,,,,,,,,,,,,
240,model.layers.22.mlp.down_proj.weight,1024,3584,0.00027901785714285713,0.00036998774157837033,2.43212628364563,0.00014462904073297977,0.3082677125930786,0.00013829585805069655,0.1281600445508957,0.3915795683860779,0.008397744037210941,0.5655878782272339,1.4630000591278076,0.27568626403808594,18.992345809936523,0.07193395495414734,0.0008679595193825662,0.02573971077799797,0.6867644190788269,0.18566055595874786,0.03567330539226532,0.21800264716148376,1.1751043796539307,8.0,0.07421958446502686,0.07723186165094376,0.8239412903785706,-6.9049906414875295e-06,-0.0029981553088873625,0.4256439805030823,,-0.0027904505841434,-0.0013297004625201225,0.012479877099394798,0.09496422857046127,,
240,model.layers.1.linear_attn.in_proj_qkv.weight,6144,1024,0.00016276041666666666,0.00010527307313168421,2.447375535964966,-0.00015821192937437445,0.48696911334991455,0.0006691530579701066,0.18734928965568542,0.2690008282661438,0.00721474876627326,0.534143328666687,1.5378168821334839,0.25856074690818787,59.6142578125,-0.023461218923330307,0.0019534751772880554,0.037614766508340836,0.6441681981086731,0.21381688117980957,0.043595679104328156,0.26726239919662476,1.2100352048873901,8.0,0.0956236943602562,0.08984630554914474,0.8557546734809875,-1.7745915101841092e-06,0.0007304828031919897,0.4001328647136688,-0.0024293405709616698,0.0026042768731713295,0.00010662958811735734,-0.006071609910577536,0.045186612755060196,,
240,model.layers.1.linear_attn.out_proj.weight,1024,2048,0.00048828125,0.00040599165367893875,1.322270154953003,-0.00030660885386168957,1.1377216577529907,0.0004583008703775704,0.1261431872844696,0.3574082851409912,0.014190241694450378,0.5118738412857056,1.4522147178649902,0.21891525387763977,16.25245475769043,-0.1134779155254364,0.0008780843345448375,0.10871031135320663,0.6710588335990906,0.1256379783153534,0.12441343069076538,0.15459424257278442,0.9428863525390625,,,,,,,,,,,,,,
240,model.layers.12.linear_attn.in_proj_qkv.weight,6144,1024,0.00016276041666666666,6.931564712431282e-05,2.6294054985046387,3.728372757905163e-05,0.48666447401046753,0.0007220491534098983,0.15807251632213593,0.2632962763309479,0.0042364648543298244,0.5998290777206421,1.5513705015182495,0.29040423035621643,20.133136749267578,-0.025303805246949196,0.0022903732024133205,0.059559982270002365,0.7091577649116516,0.14150522649288177,0.0685185045003891,0.18663634359836578,1.299399971961975,8.0,0.07041235268115997,0.07435185462236404,0.8363686203956604,-3.617667516664369e-06,-0.00773434666916728,0.27888867259025574,,-0.008974364027380943,-0.005757302977144718,-0.0126835061237216,0.07697229087352753,,
240,model.layers.12.linear_attn.out_proj.weight,1024,2048,0.00048828125,0.00029572739731520414,2.1893386840820312,-0.0004826003860216588,0.7276041507720947,4.414583236211911e-05,0.16954448819160461,0.3266071677207947,0.012902932241559029,0.5156865119934082,1.429715633392334,0.29252856969833374,22.340126037597656,0.0411248616874218,0.0008139935089275241,0.09305073320865631,0.7180291414260864,0.08029234409332275,0.11995729804039001,0.10512974113225937,0.8898417353630066,,,,,,,,,,,,,,
240,model.layers.21.linear_attn.in_proj_qkv.weight,6144,1024,0.00016276041666666666,9.439953282708302e-05,2.757495403289795,-0.00029283136245794594,0.1081438884139061,0.0009382655844092369,0.18111509084701538,0.26187047362327576,0.009451406076550484,0.5632261633872986,1.5352249145507812,0.27708902955055237,38.14167404174805,0.03608299419283867,0.00270912260748446,0.021976420655846596,0.6760832667350769,0.1918114870786667,0.033430133014917374,0.24476401507854462,1.285319447517395,8.0,0.07037997990846634,0.071451835334301,0.847520112991333,-3.758812283649604e-07,-1.9620196326286532e-05,0.019496746361255646,,-0.001593233784660697,-0.0003718814696185291,0.005675584077835083,0.048680100589990616,,
240,model.layers.21.linear_attn.out_proj.weight,1024,2048,0.00048828125,0.00040997579344548285,2.5967392921447754,-0.0012175595620647073,0.19672583043575287,0.00015731768507976085,0.15439091622829437,0.34741586446762085,0.012081347405910492,0.5432012677192688,1.457638144493103,0.24828855693340302,56.48460006713867,-0.02227366529405117,0.0007917651091702282,0.03826155513525009,0.7185218930244446,0.14219769835472107,0.04778767004609108,0.17417217791080475,1.127089500427246,,,,,,,,,,,,,,
260,model.layers.7.self_attn.q_proj.weight,4096,1024,0.000244140625,0.00014803672092966735,2.417743444442749,0.00028131308499723673,0.6919873952865601,0.0007315701805055141,0.17654307186603546,0.2574862837791443,0.00985004473477602,0.5282832384109497,1.5316240787506104,0.30281227827072144,15.409734725952148,-0.1336960643529892,0.001495045144110918,0.11066704243421555,0.657961905002594,0.12033329904079437,0.12618538737297058,0.17102397978305817,0.9088258743286133,8.0,0.051194336265325546,0.052270762622356415,0.8471636772155762,1.8896780602517538e-06,-0.010663136839866638,0.6778339743614197,,-0.01280214823782444,-0.0068451473489403725,0.0018738849321380258,0.07046256214380264,0.2415315955877304,0.23667776584625244
260,model.layers.7.self_attn.k_proj.weight,512,1024,0.0009765625,0.0011597902048379183,3.754744291305542,-5.734713795391144e-06,0.49397099018096924,0.0012823647120967507,0.14955046772956848,0.2485334277153015,0.029687825590372086,0.7095107436180115,1.349307894706726,0.22613848745822906,32.749969482421875,-0.0751170739531517,0.00019154736946802586,0.024395687505602837,0.7640771269798279,0.08912323415279388,0.040330711752176285,0.12754076719284058,0.9978620409965515,,,,,,,,,,,,,,
260,model.layers.7.self_attn.v_proj.weight,512,1024,0.0009765625,0.0007510930299758911,1.7293117046356201,0.00136725720949471,1.0073386430740356,0.0003333062632009387,0.11755538731813431,0.2625902593135834,0.0035213157534599304,0.7693480849266052,1.4753859043121338,0.24644166231155396,10.974831581115723,0.03168961778283119,0.00023777724709361792,0.01626002974808216,0.7954325675964355,0.0914083942770958,0.026336221024394035,0.12488240003585815,1.2135968208312988,,,,,,,,,,,,,,
260,model.layers.7.self_attn.o_proj.weight,1024,2048,0.00048828125,0.000219857320189476,2.0320310592651367,0.0004866588278673589,1.5141676664352417,5.2101902838330716e-05,0.1640022248029709,0.31644973158836365,0.02084568701684475,0.472200870513916,1.4241831302642822,0.31156328320503235,19.794597625732422,0.08671378344297409,0.0007977869245223701,0.05177892744541168,0.7823355793952942,0.06670492887496948,0.07128465920686722,0.08876029402017593,1.0597161054611206,,,,,,,,,,,,,,
260,model.layers.15.self_attn.q_proj.weight,4096,1024,0.000244140625,0.00012399489060044289,2.4230709075927734,0.00031862291507422924,0.6228318214416504,0.00019395610434003174,0.21727494895458221,0.2412726879119873,0.0036700183991342783,0.4658721089363098,1.544834852218628,0.2656697630882263,14.28905963897705,-0.0757247805595398,0.0015355012146756053,0.14135386049747467,0.6604248881340027,0.08607540279626846,0.1564445197582245,0.13412341475486755,0.9119877815246582,8.0,0.07563143968582153,0.066415935754776,0.8553372621536255,1.61860828029603e-06,-0.0006993880961090326,0.45709094405174255,,-0.000355584459612146,-1.6840207536006346e-05,-0.005566820967942476,0.053515732288360596,,
260,model.layers.15.self_attn.k_proj.weight,512,1024,0.0009765625,0.0008965948945842683,3.941831350326538,-1.0048018339148257e-05,0.5619540214538574,3.2512696634512395e-05,0.23704023659229279,0.2492973655462265,0.004492549691349268,0.5500261783599854,1.44143807888031,0.2513754069805145,22.25750160217285,-0.09362317621707916,0.0002254810679005459,0.021263206377625465,0.80673748254776,0.05867740884423256,0.04312591254711151,0.08488339185714722,1.0339590311050415,,,,,,,,,,,,,,
260,model.layers.15.self_attn.v_proj.weight,512,1024,0.0009765625,0.0008152498630806804,2.053764581680298,0.0006921463063918054,0.4747898578643799,0.00014740224287379533,0.179435133934021,0.26226505637168884,0.002454342320561409,0.6531926989555359,1.463212251663208,0.1955977976322174,38.14099884033203,0.015489381738007069,0.00030644418438896537,0.008083381690084934,0.7848489284515381,0.10709802806377411,0.0179093386977911,0.1402789205312729,1.3406153917312622,,,,,,,,,,,,,0.23928287625312805,0.2554928660392761
260,model.layers.15.self_attn.o_proj.weight,1024,2048,0.00048828125,0.00041054419125430286,1.7493661642074585,0.00022271905618254095,0.8833983540534973,1.9555771359591745e-05,0.08491548895835876,0.4758119583129883,0.012593223713338375,0.6152851581573486,1.4448015689849854,0.22513632476329803,31.683061599731445,-0.033617012202739716,0.0009529588860459626,0.02040853723883629,0.8071570992469788,0.06835465133190155,0.03883902728557587,0.09304661303758621,1.3359508514404297,,,,,,,,,,,,,,
260,model.layers.19.self_attn.q_proj.weight,4096,1024,0.000244140625,0.00016714032972231507,2.5554451942443848,0.0010168020380660892,0.3000432252883911,0.00039284207741729915,0.2108575403690338,0.25677016377449036,0.007720655761659145,0.4744311273097992,1.5292412042617798,0.30094900727272034,18.482452392578125,-0.03783128038048744,0.001468523871153593,0.12554052472114563,0.6617202162742615,0.09831319749355316,0.14124807715415955,0.14926402270793915,0.8908138275146484,8.0,0.07555578649044037,0.06892295926809311,0.8349825739860535,2.9880134206905495e-06,0.001180148683488369,0.13321906328201294,0.0025318957369493164,0.00023172057990450412,0.0015096527058631182,0.0006502519245259464,0.06465694308280945,,
260,model.layers.19.self_attn.k_proj.weight,512,1024,0.0009765625,0.0010881824418902397,3.2852141857147217,-1.1468209777376615e-05,0.27851811051368713,0.0004781718016602099,0.22596998512744904,0.2544151544570923,0.011924412101507187,0.5819011926651001,1.3433901071548462,0.3268169164657593,12.815837860107422,0.11169508099555969,0.00022744240413885564,0.03524695709347725,0.8238312602043152,0.03318014740943909,0.06046144664287567,0.05745358020067215,0.9510653614997864,,,,,,,,,,,,,,
260,model.layers.19.self_attn.v_proj.weight,512,1024,0.0009765625,0.001349000260233879,1.577671766281128,-0.0026927536819130182,0.22092492878437042,0.0019986482802778482,0.1408029943704605,0.2884634733200073,0.006593267899006605,0.6842538118362427,1.4435633420944214,0.1957167685031891,33.484561920166016,0.03542445972561836,0.0003905029152520001,0.05678467079997063,0.846632719039917,0.030226286500692368,0.07318905740976334,0.051381487399339676,0.8332805037498474,,,,,,,,,,,,,,
260,model.layers.19.self_attn.o_proj.weight,1024,2048,0.00048828125,0.00060891336761415,1.4813683032989502,-0.0008096875972114503,0.43863293528556824,4.305914626456797e-05,0.05263672024011612,0.5634758472442627,0.004505194257944822,0.6903380751609802,1.4752269983291626,0.22018088400363922,43.28886032104492,0.024557150900363922,0.0011808343697339296,0.025574151426553726,0.7748834490776062,0.09465132653713226,0.04149658605456352,0.12101221084594727,1.2533982992172241,,,,,,,,,,,,,,
260,model.layers.1.mlp.gate_proj.weight,3584,1024,0.00027901785714285713,0.00023517363297287375,2.655458450317383,-0.0008704360225237906,0.7977914214134216,0.0002646104840096086,0.17448517680168152,0.3201885223388672,0.007988041266798973,0.5447693467140198,1.5159395933151245,0.23194995522499084,59.15066909790039,-0.08021170645952225,0.0011471165344119072,0.020235387608408928,0.6374121308326721,0.22989241778850555,0.028871988877654076,0.28689125180244446,1.2398146390914917,,,,,,,,,,,,,0.24312947690486908,0.24361860752105713
260,model.layers.1.mlp.up_proj.weight,3584,1024,0.00027901785714285713,0.0011033093323931098,2.3660717010498047,-0.00022005011851433665,1.3385097980499268,0.0002329111157450825,0.15921996533870697,0.33048519492149353,0.010704715736210346,0.5109859108924866,1.5059255361557007,0.2804865539073944,31.266056060791016,-0.09056315571069717,0.0007758219726383686,0.071538046002388,0.5701372623443604,0.258280873298645,0.077639140188694,0.3102360963821411,1.091565489768982,,,,,,,,,,,,,,
260,model.layers.1.mlp.down_proj.weight,1024,3584,0.00027901785714285713,0.0002838092914316803,4.162858009338379,-0.00023134410730563104,1.261770486831665,0.0012037998531013727,0.19849136471748352,0.2657492458820343,0.01620330661535263,0.5167633295059204,1.4164313077926636,0.21035735309123993,43.114200592041016,0.02887178398668766,0.0007556802593171597,0.0103303836658597,0.6618850827217102,0.21917939186096191,0.021759871393442154,0.25541621446609497,1.3828686475753784,8.0,0.05187536031007767,0.04887440800666809,0.8460286855697632,-0.0003076806024182588,-0.15442854166030884,5.8860650062561035,,-0.014153620228171349,-0.009690498001873493,0.0099183926358819,0.05678925663232803,,
260,model.layers.12.mlp.gate_proj.weight,3584,1024,0.00027901785714285713,0.0002125097526004538,2.8709311485290527,0.0009031147346831858,0.6253142356872559,0.0007355526322498918,0.1843908429145813,0.2562027871608734,0.005897341761738062,0.5701243877410889,1.528913140296936,0.24717895686626434,54.517913818359375,0.06168464943766594,0.0010770309017971158,0.02831641212105751,0.7164124846458435,0.1460571140050888,0.04036879166960716,0.1988976001739502,1.1993098258972168,,,,,,,,,,,,,,
260,model.layers.12.mlp.up_proj.weight,3584,1024,0.00027901785714285713,0.000241117988480255,2.7144572734832764,0.001067276345565915,1.0031070709228516,0.0003621021460276097,0.21438467502593994,0.25492092967033386,0.006666817702353001,0.5108562111854553,1.5140150785446167,0.3333105146884918,9.760436058044434,-0.11000040918588638,0.0007619796087965369,0.029911834746599197,0.7013470530509949,0.17248743772506714,0.03597282990813255,0.22430603206157684,1.1968306303024292,,,,,,,,,,,,,,
260,model.layers.12.mlp.down_proj.weight,1024,3584,0.00027901785714285713,0.00024960419978015125,4.937122344970703,0.0010809969389811158,1.0243463516235352,0.00010713279334595427,0.2021339237689972,0.2860179841518402,0.019630994647741318,0.5254630446434021,1.4078450202941895,0.2619073688983917,65.73957824707031,-0.007679407484829426,0.0007258691475726664,0.01601361483335495,0.711154043674469,0.1635822355747223,0.02932370826601982,0.19629277288913727,1.3168846368789673,8.0,0.05041780695319176,0.05729319900274277,0.8778172731399536,-2.191597559431102e-05,-0.009822020307183266,2.985330581665039,,-0.0007668837788514793,-0.0006119424942880869,0.004659540485590696,0.036960747092962265,,
260,model.layers.22.mlp.gate_proj.weight,3584,1024,0.00027901785714285713,0.00031076191226020455,2.450632333755493,0.00013448017125483602,0.18184024095535278,0.0008866175776347518,0.17746536433696747,0.26605916023254395,0.008679576218128204,0.5387746691703796,1.5196020603179932,0.2495742291212082,23.474037170410156,-0.04909643158316612,0.0015368930762633681,0.06516652554273605,0.6397043466567993,0.1650102138519287,0.08171483129262924,0.21937236189842224,1.0497968196868896,,,,,,,,,,,,,0.30375784635543823,0.28518956899642944
260,model.layers.22.mlp.up_proj.weight,3584,1024,0.00027901785714285713,0.00026843228260986507,2.6100046634674072,7.414503488689661e-05,0.3903614580631256,0.0008195645641535521,0.1568855494260788,0.31644031405448914,0.012545253150165081,0.596308708190918,1.5154165029525757,0.21458980441093445,63.531646728515625,-0.05686147138476372,0.0008528692414984107,0.020629514008760452,0.644964873790741,0.21937435865402222,0.02997240424156189,0.27742573618888855,1.1694504022598267,,,,,,,,,,,,,,
260,model.layers.22.mlp.down_proj.weight,1024,3584,0.00027901785714285713,0.0004065166285727173,2.5250678062438965,7.753341924399137e-05,0.4054725170135498,0.0001900335482787341,0.10747969150543213,0.4165610671043396,0.006662406958639622,0.6080067157745361,1.475817084312439,0.31199198961257935,39.804439544677734,0.13141144812107086,0.0008761773933656514,0.04206002876162529,0.6644713878631592,0.1931951493024826,0.053028251975774765,0.22445577383041382,1.0785390138626099,8.0,0.075985386967659,0.06849592179059982,0.8260267376899719,1.2627539035747759e-05,0.0021013200748711824,0.44559627771377563,0.006009336315183619,0.006711913272738457,0.0012987205991521478,-0.010196003131568432,0.1149110421538353,,
260,model.layers.1.linear_attn.in_proj_qkv.weight,6144,1024,0.00016276041666666666,0.0001230096531799063,2.1653640270233154,-0.00011547348549356684,0.7435563802719116,0.0004501051444094628,0.18977497518062592,0.25885671377182007,0.006302846595644951,0.5104902982711792,1.5304888486862183,0.28167030215263367,27.216514587402344,-0.11184428632259369,0.0019750853534787893,0.02430604211986065,0.6427685022354126,0.237213596701622,0.030605796724557877,0.2856687903404236,1.2481154203414917,8.0,0.04959360882639885,0.052326787263154984,0.832099974155426,-7.618157269462245e-06,-0.020462719723582268,0.8552411794662476,,-0.008759441785514355,-0.009694239124655724,0.013019750826060772,0.07814871519804001,,
260,model.layers.1.linear_attn.out_proj.weight,1024,2048,0.00048828125,0.00043829280184581876,1.3184232711791992,-2.154280082322657e-05,1.6333189010620117,0.000359927216777578,0.13089092075824738,0.34916386008262634,0.010795243084430695,0.49782589077949524,1.4409985542297363,0.2836817800998688,15.623446464538574,0.0382109060883522,0.0008946705493144691,0.10254834592342377,0.6882823705673218,0.1173226460814476,0.11668002605438232,0.14520156383514404,0.9962111711502075,,,,,,,,,,,,,,
260,model.layers.12.linear_attn.in_proj_qkv.weight,6144,1024,0.00016276041666666666,7.483507943106815e-05,2.2859349250793457,0.00021316892525646836,0.6834946274757385,0.0004127933643758297,0.15622854232788086,0.26457202434539795,0.0031211930327117443,0.5968599319458008,1.5531882047653198,0.2739138901233673,39.92201614379883,0.04820162057876587,0.0021787327714264393,0.02258225530385971,0.7111276984214783,0.16601669788360596,0.031132975593209267,0.21813145279884338,1.3037188053131104,8.0,0.0588911809027195,0.05896244943141937,0.8347187042236328,-5.126478754391428e-06,-0.002682866295799613,0.4145376980304718,,-0.0004753807152155787,-0.002267231233417988,-0.017017019912600517,0.07511081546545029,,
260,model.layers.12.linear_attn.out_proj.weight,1024,2048,0.00048828125,0.0002630910312291235,2.275758743286133,0.00016350325313396752,0.9250478744506836,7.2079426900018e-05,0.1614290177822113,0.33335405588150024,0.02608075737953186,0.5199202299118042,1.4209811687469482,0.29095277190208435,18.06313133239746,0.05233200266957283,0.0008250298560597003,0.09633617848157883,0.7166651487350464,0.08140569180250168,0.12280620634555817,0.10531850904226303,0.9624733328819275,,,,,,,,,,,,,,
260,model.layers.21.linear_attn.in_proj_qkv.weight,6144,1024,0.00016276041666666666,0.00010474419104866683,2.7886428833007812,6.464101898018271e-05,0.16855375468730927,0.0007888376712799072,0.2045472115278244,0.24131985008716583,0.007764880545437336,0.4928516745567322,1.5332129001617432,0.2549445927143097,53.78322219848633,-0.0057469746097922325,0.0026049239095300436,0.03082488663494587,0.6586546897888184,0.2062104344367981,0.037866413593292236,0.26034557819366455,1.153442621231079,8.0,0.058551959693431854,0.0552029013633728,0.8460116982460022,2.2006905453508807e-07,0.0005018314113840461,0.039944518357515335,0.0004385318446450767,0.004811998922377825,0.0026632894296199083,0.007930111140012741,0.049343910068273544,,
260,model.layers.21.linear_attn.out_proj.weight,1024,2048,0.00048828125,0.0003355931839905679,2.389176845550537,0.00025158101925626397,0.2730788588523865,0.00018273782916367054,0.15497055649757385,0.34703975915908813,0.00945355650037527,0.5367705821990967,1.4680980443954468,0.22687143087387085,52.23320007324219,0.07686298340559006,0.0008279899484477937,0.04471805319190025,0.7223917245864868,0.1346629112958908,0.05276438966393471,0.1671692132949829,1.1303805112838745,,,,,,,,,,,,,,
280,model.layers.7.self_attn.q_proj.weight,4096,1024,0.000244140625,0.00011419616203056648,2.3127448558807373,7.362105679931119e-05,0.5727688074111938,0.0013058008626103401,0.16825436055660248,0.27824026346206665,0.008370746858417988,0.5553184747695923,1.53691565990448,0.26798686385154724,22.717329025268555,0.13731522858142853,0.0014420101651921868,0.05594735965132713,0.6955768465995789,0.1246771439909935,0.07178467512130737,0.18107753992080688,1.1759177446365356,8.0,0.056112274527549744,0.05551919341087341,0.8956250548362732,-3.015452421095688e-08,0.001324338372796774,0.4043933153152466,-2.276950123198177e-05,0.0002078335965052247,7.056843605823815e-05,-0.017038268968462944,0.041870296001434326,0.2407514452934265,0.2537895441055298
280,model.layers.7.self_attn.k_proj.weight,512,1024,0.0009765625,0.001152452314272523,2.623422622680664,-9.481406948452786e-08,0.43423348665237427,0.0011974801309406757,0.14477507770061493,0.2653324604034424,0.018798505887389183,0.714840829372406,1.341416597366333,0.20366539061069489,38.83234405517578,0.024288563057780266,0.0001963664690265432,0.01611449383199215,0.7716315984725952,0.08581909537315369,0.034438297152519226,0.12414886802434921,1.115176796913147,,,,,,,,,,,,,,
280,model.layers.7.self_attn.v_proj.weight,512,1024,0.0009765625,0.0008835027110762894,1.8968995809555054,0.0017475588247179985,0.7843883037567139,0.0003031368541996926,0.12994138896465302,0.250581294298172,0.0029633871745318174,0.7516544461250305,1.4681055545806885,0.2172575294971466,19.201162338256836,-0.007042639423161745,0.00023163009609561414,0.020630016922950745,0.781915545463562,0.09694277495145798,0.030749905854463577,0.131435826420784,1.1233083009719849,,,,,,,,,,,,,,
280,model.layers.7.self_attn.o_proj.weight,1024,2048,0.00048828125,0.00024514677352271974,1.905493140220642,0.0005647015059366822,1.2930881977081299,3.271531386417337e-05,0.15233421325683594,0.3528183102607727,0.01291687786579132,0.5265651941299438,1.4337624311447144,0.3335556387901306,14.822369575500488,0.13111098110675812,0.0008388895075768232,0.0564156100153923,0.7905755639076233,0.059858664870262146,0.07665451616048813,0.08023962378501892,0.9817529916763306,,,,,,,,,,,,,,
280,model.layers.15.self_attn.q_proj.weight,4096,1024,0.000244140625,0.00013951543951407075,2.9319164752960205,-9.844180021900684e-05,0.514268159866333,0.00020189002680126578,0.23334698379039764,0.22609324753284454,0.0030357996001839638,0.4259045720100403,1.5448096990585327,0.2567382752895355,17.8372745513916,0.045979712158441544,0.0014856979250907898,0.12018122524023056,0.6838579177856445,0.08865240961313248,0.13466471433639526,0.13866421580314636,0.8137168288230896,8.0,0.05661173164844513,0.05892796441912651,0.8869034647941589,-6.546933036588598e-06,-0.0015489632496610284,0.3702544867992401,,0.0002793441526591778,-0.00012475041148718446,0.006137228105217218,0.06694447249174118,,
280,model.layers.15.self_attn.k_proj.weight,512,1024,0.0009765625,0.0010722785955294967,5.0815277099609375,7.798598744557239e-06,0.4188920855522156,9.812395001063123e-05,0.2708781957626343,0.21741598844528198,0.00377496681176126,0.5202939510345459,1.4518795013427734,0.24212273955345154,36.21892547607422,0.013544995337724686,0.00022427176008932292,0.03382685035467148,0.7894274592399597,0.052161719650030136,0.06079186126589775,0.07868730276823044,0.8895748257637024,,,,,,,,,,,,,,
280,model.layers.15.self_attn.v_proj.weight,512,1024,0.0009765625,0.0007920683128759265,1.7522472143173218,0.0022109400015324354,0.4149923622608185,0.00044299475848674774,0.16817939281463623,0.2641730010509491,0.0063246809877455235,0.6834220886230469,1.4002262353897095,0.20466871559619904,44.053558349609375,0.033325329422950745,0.00031901890179142356,0.01610366255044937,0.7951272130012512,0.09427236020565033,0.026020124554634094,0.12582826614379883,1.2411153316497803,,,,,,,,,,,,,0.2645331919193268,0.25260862708091736
280,model.layers.15.self_attn.o_proj.weight,1024,2048,0.00048828125,0.000420801283326,1.560064435005188,0.0006948580266907811,0.7893179059028625,2.3773058273945935e-05,0.08588866889476776,0.49022600054740906,0.0108857536688447,0.6252955198287964,1.4364519119262695,0.2534971237182617,33.5904541015625,-0.03058643452823162,0.0009776714723557234,0.041373614221811295,0.7932640910148621,0.07076627761125565,0.05508607625961304,0.09538646042346954,1.2321287393569946,,,,,,,,,,,,,,
280,model.layers.19.self_attn.q_proj.weight,4096,1024,0.000244140625,0.00021118458244018257,2.942897081375122,-0.0004572307225316763,0.2818889915943146,0.0003426180046517402,0.2356758862733841,0.22953107953071594,0.00744361849501729,0.42011165618896484,1.527518391609192,0.45105111598968506,5.426751136779785,-0.055409982800483704,0.0016257194802165031,0.27805420756340027,0.5530941486358643,0.06859246641397476,0.29249489307403564,0.11151567101478577,0.8116847276687622,8.0,0.0645536556839943,0.05411664396524429,0.8671713471412659,9.247269758816401e-07,0.001189031871035695,0.15353275835514069,0.0007777142046463105,0.0008401938830502331,0.0015201441710814834,-0.004877942614257336,0.08531452715396881,,
280,model.layers.19.self_attn.k_proj.weight,512,1024,0.0009765625,0.0009493548423051834,4.129158020019531,7.160749191825744e-06,0.2635170519351959,0.000238777618505992,0.23823049664497375,0.23001568019390106,0.016251515597105026,0.5485747456550598,1.3568998575210571,0.30896100401878357,13.0558443069458,-0.05321516469120979,0.0002175055560655892,0.01282772608101368,0.8214009404182434,0.038198865950107574,0.04405684024095535,0.06594382226467133,1.1602160930633545,,,,,,,,,,,,,,
280,model.layers.19.self_attn.v_proj.weight,512,1024,0.0009765625,0.0008048390154726803,1.5534018278121948,0.0018091130768880248,0.1847839504480362,0.0008480545948259532,0.1405244767665863,0.2752297818660736,0.0051435003988444805,0.6618177890777588,1.4286752939224243,0.178460031747818,34.297176361083984,0.00030833788332529366,0.0003821932477876544,0.01994193345308304,0.8822843432426453,0.02882048301398754,0.037920013070106506,0.05121380463242531,1.1131432056427002,,,,,,,,,,,,,,
280,model.layers.19.self_attn.o_proj.weight,1024,2048,0.00048828125,0.0005257630255073309,1.4394547939300537,0.0005351483705453575,0.37157613039016724,7.072124572005123e-05,0.058342885226011276,0.5176845788955688,0.011179929599165916,0.6221944689750671,1.4723331928253174,0.25540345907211304,40.35010528564453,0.05047961696982384,0.001198039622977376,0.012408646754920483,0.7965828776359558,0.09476814419031143,0.025388216599822044,0.12078197300434113,1.4051611423492432,,,,,,,,,,,,,,
280,model.layers.1.mlp.gate_proj.weight,3584,1024,0.00027901785714285713,0.00022236949007492512,2.7303850650787354,-0.00033753286697901785,0.5416236519813538,0.0002654870040714741,0.17585988342761993,0.31289607286453247,0.007229020819067955,0.5336030125617981,1.5168287754058838,0.22356759011745453,68.76992797851562,0.00706510292366147,0.0011576368706300855,0.021478895097970963,0.6454240083694458,0.224954754114151,0.028712734580039978,0.28086531162261963,1.2646311521530151,,,,,,,,,,,,,0.21367357671260834,0.21334022283554077
280,model.layers.1.mlp.up_proj.weight,3584,1024,0.00027901785714285713,0.00025926114176400006,2.549879550933838,-0.0009617939940653741,0.8985570669174194,0.00014255978749133646,0.16315887868404388,0.3159686028957367,0.009036997333168983,0.49532589316368103,1.5104678869247437,0.23990976810455322,30.963069915771484,0.02789817750453949,0.0007663543219678104,0.041724786162376404,0.5757463574409485,0.2668546140193939,0.0488300621509552,0.3260691165924072,1.2348273992538452,,,,,,,,,,,,,,
280,model.layers.1.mlp.down_proj.weight,1024,3584,0.00027901785714285713,0.0002525800955481827,4.771516799926758,-0.0009815205121412873,0.8723761439323425,0.0006364925648085773,0.19353485107421875,0.27657434344291687,0.013153979554772377,0.5338255763053894,1.4374698400497437,0.24605365097522736,76.17281341552734,0.024427227675914764,0.0007541468949057162,0.02237214893102646,0.6448410153388977,0.22886745631694794,0.032079096883535385,0.2640382647514343,1.2877367734909058,8.0,0.047432783991098404,0.04934206232428551,0.9099552631378174,-1.0532301530474797e-05,-0.003847552463412285,2.4374516010284424,,9.039221185958013e-05,-3.417233529035002e-05,0.0017910790629684925,0.031336694955825806,,
280,model.layers.12.mlp.gate_proj.weight,3584,1024,0.00027901785714285713,0.00020388720440678298,2.212683916091919,-0.00023735998547635972,0.6045953035354614,0.0006316900253295898,0.1782802939414978,0.25111281871795654,0.005560180637985468,0.5951821804046631,1.5261032581329346,0.2409791797399521,29.70728874206543,-0.02001153491437435,0.001100147026591003,0.015737755224108696,0.7482091784477234,0.13676859438419342,0.024108635261654854,0.18875758349895477,1.3711583614349365,,,,,,,,,,,,,,
280,model.layers.12.mlp.up_proj.weight,3584,1024,0.00027901785714285713,0.00029050017474219203,2.113065004348755,-0.0003957565932068974,0.9726506471633911,0.0007459537591785192,0.20312264561653137,0.25636833906173706,0.010192662477493286,0.5476197004318237,1.5077682733535767,0.2688908874988556,19.429235458374023,0.03410840407013893,0.000748057384043932,0.014398657716810703,0.683955729007721,0.20122811198234558,0.021229740232229233,0.2554013133049011,1.415319800376892,,,,,,,,,,,,,,
280,model.layers.12.mlp.down_proj.weight,1024,3584,0.00027901785714285713,0.00023437522759195417,3.3768413066864014,-0.0004275128594599664,0.9355276226997375,0.00013708842743653804,0.20896999537944794,0.2755490243434906,0.030031120404601097,0.5112952589988708,1.4057416915893555,0.28521186113357544,55.15565872192383,0.04772516340017319,0.0007605778519064188,0.044540055096149445,0.7130638360977173,0.14740057289600372,0.05554518103599548,0.17615804076194763,1.1663254499435425,8.0,0.04835973307490349,0.05661993473768234,0.9076246023178101,-7.891969289630651e-06,0.006478786934167147,2.198988199234009,-0.0012181245300738031,-0.0053099170327186584,0.00033512714435346425,0.006651743780821562,0.04143157973885536,,
280,model.layers.22.mlp.gate_proj.weight,3584,1024,0.00027901785714285713,0.00021371252660173923,2.323945999145508,0.001450931653380394,0.13783258199691772,0.0005784941022284329,0.18557703495025635,0.25837770104408264,0.007209097966551781,0.5485584139823914,1.5228400230407715,0.22745700180530548,64.82904052734375,0.10965525358915329,0.0015357184456661344,0.03150947391986847,0.6829394102096558,0.16223526000976562,0.04107910022139549,0.22262001037597656,1.098655104637146,,,,,,,,,,,,,0.2882247865200043,0.2891060411930084
280,model.layers.22.mlp.up_proj.weight,3584,1024,0.00027901785714285713,0.00023110740585252643,2.135678768157959,0.0004946772824041545,0.3694348633289337,0.0007216153899207711,0.16452708840370178,0.3074362874031067,0.01076904684305191,0.5883257985115051,1.5156306028366089,0.2189818024635315,46.780460357666016,-0.013167299330234528,0.0008714993018656969,0.016950124874711037,0.6321226954460144,0.24521858990192413,0.023805297911167145,0.30023273825645447,1.3078168630599976,,,,,,,,,,,,,,
280,model.layers.22.mlp.down_proj.weight,1024,3584,0.00027901785714285713,0.0003500647726468742,2.2673208713531494,0.0006484948098659515,0.30722472071647644,0.00018473232921678573,0.11396236717700958,0.4003413915634155,0.0077756429091095924,0.5764853954315186,1.4754352569580078,0.2719733715057373,14.32402229309082,0.0014551766216754913,0.0008586578769609332,0.035786427557468414,0.6823033690452576,0.1806979477405548,0.04679716378450394,0.2119162529706955,1.0896538496017456,8.0,0.06022757291793823,0.055878110229969025,0.8618206977844238,-1.6565218174946494e-06,0.0015245622489601374,0.27401065826416016,-0.0010865557104175433,0.003958847373723984,0.000536302337422967,0.0057657151482999325,0.12023820728063583,,
280,model.layers.1.linear_attn.in_proj_qkv.weight,6144,1024,0.00016276041666666666,0.00014811381697654724,2.4811832904815674,0.0005842570099048316,0.457890123128891,0.0009330078028142452,0.1983504593372345,0.2502771317958832,0.008866836316883564,0.49803778529167175,1.5328820943832397,0.2572045922279358,30.43888282775879,-0.019326305016875267,0.0019207100849598646,0.0419510193169117,0.6233788728713989,0.2201792448759079,0.04981323704123497,0.27589309215545654,1.079607367515564,8.0,0.04969676956534386,0.046356018632650375,0.8881663680076599,3.6895326047670096e-06,-0.003333435393869877,0.33541423082351685,,-0.0022908058017492294,-0.0013688772451132536,-0.003787401132285595,0.05389974266290665,,
280,model.layers.1.linear_attn.out_proj.weight,1024,2048,0.00048828125,0.0002553737722337246,1.3722312450408936,0.0005694052088074386,1.0447595119476318,0.00020697554282378405,0.12830422818660736,0.371560275554657,0.009435741230845451,0.5296348333358765,1.4487941265106201,0.2523270547389984,19.066234588623047,-0.05004558339715004,0.0008685526554472744,0.1179162859916687,0.6668912768363953,0.11884655803442001,0.1340627521276474,0.14805909991264343,0.9401910901069641,,,,,,,,,,,,,,
280,model.layers.12.linear_attn.in_proj_qkv.weight,6144,1024,0.00016276041666666666,7.111766171874478e-05,2.139699935913086,0.00015694370085839182,0.6164320707321167,0.0004906354006379843,0.15166735649108887,0.262653648853302,0.00356019358150661,0.6246609687805176,1.5507272481918335,0.30684420466423035,47.78383255004883,0.03385523334145546,0.002245381474494934,0.03622880578041077,0.7074300646781921,0.15465770661830902,0.04473426565527916,0.20773504674434662,1.2430323362350464,8.0,0.06263954192399979,0.06350947171449661,0.8695711493492126,2.1284192825987702e-06,0.0003435014805290848,0.25329238176345825,0.006196244858451356,0.0008734487928450108,0.00027436926029622555,0.002159904455766082,0.09055466204881668,,
280,model.layers.12.linear_attn.out_proj.weight,1024,2048,0.00048828125,0.0002886896254494786,1.7956525087356567,-0.00022499097394756973,0.8701447248458862,3.7148020055610687e-05,0.16829992830753326,0.32125112414360046,0.029414262622594833,0.5038373470306396,1.4204095602035522,0.2927224040031433,16.03369140625,0.07746352255344391,0.0008052827324718237,0.11318989843130112,0.699460506439209,0.07691457122564316,0.14411243796348572,0.10149750113487244,0.9630815386772156,,,,,,,,,,,,,,
280,model.layers.21.linear_attn.in_proj_qkv.weight,6144,1024,0.00016276041666666666,0.0001134328413172625,2.696735382080078,0.0002469855535309762,0.1296447068452835,0.001165557187050581,0.20501849055290222,0.2371194064617157,0.008177557028830051,0.5092772245407104,1.5378475189208984,0.25869548320770264,41.8755989074707,0.0024119459558278322,0.002620130078867078,0.033727847039699554,0.6540653705596924,0.2089117020368576,0.040986351668834686,0.2624804377555847,1.1865423917770386,8.0,0.04404584318399429,0.04536505788564682,0.8790809512138367,2.598919195406779e-07,7.128168363124132e-05,0.0249787550419569,0.0036459845825916005,0.0002993095840793103,0.0005267350352369249,0.003098853165283799,0.05391782149672508,,
280,model.layers.21.linear_attn.out_proj.weight,1024,2048,0.00048828125,0.0003713174082804471,2.727060556411743,0.000503877061419189,0.21045856177806854,6.817419489379972e-05,0.13888265192508698,0.3756527006626129,0.005255020689219236,0.570155680179596,1.4840811491012573,0.21338510513305664,61.04840087890625,-0.04354189708828926,0.0007844597566872835,0.026871902868151665,0.7153924107551575,0.15309888124465942,0.03711235895752907,0.18683139979839325,1.2052719593048096,,,,,,,,,,,,,,
300,model.layers.7.self_attn.q_proj.weight,4096,1024,0.000244140625,0.0001382481277687475,2.512523651123047,0.0007033766596578062,0.7180489301681519,0.0006268962169997394,0.1760549247264862,0.269558846950531,0.006943296175450087,0.5356178283691406,1.5334802865982056,0.26950132846832275,29.07471466064453,0.02483466826379299,0.0014385174727067351,0.08298417180776596,0.6805019378662109,0.12040749192237854,0.09654679894447327,0.1733420491218567,0.9107656478881836,8.0,0.07758677005767822,0.08564422279596329,0.7929261326789856,7.515153811255004e-06,-0.0010767909698188305,0.5168811678886414,,-0.007026878651231527,-0.0011755098821595311,0.014828969724476337,0.06961463391780853,0.22727923095226288,0.23759683966636658
300,model.layers.7.self_attn.k_proj.weight,512,1024,0.0009765625,0.0008361876825802028,3.834829568862915,2.5468443709542044e-06,0.5138795375823975,0.001778971403837204,0.15363655984401703,0.24270156025886536,0.0385245606303215,0.6859419345855713,1.3257859945297241,0.27093082666397095,12.908434867858887,-0.045441884547472,0.00020535213116090745,0.032927121967077255,0.7673248648643494,0.07601770758628845,0.05860863998532295,0.10878544300794601,0.9816944003105164,,,,,,,,,,,,,,
300,model.layers.7.self_attn.v_proj.weight,512,1024,0.0009765625,0.0008473019697703421,1.5496699810028076,-0.0005490878829732537,1.1634598970413208,0.00033416575752198696,0.10951878130435944,0.26599204540252686,0.002593792974948883,0.794522225856781,1.471449375152588,0.21245573461055756,46.83628463745117,0.006436675786972046,0.00022595167683903128,0.034339163452386856,0.7694293856620789,0.09445221722126007,0.04432026669383049,0.12906081974506378,0.9641591906547546,,,,,,,,,,,,,,
300,model.layers.7.self_attn.o_proj.weight,1024,2048,0.00048828125,0.00024023182049859315,1.906376600265503,-0.00021118478616699576,1.620066523551941,4.103541141375899e-05,0.16101105511188507,0.32401812076568604,0.014272689819335938,0.4797751307487488,1.4109281301498413,0.28868532180786133,43.285579681396484,0.1021345928311348,0.000788567413110286,0.05912268906831741,0.7749717831611633,0.06373276561498642,0.0793125256896019,0.08696120232343674,1.0101947784423828,,,,,,,,,,,,,,
300,model.layers.15.self_attn.q_proj.weight,4096,1024,0.000244140625,0.00014048097364138812,2.4646077156066895,1.955869811354205e-05,0.7302294373512268,0.00023212077212519944,0.23606474697589874,0.21403472125530243,0.0031007195357233286,0.40879738330841064,1.5458883047103882,0.2760496139526367,26.905778884887695,0.009684360586106777,0.0015143670607358217,0.11550143361091614,0.6816413998603821,0.08730733394622803,0.13189132511615753,0.13619795441627502,0.8547592163085938,8.0,0.09964793175458908,0.08881758153438568,0.7843987941741943,8.225913006754126e-06,0.008584258146584034,0.65755295753479,0.0009582555494358583,0.016111185774207115,0.004942508414387703,-0.004543196875602007,0.052103105932474136,,
300,model.layers.15.self_attn.k_proj.weight,512,1024,0.0009765625,0.0011449221055954695,3.9730513095855713,-3.4421821055730106e-06,0.6392560601234436,0.00024397685774601996,0.27666017413139343,0.2209520787000656,0.005042127333581448,0.5078698396682739,1.4705109596252441,0.2816289961338043,27.37550926208496,0.03165378049015999,0.00023333604622166604,0.04354371875524521,0.7975730299949646,0.0454593151807785,0.06966032087802887,0.06934388726949692,0.8397431373596191,,,,,,,,,,,,,,
300,model.layers.15.self_attn.v_proj.weight,512,1024,0.0009765625,0.000969381129834801,1.8139007091522217,-0.00046336345258168876,0.5777441263198853,0.0001495237520430237,0.1586124747991562,0.28754135966300964,0.0027574258856475353,0.6823418140411377,1.4564342498779297,0.23167452216148376,28.369699478149414,0.09469369053840637,0.0003123438509646803,0.035204797983169556,0.7580178380012512,0.10695946961641312,0.04675703123211861,0.13893601298332214,1.147774577140808,,,,,,,,,,,,,0.274383008480072,0.25316619873046875
300,model.layers.15.self_attn.o_proj.weight,1024,2048,0.00048828125,0.0003909654333256185,1.7752262353897095,-0.00016689182666596025,0.9620721340179443,2.6864510800805874e-05,0.09366576373577118,0.44110924005508423,0.015324823558330536,0.5739755034446716,1.4326467514038086,0.23251253366470337,48.75464630126953,-0.12553109228610992,0.0009583273204043508,0.033915918320417404,0.7945572137832642,0.07111499458551407,0.048931315541267395,0.09814714640378952,1.2285358905792236,,,,,,,,,,,,,,
300,model.layers.19.self_attn.q_proj.weight,4096,1024,0.000244140625,0.00016517813492100686,2.1791934967041016,0.00011039443779736757,0.3754710257053375,0.0003485706984065473,0.21398301422595978,0.24879150092601776,0.008177196606993675,0.45244380831718445,1.5286473035812378,0.48535019159317017,4.138831615447998,-0.2691083550453186,0.0016478601610288024,0.3301195800304413,0.510289192199707,0.07102928310632706,0.3424296975135803,0.11114617437124252,0.679261326789856,8.0,0.09000513702630997,0.0824870765209198,0.7686471939086914,1.1974532299063867e-06,-0.00014368077972903848,0.20782069861888885,,0.003930368460714817,0.0004374910786282271,-0.00526166008785367,0.07458024471998215,,
300,model.layers.19.self_attn.k_proj.weight,512,1024,0.0009765625,0.0008806998957879841,2.282933235168457,6.623534318350721e-06,0.4078366756439209,0.000713581161107868,0.23009245097637177,0.2450648844242096,0.014447728171944618,0.5732814073562622,1.3290380239486694,0.3318774998188019,7.90324068069458,-0.03594488650560379,0.00023407931439578533,0.03300962224602699,0.7921302318572998,0.031097721308469772,0.08062916994094849,0.054472438991069794,0.8282009363174438,,,,,,,,,,,,,,
300,model.layers.19.self_attn.v_proj.weight,512,1024,0.0009765625,0.0007590879686176777,1.613716721534729,-0.0019749649800360203,0.24959266185760498,0.0014790575951337814,0.13194577395915985,0.28549256920814514,0.005893090274184942,0.6814901828765869,1.4435724020004272,0.1603241264820099,42.3099365234375,0.03282471001148224,0.00036945290048606694,0.012362094596028328,0.8903403878211975,0.030620958656072617,0.02761842869222164,0.053773339837789536,1.3069634437561035,,,,,,,,,,,,,,
300,model.layers.19.self_attn.o_proj.weight,1024,2048,0.00048828125,0.0005357681657187641,1.386579990386963,-0.0006191384163685143,0.476814866065979,5.318724288372323e-05,0.05713791772723198,0.5402110815048218,0.00936382357031107,0.6462845206260681,1.472676157951355,0.22294670343399048,26.45940589904785,0.016965648159384727,0.0011539276456460357,0.005858762189745903,0.7815718650817871,0.11361996084451675,0.01774722710251808,0.14117497205734253,1.4557301998138428,,,,,,,,,,,,,,
300,model.layers.1.mlp.gate_proj.weight,3584,1024,0.00027901785714285713,0.0005497830570675433,2.8070850372314453,-0.0003113705897703767,0.6908292770385742,0.00040884962072595954,0.1809004843235016,0.3078346848487854,0.009298356249928474,0.5276203751564026,1.5147058963775635,0.2323364019393921,62.559043884277344,-0.018796013668179512,0.001186108449473977,0.022256974130868912,0.6391609907150269,0.23098154366016388,0.029682431370019913,0.2867034375667572,1.2717112302780151,,,,,,,,,,,,,0.2348787784576416,0.24032007157802582
300,model.layers.1.mlp.up_proj.weight,3584,1024,0.00027901785714285713,0.0002617250429466367,2.597921848297119,-0.0002703783684410155,1.1411219835281372,0.00013322403538040817,0.16672079265117645,0.3186067044734955,0.009726214222609997,0.49770697951316833,1.5091856718063354,0.22549819946289062,48.254905700683594,0.021129559725522995,0.0007556113414466381,0.030381741002202034,0.5967349410057068,0.2621675133705139,0.037601400166749954,0.31935325264930725,1.1594433784484863,,,,,,,,,,,,,,
300,model.layers.1.mlp.down_proj.weight,1024,3584,0.00027901785714285713,0.00029228811035864055,4.7256927490234375,-0.00027536528068594635,1.0981855392456055,0.0020881781820207834,0.1989431530237198,0.26730409264564514,0.017085926607251167,0.5205560326576233,1.4331556558609009,0.23115947842597961,99.15153503417969,0.06563901156187057,0.0007499852799810469,0.010616512969136238,0.6251339316368103,0.25485700368881226,0.020247435197234154,0.29229041934013367,1.3779312372207642,8.0,0.08654044568538666,0.0818324014544487,0.7989225387573242,-2.5970211936510168e-05,-0.01466828677803278,2.8307242393493652,,0.0021327773574739695,-0.0014607810880988836,0.004231731873005629,0.03748118132352829,,
300,model.layers.12.mlp.gate_proj.weight,3584,1024,0.00027901785714285713,0.00020416876941453665,2.998683214187622,0.00020916093490086496,0.7317600846290588,0.00036629417445510626,0.18208973109722137,0.26022475957870483,0.004462159238755703,0.5841609835624695,1.5367960929870605,0.2438630759716034,43.0704460144043,0.12263859063386917,0.001116598374210298,0.045204825699329376,0.7159234881401062,0.13506914675235748,0.05571989715099335,0.18586383759975433,1.2075140476226807,,,,,,,,,,,,,,
300,model.layers.12.mlp.up_proj.weight,3584,1024,0.00027901785714285713,0.0002503812138456851,2.545450448989868,-9.60734614636749e-05,1.2365094423294067,0.0004015497106593102,0.2041953057050705,0.2640204429626465,0.00753101147711277,0.5310724973678589,1.5138542652130127,0.2616073787212372,68.4084701538086,0.043469686061143875,0.0007332796230912209,0.017816174775362015,0.6716511249542236,0.20748533308506012,0.02512853406369686,0.2623259723186493,1.3011993169784546,,,,,,,,,,,,,,
300,model.layers.12.mlp.down_proj.weight,1024,3584,0.00027901785714285713,0.00024840966216288507,4.889641284942627,-0.0001052889710990712,1.1396421194076538,0.00012351496843621135,0.2164209485054016,0.27115318179130554,0.020579267293214798,0.5064137578010559,1.410400629043579,0.24679861962795258,65.6775894165039,0.015125620178878307,0.0007390914834104478,0.019415557384490967,0.72878098487854,0.15328358113765717,0.031974177807569504,0.1822557896375656,1.3315706253051758,8.0,0.08963744342327118,0.0889044776558876,0.7948452234268188,1.0196590665145777e-05,0.024472922086715698,2.7053756713867188,0.0004166478620336332,0.0021644989028573036,0.0034556537866592407,0.003935383167117834,0.025690577924251556,,
300,model.layers.22.mlp.gate_proj.weight,3584,1024,0.00027901785714285713,0.00021507979545276612,2.2453486919403076,0.00034502812195569277,0.19674037396907806,0.0009259303915314376,0.15931493043899536,0.29063597321510315,0.007019595243036747,0.5839265584945679,1.5286837816238403,0.24318329989910126,45.558876037597656,0.04477487877011299,0.0015332221519201994,0.03278910741209984,0.6797049045562744,0.1672862023115158,0.04375993087887764,0.2265833616256714,1.1918315887451172,,,,,,,,,,,,,0.20797224342823029,0.208268940448761
300,model.layers.22.mlp.up_proj.weight,3584,1024,0.00027901785714285713,0.00020927486184518784,2.3859033584594727,-0.0005938853719271719,0.44439268112182617,0.0006653016898781061,0.152578666806221,0.32767680287361145,0.010707964189350605,0.5927372574806213,1.513258695602417,0.2667175531387329,50.22492980957031,0.12326949089765549,0.0009001053986139596,0.034926917403936386,0.6384516954421997,0.22294525802135468,0.04259486868977547,0.2766300141811371,1.0498673915863037,,,,,,,,,,,,,,
300,model.layers.22.mlp.down_proj.weight,1024,3584,0.00027901785714285713,0.00031327109900303185,2.135258436203003,-0.0006908928626216948,0.41322067379951477,8.96152705536224e-05,0.12169314175844193,0.3862842321395874,0.0060502029955387115,0.5550631284713745,1.4762970209121704,0.28165164589881897,28.92329978942871,0.10588200390338898,0.000862038868945092,0.026178734377026558,0.6524506211280823,0.21452197432518005,0.04003942012786865,0.24669377505779266,1.1837087869644165,8.0,0.08054333925247192,0.08230485767126083,0.7596920728683472,-5.750504897150677e-06,0.0009377301903441548,0.4452529549598694,-0.006132366171382616,-9.195179700327571e-06,0.0005536393728107214,-0.011195637285709381,0.10748288035392761,,
300,model.layers.1.linear_attn.in_proj_qkv.weight,6144,1024,0.00016276041666666666,0.00011416635970817879,2.3419272899627686,0.0003440436557866633,0.5856544971466064,0.0005239780293777585,0.1891564577817917,0.2641894221305847,0.007773655466735363,0.5239041447639465,1.5311936140060425,0.2569376528263092,36.1483154296875,0.10348456352949142,0.0019472261192277074,0.030360357835888863,0.6579323410987854,0.20864424109458923,0.0378849171102047,0.2581997215747833,1.2448478937149048,8.0,0.08523699641227722,0.07450821250677109,0.7983808517456055,-1.232337467627076e-06,-0.006626905873417854,0.3871448040008545,,-0.00025203166296705604,-0.006635352969169617,-0.004418043419718742,0.06033433601260185,,
300,model.layers.1.linear_attn.out_proj.weight,1024,2048,0.00048828125,0.0006176138413138688,1.349124789237976,0.0003924456250388175,1.3344807624816895,0.0005774167948402464,0.13066282868385315,0.35390910506248474,0.018299732357263565,0.5091179609298706,1.4401988983154297,0.31899598240852356,5.250293731689453,-0.11248447746038437,0.0009540446917526424,0.23652105033397675,0.5761515498161316,0.10474176704883575,0.25042372941970825,0.13023290038108826,0.9192513823509216,,,,,,,,,,,,,,
300,model.layers.12.linear_attn.in_proj_qkv.weight,6144,1024,0.00016276041666666666,6.987824599491432e-05,2.4676995277404785,0.00012490917288232595,0.7431955933570862,0.00042551150545477867,0.1550849974155426,0.2679869532585144,0.0035309402737766504,0.6117625832557678,1.5509318113327026,0.2366112768650055,45.61713790893555,0.03942032903432846,0.0021989941596984863,0.02651962824165821,0.7211440205574036,0.148410364985466,0.03610331565141678,0.20075738430023193,1.2373409271240234,8.0,0.08907642960548401,0.08838087320327759,0.7622544765472412,1.2234354471729603e-06,-0.0038764141499996185,0.31894928216934204,,-0.0032174140214920044,-0.0017918787198141217,0.006231637205928564,0.08935639262199402,,
300,model.layers.12.linear_attn.out_proj.weight,1024,2048,0.00048828125,0.00028452661354094744,2.1413702964782715,4.4962162064621225e-05,1.0422149896621704,4.885201633442193e-05,0.16689148545265198,0.32807448506355286,0.01555574405938387,0.5131646990776062,1.4168779850006104,0.25118741393089294,41.10380554199219,0.01019660197198391,0.0007886916864663363,0.05395448952913284,0.7528311014175415,0.07986685633659363,0.08472928404808044,0.1047229915857315,1.0109270811080933,,,,,,,,,,,,,,
300,model.layers.21.linear_attn.in_proj_qkv.weight,6144,1024,0.00016276041666666666,0.00012014306412311271,3.079793691635132,0.0001854302827268839,0.17126959562301636,0.001590269384905696,0.20510168373584747,0.2461981326341629,0.011950104497373104,0.5089548826217651,1.5341686010360718,0.24158087372779846,62.33346939086914,-0.01967349648475647,0.0025770082138478756,0.027110498398542404,0.6491878032684326,0.2189849317073822,0.034889448434114456,0.2725463807582855,1.2201179265975952,8.0,0.08213075250387192,0.08112198114395142,0.7002588510513306,9.035907169163693e-07,9.744630915520247e-06,0.03033275529742241,0.0927270334556461,0.003102560993283987,0.0003399820125196129,-0.008122633211314678,0.041591282933950424,,
300,model.layers.21.linear_attn.out_proj.weight,1024,2048,0.00048828125,0.000381103454856202,2.0514304637908936,0.0020963740535080433,0.2541470527648926,0.00034450614475645125,0.1581883430480957,0.3329369127750397,0.010671612806618214,0.51857990026474,1.476826548576355,0.2661406099796295,40.19226837158203,0.10042537748813629,0.0008099210681393743,0.04661566764116287,0.7236455678939819,0.13084036111831665,0.05563603341579437,0.16306839883327484,1.1019076108932495,,,,,,,,,,,,,,
