step,matrix,m,n,r_null,G_r_spectrum,G_stable_rank_G,G_alignment_GW,G_G_fro,G_energy_top,G_energy_mid,G_energy_tail,G_energy_top_rows,G_energy_tail_rows,G_pangle_Gtop_Wtop_mean,H_r_spectrum,H_stable_rank_G,H_alignment_GW,H_G_fro,H_energy_top,H_energy_mid,H_energy_tail,H_energy_top_rows,H_energy_tail_rows,H_pangle_Gtop_Wtop_mean,n_microbatch,snr_diag_median,snr_offdiag_median,spearman_absC_snr,sig_energy_diag,sig_energy_total,noise_energy,R_sigma_cross,snr_cross_diag_median,snr_cross_offdiag_median,spearman_absC_snr_cross,spearman_absC_split,rho_sigma_absmed,rho_frame_absmed
20,model.layers.7.self_attn.q_proj.weight,4096,1024,0.000244140625,0.00011416556662879884,1.4718034267425537,0.0002045764122158289,3.5574309825897217,0.0013024493819102645,0.1872735619544983,0.23720431327819824,0.007718863897025585,0.5504765510559082,1.5310795307159424,0.00019485385564621538,228.9447479248047,8.821894880384207e-06,0.00018517085118219256,8.396788325626403e-05,0.22295263409614563,0.2690442204475403,0.00851042103022337,0.5229560136795044,1.5282472372055054,8.0,0.129493847489357,0.1293272227048874,0.6695510745048523,-2.5604365873732604e-05,-0.0032916793134063482,2.6617417335510254,,-0.0020011833403259516,-0.000499233603477478,-0.0046097575686872005,0.045992400497198105,0.3281429409980774,0.3320453464984894
20,model.layers.7.self_attn.k_proj.weight,512,1024,0.0009765625,0.0011219786247238517,2.152881383895874,-3.4165464057878125e-06,2.694239377975464,0.002592042787000537,0.1940954476594925,0.24842561781406403,0.016304438933730125,0.6395232081413269,1.336277723312378,0.0009137128363363445,94.96954345703125,-3.59000769094564e-05,7.463916699634865e-05,6.298973312368616e-05,0.21202819049358368,0.27211931347846985,0.009319581091403961,0.5488942265510559,1.3933095932006836,,,,,,,,,,,,,,
20,model.layers.7.self_attn.v_proj.weight,512,1024,0.0009765625,0.0010946334805339575,1.751708745956421,-6.181021308293566e-05,3.8499133586883545,0.0007821723120287061,0.1616569459438324,0.23797912895679474,0.005388470832258463,0.6466134190559387,1.45308518409729,0.0010177132207900286,76.16915130615234,1.4710466530232225e-05,7.815982826286927e-05,8.168581553036347e-05,0.23462149500846863,0.2531299591064453,0.007238426245748997,0.5108755826950073,1.4640308618545532,,,,,,,,,,,,,,
20,model.layers.7.self_attn.o_proj.weight,1024,2048,0.00048828125,0.0002721197670325637,1.3617819547653198,-1.890674866444897e-05,6.579831600189209,1.6643181879771873e-05,0.1522321254014969,0.3412921726703644,0.011632443405687809,0.5037820935249329,1.4476412534713745,0.00043478410225361586,86.87870025634766,9.07675530470442e-06,0.00015813877689652145,5.07413933519274e-05,0.18734179437160492,0.30786725878715515,0.007575863040983677,0.596152126789093,1.5186911821365356,,,,,,,,,,,,,,
20,model.layers.15.self_attn.q_proj.weight,4096,1024,0.000244140625,0.00014960048429202288,1.4178714752197266,0.00027661886997520924,1.5972265005111694,0.0001767218200257048,0.24682888388633728,0.21831275522708893,0.0029188876505941153,0.4285039007663727,1.5420359373092651,0.0001986588176805526,239.6678009033203,1.4374561033037025e-05,0.00017201340233441442,7.178266241680831e-05,0.22362622618675232,0.26851633191108704,0.007885434664785862,0.5054252743721008,1.5295363664627075,8.0,0.10550931841135025,0.11394776403903961,0.7505539655685425,2.0146704628132284e-05,-0.0004147149156779051,1.2514339685440063,,-8.347510447492823e-05,-2.8004997147945687e-05,-0.009464247152209282,0.02034674398601055,,
20,model.layers.15.self_attn.k_proj.weight,512,1024,0.0009765625,0.0010504389647394419,3.0515127182006836,-1.0971002666337881e-05,1.327771544456482,6.20880164206028e-05,0.2513096332550049,0.21514834463596344,0.002954840660095215,0.5648328065872192,1.462789535522461,0.0008576218388043344,62.588294982910156,-8.83716347743757e-06,7.281165744643658e-05,7.775643462082371e-05,0.20220725238323212,0.2892909646034241,0.007614447269588709,0.5711321830749512,1.4651072025299072,,,,,,,,,,,,,,
20,model.layers.15.self_attn.v_proj.weight,512,1024,0.0009765625,0.0007497817277908325,1.3020683526992798,0.000658484932500869,1.58613920211792,0.00017250840028282255,0.18520008027553558,0.25850626826286316,0.002512098290026188,0.6243571639060974,1.4668185710906982,0.0008250485407188535,75.55838775634766,2.807113924063742e-05,6.094439231674187e-05,6.884124741191044e-05,0.22289876639842987,0.26774585247039795,0.008484871126711369,0.5227401852607727,1.4254319667816162,,,,,,,,,,,,,0.2972466051578522,0.3029004633426666
20,model.layers.15.self_attn.o_proj.weight,1024,2048,0.00048828125,0.0003525763167999685,1.3050470352172852,0.0002650270180311054,2.3884830474853516,5.045064972364344e-05,0.09296926856040955,0.4224541187286377,0.02526514045894146,0.5440510511398315,1.4288767576217651,0.0005006386782042682,106.79393768310547,5.059720933786593e-06,0.00012735484051518142,7.382183684967458e-05,0.20099002122879028,0.29380086064338684,0.008351179771125317,0.564235270023346,1.4939020872116089,,,,,,,,,,,,,,
20,model.layers.19.self_attn.q_proj.weight,4096,1024,0.000244140625,0.00013464161020237952,1.2972115278244019,3.4506058000260964e-05,1.020951509475708,0.0003543120401445776,0.17554894089698792,0.30400723218917847,0.007614114321768284,0.514808714389801,1.5323688983917236,0.00020604646124411374,222.15187072753906,9.211981705448125e-06,0.00016955644241534173,9.350745676783845e-05,0.21800585091114044,0.27437663078308105,0.008555557578802109,0.5149056315422058,1.5228904485702515,8.0,0.09162892401218414,0.08725440502166748,0.8226178288459778,1.749374860082753e-06,-0.0005953236832283437,0.31873419880867004,,0.002038302831351757,-7.517004269175231e-05,0.009537136182188988,0.069060780107975,,
20,model.layers.19.self_attn.k_proj.weight,512,1024,0.0009765625,0.001018842332996428,1.8741110563278198,-1.1224150512134656e-05,0.6734071373939514,0.0002475639048498124,0.28268155455589294,0.20385193824768066,0.006032025907188654,0.5269719958305359,1.3818272352218628,0.001011358923278749,85.7584457397461,6.23740634182468e-05,7.042348443064839e-05,7.039523188723251e-05,0.20934394001960754,0.2780069410800934,0.007679566740989685,0.5632521510124207,1.4773296117782593,,,,,,,,,,,,,,
20,model.layers.19.self_attn.v_proj.weight,512,1024,0.0009765625,0.0005784297827631235,1.2735850811004639,-0.00043340661795809865,0.741551399230957,0.0015685365069657564,0.1404704600572586,0.23783329129219055,0.009780166670680046,0.6434741616249084,1.4111257791519165,0.0008783740340732038,74.18576049804688,2.5514700610074215e-05,5.512118150363676e-05,9.018887794809416e-05,0.21431812644004822,0.27960991859436035,0.008183799684047699,0.5153136849403381,1.4234213829040527,,,,,,,,,,,,,,
20,model.layers.19.self_attn.o_proj.weight,1024,2048,0.00048828125,0.00037843704922124743,1.2632582187652588,-0.0001353913830826059,1.4013737440109253,3.850273787975311e-05,0.09183502197265625,0.4327300786972046,0.005932724568992853,0.5357943773269653,1.479471206665039,0.00046290986938402057,94.17623901367188,5.63859248359222e-06,0.00011181911395397037,4.989380977349356e-05,0.2102467268705368,0.2820773124694824,0.00839575007557869,0.5347919464111328,1.4875892400741577,,,,,,,,,,,,,,
20,model.layers.1.mlp.gate_proj.weight,3584,1024,0.00027901785714285713,0.0002279621985508129,2.3590431213378906,0.00013224770373199135,4.9010186195373535,0.00034196351771242917,0.17561496794223785,0.3100103735923767,0.011265656910836697,0.5301111936569214,1.514126181602478,0.0002769248385448009,272.4713134765625,1.0163513252336998e-05,0.00017121518612839282,7.247127359732985e-05,0.23450858891010284,0.256002277135849,0.0093584805727005,0.5090034604072571,1.512911081314087,,,,,,,,,,,,,0.3345496952533722,0.3162428140640259
20,model.layers.1.mlp.up_proj.weight,3584,1024,0.00027901785714285713,0.0003072161925956607,2.2878048419952393,0.0005699709290638566,7.736544609069824,0.00014564234879799187,0.16952617466449738,0.3110126256942749,0.00936764944344759,0.49393752217292786,1.5134292840957642,0.0002748959814198315,165.40692138671875,1.3935842616774607e-05,0.0002128392516169697,8.853361941874027e-05,0.23182222247123718,0.25736162066459656,0.009646737948060036,0.5019595623016357,1.5057048797607422,,,,,,,,,,,,,,
20,model.layers.1.mlp.down_proj.weight,1024,3584,0.00027901785714285713,0.00028222709079273045,2.602431297302246,0.0005609348299913108,7.789631366729736,0.0032998842652887106,0.19636203348636627,0.2569095194339752,0.022128170356154442,0.5010358095169067,1.4192763566970825,0.0002626382920425385,191.9879913330078,4.4965516281081364e-05,0.0002183451142627746,7.013669528532773e-05,0.21732288599014282,0.2715742588043213,0.008830023929476738,0.5399881601333618,1.478845477104187,8.0,0.12968364357948303,0.13829685747623444,0.6391257643699646,-8.412954230152536e-06,-0.03871046006679535,18.772464752197266,,-0.0013784545008093119,-0.0011647660285234451,0.015587029978632927,0.04890364408493042,,
20,model.layers.12.mlp.gate_proj.weight,3584,1024,0.00027901785714285713,0.00022469447867479175,1.4775689840316772,-0.00036584329791367054,2.4947540760040283,0.0008241742616519332,0.20104259252548218,0.24694783985614777,0.007404831703752279,0.5793381929397583,1.5284098386764526,0.00025105636450462043,187.62318420410156,1.5130101019167341e-05,0.00018965093477163464,8.554102532798424e-05,0.21528126299381256,0.27707439661026,0.0076798126101493835,0.5438715219497681,1.5250635147094727,,,,,,,,,,,,,,
20,model.layers.12.mlp.up_proj.weight,3584,1024,0.00027901785714285713,0.0002450159809086472,1.6004633903503418,-0.00022539371275343,3.664557456970215,0.0008319892804138362,0.23544318974018097,0.22339186072349548,0.009283564053475857,0.5050908923149109,1.5152015686035156,0.0002596959820948541,164.9979248046875,-4.950814854964847e-06,0.00021040548745077103,8.19968045107089e-05,0.22527863085269928,0.26237019896507263,0.009974534623324871,0.5038652420043945,1.5015517473220825,,,,,,,,,,,,,,
20,model.layers.12.mlp.down_proj.weight,1024,3584,0.00027901785714285713,0.00029565015574917197,1.8811101913452148,-0.00022785078908782452,3.717050313949585,0.00023597294057253748,0.2037954479455948,0.28331154584884644,0.02635069750249386,0.5172282457351685,1.4119415283203125,0.0002769635175354779,123.46269226074219,3.983601709478535e-05,0.00022453417477663606,8.153862290782854e-05,0.20094452798366547,0.2889060378074646,0.00848750863224268,0.5751137137413025,1.500374674797058,8.0,0.1313740760087967,0.13437208533287048,0.7393794655799866,-2.1958920115139335e-05,0.007920950651168823,8.265325546264648,-0.0027722581647316607,-0.0030454695224761963,0.00015088784857653081,0.0025215228088200092,0.02553797885775566,,
20,model.layers.22.mlp.gate_proj.weight,3584,1024,0.00027901785714285713,0.0002211652317782864,1.2897281646728516,-0.0005993189406581223,0.6363500952720642,0.0011966100428253412,0.20571361482143402,0.22561757266521454,0.009883932769298553,0.49059799313545227,1.5180882215499878,0.0002446234575472772,226.71971130371094,5.192920980334748e-06,0.00013770673831459135,9.830795897869393e-05,0.22681085765361786,0.264299601316452,0.009422061033546925,0.5252812504768372,1.519710898399353,,,,,,,,,,,,,0.26933324337005615,0.29021409153938293
20,model.layers.22.mlp.up_proj.weight,3584,1024,0.00027901785714285713,0.0002305967645952478,1.408779263496399,-0.00028690678300336003,1.0518419742584229,0.0004483279481064528,0.17716819047927856,0.2886982858181,0.00652652932330966,0.5487107634544373,1.5111154317855835,0.0002952992217615247,188.93017578125,1.8213137082057074e-05,0.00017637330165598541,9.741453686729074e-05,0.23416367173194885,0.2556663453578949,0.009983664378523827,0.5053465366363525,1.5116333961486816,,,,,,,,,,,,,,
20,model.layers.22.mlp.down_proj.weight,1024,3584,0.00027901785714285713,0.0003489114751573652,1.569298505783081,-0.00028324706363491714,1.1578861474990845,0.0001772121322574094,0.13522516191005707,0.34557661414146423,0.00971323810517788,0.4791342318058014,1.4821323156356812,0.00027303231763653457,111.99442291259766,1.7570078853168525e-05,0.00019066804088652134,9.529687667964026e-05,0.2242981642484665,0.2662912905216217,0.009288768284022808,0.5230153799057007,1.474456787109375,8.0,0.10987585783004761,0.10098125040531158,0.7737736105918884,8.984839041659143e-06,0.004752211272716522,1.4216740131378174,0.0018906648980955574,-0.0002567628980614245,0.000587279035244137,0.012625622563064098,0.10984274744987488,,
20,model.layers.1.linear_attn.in_proj_qkv.weight,6144,1024,0.00016276041666666666,0.00010431060945848003,2.5411462783813477,-0.00040087237721309066,3.950451135635376,0.0002957454707939178,0.1906517595052719,0.2665162682533264,0.005266427993774414,0.5383521318435669,1.5357866287231445,0.00015036134573165327,209.97348022460938,4.739534233522136e-06,0.00022534673917107284,7.628145249327645e-05,0.23242288827896118,0.26054027676582336,0.007182382047176361,0.5148274898529053,1.534152626991272,8.0,0.1376054733991623,0.13505268096923828,0.5803496241569519,1.4221238416212145e-05,-0.005677233450114727,2.3287293910980225,,-0.004766315221786499,-0.002266266383230686,-0.0007074706954881549,0.04625394567847252,,
20,model.layers.1.linear_attn.out_proj.weight,1024,2048,0.00048828125,0.00019143820099998266,1.2441346645355225,-0.00017798863700591028,9.287696838378906,0.0005385613185353577,0.1264299750328064,0.34927019476890564,0.016440413892269135,0.4872105121612549,1.4371061325073242,0.0004485489916987717,145.82452392578125,1.2265807527001016e-05,0.00014373715384863317,9.358154056826606e-05,0.2124701738357544,0.27929624915122986,0.008578082546591759,0.5461183786392212,1.4730256795883179,,,,,,,,,,,,,,
20,model.layers.12.linear_attn.in_proj_qkv.weight,6144,1024,0.00016276041666666666,7.652689964743331e-05,1.835080623626709,3.902261596522294e-05,1.647144079208374,0.00040561400237493217,0.16034696996212006,0.24615654349327087,0.002508807461708784,0.6108143329620361,1.5503478050231934,0.0001444312511011958,215.88633728027344,-8.394497854169458e-06,0.00020348500402178615,5.4834385082358494e-05,0.21135824918746948,0.2807983458042145,0.006940007675439119,0.537929892539978,1.5390437841415405,8.0,0.11496139317750931,0.11344172805547714,0.7543525099754333,-2.604046130727511e-06,0.0007550370064564049,0.6527823209762573,-0.003448898674449099,-0.0014581842115148902,0.00021024564921390265,-0.0054460675455629826,0.05741163343191147,,
20,model.layers.12.linear_attn.out_proj.weight,1024,2048,0.00048828125,0.0002698287717066705,1.6574053764343262,-9.950073581421748e-05,2.944943428039551,3.752060001716018e-05,0.1670396775007248,0.3282238841056824,0.01903141848742962,0.4986245632171631,1.4287664890289307,0.00041627863538451493,80.59584045410156,1.603423515916802e-05,0.00015142487245611846,6.452618254115805e-05,0.19340261816978455,0.3017370402812958,0.0077307624742388725,0.5835700035095215,1.501564383506775,,,,,,,,,,,,,,
20,model.layers.21.linear_attn.in_proj_qkv.weight,6144,1024,0.00016276041666666666,0.0001237552787642926,1.9993025064468384,-0.00015277009515557438,0.43985074758529663,0.0006578965112566948,0.17999976873397827,0.25329190492630005,0.003939505200833082,0.5870358943939209,1.5444890260696411,0.0001472860312787816,299.7369079589844,7.143844868551241e-06,0.00016871831030584872,7.006053056102246e-05,0.22734974324703217,0.2632811367511749,0.007921234704554081,0.5307215452194214,1.5344749689102173,8.0,0.11914221197366714,0.11676347255706787,0.7830027937889099,7.906290875325794e-07,0.0001400010660290718,0.04167846590280533,0.00564730762384625,0.0016157706268131733,0.0006374507793225348,-0.0032010432332754135,0.048684317618608475,,
20,model.layers.21.linear_attn.out_proj.weight,1024,2048,0.00048828125,0.0004008255491498858,1.6502902507781982,-0.0013498938642442226,0.9094994068145752,3.5694087273441255e-05,0.12458480894565582,0.40487849712371826,0.004468188155442476,0.6028367877006531,1.4667794704437256,0.00043274974450469017,84.791259765625,6.8497133725031745e-06,0.00014123001892585307,6.560269684996456e-05,0.21609100699424744,0.27599114179611206,0.009002896025776863,0.5213820338249207,1.4818967580795288,,,,,,,,,,,,,,
40,model.layers.7.self_attn.q_proj.weight,4096,1024,0.000244140625,0.00011516041558934376,3.49592661857605,-0.00013153701729606837,0.25187182426452637,0.0007057781331241131,0.17342276871204376,0.27535977959632874,0.008247235789895058,0.5525819063186646,1.536312460899353,0.00019953875744249672,212.71214294433594,1.2928597243444528e-05,0.0001725310430629179,7.985777483554557e-05,0.22255392372608185,0.26951852440834045,0.0083305723965168,0.5254225134849548,1.531487226486206,8.0,0.06268028169870377,0.06957583129405975,0.888425350189209,-9.70579662862292e-07,0.0016026226803660393,0.19646674394607544,-0.0006056195726873224,-0.0013980426592752337,0.0020926485303789377,0.0006038051215000451,0.04979027435183525,0.27146390080451965,0.2956256866455078
40,model.layers.7.self_attn.k_proj.weight,512,1024,0.0009765625,0.0008982609724625945,5.34525728225708,3.1222389225149527e-06,0.1801413595676422,0.0008782775839790702,0.1678379625082016,0.26680174469947815,0.030241934582591057,0.6684441566467285,1.319043517112732,0.0008890567114576697,80.59722137451172,-4.450239794095978e-05,6.851342914160341e-05,0.00011915362119907513,0.21107755601406097,0.27540794014930725,0.009423461742699146,0.5564852356910706,1.4218069314956665,,,,,,,,,,,,,,
40,model.layers.7.self_attn.v_proj.weight,512,1024,0.0009765625,0.0008452589972876012,2.1496224403381348,-0.0004589736054185778,0.3288126289844513,0.0003095982829108834,0.14603203535079956,0.2516559362411499,0.004140933509916067,0.7186630964279175,1.4602464437484741,0.0008432863396592438,75.19632720947266,1.6039881302276626e-05,7.01322132954374e-05,0.00010595435014693066,0.22982856631278992,0.2582426369190216,0.010013241320848465,0.5227761268615723,1.4040696620941162,,,,,,,,,,,,,,
40,model.layers.7.self_attn.o_proj.weight,1024,2048,0.00048828125,0.00023851284640841186,2.147508144378662,-0.00013478744949679822,0.5711461901664734,4.0980368794407696e-05,0.1374698430299759,0.3716385066509247,0.018508048728108406,0.543971836566925,1.4231964349746704,0.00045492115896195173,63.637630462646484,2.4466578906867653e-05,0.0001501852966612205,5.6529668654548004e-05,0.17724286019802094,0.3201066553592682,0.006790541112422943,0.6236713528633118,1.5278114080429077,,,,,,,,,,,,,,
40,model.layers.15.self_attn.q_proj.weight,4096,1024,0.000244140625,0.00014285818906500936,3.0475897789001465,-0.00016567169222980738,0.27250590920448303,0.0004444295191206038,0.19903455674648285,0.24549216032028198,0.0037351713981479406,0.46102476119995117,1.5504090785980225,0.00022216865909285843,241.75323486328125,-5.685443738911999e-06,0.00016829848755151033,8.14661689219065e-05,0.22087326645851135,0.2690688371658325,0.00773725938051939,0.5062943696975708,1.5326095819473267,8.0,0.08150400966405869,0.07344421744346619,0.8937852382659912,3.5817824937112164e-06,0.002020040759816766,0.19933471083641052,0.0017731238720332125,0.0026038566138595343,0.0009507765062153339,-0.005998403765261173,0.045958902686834335,,
40,model.layers.15.self_attn.k_proj.weight,512,1024,0.0009765625,0.0009030360961332917,4.9510016441345215,2.182232947234297e-06,0.2241646945476532,9.099596354644746e-05,0.26715943217277527,0.22583195567131042,0.003366286400705576,0.5327777862548828,1.4838989973068237,0.0008944816654548049,76.46971130371094,-1.834645627241116e-05,7.309833017643541e-05,3.52958777511958e-05,0.19513605535030365,0.29767072200775146,0.006634879391640425,0.5857071876525879,1.4728264808654785,,,,,,,,,,,,,,
40,model.layers.15.self_attn.v_proj.weight,512,1024,0.0009765625,0.000935896416194737,1.713658094406128,0.0022003846243023872,0.24616055190563202,0.0003439815773162991,0.16723684966564178,0.2775384485721588,0.005253657232969999,0.6817788481712341,1.4447544813156128,0.0009956230642274022,77.87071990966797,-1.2419287486409303e-05,6.17435944150202e-05,8.910759788705036e-05,0.2256135791540146,0.2698000967502594,0.007222374901175499,0.5236974954605103,1.451719045639038,,,,,,,,,,,,,0.2910202145576477,0.3030698001384735
40,model.layers.15.self_attn.o_proj.weight,1024,2048,0.00048828125,0.0004533190804067999,1.65507972240448,0.0007138449000194669,0.4538436830043793,1.51564991028863e-05,0.0795355811715126,0.4811830520629883,0.012321438640356064,0.5950723886489868,1.451225996017456,0.0004702028527390212,80.18868255615234,1.507134766143281e-05,0.0001305687183048576,4.787169746123254e-05,0.1936492919921875,0.30299243330955505,0.0081745944917202,0.5800683498382568,1.5013964176177979,,,,,,,,,,,,,,
40,model.layers.19.self_attn.q_proj.weight,4096,1024,0.000244140625,0.00016218089149333537,3.232300281524658,-0.0009526583598926663,0.1564948856830597,0.0004647590103559196,0.21982914209365845,0.22929874062538147,0.008781099691987038,0.42227962613105774,1.523992896080017,0.0002119383425451815,237.05633544921875,7.933662345749326e-06,0.00016707918257452548,9.00534723768942e-05,0.21737506985664368,0.2735321521759033,0.008897783234715462,0.5181161761283875,1.5225633382797241,8.0,0.05662892386317253,0.0646398738026619,0.8753460645675659,-7.085667448336608e-07,-0.0011601137230172753,0.08683609962463379,,-0.004551529418677092,-0.002523218747228384,-0.00445591239258647,0.06527653336524963,,
40,model.layers.19.self_attn.k_proj.weight,512,1024,0.0009765625,0.0009636584436520934,3.9519855976104736,1.6801044466774329e-06,0.15687121450901031,0.000752717605791986,0.2560115158557892,0.22108124196529388,0.013330618850886822,0.5574437975883484,1.3638635873794556,0.0010237687965855002,79.54945373535156,4.8121299187187105e-05,7.011551497271284e-05,6.30504364380613e-05,0.20641064643859863,0.28305718302726746,0.00797293707728386,0.5696532726287842,1.4615191221237183,,,,,,,,,,,,,,
40,model.layers.19.self_attn.v_proj.weight,512,1024,0.0009765625,0.0008744669612497091,1.5559329986572266,0.0017117224633693695,0.1359889805316925,0.00303223286755383,0.13353319466114044,0.2623845636844635,0.009567243047058582,0.6721858382225037,1.4370006322860718,0.00098117021843791,47.7684211730957,2.138095260306727e-05,5.889472595299594e-05,6.771933112759143e-05,0.19804947078227997,0.2994457185268402,0.008326493203639984,0.540285050868988,1.4246822595596313,,,,,,,,,,,,,,
40,model.layers.19.self_attn.o_proj.weight,1024,2048,0.00048828125,0.0004974982002750039,1.3495925664901733,0.000506492389831692,0.2707989513874054,6.178086914587766e-05,0.0543050616979599,0.5381540656089783,0.006231670267879963,0.6254173517227173,1.464783787727356,0.0004669736954383552,86.67826843261719,2.315737583558075e-05,0.00011621306475717574,6.769860192434862e-05,0.20209436118602753,0.2929750382900238,0.00839128065854311,0.5483294725418091,1.4842575788497925,,,,,,,,,,,,,,
40,model.layers.1.mlp.gate_proj.weight,3584,1024,0.00027901785714285713,0.0007676516543142498,3.0610592365264893,-0.0004708664782810956,0.24886459112167358,0.0005491741467267275,0.17101921141147614,0.3181980550289154,0.009655279107391834,0.5444412231445312,1.5170619487762451,0.0002814322360791266,276.7326965332031,1.7699343516142108e-05,0.00015227597032207996,8.429071749560535e-05,0.23202668130397797,0.2586181163787842,0.009234792552888393,0.5113407373428345,1.5206360816955566,,,,,,,,,,,,,0.3052777349948883,0.300982803106308
40,model.layers.1.mlp.up_proj.weight,3584,1024,0.00027901785714285713,0.0004451879358384758,2.8036296367645264,-3.9244548588612815e-07,0.41126975417137146,0.00012246231199242175,0.1635897308588028,0.3144455552101135,0.00942806713283062,0.4937589764595032,1.5091575384140015,0.0002729668631218374,167.484619140625,3.403513255761936e-05,0.0001870608248282224,7.935451867524534e-05,0.2335023581981659,0.2584111988544464,0.009533019736409187,0.5001088380813599,1.5084118843078613,,,,,,,,,,,,,,
40,model.layers.1.mlp.down_proj.weight,1024,3584,0.00027901785714285713,0.000263767724391073,4.823064804077148,-4.302296019886853e-06,0.404477059841156,0.0011722949566319585,0.18938225507736206,0.278427392244339,0.013699598610401154,0.5400882959365845,1.435750126838684,0.0002658966986928135,209.18247985839844,4.623645145329647e-05,0.00019301542488392442,8.310878183692694e-05,0.2176986038684845,0.2728272080421448,0.008378979749977589,0.5413469076156616,1.4969995021820068,8.0,0.07625845819711685,0.07180868089199066,0.885674774646759,1.6082305592135526e-05,0.006329773925244808,1.1230947971343994,0.0025407393347801964,0.008046680130064487,0.0009346126462332904,0.0010469014523550868,0.020192323252558708,,
40,model.layers.12.mlp.gate_proj.weight,3584,1024,0.00027901785714285713,0.00018552235269453377,2.9738433361053467,0.0007262859144248068,0.2858712673187256,0.0005485073779709637,0.1820075660943985,0.24766327440738678,0.005549099761992693,0.578382670879364,1.5298916101455688,0.00023201880685519427,208.35621643066406,2.0687351934611797e-05,0.00017823361849877983,8.019011147553101e-05,0.21427534520626068,0.27760225534439087,0.008103635162115097,0.5432509183883667,1.5200166702270508,,,,,,,,,,,,,,
40,model.layers.12.mlp.up_proj.weight,3584,1024,0.00027901785714285713,0.00026008315035142004,2.4073030948638916,0.00020669672812800854,0.4944736063480377,0.0001752902753651142,0.20752713084220886,0.25419896841049194,0.004852779675275087,0.5296586155891418,1.5186917781829834,0.00028137819026596844,158.34986877441406,4.510043072514236e-05,0.0001995475176954642,9.177821630146354e-05,0.2223638892173767,0.26569288969039917,0.009854690171778202,0.5036637187004089,1.5086369514465332,,,,,,,,,,,,,,
40,model.layers.12.mlp.down_proj.weight,1024,3584,0.00027901785714285713,0.0002466597070451826,5.251705646514893,0.0002440236130496487,0.45043548941612244,0.0001586921134730801,0.21065270900726318,0.2761416435241699,0.02226969599723816,0.5028396844863892,1.3860697746276855,0.0002711417037062347,141.94873046875,4.259955676388927e-05,0.00021615366858895868,5.902606790186837e-05,0.19372569024562836,0.29621294140815735,0.007868017069995403,0.5896667242050171,1.5120878219604492,8.0,0.0662732645869255,0.07063892483711243,0.8961470723152161,8.017755135369953e-07,0.004796799272298813,1.2432761192321777,0.0001671480226757025,-0.00012397732643876225,0.0005226858775131404,0.007925072684884071,0.022405017167329788,,
40,model.layers.22.mlp.gate_proj.weight,3584,1024,0.00027901785714285713,0.00029881688533350825,3.1407291889190674,-0.0003279847151134163,0.10592692345380783,0.000960497884079814,0.17593702673912048,0.2592315077781677,0.006991000380367041,0.562056303024292,1.5234851837158203,0.0002546026953496039,243.4703369140625,-8.894290658645332e-06,0.0001480272476328537,8.554232772439718e-05,0.22609472274780273,0.2633345127105713,0.009380409494042397,0.5275824069976807,1.5141843557357788,,,,,,,,,,,,,0.25895002484321594,0.2600947320461273
40,model.layers.22.mlp.up_proj.weight,3584,1024,0.00027901785714285713,0.00025645107962191105,3.2645301818847656,-0.00017430863226763904,0.230849489569664,0.0004475788737181574,0.17474880814552307,0.29835766553878784,0.010261700488626957,0.5788107514381409,1.515811800956726,0.00026602004072628915,188.52523803710938,3.0294013413367793e-05,0.0001857436291174963,0.00011550534691195935,0.2337924987077713,0.25554054975509644,0.010017464868724346,0.5049163103103638,1.5088996887207031,,,,,,,,,,,,,,
40,model.layers.22.mlp.down_proj.weight,1024,3584,0.00027901785714285713,0.0003293508489150554,2.758953809738159,-0.0001936535263666883,0.2309742569923401,0.0002993777743540704,0.10803738981485367,0.4035755395889282,0.01024804450571537,0.5621464252471924,1.4744244813919067,0.0002750304702203721,103.51641082763672,-5.96798872720683e-06,0.00020519961253739893,9.161292837234214e-05,0.22178882360458374,0.2690638303756714,0.00933558028191328,0.5285211801528931,1.4901689291000366,8.0,0.06672865897417068,0.07267723232507706,0.8618955016136169,-2.5651115720393136e-06,0.004624096676707268,0.3621361553668976,-0.0005547270637658643,-0.0007862741476856172,0.001167843583971262,-0.009264320135116577,0.10194738209247589,,
40,model.layers.1.linear_attn.in_proj_qkv.weight,6144,1024,0.00016276041666666666,0.0001236077951034531,2.3213226795196533,-0.0002897937665693462,0.22101442515850067,0.0008214334375225008,0.18812519311904907,0.259645015001297,0.008190697059035301,0.5123193264007568,1.5343049764633179,0.00015186968084890395,259.9718933105469,1.1374687346688006e-05,0.00018445085152052343,6.741328979842365e-05,0.23079347610473633,0.2621084451675415,0.006600693799555302,0.5185782313346863,1.5353611707687378,8.0,0.06984983384609222,0.07423955947160721,0.873737096786499,-3.2235111575573683e-06,0.0013498715125024319,0.1421714574098587,-0.002388013324010022,0.0011433694744482636,0.0026398105546832085,0.006028540898114443,0.05287214741110802,,
40,model.layers.1.linear_attn.out_proj.weight,1024,2048,0.00048828125,0.00014091188495513052,1.3128712177276611,-0.00022935221204534173,0.503760576248169,0.0006697530043311417,0.11503037065267563,0.38475731015205383,0.018939057365059853,0.5338138341903687,1.4407166242599487,0.0004302593588363379,146.95376586914062,2.5109311536652967e-05,0.00012911311932839453,8.171911758836359e-05,0.21220313012599945,0.28009936213493347,0.008489223197102547,0.5502628087997437,1.4870591163635254,,,,,,,,,,,,,,
40,model.layers.12.linear_attn.in_proj_qkv.weight,6144,1024,0.00016276041666666666,7.867677049944177e-05,2.1500861644744873,9.605310333427042e-05,0.2797585725784302,0.0005500333500094712,0.15696653723716736,0.2546396851539612,0.0033846781589090824,0.5950508117675781,1.552830457687378,0.0001390995312249288,197.53469848632812,6.9121483647904824e-06,0.00019538514607120305,5.713292921427637e-05,0.21157784759998322,0.28177669644355774,0.007606748025864363,0.535890519618988,1.5429075956344604,8.0,0.06632311642169952,0.07400379329919815,0.867262065410614,-7.915587048046291e-07,-0.00023471080930903554,0.12395074963569641,,-0.0014221478486433625,0.00014410571020562202,0.004720770288258791,0.0860326737165451,,
40,model.layers.12.linear_attn.out_proj.weight,1024,2048,0.00048828125,0.0002935432712547481,2.3793795108795166,-0.0010419994359835982,0.38852983713150024,4.505193646764383e-05,0.157037153840065,0.342144250869751,0.015571272931993008,0.5224549770355225,1.4341249465942383,0.0003950195969082415,75.01295471191406,1.7211230442626402e-05,0.00014864119293633848,7.231909694382921e-05,0.1868787407875061,0.30787697434425354,0.00732713658362627,0.5955775380134583,1.4988837242126465,,,,,,,,,,,,,,
40,model.layers.21.linear_attn.in_proj_qkv.weight,6144,1024,0.00016276041666666666,7.617604569531977e-05,3.472343683242798,-1.730568897073681e-06,0.08376810699701309,0.0006047406932339072,0.17745184898376465,0.25957345962524414,0.005498526152223349,0.5932460427284241,1.5444620847702026,0.00014287912927102298,281.2267761230469,8.333568985108286e-06,0.00017182769079227,6.934853445272893e-05,0.22888077795505524,0.2635098099708557,0.008056488819420338,0.5277626514434814,1.5370911359786987,8.0,0.06503083556890488,0.06569961458444595,0.8880800604820251,-1.2961194784111285e-08,2.804966425173916e-05,0.015430208295583725,-0.00046208021129192853,-0.0014365846291184425,0.0001962591049959883,-0.0024143934715539217,0.04762862250208855,,
40,model.layers.21.linear_attn.out_proj.weight,1024,2048,0.00048828125,0.000385003600968048,2.819736957550049,-0.0003351327031850815,0.15239715576171875,0.0001403771893819794,0.1394120156764984,0.3781338036060333,0.007214895449578762,0.568888783454895,1.478326439857483,0.00044601474655792117,72.22518157958984,2.676747681107372e-05,0.00015105553029570729,0.0001095060069928877,0.21207451820373535,0.28081339597702026,0.00867976900190115,0.5298174619674683,1.481715202331543,,,,,,,,,,,,,,
60,model.layers.7.self_attn.q_proj.weight,4096,1024,0.000244140625,9.533257980365306e-05,2.3128039836883545,0.0003787285531871021,0.24115680158138275,0.000604015018325299,0.1731972098350525,0.2679184675216675,0.006830199155956507,0.532466471195221,1.5349705219268799,0.00019718841940630227,186.8236083984375,1.2137739759054966e-05,0.00015774603525642306,7.817801815690473e-05,0.22287550568580627,0.27019888162612915,0.008717673830688,0.5240778923034668,1.5265401601791382,8.0,0.07979731261730194,0.07975460588932037,0.8705241680145264,1.1538027138158213e-06,0.0022110946010798216,0.17030350863933563,0.0005218242192135715,0.0030820707324892282,0.0025920725893229246,0.010814621113240719,0.06647834926843643,0.3135538697242737,0.30707404017448425
60,model.layers.7.self_attn.k_proj.weight,512,1024,0.0009765625,0.0009247492416761816,2.7427501678466797,-2.1741667296737432e-05,0.1766190081834793,0.0007986980490386486,0.1468055695295334,0.26880332827568054,0.019924411550164223,0.7212770581245422,1.3348320722579956,0.0009659227216616273,78.3244857788086,-1.0760862096503843e-05,6.402994767995551e-05,0.00013045439845882356,0.20346087217330933,0.27998027205467224,0.009151466190814972,0.5615134239196777,1.4164249897003174,,,,,,,,,,,,,,
60,model.layers.7.self_attn.v_proj.weight,512,1024,0.0009765625,0.0007705704192630947,1.7875069379806519,-0.0009294130722992122,0.34667253494262695,0.0003436594270169735,0.14093762636184692,0.2500791549682617,0.0027352487668395042,0.7317039966583252,1.4506912231445312,0.0007978935027495027,65.7479248046875,-1.0647312365108519e-06,6.652224692516029e-05,0.00012617891479749233,0.22843484580516815,0.25903528928756714,0.008716210722923279,0.5223693251609802,1.4488029479980469,,,,,,,,,,,,,,
60,model.layers.7.self_attn.o_proj.weight,1024,2048,0.00048828125,0.0002023772831307724,2.017852544784546,-0.000314547709422186,0.541037917137146,4.844378418056294e-05,0.14468063414096832,0.3547608256340027,0.015188044868409634,0.5172549486160278,1.4256571531295776,0.0004454079899005592,63.671058654785156,-5.741702352679567e-06,0.00014009569713380188,4.7643767175031826e-05,0.18583537638187408,0.3100113868713379,0.007147584576159716,0.607163667678833,1.5203646421432495,,,,,,,,,,,,,,
60,model.layers.15.self_attn.q_proj.weight,4096,1024,0.000244140625,0.00011921760597033426,3.157541275024414,0.0001117557258112356,0.2442222237586975,0.0002140855067409575,0.21499240398406982,0.23418985307216644,0.003475068137049675,0.44941169023513794,1.5480824708938599,0.00019739950948860496,231.89903259277344,5.60496118851006e-07,0.00015099078882485628,7.745173934381455e-05,0.2207868993282318,0.2706926465034485,0.007897796109318733,0.5052929520606995,1.530381441116333,8.0,0.0742788314819336,0.08207051455974579,0.8666423559188843,3.26818826579256e-06,0.003979584667831659,0.20885467529296875,0.0008212385307970555,0.0011804078239947557,0.0037203975953161716,0.017851747572422028,0.06568608433008194,,
60,model.layers.15.self_attn.k_proj.weight,512,1024,0.0009765625,0.0009746750583872199,3.5112876892089844,-9.862834303930867e-06,0.2177010476589203,7.2565017035231e-05,0.2518065571784973,0.2367018461227417,0.0035072755999863148,0.5474758744239807,1.4646700620651245,0.0009634289890527725,53.85515213012695,1.724056710372679e-05,6.326485163299367e-05,3.504884443827905e-05,0.19920608401298523,0.29472172260284424,0.007121289614588022,0.5765609741210938,1.4730870723724365,,,,,,,,,,,,,,
60,model.layers.15.self_attn.v_proj.weight,512,1024,0.0009765625,0.0008343117660842836,1.9830474853515625,0.0021902320440858603,0.19172871112823486,0.00015457668632734567,0.1764761358499527,0.2688460648059845,0.00360536458902061,0.6588194370269775,1.4404960870742798,0.0009693087195046246,62.83449935913086,5.719757609767839e-06,5.32674093847163e-05,8.097715908661485e-05,0.2263687252998352,0.26387521624565125,0.006959568243473768,0.5130537748336792,1.4698176383972168,,,,,,,,,,,,,0.3012422025203705,0.3028019964694977
60,model.layers.15.self_attn.o_proj.weight,1024,2048,0.00048828125,0.00037544069346040487,1.9131067991256714,0.0007032907451502979,0.35891491174697876,1.4246200407797005e-05,0.09075851738452911,0.4378286898136139,0.011455838568508625,0.5633396506309509,1.4314912557601929,0.00045729719568043947,100.04743957519531,2.2363017706084065e-05,0.00011650696251308545,5.50147560716141e-05,0.195787250995636,0.2996629476547241,0.00837168749421835,0.5759883522987366,1.5018724203109741,,,,,,,,,,,,,,
60,model.layers.19.self_attn.q_proj.weight,4096,1024,0.000244140625,0.00017279172607231885,3.248947858810425,-0.0005422246176749468,0.1351817399263382,0.00030191801488399506,0.2141982614994049,0.24013321101665497,0.007514099590480328,0.43931078910827637,1.52848482131958,0.00020992632198613137,260.71875,1.0406357432657387e-05,0.00015355470532085747,8.549752237740904e-05,0.21743585169315338,0.2750353217124939,0.008453402668237686,0.5197638273239136,1.5291918516159058,8.0,0.08490734547376633,0.08112914860248566,0.8510907888412476,1.0651480124579393e-06,0.0011382203083485365,0.08670280873775482,0.0009358012720783211,0.008324400521814823,0.0024802680127322674,-0.0008262369665317237,0.07075700908899307,,
60,model.layers.19.self_attn.k_proj.weight,512,1024,0.0009765625,0.0009840267011895776,3.964876413345337,8.611169505456928e-06,0.1340288370847702,0.0006995231960900128,0.2415897101163864,0.2354339361190796,0.011776761151850224,0.5751843452453613,1.3415552377700806,0.0010287787299603224,76.5918197631836,-7.3182862251997e-05,6.567772652488202e-05,6.788803148083389e-05,0.2034970223903656,0.2898426353931427,0.006995233241468668,0.5726390480995178,1.4759390354156494,,,,,,,,,,,,,,
60,model.layers.19.self_attn.v_proj.weight,512,1024,0.0009765625,0.0007861292688176036,1.619518518447876,-0.0006800925475545228,0.11273456364870071,0.0006224378594197333,0.12209657579660416,0.28177526593208313,0.003687335178256035,0.7049843668937683,1.445921778678894,0.0009552345145493746,76.14686584472656,2.1499301965377526e-06,5.022671393817291e-05,5.955807864665985e-05,0.21153105795383453,0.2842302918434143,0.007057876791805029,0.5128872990608215,1.4479471445083618,,,,,,,,,,,,,,
60,model.layers.19.self_attn.o_proj.weight,1024,2048,0.00048828125,0.0005651460960507393,1.4329453706741333,-0.00021853609359823167,0.21495996415615082,5.044425779487938e-05,0.05969151481986046,0.5030240416526794,0.005417311564087868,0.6022730469703674,1.4772127866744995,0.0004777874273713678,123.6143798828125,1.9095054085482843e-05,9.997968300012872e-05,8.907906158128753e-05,0.20651797950267792,0.2852676808834076,0.009229561313986778,0.5398196578025818,1.4827581644058228,,,,,,,,,,,,,,
60,model.layers.1.mlp.gate_proj.weight,3584,1024,0.00027901785714285713,0.00021304890105966479,2.9753921031951904,0.00025735085364431143,0.2152731865644455,0.0002757651964202523,0.17574703693389893,0.31149452924728394,0.007928353734314442,0.5353600382804871,1.5132887363433838,0.0002746758400462568,286.94091796875,1.1389846804377157e-05,0.0001431382988812402,0.00010070969437947497,0.23410631716251373,0.2563858926296234,0.009076342917978764,0.5098974108695984,1.5167597532272339,,,,,,,,,,,,,0.28650885820388794,0.28001898527145386
60,model.layers.1.mlp.up_proj.weight,3584,1024,0.00027901785714285713,0.0007680107373744249,2.6319539546966553,0.00030776034691371024,0.3706938326358795,0.00028901893529109657,0.15868666768074036,0.34458452463150024,0.01463791448622942,0.5201468467712402,1.4987448453903198,0.0002873007033485919,140.76837158203125,3.021188240381889e-05,0.00017606656183488667,9.767360461410135e-05,0.23126302659511566,0.2594437599182129,0.009514021687209606,0.5015890598297119,1.5117472410202026,,,,,,,,,,,,,,
60,model.layers.1.mlp.down_proj.weight,1024,3584,0.00027901785714285713,0.0002702202182263136,4.538170337677002,0.00031991006108000875,0.36169135570526123,0.0016233451897278428,0.18658789992332458,0.27876561880111694,0.014415517449378967,0.5389565229415894,1.4350274801254272,0.00027476201648823917,233.23582458496094,4.336442725616507e-05,0.00018207567336503416,0.0001384493225486949,0.21880802512168884,0.27091142535209656,0.009219241328537464,0.5383261442184448,1.4768224954605103,8.0,0.08868663758039474,0.08417471498250961,0.8923084735870361,3.229593494324945e-05,0.016826247796416283,0.9207569360733032,0.0019193783031133036,0.017753465101122856,0.004502699710428715,-0.005897535011172295,0.023726969957351685,,
60,model.layers.12.mlp.gate_proj.weight,3584,1024,0.00027901785714285713,0.00022466763039119542,3.055056095123291,0.0005440829554572701,0.2565111517906189,0.0010977936908602715,0.18685804307460785,0.2443886250257492,0.007495013996958733,0.5731276273727417,1.527961015701294,0.0002370991714997217,211.15489196777344,2.4011029381654225e-05,0.00016188279550988227,7.976374763529748e-05,0.21620295941829681,0.2762877941131592,0.007474458310753107,0.5413644313812256,1.5305743217468262,,,,,,,,,,,,,,
60,model.layers.12.mlp.up_proj.weight,3584,1024,0.00027901785714285713,0.0002571437507867813,2.7735867500305176,0.0003889638464897871,0.418548047542572,0.00046912202378734946,0.22191917896270752,0.24466902017593384,0.008374007418751717,0.49700039625167847,1.5168341398239136,0.00027544176555238664,151.97901916503906,9.443627277505584e-06,0.00018539819575380534,8.231268293457106e-05,0.22313594818115234,0.26612886786460876,0.009562783874571323,0.505119264125824,1.512933611869812,,,,,,,,,,,,,,
60,model.layers.12.mlp.down_proj.weight,1024,3584,0.00027901785714285713,0.0002495849330443889,6.282758712768555,0.00042306617251597345,0.3999994397163391,0.00011234807607252151,0.2099161297082901,0.28043290972709656,0.0213266983628273,0.5107283592224121,1.3956332206726074,0.000261568755377084,112.37885284423828,-2.6312365662306547e-05,0.0001995356142288074,8.819867070997134e-05,0.19346122443675995,0.2961161732673645,0.007905598729848862,0.5903408527374268,1.5183438062667847,8.0,0.08166595548391342,0.08178267627954483,0.8826915621757507,2.237682929262519e-05,0.02278127893805504,1.129396677017212,0.0009822464029991646,0.0011389291612431407,0.005241450387984514,-0.004826277960091829,0.030148262158036232,,
60,model.layers.22.mlp.gate_proj.weight,3584,1024,0.00027901785714285713,0.00029440896469168365,2.864129066467285,0.0007909017149358988,0.09683448821306229,0.0026704207994043827,0.18212850391864777,0.24846655130386353,0.012271608226001263,0.5501241087913513,1.5225880146026611,0.0002546595933381468,261.72021484375,-1.8199796159024118e-06,0.0001279529824387282,9.394582593813539e-05,0.22562243044376373,0.26505714654922485,0.009332974441349506,0.5297601819038391,1.516509771347046,,,,,,,,,,,,,0.2923426628112793,0.29712381958961487
60,model.layers.22.mlp.up_proj.weight,3584,1024,0.00027901785714285713,0.00025822859606705606,2.9916515350341797,0.0002296369639225304,0.21197368204593658,0.00048233685083687305,0.17792388796806335,0.2933596074581146,0.010183273814618587,0.5724992752075195,1.5121629238128662,0.0002944075095001608,224.49380493164062,1.1598072887863964e-05,0.0001617934467503801,0.00010354707046644762,0.23458321392536163,0.2555336654186249,0.010232022032141685,0.5055856704711914,1.5094870328903198,,,,,,,,,,,,,,
60,model.layers.22.mlp.down_proj.weight,1024,3584,0.00027901785714285713,0.0004406543157529086,2.7487144470214844,0.0002578116545919329,0.20107993483543396,0.00022795356926508248,0.10066890716552734,0.4221639037132263,0.0089639313519001,0.5863330364227295,1.4489744901657104,0.0002799621142912656,146.8487548828125,4.752823952003382e-05,0.00017022121755871922,7.66228258726187e-05,0.22627420723438263,0.2644440829753876,0.009398726746439934,0.5206326842308044,1.473845362663269,8.0,0.08244293928146362,0.07602132856845856,0.8393550515174866,2.223785486421548e-06,0.0030131032690405846,0.3350527286529541,0.000738038257523657,0.004307194612920284,0.0015862705186009407,-0.009364272467792034,0.11521796882152557,,
60,model.layers.1.linear_attn.in_proj_qkv.weight,6144,1024,0.00016276041666666666,0.0001892241562018171,2.3263068199157715,-0.0007320129661820829,0.192897766828537,0.0022899569012224674,0.17565736174583435,0.26298338174819946,0.014347359538078308,0.5097687840461731,1.5348623991012573,0.00015043462917674333,265.0289306640625,1.880702438938897e-05,0.00017333622963633388,5.2883580792695284e-05,0.22927163541316986,0.2637637257575989,0.006464121863245964,0.5202394723892212,1.5359431505203247,8.0,0.0789775550365448,0.08446959406137466,0.8803917765617371,-2.914202013926115e-06,0.0032412128057330847,0.1239197626709938,-0.0008991085092504415,0.000848044001031667,0.00765373557806015,0.015603728592395782,0.056574419140815735,,
60,model.layers.1.linear_attn.out_proj.weight,1024,2048,0.00048828125,0.00039571744855493307,1.3014353513717651,-0.0008936334052123129,0.45491665601730347,0.0004256906104274094,0.11317843198776245,0.37504008412361145,0.013151610270142555,0.5184674859046936,1.4370052814483643,0.00043971624108962715,137.2263641357422,2.008258343266789e-05,0.0001221409038407728,7.312676461879164e-05,0.21446934342384338,0.27568501234054565,0.008276055566966534,0.545192539691925,1.494764804840088,,,,,,,,,,,,,,
60,model.layers.12.linear_attn.in_proj_qkv.weight,6144,1024,0.00016276041666666666,7.369740342255682e-05,2.0513646602630615,-0.0001750038209138438,0.27046194672584534,0.0003906696510966867,0.15580454468727112,0.24538587033748627,0.002644359366968274,0.5671728253364563,1.5531396865844727,0.00013407961523626,220.83590698242188,3.5885182114725467e-06,0.000178992617293261,7.834982534404844e-05,0.214217871427536,0.27867263555526733,0.007753137033432722,0.5311683416366577,1.5396746397018433,8.0,0.07713624089956284,0.08204959332942963,0.8473712801933289,2.7274129479337716e-06,0.0015080112498253584,0.12605400383472443,0.001808615783370072,0.0026114010252058506,0.0027424029540270567,0.005673323292285204,0.09059090167284012,,
60,model.layers.12.linear_attn.out_proj.weight,1024,2048,0.00048828125,0.00031329254852607846,2.351827383041382,-0.0008443307015113533,0.35502907633781433,5.2995346777606755e-05,0.15808160603046417,0.3316686451435089,0.026930775493383408,0.5059846043586731,1.4147628545761108,0.00041521686944179237,79.17594146728516,1.0722989827627316e-05,0.0001398412132402882,4.642951535061002e-05,0.1894122213125229,0.30596572160720825,0.00743247801437974,0.5927872061729431,1.5099210739135742,,,,,,,,,,,,,,
60,model.layers.21.linear_attn.in_proj_qkv.weight,6144,1024,0.00016276041666666666,9.535913704894483e-05,3.1286208629608154,-0.00017616800323594362,0.06802023947238922,0.0009039270225912333,0.16628782451152802,0.26437193155288696,0.006345806643366814,0.6096145510673523,1.5392919778823853,0.00014004753029439598,252.39527893066406,4.623359018296469e-06,0.0001571544707985595,6.48364657536149e-05,0.22871826589107513,0.26166215538978577,0.007588449865579605,0.5263394117355347,1.5366947650909424,8.0,0.0739019364118576,0.07786708325147629,0.8610578179359436,8.489471383654745e-07,0.0001886302197817713,0.013476883992552757,0.0045005892446482445,0.010181887075304985,0.004621000494807959,0.003965410403907299,0.053944408893585205,,
60,model.layers.21.linear_attn.out_proj.weight,1024,2048,0.00048828125,0.00038331878022290766,2.902329206466675,-0.0002566131006460637,0.12415248900651932,0.00014147255569696426,0.1469135582447052,0.35496240854263306,0.007989546284079552,0.546072244644165,1.481683611869812,0.00043891213135793805,93.07643127441406,-9.313675036537461e-06,0.00012364225403871387,7.166286377469078e-05,0.21409893035888672,0.2790282964706421,0.009310612455010414,0.523941159248352,1.4732255935668945,,,,,,,,,,,,,,
80,model.layers.7.self_attn.q_proj.weight,4096,1024,0.000244140625,0.00012170476111350581,2.7513692378997803,0.0008123654988594353,0.24278594553470612,0.0008872459875419736,0.17558716237545013,0.26648327708244324,0.008452311158180237,0.5355673432350159,1.5363531112670898,0.00018797120719682425,232.50631713867188,1.1389175597287249e-05,0.00016614260675851256,8.46922121127136e-05,0.2219550609588623,0.2711259722709656,0.008385549299418926,0.5275559425354004,1.5295499563217163,8.0,0.0799003317952156,0.07141750305891037,0.8166367411613464,1.4752690731256735e-06,-0.002648570341989398,0.2802150845527649,,0.009561524726450443,-0.0025601608213037252,-0.001535114599391818,0.05984750762581825,0.40576261281967163,0.4259977340698242
80,model.layers.7.self_attn.k_proj.weight,512,1024,0.0009765625,0.0007517448393628001,3.2180707454681396,1.6568753835599637e-06,0.18024122714996338,0.0006009217468090355,0.15066184103488922,0.27276045083999634,0.025527894496917725,0.7082503437995911,1.3283281326293945,0.0009219409548677504,77.90568542480469,2.2383434043149464e-05,6.728613516315818e-05,5.971431528450921e-05,0.20916110277175903,0.2784270942211151,0.008790958672761917,0.5557628870010376,1.438830018043518,,,,,,,,,,,,,,
80,model.layers.7.self_attn.v_proj.weight,512,1024,0.0009765625,0.0008082722779363394,1.8951025009155273,-0.0009504988556727767,0.33887454867362976,0.0002285785012645647,0.13845402002334595,0.25301000475883484,0.0022202967666089535,0.7352666258811951,1.4908794164657593,0.0008504961733706295,57.638877868652344,1.7680004020803608e-05,6.963842315599322e-05,7.40854738978669e-05,0.23141248524188995,0.25539594888687134,0.00849948450922966,0.5169360637664795,1.4662468433380127,,,,,,,,,,,,,,
80,model.layers.7.self_attn.o_proj.weight,1024,2048,0.00048828125,0.00022656485089100897,1.9816908836364746,-0.0003065030323341489,0.5398056507110596,3.2780826586531475e-05,0.14274802803993225,0.3625365197658539,0.01488049328327179,0.5342903137207031,1.4310940504074097,0.0004699815472122282,70.7630615234375,2.7771789973485284e-05,0.00013830972602590919,5.2943662012694404e-05,0.18385791778564453,0.30997776985168457,0.007357845548540354,0.6051101088523865,1.5122429132461548,,,,,,,,,,,,,,
80,model.layers.15.self_attn.q_proj.weight,4096,1024,0.000244140625,0.00014126094174571335,3.567064046859741,2.803505958581809e-05,0.25482723116874695,0.0003979974426329136,0.21856063604354858,0.23195749521255493,0.004210946150124073,0.4360143542289734,1.5478757619857788,0.00019759424321819097,258.878173828125,-4.536303549684817e-06,0.0001493562594987452,6.2751721998211e-05,0.22386689484119415,0.26829180121421814,0.007724681403487921,0.5049854516983032,1.529015064239502,8.0,0.0686553344130516,0.07163439691066742,0.8354390263557434,-4.622360393113922e-06,-0.0009067620849236846,0.2922072112560272,,-0.0034024312626570463,-0.0013263683067634702,0.00564304506406188,0.05409907177090645,,
80,model.layers.15.self_attn.k_proj.weight,512,1024,0.0009765625,0.001411230769008398,5.546841144561768,4.299101874494227e-06,0.21140527725219727,0.0011071591870859265,0.269249826669693,0.21584272384643555,0.008160724304616451,0.5141875743865967,1.4259557723999023,0.0008764638332650065,61.925079345703125,7.568396540591493e-06,6.466460035881028e-05,4.006356175523251e-05,0.19492961466312408,0.29532572627067566,0.007214562501758337,0.5844719409942627,1.4829351902008057,,,,,,,,,,,,,,
80,model.layers.15.self_attn.v_proj.weight,512,1024,0.0009765625,0.0007967280689626932,2.2372119426727295,-0.0007327618077397346,0.18609046936035156,0.0004070081631653011,0.1711328625679016,0.2741084694862366,0.003529710229486227,0.6619351506233215,1.4447894096374512,0.0008317388128489256,79.14989471435547,2.050389230134897e-05,5.2464114560279995e-05,4.111497037229128e-05,0.22992481291294098,0.2656424343585968,0.007597592659294605,0.5130884051322937,1.458544135093689,,,,,,,,,,,,,0.30566301941871643,0.3226463496685028
80,model.layers.15.self_attn.o_proj.weight,1024,2048,0.00048828125,0.0004781895549967885,1.9012107849121094,-0.0002251120749861002,0.3522510826587677,2.2304473532130942e-05,0.0925312265753746,0.45483270287513733,0.01152758114039898,0.5845546722412109,1.4416745901107788,0.0004502312222030014,124.83755493164062,1.6422092812717892e-05,0.00011109479964943603,6.419853161787614e-05,0.19984036684036255,0.2944883108139038,0.008217481896281242,0.5700083374977112,1.5075715780258179,,,,,,,,,,,,,,
80,model.layers.19.self_attn.q_proj.weight,4096,1024,0.000244140625,0.00017436954658478498,3.5921692848205566,0.0005415042396634817,0.13254380226135254,0.00041403446812182665,0.2282308042049408,0.22905033826828003,0.009466406889259815,0.41574063897132874,1.5260499715805054,0.0002142598677892238,244.40232849121094,2.5184888727380894e-05,0.00014559442934114486,7.914446905488148e-05,0.2193867564201355,0.27267077565193176,0.008487043902277946,0.5154200196266174,1.5272680521011353,8.0,0.07630058377981186,0.07073776423931122,0.8452538847923279,1.195782033391879e-07,-0.0004346282221376896,0.09340129792690277,,0.002790486440062523,-0.0016725147143006325,0.0040187533013522625,0.08163760602474213,,
80,model.layers.19.self_attn.k_proj.weight,512,1024,0.0009765625,0.001041548908688128,4.143017292022705,2.045510154857766e-05,0.1319597214460373,0.00021167613158468157,0.26790788769721985,0.20702138543128967,0.012611915357410908,0.5362225770950317,1.3675106763839722,0.0009112771949730814,75.71337890625,4.805766002391465e-05,6.281247624428943e-05,6.713544280501083e-05,0.20946012437343597,0.27923694252967834,0.008108177222311497,0.562697172164917,1.4750832319259644,,,,,,,,,,,,,,
80,model.layers.19.self_attn.v_proj.weight,512,1024,0.0009765625,0.0006092977710068226,1.6698620319366455,-0.001477545127272606,0.10444993525743484,0.0019997076597064734,0.14399948716163635,0.2642241418361664,0.008669677190482616,0.6729022860527039,1.4284552335739136,0.0008526682504452765,52.500083923339844,-7.356964601967775e-07,4.843399437959306e-05,9.426727774553001e-05,0.21480302512645721,0.28192847967147827,0.008141625672578812,0.5218284726142883,1.4348227977752686,,,,,,,,,,,,,,
80,model.layers.19.self_attn.o_proj.weight,1024,2048,0.00048828125,0.0005706954398192465,1.4539650678634644,-0.00044890778372064233,0.20470435917377472,9.1422742116265e-05,0.06068629026412964,0.5357429385185242,0.009291432797908783,0.6410493850708008,1.4532569646835327,0.0004326584457885474,115.47132110595703,-4.724641712527955e-06,9.604930528439581e-05,7.469095726264641e-05,0.20899681746959686,0.2826342284679413,0.0084396842867136,0.5339109897613525,1.4803166389465332,,,,,,,,,,,,,,
80,model.layers.1.mlp.gate_proj.weight,3584,1024,0.00027901785714285713,0.0002227907971246168,3.034289598464966,0.00012834636436309665,0.24091577529907227,0.00029379568877629936,0.181369349360466,0.30101603269577026,0.007760145701467991,0.5271480083465576,1.5184086561203003,0.0002804338000714779,288.9403991699219,1.980655906663742e-05,0.00015423035074491054,7.364760676864535e-05,0.23224765062332153,0.2579934895038605,0.009579051285982132,0.5113930702209473,1.5107775926589966,,,,,,,,,,,,,0.32391783595085144,0.3244718909263611
80,model.layers.1.mlp.up_proj.weight,3584,1024,0.00027901785714285713,0.0003876072296407074,2.8756513595581055,9.55961240833858e-06,0.3944896459579468,6.802257121307775e-05,0.16715750098228455,0.3160822093486786,0.0066927759908139706,0.5011562705039978,1.5151863098144531,0.0002955895324703306,165.12887573242188,5.312895882525481e-05,0.00019133712339680642,9.352019696962088e-05,0.23294222354888916,0.2576847970485687,0.01018938422203064,0.5016406178474426,1.5112760066986084,,,,,,,,,,,,,,
80,model.layers.1.mlp.down_proj.weight,1024,3584,0.00027901785714285713,0.00023101257102098316,5.019132614135742,1.0030743396782782e-05,0.38942447304725647,0.0005225278437137604,0.19275712966918945,0.2793419063091278,0.011698932386934757,0.5406090617179871,1.4463423490524292,0.00028242910047993064,218.83534240722656,6.351629417622462e-05,0.00019634886120911688,9.089244849747047e-05,0.21855339407920837,0.2704766094684601,0.008737065829336643,0.5362101793289185,1.4831892251968384,8.0,0.06414691358804703,0.06285915523767471,0.8560589551925659,-8.060527761699632e-06,-0.01607717014849186,1.4010955095291138,,-0.0011907069711014628,-0.0027937402483075857,0.005728583317250013,0.03660682216286659,,
80,model.layers.12.mlp.gate_proj.weight,3584,1024,0.00027901785714285713,0.00019967871776316315,2.983529806137085,0.0004235920787323266,0.2570231854915619,0.0009014939423650503,0.18502934277057648,0.25235962867736816,0.007852538488805294,0.581887423992157,1.5279991626739502,0.0002481269766576588,204.51553344726562,1.870370215328876e-05,0.0001655112428124994,6.997363379923627e-05,0.2168634533882141,0.2749221920967102,0.007784258108586073,0.5419179797172546,1.521784782409668,,,,,,,,,,,,,,
80,model.layers.12.mlp.up_proj.weight,3584,1024,0.00027901785714285713,0.0002998437557835132,2.741086959838867,0.000599226332269609,0.4222279489040375,0.00047294225078076124,0.22114981710910797,0.24466216564178467,0.008181351236999035,0.5028475522994995,1.5138319730758667,0.00027849196339957416,161.2318878173828,3.909618317265995e-05,0.00018756816280074418,8.37842671899125e-05,0.2234339416027069,0.2647945284843445,0.009767971932888031,0.5047111511230469,1.5107837915420532,,,,,,,,,,,,,,
80,model.layers.12.mlp.down_proj.weight,1024,3584,0.00027901785714285713,0.0002425458369543776,5.305094242095947,0.0006306376308202744,0.4157942533493042,0.00013360050797928125,0.20687265694141388,0.2832702696323395,0.018334561958909035,0.5157133340835571,1.4152311086654663,0.0002676598378457129,149.03826904296875,2.831244455592241e-05,0.00019923999207094312,8.847608842188492e-05,0.20034262537956238,0.29002416133880615,0.008331289514899254,0.5747565627098083,1.5037736892700195,8.0,0.062015123665332794,0.06583892554044724,0.8595925569534302,-1.8262029698234983e-05,-0.0036365408450365067,1.4423683881759644,,-0.0017663654871284962,-0.0005104554002173245,0.01563761942088604,0.03117017075419426,,
80,model.layers.22.mlp.gate_proj.weight,3584,1024,0.00027901785714285713,0.00033189449459314346,3.529862880706787,0.00031800178112462163,0.08583810925483704,0.000861967564560473,0.18366630375385284,0.26052215695381165,0.007974640466272831,0.5537779927253723,1.5217819213867188,0.00023999573022592813,238.2715301513672,1.030298153636977e-05,0.00011601809092098847,8.629682270111516e-05,0.22600331902503967,0.26363977789878845,0.00912686251103878,0.5280587077140808,1.5198577642440796,,,,,,,,,,,,,0.2957172691822052,0.29876357316970825
80,model.layers.22.mlp.up_proj.weight,3584,1024,0.00027901785714285713,0.0002603007887955755,3.5481839179992676,-7.848578388802707e-05,0.19656628370285034,0.0007716404506936669,0.17798304557800293,0.2953525483608246,0.012166961096227169,0.5762361884117126,1.5145906209945679,0.0003032312379218638,224.15521240234375,2.9115542929503135e-05,0.00014636898413300514,0.0001032745058182627,0.23459243774414062,0.2561706006526947,0.010127459652721882,0.5053121447563171,1.511853575706482,,,,,,,,,,,,,,
80,model.layers.22.mlp.down_proj.weight,1024,3584,0.00027901785714285713,0.0004010428674519062,2.9395341873168945,-8.497491216985509e-05,0.1880437135696411,0.0002398630604147911,0.10723642259836197,0.41912755370140076,0.008493512868881226,0.586920440196991,1.4696848392486572,0.0002688866516109556,164.276611328125,1.632777275517583e-05,0.00015596939192619175,8.111913484754041e-05,0.22467643022537231,0.2650792598724365,0.008557066321372986,0.5218685269355774,1.4834824800491333,8.0,0.07045339792966843,0.07046139240264893,0.8105578422546387,1.0424951142340433e-05,0.0016996057238429785,0.4218669831752777,0.006133746783794406,-0.0009416808607056737,0.0002915665099862963,0.0072173154912889,0.12104348093271255,,
80,model.layers.1.linear_attn.in_proj_qkv.weight,6144,1024,0.00016276041666666666,0.00011849869042634964,2.3795409202575684,-1.7269239833694883e-06,0.20669017732143402,0.00033714761957526207,0.1901738941669464,0.255896657705307,0.005646431818604469,0.5061642527580261,1.534844994544983,0.00014976991224102676,285.5992736816406,1.9750534193008207e-05,0.00017897016368806362,6.327001028694212e-05,0.22828176617622375,0.2629552185535431,0.006835065316408873,0.5210967063903809,1.540605902671814,8.0,0.061840541660785675,0.06358466297388077,0.8423482179641724,-4.700636054622009e-06,-0.002922171726822853,0.16213572025299072,,-0.0055554951541125774,-0.004953155294060707,0.014571752399206161,0.059164416044950485,,
80,model.layers.1.linear_attn.out_proj.weight,1024,2048,0.00048828125,0.000708359875716269,1.3459393978118896,0.00040322801214642823,0.4651981294155121,0.00036773007013835013,0.12177174538373947,0.3841756284236908,0.009241621941328049,0.5397395491600037,1.452062726020813,0.00044484922545962036,145.4557342529297,1.704134228930343e-05,0.0001229416811838746,7.777685823384672e-05,0.21507017314434052,0.2750675678253174,0.008297160267829895,0.5428940057754517,1.4943697452545166,,,,,,,,,,,,,,
80,model.layers.12.linear_attn.in_proj_qkv.weight,6144,1024,0.00016276041666666666,6.160821067169309e-05,2.4766106605529785,-0.0004126925196032971,0.24174465239048004,0.0004348811926320195,0.15819793939590454,0.2566271126270294,0.0031622296664863825,0.6008200645446777,1.5526357889175415,0.0001412251585861668,205.1752166748047,7.621573786309455e-06,0.0001797238946892321,7.238707621581852e-05,0.21033233404159546,0.2823144197463989,0.007387341000139713,0.5393353700637817,1.5436736345291138,8.0,0.0646568164229393,0.07088292390108109,0.8149579763412476,-7.141437663449324e-07,-0.0007849825196899474,0.14889048039913177,,-0.0013950297143310308,-0.0010112840682268143,-0.017109407112002373,0.07374309003353119,,
80,model.layers.12.linear_attn.out_proj.weight,1024,2048,0.00048828125,0.00028187944553792477,2.4710772037506104,-0.0008572872611694038,0.3508245646953583,4.949802314513363e-05,0.15737159550189972,0.34844857454299927,0.015078473836183548,0.5393708944320679,1.4179223775863647,0.0004568055155687034,84.25687408447266,7.063831617415417e-06,0.00013466851669363678,5.0840844778576866e-05,0.19163179397583008,0.3020429015159607,0.007803913205862045,0.5827012062072754,1.5023062229156494,,,,,,,,,,,,,,
80,model.layers.21.linear_attn.in_proj_qkv.weight,6144,1024,0.00016276041666666666,9.42718397709541e-05,3.0766139030456543,0.0003050781670026481,0.07306382060050964,0.000564627640414983,0.18972378969192505,0.24667559564113617,0.005082377698272467,0.5642157793045044,1.5448096990585327,0.0001471602445235476,296.7030029296875,8.488193998346105e-06,0.0001473809825256467,7.419101166306064e-05,0.22902169823646545,0.2622251510620117,0.008123637177050114,0.5264127254486084,1.5372203588485718,8.0,0.05874590203166008,0.05887271463871002,0.8367257714271545,-1.717586428640061e-08,-0.00043803337030112743,0.018335118889808655,,-0.008058116771280766,-0.006871258839964867,-0.011686540208756924,0.06475643068552017,,
80,model.layers.21.linear_attn.out_proj.weight,1024,2048,0.00048828125,0.0003931838145945221,3.207768678665161,0.001935111009515822,0.11839674413204193,7.66071752877906e-05,0.1536857634782791,0.35209745168685913,0.007481598295271397,0.5439680218696594,1.468423843383789,0.00043835179531015456,106.82572937011719,1.5532408724538982e-05,0.0001143597110058181,6.543314520968124e-05,0.21877534687519073,0.2743770480155945,0.008809586986899376,0.5164953470230103,1.4721745252609253,,,,,,,,,,,,,,
100,model.layers.7.self_attn.q_proj.weight,4096,1024,0.000244140625,0.00011179800640093163,3.4571638107299805,-0.0003711401950567961,0.3461405634880066,0.0006534415879286826,0.1822226643562317,0.2572695314884186,0.007224333472549915,0.5373045206069946,1.53646981716156,0.0002086118038278073,223.3775634765625,1.9083943698205985e-05,0.00016233230417128652,7.102957897586748e-05,0.2211621105670929,0.2720626890659332,0.008342751301825047,0.5281893014907837,1.5301674604415894,8.0,0.06845737993717194,0.07022994756698608,0.8912901878356934,-7.21157948646578e-06,0.00014824006939306855,0.16061444580554962,-0.048647977001034653,0.0030214323196560144,0.0005398777429945767,0.0002010070747928694,0.060159940272569656,0.38059285283088684,0.35740989446640015
100,model.layers.7.self_attn.k_proj.weight,512,1024,0.0009765625,0.0012276842026039958,4.187331199645996,3.1083557132660644e-06,0.26624611020088196,0.0013021832564845681,0.160634845495224,0.2578030824661255,0.03283354640007019,0.6758857369422913,1.3188313245773315,0.0007725454634055495,101.050537109375,3.7178655475145206e-05,6.772780034225434e-05,6.935846613487229e-05,0.21078073978424072,0.2735457420349121,0.008562659844756126,0.5516402721405029,1.3962665796279907,,,,,,,,,,,,,,
100,model.layers.7.self_attn.v_proj.weight,512,1024,0.0009765625,0.0007856017909944057,2.044142246246338,-0.0007027290412224829,0.5108910799026489,0.0006967699737288058,0.1374875009059906,0.2523817718029022,0.004743656609207392,0.7213690280914307,1.4739328622817993,0.0009495026315562427,82.76100158691406,7.315429684240371e-05,6.743246194673702e-05,0.00015257493942044675,0.2331368774175644,0.2544991672039032,0.010150426998734474,0.512765645980835,1.4241974353790283,,,,,,,,,,,,,,
100,model.layers.7.self_attn.o_proj.weight,1024,2048,0.00048828125,0.00025295576779171824,2.1883838176727295,-0.0002279706095578149,0.8228020071983337,4.339645602158271e-05,0.14589336514472961,0.3588435649871826,0.014832587912678719,0.5383126139640808,1.4407958984375,0.0004406438965816051,75.20427703857422,4.164311394561082e-05,0.00013899676559958607,7.393040868919343e-05,0.18113750219345093,0.312711238861084,0.007189696654677391,0.6127628684043884,1.5299015045166016,,,,,,,,,,,,,,
100,model.layers.15.self_attn.q_proj.weight,4096,1024,0.000244140625,0.00013719548587687314,4.219940185546875,0.00037166112451814115,0.3517589271068573,0.00024567460059188306,0.22476506233215332,0.22734490036964417,0.0036253840662539005,0.4421851933002472,1.5478882789611816,0.00020723302441183478,234.9278106689453,6.924729405000107e-06,0.00015028758207336068,6.680094520561397e-05,0.22036638855934143,0.27075865864753723,0.008143579587340355,0.5087594389915466,1.525283694267273,8.0,0.07156301289796829,0.07390140742063522,0.8963185548782349,2.5347876544401515e-06,-0.00013130734441801906,0.1730758547782898,,-0.001861870987340808,-0.00022009188251104206,0.0011494483333081007,0.04653351381421089,,
100,model.layers.15.self_attn.k_proj.weight,512,1024,0.0009765625,0.0008439679513685405,3.7306501865386963,2.41266434386489e-06,0.3377951383590698,7.497483602492139e-05,0.24812361598014832,0.23845000565052032,0.0028763385489583015,0.5302332639694214,1.472917914390564,0.00084969267481938,77.83060455322266,-5.3645715524908155e-05,6.702657992718741e-05,3.9923757867654786e-05,0.19072099030017853,0.3012836277484894,0.006920639891177416,0.5920113921165466,1.479824423789978,,,,,,,,,,,,,,
100,model.layers.15.self_attn.v_proj.weight,512,1024,0.0009765625,0.0008808494312688708,1.9192012548446655,0.00032231584191322327,0.2975277602672577,0.00026214923127554357,0.17489804327487946,0.2597171664237976,0.006656750570982695,0.6681898832321167,1.4316282272338867,0.0009463130845688283,63.363521575927734,4.94998039357597e-06,5.249775495030917e-05,9.415258682565764e-05,0.22661611437797546,0.2664589583873749,0.0070336367934942245,0.5173092484474182,1.4778096675872803,,,,,,,,,,,,,0.343784898519516,0.3236805498600006
100,model.layers.15.self_attn.o_proj.weight,1024,2048,0.00048828125,0.0005087197641842067,1.9074231386184692,0.00010795207344926894,0.537535548210144,2.6304303901270032e-05,0.09058796614408493,0.4522722661495209,0.01118914969265461,0.5859575867652893,1.429427981376648,0.0004707125772256404,62.50791549682617,2.2797965357312933e-05,0.00011825654655694962,7.66183075029403e-05,0.19160403311252594,0.30496594309806824,0.00804100651293993,0.583271861076355,1.5035470724105835,,,,,,,,,,,,,,
100,model.layers.19.self_attn.q_proj.weight,4096,1024,0.000244140625,0.00017039908561855555,3.0921521186828613,-0.00018062432354781777,0.21575209498405457,0.00023427091946359724,0.22378316521644592,0.2301706224679947,0.006010204553604126,0.4198158085346222,1.5303138494491577,0.00021019148698542267,252.39996337890625,1.0571345228527207e-05,0.00015061335579957813,7.406739314319566e-05,0.21918746829032898,0.2738575339317322,0.008362948894500732,0.5162667036056519,1.5245589017868042,8.0,0.06439439207315445,0.06834602355957031,0.8724392652511597,-3.087104914811789e-06,-0.000909750466234982,0.07806714624166489,,-0.006478929426521063,-0.0006162137142382562,-0.009994320571422577,0.06803253293037415,,
100,model.layers.19.self_attn.k_proj.weight,512,1024,0.0009765625,0.0009464154136367142,4.008230209350586,1.4451203242060728e-05,0.20824643969535828,0.0006187978433445096,0.26737692952156067,0.20736490190029144,0.011724376119673252,0.5463491678237915,1.3577709197998047,0.0010077058104798198,88.90510559082031,-3.680591908050701e-05,6.485389167210087e-05,7.15450951247476e-05,0.2103598713874817,0.27605101466178894,0.007874619215726852,0.5595409870147705,1.4340054988861084,,,,,,,,,,,,,,
100,model.layers.19.self_attn.v_proj.weight,512,1024,0.0009765625,0.0008285316871479154,1.7151243686676025,-0.0005249074893072248,0.15665119886398315,0.001423863461241126,0.17535419762134552,0.22413523495197296,0.006983072031289339,0.6309210658073425,1.427181363105774,0.0008569018100388348,72.8883056640625,1.5176906345004681e-05,4.890570562565699e-05,0.00019401336612645537,0.2103346288204193,0.28534966707229614,0.009042578749358654,0.5228106379508972,1.439681887626648,,,,,,,,,,,,,,
100,model.layers.19.self_attn.o_proj.weight,1024,2048,0.00048828125,0.00037720234831795096,1.502884864807129,-0.00014881817332934588,0.3239847719669342,7.394806743832305e-05,0.06163886561989784,0.5346344709396362,0.005825048312544823,0.652258574962616,1.450569987297058,0.00044332686229608953,94.44178771972656,-1.4910265235812403e-06,0.0001009591287584044,8.848728612065315e-05,0.20439831912517548,0.28741174936294556,0.00907636433839798,0.5461314916610718,1.4807265996932983,,,,,,,,,,,,,,
100,model.layers.1.mlp.gate_proj.weight,3584,1024,0.00027901785714285713,0.00035270274383947253,2.8020288944244385,-0.0003394255181774497,0.38707050681114197,0.0004219610709697008,0.1787138283252716,0.3048343062400818,0.009021940641105175,0.520905613899231,1.51368248462677,0.00029322566115297377,282.7756042480469,4.079829159309156e-05,0.0001611532352399081,7.706230826443061e-05,0.23316358029842377,0.258075088262558,0.009525226429104805,0.5095505118370056,1.5182443857192993,,,,,,,,,,,,,0.35458725690841675,0.3362503945827484
100,model.layers.1.mlp.up_proj.weight,3584,1024,0.00027901785714285713,0.0004127083520870656,2.6530349254608154,-0.00048027452430687845,0.6319916248321533,7.312735397135839e-05,0.16117985546588898,0.32647088170051575,0.006983236409723759,0.5048662424087524,1.5133593082427979,0.0002824135881382972,149.85984802246094,7.308631029445678e-05,0.00019881337357219309,8.797578630037606e-05,0.231760635972023,0.2593526244163513,0.009660483337938786,0.5012830495834351,1.508402705192566,,,,,,,,,,,,,,
100,model.layers.1.mlp.down_proj.weight,1024,3584,0.00027901785714285713,0.00031080798362381756,4.360044479370117,-0.0004777826543431729,0.6295502781867981,0.0016243846621364355,0.18840302526950836,0.2808194160461426,0.01613662578165531,0.5398930907249451,1.4374808073043823,0.0002640773600433022,237.8232879638672,5.8191326388623565e-05,0.00020107909222133458,7.715172978350893e-05,0.21693824231624603,0.2715534567832947,0.008706494234502316,0.5397071838378906,1.483036994934082,8.0,0.07176947593688965,0.06888562440872192,0.9126007556915283,-1.2984132808924187e-05,0.0007815437857061625,0.6068716049194336,-0.016613442581713316,0.0007361155585385859,0.00034699818934313953,-0.0012146994704380631,0.03553343936800957,,
100,model.layers.12.mlp.gate_proj.weight,3584,1024,0.00027901785714285713,0.00023905238776933402,3.373812675476074,4.775784691446461e-05,0.39267227053642273,0.0005478259990923107,0.19655348360538483,0.2411922812461853,0.005700393579900265,0.553808331489563,1.5251868963241577,0.00025064151850529015,213.00730895996094,3.0132967367535457e-05,0.00015844835434108973,6.49209032417275e-05,0.21615229547023773,0.2778647541999817,0.007560600060969591,0.5418785214424133,1.5227349996566772,,,,,,,,,,,,,,
100,model.layers.12.mlp.up_proj.weight,3584,1024,0.00027901785714285713,0.00025834472035057843,3.0184662342071533,0.00046405804459936917,0.6366857886314392,0.000907038920558989,0.21419528126716614,0.2470177859067917,0.012536928988993168,0.5132588744163513,1.511372685432434,0.00026415372849442065,170.35943603515625,3.468617069302127e-05,0.00018160193576477468,9.010950452648103e-05,0.2222999483346939,0.26771122217178345,0.009994993917644024,0.5071494579315186,1.5143163204193115,,,,,,,,,,,,,,
100,model.layers.12.mlp.down_proj.weight,1024,3584,0.00027901785714285713,0.0002692763810046017,5.906640529632568,0.0004959930083714426,0.6175576448440552,0.00012181635247543454,0.20282065868377686,0.2886333465576172,0.01862945407629013,0.5323153138160706,1.413706660270691,0.00025948896654881537,89.57575225830078,-4.662666015065042e-06,0.0001960791414603591,5.932163549005054e-05,0.19154952466487885,0.2999897301197052,0.007830177433788776,0.5948129296302795,1.5245866775512695,8.0,0.06586437672376633,0.06911040842533112,0.9170445203781128,1.2644028402064578e-06,0.004178331233561039,0.8937908411026001,0.0003026095274712947,5.0104277761420235e-05,0.0006175164016894996,-0.0034069973044097424,0.02355082705616951,,
100,model.layers.22.mlp.gate_proj.weight,3584,1024,0.00027901785714285713,0.0001874332083389163,2.8194665908813477,-0.0011267365189269185,0.13369092345237732,0.0006136616575531662,0.16000109910964966,0.2793806195259094,0.006206705700606108,0.5813093185424805,1.5242642164230347,0.0002401319652562961,238.4764404296875,7.133915460144635e-06,0.00011868771980516613,8.19181659608148e-05,0.22668416798114777,0.2652011513710022,0.0092158829793334,0.5302053093910217,1.5188177824020386,,,,,,,,,,,,,0.3411084711551666,0.3520623445510864
100,model.layers.22.mlp.up_proj.weight,3584,1024,0.00027901785714285713,0.00020581550779752433,2.810698986053467,-0.0011780114145949483,0.28135016560554504,0.000738329894375056,0.16554470360279083,0.30725470185279846,0.013039047829806805,0.5753476023674011,1.5064371824264526,0.0002634550037328154,210.037109375,1.1668239494611043e-05,0.0001521743688499555,9.989921818487346e-05,0.23477768898010254,0.25603872537612915,0.009831801988184452,0.5050954222679138,1.5126489400863647,,,,,,,,,,,,,,
100,model.layers.22.mlp.down_proj.weight,1024,3584,0.00027901785714285713,0.0004601016698870808,2.576185464859009,-0.0012638589832931757,0.28828659653663635,0.00010556610504863784,0.08979742228984833,0.44763246178627014,0.006102310959249735,0.6136661171913147,1.4551827907562256,0.0002772673615254462,151.6837158203125,3.6390190416568657e-06,0.0001622849958948791,9.660943760536611e-05,0.22450494766235352,0.2666109800338745,0.008619281463325024,0.5237271785736084,1.4746172428131104,8.0,0.061914313584566116,0.06925839185714722,0.8562970757484436,-5.6494554883101955e-06,-0.0020320164039731026,0.27287930250167847,,-0.009763827547430992,-0.00044523313408717513,-0.0025913959834724665,0.1287255436182022,,
100,model.layers.1.linear_attn.in_proj_qkv.weight,6144,1024,0.00016276041666666666,0.00011113219079561532,2.5479378700256348,0.0005183249013498425,0.3099517822265625,0.0011845870176330209,0.19514504075050354,0.254736065864563,0.009414060972630978,0.5079870223999023,1.5332766771316528,0.00015323891420848668,251.2576904296875,1.5347150110756047e-05,0.00019263726426288486,6.439482240239158e-05,0.23041415214538574,0.26167410612106323,0.007220447063446045,0.5169933438301086,1.5373615026474,8.0,0.056425850838422775,0.06108412891626358,0.8994382619857788,-5.598968982667429e-06,-0.001007277169264853,0.07689584791660309,,-0.008796926587820053,-0.001940616057254374,-0.002784380689263344,0.0391756109893322,,
100,model.layers.1.linear_attn.out_proj.weight,1024,2048,0.00048828125,0.000768756028264761,1.3453161716461182,0.0006902481545694172,0.7361608147621155,0.00020799921185243875,0.11856799572706223,0.3741905391216278,0.010026535019278526,0.526441216468811,1.4472802877426147,0.00041188375325873494,143.3996124267578,1.0927799849014264e-05,0.00012869005149696022,0.00010060593922389671,0.21158751845359802,0.27945539355278015,0.008673891425132751,0.5495637059211731,1.479421854019165,,,,,,,,,,,,,,
100,model.layers.12.linear_attn.in_proj_qkv.weight,6144,1024,0.00016276041666666666,7.558193465229124e-05,2.627629518508911,-8.779973722994328e-05,0.3628523647785187,0.0004023608926218003,0.1620895266532898,0.25719156861305237,0.0030645497608929873,0.5999701619148254,1.5509554147720337,0.00014049441961105913,223.1395721435547,2.276677832924179e-06,0.00017000699881464243,7.161822577472776e-05,0.21461117267608643,0.2776121199131012,0.007070318795740604,0.5320224165916443,1.5412803888320923,8.0,0.07920666038990021,0.07584188133478165,0.8690739870071411,4.003527465101797e-06,0.0033370680175721645,0.12133819609880447,0.0011997140735580528,0.0083766495808959,0.0055443402379751205,-0.0036164855118840933,0.0836368128657341,,
100,model.layers.12.linear_attn.out_proj.weight,1024,2048,0.00048828125,0.0003253851900808513,2.6689646244049072,-0.0005742164212279022,0.5225556492805481,3.284601916675456e-05,0.16380417346954346,0.33519408106803894,0.012691181153059006,0.5194833874702454,1.437362551689148,0.0004674865922424942,71.75284576416016,1.0326425581297372e-05,0.0001335850392933935,5.956072345725261e-05,0.1832803338766098,0.31276947259902954,0.007308530155569315,0.6070636510848999,1.511667251586914,,,,,,,,,,,,,,
100,model.layers.21.linear_attn.in_proj_qkv.weight,6144,1024,0.00016276041666666666,9.127675002673641e-05,3.9968016147613525,7.971241757331882e-06,0.0956270769238472,0.0008138882112689316,0.18694327771663666,0.2505597472190857,0.006960652768611908,0.564652681350708,1.5418201684951782,0.00014444008411373943,302.7899475097656,5.972466169623658e-06,0.00014464088599197567,7.032267603790388e-05,0.23170477151870728,0.2602640688419342,0.008310430683195591,0.5202991962432861,1.5340023040771484,8.0,0.06794965267181396,0.06602057069540024,0.8873944878578186,1.0715033482711078e-07,7.17891234671697e-05,0.009289124049246311,0.0014925705963816694,0.0008337998297065496,0.0007813706761226058,-0.007764698006212711,0.040357280522584915,,
100,model.layers.21.linear_attn.out_proj.weight,1024,2048,0.00048828125,0.0003735931823030114,3.244520902633667,-0.0012782384874299169,0.18206427991390228,7.419047324219719e-05,0.14663481712341309,0.35730478167533875,0.005951421335339546,0.5551211833953857,1.488223910331726,0.0004251464270055294,103.23065948486328,2.2053804059396498e-05,0.00011984625598415732,8.304591756314039e-05,0.21516014635562897,0.27735114097595215,0.008690747432410717,0.5234530568122864,1.4783709049224854,,,,,,,,,,,,,,
120,model.layers.7.self_attn.q_proj.weight,4096,1024,0.000244140625,0.00011617952259257436,2.9215211868286133,0.00044178118696436286,0.23282431066036224,0.0005725911469198763,0.17852230370044708,0.26208609342575073,0.007160101551562548,0.5259745717048645,1.532705545425415,0.00019846185750793666,231.51425170898438,6.274410225159954e-06,0.00014500776887871325,0.0001096587220672518,0.22154231369495392,0.2706386148929596,0.00840496551245451,0.5259406566619873,1.5288909673690796,8.0,0.046534013003110886,0.043907999992370605,0.8943151235580444,5.820461410621647e-07,-0.0004463182995095849,0.24163344502449036,,-0.0008729646215215325,-0.0003948330704588443,0.004934233147650957,0.062382251024246216,0.25316348671913147,0.25993597507476807
120,model.layers.7.self_attn.k_proj.weight,512,1024,0.0009765625,0.000923571118619293,4.113452911376953,2.288228870384046e-06,0.16418449580669403,0.0010215934598818421,0.153193861246109,0.2494606226682663,0.023977939039468765,0.704349935054779,1.3238080739974976,0.0008979361155070364,112.23753356933594,6.587401458091335e-06,6.0005644627381116e-05,6.24259264441207e-05,0.20942819118499756,0.2726626694202423,0.008938443847000599,0.5482276082038879,1.4123191833496094,,,,,,,,,,,,,,
120,model.layers.7.self_attn.v_proj.weight,512,1024,0.0009765625,0.0007991280290298164,2.264647960662842,-0.0005574858514592052,0.30527248978614807,0.00029933408950455487,0.16102172434329987,0.23798708617687225,0.003615098539739847,0.6801610589027405,1.4661884307861328,0.0008986900211311877,76.59720611572266,3.2835214369697496e-05,5.625645644613542e-05,0.00011793997691711411,0.2314109206199646,0.25456780195236206,0.01081878412514925,0.51195228099823,1.3758317232131958,,,,,,,,,,,,,,
120,model.layers.7.self_attn.o_proj.weight,1024,2048,0.00048828125,0.00023137533571571112,2.084904909133911,-0.00016302408766932786,0.5361191630363464,3.062210453208536e-05,0.14534267783164978,0.3646957576274872,0.010364575311541557,0.5373130440711975,1.442275881767273,0.00044843260548077524,60.870323181152344,2.8795815524063073e-05,0.00012455393152777106,5.615083864540793e-05,0.17430245876312256,0.3224647045135498,0.006556717213243246,0.6274384260177612,1.5312771797180176,,,,,,,,,,,,,,
120,model.layers.15.self_attn.q_proj.weight,4096,1024,0.000244140625,0.00016320208669640124,3.397176504135132,1.1740277841454372e-05,0.24503839015960693,0.0007709835772402585,0.22005333006381989,0.22852522134780884,0.005789047107100487,0.4306096136569977,1.5467168092727661,0.00019165062985848635,225.945068359375,9.483169378654566e-06,0.00014225440099835396,6.19317070231773e-05,0.2207462042570114,0.2695065140724182,0.008236400783061981,0.5075262784957886,1.5280882120132446,8.0,0.05908721312880516,0.0588892363011837,0.9055044651031494,-1.4821711147305905e-07,0.0019370992667973042,0.251179963350296,-7.651497990503773e-05,0.0007202660199254751,0.0005054182838648558,0.0007955941837280989,0.05794110521674156,,
120,model.layers.15.self_attn.k_proj.weight,512,1024,0.0009765625,0.0008768282132223248,3.511099100112915,1.941076698130928e-05,0.22097992897033691,7.33632332412526e-05,0.2766130268573761,0.2128186970949173,0.004282549023628235,0.4913773834705353,1.4660663604736328,0.0008735517621971667,49.48276901245117,-1.2055108527420089e-05,6.019161446602084e-05,5.8112807892030105e-05,0.192112535238266,0.3058759868144989,0.006333500146865845,0.5935927629470825,1.4777103662490845,,,,,,,,,,,,,,
120,model.layers.15.self_attn.v_proj.weight,512,1024,0.0009765625,0.0007695700624026358,1.8736463785171509,0.0019455383298918605,0.21363772451877594,0.00016901300114113837,0.17637386918067932,0.2705751955509186,0.005589419975876808,0.6643447279930115,1.456777572631836,0.0009095384157262743,80.22393798828125,1.7040025568348938e-06,5.25400901096873e-05,8.033946505747736e-05,0.22649970650672913,0.2646750509738922,0.007508124224841595,0.5155614614486694,1.4501519203186035,,,,,,,,,,,,,0.29467281699180603,0.2751641273498535
120,model.layers.15.self_attn.o_proj.weight,1024,2048,0.00048828125,0.00042836987995542586,1.880069375038147,0.0006369618931785226,0.38774755597114563,2.7994214178761467e-05,0.0886293575167656,0.4625197649002075,0.012607108801603317,0.5997106432914734,1.4359797239303589,0.00047373128472827375,84.78350830078125,4.187191279925173e-06,0.00010883359936997294,7.153788465075195e-05,0.196072056889534,0.2966805398464203,0.00823444314301014,0.5721453428268433,1.4933319091796875,,,,,,,,,,,,,,
120,model.layers.19.self_attn.q_proj.weight,4096,1024,0.000244140625,0.0001744871260598302,3.0893702507019043,-0.00067636783933267,0.1524886041879654,0.00078599713742733,0.23298108577728271,0.21314136683940887,0.009609016589820385,0.3849894106388092,1.5326652526855469,0.00020815894822590053,236.13287353515625,1.4309532161860261e-05,0.00014503153215628117,7.162483234424144e-05,0.21380741894245148,0.2779252529144287,0.008241986855864525,0.5197169780731201,1.5261110067367554,8.0,0.059356689453125,0.06015617027878761,0.8873439431190491,-2.326542698938283e-06,-0.001664620591327548,0.11196698993444443,,0.0008002622635103762,-0.0013823352055624127,0.01806362345814705,0.07940172404050827,,
120,model.layers.19.self_attn.k_proj.weight,512,1024,0.0009765625,0.0010244224686175585,3.4767680168151855,7.773002835165244e-06,0.15130281448364258,0.0008275210857391357,0.25944066047668457,0.2057797610759735,0.016831884160637856,0.5417069792747498,1.3505982160568237,0.0009411261416971684,83.45024108886719,-4.204609922453528e-06,6.130582914920524e-05,0.0001125355192925781,0.20654229819774628,0.27944499254226685,0.00844382494688034,0.566241443157196,1.4663490056991577,,,,,,,,,,,,,,
120,model.layers.19.self_attn.v_proj.weight,512,1024,0.0009765625,0.0010764844482764602,1.7163664102554321,0.0022732997313141823,0.11258874088525772,0.0019652131013572216,0.1467321664094925,0.2653350830078125,0.0071814763359725475,0.659846305847168,1.461535096168518,0.000903349369764328,57.409934997558594,2.4808975922496757e-06,4.925922621623613e-05,8.348638948518783e-05,0.21469981968402863,0.2771798372268677,0.008305506780743599,0.5098475217819214,1.4367347955703735,,,,,,,,,,,,,,
120,model.layers.19.self_attn.o_proj.weight,1024,2048,0.00048828125,0.0006384894368238747,1.4523627758026123,0.0006787233869545162,0.22297367453575134,4.865746814175509e-05,0.05848636478185654,0.5411268472671509,0.007932709529995918,0.6492829322814941,1.4617834091186523,0.0004810398386325687,141.1344757080078,-4.38708138972288e-06,9.212027362082154e-05,7.425282819895074e-05,0.21711474657058716,0.2739129364490509,0.008678237907588482,0.5275639891624451,1.4747583866119385,,,,,,,,,,,,,,
120,model.layers.1.mlp.gate_proj.weight,3584,1024,0.00027901785714285713,0.0003898882132489234,3.1099884510040283,-0.00046514917630702257,0.25847047567367554,0.00021511447266675532,0.1796584576368332,0.29653042554855347,0.007583076599985361,0.5290728807449341,1.5104726552963257,0.000268549716565758,263.8628845214844,1.1823537533928175e-05,0.00012361412518657744,7.890489359851927e-05,0.2329024225473404,0.258089542388916,0.009472929872572422,0.5108464956283569,1.5131996870040894,,,,,,,,,,,,,0.2293664813041687,0.24089749157428741
120,model.layers.1.mlp.up_proj.weight,3584,1024,0.00027901785714285713,0.00033004290889948606,2.773529291152954,-0.0010098342318087816,0.4277793765068054,0.0002205407217843458,0.16651597619056702,0.32221364974975586,0.011325530707836151,0.5052197575569153,1.511234998703003,0.00029881385853514075,186.31227111816406,1.1209166586922947e-05,0.0001535750343464315,9.024411701830104e-05,0.23080021142959595,0.25936979055404663,0.009708087891340256,0.5026780962944031,1.512385606765747,,,,,,,,,,,,,,
120,model.layers.1.mlp.down_proj.weight,1024,3584,0.00027901785714285713,0.00029905690462328494,5.128594398498535,-0.001035517081618309,0.4207797050476074,0.0010055506136268377,0.18705624341964722,0.286042183637619,0.013770665973424911,0.54634690284729,1.4347410202026367,0.0002521364076528698,201.74945068359375,-1.0803430996020325e-05,0.0001570980966789648,8.093580981949344e-05,0.2162570208311081,0.27217528223991394,0.0084010548889637,0.5430933237075806,1.496253252029419,8.0,0.037717532366514206,0.04253356531262398,0.9048688411712646,-1.4744085092388559e-05,-0.003934518434107304,1.8474133014678955,,-0.0017351587302982807,-0.0004073245800100267,-0.018426187336444855,0.03941013664007187,,
120,model.layers.12.mlp.gate_proj.weight,3584,1024,0.00027901785714285713,0.00019143035751767457,3.3013055324554443,0.0008054825011640787,0.26064860820770264,0.0010263866279274225,0.19004489481449127,0.2469472885131836,0.00800009723752737,0.5674777030944824,1.5260705947875977,0.00024916153051890433,232.4401397705078,3.997757175966399e-06,0.00014851744344923645,0.00010669308539945632,0.21784384548664093,0.2727941870689392,0.0077376412227749825,0.537009596824646,1.5256117582321167,,,,,,,,,,,,,,
120,model.layers.12.mlp.up_proj.weight,3584,1024,0.00027901785714285713,0.00027583481278270483,3.1999948024749756,0.0007919599884189665,0.4119676649570465,0.0005271353875286877,0.21680249273777008,0.2533010244369507,0.008220824413001537,0.5197100043296814,1.5207446813583374,0.00024150295939762145,168.0617218017578,5.021487595513463e-06,0.00016823361511342227,7.559658115496859e-05,0.224798321723938,0.2642185091972351,0.009847961366176605,0.5041624903678894,1.5086948871612549,,,,,,,,,,,,,,
120,model.layers.12.mlp.down_proj.weight,1024,3584,0.00027901785714285713,0.0002738982148002833,6.4722394943237305,0.0008047096780501306,0.4186881184577942,0.0001144924244727008,0.20404917001724243,0.286721408367157,0.01821812614798546,0.5293973088264465,1.417389154434204,0.0002524292503949255,144.08563232421875,2.1590474716504104e-05,0.0001824752107495442,7.230650953715667e-05,0.19854512810707092,0.29049113392829895,0.008071158081293106,0.5790700316429138,1.5092216730117798,8.0,0.04808831214904785,0.046905308961868286,0.912632405757904,1.519270608696388e-05,-0.0020561583805829287,1.656574010848999,,0.001338035101071,-0.0001764148473739624,-0.0036912080831825733,0.03181532397866249,,
120,model.layers.22.mlp.gate_proj.weight,3584,1024,0.00027901785714285713,0.00020681468595284969,3.341834545135498,-0.000988739193417132,0.08815085142850876,0.0006616181344725192,0.1806010901927948,0.25738435983657837,0.006416345480829477,0.5446248650550842,1.5272877216339111,0.0002341490617254749,251.79086303710938,9.332338777312543e-06,0.00011904857819899917,8.049965981626883e-05,0.22420965135097504,0.2669910490512848,0.008884357288479805,0.5316302180290222,1.5241655111312866,,,,,,,,,,,,,0.28674858808517456,0.2846708595752716
120,model.layers.22.mlp.up_proj.weight,3584,1024,0.00027901785714285713,0.00029234803514555097,3.1132490634918213,-0.0008557137916795909,0.20907925069332123,0.0015099417651072145,0.1737310290336609,0.29378440976142883,0.017008785158395767,0.5684565305709839,1.509782075881958,0.0002763019292615354,217.17723083496094,-1.3967853647045558e-06,0.00014738194295205176,9.912404493661597e-05,0.235303595662117,0.2553316652774811,0.00984269566833973,0.5042687654495239,1.50839364528656,,,,,,,,,,,,,,
120,model.layers.22.mlp.down_proj.weight,1024,3584,0.00027901785714285713,0.0003977911837864667,2.930828332901001,-0.0009794712532311678,0.20141327381134033,0.0003646959376055747,0.10353226214647293,0.4156631529331207,0.012883316725492477,0.5868110656738281,1.4665602445602417,0.0002714093716349453,173.73818969726562,6.997491709626047e-06,0.00015460701251868159,9.440958820050582e-05,0.22729654610157013,0.2633312940597534,0.00859516579657793,0.5188013315200806,1.4733809232711792,8.0,0.056276123970746994,0.05387701094150543,0.8602835536003113,-8.432205049757613e-07,-0.003732082899659872,0.4086904525756836,,0.0011929114116355777,-0.0008748523541726172,-0.006235537119209766,0.11708466708660126,,
120,model.layers.1.linear_attn.in_proj_qkv.weight,6144,1024,0.00016276041666666666,9.776724618859589e-05,2.3575730323791504,0.00021283142268657684,0.23113644123077393,0.0007288156193681061,0.18945293128490448,0.2544989287853241,0.007406817749142647,0.5049855709075928,1.5361131429672241,0.000153257031342946,284.7856750488281,5.887157840334112e-06,0.00015142335905693471,4.537645509117283e-05,0.23121796548366547,0.2602751553058624,0.007164911366999149,0.5159065127372742,1.541724443435669,8.0,0.04757625237107277,0.04899026080965996,0.8903125524520874,-4.904908564640209e-06,-0.0006420763675123453,0.21573936939239502,,-0.0014223855687305331,-0.0007810713141225278,-0.01178768090903759,0.07347515970468521,,
120,model.layers.1.linear_attn.out_proj.weight,1024,2048,0.00048828125,0.0008576422114856541,1.3875340223312378,0.0005374127649702132,0.4954569935798645,0.00046259580994956195,0.12429309636354446,0.35380056500434875,0.016501162201166153,0.5044819712638855,1.4459874629974365,0.0004505683609750122,118.79813385009766,4.8400606829090975e-06,0.00010163029219256714,8.141809666994959e-05,0.21027161180973053,0.28071722388267517,0.008487333543598652,0.5510359406471252,1.4904276132583618,,,,,,,,,,,,,,
120,model.layers.12.linear_attn.in_proj_qkv.weight,6144,1024,0.00016276041666666666,6.47837805445306e-05,2.691105365753174,-0.00019043387146666646,0.23528359830379486,0.00028788461349904537,0.157373309135437,0.2644776403903961,0.002716138493269682,0.609896183013916,1.5519555807113647,0.00013952245353721082,222.01748657226562,8.30964472697815e-06,0.0001640053524170071,7.13374320184812e-05,0.2124161273241043,0.27920961380004883,0.007337598130106926,0.5345118045806885,1.5409879684448242,8.0,0.04293226823210716,0.04292448237538338,0.8730104565620422,1.5217298710012983e-07,-0.0006752077024430037,0.1867649108171463,,0.0011883142869919538,-0.0007120023365132511,-0.002994338981807232,0.08862719684839249,,
120,model.layers.12.linear_attn.out_proj.weight,1024,2048,0.00048828125,0.0003017341950908303,2.7177960872650146,-0.00068102270597592,0.3510652184486389,3.642909723566845e-05,0.1586214005947113,0.3478797674179077,0.013336317613720894,0.5434438586235046,1.4346784353256226,0.00041129463352262974,80.24609375,8.683945793563908e-07,0.00012801123375538737,7.001073390711099e-05,0.1903606504201889,0.3033216595649719,0.007766118738800287,0.5872872471809387,1.4977877140045166,,,,,,,,,,,,,,
120,model.layers.21.linear_attn.in_proj_qkv.weight,6144,1024,0.00016276041666666666,9.949805098585784e-05,3.4998841285705566,-0.00020547586609609425,0.07237032800912857,0.0006043189787305892,0.1852797269821167,0.2521496117115021,0.006211066618561745,0.5644119381904602,1.541290521621704,0.00014091447519604117,266.6843566894531,1.1721560895239236e-06,0.00013505553943105042,6.202411896083504e-05,0.22876565158367157,0.26302769780158997,0.008248021826148033,0.5267259478569031,1.535662293434143,8.0,0.04149691015481949,0.04066239297389984,0.8825052380561829,4.4794539633130626e-08,-0.0001177249796455726,0.027116520330309868,,0.0004990599700249732,-0.0005969624035060406,0.002464162651449442,0.05794557183980942,,
120,model.layers.21.linear_attn.out_proj.weight,1024,2048,0.00048828125,0.00035277861752547324,3.367722511291504,0.00035404987283982337,0.12775379419326782,9.89760592347011e-05,0.1442340910434723,0.3664536774158478,0.006933864206075668,0.5636385083198547,1.4697389602661133,0.00045817825593985617,108.25389099121094,1.8745107865925092e-07,0.00011253904813202098,9.258226782549173e-05,0.21756498515605927,0.274124413728714,0.008680332452058792,0.5195044875144958,1.4698517322540283,,,,,,,,,,,,,,
140,model.layers.7.self_attn.q_proj.weight,4096,1024,0.000244140625,9.73444984992966e-05,1.8610814809799194,-0.00018054820247925818,0.3422243595123291,0.0008447780855931342,0.16082312166690826,0.28433722257614136,0.006173848174512386,0.5556880235671997,1.5397006273269653,0.00019605463603511453,235.9425811767578,1.8290953448740765e-05,0.00016008496459107846,8.064813300734386e-05,0.2209833562374115,0.2712920010089874,0.008550602942705154,0.5259679555892944,1.5279110670089722,8.0,0.07289944589138031,0.07879544049501419,0.810988187789917,-8.001771675480995e-06,-0.008489249274134636,0.4387078881263733,,-0.008697315119206905,-0.007011297158896923,0.0004430851840879768,0.06039528548717499,0.32529062032699585,0.32909873127937317
140,model.layers.7.self_attn.k_proj.weight,512,1024,0.0009765625,0.0011358432238921523,1.843306541442871,-1.7677108417046838e-06,0.2649926245212555,0.003370609600096941,0.10613732039928436,0.2805640697479248,0.022355692461133003,0.7872389554977417,1.3305538892745972,0.0010558783542364836,96.23005676269531,1.4920091416570358e-05,6.180591299198568e-05,0.0001261325814994052,0.20859400928020477,0.27911949157714844,0.008942767977714539,0.5590069890022278,1.4313253164291382,,,,,,,,,,,,,,
140,model.layers.7.self_attn.v_proj.weight,512,1024,0.0009765625,0.0009151493432000279,1.6862280368804932,-0.0013367736246436834,0.4474339783191681,0.0008746434468775988,0.128825843334198,0.2521533966064453,0.006123705301433802,0.7520928382873535,1.4503042697906494,0.000873701588716358,62.187416076660156,2.1327550712157972e-05,6.694815965602174e-05,0.00016085451352410018,0.22929351031780243,0.2586776316165924,0.008743932470679283,0.5229568481445312,1.4429553747177124,,,,,,,,,,,,,,
140,model.layers.7.self_attn.o_proj.weight,1024,2048,0.00048828125,0.000197491463040933,1.8950759172439575,-0.00045985679025761783,0.6878737211227417,4.755416375701316e-05,0.15278096497058868,0.3363412320613861,0.02011369913816452,0.497857004404068,1.4298031330108643,0.00046493412810377777,38.42803955078125,2.3887609131634235e-05,0.00014393587480299175,5.4718690080335364e-05,0.1708294302225113,0.32566729187965393,0.006869650445878506,0.6359241008758545,1.5318602323532104,,,,,,,,,,,,,,
140,model.layers.15.self_attn.q_proj.weight,4096,1024,0.000244140625,0.0001168034941656515,2.592399835586548,-0.0003191371215507388,0.30777156352996826,0.00023348911781795323,0.21030782163143158,0.23335430026054382,0.003044317476451397,0.4479677975177765,1.546053409576416,0.00021729404397774488,229.37265014648438,2.2751906726625748e-05,0.00015021585568320006,8.518837421434e-05,0.22180192172527313,0.26981210708618164,0.008012871257960796,0.5055782794952393,1.5280219316482544,8.0,0.07016457617282867,0.07141869515180588,0.8314007520675659,-8.977149263955653e-06,-0.003017303068190813,0.4431861639022827,,0.00036911576171405613,-0.0005500575643964112,-0.007937519811093807,0.04018470272421837,,
140,model.layers.15.self_attn.k_proj.weight,512,1024,0.0009765625,0.0009785343427211046,3.3036110401153564,1.6449961549369618e-05,0.2578442394733429,0.0001192386043840088,0.25806042551994324,0.21653126180171967,0.0040145921520888805,0.5443097352981567,1.476544976234436,0.0008334394660778344,88.519775390625,-1.1712414789144532e-06,6.061489330022596e-05,8.5506631876342e-05,0.2039426565170288,0.2873592972755432,0.007924172095954418,0.5669828653335571,1.4433677196502686,,,,,,,,,,,,,,
140,model.layers.15.self_attn.v_proj.weight,512,1024,0.0009765625,0.000887656060513109,1.6394978761672974,0.0003300531243439764,0.2639201581478119,0.00010897617903538048,0.16633442044258118,0.27678170800209045,0.004372283350676298,0.6869505643844604,1.4570165872573853,0.0007538259960711002,80.1850814819336,2.980215685965959e-05,5.283601785777137e-05,9.111844701692462e-05,0.22586418688297272,0.262698233127594,0.0064027803018689156,0.5192102193832397,1.469968318939209,,,,,,,,,,,,,0.26785483956336975,0.27535951137542725
140,model.layers.15.self_attn.o_proj.weight,1024,2048,0.00048828125,0.00037114275619387627,1.8292412757873535,0.00011251016985625029,0.4442313313484192,3.762188134714961e-05,0.0931522473692894,0.43794411420822144,0.022085146978497505,0.5637604594230652,1.4347633123397827,0.00045349265565164387,64.60343170166016,-3.668148337965249e-06,0.00012017244443995878,6.641472282353789e-05,0.19374951720237732,0.3018212616443634,0.008349181152880192,0.5808534026145935,1.512311339378357,,,,,,,,,,,,,,
140,model.layers.19.self_attn.q_proj.weight,4096,1024,0.000244140625,0.00017911089526023716,2.860522508621216,-0.0010086189722642303,0.17814090847969055,0.0012967048678547144,0.21619048714637756,0.2339928299188614,0.01385206263512373,0.42285260558128357,1.524349331855774,0.00021010442287661135,245.47459411621094,1.7345333617413417e-05,0.0001564904669066891,7.517018093494698e-05,0.216306671500206,0.2761403024196625,0.008106506429612637,0.5215008854866028,1.5273760557174683,8.0,0.07226817309856415,0.08121290802955627,0.8076837658882141,-2.364113925068523e-06,-0.0007247537141665816,0.19930914044380188,,-0.004771174397319555,-0.0005142684676684439,-0.012506421655416489,0.060821373015642166,,
140,model.layers.19.self_attn.k_proj.weight,512,1024,0.0009765625,0.001076952670700848,2.895472764968872,-4.318389201785067e-09,0.18352986872196198,0.00074765580939129,0.23302121460437775,0.22455939650535583,0.011032751761376858,0.6046469211578369,1.3542091846466064,0.0008504338911734521,83.85506439208984,1.143073404819006e-06,6.911129457876086e-05,3.999110049335286e-05,0.2002280056476593,0.29014965891838074,0.008157096803188324,0.575672447681427,1.446938157081604,,,,,,,,,,,,,,
140,model.layers.19.self_attn.v_proj.weight,512,1024,0.0009765625,0.0006772740161977708,1.5050106048583984,0.002758962335065007,0.14653697609901428,0.0014681769534945488,0.11829976737499237,0.2843788266181946,0.005867830477654934,0.7228506803512573,1.4375159740447998,0.0008468046435154974,56.41604232788086,-8.482616067340132e-06,5.244417116045952e-05,8.079699910013005e-05,0.21134695410728455,0.28471124172210693,0.007901531644165516,0.5100376009941101,1.4456727504730225,,,,,,,,,,,,,,
140,model.layers.19.self_attn.o_proj.weight,1024,2048,0.00048828125,0.0004905639798380435,1.4530109167099,0.0009497151477262378,0.2544468343257904,4.804934360436164e-05,0.06782655417919159,0.4757438898086548,0.00880944449454546,0.5789645910263062,1.4448028802871704,0.0004274113161955029,111.30233764648438,1.5843117580516264e-05,0.0001014426743495278,6.159622716950253e-05,0.2132565826177597,0.27941328287124634,0.008608908392488956,0.5350081324577332,1.4752119779586792,,,,,,,,,,,,,,
140,model.layers.1.mlp.gate_proj.weight,3584,1024,0.00027901785714285713,0.00047667050966992974,2.8135714530944824,0.0004022986686322838,0.26504161953926086,0.0002986423787660897,0.170065239071846,0.31607818603515625,0.008310534060001373,0.5313231945037842,1.5072174072265625,0.0002815164625644684,288.7022399902344,2.308032344444655e-05,0.0001304721226915717,9.540839528199285e-05,0.23166821897029877,0.25863564014434814,0.009330064989626408,0.5109132528305054,1.5155935287475586,,,,,,,,,,,,,0.3808664381504059,0.35476598143577576
140,model.layers.1.mlp.up_proj.weight,3584,1024,0.00027901785714285713,0.00024845279403962195,2.5322141647338867,-0.00021689785353373736,0.45192405581474304,0.0001435893791494891,0.15367591381072998,0.3299736976623535,0.010018746368587017,0.4980698525905609,1.5164964199066162,0.0002960372075904161,165.85623168945312,-6.61097203646932e-07,0.0001614778011571616,0.0001145524438470602,0.23062050342559814,0.2603701949119568,0.009807271882891655,0.5030428767204285,1.5098648071289062,,,,,,,,,,,,,,
140,model.layers.1.mlp.down_proj.weight,1024,3584,0.00027901785714285713,0.0002673308190423995,4.094616889953613,-0.00022544585226569325,0.4355425238609314,0.001353196450509131,0.18342825770378113,0.28145769238471985,0.01439804956316948,0.5451932549476624,1.4296215772628784,0.0002706120430957526,219.64730834960938,7.5139791988476645e-06,0.00016763724852353334,6.47845517960377e-05,0.21063028275966644,0.2781207859516144,0.00829804502427578,0.5536317229270935,1.5019664764404297,8.0,0.06349390000104904,0.06534393876791,0.8187054991722107,-0.00015998036542441696,-0.16486483812332153,2.879589796066284,,-0.027002163231372833,-0.024744153022766113,0.020508991554379463,0.0682360976934433,,
140,model.layers.12.mlp.gate_proj.weight,3584,1024,0.00027901785714285713,0.00020439503714442253,2.9058501720428467,0.0008140319841913879,0.3158130347728729,0.0008322165813297033,0.18088392913341522,0.24633115530014038,0.006025142502039671,0.5858129858970642,1.5266523361206055,0.00025430801906622946,194.92965698242188,1.482830793975154e-05,0.00016497590695507824,9.170735575025901e-05,0.2172289788722992,0.2762511670589447,0.007710579317063093,0.5386322140693665,1.5256786346435547,,,,,,,,,,,,,,
140,model.layers.12.mlp.up_proj.weight,3584,1024,0.00027901785714285713,0.00024581426987424493,2.7502851486206055,0.00024224654771387577,0.5217563509941101,0.0004749838262796402,0.2172108292579651,0.2503001093864441,0.008730598725378513,0.5095702409744263,1.5199086666107178,0.00026009255088865757,150.9430694580078,-4.43758517576498e-06,0.00018925571930594742,7.561721577076241e-05,0.22122955322265625,0.26623377203941345,0.0096629299223423,0.503903865814209,1.509942889213562,,,,,,,,,,,,,,
140,model.layers.12.mlp.down_proj.weight,1024,3584,0.00027901785714285713,0.00026088824961334467,5.76207971572876,0.0002704146900214255,0.4977690577507019,0.00013060943456366658,0.21448898315429688,0.27271026372909546,0.026931051164865494,0.5013575553894043,1.383154034614563,0.00025903951609507203,97.61541748046875,1.197515939566074e-05,0.000204847936402075,6.51646259939298e-05,0.1905979961156845,0.29979318380355835,0.007935493253171444,0.5943030714988708,1.5192654132843018,8.0,0.07335077226161957,0.07461870461702347,0.8347214460372925,-3.702001413330436e-05,-0.024810221046209335,2.558091640472412,,-0.00018366347649134696,-0.0021978237200528383,0.009047750383615494,0.03337644040584564,,
140,model.layers.22.mlp.gate_proj.weight,3584,1024,0.00027901785714285713,0.00026852148585021496,3.402409315109253,0.0014387035043910146,0.10894431173801422,0.0007317918934859335,0.18353953957557678,0.2595166265964508,0.006528215948492289,0.5559085011482239,1.524012565612793,0.0002329496492166072,253.84458923339844,-4.507670837483602e-06,0.00013298806152306497,7.033051952021196e-05,0.2265879362821579,0.2638857960700989,0.00940033234655857,0.5256324410438538,1.5224460363388062,,,,,,,,,,,,,0.24099057912826538,0.23732389509677887
140,model.layers.22.mlp.up_proj.weight,3584,1024,0.00027901785714285713,0.0002773230953607708,2.9407427310943604,0.0010873087448999286,0.2650119662284851,0.0007541431114077568,0.17259792983531952,0.2996854782104492,0.012936114333570004,0.5805534720420837,1.5078282356262207,0.0002772286534309387,202.1880645751953,1.4804641978116706e-05,0.0001683416630839929,0.00012025922478642315,0.23527555167675018,0.2547508478164673,0.010100172832608223,0.503341019153595,1.5110386610031128,,,,,,,,,,,,,,
140,model.layers.22.mlp.down_proj.weight,1024,3584,0.00027901785714285713,0.00037540882476605475,2.8313379287719727,0.001339518348686397,0.23687335848808289,0.00012448817142285407,0.10982238501310349,0.40541571378707886,0.007433690130710602,0.563488245010376,1.4666998386383057,0.00026901919045485556,167.5003662109375,1.6506537576788105e-05,0.00017625636246521026,7.025854574749246e-05,0.22900065779685974,0.26235631108283997,0.008563550189137459,0.5174584984779358,1.4775784015655518,8.0,0.08890709280967712,0.08201923221349716,0.8130863308906555,2.1165447833482176e-05,0.009376157075166702,0.7624011039733887,0.0022573691613529063,0.0021189439576119184,0.00282103568315506,0.00402042968198657,0.11754073202610016,,
140,model.layers.1.linear_attn.in_proj_qkv.weight,6144,1024,0.00016276041666666666,0.00013081086217425764,2.2924892902374268,0.0002816933556459844,0.22991663217544556,0.0006049255025573075,0.18226931989192963,0.26439619064331055,0.007570636924356222,0.5133705735206604,1.5340187549591064,0.00016767921624705195,277.1500244140625,1.6423371562268585e-05,0.00015441569848917425,6.158158794278279e-05,0.227720707654953,0.26326295733451843,0.00717588048428297,0.520351767539978,1.53762686252594,8.0,0.0660015195608139,0.06314143538475037,0.790211021900177,-2.4732033125474118e-05,-0.025634482502937317,0.383563756942749,,-0.02468533255159855,-0.034658949822187424,0.03467302769422531,0.11624413728713989,,
140,model.layers.1.linear_attn.out_proj.weight,1024,2048,0.00048828125,0.000227061434998177,1.2855420112609863,0.00017512984049972147,0.5652068257331848,0.000394105794839561,0.11132817715406418,0.381868839263916,0.011626976542174816,0.5258020162582397,1.4434765577316284,0.00047702924348413944,150.85284423828125,8.325247108587064e-06,0.00010768251377157867,0.00011472336336737499,0.2071959376335144,0.2848690450191498,0.009076433256268501,0.558955192565918,1.4930871725082397,,,,,,,,,,,,,,
140,model.layers.12.linear_attn.in_proj_qkv.weight,6144,1024,0.00016276041666666666,6.166450475575402e-05,2.249042272567749,0.00025151215959340334,0.33249667286872864,0.00038951478200033307,0.15923623740673065,0.25492286682128906,0.0031684115529060364,0.5895928144454956,1.5522040128707886,0.00013474062143359333,188.95755004882812,9.19889316719491e-06,0.0001828713429858908,7.2570561314933e-05,0.21287362277507782,0.28000515699386597,0.007392629515379667,0.5326713919639587,1.542029619216919,8.0,0.07284671068191528,0.07584584504365921,0.7886931896209717,-1.2798378520528786e-05,-0.01402618270367384,0.3284156918525696,,-0.01962488889694214,-0.01107098814100027,0.013061382807791233,0.10412736237049103,,
140,model.layers.12.linear_attn.out_proj.weight,1024,2048,0.00048828125,0.0003226933185942471,2.3485922813415527,0.0007821433828212321,0.4388706386089325,8.103672735160217e-05,0.16177959740161896,0.34138578176498413,0.02384782023727894,0.529499888420105,1.4022984504699707,0.0004765280755236745,61.71669387817383,2.075774500553962e-05,0.00014069634198676795,6.382881110766903e-05,0.18639236688613892,0.3087087869644165,0.007398842368274927,0.5998579263687134,1.5111700296401978,,,,,,,,,,,,,,
140,model.layers.21.linear_attn.in_proj_qkv.weight,6144,1024,0.00016276041666666666,9.909918298944831e-05,3.1788249015808105,0.00026778652681969106,0.08225350826978683,0.0008177502895705402,0.17995001375675201,0.255764901638031,0.0065086884424090385,0.5670377612113953,1.5425814390182495,0.00014368098345585167,310.09710693359375,1.6007912790882983e-06,0.00014630983059760183,6.988973473198712e-05,0.22577033936977386,0.264540433883667,0.007511857897043228,0.5297268033027649,1.5390613079071045,8.0,0.07506158202886581,0.07691894471645355,0.827279269695282,-1.8689291891860194e-08,-4.667613029596396e-05,0.028962261974811554,,0.0012994513381272554,-0.00025590581935830414,-0.007043702527880669,0.03618811443448067,,
140,model.layers.21.linear_attn.out_proj.weight,1024,2048,0.00048828125,0.0004096745396964252,2.865666389465332,0.0006141645717434585,0.14842069149017334,0.00015431694919243455,0.14685973525047302,0.36154061555862427,0.00833046156913042,0.55134117603302,1.4687737226486206,0.0004366016364656389,107.9238510131836,2.1910758732701652e-05,0.00012094896374037489,7.020173507044092e-05,0.21786822378635406,0.2754310667514801,0.008857415057718754,0.5160180926322937,1.4707106351852417,,,,,,,,,,,,,,
160,model.layers.7.self_attn.q_proj.weight,4096,1024,0.000244140625,0.00011382982484064996,3.062004566192627,0.00048093192162923515,0.22867602109909058,0.001357116037979722,0.17624226212501526,0.2674686908721924,0.008761360310018063,0.5487397313117981,1.5354620218276978,0.00021509146608877927,232.68975830078125,1.0298924280505162e-05,0.0001647389872232452,8.173756941687316e-05,0.22263047099113464,0.2688021957874298,0.008557064458727837,0.5247123837471008,1.5267378091812134,8.0,0.08454855531454086,0.09196823835372925,0.7819427251815796,-2.439589252389851e-06,3.905865014530718e-06,0.2424272894859314,-0.6245964065102139,-0.0029965981375426054,0.001680857385508716,-0.004170358180999756,0.04242844507098198,0.6042461395263672,0.5826394557952881
160,model.layers.7.self_attn.k_proj.weight,512,1024,0.0009765625,0.001093027531169355,3.989945650100708,1.8475066099199466e-06,0.16269122064113617,0.0011286141816526651,0.16406908631324768,0.24978937208652496,0.02556711994111538,0.6915766000747681,1.3262962102890015,0.0010016842279583216,92.80671691894531,3.779243343160488e-05,6.959579332033172e-05,0.000136763381306082,0.2004789561033249,0.28460100293159485,0.008786633610725403,0.5697149634361267,1.4157078266143799,,,,,,,,,,,,,,
160,model.layers.7.self_attn.v_proj.weight,512,1024,0.0009765625,0.0008325426606461406,1.932500958442688,0.0007012546993792057,0.3299092650413513,0.00010985818516928703,0.12365671247243881,0.256612628698349,0.0019782138988375664,0.7689710259437561,1.4762414693832397,0.0009425769094377756,59.74766159057617,5.739351036027074e-05,7.089874270604923e-05,0.00014191612717695534,0.2306828796863556,0.2553865611553192,0.008031221106648445,0.5138174891471863,1.4641317129135132,,,,,,,,,,,,,,
160,model.layers.7.self_attn.o_proj.weight,1024,2048,0.00048828125,0.0002519847475923598,2.161729097366333,0.0002388664142927155,0.5072844624519348,5.400340160122141e-05,0.14765113592147827,0.3500966727733612,0.015442636795341969,0.5122118592262268,1.4224568605422974,0.0004954275791533291,52.827091217041016,4.825123323826119e-05,0.00014430852024815977,5.1431834435788915e-05,0.18049219250679016,0.31423574686050415,0.006980022881180048,0.6124081611633301,1.5195618867874146,,,,,,,,,,,,,,
160,model.layers.15.self_attn.q_proj.weight,4096,1024,0.000244140625,0.00012905093899462372,3.382059335708618,-0.00010924760135821998,0.22480107843875885,0.0002459546667523682,0.207630917429924,0.24514535069465637,0.0036769176367670298,0.4598480761051178,1.54729163646698,0.00021070390357635915,225.7511749267578,4.464371158974245e-06,0.0001501418009866029,9.471506928093731e-05,0.22236280143260956,0.2676351070404053,0.007844914682209492,0.5035482048988342,1.5324589014053345,8.0,0.0820288434624672,0.08114022761583328,0.827068030834198,9.864412504612119e-07,-0.00021250102145131677,0.1663205772638321,,0.00024310301523655653,1.9785402400884777e-05,0.004317122511565685,0.04671705886721611,,
160,model.layers.15.self_attn.k_proj.weight,512,1024,0.0009765625,0.0008990602218545973,5.199283123016357,-5.375296495913062e-06,0.1772163361310959,0.00010305022442480549,0.2640216648578644,0.22297602891921997,0.003912786487489939,0.538562536239624,1.471885085105896,0.0008843053947202861,88.65242767333984,1.894996421469841e-05,6.523497722810134e-05,0.00011172876111231744,0.1994166523218155,0.2947380840778351,0.007248213980346918,0.5744138360023499,1.4766191244125366,,,,,,,,,,,,,,
160,model.layers.15.self_attn.v_proj.weight,512,1024,0.0009765625,0.000821405032183975,1.6831587553024292,-0.0011447146534919739,0.19344794750213623,9.941157622961327e-05,0.16430117189884186,0.2749372124671936,0.005430629476904869,0.6993991136550903,1.4408930540084839,0.0009334634523838758,72.78899383544922,6.3739012148289476e-06,5.485759538714774e-05,6.666447734460235e-05,0.22698479890823364,0.26113009452819824,0.009415727108716965,0.5143036246299744,1.4493712186813354,,,,,,,,,,,,,0.43012768030166626,0.4794829487800598
160,model.layers.15.self_attn.o_proj.weight,1024,2048,0.00048828125,0.00045227413647808135,1.782896876335144,-0.0003870066429954022,0.3431224226951599,3.096596628893167e-05,0.08327611535787582,0.4723351299762726,0.01917388290166855,0.5888100266456604,1.423525094985962,0.00047365447971969843,59.3377685546875,7.808785994711798e-06,0.00011353593436069787,7.586550782434642e-05,0.19674988090991974,0.3000272810459137,0.008093371987342834,0.5706481337547302,1.493522047996521,,,,,,,,,,,,,,
160,model.layers.19.self_attn.q_proj.weight,4096,1024,0.000244140625,0.00018802995327860117,3.5550248622894287,9.984768985304981e-05,0.12559917569160461,0.00037824801984243095,0.21799786388874054,0.23682749271392822,0.006715322844684124,0.43359482288360596,1.5320836305618286,0.00021314238256309181,211.9556427001953,2.394383500359254e-06,0.0001491911243647337,7.68829122534953e-05,0.21750640869140625,0.27291178703308105,0.008399751037359238,0.5151960849761963,1.526714563369751,8.0,0.0780843049287796,0.08146689087152481,0.8102001547813416,-2.436325416965701e-07,-0.0005743730580434203,0.07245580852031708,,-0.007679047994315624,-0.00154209416359663,0.0016910089179873466,0.05730614438652992,,
160,model.layers.19.self_attn.k_proj.weight,512,1024,0.0009765625,0.001121706678532064,3.601072311401367,5.652471827488625e-06,0.13008444011211395,0.0002978502307087183,0.23912177979946136,0.23824313282966614,0.010654532350599766,0.5823403000831604,1.3703590631484985,0.0009438005508854985,82.83518981933594,-5.978389162919484e-05,6.347308226395398e-05,5.4566229664487764e-05,0.2065209299325943,0.2830982208251953,0.008424798958003521,0.569898784160614,1.4602075815200806,,,,,,,,,,,,,,
160,model.layers.19.self_attn.v_proj.weight,512,1024,0.0009765625,0.0005944092990830541,1.6083641052246094,0.0011737572494894266,0.10193318128585815,0.00010401385952718556,0.12904781103134155,0.26819759607315063,0.003314920235425234,0.6828209757804871,1.4354037046432495,0.0009532973635941744,61.96730041503906,5.57929615752073e-06,4.799915768671781e-05,6.83813268551603e-05,0.20841091871261597,0.28682583570480347,0.008736815303564072,0.5271921753883362,1.4221347570419312,,,,,,,,,,,,,,
160,model.layers.19.self_attn.o_proj.weight,1024,2048,0.00048828125,0.0005005929269827902,1.4210598468780518,0.0003658406203612685,0.19658532738685608,3.89893539249897e-05,0.05824458226561546,0.505006730556488,0.00788893923163414,0.5973009467124939,1.459055781364441,0.00047007756074890494,121.54785919189453,1.2240253454365302e-05,9.413137013325468e-05,7.169238233473152e-05,0.21218916773796082,0.2781456410884857,0.008835852146148682,0.5257348418235779,1.4738880395889282,,,,,,,,,,,,,,
160,model.layers.1.mlp.gate_proj.weight,3584,1024,0.00027901785714285713,0.00023420974321197718,3.008945941925049,-5.241314283921383e-05,0.21307668089866638,0.0003775226650759578,0.1715608537197113,0.30883896350860596,0.00839232187718153,0.5317540764808655,1.5126198530197144,0.00026928773149847984,250.49273681640625,9.18722253118176e-06,0.00016220990801230073,7.253207149915397e-05,0.23404580354690552,0.2559611201286316,0.009035869501531124,0.5099486112594604,1.5164536237716675,,,,,,,,,,,,,0.42870357632637024,0.42526188492774963
160,model.layers.1.mlp.up_proj.weight,3584,1024,0.00027901785714285713,0.000330491951899603,2.856604814529419,0.00011843819811474532,0.35035333037376404,8.200175943784416e-05,0.16575248539447784,0.3244422674179077,0.007369945757091045,0.5089649558067322,1.5130250453948975,0.00028652307810261846,151.31649780273438,3.356129309395328e-05,0.00020280476019252092,7.28227969375439e-05,0.2317977100610733,0.257565975189209,0.009763260371983051,0.5014393329620361,1.50985848903656,,,,,,,,,,,,,,
160,model.layers.1.mlp.down_proj.weight,1024,3584,0.00027901785714285713,0.00030249368865042925,5.271368503570557,0.000121492070320528,0.3437175154685974,0.0026173468213528395,0.1901758462190628,0.2785014808177948,0.01916060782968998,0.5380612015724182,1.4232136011123657,0.0002763964293990284,198.49868774414062,1.6608182704658248e-05,0.0002060834813164547,0.00012825074372813106,0.2197830229997635,0.2689831852912903,0.008958624675869942,0.5351024866104126,1.4721053838729858,8.0,0.08501376956701279,0.08840744197368622,0.8588815927505493,-1.4103666217124555e-05,0.008480365388095379,0.800342321395874,-0.0016630965261146755,0.0013028456596657634,0.0037791829090565443,-0.0030597893055528402,0.043069932609796524,,
160,model.layers.12.mlp.gate_proj.weight,3584,1024,0.00027901785714285713,0.0002007363218581304,3.170785903930664,-4.8713765863794833e-05,0.2418791502714157,0.0009209841955453157,0.17942996323108673,0.2502286732196808,0.006429357919842005,0.5803325176239014,1.5246367454528809,0.0002487881574779749,183.80535888671875,3.734843176061986e-06,0.00016393036639783531,8.684895146870986e-05,0.21385382115840912,0.27848750352859497,0.00807789247483015,0.5445988178253174,1.5264074802398682,,,,,,,,,,,,,,
160,model.layers.12.mlp.up_proj.weight,3584,1024,0.00027901785714285713,0.00025695376098155975,2.941075325012207,-0.0002011721662711352,0.39903539419174194,0.000358485704055056,0.21030637621879578,0.2535501718521118,0.006345036439597607,0.5190597772598267,1.5169163942337036,0.00027099938597530127,150.75811767578125,2.7565352866076864e-05,0.00018586107762530446,9.354452777188271e-05,0.22365741431713104,0.2658241391181946,0.009837006218731403,0.5032024383544922,1.5053367614746094,,,,,,,,,,,,,,
160,model.layers.12.mlp.down_proj.weight,1024,3584,0.00027901785714285713,0.00027143917395733297,6.460960388183594,-0.00022132854792289436,0.3719368577003479,0.00026573712239041924,0.21244357526302338,0.27295538783073425,0.0257069393992424,0.5004038214683533,1.3725519180297852,0.00026100498507730663,131.501953125,5.4500407713931054e-05,0.00019983826496172696,7.726555486442521e-05,0.1971074342727661,0.2913850247859955,0.008266002871096134,0.5811114311218262,1.5046004056930542,8.0,0.08335182815790176,0.0854259505867958,0.8346479535102844,7.649720828339923e-06,-0.0010574802290648222,1.048051118850708,,0.008600668050348759,-0.00026468842406757176,0.001666181138716638,0.02331061102449894,,
160,model.layers.22.mlp.gate_proj.weight,3584,1024,0.00027901785714285713,0.0002099878474837169,3.220940351486206,0.0012164143845438957,0.08381429314613342,0.000562160974368453,0.1812821924686432,0.2582205832004547,0.006534811574965715,0.5653201341629028,1.5255573987960815,0.0002460619725752622,259.6814880371094,1.0254982043989003e-05,0.000123890713439323,8.511001942679286e-05,0.2251354604959488,0.26721325516700745,0.008894161321222782,0.5324862003326416,1.5233949422836304,,,,,,,,,,,,,0.5513689517974854,0.5692105293273926
160,model.layers.22.mlp.up_proj.weight,3584,1024,0.00027901785714285713,0.0004939838545396924,3.0995497703552246,0.0007098112255334854,0.20094828307628632,0.000702621357049793,0.17294569313526154,0.2987235486507416,0.011439493857324123,0.5853758454322815,1.5133155584335327,0.00029377074679359794,204.91038513183594,2.351991497562267e-05,0.00015792866179253906,9.470892837271094e-05,0.23421776294708252,0.2564148008823395,0.009797106496989727,0.5060952305793762,1.5101057291030884,,,,,,,,,,,,,,
160,model.layers.22.mlp.down_proj.weight,1024,3584,0.00027901785714285713,0.00033553005778230727,2.6455929279327393,0.0008178184507414699,0.18998703360557556,0.00010072734585264698,0.1057414710521698,0.39901411533355713,0.00667016115039587,0.5521659255027771,1.4628304243087769,0.00027529607177712023,160.84017944335938,1.6592468455201015e-05,0.00016702264838386327,0.00010060305066872388,0.2272530049085617,0.2653733491897583,0.008794739842414856,0.5194212794303894,1.4802021980285645,8.0,0.09283353388309479,0.09187739342451096,0.7397254705429077,-7.827578883734532e-06,-0.0016090688295662403,0.3539411425590515,,-0.005423220805823803,-0.0017681963508948684,-0.008117709308862686,0.0978892520070076,,
160,model.layers.1.linear_attn.in_proj_qkv.weight,6144,1024,0.00016276041666666666,0.00011317212920403108,2.625833511352539,-2.2143760361359455e-05,0.173084557056427,0.0012985150096938014,0.18481731414794922,0.2680044174194336,0.01060099434107542,0.523722231388092,1.533230185508728,0.00015598387108184397,199.61094665527344,1.540914126962889e-05,0.00020878219220321625,7.497243495890871e-05,0.23224803805351257,0.25911253690719604,0.0077565694227814674,0.5134526491165161,1.5335783958435059,8.0,0.08932148665189743,0.0909932553768158,0.8461934328079224,-7.004411600064486e-06,0.0016225951258093119,0.09273718297481537,-0.004316795661869656,0.012119664810597897,0.006201679818332195,-0.010451490059494972,0.05041608586907387,,
160,model.layers.1.linear_attn.out_proj.weight,1024,2048,0.00048828125,0.0012552336556836963,1.3568484783172607,-0.00027351605240255594,0.41746786236763,0.0002957189572043717,0.12639234960079193,0.3544255495071411,0.0089045949280262,0.5072125196456909,1.4474232196807861,0.00045374478213489056,127.24610137939453,5.160314685781486e-06,0.0001313124957960099,7.055649621179327e-05,0.21454796195030212,0.27598387002944946,0.009187535382807255,0.5399907827377319,1.4836331605911255,,,,,,,,,,,,,,
160,model.layers.12.linear_attn.in_proj_qkv.weight,6144,1024,0.00016276041666666666,6.640614446951076e-05,2.429403781890869,-9.708970173960552e-05,0.24782589077949524,0.0002755384484771639,0.151112899184227,0.26160135865211487,0.002711610635742545,0.6089373826980591,1.5528538227081299,0.00014465051935985684,167.5708465576172,7.243083018693142e-06,0.0001793934789020568,5.974439773126505e-05,0.20973244309425354,0.28190141916275024,0.007129833102226257,0.5372445583343506,1.5435175895690918,8.0,0.09550473093986511,0.0910673439502716,0.7914771437644958,-1.762526835591416e-07,0.0018280762014910579,0.1273791342973709,-9.641429794632319e-05,0.006170604377985001,0.002833453705534339,0.003568702144548297,0.06284967809915543,,
160,model.layers.12.linear_attn.out_proj.weight,1024,2048,0.00048828125,0.0003355717344675213,2.386707305908203,0.00011067747254855931,0.33238616585731506,3.670959995361045e-05,0.1614154726266861,0.3359065651893616,0.022976672276854515,0.5193150043487549,1.4115816354751587,0.00043913332046940923,64.62921142578125,2.1777434085379355e-05,0.00013943634985480458,6.380401464411989e-05,0.19036954641342163,0.30380529165267944,0.007901482284069061,0.5880669355392456,1.4952226877212524,,,,,,,,,,,,,,
160,model.layers.21.linear_attn.in_proj_qkv.weight,6144,1024,0.00016276041666666666,0.00014911239850334823,3.3241078853607178,-9.855726966634393e-05,0.06556683033704758,0.0015146865043789148,0.1769561618566513,0.2513776421546936,0.007441435009241104,0.5721859335899353,1.5427669286727905,0.00014672096585854888,278.9544677734375,2.7030139335693093e-06,0.00013938610209152102,6.918668077560142e-05,0.22554758191108704,0.26653555035591125,0.007311949040740728,0.5333365201950073,1.534757137298584,8.0,0.07791408151388168,0.07969845831394196,0.809584379196167,-1.4037055962035083e-08,-0.0001304642646573484,0.014947962015867233,,-0.003232490736991167,-0.0026111770421266556,0.010011379607021809,0.05413522943854332,,
160,model.layers.21.linear_attn.out_proj.weight,1024,2048,0.00048828125,0.0003755631623789668,2.8023669719696045,0.0002467530139256269,0.11954598128795624,5.0121903768740594e-05,0.148508682847023,0.3607046902179718,0.0059243119321763515,0.5543307065963745,1.4848756790161133,0.0004362689796835184,93.96942901611328,2.1479376300703734e-05,0.00012059491564286873,7.200310210464522e-05,0.21587668359279633,0.2785610258579254,0.008927756920456886,0.5209807753562927,1.4808125495910645,,,,,,,,,,,,,,
180,model.layers.7.self_attn.q_proj.weight,4096,1024,0.000244140625,0.00019728412735275924,2.6671955585479736,-0.00014918862143531442,0.3136998116970062,0.0012428190093487501,0.18181931972503662,0.2572299838066101,0.010602207854390144,0.5298362970352173,1.531917929649353,0.0002136054972652346,239.6211395263672,3.1253126508090645e-05,0.00015295272169169039,5.962141585769132e-05,0.22417862713336945,0.2674092948436737,0.008492141962051392,0.5215510725975037,1.5270475149154663,8.0,0.0790746882557869,0.0751633420586586,0.8790788054466248,1.5236411854857579e-05,-0.0003464260953478515,0.281880259513855,,0.0019501048373058438,-0.0002520136767998338,-0.006079899612814188,0.061518918722867966,0.39883875846862793,0.3923843801021576
180,model.layers.7.self_attn.k_proj.weight,512,1024,0.0009765625,0.0019522799411788583,3.400848150253296,-1.697218613117002e-05,0.2334950864315033,0.008238270878791809,0.13960722088813782,0.2700550854206085,0.036624979227781296,0.7060253620147705,1.2994850873947144,0.0009027906926348805,63.746463775634766,-3.576232302293647e-06,6.030680742696859e-05,6.335347279673442e-05,0.20585006475448608,0.2783457338809967,0.009133628569543362,0.557379961013794,1.410827875137329,,,,,,,,,,,,,,
180,model.layers.7.self_attn.v_proj.weight,512,1024,0.0009765625,0.0008589713834226131,1.8765032291412354,-0.001548981643281877,0.4359421133995056,0.0002385968982707709,0.13480643928050995,0.25154829025268555,0.002573118545114994,0.7395026087760925,1.4815486669540405,0.0008738694014027715,76.36436462402344,4.027574505016673e-06,6.366891466313973e-05,0.00012988595699425787,0.22836489975452423,0.2573526203632355,0.008821344934403896,0.5205134749412537,1.4185899496078491,,,,,,,,,,,,,,
180,model.layers.7.self_attn.o_proj.weight,1024,2048,0.00048828125,0.00022894106223247945,1.9838467836380005,-0.0005004908889532089,0.7154631018638611,3.93628106394317e-05,0.14795032143592834,0.3538225591182709,0.014797422103583813,0.52407306432724,1.437264323234558,0.0004785495693795383,50.45087814331055,3.159837797284126e-05,0.00013422270421870053,4.437762618181296e-05,0.1713857501745224,0.3240472376346588,0.006570717785507441,0.6325935125350952,1.5288026332855225,,,,,,,,,,,,,,
180,model.layers.15.self_attn.q_proj.weight,4096,1024,0.000244140625,0.00015681084187235683,3.819427728652954,-6.26246037427336e-05,0.32664409279823303,0.0002050422626780346,0.2271461933851242,0.22554932534694672,0.003779364749789238,0.43325695395469666,1.545928716659546,0.0002109369816025719,209.59661865234375,6.130811470939079e-06,0.00015393419016618282,6.582477362826467e-05,0.2229178100824356,0.2687673270702362,0.008103905245661736,0.50638747215271,1.5263898372650146,8.0,0.07696226239204407,0.07509759813547134,0.887202799320221,3.2863085834833328e-06,0.0019682394340634346,0.3150075376033783,0.0016696691096665722,-0.0003671168815344572,0.0010278786066919565,-0.0035019011702388525,0.04960242286324501,,
180,model.layers.15.self_attn.k_proj.weight,512,1024,0.0009765625,0.0010768385836854577,4.148556232452393,-1.237572814716259e-05,0.3047504425048828,8.225559577113017e-05,0.24792906641960144,0.24728846549987793,0.004231329541653395,0.5429444909095764,1.4521654844284058,0.0009237495250999928,66.9233627319336,2.325313471374102e-05,6.465445039793849e-05,5.45421899005305e-05,0.19684642553329468,0.2970820367336273,0.00655758660286665,0.583409309387207,1.4682872295379639,,,,,,,,,,,,,,
180,model.layers.15.self_attn.v_proj.weight,512,1024,0.0009765625,0.0009234646568074822,1.8490651845932007,-0.00039439849206246436,0.29747673869132996,8.748212712816894e-05,0.1962781846523285,0.2526683509349823,0.0033859675750136375,0.637880265712738,1.4587563276290894,0.0009400376584380865,54.754451751708984,1.6085792594822124e-05,5.5501415772596374e-05,8.138408156810328e-05,0.21659569442272186,0.2718051075935364,0.008787528611719608,0.5341123342514038,1.4222315549850464,,,,,,,,,,,,,0.3539542853832245,0.3305233120918274
180,model.layers.15.self_attn.o_proj.weight,1024,2048,0.00048828125,0.0004234536609146744,1.8011221885681152,-0.00014580407878383994,0.5105839967727661,2.5139992430922575e-05,0.09767679125070572,0.43077942728996277,0.01569916307926178,0.5630687475204468,1.4411715269088745,0.00046025606570765376,109.45246887207031,1.3187671356718056e-05,0.00011585359607124701,6.969975947868079e-05,0.19621887803077698,0.2991337776184082,0.008307242766022682,0.5754755735397339,1.5031464099884033,,,,,,,,,,,,,,
180,model.layers.19.self_attn.q_proj.weight,4096,1024,0.000244140625,0.00016645870346110314,3.1837263107299805,0.0003372920909896493,0.20270979404449463,0.0002982744190376252,0.21976803243160248,0.2422710657119751,0.007634877227246761,0.44091084599494934,1.530901312828064,0.00022112217266112566,247.5812530517578,8.311407327710185e-06,0.0001507053675595671,6.000378562021069e-05,0.21859358251094818,0.2726624310016632,0.008341800421476364,0.5174543261528015,1.5294922590255737,8.0,0.07508199661970139,0.07207796722650528,0.8624178767204285,2.5788500579437823e-07,-0.0006742774276062846,0.1065681055188179,,0.0003883315366692841,-0.0006539672031067312,0.011273307725787163,0.06306563317775726,,
180,model.layers.19.self_attn.k_proj.weight,512,1024,0.0009765625,0.0010048383846879005,4.365541934967041,2.3177861294243485e-05,0.18357892334461212,0.0008972921641543508,0.24002674221992493,0.22528328001499176,0.016418833285570145,0.5681675672531128,1.326175570487976,0.0011033046757802367,87.19390869140625,6.603552174055949e-05,6.562106864294037e-05,9.750718163559213e-05,0.20892083644866943,0.27514156699180603,0.008011376485228539,0.557955265045166,1.4470136165618896,,,,,,,,,,,,,,
180,model.layers.19.self_attn.v_proj.weight,512,1024,0.0009765625,0.0006428700289689004,1.6860226392745972,0.0016205217689275742,0.13591259717941284,0.0009633688605390489,0.14633376896381378,0.2589568495750427,0.005164915695786476,0.6904789209365845,1.4469956159591675,0.000911007053218782,81.51555633544922,8.710811016499065e-06,4.7692428779555485e-05,0.00010765374463517219,0.21453601121902466,0.27843254804611206,0.008532247506082058,0.5202699899673462,1.4170427322387695,,,,,,,,,,,,,,
180,model.layers.19.self_attn.o_proj.weight,1024,2048,0.00048828125,0.000498131790664047,1.4970521926879883,0.00048061422421596944,0.27382293343544006,4.613300188793801e-05,0.0617096908390522,0.5354354381561279,0.008153745904564857,0.6566869616508484,1.4689579010009766,0.0004757226270157844,122.01506805419922,3.7188001442700624e-06,9.689170110505074e-05,7.533812458859757e-05,0.20914320647716522,0.28123611211776733,0.008812800981104374,0.5391495823860168,1.4782694578170776,,,,,,,,,,,,,,
180,model.layers.1.mlp.gate_proj.weight,3584,1024,0.00027901785714285713,0.00027836731169372797,2.904508590698242,-9.674497414380312e-05,0.3572503924369812,0.0004208829195704311,0.17935678362846375,0.30558446049690247,0.010063768364489079,0.5321683883666992,1.5136773586273193,0.0002755939494818449,280.82049560546875,2.4118035071296617e-05,0.0001412835845258087,9.907862113323063e-05,0.2346559315919876,0.25726833939552307,0.00938654225319624,0.5090540647506714,1.5118998289108276,,,,,,,,,,,,,0.39769288897514343,0.38720279932022095
180,model.layers.1.mlp.up_proj.weight,3584,1024,0.00027901785714285713,0.00024954022956080735,2.6727566719055176,-0.00038058741483837366,0.5820258855819702,0.00010357969586038962,0.16824552416801453,0.3133467435836792,0.007574260700494051,0.49833184480667114,1.5105208158493042,0.0002683313796296716,145.60440063476562,3.5605335142463446e-05,0.00017608821508474648,7.321035081986338e-05,0.23210743069648743,0.25821956992149353,0.009615987539291382,0.5000044107437134,1.5103293657302856,,,,,,,,,,,,,,
180,model.layers.1.mlp.down_proj.weight,1024,3584,0.00027901785714285713,0.0002457000664435327,4.735270023345947,-0.000387142674298957,0.5670324563980103,0.0011216457933187485,0.19513335824012756,0.2732900381088257,0.014483382925391197,0.5295029282569885,1.4394410848617554,0.0002806788543239236,244.2217559814453,1.8347962395637296e-05,0.00017889143782667816,9.670376311987638e-05,0.2192017287015915,0.2708173096179962,0.00895927008241415,0.5387340784072876,1.4806925058364868,8.0,0.06924907863140106,0.07573068886995316,0.8998245596885681,-1.3887989553040825e-05,0.004359469749033451,1.5142388343811035,-0.003185706141468229,8.77868224051781e-05,0.0010508528212085366,-0.004317809361964464,0.04571637883782387,,
180,model.layers.12.mlp.gate_proj.weight,3584,1024,0.00027901785714285713,0.0001842542551457882,2.980943441390991,0.00020592888176906854,0.36325740814208984,0.0008888846496120095,0.18563781678676605,0.24594497680664062,0.007410735357552767,0.5803874731063843,1.527607798576355,0.00022250332403928041,206.58135986328125,1.0844156577149988e-06,0.00016539092757739127,7.076765177771449e-05,0.21495643258094788,0.27656033635139465,0.007974990643560886,0.5428357124328613,1.520745038986206,,,,,,,,,,,,,,
180,model.layers.12.mlp.up_proj.weight,3584,1024,0.00027901785714285713,0.00028092594584450126,2.7008793354034424,-3.43794199579861e-05,0.5974287986755371,0.0004431540728546679,0.22184617817401886,0.24336645007133484,0.007182230241596699,0.5058578848838806,1.5170516967773438,0.0002725779777392745,156.81358337402344,3.195267345290631e-05,0.00018813367933034897,0.00010564732656348497,0.22486717998981476,0.2639800012111664,0.009683732874691486,0.5029736161231995,1.5093268156051636,,,,,,,,,,,,,,
180,model.layers.12.mlp.down_proj.weight,1024,3584,0.00027901785714285713,0.00024355985806323588,5.606114387512207,-3.372141873114742e-05,0.5707165598869324,0.0001902855292428285,0.2117805778980255,0.275600790977478,0.023275235667824745,0.505510687828064,1.3963934183120728,0.00023714346752967685,126.15372467041016,-3.2918994747888064e-06,0.0001994710328290239,8.603878086432815e-05,0.1959526240825653,0.29446282982826233,0.007967435754835606,0.5851197242736816,1.516413927078247,8.0,0.06831087172031403,0.07597893476486206,0.8983207941055298,-3.0185439754859544e-05,-0.005683355499058962,1.783644199371338,,-0.004312539007514715,-0.00024232834402937442,0.0019957157783210278,0.03727644309401512,,
180,model.layers.22.mlp.gate_proj.weight,3584,1024,0.00027901785714285713,0.00026430856087245047,2.8553905487060547,-0.0004144365666434169,0.12099839746952057,0.0011999645503237844,0.1699153035879135,0.2700149416923523,0.008532498963177204,0.5579974055290222,1.524412751197815,0.00023762107593938708,252.18887329101562,4.252445251040626e-06,0.000122226367238909,0.00010244470468023792,0.22661280632019043,0.26456835865974426,0.009705313481390476,0.5271772146224976,1.5155746936798096,,,,,,,,,,,,,0.3690893054008484,0.3753925561904907
180,model.layers.22.mlp.up_proj.weight,3584,1024,0.00027901785714285713,0.0002552656806074083,2.9830892086029053,-0.0002648338850121945,0.26268574595451355,0.0009641157230362296,0.1644347906112671,0.30786171555519104,0.013923555612564087,0.5831155180931091,1.5137332677841187,0.00027510212385095656,219.41458129882812,2.6653877284843475e-05,0.0001543256948934868,9.672258602222428e-05,0.23347331583499908,0.25612443685531616,0.010059641674160957,0.5066143274307251,1.515743374824524,,,,,,,,,,,,,,
180,model.layers.22.mlp.down_proj.weight,1024,3584,0.00027901785714285713,0.0004693579103332013,2.564398765563965,-0.0002993035304825753,0.2576163113117218,0.00016541790682822466,0.09692450612783432,0.4270513653755188,0.007306508254259825,0.6010204553604126,1.4784067869186401,0.00028573939925991,144.8402557373047,2.245998075522948e-05,0.00016730710922274739,0.00011071532208006829,0.22251492738723755,0.26882022619247437,0.008470357395708561,0.5282635688781738,1.4803060293197632,8.0,0.08444136381149292,0.07480378448963165,0.854478120803833,1.9036742742173374e-05,0.002169406972825527,0.40325355529785156,0.008775090603391543,-0.0001759807055350393,0.00033239767071790993,-0.0067670620046556,0.11239247769117355,,
180,model.layers.1.linear_attn.in_proj_qkv.weight,6144,1024,0.00016276041666666666,0.00010264083539368585,2.3391623497009277,0.0004291438381187618,0.3028579354286194,0.0005332164000719786,0.18616218864917755,0.26100507378578186,0.006502783857285976,0.5147349238395691,1.5368740558624268,0.00015360912948381156,234.2310791015625,7.89411296864273e-06,0.00017104657308664173,6.482108437921852e-05,0.2296125441789627,0.26213690638542175,0.007151277735829353,0.5172958970069885,1.5377610921859741,8.0,0.07044090330600739,0.0752117857336998,0.8853040933609009,-1.0844200005521998e-05,0.0015461579896509647,0.1753055304288864,-0.007013642899436174,-0.000885702611412853,0.001975343795493245,-0.004530764650553465,0.06454196572303772,,
180,model.layers.1.linear_attn.out_proj.weight,1024,2048,0.00048828125,0.0001923478121170774,1.3417154550552368,0.00018225777603220195,0.6912441849708557,0.0005454611382447183,0.1233033537864685,0.3789037764072418,0.01525837741792202,0.5373048782348633,1.4554296731948853,0.0004377863951958716,124.19125366210938,4.506271216087043e-05,0.00011523647117428482,0.00010227423626929522,0.21161463856697083,0.2787562310695648,0.008577361702919006,0.5465839505195618,1.4755080938339233,,,,,,,,,,,,,,
180,model.layers.12.linear_attn.in_proj_qkv.weight,6144,1024,0.00016276041666666666,6.932708492968231e-05,2.182403564453125,-3.321951226098463e-05,0.32981017231941223,0.00023255257110577077,0.15699812769889832,0.2580125629901886,0.0022514048032462597,0.6093458533287048,1.5530933141708374,0.00013325091276783496,194.32281494140625,2.0294266505516134e-05,0.00017604310414753854,6.106548244133592e-05,0.2130557894706726,0.2799703776836395,0.00725542800500989,0.5353019833564758,1.5417463779449463,8.0,0.07144266366958618,0.083218514919281,0.8654393553733826,6.15639464740525e-06,0.0060208928771317005,0.20516031980514526,0.0010225052617674375,-0.0003636657784227282,0.00476617319509387,-0.00680402759462595,0.09768372774124146,,
180,model.layers.12.linear_attn.out_proj.weight,1024,2048,0.00048828125,0.00031562475487589836,2.3975207805633545,-0.00024500995641574264,0.4810508191585541,4.3297437514411286e-05,0.16255564987659454,0.33617138862609863,0.016911031678318977,0.5232481360435486,1.4276456832885742,0.00044761973549611866,75.82636260986328,3.59454752469901e-05,0.00013787829084321856,7.50871331547387e-05,0.19065774977207184,0.30379557609558105,0.0074895150028169155,0.588598906993866,1.4926754236221313,,,,,,,,,,,,,,
180,model.layers.21.linear_attn.in_proj_qkv.weight,6144,1024,0.00016276041666666666,0.00010389021917944774,3.0615336894989014,6.147642125142738e-05,0.08499939739704132,0.0013521176297217607,0.1814425140619278,0.25154727697372437,0.00877424143254757,0.5623731017112732,1.5371222496032715,0.00014872026804368943,273.28009033203125,5.654511369357351e-06,0.00014464322885032743,8.118197729345411e-05,0.22946488857269287,0.2618166506290436,0.008369178511202335,0.52446049451828,1.533762812614441,8.0,0.07891249656677246,0.08015931397676468,0.8598195314407349,-1.456106815567182e-06,-0.001816060859709978,0.01791539415717125,,-0.022818656638264656,-0.023451974615454674,0.005066550336778164,0.1115235909819603,,
180,model.layers.21.linear_attn.out_proj.weight,1024,2048,0.00048828125,0.0003492285031825304,2.818453550338745,-0.0005811862647533417,0.15869688987731934,0.00015388110477942973,0.14164888858795166,0.3666767179965973,0.008051377721130848,0.5612759590148926,1.4683314561843872,0.0004168559971731156,98.18102264404297,1.5124788660614286e-05,0.00012083937326679006,7.489963172702119e-05,0.21309146285057068,0.2794231176376343,0.00834327656775713,0.5272091627120972,1.4825217723846436,,,,,,,,,,,,,,
200,model.layers.7.self_attn.q_proj.weight,4096,1024,0.000244140625,0.0001304549805354327,3.107210159301758,-0.001576051814481616,0.35849326848983765,0.002175582107156515,0.17454363405704498,0.26399895548820496,0.012178984470665455,0.541286051273346,1.5326133966445923,0.00020202810992486775,245.24969482421875,1.751936724758707e-05,0.00015339367382694036,7.001933408901095e-05,0.22369489073753357,0.2682177722454071,0.008635359816253185,0.5226615071296692,1.5282424688339233,8.0,0.07623059302568436,0.07376672327518463,0.8847150206565857,1.518147109891288e-05,0.007176655810326338,0.31441760063171387,0.002115396293224566,0.004059547558426857,0.004194557201117277,0.009776243008673191,0.07059410214424133,0.3005707859992981,0.2866809666156769
200,model.layers.7.self_attn.k_proj.weight,512,1024,0.0009765625,0.0012140359031036496,3.4185543060302734,-1.146802787843626e-05,0.27242475748062134,0.002047860762104392,0.15288399159908295,0.26118776202201843,0.02185959927737713,0.7037913203239441,1.307493805885315,0.0009767819428816438,92.07666015625,4.498187263379805e-05,5.929646795266308e-05,0.00010418734746053815,0.21042679250240326,0.2744193375110626,0.00856542494148016,0.5548595190048218,1.4261010885238647,,,,,,,,,,,,,,
200,model.layers.7.self_attn.v_proj.weight,512,1024,0.0009765625,0.000837813364341855,2.1082050800323486,-0.0005734943551942706,0.452092707157135,0.0003537047014106065,0.14430035650730133,0.25279542803764343,0.003659378970041871,0.7257464528083801,1.471814751625061,0.0009472712990827858,81.18750762939453,3.670543446787633e-05,6.204724195413291e-05,0.0001238825061591342,0.22591422498226166,0.26222801208496094,0.0065022981725633144,0.5331344604492188,1.4689016342163086,,,,,,,,,,,,,,
200,model.layers.7.self_attn.o_proj.weight,1024,2048,0.00048828125,0.00022149841242935508,2.155527114868164,-0.00018987106159329414,0.7463636994361877,2.512668834242504e-05,0.14891433715820312,0.35489770770072937,0.01233616378158331,0.5244911909103394,1.4240018129348755,0.0004385444335639477,67.86040496826172,3.9818518416723236e-05,0.00013189736637286842,6.92744433763437e-05,0.1788167804479599,0.31715524196624756,0.007104149088263512,0.618151843547821,1.5262762308120728,,,,,,,,,,,,,,
200,model.layers.15.self_attn.q_proj.weight,4096,1024,0.000244140625,0.000126695740618743,3.2980518341064453,5.603205136139877e-05,0.30109891295433044,0.0002392540336586535,0.22672103345394135,0.21982181072235107,0.0030653823632746935,0.41066205501556396,1.546237587928772,0.00021100707817822695,251.3184051513672,6.022014531481545e-06,0.00014447404828388244,7.205919246189296e-05,0.22079028189182281,0.2692273259162903,0.007853256538510323,0.5084372758865356,1.532663345336914,8.0,0.06482607871294022,0.06389609724283218,0.8946945071220398,-6.090388637858268e-09,0.001852714573033154,0.24799250066280365,-3.2872784218928263e-06,-0.0005523967556655407,0.0005454304628074169,0.009163844399154186,0.05425834283232689,,
200,model.layers.15.self_attn.k_proj.weight,512,1024,0.0009765625,0.0010528482962399721,3.745147466659546,-1.0503995326871518e-06,0.2616097033023834,0.00016932745347730815,0.2583334445953369,0.2306375950574875,0.004894609097391367,0.5209171175956726,1.44771146774292,0.0009610825800336897,61.89651107788086,5.8902252931147814e-05,5.979580964776687e-05,3.950593963963911e-05,0.20674251019954681,0.2869720160961151,0.007520509418100119,0.5616320371627808,1.4571689367294312,,,,,,,,,,,,,,
200,model.layers.15.self_attn.v_proj.weight,512,1024,0.0009765625,0.0008735366864129901,1.77202570438385,-0.0013097808696329594,0.25557422637939453,0.0002206670615123585,0.17377495765686035,0.2665073275566101,0.008949440903961658,0.6639444828033447,1.4446663856506348,0.000927366956602782,78.20716857910156,2.3338810933637433e-05,5.023833364248276e-05,5.669303209288046e-05,0.22899194061756134,0.2619827389717102,0.00734550878405571,0.5125609040260315,1.4764679670333862,,,,,,,,,,,,,0.26931723952293396,0.26926204562187195
200,model.layers.15.self_attn.o_proj.weight,1024,2048,0.00048828125,0.00040102971252053976,1.8730719089508057,-0.000443059514509514,0.45282313227653503,3.29986032738816e-05,0.09095672518014908,0.44920140504837036,0.01110619492828846,0.576793372631073,1.443489909172058,0.0004849275865126401,43.65879440307617,1.455351502954727e-05,0.00010707040928537026,6.640068022534251e-05,0.19576717913150787,0.29981184005737305,0.008138076402246952,0.5777927041053772,1.498961091041565,,,,,,,,,,,,,,
200,model.layers.19.self_attn.q_proj.weight,4096,1024,0.000244140625,0.0001859577459981665,3.0051186084747314,0.0002817362837959081,0.1709536910057068,0.0008624669280834496,0.22211584448814392,0.23661325871944427,0.010151109658181667,0.44191503524780273,1.5327528715133667,0.00020633377425838262,246.3219757080078,1.5296096535166726e-05,0.0001420533808413893,7.54363281885162e-05,0.21913854777812958,0.27406740188598633,0.008352893404662609,0.5177140831947327,1.5248446464538574,8.0,0.07070744782686234,0.06446049362421036,0.8836740255355835,1.8015637124335626e-06,1.775160853867419e-06,0.09415821731090546,1.0148735020314477,0.004088456742465496,1.2390684787533246e-05,0.0016576204216107726,0.054502591490745544,,
200,model.layers.19.self_attn.k_proj.weight,512,1024,0.0009765625,0.0008764690719544888,3.8645195960998535,-5.470466931001283e-06,0.15925447642803192,0.0005714804865419865,0.25476664304733276,0.21620027720928192,0.01123107224702835,0.5557374358177185,1.3822591304779053,0.0010765601182356477,76.80977630615234,3.236697011743672e-05,6.309534364845604e-05,9.484422480454668e-05,0.2039007693529129,0.28562411665916443,0.00741652911528945,0.5699246525764465,1.467405915260315,,,,,,,,,,,,,,
200,model.layers.19.self_attn.v_proj.weight,512,1024,0.0009765625,0.0011487379670143127,1.532302975654602,-0.004141401965171099,0.12609872221946716,0.0031669640447944403,0.11223367601633072,0.2797204554080963,0.010242342948913574,0.7195091843605042,1.4188092947006226,0.0009272930328734219,47.9681396484375,-1.0378515071352012e-05,4.841126428800635e-05,0.00013700782437808812,0.21216726303100586,0.28011149168014526,0.009961036033928394,0.5126331448554993,1.4082136154174805,,,,,,,,,,,,,,
200,model.layers.19.self_attn.o_proj.weight,1024,2048,0.00048828125,0.0006964259664528072,1.4540691375732422,-0.0012506205821409822,0.24834315478801727,0.00010368101357016712,0.05419887974858284,0.5468043684959412,0.016879379749298096,0.6536851525306702,1.4584074020385742,0.0004177106893621385,98.06664276123047,2.0571331333485432e-05,9.104243508772925e-05,7.961274241097271e-05,0.2092324197292328,0.28341713547706604,0.008931820280849934,0.5404638648033142,1.4730442762374878,,,,,,,,,,,,,,
200,model.layers.1.mlp.gate_proj.weight,3584,1024,0.00027901785714285713,0.00023007977870292962,2.857926845550537,0.0010307402117177844,0.35026922821998596,0.00028119911439716816,0.17700214684009552,0.302659273147583,0.009179131127893925,0.5241680145263672,1.5089398622512817,0.00027604392380453646,288.2921142578125,1.760153827490285e-05,0.00013379084703046829,7.722619193373248e-05,0.23293106257915497,0.25786182284355164,0.009267017245292664,0.5116023421287537,1.512921929359436,,,,,,,,,,,,,0.2902877926826477,0.30410417914390564
200,model.layers.1.mlp.up_proj.weight,3584,1024,0.00027901785714285713,0.0002696353185456246,2.5145061016082764,0.0009376000962220132,0.5918797254562378,9.852646326180547e-05,0.1624421924352646,0.32151129841804504,0.007915763184428215,0.4990684390068054,1.5040428638458252,0.00027211965061724186,182.01992797851562,5.442824840429239e-05,0.00016507820691913366,8.412540046265349e-05,0.2325199842453003,0.2579279839992523,0.009731031022965908,0.5015168190002441,1.5075181722640991,,,,,,,,,,,,,,
200,model.layers.1.mlp.down_proj.weight,1024,3584,0.00027901785714285713,0.0002687131054699421,4.622486591339111,0.0009937533177435398,0.5664414763450623,0.0007913715089671314,0.19365021586418152,0.2732638120651245,0.012831497937440872,0.5301867723464966,1.4353084564208984,0.0002904853317886591,225.49700927734375,5.664353011525236e-05,0.0001704747264739126,0.00010160419333260506,0.21933920681476593,0.2688294053077698,0.009132570587098598,0.5378419160842896,1.4770816564559937,8.0,0.07585424184799194,0.07642416656017303,0.8828960657119751,3.934582491638139e-05,0.06374859809875488,2.0551376342773438,0.0006172029831217555,0.005483034532517195,0.008119585923850536,0.022327790036797523,0.05826539173722267,,
200,model.layers.12.mlp.gate_proj.weight,3584,1024,0.00027901785714285713,0.00018844963051378727,2.8582603931427,-1.781347265250588e-07,0.3417617976665497,0.00047035698662512004,0.18641462922096252,0.24363528192043304,0.004813318140804768,0.5742919445037842,1.5287623405456543,0.00023932040494401008,193.86114501953125,5.5347472880384885e-06,0.00015783894923515618,7.586607534904033e-05,0.21532323956489563,0.27676117420196533,0.007909812964498997,0.5444340705871582,1.5273233652114868,,,,,,,,,,,,,,
200,model.layers.12.mlp.up_proj.weight,3584,1024,0.00027901785714285713,0.0002564920287113637,2.6635026931762695,3.0974839319242164e-05,0.565627932548523,0.0005125611205585301,0.20884191989898682,0.25425538420677185,0.00855938345193863,0.527495265007019,1.515838861465454,0.00027036608662456274,154.43699645996094,3.081317845499143e-05,0.000178411602973938,9.655883332015947e-05,0.22366635501384735,0.2656070590019226,0.009810905903577805,0.5063725709915161,1.5080159902572632,,,,,,,,,,,,,,
200,model.layers.12.mlp.down_proj.weight,1024,3584,0.00027901785714285713,0.0002462890406604856,5.593292713165283,2.7263775336905383e-05,0.5232812166213989,0.0001203369683935307,0.20990905165672302,0.27822455763816833,0.020470784977078438,0.507932722568512,1.3973270654678345,0.0002449123130645603,107.39595794677734,2.4598715754109435e-05,0.00019337263074703515,8.481884287903085e-05,0.1942661851644516,0.2973670959472656,0.007897226139903069,0.5899555683135986,1.5025590658187866,8.0,0.07162875682115555,0.0689154788851738,0.9065007567405701,1.9983646780019626e-05,0.007138443645089865,1.6400580406188965,0.002799440294491259,0.00019791358499787748,0.000446823745733127,-0.004372975789010525,0.024084966629743576,,
200,model.layers.22.mlp.gate_proj.weight,3584,1024,0.00027901785714285713,0.00019583707035053521,3.0020105838775635,0.0008535839733667672,0.10308008641004562,0.0007342718890868127,0.17311590909957886,0.2654673457145691,0.006797243840992451,0.5672861337661743,1.520689606666565,0.00023716325813438743,242.9948272705078,5.987909844407113e-06,0.00011524470755830407,6.325174035737291e-05,0.2251279056072235,0.2649294435977936,0.009230227209627628,0.5287267565727234,1.5239697694778442,,,,,,,,,,,,,0.30166053771972656,0.3011419177055359
200,model.layers.22.mlp.up_proj.weight,3584,1024,0.00027901785714285713,0.0002132767258444801,3.2383289337158203,0.0006503494805656374,0.2301424741744995,0.0006257880595512688,0.1732335388660431,0.3008762300014496,0.011724631302058697,0.5756561756134033,1.5135818719863892,0.0002847338037099689,195.05303955078125,7.1703966568748e-06,0.00014773162547498941,0.00010727436892921105,0.23394739627838135,0.25606808066368103,0.009854464791715145,0.5049934387207031,1.5109189748764038,,,,,,,,,,,,,,
200,model.layers.22.mlp.down_proj.weight,1024,3584,0.00027901785714285713,0.0004392610280774534,2.6879680156707764,0.0007513198652304709,0.21635669469833374,0.00012247590348124504,0.10311058908700943,0.41858941316604614,0.006197825074195862,0.5836052894592285,1.4697257280349731,0.000262843823293224,156.46255493164062,2.0287869119783863e-05,0.00015737653302494437,5.737287210649811e-05,0.22887490689754486,0.2607964277267456,0.008792114444077015,0.5156179070472717,1.4668644666671753,8.0,0.07131142169237137,0.06313841789960861,0.8637791872024536,-9.423717983736424e-08,0.0008219080627895892,0.3328755497932434,-0.00011465659494508356,0.009216143749654293,0.0006476265261881053,-0.005713229067623615,0.11081349849700928,,
200,model.layers.1.linear_attn.in_proj_qkv.weight,6144,1024,0.00016276041666666666,0.0001290349755436182,2.453028678894043,0.00010301500878995284,0.29189804196357727,0.0006128631648607552,0.1909313201904297,0.2644045948982239,0.00701085664331913,0.5228390693664551,1.5324747562408447,0.00015310636081267148,253.12139892578125,2.041239531536121e-05,0.00016468788089696318,8.047804294619709e-05,0.2332274168729782,0.2590441107749939,0.007324990816414356,0.5122683048248291,1.533878207206726,8.0,0.07641041278839111,0.07753588259220123,0.8568859100341797,6.5051599449361674e-06,0.011260643601417542,0.27860432863235474,0.0005776898883574707,0.010221077129244804,0.012900851666927338,0.027162862941622734,0.09312479943037033,,
200,model.layers.1.linear_attn.out_proj.weight,1024,2048,0.00048828125,0.0002659724559634924,1.3519021272659302,-0.00026249466463923454,0.7017356157302856,0.00044128860463388264,0.1260279268026352,0.3676927983760834,0.014840999618172646,0.5191365480422974,1.44093656539917,0.00042745479731820524,139.63453674316406,2.3012069505057298e-05,0.000109803382656537,0.00010824971104739234,0.2116718590259552,0.2803860008716583,0.008429866284132004,0.5501291751861572,1.4748159646987915,,,,,,,,,,,,,,
200,model.layers.12.linear_attn.in_proj_qkv.weight,6144,1024,0.00016276041666666666,6.418803241103888e-05,2.2792234420776367,0.0005186913185752928,0.35331249237060547,0.00044066892587579787,0.16457054018974304,0.24032026529312134,0.003077858593314886,0.5697887539863586,1.5525816679000854,0.0001444754161639139,224.86033630371094,7.73453666624846e-06,0.00016956230683717877,6.94844638928771e-05,0.213222935795784,0.280301958322525,0.007162709254771471,0.5353145599365234,1.5392404794692993,8.0,0.07634241133928299,0.0819878876209259,0.8589796423912048,4.1639391383796465e-06,0.0059226262383162975,0.19361495971679688,0.0007030562069645955,0.00336071802303195,0.0042992266826331615,-0.002864791313186288,0.09017124027013779,,
200,model.layers.12.linear_attn.out_proj.weight,1024,2048,0.00048828125,0.0003047491773031652,2.326319932937622,0.0007799443555995822,0.4563615024089813,5.86099449719768e-05,0.16205048561096191,0.3351508378982544,0.0153461042791605,0.5197373628616333,1.4120699167251587,0.00046237613423727453,65.85527801513672,4.3394946260377765e-05,0.000130240194266662,6.503899930976331e-05,0.18827930092811584,0.3059461712837219,0.007550245150923729,0.5945926308631897,1.5006755590438843,,,,,,,,,,,,,,
200,model.layers.21.linear_attn.in_proj_qkv.weight,6144,1024,0.00016276041666666666,0.0001350312086287886,3.3947479724884033,0.00032665772596374154,0.07449816912412643,0.001539880409836769,0.1839102953672409,0.2474554032087326,0.008295764215290546,0.5686452388763428,1.5419296026229858,0.0001523063547210768,301.3488464355469,-1.7872426951726084e-06,0.00014244922203943133,7.38161543267779e-05,0.22911041975021362,0.26138338446617126,0.008439380675554276,0.5251464247703552,1.5338424444198608,8.0,0.05712534859776497,0.061450209468603134,0.8977753520011902,2.76970610002536e-07,-1.6982496163109317e-05,0.014164234511554241,,-0.0003480883897282183,-0.0001331829116679728,-0.0084805553779006,0.031369298696517944,,
200,model.layers.21.linear_attn.out_proj.weight,1024,2048,0.00048828125,0.00036782462848350406,3.0886290073394775,0.0011621351586654782,0.14912280440330505,0.0001416112936567515,0.14787067472934723,0.35906654596328735,0.008236430585384369,0.5540341734886169,1.4825342893600464,0.0004328808281570673,110.03677368164062,1.8954417100758292e-05,0.00011454470222815871,6.701140227960423e-05,0.21664103865623474,0.2759273648262024,0.008690343238413334,0.5182223916053772,1.4647209644317627,,,,,,,,,,,,,,
220,model.layers.7.self_attn.q_proj.weight,4096,1024,0.000244140625,8.785378304310143e-05,2.4437670707702637,-0.0003780743572860956,0.3287322223186493,0.0010460729245096445,0.17365801334381104,0.26759424805641174,0.009426272474229336,0.5421046018600464,1.5366415977478027,0.00018365043797530234,221.85194396972656,1.7918055164045654e-05,0.00015606101078446954,7.0990550739225e-05,0.22148385643959045,0.2704017758369446,0.00839465856552124,0.5263155102729797,1.523856282234192,8.0,0.07879817485809326,0.0723343938589096,0.8998087644577026,6.101256531110266e-07,0.0020848573185503483,0.19422851502895355,0.0002926462389931133,0.0010316470870748162,0.002000955631956458,0.011029699817299843,0.054339971393346786,0.2542211711406708,0.25666698813438416
220,model.layers.7.self_attn.k_proj.weight,512,1024,0.0009765625,0.0012350265169516206,2.475299835205078,-1.5232745681714732e-05,0.2343563735485077,0.0027858002576977015,0.14027836918830872,0.24481362104415894,0.02320205420255661,0.7331103682518005,1.3243135213851929,0.0009688117424957454,80.38652038574219,9.304480045102537e-06,6.52845119475387e-05,7.246290624607354e-05,0.21064569056034088,0.2733187675476074,0.008630294352769852,0.5476629137992859,1.4173409938812256,,,,,,,,,,,,,,
220,model.layers.7.self_attn.v_proj.weight,512,1024,0.0009765625,0.000853904290124774,1.8896971940994263,-0.0018555872375145555,0.4204535186290741,0.0004052267177030444,0.13509391248226166,0.2506522536277771,0.004452375695109367,0.745446503162384,1.4439449310302734,0.0009339759708382189,89.86088562011719,2.0176961697870865e-05,6.183042569318786e-05,0.00012024390889564529,0.2273370325565338,0.25980493426322937,0.010337311774492264,0.5275338888168335,1.4257980585098267,,,,,,,,,,,,,,
220,model.layers.7.self_attn.o_proj.weight,1024,2048,0.00048828125,0.00019766441255342215,1.938293218612671,-0.000609350623562932,0.6825734376907349,4.0935687138698995e-05,0.14933036267757416,0.3463352918624878,0.01524895429611206,0.5116398930549622,1.4189605712890625,0.00046548055252060294,51.833770751953125,3.213280433556065e-05,0.00013397287693805993,5.734248043154366e-05,0.17918193340301514,0.3160112202167511,0.006747276522219181,0.6200912594795227,1.5236433744430542,,,,,,,,,,,,,,
220,model.layers.15.self_attn.q_proj.weight,4096,1024,0.000244140625,0.0001328157086391002,3.385807752609253,-0.00022542805527336895,0.31697773933410645,0.0003360729606356472,0.21996477246284485,0.23136170208454132,0.003483513370156288,0.4289528429508209,1.5480057001113892,0.00020072126062586904,211.0798797607422,3.0171757316566072e-05,0.0001535936025902629,7.229938637465239e-05,0.21841572225093842,0.27203384041786194,0.007918113842606544,0.5060418844223022,1.5316716432571411,8.0,0.0629476010799408,0.06542520970106125,0.904999315738678,3.5552352528611664e-06,0.00031118624610826373,0.19449666142463684,0.011424782738065733,0.0038034815806895494,0.0008569990168325603,0.012490667402744293,0.058673400431871414,,
220,model.layers.15.self_attn.k_proj.weight,512,1024,0.0009765625,0.0009380168048664927,4.047499656677246,-2.9875502605136717e-06,0.2585694193840027,0.00017858821956906468,0.2734438180923462,0.21994152665138245,0.003774550510570407,0.5116190314292908,1.4554837942123413,0.0010567095596343279,88.38701629638672,-1.7013042452163063e-05,6.441510049626231e-05,5.863690603291616e-05,0.2022591233253479,0.2898659408092499,0.0063244435004889965,0.5729799866676331,1.4808043241500854,,,,,,,,,,,,,,
220,model.layers.15.self_attn.v_proj.weight,512,1024,0.0009765625,0.0008811613661237061,1.8784490823745728,-8.325623639393598e-06,0.23469167947769165,9.821803541854024e-05,0.15773281455039978,0.27672114968299866,0.006114646792411804,0.6905156970024109,1.4455243349075317,0.0009945010533556342,55.04320526123047,-7.972655112098437e-06,5.1079754484817386e-05,5.27090705872979e-05,0.23114491999149323,0.2610275447368622,0.007011866196990013,0.5081421732902527,1.4656596183776855,,,,,,,,,,,,,0.2619713842868805,0.2633846402168274
220,model.layers.15.self_attn.o_proj.weight,1024,2048,0.00048828125,0.0003710784367285669,1.6786220073699951,-5.337671609595418e-06,0.46208828687667847,2.6491932658245787e-05,0.08642744272947311,0.4586009979248047,0.009585723280906677,0.5783836245536804,1.446146845817566,0.00043070362880825996,43.646480560302734,8.522378266206942e-06,0.0001172111151390709,6.935375859029591e-05,0.18536339700222015,0.31347376108169556,0.007757760584354401,0.5989950299263,1.51803719997406,,,,,,,,,,,,,,
220,model.layers.19.self_attn.q_proj.weight,4096,1024,0.000244140625,0.0001610874751349911,3.1926987171173096,-0.0002050238981610164,0.16943608224391937,0.00047359507880173624,0.21813249588012695,0.23753124475479126,0.008819791488349438,0.4377843737602234,1.527577519416809,0.00021746029960922897,230.0774688720703,2.407527972536627e-06,0.0001554454502183944,6.684422987746075e-05,0.21652927994728088,0.27464357018470764,0.008406654000282288,0.5202532410621643,1.5266411304473877,8.0,0.06300819665193558,0.06326237320899963,0.8957790732383728,1.1177471037626674e-07,0.0008097169920802116,0.08191283047199249,0.00013804170033422514,0.001602801843546331,0.0019507752731442451,-0.013027586042881012,0.0518839955329895,,
220,model.layers.19.self_attn.k_proj.weight,512,1024,0.0009765625,0.0009226443944498897,3.9637157917022705,1.2629619959625416e-05,0.17007578909397125,0.00020580356067512184,0.2393953502178192,0.22408150136470795,0.011806891299784184,0.5832000374794006,1.3776426315307617,0.0009503184701316059,79.91609954833984,3.3203305065399036e-05,6.487208156613633e-05,2.7381516702007502e-05,0.21232916414737701,0.2766475975513458,0.007863366045057774,0.549730658531189,1.4524568319320679,,,,,,,,,,,,,,
220,model.layers.19.self_attn.v_proj.weight,512,1024,0.0009765625,0.0006542948540300131,1.542611837387085,-0.0006316079525277019,0.14586399495601654,0.0005051943589933217,0.12590616941452026,0.2788911759853363,0.003352970816195011,0.6945887207984924,1.4544353485107422,0.0009443301241844893,73.12260437011719,3.10731206809578e-06,5.1577364502009004e-05,6.833504448877648e-05,0.21039614081382751,0.2869413197040558,0.007646688725799322,0.5153475999832153,1.426769495010376,,,,,,,,,,,,,,
220,model.layers.19.self_attn.o_proj.weight,1024,2048,0.00048828125,0.00048773206071928144,1.3778181076049805,-0.00019845874339807779,0.280998557806015,7.112959428923205e-05,0.060007430613040924,0.5054259300231934,0.010691246017813683,0.5981561541557312,1.4561054706573486,0.0004701659199781716,131.9016876220703,7.879989425418898e-06,0.000101272358733695,8.500152034685016e-05,0.20883847773075104,0.28232571482658386,0.00882503017783165,0.537284255027771,1.4808109998703003,,,,,,,,,,,,,,
220,model.layers.1.mlp.gate_proj.weight,3584,1024,0.00027901785714285713,0.0002232934784842655,3.3033056259155273,0.0005706305964849889,0.2637925446033478,0.0002777207409963012,0.18170535564422607,0.3068809509277344,0.00759966392070055,0.5386500358581543,1.5129698514938354,0.0002876819926314056,290.9548034667969,2.0041130483150482e-05,0.00013086074613966048,8.798965427558869e-05,0.23342101275920868,0.2575177848339081,0.009230528026819229,0.5100952386856079,1.5110187530517578,,,,,,,,,,,,,0.2607201933860779,0.2678011357784271
220,model.layers.1.mlp.up_proj.weight,3584,1024,0.00027901785714285713,0.000669535540509969,2.7631170749664307,0.0009739509550854564,0.4569694995880127,0.00015470646030735224,0.16311350464820862,0.3275108337402344,0.00923333503305912,0.5129217505455017,1.5089669227600098,0.00028074521105736494,187.93687438964844,3.259300137870014e-05,0.00016396556748077273,0.00010640378604875877,0.23053255677223206,0.2585485279560089,0.009957583621144295,0.5010695457458496,1.5130144357681274,,,,,,,,,,,,,,
220,model.layers.1.mlp.down_proj.weight,1024,3584,0.00027901785714285713,0.00029376079328358173,4.9379072189331055,0.000992964836768806,0.44655340909957886,0.0005012067849747837,0.1854751706123352,0.28712907433509827,0.012225729413330555,0.5573587417602539,1.435866355895996,0.0002676704607438296,216.50418090820312,1.5487123164348304e-05,0.00016819276788737625,6.75996852805838e-05,0.21459689736366272,0.2749675512313843,0.008617868646979332,0.5493166446685791,1.4992769956588745,8.0,0.08318372815847397,0.07853977382183075,0.9182978272438049,6.538885645568371e-05,0.021784402430057526,0.7687545418739319,0.0030016364536794428,0.01180535089224577,0.0055925073102116585,0.0011574097443372011,0.04205525293946266,,
220,model.layers.12.mlp.gate_proj.weight,3584,1024,0.00027901785714285713,0.00025680894032120705,3.0838992595672607,-0.0005199012812227011,0.3164159953594208,0.0007248924230225384,0.19628426432609558,0.2389766126871109,0.006624864414334297,0.5554623007774353,1.5271803140640259,0.00022743112640455365,210.7052001953125,1.4509248103422578e-05,0.00016003521159291267,7.916998583823442e-05,0.21534709632396698,0.2764332592487335,0.007663676980882883,0.5411208868026733,1.5229451656341553,,,,,,,,,,,,,,
220,model.layers.12.mlp.up_proj.weight,3584,1024,0.00027901785714285713,0.0002667532244231552,2.747650384902954,-0.0008287058444693685,0.5231348872184753,0.000277991610346362,0.21739831566810608,0.2551499307155609,0.006592927500605583,0.5198869705200195,1.5171711444854736,0.0002722865028772503,156.94496154785156,2.123537524312269e-05,0.00018414568330626935,0.00010796085553010926,0.22291216254234314,0.2663131654262543,0.00987585261464119,0.5056015253067017,1.5102063417434692,,,,,,,,,,,,,,
220,model.layers.12.mlp.down_proj.weight,1024,3584,0.00027901785714285713,0.00028447777731344104,5.099172115325928,-0.0008666325593367219,0.5155606269836426,0.00012698864156845957,0.20033620297908783,0.2939073145389557,0.017659632489085197,0.5354874134063721,1.400049090385437,0.0002524166484363377,92.84028625488281,2.877177576010581e-05,0.00020090697216801345,6.733681220794097e-05,0.19282427430152893,0.2970496118068695,0.008186418563127518,0.5917108654975891,1.5197203159332275,8.0,0.06396715342998505,0.06583552807569504,0.9230602383613586,-4.173422894382384e-06,0.00803324393928051,1.0140653848648071,-0.000519519004517641,-0.0008937817765399814,0.0015821104170754552,-0.007173392456024885,0.025581425055861473,,
220,model.layers.22.mlp.gate_proj.weight,3584,1024,0.00027901785714285713,0.0002304400404682383,3.136202812194824,0.0005866464343853295,0.12331517040729523,0.0007791694952175021,0.18937595188617706,0.25069698691368103,0.006051429081708193,0.5488492846488953,1.524840235710144,0.00023034773766994476,237.99114990234375,6.242409199330723e-06,0.00013828770897816867,9.887849591905251e-05,0.22679689526557922,0.26435720920562744,0.00919360015541315,0.5269187688827515,1.5251716375350952,,,,,,,,,,,,,0.25533145666122437,0.2457086443901062
220,model.layers.22.mlp.up_proj.weight,3584,1024,0.00027901785714285713,0.000215264517464675,2.471897602081299,0.0007770875818096101,0.2907261550426483,0.0012410106137394905,0.18216592073440552,0.2813529372215271,0.0158221535384655,0.5555245876312256,1.5160974264144897,0.00026358975446783006,189.46942138671875,2.8134782041888684e-05,0.0001727589260553941,9.461903391638771e-05,0.2349557727575302,0.25379687547683716,0.009639140218496323,0.5016769766807556,1.5164308547973633,,,,,,,,,,,,,,
220,model.layers.22.mlp.down_proj.weight,1024,3584,0.00027901785714285713,0.00033533619716763496,2.7129905223846436,0.0009403648437000811,0.26308876276016235,0.0003832975053228438,0.11091348528862,0.40363505482673645,0.014779910445213318,0.5526565909385681,1.4544901847839355,0.00026780751068145037,126.911865234375,2.6491197786526754e-05,0.0001843238715082407,9.8453885584604e-05,0.22686800360679626,0.26503780484199524,0.009275203570723534,0.517293393611908,1.4695426225662231,8.0,0.07877031713724136,0.06599225848913193,0.8708929419517517,-8.437024234808632e-07,0.0025187211576849222,0.326151967048645,-0.0003349725398965365,0.006201807875186205,0.001142666907981038,0.0016861099284142256,0.10504518449306488,,
220,model.layers.1.linear_attn.in_proj_qkv.weight,6144,1024,0.00016276041666666666,0.00010958737402688712,2.5397424697875977,0.0005011992179788649,0.2325213998556137,0.0008404177497141063,0.18047475814819336,0.26907387375831604,0.008132300339639187,0.5192877054214478,1.5351356267929077,0.00014183492748998106,325.5387878417969,1.1710353646776639e-05,0.00016279697592835873,5.389529178501107e-05,0.2325718253850937,0.25895562767982483,0.007363663520663977,0.5137987732887268,1.5380202531814575,8.0,0.08668433129787445,0.08089612424373627,0.9024658203125,6.447357918659691e-07,0.0011155034881085157,0.0876346156001091,0.0005779773875554654,0.0008477279916405678,0.00332841370254755,-0.010879050008952618,0.05579885095357895,,
220,model.layers.1.linear_attn.out_proj.weight,1024,2048,0.00048828125,0.0007996030035428703,1.3512264490127563,0.000411699409596622,0.5340352654457092,0.00044157193042337894,0.11999017745256424,0.3743440508842468,0.012983571738004684,0.531215250492096,1.4426912069320679,0.00045982201118022203,157.76727294921875,1.2191986570542213e-05,0.00010991105227731168,0.00010820833267644048,0.20819582045078278,0.28341731429100037,0.008322142995893955,0.5577176809310913,1.4957903623580933,,,,,,,,,,,,,,
220,model.layers.12.linear_attn.in_proj_qkv.weight,6144,1024,0.00016276041666666666,6.684243999188766e-05,2.560610055923462,0.0003137804742436856,0.2998661696910858,0.00038085196865722537,0.1552129089832306,0.2706897258758545,0.0033548176288604736,0.6165168285369873,1.5520732402801514,0.00013220240361988544,200.3286895751953,-3.956269665650325e-06,0.00017398249474354088,6.05043642281089e-05,0.21186888217926025,0.28001484274864197,0.007389068603515625,0.534503161907196,1.5417414903640747,8.0,0.06045227870345116,0.0645097941160202,0.885227620601654,1.481024582972168e-06,0.0017964442959055305,0.13286654651165009,0.0008244199869418331,0.0015202347422018647,0.002394550247117877,0.0015758094377815723,0.09010680764913559,,
220,model.layers.12.linear_attn.out_proj.weight,1024,2048,0.00048828125,0.0003078841255046427,2.3205811977386475,-8.078643440967426e-05,0.441267728805542,5.548245826503262e-05,0.16404271125793457,0.33706292510032654,0.017031684517860413,0.5292094349861145,1.4355777502059937,0.000457288755569607,53.87746810913086,2.7873884391738102e-05,0.00013840952306054533,5.698647510143928e-05,0.1848864108324051,0.3085295557975769,0.007177258841693401,0.6026825904846191,1.508546233177185,,,,,,,,,,,,,,
220,model.layers.21.linear_attn.in_proj_qkv.weight,6144,1024,0.00016276041666666666,9.325203427579254e-05,3.3629231452941895,-0.0005696283769793808,0.08216121792793274,0.0005930500919930637,0.16481521725654602,0.27503788471221924,0.004717360716313124,0.6134045124053955,1.5478137731552124,0.00015104962221812457,310.56646728515625,2.116590167133836e-06,0.00014796403411310166,8.698620513314381e-05,0.2267141193151474,0.2640884220600128,0.007738552521914244,0.5322822332382202,1.5394937992095947,8.0,0.06404609978199005,0.06658753752708435,0.9033432602882385,1.812981054172269e-07,0.00013926916290074587,0.011723941192030907,0.0013017821148708574,-0.0004789047234226018,0.0028961356729269028,0.010422442108392715,0.06123350188136101,,
220,model.layers.21.linear_attn.out_proj.weight,1024,2048,0.00048828125,0.0003930037491954863,2.6874170303344727,0.00023458631767425686,0.15800918638706207,0.0001813609997043386,0.14647427201271057,0.36208611726760864,0.008051637560129166,0.5502068996429443,1.4719374179840088,0.0004028832772746682,95.5609130859375,-5.414647148427321e-06,0.00012847688049077988,8.087074820650741e-05,0.21956858038902283,0.274554580450058,0.008297807537019253,0.5165757536888123,1.4753090143203735,,,,,,,,,,,,,,
240,model.layers.7.self_attn.q_proj.weight,4096,1024,0.000244140625,0.00016272762150038034,2.81472110748291,0.0003112106351181865,0.43650108575820923,0.001433336641639471,0.1767268180847168,0.25942131876945496,0.008689746260643005,0.5433609485626221,1.5363222360610962,0.00020820061035919935,258.0247497558594,2.243727067252621e-05,0.0001455452002119273,7.96483873273246e-05,0.2232121229171753,0.2705204486846924,0.008082631044089794,0.5249196290969849,1.5310677289962769,8.0,0.07728903740644455,0.07160977274179459,0.878498911857605,3.7127294945094036e-06,-0.015866374596953392,0.3402177691459656,,-0.002374931937083602,-0.009830951690673828,0.015227410942316055,0.08514607697725296,0.30580851435661316,0.3118560016155243
240,model.layers.7.self_attn.k_proj.weight,512,1024,0.0009765625,0.0010767966741696,3.554866313934326,2.633790472827968e-06,0.3287636935710907,0.001975167542695999,0.15309233963489532,0.24997876584529877,0.02175099402666092,0.7016000151634216,1.32119619846344,0.0009984613861888647,84.14610290527344,-2.183734295613249e-06,6.060734813218005e-05,0.00013606630091089755,0.21080370247364044,0.2765113413333893,0.008896995335817337,0.5483536720275879,1.4373226165771484,,,,,,,,,,,,,,
240,model.layers.7.self_attn.v_proj.weight,512,1024,0.0009765625,0.000977909192442894,2.2346675395965576,0.00014941688277758658,0.5502258539199829,0.0008603320457041264,0.1452658474445343,0.25030824542045593,0.0041421931236982346,0.7133888006210327,1.468037486076355,0.0008591205696575344,43.97395706176758,6.575872976100072e-05,6.192143337102607e-05,0.00010687638132367283,0.23498846590518951,0.2527158260345459,0.007219996303319931,0.5105168223381042,1.473441243171692,,,,,,,,,,,,,,
240,model.layers.7.self_attn.o_proj.weight,1024,2048,0.00048828125,0.00023637199774384499,2.023902177810669,4.316343620303087e-05,0.996362030506134,2.1199755792622454e-05,0.1395619511604309,0.3792720139026642,0.011063280515372753,0.5613144040107727,1.4386112689971924,0.00048125191824510694,65.9158706665039,1.098743814509362e-05,0.0001284261088585481,6.952366675250232e-05,0.17783322930335999,0.31627508997917175,0.006960283033549786,0.619570791721344,1.5183237791061401,,,,,,,,,,,,,,
240,model.layers.15.self_attn.q_proj.weight,4096,1024,0.000244140625,0.00011937461385969073,2.431081533432007,-1.048619560606312e-05,0.47405532002449036,0.00032870323047973216,0.2176521271467209,0.23511391878128052,0.0031254468485713005,0.44452810287475586,1.546724796295166,0.00020720002066809684,217.4984893798828,1.773985559339053e-06,0.000145899728522636,6.579172622878104e-05,0.222235307097435,0.269260048866272,0.007985162548720837,0.5067204833030701,1.5290759801864624,8.0,0.07929197698831558,0.07049450278282166,0.8903319835662842,-6.501524694613181e-06,-0.005848327651619911,0.31484711170196533,,-0.00479169050231576,-0.0026197766419500113,0.009297937154769897,0.054663341492414474,,
240,model.layers.15.self_attn.k_proj.weight,512,1024,0.0009765625,0.0010942852823063731,3.2992465496063232,-8.808010534266941e-07,0.37789443135261536,0.0003787823661696166,0.27186650037765503,0.2155883014202118,0.004545065574347973,0.5214239954948425,1.4505184888839722,0.0009851130889728665,40.01288604736328,6.942764593986794e-05,6.615347956540063e-05,4.420550249051303e-05,0.19049648940563202,0.30307161808013916,0.006869872100651264,0.5944958329200745,1.4596000909805298,,,,,,,,,,,,,,
240,model.layers.15.self_attn.v_proj.weight,512,1024,0.0009765625,0.0008029284654185176,2.108694314956665,0.0006452970555983484,0.31685885787010193,9.920590673573315e-05,0.17190757393836975,0.2694130539894104,0.004208076745271683,0.656501054763794,1.4435652494430542,0.0008846488781273365,61.10355758666992,3.978190216002986e-05,5.0446324166841805e-05,8.501707634422928e-05,0.22643426060676575,0.2654498815536499,0.006915802601724863,0.5233343839645386,1.476164698600769,,,,,,,,,,,,,0.3197610676288605,0.30694499611854553
240,model.layers.15.self_attn.o_proj.weight,1024,2048,0.00048828125,0.0004626237496268004,1.6666394472122192,0.00018470344366505742,0.663720965385437,1.7380503777530976e-05,0.07854944467544556,0.5111352205276489,0.006556508596986532,0.6319673657417297,1.4463974237442017,0.00046587566612288356,99.64067077636719,-1.8075783145832247e-06,0.00010666796151781455,7.251985516631976e-05,0.1977221667766571,0.2968769073486328,0.00819376204162836,0.5712790489196777,1.493475079536438,,,,,,,,,,,,,,
240,model.layers.19.self_attn.q_proj.weight,4096,1024,0.000244140625,0.00020010571461170912,3.0029258728027344,-0.00030893413349986076,0.22811365127563477,0.00021642028877977282,0.2329481989145279,0.21768797934055328,0.0070336912758648396,0.3930620551109314,1.5253480672836304,0.00019983066886197776,206.41734313964844,9.797513484954834e-06,0.00014517288946080953,7.405588257825002e-05,0.2176554799079895,0.2734284996986389,0.00836879387497902,0.5156570672988892,1.5290058851242065,8.0,0.06813646852970123,0.07164386659860611,0.8842501044273376,-1.6512017282366287e-06,-0.0009862970327958465,0.12631908059120178,,0.0010727520566433668,-0.001615307293832302,-0.003264203667640686,0.0582260861992836,,
240,model.layers.19.self_attn.k_proj.weight,512,1024,0.0009765625,0.0011130981147289276,3.3674721717834473,-1.0540142284298781e-05,0.22538043558597565,0.00036148345679976046,0.2992800176143646,0.18578004837036133,0.0141158951446414,0.495760440826416,1.3558299541473389,0.000915127107873559,59.38531494140625,-1.6059380868682638e-05,6.315746577456594e-05,6.437650881707668e-05,0.2070167362689972,0.2828008234500885,0.00794993992894888,0.5662332773208618,1.4545420408248901,,,,,,,,,,,,,,
240,model.layers.19.self_attn.v_proj.weight,512,1024,0.0009765625,0.0006352653726935387,1.6568882465362549,0.00090025580720976,0.18156012892723083,0.0010728978086262941,0.15173028409481049,0.2566337585449219,0.005154910497367382,0.6689874529838562,1.4542732238769531,0.0009586459491401911,56.64515686035156,-1.2260788935236633e-06,4.917510159430094e-05,3.688263313961215e-05,0.21278786659240723,0.28484103083610535,0.008615043945610523,0.517869234085083,1.4041881561279297,,,,,,,,,,,,,,
240,model.layers.19.self_attn.o_proj.weight,1024,2048,0.00048828125,0.0005106409662403166,1.4191075563430786,0.00026318844174966216,0.35979411005973816,4.847584568778984e-05,0.0633927509188652,0.5261980295181274,0.010563068091869354,0.6317918300628662,1.462588906288147,0.0005029363092035055,137.6022491455078,1.1230972631892655e-05,9.40962927415967e-05,7.945195829961449e-05,0.2078978419303894,0.2845049500465393,0.008879158645868301,0.5430430769920349,1.4799919128417969,,,,,,,,,,,,,,
240,model.layers.1.mlp.gate_proj.weight,3584,1024,0.00027901785714285713,0.0004826759686693549,2.8432846069335938,-0.0008903711568564177,0.49396321177482605,0.0002668666420504451,0.1792943775653839,0.30647796392440796,0.008178742602467537,0.5282835960388184,1.5164111852645874,0.0002824920229613781,274.13238525390625,2.6763673304230906e-05,0.0001491593720857054,8.713306306162849e-05,0.232038676738739,0.25867360830307007,0.009003297425806522,0.5112863779067993,1.512495994567871,,,,,,,,,,,,,0.32589080929756165,0.32832053303718567
240,model.layers.1.mlp.up_proj.weight,3584,1024,0.00027901785714285713,0.00029054706101305783,2.5314769744873047,-0.0007893337751738727,0.8194043636322021,0.00015125730715226382,0.16256089508533478,0.3239855170249939,0.009180957451462746,0.503421425819397,1.513755202293396,0.00026657816488295794,157.07369995117188,3.847931293421425e-05,0.00018472541705705225,9.13645199034363e-05,0.23121047019958496,0.25894418358802795,0.009497911669313908,0.5013288855552673,1.5134190320968628,,,,,,,,,,,,,,
240,model.layers.1.mlp.down_proj.weight,1024,3584,0.00027901785714285713,0.00027390275499783456,4.550143718719482,-0.0008115119417198002,0.7904897928237915,0.001837259973399341,0.19670486450195312,0.26994529366493225,0.01661359891295433,0.5189127922058105,1.4327373504638672,0.00024821364786475897,219.90823364257812,4.083070598426275e-05,0.0001862547651398927,0.00010322925663786009,0.21991099417209625,0.2699735462665558,0.008772721514105797,0.5342546701431274,1.4695478677749634,8.0,0.0739566907286644,0.07771176844835281,0.8957166075706482,-5.286679879645817e-05,-0.08225125074386597,2.011096477508545,,-0.007296817842870951,-0.009610696695744991,0.0012585953809320927,0.04584348201751709,,
240,model.layers.12.mlp.gate_proj.weight,3584,1024,0.00027901785714285713,0.0001919367932714522,2.6812984943389893,0.0013162201503291726,0.5007892847061157,0.0006578014581464231,0.1871269792318344,0.24426794052124023,0.005469173658639193,0.578231692314148,1.5294288396835327,0.0002406201238045469,197.96311950683594,2.234358362329658e-05,0.00015764404088258743,6.905927875777707e-05,0.2140943855047226,0.2789323627948761,0.007632305845618248,0.5450899600982666,1.5259062051773071,,,,,,,,,,,,,,
240,model.layers.12.mlp.up_proj.weight,3584,1024,0.00027901785714285713,0.0002674478746484965,2.51550555229187,0.0007790650124661624,0.8053067326545715,0.0007601011893711984,0.21326079964637756,0.2475065290927887,0.01051256712526083,0.5249050259590149,1.5108146667480469,0.00026972690830007195,156.50213623046875,4.60471746919211e-05,0.00018086394993588328,0.00010307740740245208,0.22350819408893585,0.26555967330932617,0.009568970650434494,0.5036261677742004,1.514906883239746,,,,,,,,,,,,,,
240,model.layers.12.mlp.down_proj.weight,1024,3584,0.00027901785714285713,0.00025758397532626987,4.138091564178467,0.0008137634722515941,0.8009541630744934,0.0001625273289391771,0.20003706216812134,0.2924058437347412,0.01842501014471054,0.5340770483016968,1.407963752746582,0.0002750561689026654,92.72869110107422,3.22054693242535e-05,0.00019433017587289214,8.751857239985839e-05,0.19336846470832825,0.29710066318511963,0.007976417429745197,0.5895957946777344,1.5199763774871826,8.0,0.07886707037687302,0.07581062614917755,0.9112120866775513,-1.04039017969626e-05,-0.011806475929915905,1.806085467338562,,-0.00044356955913826823,-0.0007126848213374615,0.00773082859814167,0.03223095089197159,,
240,model.layers.22.mlp.gate_proj.weight,3584,1024,0.00027901785714285713,0.0002642839099280536,3.2003419399261475,2.3846963813412003e-05,0.14165829122066498,0.0007768196519464254,0.18011784553527832,0.2567102313041687,0.006752554792910814,0.5592355728149414,1.5228954553604126,0.00025016453582793474,234.1752471923828,1.415464976162184e-05,0.00011762292706407607,9.271915041608736e-05,0.2237188220024109,0.2678408622741699,0.009063482284545898,0.5319249629974365,1.5210901498794556,,,,,,,,,,,,,0.30665090680122375,0.32110920548439026
240,model.layers.22.mlp.up_proj.weight,3584,1024,0.00027901785714285713,0.0002265353105030954,3.0617713928222656,-4.720702054328285e-05,0.31646260619163513,0.0010849173413589597,0.17455247044563293,0.2886074483394623,0.015124131925404072,0.5678992867469788,1.5058739185333252,0.00025952261057682335,195.83738708496094,2.5635765268816613e-05,0.00014972234203014523,0.00011343925871187821,0.23488347232341766,0.25437620282173157,0.00994374044239521,0.5025892853736877,1.5134862661361694,,,,,,,,,,,,,,
240,model.layers.22.mlp.down_proj.weight,1024,3584,0.00027901785714285713,0.00037048436934128404,2.6038098335266113,-4.702978185378015e-05,0.31324368715286255,0.00014694251876790076,0.10844522714614868,0.3977528214454651,0.007206623908132315,0.5532777309417725,1.4720697402954102,0.000260089902440086,118.89466857910156,4.406987500260584e-05,0.00016301486175507307,9.086995851248503e-05,0.22312401235103607,0.2688489556312561,0.008501105010509491,0.5249196887016296,1.4841265678405762,8.0,0.06845634430646896,0.07365148514509201,0.8601328134536743,-3.009688953170553e-06,-0.008079560473561287,0.5455729961395264,,-0.004446635954082012,-0.0025355627294629812,-0.008854630403220654,0.10305911302566528,,
240,model.layers.1.linear_attn.in_proj_qkv.weight,6144,1024,0.00016276041666666666,0.0001192122872453183,2.1794114112854004,-8.505683581461199e-06,0.43533462285995483,0.001202002982608974,0.19579572975635529,0.24515417218208313,0.009501962922513485,0.49222859740257263,1.5364551544189453,0.00016272623906843364,248.22073364257812,1.4018656656844541e-05,0.00018369144527241588,7.103007374098524e-05,0.23036248981952667,0.26166805624961853,0.006838179659098387,0.5178086757659912,1.5407688617706299,8.0,0.07968644797801971,0.07587823271751404,0.8734530806541443,-1.8052125597023405e-05,-0.013023799285292625,0.3013961613178253,,-0.012163803912699223,-0.012965936213731766,0.00474104518070817,0.08270635455846786,,
240,model.layers.1.linear_attn.out_proj.weight,1024,2048,0.00048828125,0.00016412055992987007,1.3450947999954224,0.0005899866227991879,0.9805928468704224,0.00034022441832348704,0.1303623616695404,0.34103527665138245,0.012943532317876816,0.48846501111984253,1.4493805170059204,0.00042256887536495924,122.30091094970703,4.3467487557791173e-05,0.00012125280045438558,7.67000819905661e-05,0.2124231457710266,0.27763375639915466,0.008455183357000351,0.5479153394699097,1.4823747873306274,,,,,,,,,,,,,,
240,model.layers.12.linear_attn.in_proj_qkv.weight,6144,1024,0.00016276041666666666,6.6689848608803e-05,2.1232187747955322,-0.00016196472279261798,0.4823741614818573,0.000279523286735639,0.152046799659729,0.2557017505168915,0.0022306079044938087,0.6197482943534851,1.552835464477539,0.00013431411935016513,222.87155151367188,5.560185400099726e-06,0.0001644277072045952,6.850343925179914e-05,0.2092340737581253,0.2829577326774597,0.00703777652233839,0.5395187735557556,1.543772578239441,8.0,0.06931695342063904,0.0751272514462471,0.8781577944755554,1.7777465473045595e-06,8.705173968337476e-05,0.185651034116745,0.020421723377046713,0.0029002726078033447,-3.670272417366505e-05,0.005888327956199646,0.09698087722063065,,
240,model.layers.12.linear_attn.out_proj.weight,1024,2048,0.00048828125,0.00032749216188676655,2.148062229156494,-0.0004623774148058146,0.7034907937049866,4.73731015517842e-05,0.16314373910427094,0.33772554993629456,0.014206587336957455,0.5239921808242798,1.4243278503417969,0.00044952481403015554,64.83181762695312,7.199476840469288e-06,0.00013200969260651618,5.565098035731353e-05,0.1853582113981247,0.3110717535018921,0.007065549958497286,0.603420615196228,1.4990650415420532,,,,,,,,,,,,,,
240,model.layers.21.linear_attn.in_proj_qkv.weight,6144,1024,0.00016276041666666666,0.00010756604751804844,3.185089111328125,0.00016065839736256748,0.1100582480430603,0.0012446423061192036,0.1868850737810135,0.24649913609027863,0.007515979930758476,0.5642797946929932,1.5421936511993408,0.00015184268704615533,298.8462219238281,2.1878975076106144e-06,0.0001365268835797906,6.86586499796249e-05,0.22668839991092682,0.2658306956291199,0.0079776206985116,0.5315359234809875,1.5357691049575806,8.0,0.06552508473396301,0.0726679265499115,0.891495406627655,4.9638380517080805e-08,-3.191438372596167e-05,0.02206670306622982,,-0.0029086179565638304,-0.0001353203842882067,0.0005277362652122974,0.05214923620223999,,
240,model.layers.21.linear_attn.out_proj.weight,1024,2048,0.00048828125,0.0003618587215896696,2.7983479499816895,-0.00032538556843064725,0.2098478078842163,9.35878197196871e-05,0.1520308256149292,0.35054105520248413,0.006835981737822294,0.5401358604431152,1.4774590730667114,0.00044311839155852795,94.4611587524414,2.2858997908770107e-05,0.00011710962280631065,7.729540084255859e-05,0.21729937195777893,0.2765856981277466,0.008611331693828106,0.5217101573944092,1.4855009317398071,,,,,,,,,,,,,,
260,model.layers.7.self_attn.q_proj.weight,4096,1024,0.000244140625,0.00011099237599410117,2.583083391189575,0.0010650097392499447,0.461687833070755,0.0009333549533039331,0.17607848346233368,0.26423895359039307,0.007902506738901138,0.5430270433425903,1.5342642068862915,0.0002056389203062281,253.1759033203125,1.0415265933261253e-05,0.00015963531041052192,8.0694786447566e-05,0.22262050211429596,0.2707430124282837,0.008199675008654594,0.5267683267593384,1.5304702520370483,8.0,0.10205815732479095,0.09530793875455856,0.7873834371566772,-8.697497833054513e-07,0.0007042781799100339,0.2791174054145813,-0.0012349520517823725,0.0006966365035623312,-0.00040004702168516815,0.0017683474579825997,0.05612817406654358,0.33946678042411804,0.3249715566635132
260,model.layers.7.self_attn.k_proj.weight,512,1024,0.0009765625,0.0008776613394729793,3.155660629272461,5.788321232103044e-06,0.3375937342643738,0.0004945509717799723,0.15089106559753418,0.28123918175697327,0.02334742248058319,0.702159583568573,1.3304632902145386,0.0008615320548415184,103.73111724853516,2.307245449628681e-05,6.68173743179068e-05,8.175265975296497e-05,0.21571317315101624,0.2714453935623169,0.008519422262907028,0.5418729782104492,1.447395920753479,,,,,,,,,,,,,,
260,model.layers.7.self_attn.v_proj.weight,512,1024,0.0009765625,0.0008199311560019851,1.7992411851882935,-0.0006973265553824604,0.6301712393760681,0.0003868761705234647,0.12823106348514557,0.2601296007633209,0.0032557931262999773,0.7471420764923096,1.4701430797576904,0.0008883028640411794,66.05541229248047,1.020101899484871e-05,6.549942918354645e-05,0.00014067653683014214,0.22491055727005005,0.2598503530025482,0.00928416382521391,0.5246341228485107,1.4419549703598022,,,,,,,,,,,,,,
260,model.layers.7.self_attn.o_proj.weight,1024,2048,0.00048828125,0.00023356295423582196,1.9964241981506348,-0.00021882711735088378,1.0513782501220703,4.186950172879733e-05,0.1428510546684265,0.36577311158180237,0.013676485046744347,0.5461997389793396,1.4406851530075073,0.0004732066881842911,52.37348175048828,1.5171963241300546e-05,0.00013460656919050962,5.358505586627871e-05,0.18010278046131134,0.3143082857131958,0.00691043259575963,0.6113429665565491,1.5208427906036377,,,,,,,,,,,,,,
260,model.layers.15.self_attn.q_proj.weight,4096,1024,0.000244140625,0.0001160587344202213,2.3759889602661133,0.00035960847162641585,0.45903074741363525,0.00024630752159282565,0.20848862826824188,0.23882655799388885,0.003157511353492737,0.45385316014289856,1.5462435483932495,0.00022696377709507942,227.10446166992188,7.905297934485134e-06,0.0001498034253017977,6.509220838779584e-05,0.21915891766548157,0.271716445684433,0.007854707539081573,0.5084982514381409,1.5256742238998413,8.0,0.0940767377614975,0.09185508638620377,0.7798101305961609,-2.5155213734251447e-06,-0.0003946932265534997,0.2550581991672516,,0.0012281377566978335,-0.00012578567839227617,-0.006135871633887291,0.04266989231109619,,
260,model.layers.15.self_attn.k_proj.weight,512,1024,0.0009765625,0.0012558733578771353,3.8004097938537598,-4.772958694942986e-10,0.3817562460899353,0.00044928432907909155,0.24501322209835052,0.2383153736591339,0.005473373457789421,0.559606671333313,1.443802833557129,0.000827208103146404,52.026649475097656,-8.192348104785196e-06,6.111546827014536e-05,7.95829837443307e-05,0.20025625824928284,0.2914383113384247,0.0068702129647135735,0.5739584565162659,1.4623606204986572,,,,,,,,,,,,,,
260,model.layers.15.self_attn.v_proj.weight,512,1024,0.0009765625,0.0008650901145301759,1.8205907344818115,0.0011251162504777312,0.37855222821235657,0.0005642506293952465,0.16875198483467102,0.264153391122818,0.0049915737472474575,0.6803298592567444,1.428475260734558,0.000905937107745558,76.42488098144531,4.430431999935536e-06,5.262015474727377e-05,6.661844963673502e-05,0.22492815554141998,0.26540595293045044,0.006994339637458324,0.5190134644508362,1.456668496131897,,,,,,,,,,,,,0.2715102732181549,0.29005783796310425
260,model.layers.15.self_attn.o_proj.weight,1024,2048,0.00048828125,0.0003801470447797328,1.730533242225647,0.00034946223604492843,0.7175552248954773,2.9718665246036835e-05,0.0882260799407959,0.45396581292152405,0.011289156042039394,0.5790977478027344,1.4438666105270386,0.0005179175641387701,97.59337615966797,1.6909121768549085e-05,0.00011309979890938848,6.689278961857781e-05,0.194495290517807,0.29967963695526123,0.008342895656824112,0.5738925337791443,1.4950467348098755,,,,,,,,,,,,,,
260,model.layers.19.self_attn.q_proj.weight,4096,1024,0.000244140625,0.00020506927103269845,2.947084903717041,0.0003157702449243516,0.23041437566280365,0.0006187626859173179,0.2267453968524933,0.2271018922328949,0.008950088173151016,0.4223380982875824,1.5289562940597534,0.00020433847384992987,235.93544006347656,5.158698968443787e-06,0.00014286002260632813,6.345260771922767e-05,0.21853454411029816,0.2748201787471771,0.008545314893126488,0.5167026519775391,1.5175269842147827,8.0,0.09469465166330338,0.0913376733660698,0.7672264575958252,2.038142156379763e-06,0.001685986528173089,0.11744056642055511,0.0012088721483369531,0.001026203273795545,0.003496035235002637,0.008423519320786,0.0699450746178627,,
260,model.layers.19.self_attn.k_proj.weight,512,1024,0.0009765625,0.0011446308344602585,3.2792601585388184,-4.744689249491785e-06,0.2449202835559845,0.0009207315160892904,0.2590068280696869,0.21252116560935974,0.014537042938172817,0.550655722618103,1.329477310180664,0.0008197440765798092,75.28964233398438,-5.554177550948225e-05,6.415099778678268e-05,5.0761402235366404e-05,0.2018061876296997,0.2850656509399414,0.007465212605893612,0.5751565098762512,1.478787899017334,,,,,,,,,,,,,,
260,model.layers.19.self_attn.v_proj.weight,512,1024,0.0009765625,0.0013762038433924317,1.6518433094024658,0.0006857273983769119,0.1824847012758255,0.0019792416132986546,0.15382511913776398,0.26454755663871765,0.0069940523244440556,0.6521388292312622,1.438130259513855,0.0007855825824663043,55.6498908996582,7.93304843682563e-06,4.7322748287115246e-05,5.893653360544704e-05,0.21184253692626953,0.2824561595916748,0.008302823640406132,0.5151427984237671,1.440111517906189,,,,,,,,,,,,,,
260,model.layers.19.self_attn.o_proj.weight,1024,2048,0.00048828125,0.0005169289652258158,1.4411600828170776,0.00020284909987822175,0.35803523659706116,9.178915934171528e-05,0.06577643752098083,0.5421909689903259,0.007349095307290554,0.6500502824783325,1.4515204429626465,0.00045064615551382303,112.60665130615234,2.1094207113492303e-05,9.550790127832443e-05,4.612652992364019e-05,0.20996783673763275,0.2822103798389435,0.008509315550327301,0.5346482396125793,1.4770712852478027,,,,,,,,,,,,,,
260,model.layers.1.mlp.gate_proj.weight,3584,1024,0.00027901785714285713,0.00021493167150765657,2.7324635982513428,-0.0003734987403731793,0.44356727600097656,0.00044609548058360815,0.1766778975725174,0.3061077892780304,0.008996891789138317,0.5282899737358093,1.515572428703308,0.0002723203506320715,296.4057312011719,1.2554547538456973e-05,0.00015522833564318717,8.92873213160783e-05,0.23346556723117828,0.2572156488895416,0.009360689669847488,0.5108120441436768,1.517769694328308,,,,,,,,,,,,,0.3497016131877899,0.34413570165634155
260,model.layers.1.mlp.up_proj.weight,3584,1024,0.00027901785714285713,0.0004796294088009745,2.4566311836242676,-0.0006963952328078449,0.751259446144104,0.00018825438746716827,0.1595754772424698,0.3312545418739319,0.009311014786362648,0.5093852877616882,1.5140398740768433,0.00030093634268268943,136.538330078125,5.358868293114938e-06,0.00019360928854439408,7.319457654375583e-05,0.2319735735654831,0.25796857476234436,0.009523304179310799,0.501322329044342,1.5140275955200195,,,,,,,,,,,,,,
260,model.layers.1.mlp.down_proj.weight,1024,3584,0.00027901785714285713,0.0002461443655192852,4.078663349151611,-0.0006926890928298235,0.748169481754303,0.0005011510220356286,0.1846674084663391,0.2850227355957031,0.010762018151581287,0.551500678062439,1.4495652914047241,0.00029888813151046634,230.70115661621094,2.048976966761984e-05,0.00019753989181481302,9.395410597790033e-05,0.22036230564117432,0.26770666241645813,0.008583677932620049,0.5333346128463745,1.4818310737609863,8.0,0.08615084737539291,0.09767349064350128,0.7879357933998108,-8.247756341006607e-06,0.0002828576252795756,1.494626522064209,-0.029158684807788195,-0.004124879837036133,-0.00018162757623940706,-0.011227215640246868,0.0299996305257082,,
260,model.layers.12.mlp.gate_proj.weight,3584,1024,0.00027901785714285713,0.0002026215079240501,2.8517775535583496,-0.0003585829399526119,0.5182047486305237,0.0004879889893345535,0.19117754697799683,0.2406964749097824,0.005474683828651905,0.5743547677993774,1.5302237272262573,0.0002531859208829701,194.44717407226562,8.483279998472426e-06,0.0001649826590437442,7.832926348783076e-05,0.2149496227502823,0.27699849009513855,0.00818103551864624,0.5429148077964783,1.5234100818634033,,,,,,,,,,,,,,
260,model.layers.12.mlp.up_proj.weight,3584,1024,0.00027901785714285713,0.00028159425710327923,2.8162105083465576,-0.000376650074031204,0.8144972324371338,0.0004058255872223526,0.21596534550189972,0.24720066785812378,0.00713501637801528,0.5252946615219116,1.5198348760604858,0.00027767138089984655,165.4295196533203,2.065815351670608e-05,0.0001849405816756189,7.183105481090024e-05,0.2250661849975586,0.2626435160636902,0.009800286963582039,0.5044951438903809,1.514057993888855,,,,,,,,,,,,,,
260,model.layers.12.mlp.down_proj.weight,1024,3584,0.00027901785714285713,0.00027816579677164555,4.700143337249756,-0.0003851157962344587,0.8290343284606934,0.00018018730042967945,0.2047201544046402,0.28613951802253723,0.019574278965592384,0.5270256400108337,1.4040536880493164,0.0002745344827417284,139.07833862304688,4.164866550127044e-05,0.00019946502288803458,7.302427547983825e-05,0.19868069887161255,0.29165953397750854,0.008050204254686832,0.5819681286811829,1.512101173400879,8.0,0.09858975559473038,0.09540092200040817,0.7984664440155029,1.979267835849896e-05,0.00898378062993288,1.8891499042510986,0.0022031569084124927,-6.543162453453988e-05,0.0019131347071379423,0.001732590957544744,0.023586265742778778,,
260,model.layers.22.mlp.gate_proj.weight,3584,1024,0.00027901785714285713,0.0002438289811834693,2.6525611877441406,-0.00016795590636320412,0.13924719393253326,0.0009671004372648895,0.1705542951822281,0.26588112115859985,0.006981040816754103,0.5636308193206787,1.5246111154556274,0.00026224684552289546,261.2164306640625,1.9658821770462964e-07,0.00012538106238935143,8.287233504233882e-05,0.2263565957546234,0.26329466700553894,0.009433300234377384,0.5257235169410706,1.5145783424377441,,,,,,,,,,,,,0.23672112822532654,0.23738974332809448
260,model.layers.22.mlp.up_proj.weight,3584,1024,0.00027901785714285713,0.000232937018154189,2.688842535018921,-1.7556090824655257e-05,0.35499924421310425,0.0010449513792991638,0.17392626404762268,0.2936635911464691,0.01495653111487627,0.5644335746765137,1.5091365575790405,0.00028779785498045385,200.1519012451172,1.2123349733883515e-05,0.00015455811808351427,0.00011902234837180004,0.23658517003059387,0.25431185960769653,0.009957188740372658,0.5027359127998352,1.5097155570983887,,,,,,,,,,,,,,
260,model.layers.22.mlp.down_proj.weight,1024,3584,0.00027901785714285713,0.00036153147812001407,2.5154640674591064,-2.405451232334599e-05,0.3118268847465515,0.00021276928600855172,0.10729885846376419,0.4030856788158417,0.006929649971425533,0.5607125759124756,1.464684247970581,0.00027970553492195904,128.40631103515625,2.3925507775857113e-05,0.0001718629355309531,8.560776768717915e-05,0.22337347269058228,0.2667006552219391,0.008866657502949238,0.5244733095169067,1.4790152311325073,8.0,0.09869340062141418,0.0968160629272461,0.7656610608100891,1.4196532902133185e-05,0.01077292114496231,0.3595463037490845,0.001317797903753509,0.011026090011000633,0.0071631306782364845,0.011803267523646355,0.11420236527919769,,
260,model.layers.1.linear_attn.in_proj_qkv.weight,6144,1024,0.00016276041666666666,0.00011814304889412597,2.4250168800354004,-0.00028565156389959157,0.37252822518348694,0.0003610328712966293,0.18602624535560608,0.26612594723701477,0.00593741936609149,0.5187804102897644,1.5369951725006104,0.0001430047705071047,257.69561767578125,3.535277073751786e-06,0.00017950822075363249,8.081378473434597e-05,0.2309638261795044,0.26052382588386536,0.007513274904340506,0.5154999494552612,1.5368218421936035,8.0,0.08956820517778397,0.09409499913454056,0.7805531024932861,-6.641454547207104e-06,-0.003308426821604371,0.18564006686210632,,-0.01683860830962658,-0.007301732432097197,0.002454344416037202,0.05466751009225845,,
260,model.layers.1.linear_attn.out_proj.weight,1024,2048,0.00048828125,0.0007675479864701629,1.355089783668518,-0.00010653662320692092,0.8699547052383423,0.00041809113463386893,0.11901207268238068,0.38397863507270813,0.014073016121983528,0.5413118004798889,1.4488757848739624,0.000475253036711365,124.91844177246094,1.933758903760463e-05,0.00012283658725209534,9.181114000966772e-05,0.21163664758205414,0.27943170070648193,0.008135602809488773,0.5471639633178711,1.488775610923767,,,,,,,,,,,,,,
260,model.layers.12.linear_attn.in_proj_qkv.weight,6144,1024,0.00016276041666666666,5.918930037296377e-05,2.1883890628814697,-6.333584315143526e-05,0.4976446330547333,0.00040332810021936893,0.15715008974075317,0.2564939260482788,0.003098065033555031,0.61234050989151,1.550891399383545,0.0001338971924269572,225.97393798828125,7.537528745160671e-06,0.0001729435462038964,7.304975588340312e-05,0.21471956372261047,0.27791520953178406,0.007196977734565735,0.5324277281761169,1.542410135269165,8.0,0.08796483278274536,0.08618233352899551,0.7549759149551392,-8.73393400979694e-06,-0.005134866572916508,0.19262273609638214,,4.140077726333402e-05,-0.008648359216749668,0.006283867638558149,0.09487925469875336,,
260,model.layers.12.linear_attn.out_proj.weight,1024,2048,0.00048828125,0.00032605635351501405,2.174574375152588,-3.990754339611158e-05,0.7144250273704529,4.092137169209309e-05,0.15862542390823364,0.34292763471603394,0.016610218212008476,0.5324061512947083,1.4300403594970703,0.0004238176916260272,73.09891510009766,3.129861943307333e-05,0.0001341893512289971,5.273012357065454e-05,0.18908973038196564,0.30472442507743835,0.007581319194287062,0.591255247592926,1.5006649494171143,,,,,,,,,,,,,,
260,model.layers.21.linear_attn.in_proj_qkv.weight,6144,1024,0.00016276041666666666,0.00011064324644394219,2.7980504035949707,-0.0002364798856433481,0.12410178035497665,0.0008296601008623838,0.21221649646759033,0.2207546830177307,0.007635282818228006,0.5042799711227417,1.5360854864120483,0.00013603392289951444,320.12689208984375,-2.592616283436655e-06,0.00014482195547316223,6.387397297658026e-05,0.22703872621059418,0.2653736472129822,0.007526200730353594,0.5315197706222534,1.5339525938034058,8.0,0.10707051306962967,0.10897181183099747,0.7605191469192505,1.6951206305293454e-07,0.0008941467385739088,0.021706249564886093,0.00018957969172184476,0.01704414188861847,0.015769824385643005,0.009051183238625526,0.07854542136192322,,
260,model.layers.21.linear_attn.out_proj.weight,1024,2048,0.00048828125,0.0003291822213213891,3.2851755619049072,-0.0016278451075777411,0.2211047112941742,0.00013923822552897036,0.14689204096794128,0.3570966124534607,0.007561371196061373,0.5445138216018677,1.4718366861343384,0.0004126548010390252,101.1517333984375,1.0311549885955174e-05,0.00012200536002637818,7.367284706560895e-05,0.21698340773582458,0.27462512254714966,0.008641676045954227,0.5189861059188843,1.4717681407928467,,,,,,,,,,,,,,
280,model.layers.7.self_attn.q_proj.weight,4096,1024,0.000244140625,0.00012650284043047577,2.816311836242676,0.0011568906484171748,0.3270622193813324,0.0010434454306960106,0.1799163818359375,0.261481374502182,0.009747697040438652,0.5279839634895325,1.5291178226470947,0.00020028893777634948,247.85096740722656,8.476446055283304e-06,0.0001504432293586433,8.733925642445683e-05,0.22361870110034943,0.2691904306411743,0.008972211740911007,0.5237807035446167,1.527492880821228,8.0,0.07850565016269684,0.07704681158065796,0.8619974255561829,-1.956848905138031e-08,0.0019896645098924637,0.1961553990840912,-9.835069658270146e-06,-8.1080142990686e-05,0.002100112149491906,-0.005630242172628641,0.0670078843832016,0.29758569598197937,0.2942385971546173
280,model.layers.7.self_attn.k_proj.weight,512,1024,0.0009765625,0.0010482071666046977,4.133594512939453,1.226289327860286e-06,0.2280339151620865,0.0006955405115149915,0.1606467068195343,0.2564865052700043,0.02682618983089924,0.6896400451660156,1.3345420360565186,0.0008919829269871116,89.56645202636719,6.947064684936777e-05,6.049130388419144e-05,0.00012192536087241024,0.21132034063339233,0.270631343126297,0.009566421620547771,0.5471070408821106,1.4100847244262695,,,,,,,,,,,,,,
280,model.layers.7.self_attn.v_proj.weight,512,1024,0.0009765625,0.0009148441022261977,1.9898780584335327,-0.00013814143312629312,0.46948063373565674,0.0003466904745437205,0.13468146324157715,0.25503191351890564,0.0034698357339948416,0.7451733946800232,1.4710946083068848,0.000928279769141227,52.40401840209961,1.046298802975798e-05,6.406302418326959e-05,7.796134741511196e-05,0.22640030086040497,0.25732165575027466,0.00804312527179718,0.5242612361907959,1.4830807447433472,,,,,,,,,,,,,,
280,model.layers.7.self_attn.o_proj.weight,1024,2048,0.00048828125,0.00024888472398743033,1.9730160236358643,-4.210457336739637e-05,0.7368162870407104,6.379783008014783e-05,0.14938046038150787,0.3538171648979187,0.01672109216451645,0.5250253677368164,1.4229656457901,0.00041479579522274435,57.35154724121094,4.818486104340991e-06,0.00013568036956712604,7.710246427450329e-05,0.17231644690036774,0.32501739263534546,0.006764093413949013,0.6310856342315674,1.5226112604141235,,,,,,,,,,,,,,
280,model.layers.15.self_attn.q_proj.weight,4096,1024,0.000244140625,0.00011423262913012877,2.8406150341033936,0.000250457291258499,0.32087698578834534,0.00021732559252995998,0.22147990763187408,0.22642882168293,0.003013127949088812,0.43194034695625305,1.5463933944702148,0.0002192542451666668,236.67703247070312,1.793569026631303e-05,0.0001448129623895511,5.707894524675794e-05,0.22138510644435883,0.26886534690856934,0.007698781322687864,0.5072703957557678,1.5260937213897705,8.0,0.07118252664804459,0.079784095287323,0.871673583984375,2.810365344885213e-07,0.0029144403524696827,0.1740269660949707,9.642898824481766e-05,-0.00031534911249764264,0.002994989277794957,0.009255013428628445,0.06439422816038132,,
280,model.layers.15.self_attn.k_proj.weight,512,1024,0.0009765625,0.0009819011902436614,4.4726762771606445,9.863777449936606e-06,0.25839337706565857,9.081304597202688e-05,0.27678942680358887,0.21100187301635742,0.0043639387004077435,0.5051358938217163,1.4587911367416382,0.0008081502164714038,78.57814025878906,-1.1263312444498297e-05,6.243296957109123e-05,6.594173464691266e-05,0.19584015011787415,0.29636940360069275,0.006904052570462227,0.583500862121582,1.4776843786239624,,,,,,,,,,,,,,
280,model.layers.15.self_attn.v_proj.weight,512,1024,0.0009765625,0.000846416165586561,1.7982699871063232,-0.0005697516608051956,0.262380987405777,0.0002746697573456913,0.17663004994392395,0.266438364982605,0.006875153630971909,0.658668577671051,1.4352644681930542,0.0008407207205891609,63.163963317871094,-1.02931471701595e-06,5.2937568398192525e-05,7.260711572598666e-05,0.22028997540473938,0.2710305452346802,0.006805171724408865,0.5222474336624146,1.4621684551239014,,,,,,,,,,,,,0.3114343285560608,0.29934871196746826
280,model.layers.15.self_attn.o_proj.weight,1024,2048,0.00048828125,0.0003955115098506212,1.7257496118545532,-0.00017385961837135255,0.4944424629211426,2.6156774765695445e-05,0.08932057023048401,0.46523183584213257,0.008244175463914871,0.5958080887794495,1.4416667222976685,0.000434977380791679,76.34852600097656,-4.28004068453447e-06,0.00011459639063104987,5.959076224826276e-05,0.18914572894573212,0.3047989308834076,0.008249254897236824,0.5840327739715576,1.5013576745986938,,,,,,,,,,,,,,
280,model.layers.19.self_attn.q_proj.weight,4096,1024,0.000244140625,0.00016749279166106135,2.7060353755950928,0.0007561712991446257,0.1873333752155304,0.00044394790893420577,0.23707109689712524,0.21415558457374573,0.009232861921191216,0.40262892842292786,1.5303890705108643,0.0002152036176994443,217.96676635742188,1.1334511327731889e-05,0.00014676646969746798,8.36510953377001e-05,0.21783633530139923,0.27530431747436523,0.008300133980810642,0.5180732011795044,1.5264472961425781,8.0,0.0816357210278511,0.08696231245994568,0.8521108031272888,1.5232778878271347e-06,0.001305468613281846,0.07276138663291931,0.0011668437466280657,0.003931595478206873,0.004376143217086792,0.012906976044178009,0.08772195130586624,,
280,model.layers.19.self_attn.k_proj.weight,512,1024,0.0009765625,0.0010902445064857602,3.1320769786834717,-8.617817002232186e-06,0.18231505155563354,0.00024237841716967523,0.2636782228946686,0.207361102104187,0.012583431787788868,0.5442036986351013,1.3660253286361694,0.0009363084100186825,69.26983642578125,1.306441754422849e-05,6.392141222022474e-05,5.0596594519447535e-05,0.19999399781227112,0.28906211256980896,0.00734350923448801,0.5730599761009216,1.4756085872650146,,,,,,,,,,,,,,
280,model.layers.19.self_attn.v_proj.weight,512,1024,0.0009765625,0.0007383920019492507,1.5603939294815063,0.0004019032930955291,0.13385294377803802,0.0013819120358675718,0.12761405110359192,0.28682780265808105,0.005671504884958267,0.6977468729019165,1.4394115209579468,0.000929319707211107,67.48503875732422,-1.250817695108708e-05,4.910605275654234e-05,0.00010631517216097564,0.20390073955059052,0.2931542992591858,0.008715376257896423,0.5272297859191895,1.3939939737319946,,,,,,,,,,,,,,
280,model.layers.19.self_attn.o_proj.weight,1024,2048,0.00048828125,0.0004662168794311583,1.4855843782424927,0.00012810311454813927,0.24520157277584076,4.8366302507929504e-05,0.06703071296215057,0.49696657061576843,0.00791535060852766,0.6015157699584961,1.4643172025680542,0.00043298708624206483,124.42204284667969,6.427128482755506e-06,9.617505565984175e-05,6.832722283434123e-05,0.2112744152545929,0.28120747208595276,0.009339816868305206,0.5317723751068115,1.4822155237197876,,,,,,,,,,,,,,
280,model.layers.1.mlp.gate_proj.weight,3584,1024,0.00027901785714285713,0.0003639050992205739,2.880038261413574,-0.0006283108959905803,0.3022097945213318,0.00037460352177731693,0.17283661663532257,0.3112865090370178,0.008013488724827766,0.5361733436584473,1.520494818687439,0.0002827350399456918,281.8393249511719,1.7086740626837127e-05,0.00013688467151951045,9.549887181492522e-05,0.23311132192611694,0.257832407951355,0.009472078643739223,0.5113129615783691,1.5147489309310913,,,,,,,,,,,,,0.29479268193244934,0.2942814528942108
280,model.layers.1.mlp.up_proj.weight,3584,1024,0.00027901785714285713,0.000614275922998786,2.632192373275757,-0.0005199455772526562,0.503119170665741,0.00013363950711209327,0.1608441174030304,0.3379802703857422,0.009806519374251366,0.5143837928771973,1.5047303438186646,0.0002821770904120058,157.19229125976562,3.931314131477848e-05,0.00017070575268007815,7.615234790137038e-05,0.23056159913539886,0.25980105996131897,0.009715401567518711,0.5023815035820007,1.5132217407226562,,,,,,,,,,,,,,
280,model.layers.1.mlp.down_proj.weight,1024,3584,0.00027901785714285713,0.000258850515820086,4.916135787963867,-0.0005194820114411414,0.5014976263046265,0.000693341251462698,0.18652139604091644,0.28480666875839233,0.01105854008346796,0.5574683547019958,1.4507020711898804,0.00024004117585718632,211.76646423339844,4.2973366362275556e-05,0.00017410062719136477,8.696374425198883e-05,0.216016948223114,0.27427980303764343,0.008506695739924908,0.5429553389549255,1.4868783950805664,8.0,0.08421467989683151,0.09048351645469666,0.8855482339859009,1.4156947145238519e-05,0.03870394825935364,0.8256805539131165,0.00036577527053243693,0.010734342969954014,0.01483728177845478,0.006917983293533325,0.06489746272563934,,
280,model.layers.12.mlp.gate_proj.weight,3584,1024,0.00027901785714285713,0.00018634363368619233,2.5314249992370605,0.0003478015132714063,0.38915616273880005,0.0007954714237712324,0.192917600274086,0.23871628940105438,0.00628663320094347,0.5649455189704895,1.529237151145935,0.0002390479203313589,217.07138061523438,1.6039526599342935e-05,0.00015541250468231738,8.033362246351317e-05,0.21484167873859406,0.2768248915672302,0.008273899555206299,0.542071521282196,1.5234718322753906,,,,,,,,,,,,,,
280,model.layers.12.mlp.up_proj.weight,3584,1024,0.00027901785714285713,0.0002939903934020549,2.4325037002563477,0.00015308146248571575,0.6110097765922546,0.00048505107406526804,0.21681304275989532,0.24859049916267395,0.00857866182923317,0.5231878161430359,1.5125173330307007,0.00026910868473351,179.58251953125,2.6697423891164362e-05,0.000174985863850452,0.00010298920824425295,0.22264918684959412,0.2658347487449646,0.009748820215463638,0.5044029355049133,1.514356255531311,,,,,,,,,,,,,,
280,model.layers.12.mlp.down_proj.weight,1024,3584,0.00027901785714285713,0.000257873471127823,4.104143142700195,0.0001706152397673577,0.5922084450721741,0.00011734625877579674,0.21674427390098572,0.27397021651268005,0.018631426617503166,0.506924033164978,1.4096564054489136,0.0002692303969524801,116.46485900878906,3.730002936208621e-05,0.00019010349933523685,9.394752123625949e-05,0.1934739649295807,0.2986031472682953,0.007846160791814327,0.5928269624710083,1.5245252847671509,8.0,0.07833223789930344,0.0807279571890831,0.8781333565711975,1.7562348148203455e-05,0.01866016909480095,1.1032441854476929,0.0009411676849754075,0.003861922537907958,0.0036406151484698057,0.005561934318393469,0.04545078054070473,,
280,model.layers.22.mlp.gate_proj.weight,3584,1024,0.00027901785714285713,0.0002086874592350796,2.8696234226226807,-0.0003932332620024681,0.10872133821249008,0.0006995141156949103,0.189998060464859,0.24963504076004028,0.007291967049241066,0.5470467209815979,1.521300196647644,0.00023599118867423385,256.6998291015625,1.8730297597358003e-05,0.00011401509254937991,9.108808444580063e-05,0.2243339717388153,0.26642462611198425,0.008842448703944683,0.5328906178474426,1.5234265327453613,,,,,,,,,,,,,0.28328636288642883,0.28478217124938965
280,model.layers.22.mlp.up_proj.weight,3584,1024,0.00027901785714285713,0.0002092292852466926,3.4500234127044678,-6.988205859670416e-05,0.2403871864080429,0.0007461200002580881,0.18196992576122284,0.2878530025482178,0.012112564407289028,0.5655237436294556,1.5118032693862915,0.0002871109754778445,195.8290557861328,-1.347542001894908e-05,0.000148598468513228,0.00010607402509776875,0.23348253965377808,0.25542137026786804,0.009880723431706429,0.5046057105064392,1.50958251953125,,,,,,,,,,,,,,
280,model.layers.22.mlp.down_proj.weight,1024,3584,0.00027901785714285713,0.0003440581203904003,2.344590663909912,-7.494784949813038e-05,0.24959062039852142,0.00013994234905112535,0.10528288036584854,0.43289312720298767,0.0060161710716784,0.6037777066230774,1.4809224605560303,0.0002747363760136068,125.06185150146484,1.635498665564228e-05,0.00015960763266775757,8.664603956276551e-05,0.22664642333984375,0.2630663812160492,0.008836893364787102,0.5179885029792786,1.4619759321212769,8.0,0.07581436634063721,0.07826132327318192,0.8426330089569092,8.356944363185903e-07,0.004303379915654659,0.2313666045665741,0.0001941949009146358,0.00392176304012537,0.004752037115395069,0.011567322537302971,0.13970308005809784,,
280,model.layers.1.linear_attn.in_proj_qkv.weight,6144,1024,0.00016276041666666666,0.00017769495025277138,2.3917789459228516,0.0003729545569512993,0.25369933247566223,0.0003185074310749769,0.17474935948848724,0.28103622794151306,0.005361217074096203,0.5402817130088806,1.539512276649475,0.00014475548232439905,211.25892639160156,2.3312612029258162e-05,0.00017017328354995698,6.201380165293813e-05,0.23059028387069702,0.26202207803726196,0.0070080445148050785,0.5174723267555237,1.5377954244613647,8.0,0.09475328773260117,0.09414555877447128,0.8723421692848206,9.969036000256892e-06,0.00529449200257659,0.10354116559028625,0.0018829069900200839,0.021415118128061295,0.017759451642632484,0.019552189856767654,0.09232460707426071,,
280,model.layers.1.linear_attn.out_proj.weight,1024,2048,0.00048828125,0.00029238557908684015,1.372738242149353,0.00044556416105479,0.5919972658157349,0.0003306022845208645,0.12230534106492996,0.37433922290802,0.012676075100898743,0.5350042581558228,1.4490509033203125,0.0004425061051733792,126.22576904296875,4.5294451410882175e-05,0.00011530822666827589,9.636005415813997e-05,0.20976512134075165,0.28134289383888245,0.008472025394439697,0.5520516633987427,1.4898957014083862,,,,,,,,,,,,,,
280,model.layers.12.linear_attn.in_proj_qkv.weight,6144,1024,0.00016276041666666666,6.807754834881052e-05,2.0888805389404297,5.676998262060806e-05,0.40043824911117554,0.0004244551237206906,0.16745373606681824,0.24570795893669128,0.002821872476488352,0.5923963785171509,1.5514670610427856,0.00013825409405399114,225.3377685546875,2.4520516035408946e-06,0.00017021784151438624,7.623565034009516e-05,0.21227280795574188,0.2800464928150177,0.00792600866407156,0.5339114665985107,1.5411999225616455,8.0,0.08281948417425156,0.08390374481678009,0.8202522993087769,1.996465698539396e-06,0.002155952388420701,0.17381048202514648,0.000926024948074974,0.000961027224548161,0.0017625944456085563,-0.0019814004190266132,0.09524016827344894,,
280,model.layers.12.linear_attn.out_proj.weight,1024,2048,0.00048828125,0.0003088691446464509,2.0123331546783447,-6.528878657263704e-06,0.5122937560081482,4.8383350076619536e-05,0.17366233468055725,0.3130674958229065,0.018787862733006477,0.49246230721473694,1.4273141622543335,0.00044484518002718687,64.55623626708984,3.315048888907768e-05,0.00013146210403647274,6.055262201698497e-05,0.18217702209949493,0.31358250975608826,0.007286687381565571,0.6077103614807129,1.5154485702514648,,,,,,,,,,,,,,
280,model.layers.21.linear_attn.in_proj_qkv.weight,6144,1024,0.00016276041666666666,0.00011769052071031183,3.6382265090942383,-0.00016225465515162796,0.09242407977581024,0.000581096566747874,0.18371689319610596,0.2611435055732727,0.0054064164869487286,0.5819622874259949,1.542742371559143,0.0001423476787749678,272.53582763671875,-1.7034434449669789e-06,0.0001391114346915856,7.024972728686407e-05,0.22820386290550232,0.26448920369148254,0.007852899841964245,0.528100848197937,1.536960482597351,8.0,0.07989338785409927,0.08000548183917999,0.8563166856765747,4.877291530647199e-07,0.0003472897515166551,0.011043685488402843,0.0014043868295414692,0.005211501382291317,0.00939019676297903,-0.006230352446436882,0.06495070457458496,,
280,model.layers.21.linear_attn.out_proj.weight,1024,2048,0.00048828125,0.00038327157380990684,2.7196309566497803,0.0006277041393332183,0.15636849403381348,7.837839075364172e-05,0.1488645225763321,0.3619336485862732,0.006858273409307003,0.561958372592926,1.462330937385559,0.0004353134718257934,88.60283660888672,2.5674436983535998e-05,0.00011509545583976433,6.225805555004627e-05,0.2167203724384308,0.2761795222759247,0.00851257611066103,0.5168958306312561,1.4775724411010742,,,,,,,,,,,,,,
300,model.layers.7.self_attn.q_proj.weight,4096,1024,0.000244140625,0.00014170765643939376,2.737234115600586,0.0013713696971535683,0.3502696752548218,0.0017996340757235885,0.17479680478572845,0.25576290488243103,0.01063427422195673,0.5170429348945618,1.5367611646652222,0.00021286998526193202,211.10317993164062,1.261484794667922e-05,0.00016174124903045595,9.097419388126582e-05,0.22358635067939758,0.2683561444282532,0.008372345939278603,0.5255028009414673,1.528946042060852,8.0,0.08898205310106277,0.08333969116210938,0.8278224468231201,1.7690412278170697e-05,0.000979551812633872,0.28996846079826355,0.018059700416054314,0.00670110946521163,0.0008063421701081097,0.006315791048109531,0.06418155133724213,0.20736156404018402,0.21614468097686768
300,model.layers.7.self_attn.k_proj.weight,512,1024,0.0009765625,0.0012742499820888042,4.450994968414307,8.749186122258834e-07,0.24376851320266724,0.0010030657285824418,0.15757039189338684,0.24755944311618805,0.031063061207532883,0.6918842792510986,1.3220590353012085,0.0009683946263976395,78.86454010009766,-1.855034497566521e-05,6.644779205089435e-05,6.807191675761715e-05,0.20329800248146057,0.2820088565349579,0.008344628848135471,0.5598465800285339,1.435455083847046,,,,,,,,,,,,,,
300,model.layers.7.self_attn.v_proj.weight,512,1024,0.0009765625,0.0007529396680183709,1.7341201305389404,1.1923081729037222e-05,0.5323310494422913,0.0001796065189410001,0.1276094615459442,0.2531527578830719,0.0016820934833958745,0.747718334197998,1.4608741998672485,0.0008323075016960502,86.91050720214844,7.84990843385458e-05,6.58482895232737e-05,0.00013029320689383894,0.23046225309371948,0.2554417550563812,0.010175141505897045,0.5140137076377869,1.4009367227554321,,,,,,,,,,,,,,
300,model.layers.7.self_attn.o_proj.weight,1024,2048,0.00048828125,0.00022231983894016594,1.7613188028335571,4.11029259339557e-06,0.8722038269042969,4.921614527120255e-05,0.1460980772972107,0.3517077565193176,0.01674814522266388,0.513706386089325,1.4214329719543457,0.00043191469740122557,53.7983283996582,6.527631921926513e-05,0.00014442538667935878,6.338350067380816e-05,0.17811980843544006,0.31674453616142273,0.0069159939885139465,0.6160526871681213,1.5262973308563232,,,,,,,,,,,,,,
300,model.layers.15.self_attn.q_proj.weight,4096,1024,0.000244140625,0.0001336673303740099,3.266636610031128,2.8222753826412372e-05,0.34998247027397156,0.0003396368119865656,0.22042280435562134,0.22783896327018738,0.003816640470176935,0.4318375289440155,1.545249104499817,0.00022100978821981698,225.83447265625,8.4682869783137e-06,0.00014709630340803415,7.903545338194817e-05,0.22192740440368652,0.26870641112327576,0.008104683831334114,0.5036634802818298,1.5286800861358643,8.0,0.08978153020143509,0.08235301822423935,0.8281842470169067,-6.972046776354546e-06,0.002056710422039032,0.3202468156814575,-0.0033899020015867995,0.0006102852639742196,0.0015188463730737567,-0.003140433458611369,0.0509527213871479,,
300,model.layers.15.self_attn.k_proj.weight,512,1024,0.0009765625,0.00108490907587111,4.315824031829834,-1.354839787381934e-05,0.3018651008605957,0.00031546340323984623,0.24988830089569092,0.23643265664577484,0.0046194205060601234,0.5385727286338806,1.4596712589263916,0.0009990413673222065,67.7455825805664,7.678406291233841e-06,6.344008579617366e-05,5.139597851666622e-05,0.2030491828918457,0.2892633378505707,0.00707259401679039,0.5701463222503662,1.463117003440857,,,,,,,,,,,,,,
300,model.layers.15.self_attn.v_proj.weight,512,1024,0.0009765625,0.0008723276550881565,2.025071620941162,-0.000692025467287749,0.2719956040382385,0.0004025737871415913,0.20225116610527039,0.24455145001411438,0.007853716611862183,0.6094052195549011,1.4382781982421875,0.0008947507594712079,77.21327209472656,2.794797001115512e-05,5.29012868355494e-05,5.868465086678043e-05,0.22493168711662292,0.2647477984428406,0.007076581008732319,0.5207422971725464,1.4644259214401245,,,,,,,,,,,,,0.19229669868946075,0.18916736543178558
300,model.layers.15.self_attn.o_proj.weight,1024,2048,0.00048828125,0.0003975312865804881,2.0922374725341797,-0.00023547264572698623,0.4793401062488556,2.5851339159999043e-05,0.10719339549541473,0.4174226224422455,0.012812950648367405,0.5592161417007446,1.460903286933899,0.0004057042533531785,70.0484390258789,1.1271808034507558e-05,0.00011694335262291133,6.548094825120643e-05,0.19330909848213196,0.30315786600112915,0.007877551950514317,0.5819380879402161,1.511229157447815,,,,,,,,,,,,,,
300,model.layers.19.self_attn.q_proj.weight,4096,1024,0.000244140625,0.00017337664030492306,3.217057228088379,-0.00010449457477079704,0.18034769594669342,0.00033576408168300986,0.22217947244644165,0.2375865876674652,0.008896136656403542,0.44003355503082275,1.5245414972305298,0.00021942719467915595,211.0967559814453,1.090510295398417e-06,0.00014367076801136136,6.601817585760728e-05,0.21599584817886353,0.2746911644935608,0.008174395188689232,0.5199160575866699,1.5315656661987305,8.0,0.09038779139518738,0.08433821052312851,0.8053803443908691,4.812042107005254e-07,0.0015768813900649548,0.11191639304161072,0.00030516195684236194,0.0017913314513862133,0.0033655334264039993,-0.012547627091407776,0.05556712672114372,,
300,model.layers.19.self_attn.k_proj.weight,512,1024,0.0009765625,0.001085244002752006,4.847466468811035,3.700687329910579e-06,0.18321910500526428,0.0001619814574951306,0.2536795139312744,0.2181861847639084,0.013600698672235012,0.5484493970870972,1.370120882987976,0.0009973065461963415,74.53288269042969,-1.6441281331935897e-05,6.178301555337384e-05,7.954692409839481e-05,0.2114812284708023,0.2772081196308136,0.008203047327697277,0.557377815246582,1.4636473655700684,,,,,,,,,,,,,,
300,model.layers.19.self_attn.v_proj.weight,512,1024,0.0009765625,0.0009958721930161119,1.7823100090026855,-0.001874232548289001,0.13098487257957458,0.000717952148988843,0.14707665145397186,0.2655171751976013,0.004877853207290173,0.6765375137329102,1.4607638120651245,0.0009885262697935104,71.00615692138672,1.9639910533442162e-05,4.56166235380806e-05,0.0001007036044029519,0.20918723940849304,0.2785872220993042,0.008681658655405045,0.5246253609657288,1.4466084241867065,,,,,,,,,,,,,,
300,model.layers.19.self_attn.o_proj.weight,1024,2048,0.00048828125,0.0004945277469232678,1.461931824684143,-0.0005346182151697576,0.27239295840263367,5.477846571011469e-05,0.058796875178813934,0.5084958076477051,0.008912637829780579,0.6111065745353699,1.4633060693740845,0.0004554826591629535,125.36339569091797,-1.8457677697369945e-06,9.433241211809218e-05,7.577564247185364e-05,0.20910035073757172,0.2810923755168915,0.008786981925368309,0.5344083905220032,1.4658584594726562,,,,,,,,,,,,,,
300,model.layers.1.mlp.gate_proj.weight,3584,1024,0.00027901785714285713,0.0003121121844742447,2.8359007835388184,0.00040909770177677274,0.36355412006378174,0.00023991822672542185,0.17453260719776154,0.31512653827667236,0.006597225088626146,0.5416197180747986,1.5197341442108154,0.0002823676622938365,271.7970886230469,3.660910442704335e-05,0.00015719415387138724,9.838208643486723e-05,0.23330505192279816,0.2564101815223694,0.009436669759452343,0.5104082822799683,1.5119708776474,,,,,,,,,,,,,0.2745591104030609,0.2712995707988739
300,model.layers.1.mlp.up_proj.weight,3584,1024,0.00027901785714285713,0.0007194353966042399,2.6359312534332275,0.00047826688387431204,0.6053763031959534,0.0001213547948282212,0.16747747361660004,0.31594136357307434,0.007833603769540787,0.5018506050109863,1.5154443979263306,0.00026446234551258385,166.07777404785156,4.933352829539217e-05,0.00019309911294840276,9.562713239574805e-05,0.2319822758436203,0.2584221363067627,0.0098114600405097,0.5030580759048462,1.509047508239746,,,,,,,,,,,,,,
300,model.layers.1.mlp.down_proj.weight,1024,3584,0.00027901785714285713,0.0002552612277213484,4.510947227478027,0.00048794577014632523,0.593410074710846,0.0008933001663535833,0.19414857029914856,0.27241963148117065,0.013085143640637398,0.5332842469215393,1.4448148012161255,0.0002447098959237337,220.69683837890625,7.081871444825083e-05,0.0001972831814782694,8.678600715938956e-05,0.22234182059764862,0.2671205401420593,0.008749225176870823,0.5306296944618225,1.4836305379867554,8.0,0.0833168774843216,0.08151642233133316,0.8240370750427246,-1.190796319860965e-05,-0.006530300248414278,1.7862197160720825,,0.0002996727707795799,-0.0009748214506544173,-0.008864243514835835,0.025140849873423576,,
300,model.layers.12.mlp.gate_proj.weight,3584,1024,0.00027901785714285713,0.00019776576664298773,2.48408579826355,-6.511808896902949e-05,0.4159466028213501,0.0006738658994436264,0.18565259873867035,0.2428225725889206,0.00553403003141284,0.5765274167060852,1.5271867513656616,0.00024916641996242106,175.17373657226562,2.675450377864763e-05,0.00016514518938492984,8.212427201215178e-05,0.21564051508903503,0.2749709486961365,0.007533990312367678,0.5414350032806396,1.521691918373108,,,,,,,,,,,,,,
300,model.layers.12.mlp.up_proj.weight,3584,1024,0.00027901785714285713,0.000279580126516521,2.471393346786499,-0.00018261183868162334,0.6637345552444458,0.0006129791145212948,0.2107563465833664,0.25588828325271606,0.008632037788629532,0.5276662111282349,1.5148781538009644,0.000286623602733016,132.23043823242188,4.92659819428809e-05,0.00018895271932706237,0.0001129847951233387,0.22224469482898712,0.2668481767177582,0.009963792748749256,0.5052841305732727,1.511744499206543,,,,,,,,,,,,,,
300,model.layers.12.mlp.down_proj.weight,1024,3584,0.00027901785714285713,0.0002503763244021684,5.071104526519775,-0.0002065895387204364,0.6129849553108215,0.00015282501408364624,0.2211761772632599,0.26084157824516296,0.025404121726751328,0.47878071665763855,1.4018950462341309,0.00024652681895531714,97.37539672851562,3.6318386264611036e-05,0.00020116085943300277,8.553649240639061e-05,0.19530296325683594,0.29467812180519104,0.008658712729811668,0.5863663554191589,1.4929476976394653,8.0,0.0805714800953865,0.08580557256937027,0.8426038026809692,-1.0228834071313031e-05,0.019640788435935974,1.8454276323318481,-0.0005207954917226101,-0.0037332901265472174,0.0029839975759387016,0.005063384771347046,0.028511803597211838,,
300,model.layers.22.mlp.gate_proj.weight,3584,1024,0.00027901785714285713,0.00021128884691279382,2.8251242637634277,0.001178081496618688,0.12059753388166428,0.0006714454502798617,0.1821477711200714,0.25586408376693726,0.006508001126348972,0.5594964027404785,1.5166021585464478,0.0002442360855638981,245.69493103027344,5.753552613896318e-06,0.00011193026148248464,8.137523400364444e-05,0.22431917488574982,0.2667432725429535,0.009117085486650467,0.5309367775917053,1.523226022720337,,,,,,,,,,,,,0.17468854784965515,0.1868543028831482
300,model.layers.22.mlp.up_proj.weight,3584,1024,0.00027901785714285713,0.000212508428376168,2.639220952987671,0.0005960645503364503,0.27635785937309265,0.0008957104291766882,0.16728225350379944,0.30526044964790344,0.011153396219015121,0.5938931107521057,1.5118322372436523,0.000272038159891963,212.0117645263672,-1.023940149025293e-05,0.00014500413089990616,0.00012331121251918375,0.2349890023469925,0.25487613677978516,0.009812554344534874,0.5051198601722717,1.508867621421814,,,,,,,,,,,,,,
300,model.layers.22.mlp.down_proj.weight,1024,3584,0.00027901785714285713,0.00035962258698418736,2.7517988681793213,0.0007089492282830179,0.2553178369998932,0.0003669168218038976,0.11378360539674759,0.41116759181022644,0.012080048210918903,0.578498125076294,1.457234501838684,0.0002839568769559264,152.70741271972656,9.455583494855091e-06,0.00015249192074406892,8.323147631017491e-05,0.22644150257110596,0.26312604546546936,0.008989931084215641,0.5216007232666016,1.4696921110153198,8.0,0.07887424528598785,0.07799100130796432,0.8278420567512512,1.546518615214154e-05,0.010310377925634384,0.38130778074264526,0.0014999630725165672,0.008854491636157036,0.004282230976969004,0.006608370691537857,0.10986615717411041,,
300,model.layers.1.linear_attn.in_proj_qkv.weight,6144,1024,0.00016276041666666666,0.00012291999883018434,2.3711206912994385,-0.00011828968126792461,0.30498069524765015,0.001201538136228919,0.18770256638526917,0.2640882730484009,0.009831239469349384,0.5148357152938843,1.5350602865219116,0.00014275732974056154,243.5309295654297,3.3194413845194504e-05,0.00019561547378543764,5.133082959218882e-05,0.22971133887767792,0.26206380128860474,0.0064790393225848675,0.5194106698036194,1.53654944896698,8.0,0.07235267758369446,0.07389943301677704,0.8181892037391663,-7.196116712293588e-06,-0.00441182404756546,0.22388632595539093,,-0.00689789280295372,-0.006450614891946316,-0.004966489505022764,0.05539723485708237,,
300,model.layers.1.linear_attn.out_proj.weight,1024,2048,0.00048828125,0.0004997955984435976,1.3280915021896362,-0.0006847360054962337,0.7374226450920105,0.0001361843169433996,0.12363950908184052,0.3791671097278595,0.006695726420730352,0.5335171222686768,1.4587944746017456,0.00044457465992309153,127.9046859741211,4.028448529425077e-05,0.00012807695020455867,8.767622784944251e-05,0.21512609720230103,0.2769757807254791,0.008316109888255596,0.5443276166915894,1.4759044647216797,,,,,,,,,,,,,,
300,model.layers.12.linear_attn.in_proj_qkv.weight,6144,1024,0.00016276041666666666,7.565677515231073e-05,1.9558537006378174,-0.00026605272432789207,0.4366917312145233,0.0005916375084780157,0.16188587248325348,0.24743503332138062,0.003487630747258663,0.5906509160995483,1.5511252880096436,0.00014744499640073627,185.00086975097656,2.2146694391267374e-05,0.00018432681099511683,6.477375427493826e-05,0.20918266475200653,0.28354698419570923,0.006925088353455067,0.5413443446159363,1.5441515445709229,8.0,0.08701775223016739,0.08236848562955856,0.8114324808120728,5.531333044928033e-06,0.0008595495019108057,0.2131018340587616,0.006435153568970379,0.0019841217435896397,0.0006679514772258699,0.0053630066104233265,0.09574020653963089,,
300,model.layers.12.linear_attn.out_proj.weight,1024,2048,0.00048828125,0.0003364007861819118,2.12526798248291,0.0009553139680065215,0.544580340385437,7.279267447302118e-05,0.17150047421455383,0.31350117921829224,0.03136707842350006,0.49330392479896545,1.4207843542099,0.0004545619594864547,64.8691635131836,2.0177967599011026e-05,0.00013691757339984179,5.8428511692909524e-05,0.1927233189344406,0.3014220893383026,0.007756213191896677,0.583803117275238,1.5073293447494507,,,,,,,,,,,,,,
300,model.layers.21.linear_attn.in_proj_qkv.weight,6144,1024,0.00016276041666666666,0.00011731121776392683,3.394080638885498,6.17183031863533e-05,0.08815249800682068,0.0008726664818823338,0.19026875495910645,0.24645143747329712,0.008013613522052765,0.5414546132087708,1.5399515628814697,0.00015858004917390645,302.6983947753906,5.992353635519976e-06,0.0001380290777888149,8.998656994663179e-05,0.2314174920320511,0.2591419816017151,0.008244373835623264,0.5194966197013855,1.534995436668396,8.0,0.07380522787570953,0.0761088877916336,0.8367958664894104,-6.1522342775788275e-09,5.641811003442854e-05,0.021270079538226128,-0.0001090471530121178,-0.0026258043944835663,0.00016982927627395838,-0.009595522657036781,0.0380374938249588,,
300,model.layers.21.linear_attn.out_proj.weight,1024,2048,0.00048828125,0.00038080275407992303,2.827618360519409,0.0002452228218317032,0.1601097732782364,0.00018600474868435413,0.15939219295978546,0.3347768783569336,0.008934934623539448,0.5210978984832764,1.4708009958267212,0.00042873583151958883,91.3726806640625,1.447963950340636e-05,0.00011154454114148393,8.875610365066677e-05,0.21443425118923187,0.27817589044570923,0.009234193712472916,0.5166297554969788,1.4687614440917969,,,,,,,,,,,,,,
