step,matrix,m,n,r_null,G_r_spectrum,G_stable_rank_G,G_alignment_GW,G_G_fro,G_energy_top,G_energy_mid,G_energy_tail,G_energy_top_rows,G_energy_tail_rows,G_pangle_Gtop_Wtop_mean,H_r_spectrum,H_stable_rank_G,H_alignment_GW,H_G_fro,H_energy_top,H_energy_mid,H_energy_tail,H_energy_top_rows,H_energy_tail_rows,H_pangle_Gtop_Wtop_mean,n_microbatch,snr_diag_median,snr_offdiag_median,spearman_absC_snr,sig_energy_diag,sig_energy_total,noise_energy,R_sigma_cross,snr_cross_diag_median,snr_cross_offdiag_median,spearman_absC_snr_cross,spearman_absC_split,rho_sigma_absmed,rho_frame_absmed
25,model.layers.7.self_attn.q_proj.weight,4096,1024,0.000244140625,0.00018182549683842808,2.9578874111175537,0.0012950411764904857,0.18508291244506836,0.0020657198037952185,0.1747618019580841,0.26139602065086365,0.011693386361002922,0.5308369994163513,1.531638503074646,0.00016728298214729875,234.29718017578125,2.0506917280727066e-05,0.00026871621957980096,5.2697421779157594e-05,0.21786999702453613,0.27710452675819397,0.006448549218475819,0.538807213306427,1.5396842956542969,8.0,0.05589652806520462,0.06531927734613419,0.9001365303993225,-4.727043290131405e-07,-0.0002399412915110588,0.09233696758747101,,-0.0026667967904359102,-9.617112664273009e-05,0.0012160037877038121,0.05943697318434715,0.26106083393096924,0.26537734270095825
25,model.layers.7.self_attn.k_proj.weight,512,1024,0.0009765625,0.0011967471800744534,3.3563475608825684,1.2881173461209983e-05,0.13923372328281403,0.0012084281770512462,0.1402687281370163,0.30616286396980286,0.024709520861506462,0.7244259715080261,1.3087623119354248,0.0008230042294599116,90.73736572265625,1.84889850061154e-05,9.58700111368671e-05,8.815646287985146e-05,0.21685408055782318,0.2695503830909729,0.00851356703788042,0.5523397326469421,1.435570478439331,,,,,,,,,,,,,,
25,model.layers.7.self_attn.v_proj.weight,512,1024,0.0009765625,0.0009694973705336452,2.0935795307159424,-0.0025235482025891542,0.2501446604728699,0.000310839299345389,0.13855767250061035,0.2531163990497589,0.0033890085760504007,0.7343519926071167,1.4674862623214722,0.0008598555577918887,76.75794982910156,1.9616836652858183e-05,0.00010079675848828629,0.00012275890912860632,0.23210600018501282,0.25377175211906433,0.007754745427519083,0.5133938193321228,1.4492782354354858,,,,,,,,,,,,,,
25,model.layers.7.self_attn.o_proj.weight,1024,2048,0.00048828125,0.0002510085760150105,2.183074951171875,-0.0007920928183011711,0.42171376943588257,3.4665295970626175e-05,0.14196154475212097,0.3621963560581207,0.015531860291957855,0.5318370461463928,1.4238146543502808,0.0004361190658528358,128.19212341308594,2.1033460143371485e-05,0.00012243015225976706,4.6840115828672424e-05,0.17037656903266907,0.3255935311317444,0.0062874676659703255,0.6353905200958252,1.5276848077774048,,,,,,,,,,,,,,
25,model.layers.15.self_attn.q_proj.weight,4096,1024,0.000244140625,0.00016354174294974655,3.177985906600952,0.0005375217879191041,0.20337709784507751,0.0003775494114961475,0.2028013914823532,0.24162259697914124,0.0041027856059372425,0.4547397494316101,1.5462311506271362,0.00018183609063271433,229.40138244628906,1.848186002462171e-05,0.000276257807854563,4.158396041020751e-05,0.22818152606487274,0.262544721364975,0.004546558018773794,0.4888955056667328,1.5451672077178955,8.0,0.06429960578680038,0.06880321353673935,0.8931441903114319,-1.3043797935097245e-06,-0.00019385693303775042,0.12475740909576416,,-0.0036213970743119717,-0.0002958599361591041,-0.009072895161807537,0.034173790365457535,,
25,model.layers.15.self_attn.k_proj.weight,512,1024,0.0009765625,0.0009920744923874736,3.928222179412842,-3.460807874944294e-06,0.17304353415966034,7.347950304392725e-05,0.2671296000480652,0.22536544501781464,0.003812018083408475,0.5366137623786926,1.4564450979232788,0.0008682832703925669,78.14893341064453,-1.2814782166969962e-05,0.00010059091437142342,0.00010231046326225623,0.19116228818893433,0.30179476737976074,0.00727190263569355,0.5855051279067993,1.4504432678222656,,,,,,,,,,,,,,
25,model.layers.15.self_attn.v_proj.weight,512,1024,0.0009765625,0.0009493703837506473,1.9478470087051392,-0.0014626984484493732,0.162775456905365,0.00031468781526200473,0.19350136816501617,0.25462859869003296,0.00815331656485796,0.6375340819358826,1.4516690969467163,0.0009308756561949849,89.96076965332031,1.3697276699531358e-05,8.404026448260993e-05,4.459343108464964e-05,0.23069123923778534,0.2625391483306885,0.006610734388232231,0.5148353576660156,1.4603685140609741,,,,,,,,,,,,,0.26359105110168457,0.2740260064601898
25,model.layers.15.self_attn.o_proj.weight,1024,2048,0.00048828125,0.00043487644870765507,1.7850934267044067,-0.0004636043740902096,0.30977219343185425,1.9755592802539468e-05,0.08366300165653229,0.4671797454357147,0.014000954106450081,0.5876882672309875,1.4379369020462036,0.000412672758102417,80.33208465576172,6.549447334691649e-06,0.00010584655683487654,6.010147990309633e-05,0.18407189846038818,0.31586575508117676,0.00748260086402297,0.5926651954650879,1.5160259008407593,,,,,,,,,,,,,,
25,model.layers.19.self_attn.q_proj.weight,4096,1024,0.000244140625,0.0001736351114232093,3.28629469871521,8.383247768506408e-05,0.11009203642606735,0.0006148372194729745,0.21304410696029663,0.2385157346725464,0.009809114970266819,0.4345889389514923,1.5210049152374268,0.0001651529164519161,229.0161590576172,1.8763877960736863e-05,0.0002664462081156671,4.8261495976476e-05,0.22384116053581238,0.2696699798107147,0.004748866427689791,0.5130572319030762,1.5465236902236938,8.0,0.0603053979575634,0.060611408203840256,0.8894162774085999,-6.665387672910583e-07,-8.834000618662685e-05,0.04312453046441078,,-0.0005662098992615938,-0.00023960910039022565,0.0059654247015714645,0.06092117726802826,,
25,model.layers.19.self_attn.k_proj.weight,512,1024,0.0009765625,0.0010713437804952264,3.3251137733459473,5.012876954424428e-06,0.11393368989229202,0.0002006787690334022,0.2453865259885788,0.23508226871490479,0.010028610937297344,0.5795747637748718,1.3944847583770752,0.0009380693081766367,91.33460998535156,9.45103311096318e-05,9.87947205430828e-05,5.5070755479391664e-05,0.2168920487165451,0.2691100537776947,0.00819678045809269,0.5634629130363464,1.4490907192230225,,,,,,,,,,,,,,
25,model.layers.19.self_attn.v_proj.weight,512,1024,0.0009765625,0.0009946083882823586,1.523077130317688,-0.002719375304877758,0.10116484761238098,0.0030031795613467693,0.12727366387844086,0.2713834345340729,0.010019553825259209,0.702397882938385,1.4502910375595093,0.0009176176390610635,70.9300765991211,1.8009690393228084e-05,7.707402983214706e-05,0.0001061201692209579,0.2463044822216034,0.2544182240962982,0.00930282287299633,0.5043507218360901,1.4508558511734009,,,,,,,,,,,,,,
25,model.layers.19.self_attn.o_proj.weight,1024,2048,0.00048828125,0.0004838275781366974,1.4171117544174194,-0.0008506183512508869,0.19331566989421844,4.339081351645291e-05,0.0584801509976387,0.504835307598114,0.007535912096500397,0.6048509478569031,1.4688544273376465,0.0003840130812022835,129.85574340820312,5.59389582122094e-06,9.051522647496313e-05,8.308790711453184e-05,0.19757550954818726,0.29682156443595886,0.008469268679618835,0.5398207902908325,1.4726067781448364,,,,,,,,,,,,,,
25,model.layers.1.mlp.gate_proj.weight,3584,1024,0.00027901785714285713,0.00021789570746477693,3.055356740951538,5.887476436328143e-05,0.188547283411026,0.0005408131401054561,0.18061384558677673,0.30039313435554504,0.009906359016895294,0.5320754051208496,1.517671823501587,0.0002589290670584887,235.79171752929688,3.0323402825160883e-05,0.0002322973305126652,6.33307863608934e-05,0.22120413184165955,0.27117255330085754,0.008079629391431808,0.5394125580787659,1.5273027420043945,,,,,,,,,,,,,0.2724016606807709,0.2691114544868469
25,model.layers.1.mlp.up_proj.weight,3584,1024,0.00027901785714285713,0.0004229506303090602,2.8181097507476807,-3.358597314218059e-05,0.3081677258014679,9.274975309381261e-05,0.16122475266456604,0.3316865861415863,0.007114708423614502,0.516867995262146,1.5115054845809937,0.00025631781318224967,259.0554504394531,6.261849193833768e-05,0.00027309893630445004,9.68031381489709e-05,0.2301686853170395,0.25997453927993774,0.00959954783320427,0.5092959403991699,1.5172361135482788,,,,,,,,,,,,,,
25,model.layers.1.mlp.down_proj.weight,1024,3584,0.00027901785714285713,0.00026619527488946915,5.015405654907227,-2.5898059902829118e-05,0.3039945363998413,0.0006869985954836011,0.19048556685447693,0.2799108028411865,0.012318473309278488,0.545632541179657,1.4386051893234253,0.0002612298121675849,131.25608825683594,1.2371900083962828e-05,0.00010826843936229125,7.386757351923734e-05,0.21180102229118347,0.28109362721443176,0.008420173078775406,0.5423153042793274,1.492789626121521,8.0,0.06196051463484764,0.060497816652059555,0.904481053352356,-6.1337063925748225e-06,0.0011243658373132348,0.6043238043785095,-0.005455258590239474,0.004122985992580652,0.00013692842912860215,-0.006350602488964796,0.04474322497844696,,
25,model.layers.12.mlp.gate_proj.weight,3584,1024,0.00027901785714285713,0.00018450299103278667,2.798835515975952,-4.9524682253832e-05,0.21182763576507568,0.00039917699177749455,0.1845441311597824,0.24160164594650269,0.004472582135349512,0.5700798630714417,1.5301039218902588,0.00020227249478921294,294.6462097167969,3.629006096161902e-05,0.0002743912045843899,6.158612814033404e-05,0.19372914731502533,0.30256199836730957,0.0060682715848088264,0.5900231599807739,1.5324132442474365,,,,,,,,,,,,,,
25,model.layers.12.mlp.up_proj.weight,3584,1024,0.00027901785714285713,0.0002799082431010902,2.762568473815918,-0.0002800952934194356,0.3331794738769531,0.00040234587504528463,0.21957215666770935,0.25248971581459045,0.006544421426951885,0.506324827671051,1.513347864151001,0.00028787946212105453,231.47128295898438,4.781518873642199e-05,0.0002929297916125506,7.960552466101944e-05,0.22107601165771484,0.2680268883705139,0.009288441389799118,0.5113328099250793,1.514286756515503,,,,,,,,,,,,,,
25,model.layers.12.mlp.down_proj.weight,1024,3584,0.00027901785714285713,0.00028594842297025025,5.754413604736328,-0.00029979259124957025,0.3265320062637329,0.00023462966782972217,0.2093532234430313,0.2782689034938812,0.024996506050229073,0.5039142966270447,1.3768529891967773,0.0002610076335258782,180.1490478515625,1.4891204045852646e-05,0.00011598165292525664,8.247960795415565e-05,0.1926545649766922,0.2996724843978882,0.008114131167531013,0.5821032524108887,1.51253080368042,8.0,0.07115272432565689,0.06235489994287491,0.9096180200576782,3.3365060971846106e-06,-0.0018600618932396173,0.7799527645111084,,-0.00013495911844074726,-0.0005664792261086404,-0.006743967067450285,0.02600695751607418,,
25,model.layers.22.mlp.gate_proj.weight,3584,1024,0.00027901785714285713,0.0003313420747872442,2.7856733798980713,0.0013955807080492377,0.09262314438819885,0.0015624782536178827,0.17903010547161102,0.25229698419570923,0.010009398683905602,0.5611611008644104,1.5155357122421265,0.0001999929518206045,249.92831420898438,9.294304618379101e-06,0.00023725586652290076,9.773228521225974e-05,0.20566867291927338,0.28589916229248047,0.008211496286094189,0.56886887550354,1.5264607667922974,,,,,,,,,,,,,0.28108012676239014,0.2749059498310089
25,model.layers.22.mlp.up_proj.weight,3584,1024,0.00027901785714285713,0.00029403442749753594,2.5034537315368652,0.0007880605407990515,0.20773088932037354,0.0007728295167908072,0.17992863059043884,0.28066590428352356,0.011575275100767612,0.5600970983505249,1.5121062994003296,0.00023552057973574847,228.58282470703125,7.313039532164112e-05,0.00028436488355509937,0.00010603005648590624,0.21885186433792114,0.27188989520072937,0.011540115810930729,0.538631796836853,1.5065854787826538,,,,,,,,,,,,,,
25,model.layers.22.mlp.down_proj.weight,1024,3584,0.00027901785714285713,0.0003711282624863088,2.529482126235962,0.0009420243441127241,0.1880842000246048,0.00023447016428690404,0.10358378291130066,0.39619681239128113,0.009622707962989807,0.548721432685852,1.4622997045516968,0.0002613653487060219,201.0314178466797,6.190328349475749e-06,0.00011476370855234563,0.00010685141751309857,0.2101893573999405,0.28167596459388733,0.008854096755385399,0.5170398950576782,1.465669870376587,8.0,0.057959817349910736,0.06122153252363205,0.8709776997566223,-1.8368859855399933e-06,-0.00421376246958971,0.2309829741716385,,-0.0004475290479604155,-0.001856018789112568,0.007939414121210575,0.10799521207809448,,
25,model.layers.1.linear_attn.in_proj_qkv.weight,6144,1024,0.00016276041666666666,0.0001164606146630831,2.3740549087524414,-0.00020898134971503168,0.15947845578193665,0.0005572923109866679,0.18775486946105957,0.25448423624038696,0.006906492635607719,0.5018413066864014,1.5350159406661987,0.0001413297577528283,128.24661254882812,1.2117237019992899e-05,0.0002995939867105335,3.008313251484651e-05,0.22018782794475555,0.27448713779449463,0.0044740112498402596,0.5422167778015137,1.5465376377105713,8.0,0.06332947313785553,0.06373821198940277,0.8967247605323792,2.0543518530757865e-06,0.0004644162836484611,0.0702965036034584,0.004423513828879488,0.0004553861217573285,0.0008089664042927325,-0.009825517423450947,0.042739953845739365,,
25,model.layers.1.linear_attn.out_proj.weight,1024,2048,0.00048828125,0.000804004492238164,1.3067816495895386,9.686036719358526e-06,0.3862535059452057,0.0005411794991232455,0.11763294786214828,0.36988183856010437,0.015090424567461014,0.519477367401123,1.4452160596847534,0.000372354086721316,99.29832458496094,-9.122603842115495e-06,0.00011097716924268752,0.00010869718971662223,0.19976243376731873,0.2959534227848053,0.007849475368857384,0.5561618208885193,1.47765052318573,,,,,,,,,,,,,,
25,model.layers.12.linear_attn.in_proj_qkv.weight,6144,1024,0.00016276041666666666,7.267257751664147e-05,2.2817370891571045,-0.0002480537514202297,0.203573539853096,0.00025690378970466554,0.15753404796123505,0.2572880685329437,0.002469919854775071,0.5995775461196899,1.5544260740280151,0.00010842347546713427,127.39446258544922,1.2010924365313258e-05,0.00034271046752110124,3.761119660339318e-05,0.191309854388237,0.3060069680213928,0.004924329463392496,0.5719302892684937,1.5499314069747925,8.0,0.06225499138236046,0.05608437955379486,0.8745397925376892,-5.004851004741795e-07,-0.0010990420123562217,0.07670287787914276,,-0.0031693202909082174,-0.0022128671407699585,-0.006268741562962532,0.07438699156045914,,
25,model.layers.12.linear_attn.out_proj.weight,1024,2048,0.00048828125,0.00032697312417440116,2.3271021842956543,-0.000166338388225995,0.28416523337364197,4.456208262126893e-05,0.1636025756597519,0.3325662612915039,0.015485976822674274,0.5114786028862,1.420182704925537,0.00039131377707235515,85.78437805175781,1.406905721523799e-05,0.0001341860624961555,7.569957233499736e-05,0.17938576638698578,0.32109978795051575,0.007223798427730799,0.598832905292511,1.5072273015975952,,,,,,,,,,,,,,
25,model.layers.21.linear_attn.in_proj_qkv.weight,6144,1024,0.00016276041666666666,0.00010090944851981476,3.264693021774292,-0.0005134291714057326,0.05855383723974228,0.0007352604297921062,0.178091362118721,0.25343838334083557,0.006153963040560484,0.5867186784744263,1.5444492101669312,0.00011114458902738988,187.07606506347656,1.3816025784763042e-05,0.00032751489197835326,4.197051021037623e-05,0.19698654115200043,0.2937081456184387,0.005657372996211052,0.5964186191558838,1.55235755443573,8.0,0.06767681986093521,0.059585750102996826,0.8946540951728821,2.1589542598121625e-08,-0.00017038642545230687,0.009997433051466942,,0.00040893303230404854,-0.0020723838824778795,0.005969250109046698,0.06005186587572098,,
25,model.layers.21.linear_attn.out_proj.weight,1024,2048,0.00048828125,0.0003639523056335747,3.002389669418335,0.0006545847281813622,0.10704204440116882,0.0001353362313238904,0.15039587020874023,0.3472289741039276,0.007397649344056845,0.533423900604248,1.472247838973999,0.0003800076665356755,166.12367248535156,-3.029317667824216e-06,0.00012670370051637292,3.6786161217605695e-05,0.1987089365720749,0.29695042967796326,0.008876045234501362,0.5151339769363403,1.480173945426941,,,,,,,,,,,,,,
50,model.layers.7.self_attn.q_proj.weight,4096,1024,0.000244140625,0.00010388960799900815,2.140889883041382,0.0005581941804848611,0.22947348654270172,0.0008601726149208844,0.17502576112747192,0.2637708783149719,0.00813415925949812,0.5280436277389526,1.5368397235870361,0.0001597736991243437,243.28843688964844,1.5845702364458703e-05,0.00027010455960407853,6.382537685567513e-05,0.2174634486436844,0.2782902717590332,0.006537855137139559,0.5396386384963989,1.5374201536178589,8.0,0.08615893870592117,0.08108339458703995,0.8474234342575073,4.6284600330182e-07,-0.0003324196150060743,0.11468550562858582,,0.0008787772385403514,-0.00025301898131147027,-0.010533732362091541,0.0470828041434288,0.3380069434642792,0.32633769512176514
50,model.layers.7.self_attn.k_proj.weight,512,1024,0.0009765625,0.00158565619494766,2.299557685852051,8.520482879248448e-06,0.17056724429130554,0.0037028442602604628,0.13745391368865967,0.24007506668567657,0.022154444828629494,0.7358747124671936,1.3134732246398926,0.0009074563276953995,107.10871124267578,9.262843377655372e-06,9.641002543503419e-05,0.00010126710549229756,0.21345102787017822,0.2692664861679077,0.00802940409630537,0.5555267930030823,1.4409445524215698,,,,,,,,,,,,,,
50,model.layers.7.self_attn.v_proj.weight,512,1024,0.0009765625,0.0012412985088303685,1.660904884338379,0.0009515919373370707,0.31137776374816895,0.0012027218472212553,0.11079869419336319,0.2683303952217102,0.008141609840095043,0.7849161028862,1.4407637119293213,0.0008633827092126012,60.387752532958984,1.4286947589425836e-05,9.979555034078658e-05,0.00012818547838833183,0.23449531197547913,0.2510591149330139,0.009685205295681953,0.5121268033981323,1.4198522567749023,,,,,,,,,,,,,,
50,model.layers.7.self_attn.o_proj.weight,1024,2048,0.00048828125,0.0002366926782997325,2.2865703105926514,0.0003513679839670658,0.45375481247901917,5.941511699347757e-05,0.14149068295955658,0.359701544046402,0.021860741078853607,0.5277403593063354,1.4139372110366821,0.00045936545939184725,141.3138885498047,2.4801936888252385e-05,0.0001234144438058138,5.0407572416588664e-05,0.17180272936820984,0.3246594965457916,0.006448228843510151,0.6349869966506958,1.5318500995635986,,,,,,,,,,,,,,
50,model.layers.15.self_attn.q_proj.weight,4096,1024,0.000244140625,0.00010889591067098081,2.7902092933654785,0.00013915802992414683,0.22774870693683624,0.00021732787718065083,0.20817618072032928,0.23677247762680054,0.0031018333975225687,0.4501183331012726,1.5492268800735474,0.00015615382289979607,227.2948760986328,3.1496212614001706e-05,0.00027575556305237114,2.9425429602270015e-05,0.2293863743543625,0.26094958186149597,0.004340616520494223,0.48808753490448,1.5472134351730347,8.0,0.07510574162006378,0.0765080377459526,0.8453415632247925,-2.8261968054721365e-06,0.00022857959265820682,0.14389584958553314,-0.012364169402025863,0.0003028042847290635,0.0007824023487046361,-0.011924223974347115,0.05160018056631088,,
50,model.layers.15.self_attn.k_proj.weight,512,1024,0.0009765625,0.0010387861402705312,4.493170261383057,1.4414666111406405e-05,0.18308855593204498,0.0003051246458198875,0.24871425330638885,0.2255764901638031,0.003996199928224087,0.5552620887756348,1.465478539466858,0.000872282194904983,70.84805297851562,1.6192294424399734e-05,0.0001006883176160045,0.00012752927432302386,0.18867020308971405,0.3060746192932129,0.0072522833943367004,0.58927983045578,1.4765719175338745,,,,,,,,,,,,,,
50,model.layers.15.self_attn.v_proj.weight,512,1024,0.0009765625,0.0008277829037979245,1.695359468460083,0.00043297154479660094,0.1845754235982895,0.00012590490223374218,0.17319785058498383,0.2664240300655365,0.002919509308412671,0.6739541292190552,1.4514633417129517,0.0009476955165155232,67.04366302490234,1.968913056771271e-05,8.348776464117691e-05,5.576338662649505e-05,0.22769753634929657,0.2658882439136505,0.00674430700019002,0.517284095287323,1.4605655670166016,,,,,,,,,,,,,0.2903207838535309,0.3031916618347168
50,model.layers.15.self_attn.o_proj.weight,1024,2048,0.00048828125,0.00044943520333617926,1.7763221263885498,0.00015500040899496526,0.33184367418289185,2.95898353215307e-05,0.08115610480308533,0.46779608726501465,0.016147546470165253,0.5861623287200928,1.4348270893096924,0.00048688275273889303,100.4514389038086,3.272667163400911e-05,0.00010711650247685611,5.808826244901866e-05,0.18419578671455383,0.314777135848999,0.007386940997093916,0.5918130278587341,1.515519142150879,,,,,,,,,,,,,,
50,model.layers.19.self_attn.q_proj.weight,4096,1024,0.000244140625,0.0001603527634870261,2.5151889324188232,0.0009021777659654617,0.13250920176506042,0.0005364082171581686,0.21537494659423828,0.23186293244361877,0.008673341013491154,0.42205822467803955,1.5287624597549438,0.0001751034433254972,205.46136474609375,2.0369485355331562e-05,0.0002655370335560292,4.679734047385864e-05,0.222935751080513,0.27007654309272766,0.004651074763387442,0.5118840336799622,1.5477714538574219,8.0,0.08025357872247696,0.07969070225954056,0.8412959575653076,-5.69045596421347e-07,0.0002054137148661539,0.055647507309913635,-0.0027702414943039854,0.002480432391166687,0.0016805825289338827,-0.006938606966286898,0.05789801478385925,,
50,model.layers.19.self_attn.k_proj.weight,512,1024,0.0009765625,0.0008978533442132175,3.0945863723754883,-5.542866801988566e-06,0.13184885680675507,0.0005952722276560962,0.23728738725185394,0.2211557775735855,0.011058386415243149,0.5790621042251587,1.3652757406234741,0.000964498845860362,93.17317962646484,5.794466233055573e-06,9.837906691245735e-05,5.992802471155301e-05,0.21857421100139618,0.26694443821907043,0.00826224684715271,0.5631788372993469,1.4543150663375854,,,,,,,,,,,,,,
50,model.layers.19.self_attn.v_proj.weight,512,1024,0.0009765625,0.0008002143003977835,1.4815174341201782,-0.0006359555991366506,0.10626912862062454,0.0003292058245278895,0.12003710865974426,0.2724177837371826,0.0027158367447555065,0.7205384373664856,1.4546737670898438,0.0009419083362445235,78.44294738769531,1.2503833204391412e-05,7.900601485744119e-05,0.0001023221921059303,0.23343215882778168,0.25562015175819397,0.009487410075962543,0.5098681449890137,1.4078243970870972,,,,,,,,,,,,,,
50,model.layers.19.self_attn.o_proj.weight,1024,2048,0.00048828125,0.0005147206829860806,1.359350323677063,-0.00019176014757249504,0.20582278072834015,6.53104143566452e-05,0.05640526860952377,0.523148775100708,0.012414718046784401,0.6182551980018616,1.4632219076156616,0.0004314073594287038,136.63792419433594,1.2741329555865377e-05,8.966273162513971e-05,0.00010127451969310641,0.20290976762771606,0.2928251028060913,0.008324658498167992,0.5376663208007812,1.4735945463180542,,,,,,,,,,,,,,
50,model.layers.1.mlp.gate_proj.weight,3584,1024,0.00027901785714285713,0.0002782772062346339,3.093177556991577,-0.0001253869413631037,0.19087305665016174,0.00047993476619012654,0.18131206929683685,0.2973196804523468,0.009879772551357746,0.5227336287498474,1.5163136720657349,0.0002705939987208694,255.22584533691406,4.843316855840385e-05,0.00023482355754822493,9.076835704036057e-05,0.22035108506679535,0.27100053429603577,0.008059927262365818,0.5400033593177795,1.5208145380020142,,,,,,,,,,,,,0.33858880400657654,0.3406978249549866
50,model.layers.1.mlp.up_proj.weight,3584,1024,0.00027901785714285713,0.0005273903952911496,2.8262312412261963,-0.00015440165589097887,0.31945088505744934,0.0001331658277194947,0.1650400608778,0.3284982442855835,0.009553512558341026,0.5100278258323669,1.5083599090576172,0.0002926195738837123,261.0196838378906,5.1756178436335176e-05,0.00027825022698380053,8.711317059351131e-05,0.23053938150405884,0.2606447637081146,0.009372792206704617,0.5090454816818237,1.5197808742523193,,,,,,,,,,,,,,
50,model.layers.1.mlp.down_proj.weight,1024,3584,0.00027901785714285713,0.00029191639623604715,4.99460506439209,-0.0001595434732735157,0.313664048910141,0.0014087898889556527,0.18617430329322815,0.28433120250701904,0.016126040369272232,0.5487127900123596,1.4239860773086548,0.00026797084137797356,170.5641326904297,2.4933577151387e-05,0.00011002804239979014,0.00010117877536686137,0.2147836685180664,0.2764749526977539,0.008470268920063972,0.5344448089599609,1.4808053970336914,8.0,0.08567719161510468,0.08168728649616241,0.8647670745849609,1.4239054507925175e-05,0.00846489891409874,0.6300805807113647,0.0016821293027149175,0.006431638263165951,0.003063031705096364,-0.00942901335656643,0.030443694442510605,,
50,model.layers.12.mlp.gate_proj.weight,3584,1024,0.00027901785714285713,0.0002580668078735471,2.9475715160369873,0.000140070216730237,0.2269519865512848,0.001059946371242404,0.1797824651002884,0.2511483132839203,0.007224305998533964,0.586244523525238,1.52515709400177,0.000211768172448501,267.62176513671875,-1.233267266798066e-05,0.0002786441764328629,4.996483767172322e-05,0.1938696950674057,0.30097487568855286,0.006125752814114094,0.5889077186584473,1.5338821411132812,,,,,,,,,,,,,,
50,model.layers.12.mlp.up_proj.weight,3584,1024,0.00027901785714285713,0.00026746734511107206,2.7427115440368652,6.875197141198441e-05,0.36693617701530457,0.0005075655644759536,0.21999891102313995,0.24610579013824463,0.008005253039300442,0.5034050941467285,1.5162748098373413,0.0002514453954063356,251.88426208496094,7.034387090243399e-05,0.00029666247428394854,9.104178025154397e-05,0.22224938869476318,0.2665807604789734,0.009685155004262924,0.5095470547676086,1.5192104578018188,,,,,,,,,,,,,,
50,model.layers.12.mlp.down_proj.weight,1024,3584,0.00027901785714285713,0.0002491713676135987,5.6428680419921875,7.391804683720693e-05,0.3583693206310272,0.00015213649021461606,0.2048017978668213,0.2838198244571686,0.021174756810069084,0.5176188349723816,1.4071002006530762,0.00026707403594627976,184.82452392578125,2.1822372218593955e-05,0.0001179950195364654,5.975467502139509e-05,0.19295349717140198,0.3010891079902649,0.007942123338580132,0.5822547674179077,1.507949709892273,8.0,0.07217969745397568,0.07513662427663803,0.8719674348831177,-3.1472363843931817e-06,-0.0011312124552205205,0.6412264704704285,,-0.007129580248147249,-0.00013561153900809586,-0.004422879312187433,0.03243304789066315,,
50,model.layers.22.mlp.gate_proj.weight,3584,1024,0.00027901785714285713,0.00034818658605217934,2.753286600112915,-3.871279113809578e-05,0.08754321187734604,0.001080163405276835,0.17217397689819336,0.255927175283432,0.00855922605842352,0.5660020112991333,1.5222891569137573,0.00021988654043525457,240.97918701171875,3.435088729020208e-05,0.00023712382244411856,8.95496632438153e-05,0.20661067962646484,0.28574320673942566,0.007926181890070438,0.5676320791244507,1.5287426710128784,,,,,,,,,,,,,0.2854205071926117,0.2739105224609375
50,model.layers.22.mlp.up_proj.weight,3584,1024,0.00027901785714285713,0.00035095648490823805,2.3807082176208496,-0.000798681634478271,0.20966382324695587,0.0009699070360511541,0.1717081218957901,0.29161742329597473,0.01428443193435669,0.5673741698265076,1.5067802667617798,0.0002829051809385419,217.93479919433594,5.962850627838634e-05,0.000284262903733179,0.00010338093852624297,0.21906055510044098,0.2712250053882599,0.011694107204675674,0.5373590588569641,1.5129199028015137,,,,,,,,,,,,,,
50,model.layers.22.mlp.down_proj.weight,1024,3584,0.00027901785714285713,0.0005168303614482284,2.277804374694824,-0.0009411410428583622,0.19515657424926758,0.00026127754244953394,0.09157692641019821,0.450894832611084,0.008605331182479858,0.604515016078949,1.4722225666046143,0.0002896715304814279,161.85398864746094,6.152487912913784e-06,0.00011563512089196593,8.18715852801688e-05,0.21149373054504395,0.2797204554080963,0.008596111088991165,0.5164645314216614,1.4735866785049438,8.0,0.07794404774904251,0.08211340755224228,0.8173438310623169,4.731943135993788e-06,0.0030985926277935505,0.2662522792816162,0.0015271265714471526,0.004130449611693621,0.0015750809106975794,-0.0017119598342105746,0.11743795871734619,,
50,model.layers.1.linear_attn.in_proj_qkv.weight,6144,1024,0.00016276041666666666,0.00010319262219127268,2.435391426086426,0.00025434294366277754,0.16470886766910553,0.0005511680501513183,0.1867169886827469,0.2612228989601135,0.00806045439094305,0.5158112645149231,1.533036708831787,0.00013566712732426822,153.2557830810547,2.0325172954471782e-05,0.0002958108379971236,3.873930836562067e-05,0.2186763733625412,0.27333441376686096,0.004522095900028944,0.5417270660400391,1.5431493520736694,8.0,0.07943452149629593,0.07741383463144302,0.8554062247276306,4.19054657641027e-07,2.4653563741594553e-06,0.07621368765830994,0.1699773152609227,0.005614500492811203,0.00016767438501119614,-0.0030467428732663393,0.04968671873211861,,
50,model.layers.1.linear_attn.out_proj.weight,1024,2048,0.00048828125,0.00033655096194706857,1.376157522201538,0.00037023192271590233,0.37044432759284973,0.00028177027706988156,0.12199895828962326,0.3775138854980469,0.011011986061930656,0.5323290228843689,1.4274725914001465,0.00040477715083397925,71.08922576904297,2.3523185518570244e-05,0.00011061558325309306,7.948450365802273e-05,0.19887232780456543,0.29741305112838745,0.007949881255626678,0.5599413514137268,1.476028323173523,,,,,,,,,,,,,,
50,model.layers.12.linear_attn.in_proj_qkv.weight,6144,1024,0.00016276041666666666,5.729193799197674e-05,2.126363515853882,8.192950917873532e-05,0.23429721593856812,0.00017397904593963176,0.15845367312431335,0.25338032841682434,0.0021956805139780045,0.6002634763717651,1.5540472269058228,0.00011067836749134585,144.8594970703125,4.4349006202537566e-05,0.00034048117231577635,5.5303498811554164e-05,0.1912039965391159,0.3067350387573242,0.004890028387308121,0.5740212798118591,1.5510449409484863,8.0,0.07649693638086319,0.07814307510852814,0.825484037399292,-4.188589173281798e-07,-0.0005829552537761629,0.075693279504776,,0.003150232369080186,-0.001111709512770176,-0.01852346770465374,0.08371789008378983,,
50,model.layers.12.linear_attn.out_proj.weight,1024,2048,0.00048828125,0.0003093087289016694,2.4142236709594727,0.0009247824782505631,0.30853796005249023,3.787378955166787e-05,0.16165880858898163,0.3341280221939087,0.01357843168079853,0.5173789858818054,1.4341973066329956,0.0004183002165518701,85.45166778564453,2.2858688680571504e-05,0.0001338794536422938,5.396245251176879e-05,0.18084748089313507,0.3176771104335785,0.0070018284022808075,0.5942018032073975,1.4883140325546265,,,,,,,,,,,,,,
50,model.layers.21.linear_attn.in_proj_qkv.weight,6144,1024,0.00016276041666666666,0.00011161543079651892,3.2710559368133545,-0.00017850386211648583,0.06166490167379379,0.0004777060530614108,0.17274515330791473,0.2626292407512665,0.004731291439384222,0.6012793183326721,1.5439931154251099,0.00010940594802377746,204.2952880859375,2.0347546524135396e-05,0.000326660112477839,5.976941974950023e-05,0.1988324075937271,0.29410362243652344,0.006080739665776491,0.5879340767860413,1.5535238981246948,8.0,0.08114396780729294,0.07933629304170609,0.855825662612915,3.7263677654664207e-07,7.168974843807518e-05,0.006749226711690426,0.005197908831672378,0.008131354115903378,0.0027390094473958015,0.005646266508847475,0.06368248164653778,,
50,model.layers.21.linear_attn.out_proj.weight,1024,2048,0.00048828125,0.00038949455483816564,2.55318021774292,0.00040249794255942106,0.11524999886751175,5.449725722428411e-05,0.13777853548526764,0.37794387340545654,0.0061930823139846325,0.5697520971298218,1.475991129875183,0.0003796454693656415,149.9706573486328,1.280404376302613e-05,0.0001252464862773195,4.191794869257137e-05,0.1967722326517105,0.30018457770347595,0.00846748985350132,0.5180498957633972,1.4720549583435059,,,,,,,,,,,,,,
75,model.layers.7.self_attn.q_proj.weight,4096,1024,0.000244140625,0.00011964959412580356,2.939746379852295,5.375097771320725e-06,0.20597802102565765,0.0007184198475442827,0.17829276621341705,0.269311785697937,0.007221861742436886,0.5350653529167175,1.5380053520202637,0.00018308701692149043,237.63662719726562,2.6531066396273673e-05,0.0002642491308506578,6.0305774240987375e-05,0.21723902225494385,0.2767978012561798,0.006752190180122852,0.5394834876060486,1.534685492515564,8.0,0.0696527287364006,0.0690472424030304,0.8493360280990601,1.6157714526343625e-06,-0.00042086406028829515,0.15338903665542603,,-0.00033810807508416474,-0.0010041765635833144,-0.01294903364032507,0.04578116163611412,0.2847001254558563,0.2840808033943176
75,model.layers.7.self_attn.k_proj.weight,512,1024,0.0009765625,0.0009129076497629285,3.522188663482666,1.1352457477187272e-05,0.15225864946842194,0.0009704661788418889,0.14691084623336792,0.2629151940345764,0.027958694845438004,0.7027987837791443,1.326538324356079,0.0010075789177790284,85.19638061523438,-1.815799441828858e-05,9.571871487423778e-05,6.238223431864753e-05,0.21433809399604797,0.26798513531684875,0.008440516889095306,0.5515869855880737,1.4350128173828125,,,,,,,,,,,,,,
75,model.layers.7.self_attn.v_proj.weight,512,1024,0.0009765625,0.000842394249048084,2.013413667678833,-0.0014816976618021727,0.284354567527771,0.0003181578649673611,0.13916517794132233,0.2515142560005188,0.0031892647966742516,0.7364895939826965,1.4663926362991333,0.0008340649656020105,85.18646240234375,6.578420197911328e-06,0.00010018454486271366,0.00011932502820855007,0.2301856130361557,0.2566782534122467,0.008392652496695518,0.5202596783638,1.42487370967865,,,,,,,,,,,,,,
75,model.layers.7.self_attn.o_proj.weight,1024,2048,0.00048828125,0.00022410645033232868,2.017695188522339,-0.00045836204662919044,0.48512977361679077,4.216302477288991e-05,0.13836997747421265,0.37738996744155884,0.013069132342934608,0.5560479760169983,1.4236489534378052,0.0004940754151903093,135.181396484375,3.080169699387625e-05,0.00012120227620471269,5.519869228010066e-05,0.1713770627975464,0.32379162311553955,0.006384033709764481,0.6343321204185486,1.5311477184295654,,,,,,,,,,,,,,
75,model.layers.15.self_attn.q_proj.weight,4096,1024,0.000244140625,0.00015332365001086146,3.176896810531616,-0.00040846283081918955,0.22761744260787964,0.0002531527716200799,0.20956480503082275,0.2437373250722885,0.003965830896049738,0.45208266377449036,1.5465296506881714,0.00019052102288696915,236.01620483398438,3.3168918889714405e-05,0.0002738569746725261,2.8699991162284277e-05,0.22751839458942413,0.26148054003715515,0.004427554085850716,0.48954468965530396,1.5482715368270874,8.0,0.07231725007295609,0.06888943910598755,0.8517124652862549,-7.325921842493699e-07,-0.0027744160033762455,0.16846953332424164,,0.0011964795412495732,-0.004069909453392029,-0.011309413239359856,0.04683699086308479,,
75,model.layers.15.self_attn.k_proj.weight,512,1024,0.0009765625,0.0009156099404208362,4.324326992034912,1.1080059266532771e-05,0.18588703870773315,5.7686575019033626e-05,0.2516680955886841,0.22535359859466553,0.003945905715227127,0.5588988661766052,1.4665454626083374,0.0008912450866773725,61.67546844482422,-4.6435352487606e-06,9.999852773034945e-05,6.749225576641038e-05,0.19149048626422882,0.3026827573776245,0.006964537315070629,0.5877754092216492,1.452162742614746,,,,,,,,,,,,,,
75,model.layers.15.self_attn.v_proj.weight,512,1024,0.0009765625,0.0009112303960137069,1.9871397018432617,0.001559480675496161,0.18667010962963104,0.00034004918416030705,0.19350893795490265,0.25287923216819763,0.004655382130295038,0.6379761099815369,1.4378206729888916,0.0009949349332600832,72.5363540649414,5.23012431585812e-06,8.199078729376197e-05,5.4124073358252645e-05,0.22574017941951752,0.2654935121536255,0.007664148695766926,0.5195155739784241,1.4337791204452515,,,,,,,,,,,,,0.30033421516418457,0.3057757318019867
75,model.layers.15.self_attn.o_proj.weight,1024,2048,0.00048828125,0.00042336113983765244,1.766963005065918,0.00046833499800413847,0.36701443791389465,2.7659380066324957e-05,0.08529959619045258,0.4761156439781189,0.011934432201087475,0.6086068749427795,1.4391988515853882,0.00043385958997532725,103.90845489501953,1.3758663044427522e-05,0.00010445205407449976,7.296968396985903e-05,0.1833629459142685,0.31656554341316223,0.007470790762454271,0.5934706926345825,1.5176239013671875,,,,,,,,,,,,,,
75,model.layers.19.self_attn.q_proj.weight,4096,1024,0.000244140625,0.00015706011618021876,3.0045502185821533,-0.00043757952516898513,0.13846872746944427,0.00042589177610352635,0.21498580276966095,0.24120613932609558,0.007324607577174902,0.44075050950050354,1.5282806158065796,0.00017464617849327624,217.9493865966797,2.3693381081102416e-05,0.0002674113493412733,3.7147234252188355e-05,0.22384703159332275,0.2700425982475281,0.004661060404032469,0.511555016040802,1.547554850578308,8.0,0.0713576227426529,0.07122741639614105,0.8338872790336609,-2.1528735487663653e-06,-0.0012947081122547388,0.07528778165578842,,-0.0113060362637043,-0.003686874406412244,0.0032308311201632023,0.0757281482219696,,
75,model.layers.19.self_attn.k_proj.weight,512,1024,0.0009765625,0.0009958569426089525,3.921257734298706,1.165001140179811e-05,0.1385139524936676,0.000295057165203616,0.25115033984184265,0.21743667125701904,0.011090780608355999,0.5747542977333069,1.3652830123901367,0.0009697765344753861,88.50836944580078,5.8450888900551945e-05,9.966549987439066e-05,5.469984171213582e-05,0.21605704724788666,0.2712947130203247,0.008085506036877632,0.5688680410385132,1.4548033475875854,,,,,,,,,,,,,,
75,model.layers.19.self_attn.v_proj.weight,512,1024,0.0009765625,0.0008579062996432185,1.6348155736923218,0.0023837366607040167,0.11242052167654037,0.0011016989592462778,0.16060255467891693,0.24707366526126862,0.0054979328997433186,0.6507843136787415,1.4346057176589966,0.0009030298097059131,52.5137825012207,5.7388271670788527e-05,7.829518290236592e-05,6.792823114665225e-05,0.24183900654315948,0.2562958598136902,0.00982726365327835,0.5057111978530884,1.4214986562728882,,,,,,,,,,,,,,
75,model.layers.19.self_attn.o_proj.weight,1024,2048,0.00048828125,0.00034200752270407975,1.5384151935577393,0.0007696544635109603,0.2069711536169052,5.71688506170176e-05,0.07028601318597794,0.4836430847644806,0.007658437825739384,0.6002988815307617,1.4599612951278687,0.0004288509371690452,126.49634552001953,6.930549716344103e-06,9.12109317141585e-05,0.0001081009249901399,0.20086227357387543,0.29386740922927856,0.00833333469927311,0.5358555316925049,1.474709153175354,,,,,,,,,,,,,,
75,model.layers.1.mlp.gate_proj.weight,3584,1024,0.00027901785714285713,0.0006384685402736068,3.1514790058135986,0.00029730895766988397,0.19012755155563354,0.0002903706335928291,0.17858760058879852,0.3011002540588379,0.007676081266254187,0.5237069725990295,1.5198343992233276,0.0002637788711581379,261.3602294921875,3.284639387857169e-05,0.00023512625193689018,9.222393418895081e-05,0.2218707799911499,0.2704212963581085,0.008308890275657177,0.5383816957473755,1.5270488262176514,,,,,,,,,,,,,0.27409180998802185,0.287491112947464
75,model.layers.1.mlp.up_proj.weight,3584,1024,0.00027901785714285713,0.00045329128624871373,2.829364061355591,0.00015250055002979934,0.3184840977191925,0.00014395022299140692,0.16544489562511444,0.31965044140815735,0.008209101855754852,0.5001994967460632,1.511326789855957,0.0003064093180000782,255.62928771972656,8.620700828032568e-05,0.0002777456829790026,9.4391725724563e-05,0.2315322458744049,0.2589854300022125,0.009612780064344406,0.5090323090553284,1.5214112997055054,,,,,,,,,,,,,,
75,model.layers.1.mlp.down_proj.weight,1024,3584,0.00027901785714285713,0.00026214824174530804,4.929774761199951,0.00014451754395850003,0.3254895508289337,0.0009922687895596027,0.17772135138511658,0.29606953263282776,0.011880920268595219,0.5753450393676758,1.4482253789901733,0.00027183504425920546,126.5876235961914,3.663758616312407e-05,0.00011028994049411267,9.943454642780125e-05,0.21578344702720642,0.27700579166412354,0.008845221251249313,0.5355951189994812,1.4889203310012817,8.0,0.061845310032367706,0.06153341010212898,0.8591265678405762,-1.0937836123048328e-05,-0.021474752575159073,0.9704476594924927,,-0.00367500982247293,-0.006190032232552767,-0.001995088765397668,0.038309913128614426,,
75,model.layers.12.mlp.gate_proj.weight,3584,1024,0.00027901785714285713,0.0002173267857870087,2.8129637241363525,0.001500629005022347,0.2513411343097687,0.0007214095676317811,0.18831145763397217,0.2400798201560974,0.00680042989552021,0.5688583254814148,1.5257679224014282,0.00021690063294954598,251.2261505126953,4.0425431507173926e-05,0.0002752210129983723,3.9061073039192706e-05,0.19376596808433533,0.3004455268383026,0.006172974593937397,0.5911869406700134,1.5362366437911987,,,,,,,,,,,,,,
75,model.layers.12.mlp.up_proj.weight,3584,1024,0.00027901785714285713,0.0002579936699476093,2.706995725631714,0.0006840892019681633,0.4027906358242035,0.0005833968752995133,0.21476754546165466,0.25242841243743896,0.009126795455813408,0.5179581046104431,1.5133757591247559,0.00024785439018160105,244.718505859375,5.5956428695935756e-05,0.00029395296587608755,0.00010860557813430205,0.2217777967453003,0.26808974146842957,0.009243542328476906,0.5126063823699951,1.5157769918441772,,,,,,,,,,,,,,
75,model.layers.12.mlp.down_proj.weight,1024,3584,0.00027901785714285713,0.0002783338713925332,5.1447834968566895,0.0007174692582339048,0.4042515158653259,0.00023237788991536945,0.1983000934123993,0.2939903438091278,0.020866144448518753,0.5272273421287537,1.3878487348556519,0.0002520411217119545,152.88893127441406,4.209578764857724e-05,0.00011864912085002288,8.605328184785321e-05,0.19071471691131592,0.3034624457359314,0.007783540990203619,0.5865331292152405,1.5136781930923462,8.0,0.06652466207742691,0.068657785654068,0.8581629395484924,-4.991807509213686e-05,-0.025967124849557877,1.1066205501556396,,-0.011465088464319706,-0.006065137218683958,-0.0023580845445394516,0.03459416329860687,,
75,model.layers.22.mlp.gate_proj.weight,3584,1024,0.00027901785714285713,0.0002595492987893522,3.268014669418335,-0.00043394279782660306,0.08750302344560623,0.00045824539847671986,0.17233465611934662,0.2725234031677246,0.005538458004593849,0.5753697156906128,1.5257891416549683,0.00020241613674443215,237.78854370117188,-3.5404129903326975e-06,0.00023591620265506208,6.25411921646446e-05,0.20838618278503418,0.28384408354759216,0.007704715244472027,0.5658658742904663,1.5281988382339478,,,,,,,,,,,,,0.2962005138397217,0.3032187223434448
75,model.layers.22.mlp.up_proj.weight,3584,1024,0.00027901785714285713,0.00019975447503384203,3.5143163204193115,0.0001806326472433284,0.1911781132221222,0.0007195316138677299,0.17561978101730347,0.2923204302787781,0.011884230189025402,0.5670658946037292,1.5141475200653076,0.0002460457035340369,217.20123291015625,6.050724914530292e-05,0.00028361837030388415,0.00011054825881728902,0.21813054382801056,0.2738381326198578,0.011835960671305656,0.5394509434700012,1.508821964263916,,,,,,,,,,,,,,
75,model.layers.22.mlp.down_proj.weight,1024,3584,0.00027901785714285713,0.0003474336990620941,2.9025075435638428,0.00019221844559069723,0.19699373841285706,0.00030117228743620217,0.10961183160543442,0.39371806383132935,0.009060855023562908,0.5515825152397156,1.4713996648788452,0.0002770655555650592,158.3405303955078,2.7832502382807434e-05,0.00011534045188454911,0.00011274221469648182,0.2125803530216217,0.27972349524497986,0.008657347410917282,0.5175896286964417,1.4696755409240723,8.0,0.06913117319345474,0.07247227430343628,0.7962565422058105,-6.991834652581019e-06,-0.00725228525698185,0.329008013010025,,-0.0035404746886342764,-0.00380330509506166,0.009364989586174488,0.1367591917514801,,
75,model.layers.1.linear_attn.in_proj_qkv.weight,6144,1024,0.00016276041666666666,0.00010075937461806461,2.3260433673858643,0.00021442942670546472,0.16057896614074707,0.0008988645276986063,0.1795552521944046,0.2669540345668793,0.007811105810105801,0.5155847072601318,1.539396047592163,0.00012896457337774336,106.48895263671875,2.887767732318025e-05,0.00029740011086687446,4.816224463866092e-05,0.21931321918964386,0.2757115066051483,0.004592934623360634,0.5444839000701904,1.5434497594833374,8.0,0.06986454874277115,0.062381092458963394,0.8581139445304871,-1.0306172271157266e-06,-0.001398949883878231,0.10473401099443436,,-0.004176779184490442,-0.005095429252833128,0.0085995988920331,0.0642499104142189,,
75,model.layers.1.linear_attn.out_proj.weight,1024,2048,0.00048828125,0.0002959206176456064,1.3403866291046143,8.041319233598188e-05,0.38565459847450256,0.000378899130737409,0.1136796623468399,0.3892534375190735,0.010815839283168316,0.5471715927124023,1.455642819404602,0.00041809858521446586,88.89533996582031,4.528147474047728e-05,0.00011071834887843579,9.862582373898476e-05,0.19737957417964935,0.299152672290802,0.008225047960877419,0.5645095705986023,1.4753992557525635,,,,,,,,,,,,,,
75,model.layers.12.linear_attn.in_proj_qkv.weight,6144,1024,0.00016276041666666666,6.270824087550864e-05,2.3563406467437744,-3.7172303564148024e-05,0.23183679580688477,0.0005258984747342765,0.15691883862018585,0.2624785900115967,0.003456596750766039,0.6104331612586975,1.5537961721420288,9.644668898545206e-05,144.05450439453125,3.815283707808703e-05,0.00034359778510406613,3.849424683721736e-05,0.1922735571861267,0.30455848574638367,0.005227291490882635,0.5691471695899963,1.5494384765625,8.0,0.06297329068183899,0.06958562135696411,0.833578884601593,-1.6207063708861824e-06,-0.00046341423876583576,0.11913071572780609,,-0.0076188864186406136,-0.0009852851508185267,-0.0014813931193202734,0.08666537702083588,,
75,model.layers.12.linear_attn.out_proj.weight,1024,2048,0.00048828125,0.0002911253541242331,2.3537042140960693,5.2950039389543235e-05,0.3447721302509308,3.787922832998447e-05,0.15605881810188293,0.3509770333766937,0.012940125539898872,0.5366631150245667,1.4236620664596558,0.000378182070562616,94.48806762695312,3.750675750779919e-05,0.0001328365906374529,5.3857031161896884e-05,0.17891521751880646,0.3208257555961609,0.007196591701358557,0.5993902683258057,1.4990490674972534,,,,,,,,,,,,,,
75,model.layers.21.linear_attn.in_proj_qkv.weight,6144,1024,0.00016276041666666666,0.00010184520942857489,3.5092124938964844,-0.0004336191632319242,0.06297053396701813,0.0004433339345268905,0.1789909303188324,0.2619453966617584,0.004860678222030401,0.5850847363471985,1.5448921918869019,0.00010762088641058654,208.17306518554688,2.9735569114563987e-05,0.0003234652103856206,5.2106042858213186e-05,0.20022013783454895,0.29222261905670166,0.005986801814287901,0.587303102016449,1.5519322156906128,8.0,0.06927120685577393,0.06659281253814697,0.8441699147224426,-2.0118727661611047e-07,-0.0002533243678044528,0.01199901569634676,,-0.0009464684990234673,-0.005454837344586849,-0.0002746654499787837,0.04999765008687973,,
75,model.layers.21.linear_attn.out_proj.weight,1024,2048,0.00048828125,0.00037883606273680925,2.977402687072754,-0.0007995751802809536,0.12003077566623688,0.00013394611596595496,0.14563509821891785,0.35734257102012634,0.006219990085810423,0.5492228865623474,1.4799795150756836,0.0003658697532955557,123.90656280517578,3.852704139717389e-06,0.00012418058759067208,3.6329594877315685e-05,0.19571852684020996,0.3009478747844696,0.008696332573890686,0.5195772647857666,1.4768027067184448,,,,,,,,,,,,,,
100,model.layers.7.self_attn.q_proj.weight,4096,1024,0.000244140625,0.0001024335651891306,3.176856756210327,-0.00010705369641073048,0.24058471620082855,0.00029915710911154747,0.18074284493923187,0.25651219487190247,0.006349559407681227,0.5308799743652344,1.5379217863082886,0.00017432017193641514,225.9058380126953,3.7761514249723405e-05,0.0002664016792550683,6.14001473877579e-05,0.21647275984287262,0.2781406342983246,0.006615148391574621,0.5424994826316833,1.5419663190841675,8.0,0.0698113739490509,0.06526798009872437,0.8529103994369507,1.1273921700194478e-05,-0.0037256525829434395,0.15360410511493683,,0.003803846426308155,-0.00704253651201725,-0.008294605650007725,0.056992895901203156,0.3083648681640625,0.2887558937072754
100,model.layers.7.self_attn.k_proj.weight,512,1024,0.0009765625,0.0012009080965071917,4.082919597625732,5.075165972812101e-06,0.16939346492290497,0.0017058767843991518,0.14410839974880219,0.26699352264404297,0.02473527565598488,0.7127780318260193,1.3183422088623047,0.0010377985890954733,112.65663146972656,5.7314384321216494e-05,9.594333823770285e-05,9.634004527470097e-05,0.2152583748102188,0.2667597532272339,0.008745851926505566,0.5518504977226257,1.44622004032135,,,,,,,,,,,,,,
100,model.layers.7.self_attn.v_proj.weight,512,1024,0.0009765625,0.0008646716014482081,1.7975279092788696,0.0001393905986333266,0.3322048783302307,0.0003392340149730444,0.12786151468753815,0.25774088501930237,0.002540664281696081,0.7485507130622864,1.4626388549804688,0.0009093538974411786,80.4013900756836,4.439343319972977e-05,0.00010188852320425212,8.948233153205365e-05,0.23392550647258759,0.2551732063293457,0.008537019602954388,0.5131005644798279,1.4461344480514526,,,,,,,,,,,,,,
100,model.layers.7.self_attn.o_proj.weight,1024,2048,0.00048828125,0.0002543656446505338,2.275531053543091,4.3104173528263345e-05,0.519028902053833,3.4085667721228674e-05,0.1377764493227005,0.372760146856308,0.016512777656316757,0.5485665202140808,1.4305617809295654,0.0004714801034424454,137.02171325683594,2.9350727345445193e-05,0.0001222666905960068,3.9045615267241374e-05,0.1711176037788391,0.3249802887439728,0.006443288177251816,0.637298583984375,1.5278156995773315,,,,,,,,,,,,,,
100,model.layers.15.self_attn.q_proj.weight,4096,1024,0.000244140625,0.000149416591739282,3.888914108276367,-7.9151606769301e-05,0.22759047150611877,0.0002831786696333438,0.2225678563117981,0.22808071970939636,0.0041301376186311245,0.4385019540786743,1.5456327199935913,0.00017872564785648137,236.61839294433594,3.311932596261613e-05,0.0002731268759816885,3.671733429655433e-05,0.229410320520401,0.2599678039550781,0.004393345210701227,0.48889315128326416,1.5483075380325317,8.0,0.07507743686437607,0.07492032647132874,0.8489860892295837,3.841746547550429e-06,0.0023277108557522297,0.19937604665756226,0.0016504397606157655,0.00947353895753622,0.002635936951264739,-0.00273574935272336,0.04999333247542381,,
100,model.layers.15.self_attn.k_proj.weight,512,1024,0.0009765625,0.0009409166523255408,3.83978009223938,-6.941622814338189e-06,0.2079440802335739,3.107618249487132e-05,0.25626981258392334,0.2361704260110855,0.003978508058935404,0.5373231768608093,1.470149040222168,0.0008608518983237445,75.84715270996094,0.00010969372669933364,0.00010110734729096293,8.457503281533718e-05,0.18984586000442505,0.30398863554000854,0.006670587696135044,0.5879307985305786,1.460654616355896,,,,,,,,,,,,,,
100,model.layers.15.self_attn.v_proj.weight,512,1024,0.0009765625,0.000795012223534286,1.8647035360336304,-0.0015074142720550299,0.2085094153881073,8.704925130587071e-05,0.1935100108385086,0.2570197880268097,0.003443377558141947,0.6346818208694458,1.43431556224823,0.0009865964530035853,93.37380981445312,1.2227787919982802e-05,8.380984218092635e-05,6.038220089976676e-05,0.23275500535964966,0.2578607499599457,0.006931736133992672,0.5092209577560425,1.4381144046783447,,,,,,,,,,,,,0.2850622832775116,0.2814182639122009
100,model.layers.15.self_attn.o_proj.weight,1024,2048,0.00048828125,0.00044511022861115634,1.9759891033172607,-0.0005181534215807915,0.3639081120491028,2.652221519383602e-05,0.08488550037145615,0.4647151231765747,0.017458343878388405,0.6017441153526306,1.4329180717468262,0.00047638919204473495,110.84475708007812,3.353640568093397e-05,0.00010595515050226822,8.419478399446234e-05,0.1857394278049469,0.31196704506874084,0.007888972759246826,0.5866797566413879,1.5013505220413208,,,,,,,,,,,,,,
100,model.layers.19.self_attn.q_proj.weight,4096,1024,0.000244140625,0.00018622117931954563,3.510039806365967,-0.00102003023494035,0.1336628496646881,0.0011250735260546207,0.21539923548698425,0.23902250826358795,0.011659227311611176,0.44886577129364014,1.5277116298675537,0.00017860157822724432,229.74929809570312,3.551713962224312e-05,0.00026723777409642935,3.699764420161955e-05,0.2231511026620865,0.2690074145793915,0.004864764399826527,0.5102803111076355,1.5449589490890503,8.0,0.0762857124209404,0.07499193400144577,0.8621228337287903,2.3541275595562183e-09,0.0007808809750713408,0.07333157956600189,3.0147072789693035e-06,0.0007634917856194079,0.001456869882531464,0.00936004426330328,0.06220613792538643,,
100,model.layers.19.self_attn.k_proj.weight,512,1024,0.0009765625,0.0010710661299526691,3.69638729095459,1.7011524278132129e-06,0.13471902906894684,0.0005173475947231054,0.23957878351211548,0.22468577325344086,0.010040742345154285,0.5827139019966125,1.3634546995162964,0.0009231283329427242,81.858642578125,9.117744775721803e-05,9.85741862677969e-05,4.2547460907371715e-05,0.21596121788024902,0.26990222930908203,0.007851196452975273,0.5697445273399353,1.4489928483963013,,,,,,,,,,,,,,
100,model.layers.19.self_attn.v_proj.weight,512,1024,0.0009765625,0.0007423689239658415,1.6474519968032837,0.0034443987533450127,0.11282739043235779,0.0006028810748830438,0.13282424211502075,0.2665194571018219,0.004861493594944477,0.6977158784866333,1.4188436269760132,0.0009353918139822781,74.04717254638672,-2.1948269932181574e-05,7.837079465389252e-05,0.00010033705621026456,0.2393157184123993,0.2560853660106659,0.009209302254021168,0.5142661929130554,1.4234142303466797,,,,,,,,,,,,,,
100,model.layers.19.self_attn.o_proj.weight,1024,2048,0.00048828125,0.000557494000531733,1.484932780265808,0.0010654052020981908,0.21693000197410583,3.991851190221496e-05,0.06320460140705109,0.5190837979316711,0.007735676132142544,0.6224671006202698,1.4559144973754883,0.00041831357521004975,116.75559997558594,1.2847945072280709e-05,9.193125151796266e-05,8.34748861961998e-05,0.19905173778533936,0.2945943772792816,0.008522619493305683,0.5398201942443848,1.4748156070709229,,,,,,,,,,,,,,
100,model.layers.1.mlp.gate_proj.weight,3584,1024,0.00027901785714285713,0.000569162773899734,3.2591376304626465,0.00031959591433405876,0.23369258642196655,0.0003145868540741503,0.1809042990207672,0.29562291502952576,0.008787022903561592,0.5217943787574768,1.512885570526123,0.00025379579165019095,267.242919921875,5.615866029984318e-05,0.00023750061518512666,7.227856985991821e-05,0.21947553753852844,0.2714713513851166,0.007935939356684685,0.5401904582977295,1.526277780532837,,,,,,,,,,,,,0.31051746010780334,0.31488192081451416
100,model.layers.1.mlp.up_proj.weight,3584,1024,0.00027901785714285713,0.0002711217093747109,2.9854323863983154,0.00026281914324499667,0.38684704899787903,0.0001292457600357011,0.16436712443828583,0.3362181782722473,0.008356902748346329,0.5232208967208862,1.5141466856002808,0.0002581897715572268,220.82586669921875,6.898226274643093e-05,0.00027710001450031996,0.00010631358600221574,0.2301764041185379,0.26094287633895874,0.009883688762784004,0.5082204341888428,1.5125313997268677,,,,,,,,,,,,,,
100,model.layers.1.mlp.down_proj.weight,1024,3584,0.00027901785714285713,0.00026429642457515,5.364990711212158,0.0002590513613540679,0.3901945650577545,0.0006846679025329649,0.18598051369190216,0.2872444689273834,0.01210104301571846,0.5494496822357178,1.4433571100234985,0.00025275000371038914,141.7593536376953,3.155606464133598e-05,0.00011117841495433822,8.023215923458338e-05,0.2161092758178711,0.2755441665649414,0.008722863160073757,0.5334099531173706,1.4703494310379028,8.0,0.059505172073841095,0.05489598214626312,0.8630484342575073,-5.5126307415775955e-05,-0.06122938171029091,0.9828739166259766,,-0.02165980078279972,-0.025106212124228477,0.021599451079964638,0.06154922768473625,,
100,model.layers.12.mlp.gate_proj.weight,3584,1024,0.00027901785714285713,0.00019037786114495248,2.9307167530059814,0.0001805062493076548,0.26367583870887756,0.0005045880097895861,0.1903029829263687,0.23948334157466888,0.0053104511462152,0.5663095116615295,1.5306283235549927,0.0002098092663800344,284.9388122558594,3.248736902605742e-05,0.00027617288287729025,6.668465357506648e-05,0.1938270479440689,0.3002222180366516,0.006035050842911005,0.59192955493927,1.534602403640747,,,,,,,,,,,,,,
100,model.layers.12.mlp.up_proj.weight,3584,1024,0.00027901785714285713,0.00025973719311878085,2.7303261756896973,0.00016254885122179985,0.431763619184494,0.0004895288147963583,0.21929942071437836,0.2467939257621765,0.009183259680867195,0.5142421126365662,1.5135554075241089,0.00027788561419583857,240.7560577392578,7.114951586117968e-05,0.000294907164061442,7.018775795586407e-05,0.2220928966999054,0.2670086622238159,0.009337499737739563,0.5119644999504089,1.5206949710845947,,,,,,,,,,,,,,
100,model.layers.12.mlp.down_proj.weight,1024,3584,0.00027901785714285713,0.0002704068028833717,5.997391223907471,0.00017355562886223197,0.4241463541984558,0.00016462260100524873,0.19274580478668213,0.29769158363342285,0.021988488733768463,0.5438964366912842,1.405074954032898,0.0002541704452596605,168.7274932861328,1.9635448552435264e-05,0.0001169444658444263,6.559484609169886e-05,0.19209130108356476,0.3022693693637848,0.008379418402910233,0.582048237323761,1.5055814981460571,8.0,0.07093649357557297,0.07016342133283615,0.8789767622947693,-9.548928574076854e-06,-0.003075833898037672,1.1236047744750977,,-0.0008713910938240588,-0.0005258175660856068,0.009593154303729534,0.030080853030085564,,
100,model.layers.22.mlp.gate_proj.weight,3584,1024,0.00027901785714285713,0.0002675304713193327,3.6463215351104736,-0.0005823194514960051,0.09452090412378311,0.000844147230964154,0.19253131747245789,0.24520234763622284,0.008240651339292526,0.5388559699058533,1.5156534910202026,0.0002047515445156023,224.72225952148438,6.036518698238069e-06,0.00023444893304258585,8.607854397268966e-05,0.20684076845645905,0.2855798304080963,0.007744699250906706,0.567782461643219,1.5296043157577515,,,,,,,,,,,,,0.2658884525299072,0.2584703862667084
100,model.layers.22.mlp.up_proj.weight,3584,1024,0.00027901785714285713,0.000401749974116683,3.4110352993011475,-0.0007633581408299506,0.20227323472499847,0.0014657771680504084,0.17688412964344025,0.2900141477584839,0.01698838733136654,0.5763075947761536,1.5120238065719604,0.000249425764195621,232.83926391601562,6.777021917514503e-05,0.0002839710796251893,0.00011721247574314475,0.21988928318023682,0.27061954140663147,0.011716209352016449,0.536702036857605,1.51116144657135,,,,,,,,,,,,,,
100,model.layers.22.mlp.down_proj.weight,1024,3584,0.00027901785714285713,0.00033896815148182213,3.067347288131714,-0.0008489706087857485,0.20000526309013367,0.0001212772840517573,0.11293583363294601,0.3928734064102173,0.007516230922192335,0.5606989860534668,1.4700151681900024,0.0002718276809900999,149.43531799316406,5.263179900794057e-06,0.00011614755931077525,0.00011340968194417655,0.20971181988716125,0.2837732434272766,0.008913553319871426,0.5190533399581909,1.4611302614212036,8.0,0.07253777980804443,0.06673254072666168,0.8181533217430115,-1.4714467397425324e-05,-0.005457612220197916,0.4201515018939972,,0.0016167418798431754,-0.002379200654104352,0.008148491382598877,0.10473602265119553,,
100,model.layers.1.linear_attn.in_proj_qkv.weight,6144,1024,0.00016276041666666666,0.000168692393344827,2.5974788665771484,0.0002072320057777688,0.19798412919044495,0.0006385152228176594,0.1915505826473236,0.25784072279930115,0.006827181205153465,0.5058966875076294,1.5379811525344849,0.00013426590885501355,147.26882934570312,4.2009898606920615e-05,0.0002926063316408545,4.419204196892679e-05,0.21966677904129028,0.27438005805015564,0.00457980390638113,0.5441192984580994,1.5433965921401978,8.0,0.04778634011745453,0.05143037438392639,0.8359597325325012,-2.1200150513323024e-05,-0.010475698858499527,0.1336519569158554,,-0.04014964401721954,-0.0368882417678833,0.04616934806108475,0.10848859697580338,,
100,model.layers.1.linear_attn.out_proj.weight,1024,2048,0.00048828125,0.000210468060686253,1.3775957822799683,-0.00020737994054798037,0.46162858605384827,0.00024948379723355174,0.11954716593027115,0.38685324788093567,0.011088535189628601,0.543237030506134,1.4359263181686401,0.0003606724785640836,71.01287841796875,1.743706889101304e-05,0.00010918893531197682,7.137942156987265e-05,0.19864679872989655,0.29700303077697754,0.008047408424317837,0.5631573796272278,1.485305666923523,,,,,,,,,,,,,,
100,model.layers.12.linear_attn.in_proj_qkv.weight,6144,1024,0.00016276041666666666,5.7410328736295924e-05,2.136887311935425,-0.0003248767461627722,0.25195780396461487,0.0003075225104112178,0.15852227807044983,0.2531363070011139,0.002776256063953042,0.5979093313217163,1.55221688747406,0.00010337076673749834,128.46156311035156,2.5078654289245605e-05,0.00034065989893861115,6.513221887871623e-05,0.19171985983848572,0.30505087971687317,0.005116643849760294,0.568830132484436,1.5494521856307983,8.0,0.0742289125919342,0.0701359361410141,0.8327553272247314,-2.851345470844535e-06,-0.0014295249711722136,0.12246297299861908,,-0.0010940749198198318,-0.0014023970579728484,-0.015838084742426872,0.09442518651485443,,
100,model.layers.12.linear_attn.out_proj.weight,1024,2048,0.00048828125,0.0003560527111403644,2.5910964012145996,7.000219193287194e-05,0.35800811648368835,4.6237044443842024e-05,0.15217050909996033,0.3550315499305725,0.017804479226469994,0.5602778792381287,1.4438892602920532,0.000385562248993665,95.81927490234375,7.500713309127605e-06,0.00013500054774340242,5.934246291872114e-05,0.17920686304569244,0.3193433880805969,0.0072546484880149364,0.6004517078399658,1.4920635223388672,,,,,,,,,,,,,,
100,model.layers.21.linear_attn.in_proj_qkv.weight,6144,1024,0.00016276041666666666,9.7709744295571e-05,3.3784940242767334,-0.0002533363876864314,0.07141301780939102,0.0007624812424182892,0.17405521869659424,0.2614052891731262,0.005347685422748327,0.5988024473190308,1.5446585416793823,0.00010417375597171485,155.08782958984375,3.06300753436517e-05,0.00032414760789833963,5.021454853704199e-05,0.1974382847547531,0.29522043466567993,0.0059128133580088615,0.5902812480926514,1.5529533624649048,8.0,0.07065955549478531,0.07208650559186935,0.8402367830276489,-1.1476854666625513e-07,-0.00014681293396279216,0.017712121829390526,,-0.002490591024979949,-0.002295092446729541,-0.004394523799419403,0.05075199156999588,,
100,model.layers.21.linear_attn.out_proj.weight,1024,2048,0.00048828125,0.00037967044045217335,3.322798013687134,0.00048574875108897686,0.1282966583967209,9.518970909994096e-05,0.1516297161579132,0.3600671887397766,0.006878351792693138,0.558334469795227,1.4808276891708374,0.0003669097204692662,154.64230346679688,1.3739684618485626e-05,0.00012477008567657322,3.620037387008779e-05,0.19916415214538574,0.2981032729148865,0.008505512028932571,0.5166356563568115,1.469367504119873,,,,,,,,,,,,,,
125,model.layers.7.self_attn.q_proj.weight,4096,1024,0.000244140625,0.00014534694491885602,3.0129339694976807,-0.00012069668446201831,0.2801472246646881,0.0006194997113198042,0.18058903515338898,0.256805956363678,0.006400709971785545,0.540197491645813,1.5350773334503174,0.00018012674991041422,251.55209350585938,3.885929618263617e-05,0.00026690633967518806,4.499944770941511e-05,0.2169734239578247,0.2762615382671356,0.006548360455781221,0.5395877361297607,1.5428260564804077,8.0,0.07597817480564117,0.06988437473773956,0.8905918002128601,-4.1371031329617836e-06,-0.00021938850113656372,0.15324810147285461,,0.0007165470160543919,5.13373834110098e-06,-0.002531423233449459,0.05036157742142677,0.33726489543914795,0.3339542746543884
125,model.layers.7.self_attn.k_proj.weight,512,1024,0.0009765625,0.0009020039578899741,3.417726993560791,-2.88057049147028e-06,0.20908266305923462,0.0008291190606541932,0.14432691037654877,0.2654504179954529,0.021802864968776703,0.7141894698143005,1.3004941940307617,0.0009463848546147346,106.25916290283203,0.00010111786832567304,9.66118968790397e-05,7.748144707875326e-05,0.21557551622390747,0.2681785523891449,0.008410178124904633,0.54609215259552,1.4361969232559204,,,,,,,,,,,,,,
125,model.layers.7.self_attn.v_proj.weight,512,1024,0.0009765625,0.0008415452321060002,2.109100818634033,0.0012735930504277349,0.3892240524291992,0.00022399240697268397,0.13174328207969666,0.2563296854496002,0.0027910524513572454,0.7321847081184387,1.4767894744873047,0.0008289091638289392,44.8836669921875,2.466596197336912e-05,0.0001015070010907948,0.00010046067473012954,0.2335880994796753,0.25465086102485657,0.007107235956937075,0.5106320381164551,1.4380158185958862,,,,,,,,,,,,,,
125,model.layers.7.self_attn.o_proj.weight,1024,2048,0.00048828125,0.00024433204089291394,2.0678179264068604,0.00041700626024976373,0.6357426047325134,3.641676448751241e-05,0.15436933934688568,0.3390592038631439,0.012524941936135292,0.5094402432441711,1.430312991142273,0.00047817418817430735,138.0682830810547,3.572848436306231e-05,0.00012235782924108207,5.004894046578556e-05,0.1731683611869812,0.3226220905780792,0.006329617463052273,0.6346026659011841,1.530555009841919,,,,,,,,,,,,,,
125,model.layers.15.self_attn.q_proj.weight,4096,1024,0.000244140625,0.00013123161625117064,3.007094144821167,0.0002576822298578918,0.24862869083881378,0.0002650380483828485,0.21450714766979218,0.23810507357120514,0.003424326190724969,0.45343276858329773,1.5456478595733643,0.00018261386139784008,223.2587127685547,2.77538947557332e-05,0.0002733140718191862,3.1036783184390515e-05,0.22988402843475342,0.2606186270713806,0.0044320253655314445,0.4885576665401459,1.547826886177063,8.0,0.06680937856435776,0.06740057468414307,0.9016488194465637,7.72526107084559e-07,-0.0003419874410610646,0.12947499752044678,,-0.0021497365087270737,-0.00030115668778307736,0.013524815440177917,0.0584685392677784,,
125,model.layers.15.self_attn.k_proj.weight,512,1024,0.0009765625,0.0012101546162739396,2.8662891387939453,-3.22431992572092e-06,0.22682783007621765,0.00030415598303079605,0.230031356215477,0.25678199529647827,0.004773333668708801,0.5620817542076111,1.4485985040664673,0.0008932193741202354,57.505306243896484,1.9954617528128438e-05,0.00010017235763370991,3.3089687349274755e-05,0.18709634244441986,0.30732160806655884,0.007148016709834337,0.5980096459388733,1.4729145765304565,,,,,,,,,,,,,,
125,model.layers.15.self_attn.v_proj.weight,512,1024,0.0009765625,0.0008799626375548542,1.9052560329437256,0.0014099881518632174,0.2361012101173401,0.00016269076149910688,0.1899014562368393,0.2592741549015045,0.004343154840171337,0.6323299407958984,1.4469287395477295,0.0008956339443102479,63.28447341918945,5.3250405471771955e-05,8.259131573140621e-05,0.00011679489398375154,0.22563116252422333,0.2671371102333069,0.007013401947915554,0.5179910063743591,1.4685875177383423,,,,,,,,,,,,,0.2985754907131195,0.30770424008369446
125,model.layers.15.self_attn.o_proj.weight,1024,2048,0.00048828125,0.0003772307245526463,1.8523269891738892,0.00046467906213365495,0.41729187965393066,1.8130300304619595e-05,0.08761947602033615,0.4636979401111603,0.011214828118681908,0.6012811064720154,1.4451392889022827,0.0004913622979074717,107.76422882080078,1.3011559531150851e-05,0.00010570290760369971,7.051174907246605e-05,0.18480752408504486,0.3153657019138336,0.007492442149668932,0.5926783084869385,1.5055948495864868,,,,,,,,,,,,,,
125,model.layers.19.self_attn.q_proj.weight,4096,1024,0.000244140625,0.00018233657465316355,2.8986093997955322,0.00022500607883557677,0.1302499622106552,0.0005775319295935333,0.21536123752593994,0.24116751551628113,0.008892211131751537,0.4336615800857544,1.5294743776321411,0.00019151910964865237,237.7395477294922,3.638047201093286e-05,0.00026713195256888866,4.072150477441028e-05,0.2221260368824005,0.26917704939842224,0.004790778737515211,0.5134708881378174,1.5443638563156128,8.0,0.06259594857692719,0.06414219737052917,0.894611120223999,8.57346549310023e-09,0.00010412281699245796,0.04354029893875122,8.23399302932924e-05,-0.0012826714664697647,-2.3125494408304803e-05,-0.006821668706834316,0.0457475371658802,,
125,model.layers.19.self_attn.k_proj.weight,512,1024,0.0009765625,0.0011141340946778655,3.7944910526275635,5.66144126423751e-06,0.12874378263950348,0.00048417755169793963,0.22656281292438507,0.24763625860214233,0.010500158183276653,0.5909456610679626,1.381794810295105,0.0008575231768190861,86.71585083007812,9.010117355501279e-05,9.917131683323532e-05,5.9611047618091106e-05,0.21556860208511353,0.2727695107460022,0.00796852633357048,0.56783127784729,1.4638675451278687,,,,,,,,,,,,,,
125,model.layers.19.self_attn.v_proj.weight,512,1024,0.0009765625,0.0006761899567209184,1.621222972869873,-0.0029047157149761915,0.10963910073041916,0.0001938897039508447,0.13515545427799225,0.2620047628879547,0.002799656940624118,0.6827465295791626,1.44956636428833,0.0008945243316702545,68.3368911743164,2.0831579604418948e-05,7.682966679567471e-05,5.74416590097826e-05,0.24598050117492676,0.25070467591285706,0.00866677239537239,0.5037890076637268,1.4361830949783325,,,,,,,,,,,,,,
125,model.layers.19.self_attn.o_proj.weight,1024,2048,0.00048828125,0.0004432106507010758,1.4259098768234253,-0.0008167702471837401,0.23094765841960907,3.481849853415042e-05,0.05554408207535744,0.5558684468269348,0.00391728337854147,0.6633487939834595,1.4747141599655151,0.00042619454325176775,142.02108764648438,1.3095262147544418e-05,9.202193905366585e-05,6.484224286396056e-05,0.20041383802890778,0.29239359498023987,0.008251143619418144,0.5322676301002502,1.4778481721878052,,,,,,,,,,,,,,
125,model.layers.1.mlp.gate_proj.weight,3584,1024,0.00027901785714285713,0.0002746386162471026,2.6971545219421387,0.00028043502243235707,0.3659008741378784,0.0003213818126823753,0.17902028560638428,0.3120380938053131,0.008579465560615063,0.5354149341583252,1.5089833736419678,0.00024700764333829284,263.7234191894531,1.559569500386715e-05,0.00023557269014418125,7.27302031009458e-05,0.22007471323013306,0.2709323465824127,0.007973426021635532,0.5389168858528137,1.5286853313446045,,,,,,,,,,,,,0.32419970631599426,0.3255727291107178
125,model.layers.1.mlp.up_proj.weight,3584,1024,0.00027901785714285713,0.0002267747768200934,2.5873610973358154,0.00036228407407179475,0.5836124420166016,0.00020746845984831452,0.16936510801315308,0.3158586323261261,0.010701151564717293,0.5042734146118164,1.5101020336151123,0.000289132643956691,227.517333984375,7.499289495171979e-05,0.00027676549507305026,8.889241144061089e-05,0.2298867106437683,0.2613622546195984,0.009425325319170952,0.5098244547843933,1.5198560953140259,,,,,,,,,,,,,,
125,model.layers.1.mlp.down_proj.weight,1024,3584,0.00027901785714285713,0.00031162583036348224,3.9379570484161377,0.00036120880395174026,0.5780777335166931,0.001390608143992722,0.19878655672073364,0.2644411623477936,0.01607487164437771,0.5104057192802429,1.4322805404663086,0.0002780690265353769,125.1598129272461,3.444618414505385e-05,0.00011106593592558056,8.807544509181753e-05,0.2163650244474411,0.27577418088912964,0.008448375388979912,0.5345554947853088,1.487848162651062,8.0,0.09261523187160492,0.09298146516084671,0.8982792496681213,6.472170070992433e-07,0.006302435416728258,0.6558109521865845,0.00010269315975557094,-0.0007632260676473379,0.0013679258991032839,0.004320552106946707,0.044620390981435776,,
125,model.layers.12.mlp.gate_proj.weight,3584,1024,0.00027901785714285713,0.00020467267313506454,2.961808443069458,-0.0005391585873439908,0.3132212460041046,0.0011148265330120921,0.19189508259296417,0.24225495755672455,0.007738342043012381,0.5788614153862,1.5293282270431519,0.0002255725412396714,285.8497314453125,3.2357784220948815e-05,0.0002737491740845144,5.6345346820307896e-05,0.1953524649143219,0.30058249831199646,0.006051776930689812,0.589303195476532,1.5340439081192017,,,,,,,,,,,,,,
125,model.layers.12.mlp.up_proj.weight,3584,1024,0.00027901785714285713,0.00024190374824684113,2.6310601234436035,-0.000303552980767563,0.5045936107635498,0.0004665954038500786,0.22602017223834991,0.23717868328094482,0.007891331799328327,0.5133092999458313,1.514093041419983,0.0002633642579894513,269.479736328125,7.201977859949693e-05,0.0002919431426562369,9.217210026690736e-05,0.22296948730945587,0.26744911074638367,0.009546772576868534,0.5114901661872864,1.5197818279266357,,,,,,,,,,,,,,
125,model.layers.12.mlp.down_proj.weight,1024,3584,0.00027901785714285713,0.00025859056040644646,3.7544031143188477,-0.0003145343216601759,0.4998999238014221,0.000164697426953353,0.18711963295936584,0.3041457235813141,0.025733744725584984,0.5549521446228027,1.3774830102920532,0.0002340586215723306,174.03436279296875,4.43021890532691e-05,0.00011834954784717411,8.056266960920766e-05,0.19330798089504242,0.29998159408569336,0.007912741042673588,0.5807386636734009,1.511389136314392,8.0,0.07309132069349289,0.07537633180618286,0.9135331511497498,1.027793132379884e-06,0.0037289191968739033,0.8481658697128296,0.0002756276224063859,8.02874201326631e-05,0.00046095758443698287,-0.010855508968234062,0.01669393852353096,,
125,model.layers.22.mlp.gate_proj.weight,3584,1024,0.00027901785714285713,0.00034594390308484435,2.6663544178009033,0.0009966975776478648,0.10036623477935791,0.0008583268499933183,0.17733034491539001,0.26035112142562866,0.007762816734611988,0.5659149289131165,1.5205321311950684,0.00021899383864365518,218.5000762939453,3.426428520469926e-05,0.0002356412005610764,7.297665433725342e-05,0.20642291009426117,0.2850102484226227,0.007822347804903984,0.5688778162002563,1.5303438901901245,,,,,,,,,,,,,0.29695871472358704,0.2835976481437683
125,model.layers.22.mlp.up_proj.weight,3584,1024,0.00027901785714285713,0.0002745349192991853,3.2950711250305176,0.0004583477566484362,0.20609836280345917,0.0012784396531060338,0.17509065568447113,0.29562780261039734,0.015872253105044365,0.5725713968276978,1.5078638792037964,0.0002474000211805105,224.8702392578125,3.3847318263724446e-05,0.0002856648061424494,0.0001168008238892071,0.21944725513458252,0.26987287402153015,0.011802650056779385,0.5369259715080261,1.5095698833465576,,,,,,,,,,,,,,
125,model.layers.22.mlp.down_proj.weight,1024,3584,0.00027901785714285713,0.000358565739588812,2.6901865005493164,0.0004821484617423266,0.21445037424564362,0.0001821859332267195,0.10683738440275192,0.4107408821582794,0.006674697622656822,0.568699836730957,1.464190125465393,0.0002731183485593647,190.32876586914062,4.475118839764036e-05,0.00011405201075831428,8.065126166911796e-05,0.21350403130054474,0.27819395065307617,0.00877985917031765,0.5164362192153931,1.4722107648849487,8.0,0.07078823447227478,0.0626656711101532,0.8596542477607727,8.804136086837389e-07,0.0009030732908286154,0.24034619331359863,0.0009749082578623434,0.003575690556317568,9.604017395759001e-05,0.0007282020524144173,0.1262611299753189,,
125,model.layers.1.linear_attn.in_proj_qkv.weight,6144,1024,0.00016276041666666666,0.00010661707347026095,2.2677674293518066,-5.796300320071168e-05,0.29922962188720703,0.0005787362460978329,0.19662077724933624,0.25270816683769226,0.006668881978839636,0.5132471323013306,1.5370386838912964,0.00012875239190179855,133.8843536376953,2.652685361681506e-05,0.0002932210627477616,3.6168639780953526e-05,0.21920916438102722,0.2747895121574402,0.004842944908887148,0.5423940420150757,1.5415928363800049,8.0,0.07627379149198532,0.08566661179065704,0.8786696791648865,-5.461979071696987e-06,-0.001073778374120593,0.08815911412239075,,-0.004329611547291279,-0.0013006416847929358,-0.0070793516933918,0.05081956461071968,,
125,model.layers.1.linear_attn.out_proj.weight,1024,2048,0.00048828125,0.00018437669496051967,1.3552005290985107,0.0003957845619879663,0.6721623539924622,0.0004720792640000582,0.13238191604614258,0.3536193370819092,0.015012405812740326,0.5058935284614563,1.4435614347457886,0.0004036044410895556,88.93976593017578,5.326339669409208e-05,0.00011065001308452338,8.336921746376902e-05,0.19715698063373566,0.2988814115524292,0.007886147126555443,0.5625295639038086,1.488624930381775,,,,,,,,,,,,,,
125,model.layers.12.linear_attn.in_proj_qkv.weight,6144,1024,0.00016276041666666666,6.620221392950043e-05,2.2288689613342285,0.00024240683706011623,0.28890785574913025,0.000290318566840142,0.1632816344499588,0.24497465789318085,0.0025848764926195145,0.5955076813697815,1.5524296760559082,0.0001087320051738061,149.1573486328125,3.3411604817956686e-05,0.00034163545933552086,3.606850441428833e-05,0.1916317492723465,0.3060542047023773,0.004861001390963793,0.570543110370636,1.5528472661972046,8.0,0.061832621693611145,0.06607532501220703,0.8654831647872925,-2.109682782247546e-06,-0.0010792899411171675,0.1089525818824768,,0.0018167368834838271,-0.0008207983919419348,-0.007366367150098085,0.08065846562385559,,
125,model.layers.12.linear_attn.out_proj.weight,1024,2048,0.00048828125,0.0003042440803255886,2.5143990516662598,0.0004330917145125568,0.41311851143836975,5.749941919930279e-05,0.15180885791778564,0.35026663541793823,0.019239740446209908,0.5456929206848145,1.4182528257369995,0.0003793864161707461,87.86158752441406,3.631377330748364e-05,0.00013246567687019706,5.830689406138845e-05,0.17890767753124237,0.32015153765678406,0.007263730745762587,0.5991930961608887,1.4904872179031372,,,,,,,,,,,,,,
125,model.layers.21.linear_attn.in_proj_qkv.weight,6144,1024,0.00016276041666666666,0.00010105135879712179,3.154971122741699,-9.368635801365599e-05,0.07150177657604218,0.0005808809655718505,0.17597287893295288,0.2598836123943329,0.004610435571521521,0.5937303304672241,1.543983817100525,0.00012145692016929388,187.67022705078125,2.739217597991228e-05,0.00032260327134281397,4.4283475290285423e-05,0.1984087973833084,0.2930184304714203,0.005890002939850092,0.5923267006874084,1.5517534017562866,8.0,0.07913929224014282,0.07063872367143631,0.8763207793235779,-2.57400856185086e-08,-2.5529720005579293e-05,0.00981074944138527,,0.0003730475436896086,-0.00010809354716911912,0.003347808262333274,0.05572974681854248,,
125,model.layers.21.linear_attn.out_proj.weight,1024,2048,0.00048828125,0.00041618006071075797,2.6607131958007812,-9.88590472843498e-05,0.1354045420885086,0.0001072680315701291,0.14714616537094116,0.36631831526756287,0.006211228668689728,0.5613972544670105,1.4734629392623901,0.00034338879049755633,143.9520721435547,9.711304301163182e-06,0.00012493178655859083,3.950928294216283e-05,0.1974676251411438,0.29824429750442505,0.008771352469921112,0.514116644859314,1.467023253440857,,,,,,,,,,,,,,
150,model.layers.7.self_attn.q_proj.weight,4096,1024,0.000244140625,0.0001353199186269194,2.3982186317443848,0.00019899268227163702,0.224852055311203,0.0007782014436088502,0.17058725655078888,0.27504977583885193,0.007476252969354391,0.5528588891029358,1.5360528230667114,0.00017323289648629725,227.28005981445312,1.5073346730787307e-05,0.00027027851319871843,7.832489791326225e-05,0.2164038121700287,0.27753275632858276,0.006544827483594418,0.5401037931442261,1.5381059646606445,8.0,0.07467756420373917,0.0766943022608757,0.8179891705513,-1.3946203125669854e-06,-0.003611357184126973,0.12175233662128448,,-0.007758679334074259,-0.00699372636154294,0.005848778411746025,0.05818839743733406,0.22536537051200867,0.22434094548225403
150,model.layers.7.self_attn.k_proj.weight,512,1024,0.0009765625,0.001467381021939218,3.47687029838562,7.228240519907558e-06,0.1636880785226822,0.0037484662607312202,0.15060745179653168,0.23474253714084625,0.03148716688156128,0.6977612376213074,1.3009400367736816,0.0009446434560231864,104.72077178955078,2.5363429813296534e-05,9.460679575568065e-05,6.260770896915346e-05,0.21066200733184814,0.27244558930397034,0.008801496587693691,0.5573660731315613,1.435434103012085,,,,,,,,,,,,,,
150,model.layers.7.self_attn.v_proj.weight,512,1024,0.0009765625,0.0010364685440436006,2.0028038024902344,0.0013384006451815367,0.2900010943412781,0.0008346588001586497,0.14426910877227783,0.254323810338974,0.005603172816336155,0.7187082171440125,1.4733721017837524,0.0009748965967446566,75.8095703125,5.293846334097907e-05,0.00010010784899350256,0.00017809963901527226,0.23449847102165222,0.25071990489959717,0.008703231811523438,0.5082822442054749,1.4553009271621704,,,,,,,,,,,,,,
150,model.layers.7.self_attn.o_proj.weight,1024,2048,0.00048828125,0.00024342164397239685,2.1717236042022705,0.0004219784459564835,0.4823864698410034,5.484847861225717e-05,0.13863427937030792,0.37294891476631165,0.01602811925113201,0.5487568378448486,1.4292949438095093,0.0004792545223608613,122.1495361328125,5.1946393796242774e-05,0.00012295649503357708,5.449861419037916e-05,0.1703600436449051,0.32549336552619934,0.006404594052582979,0.6374043226242065,1.5285158157348633,,,,,,,,,,,,,,
150,model.layers.15.self_attn.q_proj.weight,4096,1024,0.000244140625,0.00011935902148252353,4.365719318389893,-0.00024542666506022215,0.21402248740196228,0.00012673676246777177,0.2136688083410263,0.24257168173789978,0.0031425822526216507,0.45397934317588806,1.5482293367385864,0.00018816326337400824,218.38063049316406,6.6009911279252265e-06,0.00027350973687134683,3.6469620681600645e-05,0.22917650640010834,0.2599456012248993,0.004486938007175922,0.487263947725296,1.5469478368759155,8.0,0.08416498452425003,0.08495055884122849,0.8308179378509521,5.793193054159929e-07,0.0010388275841251016,0.12042802572250366,0.0005576664638760958,0.003654537023976445,0.0035035782493650913,-0.007364750374108553,0.048792555928230286,,
150,model.layers.15.self_attn.k_proj.weight,512,1024,0.0009765625,0.0011342928046360612,5.148784637451172,-9.989329555537552e-06,0.17943628132343292,2.1376528820837848e-05,0.25231823325157166,0.24091637134552002,0.0032591214403510094,0.5427466034889221,1.482447624206543,0.0008365740068256855,62.39046096801758,1.6669670003466308e-05,0.00010148469300474972,9.77981835603714e-05,0.18412017822265625,0.308566689491272,0.006888189353048801,0.597313404083252,1.471209168434143,,,,,,,,,,,,,,
150,model.layers.15.self_attn.v_proj.weight,512,1024,0.0009765625,0.0008594503160566092,1.909374475479126,-0.0006536198779940605,0.18470297753810883,0.00017324500367976725,0.17466819286346436,0.27515190839767456,0.0029597138054668903,0.6692878007888794,1.4527628421783447,0.0009472275851294398,55.10289764404297,1.9902747226296924e-05,8.252976840594783e-05,6.930113158887252e-05,0.22854964435100555,0.2622144818305969,0.007515920326113701,0.5143935084342957,1.4429595470428467,,,,,,,,,,,,,0.2174656093120575,0.20223498344421387
150,model.layers.15.self_attn.o_proj.weight,1024,2048,0.00048828125,0.0003915100824087858,1.9567513465881348,-0.0002111465291818604,0.34586411714553833,3.1594561733072624e-05,0.08540654927492142,0.47107431292533875,0.009365900419652462,0.6021771430969238,1.4384135007858276,0.000435746944276616,99.88855743408203,1.4932520571164787e-05,0.00010700051643652841,7.799550076015294e-05,0.18535824120044708,0.31224125623703003,0.007532356772571802,0.5873754620552063,1.5128886699676514,,,,,,,,,,,,,,
150,model.layers.19.self_attn.q_proj.weight,4096,1024,0.000244140625,0.0001719168940326199,3.7451536655426025,-0.00023296971630770713,0.12602590024471283,0.0002727977989707142,0.22914446890354156,0.22532843053340912,0.008116887882351875,0.41700297594070435,1.5243358612060547,0.00019234942737966776,229.6183319091797,2.1971820387989283e-05,0.0002648788213264197,4.776629793923348e-05,0.22426234185695648,0.26918691396713257,0.004734931513667107,0.5103651285171509,1.5447334051132202,8.0,0.08778785169124603,0.08930384367704391,0.795376718044281,1.1254912806180073e-06,0.0007838832680135965,0.04499402642250061,0.0014357893917930718,0.0034584158565849066,0.005991722457110882,-0.01051156036555767,0.054837554693222046,,
150,model.layers.19.self_attn.k_proj.weight,512,1024,0.0009765625,0.0010353268589824438,3.9053397178649902,-1.704662849988381e-06,0.12583084404468536,0.00015907961642369628,0.2776651680469513,0.18860939145088196,0.014684483408927917,0.5381452441215515,1.3487743139266968,0.0007798935985192657,90.65235900878906,1.2784923455910757e-05,9.78325042524375e-05,4.887819159193896e-05,0.2128133922815323,0.27345210313796997,0.007564419414848089,0.5745068192481995,1.4480260610580444,,,,,,,,,,,,,,
150,model.layers.19.self_attn.v_proj.weight,512,1024,0.0009765625,0.0007991554448381066,1.5691890716552734,-0.0005120522691868246,0.11284057796001434,0.0005612302920781076,0.15030916035175323,0.24762089550495148,0.004366512876003981,0.656805157661438,1.4362272024154663,0.000828106771223247,54.12606430053711,-1.8609198377816938e-05,7.755498518235981e-05,0.00010029179975390434,0.23682895302772522,0.2589573562145233,0.008944369852542877,0.5114912390708923,1.4211500883102417,,,,,,,,,,,,,,
150,model.layers.19.self_attn.o_proj.weight,1024,2048,0.00048828125,0.00042055401718243957,1.4925438165664673,-0.00016606409917585552,0.2041376233100891,6.490384839707986e-05,0.06801211833953857,0.4848610758781433,0.008814821019768715,0.5914722681045532,1.4543393850326538,0.0004088722635060549,133.72738647460938,4.359850152013678e-07,9.183186193695292e-05,8.153801172738895e-05,0.19765391945838928,0.29799237847328186,0.008608589880168438,0.5421926379203796,1.470690369606018,,,,,,,,,,,,,,
150,model.layers.1.mlp.gate_proj.weight,3584,1024,0.00027901785714285713,0.00038829442928545177,3.1667428016662598,-7.056638423819095e-05,0.18738189339637756,0.0002394629264017567,0.17516057193279266,0.30755186080932617,0.007139509078115225,0.5335814952850342,1.5133447647094727,0.00026967329904437065,240.93099975585938,3.278112490079366e-05,0.00023281705216504633,7.712583465036005e-05,0.222337543964386,0.26981401443481445,0.008145816624164581,0.5388031005859375,1.5332218408584595,,,,,,,,,,,,,0.26179444789886475,0.27905404567718506
150,model.layers.1.mlp.up_proj.weight,3584,1024,0.00027901785714285713,0.00022483960492536426,2.805365800857544,0.00011531472409842536,0.31965065002441406,0.0002389549626968801,0.1625828891992569,0.32327669858932495,0.012159631587564945,0.5017478466033936,1.5106607675552368,0.00027733633760362864,145.1174774169922,9.087868966162205e-05,0.00027601313195191324,0.00010068424307974055,0.22989241778850555,0.26137712597846985,0.009730218909680843,0.5086973309516907,1.5118237733840942,,,,,,,,,,,,,,
150,model.layers.1.mlp.down_proj.weight,1024,3584,0.00027901785714285713,0.0002622088941279799,4.9542999267578125,0.0001144573834608309,0.3176388740539551,0.00042972591472789645,0.18066799640655518,0.2935141623020172,0.011081382632255554,0.5705026388168335,1.4500176906585693,0.00026266209897585213,206.19985961914062,2.7785014026449062e-05,0.00011032510519726202,0.00010385025962023064,0.21652601659297943,0.27516603469848633,0.008402712643146515,0.5325738191604614,1.481423258781433,8.0,0.06414401531219482,0.0660177618265152,0.8344742059707642,-2.4493700038874522e-05,-0.025527624413371086,0.6689811944961548,,-0.016186192631721497,-0.015365084633231163,0.013619141653180122,0.049825698137283325,,
150,model.layers.12.mlp.gate_proj.weight,3584,1024,0.00027901785714285713,0.0002109849883709103,3.39719295501709,0.00017068040324375033,0.23454466462135315,0.0010166337015107274,0.18270915746688843,0.24839837849140167,0.007162802387028933,0.5846443772315979,1.5243934392929077,0.00020171455980744213,242.23843383789062,5.942035568295978e-05,0.0002753085282165557,5.8409859775565565e-05,0.1934998780488968,0.30064117908477783,0.0059951175935566425,0.5907657146453857,1.5350046157836914,,,,,,,,,,,,,,
150,model.layers.12.mlp.up_proj.weight,3584,1024,0.00027901785714285713,0.00028269493486732244,3.111284017562866,0.00031789825879968703,0.3803005814552307,0.0006447308696806431,0.21759465336799622,0.2535448372364044,0.011166302487254143,0.5138553977012634,1.5058804750442505,0.00026043172692880034,225.49331665039062,6.047113856766373e-05,0.0002956041425932199,8.199307922041044e-05,0.22116625308990479,0.26830965280532837,0.009578734636306763,0.5110561847686768,1.5119162797927856,,,,,,,,,,,,,,
150,model.layers.12.mlp.down_proj.weight,1024,3584,0.00027901785714285713,0.00027514802059158683,6.537026882171631,0.00032992855994962156,0.3799491226673126,0.00011778662883443758,0.20333252847194672,0.29146450757980347,0.019550973549485207,0.531696081161499,1.3910865783691406,0.0002605847839731723,154.19757080078125,1.0225368896499276e-05,0.00011758830078179017,7.148939039325342e-05,0.1918550580739975,0.3018500506877899,0.007770831696689129,0.5838125944137573,1.5193852186203003,8.0,0.08468255400657654,0.08462551236152649,0.825467586517334,5.329934538167436e-06,-0.0006279114168137312,0.8923002481460571,,0.0026321089826524258,-0.0003553942369762808,-0.0016915103187784553,0.037432048469781876,,
150,model.layers.22.mlp.gate_proj.weight,3584,1024,0.00027901785714285713,0.00022648079902864993,3.274153709411621,-0.0001918344059959054,0.09349086880683899,0.0013319185236468911,0.18109388649463654,0.24970056116580963,0.008013610728085041,0.5600082874298096,1.5235159397125244,0.00021252469741739333,236.60781860351562,6.934665179869626e-06,0.0002352266456000507,5.3412320994539186e-05,0.20667633414268494,0.28362584114074707,0.007961330935359001,0.5668767094612122,1.529155969619751,,,,,,,,,,,,,0.24885986745357513,0.26334643363952637
150,model.layers.22.mlp.up_proj.weight,3584,1024,0.00027901785714285713,0.0002718083269428462,2.9435346126556396,0.0001314207911491394,0.2152925431728363,0.0011476184008643031,0.18210940062999725,0.280901700258255,0.014422525651752949,0.5545670390129089,1.508640170097351,0.00025500342599116266,205.0089569091797,4.55251574749127e-06,0.0002830445009749383,0.0001343974145129323,0.21832898259162903,0.27259817719459534,0.011647524312138557,0.539021372795105,1.5172126293182373,,,,,,,,,,,,,,
150,model.layers.22.mlp.down_proj.weight,1024,3584,0.00027901785714285713,0.0003881864540744573,2.870870590209961,0.00014938403910491616,0.19556623697280884,0.00025785656180232763,0.10492496937513351,0.42210522294044495,0.010297407396137714,0.582302987575531,1.4647963047027588,0.00026589419576339424,183.034912109375,1.650045123824384e-05,0.00011436872591730207,9.227085683960468e-05,0.21060150861740112,0.2809670865535736,0.008789501152932644,0.5193636417388916,1.4691194295883179,8.0,0.10140050947666168,0.09106264263391495,0.7763794660568237,9.012581358547322e-06,0.0037283089477568865,0.25999292731285095,0.0024173375878545917,0.01355584803968668,0.003997296094894409,-0.00929353479295969,0.1010143905878067,,
150,model.layers.1.linear_attn.in_proj_qkv.weight,6144,1024,0.00016276041666666666,0.00010936613398371264,2.259564161300659,0.00024233714793808758,0.16206073760986328,0.0007273208466358483,0.1739949733018875,0.27688297629356384,0.007010442670434713,0.5289276838302612,1.538730263710022,0.00013504635717254132,127.8538818359375,4.721986624645069e-05,0.00029531741165556014,4.116320997127332e-05,0.21848911046981812,0.2738584280014038,0.004663665778934956,0.5421209335327148,1.5431554317474365,8.0,0.06069266051054001,0.057703159749507904,0.8178291320800781,-2.362580289627658e-06,-0.004471168853342533,0.084891676902771,,-0.01641337014734745,-0.023669026792049408,0.035002805292606354,0.09823864698410034,,
150,model.layers.1.linear_attn.out_proj.weight,1024,2048,0.00048828125,0.00041705311741679907,1.3081817626953125,-8.014516060939059e-05,0.39587199687957764,0.00043609898420982063,0.10662731528282166,0.42039695382118225,0.013146553188562393,0.5717448592185974,1.4421268701553345,0.0003836654650513083,105.83991241455078,1.7784073861548677e-05,0.00010956123878713697,7.613536581629887e-05,0.1976376175880432,0.2985023260116577,0.0076773217879235744,0.5626329779624939,1.4879882335662842,,,,,,,,,,,,,,
150,model.layers.12.linear_attn.in_proj_qkv.weight,6144,1024,0.00016276041666666666,6.501941970782354e-05,2.805271625518799,0.00015352090122178197,0.2156817466020584,0.00029770040418952703,0.15960097312927246,0.2608068287372589,0.002940085716545582,0.6034278869628906,1.5543935298919678,0.00011243278277106583,162.9356689453125,5.2222792874090374e-05,0.0003406049800105393,4.308484494686127e-05,0.19158466160297394,0.30582648515701294,0.0049592843279242516,0.5723323822021484,1.5515860319137573,8.0,0.07901928573846817,0.08244946599006653,0.7847760319709778,-1.6628209777991287e-06,-0.002259110566228628,0.09565229713916779,,-0.00890718586742878,-0.00827687419950962,0.014251859858632088,0.09253763407468796,,
150,model.layers.12.linear_attn.out_proj.weight,1024,2048,0.00048828125,0.00029842203366570175,2.658018112182617,0.00018583133351057768,0.32226434350013733,3.275125345680863e-05,0.15540044009685516,0.3540087044239044,0.012104736641049385,0.5481629371643066,1.4275802373886108,0.0003733595076482743,81.26318359375,2.300053893122822e-05,0.00013383889745455235,6.090435272199102e-05,0.17669108510017395,0.32334786653518677,0.006973419338464737,0.6029061675071716,1.4983923435211182,,,,,,,,,,,,,,
150,model.layers.21.linear_attn.in_proj_qkv.weight,6144,1024,0.00016276041666666666,9.249173308489844e-05,3.580782890319824,0.00018919372814707458,0.06807952374219894,0.0005189038347452879,0.18584704399108887,0.243732750415802,0.0042905621230602264,0.5757152438163757,1.5470796823501587,0.0001112497120629996,184.9563751220703,1.3814084923069458e-05,0.00032564651337452233,5.3497933549806476e-05,0.19725489616394043,0.2963329255580902,0.005827718414366245,0.593028724193573,1.553128719329834,8.0,0.09052851796150208,0.08552556484937668,0.8137444257736206,1.5105256068181916e-07,7.372820982709527e-05,0.011268583126366138,0.0020487756455237712,0.003626063233241439,0.0016729150665923953,-0.012457126751542091,0.05829620733857155,,
150,model.layers.21.linear_attn.out_proj.weight,1024,2048,0.00048828125,0.0003541283658705652,3.100618839263916,-0.0004044808738399297,0.12113656848669052,0.00014552747597917914,0.1524880975484848,0.34909355640411377,0.00843617133796215,0.5402356386184692,1.478782296180725,0.00039059322443790734,156.20457458496094,2.834820406860672e-05,0.00012638175394386053,4.937336780130863e-05,0.19641555845737457,0.30148208141326904,0.008447475731372833,0.5203080773353577,1.4640086889266968,,,,,,,,,,,,,,
175,model.layers.7.self_attn.q_proj.weight,4096,1024,0.000244140625,0.00022373591491486877,3.1012377738952637,0.0009496794664300978,0.3635810315608978,0.00056822644546628,0.17928476631641388,0.25871503353118896,0.007101277820765972,0.5363074541091919,1.5305492877960205,0.00016606553981546313,201.15713500976562,5.675652573700063e-05,0.000263995403656736,5.430300734587945e-05,0.2164253145456314,0.27820825576782227,0.006609323900192976,0.53948575258255,1.5350738763809204,8.0,0.08856461197137833,0.09476863592863083,0.7894614338874817,2.8766431569238193e-05,0.00256513524800539,0.48631739616394043,0.011214391752484213,0.0010327183408662677,0.0012139336904510856,-0.00024037093680817634,0.05287357047200203,0.2510122060775757,0.23672908544540405
175,model.layers.7.self_attn.k_proj.weight,512,1024,0.0009765625,0.0011541005223989487,4.8126606941223145,1.462525688111782e-06,0.2517710030078888,0.0019205794669687748,0.17382872104644775,0.253933310508728,0.028968093916773796,0.6609711647033691,1.3552781343460083,0.0008904086425900459,113.78899383544922,4.1297949792351574e-05,9.388717444380745e-05,8.867334690876305e-05,0.2158031314611435,0.26664602756500244,0.009116588160395622,0.5542007684707642,1.438767671585083,,,,,,,,,,,,,,
175,model.layers.7.self_attn.v_proj.weight,512,1024,0.0009765625,0.0007496276521123946,1.7625600099563599,0.0004955347394570708,0.5369459390640259,0.00021065465989522636,0.12698450684547424,0.2527506649494171,0.002802129602059722,0.7460426688194275,1.4572272300720215,0.0008040540269576013,75.61384582519531,5.52225683350116e-05,9.931383829098195e-05,0.00011505223665153608,0.23406079411506653,0.2518283426761627,0.008419276215136051,0.5093650817871094,1.4542515277862549,,,,,,,,,,,,,,
175,model.layers.7.self_attn.o_proj.weight,1024,2048,0.00048828125,0.0002459244569763541,1.9140350818634033,0.0001616217487026006,0.8799603581428528,4.274339153198525e-05,0.14263546466827393,0.36874690651893616,0.016328150406479836,0.5483748316764832,1.4332951307296753,0.0005024642450734973,134.4561767578125,5.859483280801214e-05,0.00011967554019065574,7.641272532055154e-05,0.16708514094352722,0.32854941487312317,0.006264596711844206,0.6434187293052673,1.5301395654678345,,,,,,,,,,,,,,
175,model.layers.15.self_attn.q_proj.weight,4096,1024,0.000244140625,0.00014045472198631614,3.4469847679138184,-0.0004912446020171046,0.35538023710250854,0.00031106508686207235,0.20638075470924377,0.24470146000385284,0.004076282028108835,0.45738860964775085,1.5463711023330688,0.0001845114165917039,220.0041961669922,5.02118855365552e-05,0.00027215684531256557,3.553325586835854e-05,0.22802138328552246,0.26194390654563904,0.0045880102552473545,0.4911869764328003,1.54690420627594,8.0,0.08084981143474579,0.08108657598495483,0.8074997663497925,2.1108571672812104e-06,-0.005061162635684013,0.5097352266311646,,0.0012031731894239783,-0.0015216715401038527,-0.007787271868437529,0.05486760288476944,,
175,model.layers.15.self_attn.k_proj.weight,512,1024,0.0009765625,0.0008701834012754261,3.9931821823120117,9.921061064233072e-06,0.33229824900627136,3.0716440960532054e-05,0.24836726486682892,0.23878438770771027,0.003621833398938179,0.5492475032806396,1.473093867301941,0.0008305518422275782,76.51844024658203,2.2875283320900053e-05,9.915421833284199e-05,0.00010889229452004656,0.18947263062000275,0.303152471780777,0.00747304642572999,0.5905765891075134,1.4767183065414429,,,,,,,,,,,,,,
175,model.layers.15.self_attn.v_proj.weight,512,1024,0.0009765625,0.001004577148705721,1.9626522064208984,0.0013626934960484505,0.33893781900405884,0.00012823227734770626,0.19165003299713135,0.24817702174186707,0.0028609943110495806,0.6370638012886047,1.453133463859558,0.001062489696778357,57.42105484008789,1.6814121408970095e-05,8.278369932668284e-05,5.0872207793872803e-05,0.22477740049362183,0.26523661613464355,0.007306783460080624,0.5224742293357849,1.4625309705734253,,,,,,,,,,,,,0.30761098861694336,0.3230668604373932
175,model.layers.15.self_attn.o_proj.weight,1024,2048,0.00048828125,0.00034906627843156457,1.7678565979003906,0.00046049372758716345,0.6003473401069641,1.5783780327183194e-05,0.08998513966798782,0.456872820854187,0.007287198211997747,0.5921366810798645,1.4407094717025757,0.00043082289630547166,111.05626678466797,8.92132902663434e-06,0.00010376411955803633,9.332384797744453e-05,0.18332166969776154,0.3137224316596985,0.007808123715221882,0.5918105840682983,1.5050770044326782,,,,,,,,,,,,,,
175,model.layers.19.self_attn.q_proj.weight,4096,1024,0.000244140625,0.00016243882419075817,2.842393398284912,-0.0009571247501298785,0.21992938220500946,0.0003380270500201732,0.2283606231212616,0.2177034169435501,0.008210744708776474,0.4029916524887085,1.5235652923583984,0.00019306760805193335,226.9398193359375,3.158282925141975e-05,0.0002643782354425639,4.737188282888383e-05,0.22158406674861908,0.27008888125419617,0.004755944013595581,0.512021005153656,1.5457677841186523,8.0,0.08647935092449188,0.08267587423324585,0.7889881730079651,-4.441290457180003e-06,-0.004306407645344734,0.2107730656862259,,-0.00922917015850544,-0.002930998569354415,0.008445661514997482,0.08555090427398682,,
175,model.layers.19.self_attn.k_proj.weight,512,1024,0.0009765625,0.0011169005883857608,2.3079779148101807,-4.731670742330607e-06,0.2413487583398819,0.0007373334956355393,0.2476249784231186,0.22131425142288208,0.019551696255803108,0.5585061311721802,1.3360031843185425,0.0009100278257392347,89.89404296875,7.510176510550082e-05,0.00010008484969148412,7.998449291335419e-05,0.2140267938375473,0.2676528990268707,0.008213598281145096,0.5638007521629333,1.4606049060821533,,,,,,,,,,,,,,
175,model.layers.19.self_attn.v_proj.weight,512,1024,0.0009765625,0.0007215752266347408,1.610161304473877,0.0029640875291079283,0.16488312184810638,0.001008850522339344,0.15239475667476654,0.2574697434902191,0.004846047144383192,0.6805146932601929,1.4345872402191162,0.0008644479094073176,67.31074523925781,-3.664535688585602e-05,7.615864160470665e-05,4.652006464311853e-05,0.236351877450943,0.2577921748161316,0.009344905614852905,0.5178232789039612,1.4503318071365356,,,,,,,,,,,,,,
175,model.layers.19.self_attn.o_proj.weight,1024,2048,0.00048828125,0.0005652467370964587,1.4876066446304321,0.0008910486358217895,0.3246927261352539,9.23331463127397e-05,0.06365124881267548,0.5154328346252441,0.007745995186269283,0.6358084082603455,1.4658018350601196,0.00040422793244943023,117.34954833984375,1.8024582459474914e-05,8.865858399076387e-05,7.634708163095638e-05,0.199210524559021,0.2941868305206299,0.008322876878082752,0.5373973250389099,1.4816781282424927,,,,,,,,,,,,,,
175,model.layers.1.mlp.gate_proj.weight,3584,1024,0.00027901785714285713,0.000526091200299561,2.8494911193847656,-0.0005258833989500999,0.42948293685913086,0.0002588611387182027,0.18116815388202667,0.3033219873905182,0.008683056570589542,0.5265482068061829,1.5164276361465454,0.00023753559798933566,241.7794647216797,3.999099135398865e-05,0.00023456399503629655,7.170582830440253e-05,0.21852925419807434,0.27294406294822693,0.008190782740712166,0.5411520600318909,1.5242950916290283,,,,,,,,,,,,,0.3141689598560333,0.304621160030365
175,model.layers.1.mlp.up_proj.weight,3584,1024,0.00027901785714285713,0.00034299350227229297,2.5682761669158936,-0.0005318952025845647,0.7054446339607239,0.00018694103346206248,0.1645888388156891,0.316540390253067,0.009171937592327595,0.49812614917755127,1.5155149698257446,0.0002534031809773296,212.69686889648438,5.430740930023603e-05,0.00027457455871626735,8.778975461609662e-05,0.23100584745407104,0.25959691405296326,0.009542250074446201,0.510062038898468,1.513335108757019,,,,,,,,,,,,,,
175,model.layers.1.mlp.down_proj.weight,1024,3584,0.00027901785714285713,0.0002855052298400551,4.451441287994385,-0.000542088586371392,0.6982671618461609,0.0012112779077142477,0.19069257378578186,0.275701105594635,0.014754020608961582,0.5342457294464111,1.4337334632873535,0.0002673178678378463,150.22119140625,2.8316566385910846e-05,0.00011278933379799128,8.715102740097791e-05,0.2207392156124115,0.2710919678211212,0.008219013921916485,0.5264275074005127,1.4800204038619995,8.0,0.11609956622123718,0.1130882203578949,0.796834409236908,1.2130238246754743e-05,0.04772214964032173,3.1845202445983887,0.0002541846571912506,0.0005006523570045829,0.0050558061338961124,0.001259353943169117,0.028690587729215622,,
175,model.layers.12.mlp.gate_proj.weight,3584,1024,0.00027901785714285713,0.00020981398120056838,2.6274068355560303,0.0008171797962859273,0.4303737282752991,0.00080471410183236,0.18825338780879974,0.23942360281944275,0.0058457315899431705,0.5682011842727661,1.5302481651306152,0.0001945627445820719,288.9737548828125,3.552443740773015e-05,0.0002798564382828772,5.780603169114329e-05,0.19402839243412018,0.30121487379074097,0.006053440272808075,0.5898008942604065,1.5356810092926025,,,,,,,,,,,,,,
175,model.layers.12.mlp.up_proj.weight,3584,1024,0.00027901785714285713,0.00026561107370071113,2.3880205154418945,0.0003327450540382415,0.7249786257743835,0.00042849156307056546,0.20826049149036407,0.2539738714694977,0.007853172719478607,0.5381096601486206,1.513056993484497,0.0002700533077586442,248.0188751220703,9.164607763523236e-05,0.0002976438554469496,0.00010423257481306791,0.2232634425163269,0.26561686396598816,0.009652316570281982,0.5107070207595825,1.5165828466415405,,,,,,,,,,,,,,
175,model.layers.12.mlp.down_proj.weight,1024,3584,0.00027901785714285713,0.00025818569702096283,4.701251029968262,0.00036363955587148666,0.6979246139526367,0.0001087387790903449,0.19943824410438538,0.2920211851596832,0.017444655299186707,0.5344475507736206,1.428343415260315,0.0002615835110191256,192.57461547851562,5.637003778247163e-05,0.00012142900959588587,6.227819540072232e-05,0.1939593106508255,0.2989754378795624,0.007629772182554007,0.5798975229263306,1.5129996538162231,8.0,0.08480885624885559,0.08934661746025085,0.8144611120223999,2.917783785960637e-05,0.022670352831482887,3.1963210105895996,0.0012870482465136748,-0.005411140155047178,0.000583387038204819,0.0104681346565485,0.037829361855983734,,
175,model.layers.22.mlp.gate_proj.weight,3584,1024,0.00027901785714285713,0.00026074619381688535,2.7088470458984375,0.0022907061502337456,0.13564564287662506,0.0016671892954036593,0.1668310910463333,0.2658873498439789,0.011674207635223866,0.5644102096557617,1.5152819156646729,0.0001856072194641456,222.2466583251953,4.807223012903705e-05,0.00023511293693445623,6.277296779444441e-05,0.20784957706928253,0.2833826243877411,0.007828068919479847,0.5675155520439148,1.528490424156189,,,,,,,,,,,,,0.20866037905216217,0.2081345021724701
175,model.layers.22.mlp.up_proj.weight,3584,1024,0.00027901785714285713,0.0004714267561212182,2.437821865081787,0.001119647640734911,0.31640157103538513,0.0006035023252479732,0.16363853216171265,0.3089507222175598,0.0093920286744833,0.5865288972854614,1.511964201927185,0.00025472711422480643,212.6445770263672,2.4716448024264537e-05,0.0002823911781888455,0.00011599269782891497,0.21848860383033752,0.2720811367034912,0.011721833609044552,0.5392178893089294,1.5129036903381348,,,,,,,,,,,,,,
175,model.layers.22.mlp.down_proj.weight,1024,3584,0.00027901785714285713,0.00041707666241563857,2.5107736587524414,0.0013400008901953697,0.2890443503856659,0.00016272839275188744,0.10406254231929779,0.4164877235889435,0.006567458156496286,0.5755887627601624,1.465510606765747,0.0002705729566514492,210.13003540039062,4.570765304379165e-05,0.00011428024299675599,8.582785085309297e-05,0.21416769921779633,0.27885866165161133,0.008822624571621418,0.5153024792671204,1.468880295753479,8.0,0.0746966302394867,0.07807513326406479,0.7778468132019043,-1.8683986127143726e-05,-0.013277997262775898,0.635517954826355,,-0.0057350341230630875,-0.005499050486832857,0.013781547546386719,0.13602802157402039,,
175,model.layers.1.linear_attn.in_proj_qkv.weight,6144,1024,0.00016276041666666666,0.00010743383609224111,2.252749443054199,-0.00018813008500728756,0.3620597720146179,0.000894703553058207,0.20219722390174866,0.2476745992898941,0.008771191351115704,0.49774622917175293,1.5343217849731445,0.00014210297376848757,126.59538269042969,4.3286454456392676e-05,0.000285965419607237,4.615152647602372e-05,0.21697469055652618,0.2765687108039856,0.0046361517161130905,0.5445085167884827,1.5426254272460938,8.0,0.11540456861257553,0.11201102286577225,0.781740665435791,-1.8773534975480288e-05,0.0025610844604671,0.3915885090827942,-0.007330306854486283,0.012436093762516975,0.0012717262143269181,-0.008994035422801971,0.05867284908890724,,
175,model.layers.1.linear_attn.out_proj.weight,1024,2048,0.00048828125,0.0002718403993640095,1.3514082431793213,-9.514539851807058e-05,0.8330166935920715,0.00036518948036246,0.12629462778568268,0.36705243587493896,0.014808636158704758,0.5202609300613403,1.4498718976974487,0.0003881820011883974,76.74527740478516,2.7298177883494645e-05,0.00010669160110410303,7.741693843854591e-05,0.19606831669807434,0.29957467317581177,0.008265960030257702,0.5650488138198853,1.4883781671524048,,,,,,,,,,,,,,
175,model.layers.12.linear_attn.in_proj_qkv.weight,6144,1024,0.00016276041666666666,7.579966768389568e-05,1.9877561330795288,7.514372555306181e-05,0.4193874001502991,0.0005163491587154567,0.1590586155653,0.25421038269996643,0.0035311710089445114,0.5985897183418274,1.5517492294311523,0.0001205633016070351,182.52023315429688,1.733452700136695e-05,0.00033573166001588106,3.584270962164737e-05,0.1915353685617447,0.30519258975982666,0.005056239664554596,0.5724474787712097,1.5512325763702393,8.0,0.09283396601676941,0.08735043555498123,0.7845726609230042,6.706797648803331e-06,-0.002367076463997364,0.33717620372772217,,-0.0027135766576975584,-0.0012105039786547422,7.73812280385755e-05,0.10958345979452133,,
175,model.layers.12.linear_attn.out_proj.weight,1024,2048,0.00048828125,0.00027176269213669,2.316530466079712,-0.0005368383135646582,0.5805944204330444,5.287188832880929e-05,0.1560949832201004,0.3374905586242676,0.019561557099223137,0.5323788523674011,1.4321516752243042,0.00038734974805265665,91.69117736816406,1.4529513464367483e-05,0.0001330247614532709,6.931459938641638e-05,0.1761496216058731,0.32308703660964966,0.006963605061173439,0.6016157269477844,1.496085524559021,,,,,,,,,,,,,,
175,model.layers.21.linear_attn.in_proj_qkv.weight,6144,1024,0.00016276041666666666,0.0001135043494286947,3.62296986579895,-0.00012856742250733078,0.09968914836645126,0.0006949308444745839,0.1718636453151703,0.27439653873443604,0.005137071944773197,0.602271556854248,1.5478070974349976,0.00010224998550256714,193.46559143066406,9.630191016185563e-06,0.0003205377724952996,5.806306944577955e-05,0.19895805418491364,0.2934076488018036,0.006060589104890823,0.5903595685958862,1.551486611366272,8.0,0.07574433088302612,0.07908286154270172,0.8112837672233582,-3.2164706453841063e-07,-0.0005203743930906057,0.02765187993645668,,-0.0004156488867010921,-0.0037007159553468227,-0.009174375794827938,0.06789155304431915,,
175,model.layers.21.linear_attn.out_proj.weight,1024,2048,0.00048828125,0.0003767018497455865,2.7758545875549316,-0.00031918263994157314,0.1772708296775818,0.00010497077164473012,0.15044330060482025,0.3566960096359253,0.005763866472989321,0.5516850352287292,1.4864376783370972,0.0003472773532848805,145.07801818847656,3.223962994525209e-05,0.0001237825199496001,3.5566034057410434e-05,0.19666291773319244,0.30092403292655945,0.008645227178931236,0.5198783278465271,1.485743522644043,,,,,,,,,,,,,,
200,model.layers.7.self_attn.q_proj.weight,4096,1024,0.000244140625,0.00011230081872781739,2.069226026535034,0.0003953800187446177,0.30788105726242065,0.0011825544061139226,0.1706766039133072,0.27251148223876953,0.009963389486074448,0.5483101010322571,1.5364466905593872,0.0001721616426948458,224.37481689453125,1.9690158296725713e-05,0.00026426740805618465,6.662266241619363e-05,0.21685095131397247,0.27636152505874634,0.006854359060525894,0.5383080244064331,1.5371564626693726,8.0,0.08350395411252975,0.09275313466787338,0.822411298751831,-7.73590784319822e-07,-0.0011264118365943432,0.10762989521026611,,-0.0072968704625964165,-0.002179594710469246,-0.0016050891717895865,0.05953226611018181,0.21028022468090057,0.21140171587467194
200,model.layers.7.self_attn.k_proj.weight,512,1024,0.0009765625,0.001047054072842002,2.061875343322754,1.3442685485642869e-05,0.2329932004213333,0.001973862526938319,0.12953709065914154,0.2616073489189148,0.025092611089348793,0.7409660816192627,1.3079808950424194,0.0008132608490996063,98.07197570800781,0.00010612426558509469,9.483890607953072e-05,0.0001181166444439441,0.21368229389190674,0.26709166169166565,0.008599672466516495,0.5523384809494019,1.417101502418518,,,,,,,,,,,,,,
200,model.layers.7.self_attn.v_proj.weight,512,1024,0.0009765625,0.0007259051781147718,1.9531786441802979,-0.00014663934416603297,0.36762139201164246,0.00047734053805470467,0.1398482769727707,0.2553091049194336,0.004399181809276342,0.729873776435852,1.4738264083862305,0.0008785661775618792,64.24732208251953,5.243262421572581e-05,9.917841089190915e-05,0.00013967874110676348,0.23450912535190582,0.25297868251800537,0.008011209778487682,0.5104021430015564,1.4492645263671875,,,,,,,,,,,,,,
200,model.layers.7.self_attn.o_proj.weight,1024,2048,0.00048828125,0.0002606889174785465,2.2883756160736084,-4.5833625335944816e-05,0.6164933443069458,3.0246947062551044e-05,0.1322956085205078,0.3879627585411072,0.01340926717966795,0.5690060257911682,1.423413634300232,0.0004511375445872545,130.3829345703125,2.1606347218039446e-05,0.00012216232425998896,5.564268576563336e-05,0.16951718926429749,0.3266916871070862,0.006306615192443132,0.6388909816741943,1.5325607061386108,,,,,,,,,,,,,,
200,model.layers.15.self_attn.q_proj.weight,4096,1024,0.000244140625,0.00012822772259823978,3.261645555496216,0.00027617227169685066,0.2914515435695648,0.0002904742141254246,0.20518773794174194,0.24776190519332886,0.003740937914699316,0.4602983891963959,1.5483368635177612,0.00017381334328092635,241.76806640625,2.886125548684504e-05,0.00027288467390462756,3.199783532181755e-05,0.22863999009132385,0.2624901831150055,0.004346940200775862,0.48872262239456177,1.5478112697601318,8.0,0.08816514909267426,0.09131485968828201,0.8251102566719055,-6.693321665807161e-07,0.0002736049937084317,0.1246735006570816,-0.0024463448473970206,-3.334275970701128e-05,0.0004546940035652369,0.001077518449164927,0.0526110902428627,,
200,model.layers.15.self_attn.k_proj.weight,512,1024,0.0009765625,0.0010016923770308495,4.201559066772461,-3.636559313235921e-06,0.22950509190559387,0.0001314057008130476,0.2823203206062317,0.21021819114685059,0.004759292583912611,0.5077095031738281,1.4415698051452637,0.0007979111978784204,65.03126525878906,3.028679930139333e-05,9.989237878471613e-05,7.103898678906262e-05,0.19241902232170105,0.3011333644390106,0.00730641046538949,0.5822826623916626,1.4805501699447632,,,,,,,,,,,,,,
200,model.layers.15.self_attn.v_proj.weight,512,1024,0.0009765625,0.0010208904277533293,2.045982837677002,0.0008503873250447214,0.24376142024993896,0.0002357510238653049,0.17864581942558289,0.2587006986141205,0.004246811848133802,0.648044764995575,1.446331262588501,0.0009893800597637892,84.24545288085938,6.463536556111649e-05,8.32678415463306e-05,6.685694825137034e-05,0.23022693395614624,0.26134219765663147,0.006958466023206711,0.5126665830612183,1.4751306772232056,,,,,,,,,,,,,0.19492590427398682,0.19435670971870422
200,model.layers.15.self_attn.o_proj.weight,1024,2048,0.00048828125,0.00045895870425738394,1.794345736503601,0.0002805394178722054,0.44742658734321594,2.0733523342642002e-05,0.07979006320238113,0.48363059759140015,0.008435189723968506,0.6169813275337219,1.4454954862594604,0.00044554570922628045,101.26902770996094,3.4811389923561364e-05,0.00010491533612366766,7.362758333329111e-05,0.18266810476779938,0.3176914155483246,0.007545567583292723,0.596011221408844,1.516427755355835,,,,,,,,,,,,,,
200,model.layers.19.self_attn.q_proj.weight,4096,1024,0.000244140625,0.00017988526087719947,3.350106954574585,0.0002138007403118536,0.16222749650478363,0.00018626741075422615,0.22765174508094788,0.23262648284435272,0.0068062241189181805,0.4304126501083374,1.5295571088790894,0.00018006699974648654,227.8317413330078,3.8606835005339235e-05,0.00026515475474298,5.544242958421819e-05,0.22100217640399933,0.27057358622550964,0.004691590089350939,0.5121071934700012,1.5464375019073486,8.0,0.09366843849420547,0.09491779655218124,0.7873857021331787,1.1454114883235889e-06,0.00015641086793038994,0.049021873623132706,0.007323093999026652,-0.0010719145648181438,0.0007342005847021937,0.0034157850313931704,0.07718558609485626,,
200,model.layers.19.self_attn.k_proj.weight,512,1024,0.0009765625,0.0010436528827995062,3.7251882553100586,-1.0698289770516567e-05,0.15161199867725372,0.0005037224036641419,0.2411167174577713,0.22107934951782227,0.014410807751119137,0.5740025043487549,1.3110512495040894,0.0009529191302135587,91.06146240234375,3.682768874568865e-05,9.842934377957135e-05,6.998998287599534e-05,0.21951644122600555,0.2681953012943268,0.008176825009286404,0.5624105930328369,1.4333527088165283,,,,,,,,,,,,,,
200,model.layers.19.self_attn.v_proj.weight,512,1024,0.0009765625,0.0007190631004050374,1.6331299543380737,0.0011925497092306614,0.11867503821849823,0.0002999702701345086,0.14325940608978271,0.2608655095100403,0.003280361881479621,0.6785407662391663,1.4384794235229492,0.0008948530885390937,55.61444091796875,1.1461136637080926e-05,7.630074833286926e-05,0.00014162798470351845,0.23038803040981293,0.2594521641731262,0.00978145282715559,0.5156270861625671,1.4114787578582764,,,,,,,,,,,,,,
200,model.layers.19.self_attn.o_proj.weight,1024,2048,0.00048828125,0.0003811633796431124,1.4386502504348755,0.00031659856904298067,0.26385781168937683,6.002854206599295e-05,0.052312593907117844,0.5491326451301575,0.012794721871614456,0.6516687273979187,1.4682016372680664,0.0004376228025648743,91.02123260498047,1.6552692613913678e-05,8.993034134618938e-05,8.547112520318478e-05,0.1997438371181488,0.2939605712890625,0.008979272097349167,0.535912275314331,1.4665015935897827,,,,,,,,,,,,,,
200,model.layers.1.mlp.gate_proj.weight,3584,1024,0.00027901785714285713,0.00021005183225497603,3.1152901649475098,-0.00046027667121961713,0.27293261885643005,0.00033713140874169767,0.17930659651756287,0.3063961863517761,0.007508854381740093,0.5342263579368591,1.516013503074646,0.0002431684551993385,247.38597106933594,2.2482960048364475e-05,0.0002337821206310764,7.382581679848954e-05,0.21957552433013916,0.27200931310653687,0.00812605395913124,0.5402344465255737,1.5233701467514038,,,,,,,,,,,,,0.2225801646709442,0.23140187561511993
200,model.layers.1.mlp.up_proj.weight,3584,1024,0.00027901785714285713,0.00025265099247917533,2.7920615673065186,-0.0004729891661554575,0.45653221011161804,0.00010035927698481828,0.16483613848686218,0.32751384377479553,0.008021177724003792,0.5106716156005859,1.510165810585022,0.00028676673537120223,238.22024536132812,3.385843592695892e-05,0.00027597739244811237,0.00011558131518540904,0.23091460764408112,0.2595655918121338,0.009580777958035469,0.5088493824005127,1.5146427154541016,,,,,,,,,,,,,,
200,model.layers.1.mlp.down_proj.weight,1024,3584,0.00027901785714285713,0.0002601118467282504,5.2926764488220215,-0.00046259842929430306,0.4598774015903473,0.0016152487369254231,0.17746171355247498,0.2966950237751007,0.015103735029697418,0.5695472955703735,1.4380478858947754,0.0002800854854285717,133.45346069335938,1.727698509057518e-05,0.00011137121327919886,0.0001035682944348082,0.21607176959514618,0.2758796513080597,0.008923681452870369,0.5318245887756348,1.4817365407943726,8.0,0.09375140070915222,0.09396030753850937,0.865714430809021,-3.08606149701518e-06,5.079369293525815e-05,0.601805567741394,-0.06075678531483597,-0.0017970075132325292,3.564708458725363e-05,-0.009542988613247871,0.03003404475748539,,
200,model.layers.12.mlp.gate_proj.weight,3584,1024,0.00027901785714285713,0.00019076628086622804,3.0296695232391357,-0.0005081170820631087,0.3022436499595642,0.00021024463057983667,0.19051828980445862,0.24537688493728638,0.004740915726870298,0.5689562559127808,1.5295478105545044,0.0002111990179400891,282.12005615234375,4.514955435297452e-05,0.0002757281472440809,4.908361006528139e-05,0.19341705739498138,0.3020985722541809,0.00617228401824832,0.5905681252479553,1.5343998670578003,,,,,,,,,,,,,,
200,model.layers.12.mlp.up_proj.weight,3584,1024,0.00027901785714285713,0.00027552066603675485,2.6728053092956543,-0.0002745970559772104,0.4928131699562073,0.00032260172883979976,0.22075539827346802,0.24861444532871246,0.006009622942656279,0.5112610459327698,1.5176472663879395,0.0002701345656532794,212.224853515625,7.35707362764515e-05,0.0002941876300610602,7.915957394288853e-05,0.22288376092910767,0.2669471204280853,0.009283640421926975,0.5112613439559937,1.5142219066619873,,,,,,,,,,,,,,
200,model.layers.12.mlp.down_proj.weight,1024,3584,0.00027901785714285713,0.00025650684256106615,5.930381774902344,-0.0002776884939521551,0.5031121969223022,0.00017180497525259852,0.19111835956573486,0.3017883598804474,0.019734617322683334,0.5510717630386353,1.4061869382858276,0.00025055883452296257,192.72865295410156,5.075585431768559e-05,0.000118948461022228,7.216081576189026e-05,0.193994402885437,0.30085161328315735,0.007472086697816849,0.5826667547225952,1.5181134939193726,8.0,0.09247192740440369,0.08791815489530563,0.8402928709983826,-1.0735207069956232e-06,-0.0006790409097447991,0.6862460970878601,,0.0001603862619958818,-1.0724154890340287e-05,-0.0034674901980906725,0.011840259656310081,,
200,model.layers.22.mlp.gate_proj.weight,3584,1024,0.00027901785714285713,0.00022323064331430942,3.1811137199401855,-0.0017680359305813909,0.12719950079917908,0.0006920991581864655,0.18112753331661224,0.25479841232299805,0.007492223754525185,0.5608102083206177,1.5158451795578003,0.00021053476666565984,237.77197265625,2.7128209694637917e-05,0.0002350945578655228,7.178555824793875e-05,0.2076655477285385,0.2848760783672333,0.008039240725338459,0.5660931468009949,1.528728723526001,,,,,,,,,,,,,0.18736425042152405,0.19352713227272034
200,model.layers.22.mlp.up_proj.weight,3584,1024,0.00027901785714285713,0.00029812296270392835,3.043745994567871,-0.0015750317834317684,0.2698906362056732,0.0006278871442191303,0.17776133120059967,0.2859814167022705,0.010985094122588634,0.5647110939025879,1.514485239982605,0.00023182823497336358,195.35150146484375,5.4971220379229635e-05,0.0002803114184644073,0.00010573877807473764,0.21767202019691467,0.27277037501335144,0.01151849702000618,0.5396426320075989,1.5168365240097046,,,,,,,,,,,,,,
200,model.layers.22.mlp.down_proj.weight,1024,3584,0.00027901785714285713,0.0004735655093099922,2.917365789413452,-0.0018200967460870743,0.2549853026866913,0.0001969045988516882,0.10904325544834137,0.40483322739601135,0.008573275990784168,0.56333988904953,1.4475088119506836,0.0002491476770956069,221.0611572265625,2.158232018700801e-05,0.0001150260359281674,9.502651664661244e-05,0.21134541928768158,0.28063681721687317,0.008594192564487457,0.5177539587020874,1.4823681116104126,8.0,0.0972747653722763,0.09881924837827682,0.774659276008606,8.517943570041098e-06,0.0016897510504350066,0.20194602012634277,0.00504094586468714,0.007848014123737812,0.004326153080910444,-0.0026348105166107416,0.12407736480236053,,
200,model.layers.1.linear_attn.in_proj_qkv.weight,6144,1024,0.00016276041666666666,9.576222510077059e-05,2.2303950786590576,0.00019019190222024918,0.23600617051124573,0.00039792334428057075,0.1858849972486496,0.25784409046173096,0.005879675503820181,0.5072895288467407,1.5344947576522827,0.00014147516048979014,112.31328582763672,3.047539576073177e-05,0.00029141121194697917,5.6013806897681206e-05,0.2182694971561432,0.2750498354434967,0.004791388753801584,0.5425810813903809,1.5426090955734253,8.0,0.09436266869306564,0.08431750535964966,0.8611570000648499,-1.6693486486474285e-06,-0.0005232483381405473,0.08158733695745468,,-0.00010828219092218205,-0.0035853770095854998,0.00044642790453508496,0.05678149312734604,,
200,model.layers.1.linear_attn.out_proj.weight,1024,2048,0.00048828125,0.0007063392549753189,1.3755240440368652,0.00015960335440468043,0.528906524181366,0.0002443027915433049,0.11738703399896622,0.38507750630378723,0.010816322639584541,0.5425284504890442,1.4497913122177124,0.0003931394312530756,88.1473159790039,2.2670192265650257e-05,0.00010910857236012816,7.38867893232964e-05,0.1997063010931015,0.2973595857620239,0.007741500623524189,0.5566871762275696,1.484334945678711,,,,,,,,,,,,,,
200,model.layers.12.linear_attn.in_proj_qkv.weight,6144,1024,0.00016276041666666666,6.64078543195501e-05,2.3567209243774414,-4.399226600071415e-05,0.2898869216442108,0.00048540416173636913,0.15325529873371124,0.25954359769821167,0.0036250422708690166,0.6200928092002869,1.5519518852233887,0.0001143938789027743,178.1510772705078,2.3329430405283347e-05,0.0003389401244930923,2.8444961571949534e-05,0.1927046924829483,0.3040844798088074,0.004928864073008299,0.5692269206047058,1.5494403839111328,8.0,0.08503348380327225,0.08315987884998322,0.8021780252456665,-3.060937160626054e-06,-0.0011171450605615973,0.0701000988483429,,0.002144668949767947,-0.0036941554863005877,0.008973929099738598,0.10631194710731506,,
200,model.layers.12.linear_attn.out_proj.weight,1024,2048,0.00048828125,0.00028730009216815233,2.403892993927002,0.00046011910308152437,0.4230409562587738,6.818512338213623e-05,0.1455971747636795,0.35547494888305664,0.02044595032930374,0.5635254979133606,1.4243429899215698,0.00038434972520917654,94.48965454101562,4.6954810386523604e-05,0.0001334545959252864,5.6516058975830674e-05,0.17718636989593506,0.3214103877544403,0.007060601841658354,0.6038928031921387,1.4951413869857788,,,,,,,,,,,,,,
200,model.layers.21.linear_attn.in_proj_qkv.weight,6144,1024,0.00016276041666666666,9.459188004257157e-05,3.3945374488830566,-0.00015961054305080324,0.09313298761844635,0.001111694611608982,0.195329487323761,0.23365961015224457,0.007035563234239817,0.549676775932312,1.5405333042144775,0.00011455492494860664,173.2900848388672,3.503703192109242e-05,0.00031673372723162174,7.49415485188365e-05,0.20089267194271088,0.2918456196784973,0.006239335983991623,0.5873658657073975,1.5532130002975464,8.0,0.09755784273147583,0.10702560096979141,0.7533140182495117,5.611321540754943e-08,0.00015265887486748397,0.009763981215655804,0.00036757257287700233,0.00677590211853385,0.007037504576146603,0.006750035565346479,0.06932686269283295,,
200,model.layers.21.linear_attn.out_proj.weight,1024,2048,0.00048828125,0.00040316410013474524,3.3915605545043945,0.0003092724655289203,0.1812073439359665,7.125354750314727e-05,0.14659757912158966,0.35918161273002625,0.007894465699791908,0.5613478422164917,1.4772379398345947,0.00039146034396253526,141.1864013671875,-3.4687805055000354e-06,0.00012411019997671247,4.337743666837923e-05,0.1962411105632782,0.30126652121543884,0.008401324972510338,0.5196930170059204,1.473405122756958,,,,,,,,,,,,,,
225,model.layers.7.self_attn.q_proj.weight,4096,1024,0.000244140625,0.00010664199362508953,2.179126024246216,-0.000961089099291712,0.423689603805542,0.0015006011817604303,0.1736205667257309,0.26358938217163086,0.009807002730667591,0.5398377776145935,1.5330744981765747,0.000161455333000049,249.14053344726562,4.464479206944816e-05,0.0002618628495838493,7.388871017610654e-05,0.2165725827217102,0.2777295410633087,0.006677479948848486,0.5393492579460144,1.5408214330673218,8.0,0.08346541225910187,0.08287480473518372,0.8709757328033447,-5.7855540944729e-06,0.0033978153951466084,0.23800179362297058,-0.0017027276121995632,0.0014378490159288049,0.002800371963530779,-0.0034130278509110212,0.0655704215168953,0.30612826347351074,0.29050084948539734
225,model.layers.7.self_attn.k_proj.weight,512,1024,0.0009765625,0.001357987173832953,2.019001007080078,-6.128557288320735e-06,0.33968695998191833,0.001834962167777121,0.12641341984272003,0.2548544704914093,0.014629497192800045,0.7575117945671082,1.3323147296905518,0.000934243609663099,106.95294189453125,-3.773651042138226e-05,9.596788004273549e-05,6.277507054619491e-05,0.21619351208209991,0.26943206787109375,0.009091386571526527,0.5507104396820068,1.4266923666000366,,,,,,,,,,,,,,
225,model.layers.7.self_attn.v_proj.weight,512,1024,0.0009765625,0.0008142834412865341,2.0166397094726562,0.0002721281780395657,0.5300810933113098,0.000571062380913645,0.12739752233028412,0.26634639501571655,0.00410392414778471,0.7484714388847351,1.455626368522644,0.0009146052761934698,53.0330924987793,1.9951959984609857e-05,0.00010089982970384881,0.00011562025611056015,0.22990910708904266,0.25798070430755615,0.007538564037531614,0.523750364780426,1.4676812887191772,,,,,,,,,,,,,,
225,model.layers.7.self_attn.o_proj.weight,1024,2048,0.00048828125,0.0002608232316561043,2.053929090499878,8.245740173151717e-05,0.8600722551345825,4.928586713504046e-05,0.14874932169914246,0.3480662703514099,0.019735682755708694,0.5187423229217529,1.411697268486023,0.0004449150001164526,131.20362854003906,4.1426701500313357e-05,0.00012145566142862663,6.089219095883891e-05,0.16922901570796967,0.3272738754749298,0.006325460504740477,0.6404505968093872,1.5273655652999878,,,,,,,,,,,,,,
225,model.layers.15.self_attn.q_proj.weight,4096,1024,0.000244140625,0.00012881400471087545,4.280117034912109,-0.00031305861193686724,0.3548094928264618,0.0002029362367466092,0.21534326672554016,0.23722249269485474,0.0035841313656419516,0.450403094291687,1.5474350452423096,0.0001745894696796313,232.50833129882812,6.816567747591762e-06,0.0002710114058572799,4.0146769606508315e-05,0.2262498438358307,0.2629528343677521,0.004406841471791267,0.48893874883651733,1.5462466478347778,8.0,0.06307368725538254,0.06632928550243378,0.8652203679084778,-5.499246981344186e-06,-0.0029668561182916164,0.2744361460208893,,-0.0057485634461045265,-0.0021021245047450066,-0.017483199015259743,0.040041107684373856,,
225,model.layers.15.self_attn.k_proj.weight,512,1024,0.0009765625,0.0010406812652945518,4.2050347328186035,-9.34581294131931e-06,0.31601276993751526,0.00012263256940059364,0.24012969434261322,0.24847550690174103,0.0040260860696434975,0.5621281862258911,1.4739574193954468,0.0008731368579901755,78.42404174804688,6.958610902074724e-05,0.00010045883391285315,5.221855462878011e-05,0.19156800210475922,0.3031536638736725,0.007062757387757301,0.5824964642524719,1.470133900642395,,,,,,,,,,,,,,
225,model.layers.15.self_attn.v_proj.weight,512,1024,0.0009765625,0.0008650035597383976,2.0130221843719482,0.001091960584744811,0.28141680359840393,8.802981028566137e-05,0.19526919722557068,0.24892933666706085,0.003060439834371209,0.6364020705223083,1.4695320129394531,0.0009351811022497714,82.17619323730469,-7.968095815158449e-06,8.349103154614568e-05,3.564784492482431e-05,0.2266114354133606,0.2657686173915863,0.007817969657480717,0.5209084153175354,1.432983636856079,,,,,,,,,,,,,0.22082653641700745,0.22387923300266266
225,model.layers.15.self_attn.o_proj.weight,1024,2048,0.00048828125,0.00046491087414324284,1.9975579977035522,0.00037329387851059437,0.5017584562301636,3.5627177567221224e-05,0.0896175429224968,0.4712127447128296,0.013920841738581657,0.6154458522796631,1.4237401485443115,0.0004714681417681277,99.74346160888672,2.5720537450979464e-05,0.00010510168067412451,9.096939902519807e-05,0.18320152163505554,0.31568408012390137,0.007478789892047644,0.5943126678466797,1.518748164176941,,,,,,,,,,,,,,
225,model.layers.19.self_attn.q_proj.weight,4096,1024,0.000244140625,0.00017440116789657623,2.9874980449676514,7.00552191119641e-05,0.22290638089179993,0.00028038438176736236,0.23822073638439178,0.22418199479579926,0.006131531670689583,0.4106653034687042,1.5341373682022095,0.00018822503625415266,248.2229461669922,3.335421206429601e-05,0.00026480769156478345,3.676586493384093e-05,0.22299827635288239,0.2698301076889038,0.004605427384376526,0.5123446583747864,1.544161319732666,8.0,0.06767351925373077,0.06784797459840775,0.845753014087677,-3.5635384847410023e-06,-0.0019351039081811905,0.12718898057937622,,-0.006872011348605156,-0.00143901736009866,-0.0019701849669218063,0.08678880333900452,,
225,model.layers.19.self_attn.k_proj.weight,512,1024,0.0009765625,0.0009027135674841702,4.541684150695801,2.9000982522120466e-06,0.2085363119840622,0.0006353381322696805,0.24583348631858826,0.2203081250190735,0.014372153207659721,0.5615236163139343,1.3369289636611938,0.0009512401884421706,76.75476837158203,8.731269917916507e-05,9.755275823408738e-05,7.823239138815552e-05,0.21456830203533173,0.2719801068305969,0.007935388945043087,0.5679311752319336,1.4491080045700073,,,,,,,,,,,,,,
225,model.layers.19.self_attn.v_proj.weight,512,1024,0.0009765625,0.0007591568282805383,1.4495900869369507,-0.001283257850445807,0.17445825040340424,0.0018646054668352008,0.15398867428302765,0.25008782744407654,0.008012613281607628,0.6491261720657349,1.4214811325073242,0.000923980725929141,75.40760040283203,1.81975556188263e-05,7.814798300387338e-05,0.00011759148765122518,0.23556412756443024,0.2579103112220764,0.010112418793141842,0.5140330195426941,1.407079815864563,,,,,,,,,,,,,,
225,model.layers.19.self_attn.o_proj.weight,1024,2048,0.00048828125,0.00047728983918204904,1.4584952592849731,-0.00041726010385900736,0.3191691040992737,6.864111492177472e-05,0.06885100156068802,0.4873342216014862,0.009782915934920311,0.604803740978241,1.465680480003357,0.00041374366264790297,117.67508697509766,2.1441846911329776e-05,8.954304939834401e-05,9.078974107978866e-05,0.199983149766922,0.29374754428863525,0.008415820077061653,0.53608238697052,1.4800125360488892,,,,,,,,,,,,,,
225,model.layers.1.mlp.gate_proj.weight,3584,1024,0.00027901785714285713,0.0002116701944032684,2.8221254348754883,6.891108205309138e-05,0.38269758224487305,0.00039137917337939143,0.1782265156507492,0.3045523166656494,0.008838910609483719,0.5259491801261902,1.5149286985397339,0.0002554045058786869,222.61138916015625,3.748260496649891e-05,0.00023112515918910503,0.00010223276331089437,0.22004447877407074,0.26986756920814514,0.007920307107269764,0.5407655835151672,1.5211727619171143,,,,,,,,,,,,,0.22649115324020386,0.226268470287323
225,model.layers.1.mlp.up_proj.weight,3584,1024,0.00027901785714285713,0.00025970122078433633,2.5493457317352295,-8.096091914921999e-05,0.6419909000396729,0.00020592717919498682,0.16171424090862274,0.32546916604042053,0.009843827225267887,0.5040271282196045,1.511513590812683,0.0002838118525687605,188.0226287841797,7.518217171309516e-05,0.00027627695817500353,0.00011950809130212292,0.2289302796125412,0.2609909772872925,0.009852597489953041,0.5105655193328857,1.5084948539733887,,,,,,,,,,,,,,
225,model.layers.1.mlp.down_proj.weight,1024,3584,0.00027901785714285713,0.0002759334456641227,4.1315765380859375,-8.013984916033223e-05,0.6347451210021973,0.0018022828735411167,0.18910440802574158,0.27365297079086304,0.01642654277384281,0.5335745811462402,1.4326120615005493,0.00029635149985551834,215.52267456054688,4.093462848686613e-05,0.00011306480882922187,7.999894296517596e-05,0.21805885434150696,0.2743241488933563,0.008747708052396774,0.5279332995414734,1.4842760562896729,8.0,0.07867959886789322,0.07144998759031296,0.8946036100387573,1.161451200459851e-05,0.009297892451286316,1.3564527034759521,0.00124915533982023,0.0019978247582912445,0.0007730299257673323,-0.015408024191856384,0.03877594321966171,,
225,model.layers.12.mlp.gate_proj.weight,3584,1024,0.00027901785714285713,0.00019509952107910067,3.096052646636963,0.0002346572873648256,0.38344910740852356,0.0004708317865151912,0.18980982899665833,0.245405912399292,0.005485690664499998,0.5751675367355347,1.525837779045105,0.00020963391580153257,282.7254333496094,6.718651275150478e-05,0.0002768381091300398,5.336212780093774e-05,0.19346006214618683,0.30127012729644775,0.005912823602557182,0.5913350582122803,1.5371278524398804,,,,,,,,,,,,,,
225,model.layers.12.mlp.up_proj.weight,3584,1024,0.00027901785714285713,0.00026330299442633986,3.1912128925323486,0.0007839914178475738,0.6112990975379944,0.0004774986009579152,0.22184547781944275,0.24403689801692963,0.007105827331542969,0.5090425610542297,1.5177052021026611,0.0002620031591504812,261.2970275878906,6.596797175006941e-05,0.0002954510855488479,0.00010510268475627527,0.22264820337295532,0.2672739624977112,0.00944338645786047,0.509563148021698,1.5224342346191406,,,,,,,,,,,,,,
225,model.layers.12.mlp.down_proj.weight,1024,3584,0.00027901785714285713,0.0002700705954339355,6.30247163772583,0.0007996691856533289,0.6207101941108704,0.00014348413969855756,0.20416077971458435,0.28745418787002563,0.021611616015434265,0.5298871994018555,1.4083607196807861,0.00024667143588885665,176.77491760253906,-1.127661107602762e-05,0.00011870697926497087,8.967758913058788e-05,0.19339428842067719,0.2998487055301666,0.007997960783541203,0.5793936252593994,1.5026596784591675,8.0,0.06073207035660744,0.06818608194589615,0.884543240070343,-1.4953655409044586e-05,0.012890692800283432,1.5946823358535767,-0.0011600350454954442,0.000497691857162863,0.0016572589520365,-0.010839816182851791,0.012764357030391693,,
225,model.layers.22.mlp.gate_proj.weight,3584,1024,0.00027901785714285713,0.0003557392046786845,2.9240236282348633,-0.0007319641299545765,0.12722991406917572,0.001084021874703467,0.17642848193645477,0.26296117901802063,0.008320968598127365,0.5558130145072937,1.5183955430984497,0.000217514083487913,205.1259307861328,3.83965416403953e-05,0.0002398141659796238,7.451287092408165e-05,0.20629097521305084,0.28594374656677246,0.007505749352276325,0.5696846842765808,1.5325511693954468,,,,,,,,,,,,,0.2224303036928177,0.23694071173667908
225,model.layers.22.mlp.up_proj.weight,3584,1024,0.00027901785714285713,0.00021007809846196324,3.3381850719451904,-0.0008227434009313583,0.27119696140289307,0.0006019194843247533,0.17222407460212708,0.30042415857315063,0.011285597458481789,0.5782560706138611,1.5078824758529663,0.0002558775304351002,232.19703674316406,2.2790558432461694e-05,0.0002789381251204759,7.98025939729996e-05,0.21823370456695557,0.2715304493904114,0.011721447110176086,0.5380551218986511,1.5078667402267456,,,,,,,,,,,,,,
225,model.layers.22.mlp.down_proj.weight,1024,3584,0.00027901785714285713,0.00043852708768099546,2.631136178970337,-0.0008855867199599743,0.2754330039024353,0.00031004854827187955,0.10501924157142639,0.40476080775260925,0.010446446016430855,0.5667715072631836,1.464915156364441,0.00027255850727669895,225.18255615234375,1.543428879813291e-05,0.00011416543566156179,0.00012653500016313046,0.21167922019958496,0.28050974011421204,0.008562169037759304,0.5174196362495422,1.4700102806091309,8.0,0.07879174500703812,0.07696978002786636,0.8347032070159912,1.956269989022985e-05,0.004281356930732727,0.35084474086761475,0.004569275630771065,0.006127468775957823,0.0020690644159913063,0.002107632113620639,0.12693899869918823,,
225,model.layers.1.linear_attn.in_proj_qkv.weight,6144,1024,0.00016276041666666666,0.00017474761989433318,2.290733575820923,0.0007195250946097076,0.33351558446884155,0.0007594352937303483,0.18146638572216034,0.26473268866539,0.007363909389823675,0.5226685404777527,1.5331661701202393,0.0001333302352577448,121.81623840332031,3.056561399716884e-05,0.0002837281790561974,4.1082432289840654e-05,0.21618717908859253,0.27589499950408936,0.004806418903172016,0.5443022847175598,1.5439343452453613,8.0,0.07534251362085342,0.07358352094888687,0.880203127861023,7.100115453795297e-06,0.001213310519233346,0.15962694585323334,0.005851853537280501,0.00193084089551121,-1.9816836356767453e-05,-0.02179562859237194,0.04479241371154785,,
225,model.layers.1.linear_attn.out_proj.weight,1024,2048,0.00048828125,0.0003661978698801249,1.3173348903656006,0.00016608177975285798,0.7936151623725891,0.0010225392179563642,0.12210819125175476,0.3497453033924103,0.02915189042687416,0.49702903628349304,1.4253429174423218,0.00042245263466611505,70.43350982666016,3.171190110151656e-05,0.00010674028453649953,7.989520963747054e-05,0.19165198504924774,0.30404072999954224,0.007802838459610939,0.5727412700653076,1.4816418886184692,,,,,,,,,,,,,,
225,model.layers.12.linear_attn.in_proj_qkv.weight,6144,1024,0.00016276041666666666,6.24892272753641e-05,2.2184791564941406,-0.0001574373454786837,0.3981132209300995,0.0004905840032733977,0.15193484723567963,0.2547929286956787,0.003150197211652994,0.6158591508865356,1.5527772903442383,0.00010933853627648205,141.6913604736328,3.464487235760316e-05,0.00033370190067216754,4.650710252462886e-05,0.19193615019321442,0.306688129901886,0.005082597490400076,0.5705656409263611,1.5508002042770386,8.0,0.06444165110588074,0.07438946515321732,0.8412116765975952,1.7267670955334324e-06,0.0035090704914182425,0.17306458950042725,0.0004920867505387543,0.0018893277738243341,0.004270175937563181,-0.010429538786411285,0.08459996432065964,,
225,model.layers.12.linear_attn.out_proj.weight,1024,2048,0.00048828125,0.00029354816069826484,2.5531842708587646,-0.00020236334239598364,0.5250344276428223,6.821253919042647e-05,0.16422832012176514,0.32636234164237976,0.02542288601398468,0.5131866335868835,1.4158289432525635,0.000376601965399459,92.70165252685547,3.988747630501166e-05,0.00013265240704640746,6.57327109365724e-05,0.1783299446105957,0.32139602303504944,0.007020700257271528,0.6019106507301331,1.4942086935043335,,,,,,,,,,,,,,
225,model.layers.21.linear_attn.in_proj_qkv.weight,6144,1024,0.00016276041666666666,9.858781413640827e-05,3.5808441638946533,0.00023276862339116633,0.09643381088972092,0.0006365292938426137,0.1785462349653244,0.2592906355857849,0.004900939762592316,0.5876784920692444,1.5458672046661377,0.00011254281707806513,180.5390625,1.933402381837368e-05,0.0003202864318154752,3.8708007195964456e-05,0.1984848976135254,0.292398065328598,0.006015816703438759,0.5909603834152222,1.553146481513977,8.0,0.0811026468873024,0.08266498893499374,0.8526638746261597,5.492165655596182e-07,0.00024449574993923306,0.013651084154844284,0.002246323568798723,0.013491946272552013,0.0054593500681221485,-0.007011494133621454,0.06084071472287178,,
225,model.layers.21.linear_attn.out_proj.weight,1024,2048,0.00048828125,0.0004302568850107491,2.782475709915161,-0.0004791678802575916,0.17722856998443604,5.545360909309238e-05,0.14454779028892517,0.35809606313705444,0.005725214723497629,0.5570824146270752,1.483359694480896,0.0003784309374168515,160.0277862548828,1.400346081936732e-05,0.0001235359231941402,3.740439933608286e-05,0.19612345099449158,0.3019754886627197,0.00889483094215393,0.5208507776260376,1.464741587638855,,,,,,,,,,,,,,
250,model.layers.7.self_attn.q_proj.weight,4096,1024,0.000244140625,0.00011315598385408521,2.7236011028289795,-0.000262967252638191,0.250798761844635,0.001148630166426301,0.1705034226179123,0.27302682399749756,0.008640952408313751,0.5469651818275452,1.5404503345489502,0.00019352401432115585,245.5018310546875,1.2000769856967963e-05,0.00026706885546445847,5.569596396526322e-05,0.21529623866081238,0.27741867303848267,0.006628872361034155,0.5431720018386841,1.5411916971206665,8.0,0.07740746438503265,0.07552146911621094,0.8603929281234741,-1.0111377378052566e-05,-0.003960542846471071,0.15760022401809692,,-0.005740477703511715,-0.0021670889109373093,0.008548954501748085,0.06985501945018768,0.2610222399234772,0.25861626863479614
250,model.layers.7.self_attn.k_proj.weight,512,1024,0.0009765625,0.0010720377322286367,3.0293397903442383,-5.40071414434351e-06,0.18337123095989227,0.0006185210659168661,0.1486971527338028,0.25965064764022827,0.018907852470874786,0.7228249311447144,1.3412749767303467,0.0009914919501170516,111.97241973876953,1.904252712847665e-05,9.65582366916351e-05,8.278551831608638e-05,0.2191254049539566,0.2664856016635895,0.008979933336377144,0.5453948378562927,1.4181231260299683,,,,,,,,,,,,,,
250,model.layers.7.self_attn.v_proj.weight,512,1024,0.0009765625,0.0009017634438350797,2.070216417312622,0.0003587733954191208,0.32115715742111206,0.0005241601029410958,0.1335340440273285,0.24853022396564484,0.004261455032974482,0.7475300431251526,1.4648674726486206,0.0009456476545892656,74.46870422363281,7.744280446786433e-05,9.847218461800367e-05,6.804986333008856e-05,0.23425129055976868,0.25411126017570496,0.008245776407420635,0.5135431289672852,1.4413429498672485,,,,,,,,,,,,,,
250,model.layers.7.self_attn.o_proj.weight,1024,2048,0.00048828125,0.00022304215235635638,2.220139980316162,0.00010899184417212382,0.5353229641914368,3.946040305891074e-05,0.1457420140504837,0.3579612672328949,0.017116418108344078,0.5292434096336365,1.4149823188781738,0.00044646652531810105,132.46603393554688,1.9458509541436797e-06,0.00012125833018217236,5.197692007641308e-05,0.17255930602550507,0.32394909858703613,0.006578791420906782,0.6326795220375061,1.5329171419143677,,,,,,,,,,,,,,
250,model.layers.15.self_attn.q_proj.weight,4096,1024,0.000244140625,0.00013656266673933715,3.410226821899414,-0.0002883083652704954,0.23843704164028168,0.0006768868188373744,0.2148667722940445,0.2349768728017807,0.005217529833316803,0.44473570585250854,1.5457719564437866,0.00017799365741666406,241.3339080810547,4.960528895026073e-05,0.00027221915661357343,4.351226016297005e-05,0.22835449874401093,0.26176556944847107,0.0042603290639817715,0.4893438220024109,1.5433106422424316,8.0,0.07601241767406464,0.0725201740860939,0.8587539792060852,-4.4306759150458674e-07,-0.0020631225779652596,0.1896093785762787,,0.002957169432193041,-0.0023548093158751726,-0.011810499243438244,0.039701852947473526,,
250,model.layers.15.self_attn.k_proj.weight,512,1024,0.0009765625,0.001146649825386703,4.823469161987305,1.1046071449527517e-05,0.208848774433136,0.0006390503258444369,0.25853627920150757,0.23739093542099,0.005573248025029898,0.5385032892227173,1.4416462182998657,0.0008936829981394112,59.13302230834961,1.8961085856972204e-07,0.00010172469046665356,5.460447573568672e-05,0.1900230497121811,0.29955706000328064,0.007119637448340654,0.5879719853401184,1.4606552124023438,,,,,,,,,,,,,,
250,model.layers.15.self_attn.v_proj.weight,512,1024,0.0009765625,0.0009684458491392434,1.7132138013839722,0.0027825937140733004,0.2168091982603073,8.502614946337417e-05,0.19417540729045868,0.25442612171173096,0.004868668969720602,0.6395026445388794,1.4402878284454346,0.0008308111573569477,85.57670593261719,9.33788214751985e-06,8.168313070200384e-05,5.673198393196799e-05,0.23636798560619354,0.2595791220664978,0.007558903656899929,0.5048143863677979,1.437351942062378,,,,,,,,,,,,,0.2740822434425354,0.2621261477470398
250,model.layers.15.self_attn.o_proj.weight,1024,2048,0.00048828125,0.0003406891191843897,1.8881027698516846,0.000958528951741755,0.3733402192592621,2.3281732865143567e-05,0.09312783181667328,0.4408700168132782,0.014332371763885021,0.5710940957069397,1.4265830516815186,0.00042491432395763695,107.03197479248047,2.1339314116630703e-05,0.00010597532673273236,6.891840894240886e-05,0.18503373861312866,0.3132413327693939,0.007540185935795307,0.5940385460853577,1.5129494667053223,,,,,,,,,,,,,,
250,model.layers.19.self_attn.q_proj.weight,4096,1024,0.000244140625,0.0001675845414865762,2.8467652797698975,0.00037987844552844763,0.14670583605766296,0.0006244148244149983,0.22083304822444916,0.23148252069950104,0.009498214349150658,0.42462921142578125,1.5277267694473267,0.0001874913868959993,229.0175018310547,5.914956273045391e-05,0.0002656204451341182,3.4659191442187876e-05,0.22394855320453644,0.2690231204032898,0.0045260959304869175,0.5113542675971985,1.546030879020691,8.0,0.07589735090732574,0.07311412692070007,0.8622835874557495,7.048266752462951e-07,-0.00029343145433813334,0.06900836527347565,,-0.0024260457139462233,-0.00099835020955652,0.00832443032413721,0.08024384826421738,,
250,model.layers.19.self_attn.k_proj.weight,512,1024,0.0009765625,0.0010519983479753137,2.983771800994873,-5.754204266850138e-06,0.15441055595874786,0.00040556801832281053,0.2508614957332611,0.2195587307214737,0.013999763876199722,0.582438588142395,1.3175315856933594,0.0009904243052005768,94.01438903808594,4.0936698496807367e-05,9.765254071680829e-05,7.02973993611522e-05,0.2131965011358261,0.270094096660614,0.007836459204554558,0.5702751278877258,1.4660320281982422,,,,,,,,,,,,,,
250,model.layers.19.self_attn.v_proj.weight,512,1024,0.0009765625,0.0006114140269346535,1.6052454710006714,0.0007164865382947028,0.1137312650680542,0.00033983757020905614,0.12386809289455414,0.2802234888076782,0.0034247480798512697,0.7173769474029541,1.4372291564941406,0.0010002421913668513,69.77465057373047,-4.331708169047488e-06,7.531729352194816e-05,0.00010449733963469043,0.2344171702861786,0.25723975896835327,0.008652061223983765,0.5122727155685425,1.4074195623397827,,,,,,,,,,,,,,
250,model.layers.19.self_attn.o_proj.weight,1024,2048,0.00048828125,0.0004880218184553087,1.4673112630844116,0.00022558540513273329,0.21402324736118317,6.327909795800224e-05,0.06000576540827751,0.5255171656608582,0.006527773104608059,0.6262345314025879,1.4665840864181519,0.0004263212613295764,137.23280334472656,3.5905545701098163e-06,9.064206096809357e-05,7.334980182349682e-05,0.20073749125003815,0.29078003764152527,0.00861138105392456,0.5357913970947266,1.4706392288208008,,,,,,,,,,,,,,
250,model.layers.1.mlp.gate_proj.weight,3584,1024,0.00027901785714285713,0.0002539685810916126,2.811478853225708,-0.00045606071944348514,0.24469991028308868,0.00039516741526313126,0.17283640801906586,0.3162331283092499,0.008224517107009888,0.5394520163536072,1.516720175743103,0.0002639319864101708,268.2533874511719,2.2166741473483853e-05,0.00023255903215613216,7.201965490821749e-05,0.22196675837039948,0.27019524574279785,0.008178376592695713,0.5390892624855042,1.5286797285079956,,,,,,,,,,,,,0.2630084156990051,0.2696923017501831
250,model.layers.1.mlp.up_proj.weight,3584,1024,0.00027901785714285713,0.00019461251213215292,2.6709725856781006,-0.00037343616713769734,0.40215396881103516,0.00015485324547626078,0.16682042181491852,0.31979119777679443,0.009566244669258595,0.5020864605903625,1.5123745203018188,0.00030432219500653446,240.54144287109375,2.9591115890070796e-05,0.0002744081721175462,0.00013243280409369618,0.23103547096252441,0.25890153646469116,0.009516026824712753,0.5085341334342957,1.518292784690857,,,,,,,,,,,,,,
250,model.layers.1.mlp.down_proj.weight,1024,3584,0.00027901785714285713,0.000279022817267105,5.112442970275879,-0.00038409128319472075,0.3903915584087372,0.0016208746237680316,0.19101940095424652,0.2794937789440155,0.016134371981024742,0.5423746705055237,1.4411826133728027,0.0002687073138076812,137.0758819580078,1.1569572052394506e-05,0.00010983110405504704,7.353522232733667e-05,0.21739523112773895,0.2751360833644867,0.008806383237242699,0.5304217338562012,1.4819762706756592,8.0,0.07840948551893234,0.07684315741062164,0.887020468711853,3.3763576539058704e-06,0.001249144785106182,0.5358270406723022,0.0027029353956105795,0.0009965826757252216,0.0004093631578143686,-0.0033773481845855713,0.03717458248138428,,
250,model.layers.12.mlp.gate_proj.weight,3584,1024,0.00027901785714285713,0.0001951033336808905,2.920119285583496,-9.808116010390222e-05,0.2526805102825165,0.00041278405115008354,0.18880954384803772,0.24034501612186432,0.0044036442413926125,0.5656038522720337,1.5328290462493896,0.00021330159506760538,256.1947937011719,2.99284602078842e-05,0.00027295059408061206,5.5285010603256524e-05,0.1932215541601181,0.30184876918792725,0.0061181169003248215,0.590510904788971,1.5303592681884766,,,,,,,,,,,,,,
250,model.layers.12.mlp.up_proj.weight,3584,1024,0.00027901785714285713,0.0002527659817133099,2.754997730255127,-0.00011307862587273121,0.4172920882701874,0.0005244702333584428,0.21103492379188538,0.25216352939605713,0.008615568280220032,0.5289050936698914,1.5136381387710571,0.0002679776807781309,273.2690734863281,4.735312541015446e-05,0.0002917615638580173,0.00010462624777574092,0.2226068377494812,0.2666049897670746,0.009429586119949818,0.5095481872558594,1.518900752067566,,,,,,,,,,,,,,
250,model.layers.12.mlp.down_proj.weight,1024,3584,0.00027901785714285713,0.00026832701405510306,5.4402241706848145,-0.00012417288962751627,0.39684414863586426,0.00011798268678830937,0.20838312804698944,0.28314897418022156,0.019474413245916367,0.5123079419136047,1.4143770933151245,0.0002787955163512379,176.9676971435547,5.017521107220091e-05,0.0001173482378362678,6.756349466741085e-05,0.1908998340368271,0.30276423692703247,0.007845805026590824,0.5857024192810059,1.5168510675430298,8.0,0.0745004341006279,0.07299944013357162,0.885128378868103,1.4589636521122884e-06,-0.004961674101650715,0.7901784181594849,,-0.002280602930113673,-0.0015137642621994019,0.006259641610085964,0.030254608020186424,,
250,model.layers.22.mlp.gate_proj.weight,3584,1024,0.00027901785714285713,0.00022711287601850927,3.1918394565582275,-0.0011119142873212695,0.09120958298444748,0.0004015562008135021,0.1756422221660614,0.2644195258617401,0.005908208899199963,0.5727012753486633,1.5268805027008057,0.0002158432180294767,240.42562866210938,6.355790446832543e-06,0.0002363053645240143,7.041663775453344e-05,0.20604431629180908,0.2860783636569977,0.007719859015196562,0.5703811645507812,1.5310372114181519,,,,,,,,,,,,,0.30314210057258606,0.2964678704738617
250,model.layers.22.mlp.up_proj.weight,3584,1024,0.00027901785714285713,0.00026945045101456344,3.0910139083862305,-0.0008854831685312092,0.21025490760803223,0.0009871277725324035,0.17501714825630188,0.2934204339981079,0.012515886686742306,0.5782545208930969,1.5079864263534546,0.0002519557310733944,220.43206787109375,5.406288619269617e-05,0.0002850665769074112,0.00010200453107245266,0.21724680066108704,0.2732178568840027,0.011778316460549831,0.5383844971656799,1.5070607662200928,,,,,,,,,,,,,,
250,model.layers.22.mlp.down_proj.weight,1024,3584,0.00027901785714285713,0.00038273274549283087,2.6963658332824707,-0.001037599635310471,0.19667017459869385,0.00013294727250467986,0.10517021268606186,0.41506436467170715,0.00640413211658597,0.5797634720802307,1.4736871719360352,0.00024354523338843137,194.38946533203125,4.130507477384526e-06,0.0001129847441916354,9.799293911783025e-05,0.2132215052843094,0.2781396210193634,0.00848626159131527,0.5172276496887207,1.4733232259750366,8.0,0.07499277591705322,0.07221870869398117,0.8374106287956238,3.137746716674883e-06,-0.003175503807142377,0.27027714252471924,,-0.0003959288587793708,-0.002007130766287446,0.01192544400691986,0.1253548264503479,,
250,model.layers.1.linear_attn.in_proj_qkv.weight,6144,1024,0.00016276041666666666,9.338791278423741e-05,2.2657527923583984,-4.368609006633051e-05,0.21568533778190613,0.0013342512538656592,0.18539929389953613,0.2635413706302643,0.012726670131087303,0.5168120265007019,1.5351017713546753,0.00013019421021454036,167.69989013671875,2.279592263221275e-05,0.0002952571085188538,4.13380803365726e-05,0.2178310602903366,0.27431854605674744,0.0045085991732776165,0.5431094765663147,1.5441585779190063,8.0,0.08610668033361435,0.07610926032066345,0.8702276349067688,7.111177637852961e-07,0.0005328975385054946,0.0731586217880249,0.0013344361953324428,0.005206104833632708,0.0015568970702588558,-0.015927353873848915,0.0481983982026577,,
250,model.layers.1.linear_attn.out_proj.weight,1024,2048,0.00048828125,0.002146292245015502,1.3653805255889893,5.7535180530976504e-05,0.4981934726238251,0.0004597296647261828,0.1242414340376854,0.37150904536247253,0.016326451674103737,0.5271878838539124,1.440515398979187,0.0004130991583224386,82.67790985107422,2.1411195120890625e-05,0.0001106843919842504,8.805417019175366e-05,0.198837548494339,0.2969381809234619,0.008032137528061867,0.5597982406616211,1.489923119544983,,,,,,,,,,,,,,
250,model.layers.12.linear_attn.in_proj_qkv.weight,6144,1024,0.00016276041666666666,5.86778623983264e-05,2.033097267150879,-6.037724233465269e-05,0.2793627977371216,0.00032847150578163564,0.1600993573665619,0.247373566031456,0.0028877058066427708,0.594923734664917,1.5519336462020874,0.00011363035446265712,226.66229248046875,1.9122064259136096e-05,0.00033601076574996114,3.6088582419324666e-05,0.19428347051143646,0.3028425872325897,0.004925581160932779,0.5687317848205566,1.5529556274414062,8.0,0.07304906845092773,0.07185160368680954,0.8550028800964355,2.6381735551694874e-06,-0.0004246765747666359,0.09191075712442398,,-0.002492655301466584,-0.0007894781301729381,-0.001781099708750844,0.08834649622440338,,
250,model.layers.12.linear_attn.out_proj.weight,1024,2048,0.00048828125,0.00027340426458977163,2.345529317855835,-0.00023127731401473284,0.34840476512908936,6.817838584538549e-05,0.16159984469413757,0.32559022307395935,0.02743423916399479,0.5038622617721558,1.4249557256698608,0.0003809331392403692,100.75987243652344,4.697671829489991e-05,0.0001335289707640186,5.4275533329928294e-05,0.1799592226743698,0.31877273321151733,0.007040451280772686,0.5988667607307434,1.492734432220459,,,,,,,,,,,,,,
250,model.layers.21.linear_attn.in_proj_qkv.weight,6144,1024,0.00016276041666666666,9.644828242016956e-05,3.5461254119873047,-0.00034913537092506886,0.06306808441877365,0.0008778845076449215,0.1849820464849472,0.2524425983428955,0.0067368000745773315,0.5593586564064026,1.5416157245635986,0.00010674178338376805,201.1808624267578,1.2946762581123039e-05,0.00032144036958925426,5.001128010917455e-05,0.19916629791259766,0.2933889627456665,0.005937620531767607,0.5901620388031006,1.552359938621521,8.0,0.08034466207027435,0.0686890259385109,0.8635311126708984,3.191992732354265e-07,3.05704161291942e-05,0.010026532225310802,0.010441443514751405,0.004105119034647942,0.0004147682629991323,0.0033349019940942526,0.051850754767656326,,
250,model.layers.21.linear_attn.out_proj.weight,1024,2048,0.00048828125,0.00042786478297784925,2.953181028366089,0.00023072304611559957,0.11987478286027908,0.00012188634718768299,0.13842973113059998,0.3772934377193451,0.007113546133041382,0.5732208490371704,1.47494637966156,0.0003990167460869998,145.67799377441406,3.668868885142729e-05,0.00012568937381729484,4.37259441241622e-05,0.19698843359947205,0.30051079392433167,0.008757536299526691,0.520144522190094,1.4742488861083984,,,,,,,,,,,,,,
275,model.layers.7.self_attn.q_proj.weight,4096,1024,0.000244140625,0.00013303919695317745,3.2468159198760986,-0.0003337797534186393,0.25100937485694885,0.001070034340955317,0.17845289409160614,0.2603210508823395,0.009360017254948616,0.5440073609352112,1.5358473062515259,0.00015473821258638054,219.19906616210938,4.510506187216379e-05,0.0002643904881551862,5.352843436412513e-05,0.2162073403596878,0.2781371772289276,0.006462753284722567,0.5395710468292236,1.5400493144989014,8.0,0.07725485414266586,0.07567425072193146,0.8876965641975403,2.5187628125422634e-06,-0.0008240864844992757,0.17774814367294312,,-0.0022568432614207268,-0.00246107648126781,-0.0045993574894964695,0.0540490597486496,0.2773359715938568,0.2839925289154053
275,model.layers.7.self_attn.k_proj.weight,512,1024,0.0009765625,0.0010316625703126192,5.238917827606201,1.5086751545823063e-06,0.17320962250232697,0.0005798623315058649,0.16752871870994568,0.2549758553504944,0.020421301946043968,0.6840007901191711,1.332566261291504,0.0009609156986698508,90.34415435791016,-1.2363481801003218e-05,9.637765469960868e-05,7.116788037819788e-05,0.21807870268821716,0.2659945487976074,0.008907812647521496,0.5456010103225708,1.4043447971343994,,,,,,,,,,,,,,
275,model.layers.7.self_attn.v_proj.weight,512,1024,0.0009765625,0.0008601401350460947,1.9878551959991455,-0.002177310874685645,0.3312678039073944,0.00047682953299954534,0.1362399309873581,0.25438055396080017,0.0033746599219739437,0.7311155200004578,1.4628251791000366,0.0008650250965729356,71.8599853515625,2.9405086024780758e-05,0.00010034046863438562,8.991748472908512e-05,0.2337169051170349,0.2521257698535919,0.008374655619263649,0.5101177096366882,1.458556890487671,,,,,,,,,,,,,,
275,model.layers.7.self_attn.o_proj.weight,1024,2048,0.00048828125,0.00019581455853767693,2.020699977874756,-0.000675475865136832,0.5644993782043457,3.1969728297553957e-05,0.14619649946689606,0.35482892394065857,0.01563357561826706,0.5237115621566772,1.4279381036758423,0.0004561190726235509,136.28269958496094,2.1369149180827662e-05,0.00012140403123339638,5.0449474656488746e-05,0.17068637907505035,0.3219265043735504,0.006369892042130232,0.6387520432472229,1.5313608646392822,,,,,,,,,,,,,,
275,model.layers.15.self_attn.q_proj.weight,4096,1024,0.000244140625,0.00014031739556230605,3.0561835765838623,0.0002695071743801236,0.22746333479881287,0.0006644615205004811,0.2163693755865097,0.22793787717819214,0.005216097924858332,0.43708983063697815,1.5418341159820557,0.0001862372737377882,235.25218200683594,2.995312024722807e-05,0.00027307140408083797,4.012792487628758e-05,0.22881780564785004,0.2604195475578308,0.004562905058264732,0.48909297585487366,1.5442755222320557,8.0,0.06668294221162796,0.07028918713331223,0.8895025253295898,1.6522112673555966e-06,-0.0013408726081252098,0.18185287714004517,,6.797028618166223e-05,-0.002848378149792552,0.011294797994196415,0.06150458753108978,,
275,model.layers.15.self_attn.k_proj.weight,512,1024,0.0009765625,0.0009484229958616197,3.9807791709899902,-2.510349986550864e-06,0.19571653008460999,6.652859156019986e-05,0.24216939508914948,0.240492582321167,0.003561123739928007,0.5586318969726562,1.4598731994628906,0.0008639403386041522,77.67195892333984,6.514578853966668e-05,0.00010179602395510301,7.204190478660166e-05,0.19343730807304382,0.3038342297077179,0.007798808626830578,0.5854104161262512,1.4490646123886108,,,,,,,,,,,,,,
275,model.layers.15.self_attn.v_proj.weight,512,1024,0.0009765625,0.0008697526645846665,1.688141107559204,-0.002820028457790613,0.21224704384803772,0.00011020945385098457,0.19116324186325073,0.2543087303638458,0.004212125204503536,0.6471544504165649,1.4509888887405396,0.0009385141893289983,97.69148254394531,-4.509227073867805e-05,8.333665027748793e-05,5.782193329650909e-05,0.23338639736175537,0.258880615234375,0.007236083038151264,0.5080137252807617,1.4295903444290161,,,,,,,,,,,,,0.2723895311355591,0.27657878398895264
275,model.layers.15.self_attn.o_proj.weight,1024,2048,0.00048828125,0.00035391078563407063,1.732357144355774,-0.0010166835272684693,0.3514270782470703,2.4167595256585628e-05,0.08939701318740845,0.4453316032886505,0.008290362544357777,0.5648500919342041,1.4489984512329102,0.0004285563773009926,76.8603286743164,3.1934316211845726e-05,0.00010594540071906522,7.160909444792196e-05,0.18278297781944275,0.3192031979560852,0.007574774324893951,0.5941835045814514,1.5079435110092163,,,,,,,,,,,,,,
275,model.layers.19.self_attn.q_proj.weight,4096,1024,0.000244140625,0.00016667565796524286,3.149376630783081,-0.0005238493904471397,0.11979798227548599,0.00032070570159703493,0.22362634539604187,0.22985835373401642,0.006542417220771313,0.4228082597255707,1.5293474197387695,0.00017395055328961462,245.79725646972656,3.148875475744717e-05,0.00026575461379252374,4.025777889182791e-05,0.22269493341445923,0.26995956897735596,0.004676501732319593,0.5114800930023193,1.5452874898910522,8.0,0.05885954201221466,0.0617978572845459,0.8873274922370911,-2.945441508472868e-07,-0.0014016460627317429,0.06435947865247726,,-0.010125908069312572,-0.004783391021192074,0.012760010547935963,0.0659545361995697,,
275,model.layers.19.self_attn.k_proj.weight,512,1024,0.0009765625,0.0010346114868298173,3.814749002456665,-8.28110751172062e-06,0.11236081272363663,0.000654146890155971,0.2710767686367035,0.2094893902540207,0.013086186721920967,0.5375438332557678,1.3709745407104492,0.0011078414972871542,80.05123901367188,8.028304000617936e-05,9.80320546659641e-05,7.905000529717654e-05,0.2192549854516983,0.26661404967308044,0.008203968405723572,0.5660771727561951,1.4677940607070923,,,,,,,,,,,,,,
275,model.layers.19.self_attn.v_proj.weight,512,1024,0.0009765625,0.0007312726229429245,1.613336443901062,0.0019095907919108868,0.0979839339852333,0.0016619188245385885,0.13738493621349335,0.2696656286716461,0.00827929750084877,0.6828168034553528,1.4065096378326416,0.0007858808967284858,58.878841400146484,3.030896550626494e-06,7.741569424979389e-05,0.0001286993210669607,0.23369759321212769,0.2557918131351471,0.009134824387729168,0.5149936079978943,1.4441150426864624,,,,,,,,,,,,,,
275,model.layers.19.self_attn.o_proj.weight,1024,2048,0.00048828125,0.0004128571308683604,1.4303091764450073,0.000576674472540617,0.1945737898349762,5.5903768952703103e-05,0.05764288082718849,0.5135128498077393,0.009267257526516914,0.6137404441833496,1.4605180025100708,0.00046261108946055174,120.76887512207031,1.0650727745087352e-05,9.18628356885165e-05,9.243662498192862e-05,0.19962121546268463,0.2939033508300781,0.008715971373021603,0.5370726585388184,1.4770450592041016,,,,,,,,,,,,,,
275,model.layers.1.mlp.gate_proj.weight,3584,1024,0.00027901785714285713,0.00024938996648415923,2.5762407779693604,4.276872277841903e-05,0.28372564911842346,0.0003140392364002764,0.17933344841003418,0.3034001290798187,0.007485588546842337,0.5209310054779053,1.5174648761749268,0.0002673607086762786,249.14935302734375,2.7970665541943163e-05,0.00023299921303987503,7.24658602848649e-05,0.22177647054195404,0.2693939208984375,0.007905350998044014,0.5366314649581909,1.5281755924224854,,,,,,,,,,,,,0.3123275637626648,0.3028724193572998
275,model.layers.1.mlp.up_proj.weight,3584,1024,0.00027901785714285713,0.00030818351660855114,2.517030715942383,-0.00040797164547257125,0.4557132422924042,0.00015548369265161455,0.1669398844242096,0.3237554728984833,0.009333252906799316,0.5104790925979614,1.5113366842269897,0.00030671083368360996,189.26222229003906,8.390451694140211e-05,0.00027674573357217014,7.672036008443683e-05,0.2309204488992691,0.2602749466896057,0.009838569909334183,0.5099944472312927,1.5155916213989258,,,,,,,,,,,,,,
275,model.layers.1.mlp.down_proj.weight,1024,3584,0.00027901785714285713,0.000283534376649186,4.438658714294434,-0.00041351414984092116,0.4475705921649933,0.0017043475527316332,0.18936949968338013,0.27724921703338623,0.016504952684044838,0.5376152396202087,1.4401922225952148,0.0002830935991369188,182.05506896972656,2.4131777536240406e-05,0.00011035377974621952,9.092254185816273e-05,0.2148919552564621,0.2778056561946869,0.008639122359454632,0.5355479121208191,1.4755325317382812,8.0,0.07097499072551727,0.07443753629922867,0.9083107113838196,-4.6137720346450806e-05,-0.037948332726955414,0.8851919174194336,,-0.00951519887894392,-0.011168042197823524,0.007024815771728754,0.043046411126852036,,
275,model.layers.12.mlp.gate_proj.weight,3584,1024,0.00027901785714285713,0.00019382276514079422,2.544459581375122,-0.0004322900786064565,0.2811377942562103,0.0014471299946308136,0.1898306906223297,0.23493796586990356,0.008103876374661922,0.567450761795044,1.525368094444275,0.0002107313193846494,267.5757141113281,1.1265077773714438e-05,0.0002773600572254509,7.188628660514951e-05,0.19341903924942017,0.30163922905921936,0.00620183115825057,0.5918680429458618,1.530937671661377,,,,,,,,,,,,,,
275,model.layers.12.mlp.up_proj.weight,3584,1024,0.00027901785714285713,0.0002684013161342591,2.0744712352752686,-5.0138791266363114e-05,0.49046602845191956,0.0006230594590306282,0.21010583639144897,0.24333739280700684,0.007989877834916115,0.5357722640037537,1.5171602964401245,0.0002510464983060956,250.55592346191406,6.405317253665999e-05,0.0002957402903120965,7.967886631377041e-05,0.22170697152614594,0.2679525911808014,0.009549226611852646,0.5104926824569702,1.5180189609527588,,,,,,,,,,,,,,
275,model.layers.12.mlp.down_proj.weight,1024,3584,0.00027901785714285713,0.0002770528953988105,4.206738471984863,-6.160591874504462e-05,0.43199023604393005,0.00014963018475100398,0.21858806908130646,0.2670641541481018,0.022388268262147903,0.487125962972641,1.4260061979293823,0.0002855699567589909,192.2368927001953,3.058681249967776e-05,0.00011879792873514816,5.891848195460625e-05,0.19201289117336273,0.301222562789917,0.007807988673448563,0.5837423801422119,1.5100315809249878,8.0,0.06700694561004639,0.0651240423321724,0.9090656042098999,-1.7448663129471242e-05,-0.025414973497390747,0.9079300165176392,,-0.003123330883681774,-0.005612589418888092,0.004598034080117941,0.04608245566487312,,
275,model.layers.22.mlp.gate_proj.weight,3584,1024,0.00027901785714285713,0.000246422307100147,3.1498630046844482,-0.0027390732429921627,0.07696155458688736,0.0013686446473002434,0.18101386725902557,0.25575727224349976,0.008911583572626114,0.5527040362358093,1.522019386291504,0.00019933954172302037,229.69554138183594,2.307871363882441e-05,0.00023636818514205515,9.928630606736988e-05,0.20805411040782928,0.2844889760017395,0.007748508360236883,0.5666478872299194,1.5286813974380493,,,,,,,,,,,,,0.2943142056465149,0.30846312642097473
275,model.layers.22.mlp.up_proj.weight,3584,1024,0.00027901785714285713,0.0002492311759851873,3.0274274349212646,-0.001816258649341762,0.16909366846084595,0.0006484233308583498,0.17195875942707062,0.29855841398239136,0.010062256827950478,0.5854781270027161,1.510551929473877,0.00025491919950582087,210.95492553710938,5.309377593221143e-05,0.00028429515077732503,0.00010767808271339163,0.2175752818584442,0.27405738830566406,0.01147411298006773,0.5406119227409363,1.5056511163711548,,,,,,,,,,,,,,
275,model.layers.22.mlp.down_proj.weight,1024,3584,0.00027901785714285713,0.00035602692514657974,2.948549747467041,-0.002045496366918087,0.1639775037765503,0.00021841436682734638,0.11285745352506638,0.40910083055496216,0.008441475220024586,0.5764573216438293,1.461316466331482,0.00024606214719824493,148.9178466796875,9.123024028667714e-06,0.00011479546810733154,0.0001072898376150988,0.21211178600788116,0.28040948510169983,0.008405552245676517,0.5157190561294556,1.4773551225662231,8.0,0.056335777044296265,0.06194917857646942,0.8702044486999512,-1.4908568118698895e-05,-0.009451651014387608,0.2957229018211365,,-0.013251695781946182,-0.006855879444628954,0.0006259913207031786,0.11183271557092667,,
275,model.layers.1.linear_attn.in_proj_qkv.weight,6144,1024,0.00016276041666666666,9.830998897086829e-05,2.322486400604248,0.00016490869165863842,0.23820742964744568,0.0006117537268437445,0.19972266256809235,0.2460152804851532,0.008907616138458252,0.49387192726135254,1.5316795110702515,0.00012515716662164778,144.3498992919922,2.8902364647365175e-05,0.00029213595553301275,4.1673669329611585e-05,0.2197447270154953,0.27450984716415405,0.004835296422243118,0.5426082611083984,1.5440187454223633,8.0,0.0752272829413414,0.08346481621265411,0.8892919421195984,-1.990518285310827e-06,-0.004260373767465353,0.12048669159412384,,-0.0175777580589056,-0.009005139581859112,-0.002353588119149208,0.07836080342531204,,
275,model.layers.1.linear_attn.out_proj.weight,1024,2048,0.00048828125,0.00041524009429849684,1.3659985065460205,6.459140422521159e-05,0.5545063018798828,0.0005723959766328335,0.1293424516916275,0.36586907505989075,0.018351096659898758,0.5231340527534485,1.4461015462875366,0.00042427482549101114,88.75353240966797,4.9016980483429506e-05,0.00010831258987309411,8.524276927346364e-05,0.19741512835025787,0.2975481152534485,0.007693760097026825,0.5644642114639282,1.489343523979187,,,,,,,,,,,,,,
275,model.layers.12.linear_attn.in_proj_qkv.weight,6144,1024,0.00016276041666666666,5.1562652515713125e-05,1.7095487117767334,0.0001700218126643449,0.2897379696369171,0.00018401231500320137,0.15650002658367157,0.24873600900173187,0.002014967380091548,0.610543429851532,1.552276849746704,0.00011465893476270139,211.47109985351562,3.8689457142027095e-05,0.0003388065961189568,5.127228359924629e-05,0.19235004484653473,0.3038778305053711,0.005122734699398279,0.5698436498641968,1.54904305934906,8.0,0.06956106424331665,0.06297037750482559,0.8750591278076172,-2.30230489250971e-06,-0.0022816890850663185,0.09782543778419495,,-0.004783415701240301,-0.005577950272709131,0.01578088290989399,0.09892132133245468,,
275,model.layers.12.linear_attn.out_proj.weight,1024,2048,0.00048828125,0.000269375741481781,2.0717110633850098,0.0006257680943235755,0.3716574013233185,6.836672400822863e-05,0.16058500111103058,0.33159318566322327,0.025283003225922585,0.5089155435562134,1.4259783029556274,0.0004052097210660577,100.5313720703125,3.1544484954793006e-05,0.00013390864478424191,7.076857582433149e-05,0.18081559240818024,0.31915467977523804,0.007312142290174961,0.5939605236053467,1.494288444519043,,,,,,,,,,,,,,
275,model.layers.21.linear_attn.in_proj_qkv.weight,6144,1024,0.00016276041666666666,0.00012921119923703372,3.473280906677246,0.00024587297230027616,0.0659504383802414,0.0006656296900473535,0.19105403125286102,0.2408924698829651,0.005151967518031597,0.5630108714103699,1.5437750816345215,0.00010921945795416832,209.1243438720703,1.422622699465137e-05,0.00031833924003876746,4.654889562516473e-05,0.1998404860496521,0.29262402653694153,0.006327425129711628,0.5882338285446167,1.5517596006393433,8.0,0.04935552924871445,0.052730027586221695,0.8911668658256531,-4.887246518592292e-07,-0.0007329800864681602,0.012189943343400955,,-0.012396820820868015,-0.016148969531059265,0.013356804847717285,0.09186843037605286,,
275,model.layers.21.linear_attn.out_proj.weight,1024,2048,0.00048828125,0.0003383523435331881,2.882035732269287,0.0016966291004791856,0.10788136720657349,0.00015408926992677152,0.1578861027956009,0.34413737058639526,0.011320524848997593,0.5276920199394226,1.4480558633804321,0.0003782006970141083,150.20457458496094,4.1416456951992586e-05,0.0001250367786269635,3.2457079214509577e-05,0.19697172939777374,0.3010486662387848,0.008460061624646187,0.5185040831565857,1.4674440622329712,,,,,,,,,,,,,,
300,model.layers.7.self_attn.q_proj.weight,4096,1024,0.000244140625,0.00010626141738612205,2.5319974422454834,0.0007419707253575325,0.3928014636039734,0.000607803522143513,0.17823299765586853,0.25993895530700684,0.007565900683403015,0.5264371633529663,1.5353620052337646,0.00017752297571860254,244.9052734375,4.4371750846039504e-05,0.000264774018432945,6.89320731908083e-05,0.21667471528053284,0.27808043360710144,0.006413373164832592,0.539634644985199,1.5403388738632202,8.0,0.06285707652568817,0.06313692033290863,0.8847668766975403,1.920709564728895e-06,0.0023261383175849915,0.2307923436164856,0.0008257073752703518,0.0027547329664230347,0.0015861925203353167,0.012142648920416832,0.06860976666212082,0.264015257358551,0.25324296951293945
300,model.layers.7.self_attn.k_proj.weight,512,1024,0.0009765625,0.0010463435901328921,4.005119323730469,-7.1191789174918085e-06,0.2936357259750366,0.0015174943255260587,0.14909939467906952,0.2586989104747772,0.030216483399271965,0.6989787817001343,1.3384228944778442,0.0009156069136224687,116.94518280029297,4.029764750157483e-05,9.499124280409887e-05,0.00010491890861885622,0.21644456684589386,0.26683804392814636,0.008322198875248432,0.551203191280365,1.4489048719406128,,,,,,,,,,,,,,
300,model.layers.7.self_attn.v_proj.weight,512,1024,0.0009765625,0.0008626356138847768,1.6465963125228882,-0.0015011386713013053,0.5894733667373657,0.0005581479636020958,0.11887205392122269,0.27165865898132324,0.003908300306648016,0.7690887451171875,1.4679034948349,0.0007745477487333119,85.8410873413086,1.773322219378315e-05,0.00010028401447925717,0.00010947625560220331,0.23168261349201202,0.2552699148654938,0.008807721547782421,0.5191742181777954,1.4170113801956177,,,,,,,,,,,,,,
300,model.layers.7.self_attn.o_proj.weight,1024,2048,0.00048828125,0.00021473858214449137,1.9763702154159546,-0.0005484094726853073,0.8582422733306885,6.806664168834686e-05,0.14569491147994995,0.35807734727859497,0.021453505381941795,0.5284748673439026,1.409505009651184,0.00043818732956424356,137.79872131347656,4.17454430134967e-05,0.00012164363579358906,4.6482993639074266e-05,0.1696818321943283,0.3258390426635742,0.006401579361408949,0.6397479772567749,1.5302332639694214,,,,,,,,,,,,,,
300,model.layers.15.self_attn.q_proj.weight,4096,1024,0.000244140625,0.0001328917860519141,2.903003215789795,-0.00030043383594602346,0.3747757077217102,0.000415414193412289,0.22633224725723267,0.2210509032011032,0.003869385691359639,0.4358977973461151,1.5473378896713257,0.00018199693295173347,244.8644256591797,3.77238575310912e-05,0.0002704368671402335,4.8873091145651415e-05,0.2284569889307022,0.26053252816200256,0.004310052841901779,0.4866423010826111,1.5449026823043823,8.0,0.06310535222291946,0.0637778788805008,0.8918691873550415,1.0012150823968113e-06,0.003314070403575897,0.22692584991455078,0.0003021103840511341,0.00021345238201320171,0.0014739319449290633,0.004047372844070196,0.052340202033519745,,
300,model.layers.15.self_attn.k_proj.weight,512,1024,0.0009765625,0.0009665502584539354,3.7379772663116455,5.013419922761386e-06,0.32616186141967773,0.0003591747081372887,0.25305259227752686,0.2310577929019928,0.005199179518967867,0.5480343103408813,1.4473085403442383,0.0007643417920917273,56.18253707885742,4.536179039860144e-05,0.00010145852866116911,5.644965494866483e-05,0.19062910974025726,0.30513501167297363,0.007270079106092453,0.5891003608703613,1.4673386812210083,,,,,,,,,,,,,,
300,model.layers.15.self_attn.v_proj.weight,512,1024,0.0009765625,0.0007744083413854241,1.6105114221572876,-0.0013659214600920677,0.34069323539733887,8.938886458054185e-05,0.16660566627979279,0.27166613936424255,0.00481838034465909,0.6939864158630371,1.444462537765503,0.0009052978130057454,90.50271606445312,4.906962658424163e-06,8.229270315496251e-05,6.115231371950358e-05,0.2217722237110138,0.26755350828170776,0.0074914381839334965,0.5163925290107727,1.426914930343628,,,,,,,,,,,,,0.24547478556632996,0.2788121998310089
300,model.layers.15.self_attn.o_proj.weight,1024,2048,0.00048828125,0.0003879743453580886,1.6592897176742554,-0.0004950555739924312,0.5667178630828857,3.0359158699866384e-05,0.0883052870631218,0.4485512971878052,0.02385075017809868,0.5679837465286255,1.423768401145935,0.0003814451047219336,91.22782897949219,2.526018397475127e-05,0.00010460789781063795,6.711386959068477e-05,0.18398737907409668,0.315192312002182,0.007758124731481075,0.5930051803588867,1.5155686140060425,,,,,,,,,,,,,,
300,model.layers.19.self_attn.q_proj.weight,4096,1024,0.000244140625,0.00016141119704116136,3.582150459289551,-9.126756776822731e-05,0.20282398164272308,0.00023672317911405116,0.2377881109714508,0.21678459644317627,0.006467487197369337,0.4080134928226471,1.5301817655563354,0.00018076496780849993,241.29025268554688,7.248629572131904e-06,0.0002632722316775471,3.857348201563582e-05,0.2225807011127472,0.2698507606983185,0.004621603526175022,0.5112483501434326,1.5447534322738647,8.0,0.051948145031929016,0.05975566431879997,0.8739011287689209,-5.524740345208556e-07,0.0002521344576962292,0.09225420653820038,-0.0021911881444878693,-0.001964360475540161,-8.953176438808441e-05,0.0014179416466504335,0.06243390962481499,,
300,model.layers.19.self_attn.k_proj.weight,512,1024,0.0009765625,0.0011379936477169394,3.526015043258667,-6.1760388234688435e-06,0.20852456986904144,0.0007310694782063365,0.2526314854621887,0.2201465368270874,0.013344324193894863,0.5590788125991821,1.3541325330734253,0.0009623795049265027,98.02680969238281,-3.3658707252470776e-06,9.862626757239923e-05,4.43611825176049e-05,0.21855375170707703,0.2674783170223236,0.007546642795205116,0.5652744174003601,1.4520857334136963,,,,,,,,,,,,,,
300,model.layers.19.self_attn.v_proj.weight,512,1024,0.0009765625,0.0007057262700982392,1.4805463552474976,0.0005365179968066514,0.16329443454742432,0.0001756469573592767,0.13488084077835083,0.26115816831588745,0.0031243141274899244,0.7015559077262878,1.4275213479995728,0.0008850982994772494,62.12776184082031,3.9788024878362194e-05,7.764482143102214e-05,8.651310054119676e-05,0.23228859901428223,0.2612503468990326,0.009362873621284962,0.5171677470207214,1.4093711376190186,,,,,,,,,,,,,,
300,model.layers.19.self_attn.o_proj.weight,1024,2048,0.00048828125,0.00038740108720958233,1.4173994064331055,0.00017186751938425004,0.3061332702636719,6.035066326148808e-05,0.0652308315038681,0.4856715500354767,0.009701407514512539,0.5911064743995667,1.4475425481796265,0.00040317606180906296,133.02720642089844,4.5116767068975605e-06,8.979942504083738e-05,7.425250805681571e-05,0.19817271828651428,0.29430824518203735,0.00873035378754139,0.5393635034561157,1.4720604419708252,,,,,,,,,,,,,,
300,model.layers.1.mlp.gate_proj.weight,3584,1024,0.00027901785714285713,0.00028637790819630027,3.0601980686187744,0.0006780623225495219,0.4058798849582672,0.0003999268519692123,0.18413804471492767,0.2996637523174286,0.008172311820089817,0.5316298007965088,1.5143612623214722,0.00023933655756991357,247.20925903320312,4.571300814859569e-05,0.00023116842203307897,7.282805017894134e-05,0.22157184779644012,0.2694585919380188,0.008151698857545853,0.5383610725402832,1.528486728668213,,,,,,,,,,,,,0.28450533747673035,0.2867027521133423
300,model.layers.1.mlp.up_proj.weight,3584,1024,0.00027901785714285713,0.0002374726318521425,2.7858316898345947,0.0004946786793880165,0.6720829010009766,0.0001573752670083195,0.1701924055814743,0.3111076354980469,0.00911127682775259,0.4968560039997101,1.5077863931655884,0.0002887113078031689,243.79104614257812,7.332866516662762e-05,0.00027588423108682036,9.499396401224658e-05,0.22967368364334106,0.2609342932701111,0.009816118516027927,0.5100375413894653,1.5160293579101562,,,,,,,,,,,,,,
300,model.layers.1.mlp.down_proj.weight,1024,3584,0.00027901785714285713,0.00034309286274947226,4.674894332885742,0.000499551126267761,0.6637682318687439,0.0019412762485444546,0.1957671195268631,0.27254170179367065,0.018035585060715675,0.5279520750045776,1.4207431077957153,0.0002709254331421107,154.03106689453125,2.1929432477918454e-05,0.00011156418622704223,0.00010126357665285468,0.21784183382987976,0.2746104300022125,0.008742914535105228,0.5301551222801208,1.4896833896636963,8.0,0.07275847345590591,0.0712536945939064,0.897259533405304,7.150511373765767e-05,0.04000158980488777,1.2499744892120361,0.0017875567967781244,0.007557484786957502,0.006911882199347019,0.009584757499396801,0.045613911002874374,,
300,model.layers.12.mlp.gate_proj.weight,3584,1024,0.00027901785714285713,0.00021942582679912448,2.646684408187866,-0.001219205092638731,0.4171016216278076,0.0012953630648553371,0.17715002596378326,0.247914120554924,0.007350511383265257,0.5897278785705566,1.5275110006332397,0.00021098711295053363,277.6346130371094,5.5087177315726876e-05,0.0002769005368463695,6.844424206065014e-05,0.1934109330177307,0.30278027057647705,0.006026898510754108,0.5908915996551514,1.5357413291931152,,,,,,,,,,,,,,
300,model.layers.12.mlp.up_proj.weight,3584,1024,0.00027901785714285713,0.00026466621784493327,2.796677827835083,-0.0011537595419213176,0.6365695595741272,0.00045990344369784,0.21728000044822693,0.2480672299861908,0.007836989127099514,0.5093827843666077,1.5144225358963013,0.00026101485127583146,237.09228515625,3.970992474933155e-05,0.00029580056434497237,0.00010846313671208918,0.22134824097156525,0.26892736554145813,0.009357724338769913,0.5127494931221008,1.5248621702194214,,,,,,,,,,,,,,
300,model.layers.12.mlp.down_proj.weight,1024,3584,0.00027901785714285713,0.0002720941265579313,5.136570453643799,-0.0012104762718081474,0.628674328327179,0.00015803614223841578,0.21031084656715393,0.27772000432014465,0.02217714488506317,0.5077748894691467,1.3984098434448242,0.0002535947714932263,178.9884490966797,2.7155232601216994e-05,0.00011897852527908981,7.946558616822585e-05,0.1936436891555786,0.2992148995399475,0.007526352070271969,0.5802428722381592,1.5109786987304688,8.0,0.06289830803871155,0.06331692636013031,0.911790132522583,7.907186954980716e-06,0.012310244143009186,1.1251718997955322,0.0006423257624399834,0.002684804145246744,0.00154073943849653,0.0005043325363658369,0.035582609474658966,,
300,model.layers.22.mlp.gate_proj.weight,3584,1024,0.00027901785714285713,0.0002670398389454931,2.6908013820648193,0.0019622102845460176,0.12609675526618958,0.0009014523820951581,0.1851900815963745,0.2436835765838623,0.0069304038770496845,0.5166375637054443,1.5217961072921753,0.0002205108175985515,243.09494018554688,2.7498212148202583e-05,0.00023539079120382667,6.584871880477294e-05,0.20778290927410126,0.28284305334091187,0.008047404699027538,0.5681053996086121,1.5266352891921997,,,,,,,,,,,,,0.29498291015625,0.2898465692996979
300,model.layers.22.mlp.up_proj.weight,3584,1024,0.00027901785714285713,0.0002515523519832641,3.0260140895843506,0.001329261576756835,0.27991169691085815,0.0009548710659146309,0.16407600045204163,0.3101195693016052,0.012909509241580963,0.5872767567634583,1.5115015506744385,0.0002373107272433117,219.0490264892578,5.610226435237564e-05,0.0002821587258949876,8.67957278387621e-05,0.2181001901626587,0.2724183201789856,0.011622236110270023,0.5400063991546631,1.5144085884094238,,,,,,,,,,,,,,
300,model.layers.22.mlp.down_proj.weight,1024,3584,0.00027901785714285713,0.000360763689968735,2.485344886779785,0.0015199945773929358,0.26830872893333435,0.00038092900649644434,0.09675208479166031,0.4342067241668701,0.011435984633862972,0.5928136110305786,1.465105652809143,0.0002636861172504723,229.3184814453125,1.0422734703752212e-05,0.00011413219181122258,8.719511242816225e-05,0.21131229400634766,0.28122344613075256,0.008451530709862709,0.5170931816101074,1.4716323614120483,8.0,0.07336647063493729,0.06455161422491074,0.8659657835960388,1.139485539169982e-05,0.0004417380259837955,0.2381267249584198,0.025795504850012217,0.006842714734375477,-0.000645084714051336,0.0018542727921158075,0.12648160755634308,,
300,model.layers.1.linear_attn.in_proj_qkv.weight,6144,1024,0.00016276041666666666,0.00011210863885935396,2.7377617359161377,-0.0001511973823653534,0.34736382961273193,0.0003776186204049736,0.19080257415771484,0.26335978507995605,0.006001473870128393,0.5218105316162109,1.538706660270691,0.00013900261546950787,144.59524536132812,1.5373081623692997e-05,0.0002894226345233619,5.0589791499078274e-05,0.21834780275821686,0.27453333139419556,0.0048440974205732346,0.5433118343353271,1.5429764986038208,8.0,0.08440376818180084,0.07772369682788849,0.8810167908668518,4.1453945414104965e-06,0.004590420052409172,0.15707477927207947,0.0009030534230162413,0.011921914294362068,0.007804255932569504,-0.008160050958395004,0.0406259223818779,,
300,model.layers.1.linear_attn.out_proj.weight,1024,2048,0.00048828125,0.0008546317694708705,1.37089204788208,0.0002524706069380045,0.8106067180633545,0.0005184905603528023,0.12785044312477112,0.3570089340209961,0.01794506050646305,0.5131289958953857,1.4399945735931396,0.00039814013871364295,68.79586029052734,3.5940378438681364e-05,0.00010847982775885612,8.437035285169259e-05,0.1943156123161316,0.30197545886039734,0.007685705088078976,0.565039336681366,1.4869414567947388,,,,,,,,,,,,,,
300,model.layers.12.linear_attn.in_proj_qkv.weight,6144,1024,0.00016276041666666666,6.255436892388389e-05,2.170752763748169,-0.00011049528256990016,0.40253981947898865,0.0005263752536848187,0.15431509912014008,0.2523250877857208,0.003145767841488123,0.6076242923736572,1.5514843463897705,0.00010977366764564067,215.92752075195312,4.2089945054613054e-05,0.0003362211864441633,4.685150634031743e-05,0.19334548711776733,0.3024928569793701,0.005119846202433109,0.5675746202468872,1.5479155778884888,8.0,0.07049719244241714,0.07513590157032013,0.8814417719841003,5.589173269981984e-06,0.007874085567891598,0.1267085075378418,0.0007098187112384362,0.005391261540353298,0.011010580696165562,0.007527173962444067,0.12165849655866623,,
300,model.layers.12.linear_attn.out_proj.weight,1024,2048,0.00048828125,0.000301628460874781,2.201202630996704,8.07577816885896e-05,0.5576473474502563,4.109551082365215e-05,0.16339336335659027,0.32785236835479736,0.01433468982577324,0.5014678835868835,1.4195789098739624,0.0003985981165897101,91.8342514038086,2.9847964469809085e-05,0.0001330180821241811,6.006176408845931e-05,0.17917421460151672,0.32097911834716797,0.007051205262541771,0.6002841591835022,1.4980485439300537,,,,,,,,,,,,,,
300,model.layers.21.linear_attn.in_proj_qkv.weight,6144,1024,0.00016276041666666666,9.898314601741731e-05,2.807363271713257,0.00022792354866396636,0.10230814665555954,0.002313595963642001,0.19142472743988037,0.23215624690055847,0.011088922619819641,0.5509088039398193,1.5385167598724365,0.00011443263792898506,137.73538208007812,1.7520933397463523e-05,0.00031844014301896095,5.463194611365907e-05,0.20077452063560486,0.2912825345993042,0.006203646305948496,0.586799144744873,1.5509824752807617,8.0,0.057254254817962646,0.06314126402139664,0.8978718519210815,5.8281621306832676e-08,-0.00010585058043943718,0.010133136063814163,,-0.0016143149696290493,-0.0016585409175604582,0.0029113017953932285,0.05158020928502083,,
300,model.layers.21.linear_attn.out_proj.weight,1024,2048,0.00048828125,0.00044182586134411395,2.90158748626709,-0.0009293098701164126,0.17338654398918152,0.000153733606566675,0.14626769721508026,0.3655344247817993,0.006965807639062405,0.569254994392395,1.4843205213546753,0.00036908197216689587,138.94834899902344,2.203340409323573e-05,0.0001242179423570633,4.079186328453943e-05,0.19652773439884186,0.30066123604774475,0.00883686076849699,0.5188278555870056,1.4587509632110596,,,,,,,,,,,,,,
325,model.layers.7.self_attn.q_proj.weight,4096,1024,0.000244140625,0.00012650353892240673,2.251244306564331,0.0007590925088152289,0.36829134821891785,0.0007782554603181779,0.17757365107536316,0.26506808400154114,0.00799813773483038,0.5358012914657593,1.5344911813735962,0.00017428664432372898,235.94459533691406,2.3615491954842582e-05,0.00026351024280302227,7.151006138883531e-05,0.2162715345621109,0.2765672504901886,0.006818266585469246,0.5396504998207092,1.5408399105072021,8.0,0.07506012916564941,0.07087812572717667,0.9029669761657715,-2.005322130571585e-05,0.0033157337456941605,0.20755115151405334,-0.006047898547872589,0.006332698743790388,0.0014930935576558113,0.008579101413488388,0.056148361414670944,0.27311599254608154,0.28131556510925293
325,model.layers.7.self_attn.k_proj.weight,512,1024,0.0009765625,0.001883064047433436,2.5052366256713867,-4.761064701597206e-06,0.27239352464675903,0.006148199085146189,0.14309044182300568,0.23799267411231995,0.02875526249408722,0.7165243625640869,1.3026398420333862,0.00101506058126688,114.80491638183594,9.978300658985972e-05,9.397366375196725e-05,0.0001047490950440988,0.21778835356235504,0.26775845885276794,0.009538497775793076,0.5479450821876526,1.4312636852264404,,,,,,,,,,,,,,
325,model.layers.7.self_attn.v_proj.weight,512,1024,0.0009765625,0.0010140329832211137,1.7293795347213745,-0.0008211947279050946,0.5080302357673645,0.000759451650083065,0.13631752133369446,0.24878212809562683,0.005123909562826157,0.7356518507003784,1.4684804677963257,0.0008566641481593251,67.96105194091797,6.255942571442574e-05,9.901514567900449e-05,9.525202767690644e-05,0.22949273884296417,0.2573314309120178,0.007761780172586441,0.5203527808189392,1.4410985708236694,,,,,,,,,,,,,,
325,model.layers.7.self_attn.o_proj.weight,1024,2048,0.00048828125,0.00022801614250056446,1.9661004543304443,-0.0002769588027149439,0.7987489700317383,3.801924685831182e-05,0.14281222224235535,0.3662802577018738,0.014778831042349339,0.5436981320381165,1.436543345451355,0.0004853101272601634,136.58642578125,2.580652289907448e-05,0.00012076423445250839,5.674520798493177e-05,0.16820625960826874,0.32636815309524536,0.006316842511296272,0.6395434141159058,1.529915690422058,,,,,,,,,,,,,,
325,model.layers.15.self_attn.q_proj.weight,4096,1024,0.000244140625,0.00014094779908191413,3.4366440773010254,0.0007500281208194792,0.36654284596443176,0.00027812921325676143,0.21376360952854156,0.23783086240291595,0.003647821955382824,0.4498811364173889,1.5470634698867798,0.00018787040608003736,235.44488525390625,2.7758338546846062e-05,0.0002688790555112064,3.991835910710506e-05,0.22989219427108765,0.26026299595832825,0.004426461178809404,0.4851689338684082,1.546278953552246,8.0,0.06212904304265976,0.06798961013555527,0.9020245671272278,-1.6920803318498656e-06,0.0002901187399402261,0.2140566110610962,-0.005832371711660162,-0.007107581477612257,8.006340794963762e-05,-0.0045175435952842236,0.047144800424575806,,
325,model.layers.15.self_attn.k_proj.weight,512,1024,0.0009765625,0.0008773790905252099,4.080983638763428,-4.031709977425635e-06,0.32318851351737976,4.171896944171749e-05,0.24540185928344727,0.2282351553440094,0.004050503950566053,0.560063362121582,1.4621044397354126,0.0007599306991323829,61.99585723876953,0.00013203213165979832,0.00010027065582107753,5.788114503957331e-05,0.19560667872428894,0.30206218361854553,0.007066032849252224,0.5796436071395874,1.4785245656967163,,,,,,,,,,,,,,
325,model.layers.15.self_attn.v_proj.weight,512,1024,0.0009765625,0.0007973191677592695,1.7175381183624268,0.0012708700960502028,0.3208240568637848,7.515762990806252e-05,0.18661797046661377,0.2579619288444519,0.0028162910602986813,0.6489161849021912,1.4565073251724243,0.0009488749201409519,51.8687744140625,6.220360228326172e-05,8.232017717091367e-05,7.636326336069033e-05,0.2280726581811905,0.2631164491176605,0.007208832073956728,0.511363685131073,1.4636600017547607,,,,,,,,,,,,,0.28539571166038513,0.29158034920692444
325,model.layers.15.self_attn.o_proj.weight,1024,2048,0.00048828125,0.0003155148297082633,1.6261907815933228,0.0004187463200651109,0.586611270904541,2.0205288819852285e-05,0.09288042783737183,0.4327748119831085,0.014701810665428638,0.550205647945404,1.4368973970413208,0.00044328439980745316,98.04407501220703,8.380788131034933e-06,0.0001033008229569532,5.521377534023486e-05,0.18465688824653625,0.3125968873500824,0.007562714628875256,0.5936739444732666,1.5044530630111694,,,,,,,,,,,,,,
325,model.layers.19.self_attn.q_proj.weight,4096,1024,0.000244140625,0.00015717174392193556,3.408609390258789,0.00030764093389734626,0.207363560795784,0.00025081387138925493,0.2241782248020172,0.23450829088687897,0.008371970616281033,0.43697214126586914,1.5276139974594116,0.00016835109272506088,214.36265563964844,3.009244755958207e-05,0.0002640951133798808,3.495627242955379e-05,0.22037793695926666,0.27315786480903625,0.00461482023820281,0.5106997489929199,1.542966604232788,8.0,0.07076150178909302,0.06625138968229294,0.8911462426185608,6.196190724949702e-07,8.374873141292483e-05,0.08161455392837524,0.007398548754606511,3.262276004534215e-05,-1.1940484000660945e-05,0.006377485580742359,0.07236035913228989,,
325,model.layers.19.self_attn.k_proj.weight,512,1024,0.0009765625,0.0012900014407932758,3.7243854999542236,-8.98284179129405e-06,0.2101639211177826,8.975592936621979e-05,0.2470143586397171,0.2235872745513916,0.012679824605584145,0.5766525864601135,1.405287742614746,0.0009936143178492785,90.35082244873047,2.031062831520103e-05,9.765514550963417e-05,8.709153189556673e-05,0.2158404141664505,0.2678385376930237,0.008325143717229366,0.5651677846908569,1.4599162340164185,,,,,,,,,,,,,,
325,model.layers.19.self_attn.v_proj.weight,512,1024,0.0009765625,0.0007680926937609911,1.5101515054702759,0.001435055281035602,0.1643814742565155,0.0010639430256560445,0.1266283094882965,0.27262213826179504,0.0041756643913686275,0.7036912441253662,1.4529412984848022,0.0009320771787315607,66.50122833251953,1.7336340533802286e-05,7.836442091502249e-05,9.206368122249842e-05,0.23524251580238342,0.25813907384872437,0.008575715124607086,0.5094625949859619,1.4115229845046997,,,,,,,,,,,,,,
325,model.layers.19.self_attn.o_proj.weight,1024,2048,0.00048828125,0.0005241978215053678,1.400140643119812,0.00043936565634794533,0.3198738098144531,5.890508327865973e-05,0.05864653363823891,0.5294696688652039,0.0060846502892673016,0.6257303357124329,1.458424687385559,0.0004608245217241347,156.6577606201172,2.2675489162793383e-05,9.042213787324727e-05,8.956897363532335e-05,0.20155516266822815,0.29296526312828064,0.008404036983847618,0.5348448157310486,1.4852937459945679,,,,,,,,,,,,,,
325,model.layers.1.mlp.gate_proj.weight,3584,1024,0.00027901785714285713,0.00030121576855890453,3.002211570739746,0.0003691123565658927,0.3514287769794464,0.0002702985948417336,0.18140320479869843,0.3009564280509949,0.00956483744084835,0.5284366011619568,1.513278841972351,0.00026194521342404187,278.5713195800781,3.273065885878168e-05,0.00023155506642069668,6.158062751637772e-05,0.22166228294372559,0.2702702581882477,0.008084768429398537,0.5386178493499756,1.5260652303695679,,,,,,,,,,,,,0.3163999617099762,0.30806052684783936
325,model.layers.1.mlp.up_proj.weight,3584,1024,0.00027901785714285713,0.0002675875439308584,2.7400760650634766,-0.00021646432287525386,0.5837395787239075,0.0002953459625132382,0.16355599462985992,0.32842960953712463,0.013133642263710499,0.5138207077980042,1.507784128189087,0.0002807965793181211,253.9558868408203,5.070829502074048e-05,0.0002735964662861079,7.962882227730006e-05,0.23028351366519928,0.25923219323158264,0.009606679901480675,0.5094271302223206,1.5167731046676636,,,,,,,,,,,,,,
325,model.layers.1.mlp.down_proj.weight,1024,3584,0.00027901785714285713,0.00026713512488640845,4.855318546295166,-0.00021352279873099178,0.5833303332328796,0.0008057924569584429,0.19145627319812775,0.27766668796539307,0.011929242871701717,0.5411661863327026,1.4455374479293823,0.0002516343956813216,131.74339294433594,-4.731894023279892e-06,0.00011271637777099386,9.501027670921758e-05,0.21775546669960022,0.2754330635070801,0.00842144526541233,0.5314264297485352,1.481177806854248,8.0,0.0766049474477768,0.07673178613185883,0.9220867156982422,-4.576491846819408e-05,0.010838611051440239,1.09212064743042,-0.0042223969705152235,0.0015151730040088296,0.002051276620477438,-0.004794138018041849,0.026470137760043144,,
325,model.layers.12.mlp.gate_proj.weight,3584,1024,0.00027901785714285713,0.0001780163438525051,2.781484603881836,4.036079189972952e-05,0.40387725830078125,0.0007963607786223292,0.18463295698165894,0.23883137106895447,0.005754176992923021,0.5746867060661316,1.5311367511749268,0.00021672715956810862,252.00965881347656,4.793151674675755e-05,0.0002767195401247591,5.4898318921914324e-05,0.19468382000923157,0.3010109066963196,0.006032029632478952,0.5888752937316895,1.5385158061981201,,,,,,,,,,,,,,
325,model.layers.12.mlp.up_proj.weight,3584,1024,0.00027901785714285713,0.0002570092328824103,2.704754114151001,-9.316548675997183e-05,0.6567521095275879,0.00030990992672741413,0.22617840766906738,0.24073700606822968,0.006858260836452246,0.49333152174949646,1.5168218612670898,0.0002702855272218585,271.7261047363281,7.275640382431448e-05,0.0002952314680442214,8.42635054141283e-05,0.22366280853748322,0.2659476101398468,0.009437037631869316,0.5098512768745422,1.5145790576934814,,,,,,,,,,,,,,
325,model.layers.12.mlp.down_proj.weight,1024,3584,0.00027901785714285713,0.0002578308922238648,4.850937843322754,-9.053573739947751e-05,0.6428455114364624,0.000184045362402685,0.20713330805301666,0.2825441062450409,0.021136268973350525,0.5120826959609985,1.4006874561309814,0.00024517945712432265,174.42251586914062,-1.7490204982095747e-06,0.00011970924242632464,6.27876361249946e-05,0.19618500769138336,0.29647329449653625,0.0076262145303189754,0.5749883651733398,1.5125672817230225,8.0,0.06988383084535599,0.06659264862537384,0.9218488335609436,-8.509658073307946e-06,-0.001009073224849999,1.2895851135253906,,0.0005513636860996485,-0.00011004276893800125,0.006464281119406223,0.03351912274956703,,
325,model.layers.22.mlp.gate_proj.weight,3584,1024,0.00027901785714285713,0.00029368020477704704,3.2221012115478516,-0.0009880869183689356,0.1353336125612259,0.0014558517141267657,0.18630646169185638,0.24800604581832886,0.010179630480706692,0.5528952479362488,1.5150667428970337,0.0002182015887228772,221.61953735351562,2.7842430426971987e-05,0.0002364256652072072,7.476466271327808e-05,0.20565150678157806,0.28521859645843506,0.007872565649449825,0.5694867968559265,1.5271786451339722,,,,,,,,,,,,,0.28315818309783936,0.2829389274120331
325,model.layers.22.mlp.up_proj.weight,3584,1024,0.00027901785714285713,0.0002004590060096234,2.819563627243042,-7.234056829474866e-05,0.3146868348121643,0.000807063770480454,0.1830824762582779,0.2827538847923279,0.011999430134892464,0.5670676827430725,1.512097954750061,0.00022969643760006875,233.65928649902344,5.175750266062096e-05,0.0002828984579537064,0.0001081845402950421,0.21809224784374237,0.2714235782623291,0.01199838425964117,0.5385986566543579,1.5137903690338135,,,,,,,,,,,,,,
325,model.layers.22.mlp.down_proj.weight,1024,3584,0.00027901785714285713,0.0004099624347873032,2.77251935005188,-8.512390922987834e-05,0.2978020906448364,0.00032064958941191435,0.1098504289984703,0.4199366569519043,0.011091369204223156,0.5894462466239929,1.462772011756897,0.00025916422600857913,190.37649536132812,1.994160447793547e-05,0.00011488332529552281,8.643407636554912e-05,0.2112015336751938,0.2794780731201172,0.008495577611029148,0.5186528563499451,1.483699083328247,8.0,0.06542003154754639,0.06775632500648499,0.8769720196723938,-9.250245057046413e-06,-0.0009747770964168012,0.34304410219192505,,-0.0014070762554183602,-0.0011341336648911238,0.009678501635789871,0.12592022120952606,,
325,model.layers.1.linear_attn.in_proj_qkv.weight,6144,1024,0.00016276041666666666,0.00011687452206388116,2.3837101459503174,0.00017783207294996828,0.31101495027542114,0.0010206265142187476,0.19667348265647888,0.25270867347717285,0.008730525150895119,0.5032206773757935,1.5347740650177002,0.0001352198887616396,121.44031524658203,2.771552863123361e-05,0.00028321766876615584,5.5400541896233335e-05,0.21800851821899414,0.2739325165748596,0.004732759203761816,0.5420533418655396,1.5401848554611206,8.0,0.07700914889574051,0.07997764647006989,0.9036083817481995,7.641449428774649e-08,0.004219067748636007,0.13790567219257355,1.811170117200671e-05,0.003942952957004309,0.005334478337317705,-0.005057293456047773,0.06192293390631676,,
325,model.layers.1.linear_attn.out_proj.weight,1024,2048,0.00048828125,0.0002563000889495015,1.385725975036621,0.0005986925098113716,0.6982951164245605,0.0004031636053696275,0.13261544704437256,0.3342268764972687,0.01186792179942131,0.48885902762413025,1.4461798667907715,0.00039457014645449817,91.69410705566406,5.324793164618313e-05,0.00010664425644790754,6.499611481558532e-05,0.19010920822620392,0.30624186992645264,0.007394243031740189,0.5759568214416504,1.4913924932479858,,,,,,,,,,,,,,
325,model.layers.12.linear_attn.in_proj_qkv.weight,6144,1024,0.00016276041666666666,6.542124901898205e-05,2.5204365253448486,-0.0003082296752836555,0.37577593326568604,0.000621396116912365,0.15786820650100708,0.2535662353038788,0.003742370055988431,0.6055576205253601,1.5522384643554688,0.00010368379298597574,222.95530700683594,4.025342423119582e-05,0.0003405181923881173,4.095096664968878e-05,0.19276529550552368,0.30361834168434143,0.004907415714114904,0.5681072473526001,1.5487672090530396,8.0,0.06092298775911331,0.060854386538267136,0.8801538944244385,-9.368595783598721e-06,-0.0052158888429403305,0.1582581102848053,,-0.012551447376608849,-0.005048805847764015,0.02287972904741764,0.10810324549674988,,
325,model.layers.12.linear_attn.out_proj.weight,1024,2048,0.00048828125,0.00028870173264294863,2.1561338901519775,0.0004872642457485199,0.5554332137107849,3.3547879866091534e-05,0.16380329430103302,0.33385273814201355,0.011426590383052826,0.5106463432312012,1.4262192249298096,0.0004148012085352093,107.61183166503906,-1.0945293979602866e-05,0.00013342754391487688,5.383876123232767e-05,0.17636962234973907,0.32397788763046265,0.006936782505363226,0.603318452835083,1.4993607997894287,,,,,,,,,,,,,,
325,model.layers.21.linear_attn.in_proj_qkv.weight,6144,1024,0.00016276041666666666,9.143661009147763e-05,3.4423000812530518,9.035534458234906e-05,0.09601161628961563,0.00045764207607135177,0.18398815393447876,0.2514937222003937,0.005011148750782013,0.57857346534729,1.5424525737762451,0.00011195298429811373,177.2370147705078,1.1772917787311599e-06,0.0003186537360306829,6.231149018276483e-05,0.2009906768798828,0.2912210524082184,0.006482626311480999,0.5862208008766174,1.5511791706085205,8.0,0.06509467959403992,0.06790721416473389,0.9023509621620178,-8.019996755592729e-08,-0.00014544544683303684,0.013512501493096352,,-0.001935361186042428,-0.002386159263551235,-0.0023722497280687094,0.058768223971128464,,
325,model.layers.21.linear_attn.out_proj.weight,1024,2048,0.00048828125,0.0003886824706569314,3.122732400894165,0.0003810176276601851,0.1907862275838852,0.00012809915642719716,0.15433798730373383,0.34372907876968384,0.008854629471898079,0.5370083451271057,1.4625084400177002,0.0003797427343670279,152.2823028564453,2.9586686650873162e-05,0.00012377936218399554,3.186100730090402e-05,0.1970178186893463,0.3015196621417999,0.0087896091863513,0.5183294415473938,1.4733915328979492,,,,,,,,,,,,,,
350,model.layers.7.self_attn.q_proj.weight,4096,1024,0.000244140625,0.0001282944722333923,3.1272082328796387,0.00013975371257402003,0.2605912685394287,0.0013663950376212597,0.18155540525913239,0.26088204979896545,0.0085643595084548,0.52677321434021,1.5353814363479614,0.000173885389813222,249.83106994628906,2.5843286493909545e-05,0.00026479738880880177,5.5169311963254586e-05,0.21639321744441986,0.27728110551834106,0.006660796701908112,0.5406461358070374,1.541892409324646,8.0,0.06497026234865189,0.07705182582139969,0.8753113746643066,-4.5843285079172347e-07,0.0018974493723362684,0.11996243894100189,-0.00024160478665487123,-0.0007464676746167243,0.0028041123878210783,-0.0050842915661633015,0.05563395097851753,0.20791468024253845,0.22904527187347412
350,model.layers.7.self_attn.k_proj.weight,512,1024,0.0009765625,0.0008136847172863781,4.1683831214904785,1.2561017683765385e-06,0.19136187434196472,0.0010753594106063247,0.15762631595134735,0.25972360372543335,0.03048599325120449,0.6810278296470642,1.3292415142059326,0.0008565381867811084,97.5379409790039,4.736519622383639e-05,9.484797192271799e-05,5.328507540980354e-05,0.21445462107658386,0.26713186502456665,0.008642698638141155,0.5493656396865845,1.4584004878997803,,,,,,,,,,,,,,
350,model.layers.7.self_attn.v_proj.weight,512,1024,0.0009765625,0.000845707138068974,2.124497175216675,-0.0012927012285217643,0.34672150015830994,0.0004389924288261682,0.13823913037776947,0.25440970063209534,0.0038115207571536303,0.7298400402069092,1.4724992513656616,0.0009681818773970008,70.50146484375,2.088402288791258e-05,9.946651698555797e-05,7.10472377249971e-05,0.23194658756256104,0.25695979595184326,0.007601273711770773,0.5155025124549866,1.4612168073654175,,,,,,,,,,,,,,
350,model.layers.7.self_attn.o_proj.weight,1024,2048,0.00048828125,0.00025285754236392677,2.0852532386779785,-0.0004204532306175679,0.5635495781898499,5.919231989537366e-05,0.14052599668502808,0.3653958737850189,0.0196779016405344,0.5421296954154968,1.4158304929733276,0.0004230282502248883,138.55296325683594,2.7694861273630522e-05,0.00012024961324641481,6.082042818889022e-05,0.16881465911865234,0.3269052803516388,0.0061841439455747604,0.642211377620697,1.5315455198287964,,,,,,,,,,,,,,
350,model.layers.15.self_attn.q_proj.weight,4096,1024,0.000244140625,0.00013937447511125356,4.020136833190918,5.209745722822845e-05,0.2429107278585434,0.0002558623382356018,0.2164381444454193,0.23400096595287323,0.003361189505085349,0.4360921084880829,1.5463703870773315,0.00017911150644067675,224.0880584716797,2.2934094886295497e-05,0.00027202346245758235,3.931111496058293e-05,0.22911442816257477,0.26145100593566895,0.0043653277680277824,0.4891010820865631,1.5444482564926147,8.0,0.08761411905288696,0.07380238175392151,0.8543210625648499,-7.23266839486314e-06,-0.0027335183694958687,0.17386481165885925,,0.0010235549416393042,-0.0028925766237080097,0.01789824850857258,0.06386721879243851,,
350,model.layers.15.self_attn.k_proj.weight,512,1024,0.0009765625,0.0009988388046622276,6.044048309326172,7.310898695322976e-07,0.20346400141716003,0.00029980947147123516,0.2458237111568451,0.24081650376319885,0.004148822743445635,0.5531539916992188,1.457779884338379,0.0008098287507891655,79.00289154052734,3.989352626376785e-05,9.988212696043774e-05,7.265698513947427e-05,0.19091244041919708,0.3024905323982239,0.007310210727155209,0.5847184658050537,1.4611214399337769,,,,,,,,,,,,,,
350,model.layers.15.self_attn.v_proj.weight,512,1024,0.0009765625,0.0008599467691965401,1.6986829042434692,-0.001244978397153318,0.21463921666145325,0.00021345747518353164,0.1749216765165329,0.2668016850948334,0.007390141952782869,0.6619738936424255,1.43925940990448,0.0009429078199900687,95.09276580810547,1.274264468520414e-05,8.242502372013405e-05,7.873574213590473e-05,0.22455044090747833,0.269077867269516,0.007226420100778341,0.5210127830505371,1.4690812826156616,,,,,,,,,,,,,0.26543527841567993,0.2469288855791092
350,model.layers.15.self_attn.o_proj.weight,1024,2048,0.00048828125,0.00040469379746355116,1.8323510885238647,-0.00041868185508064926,0.3816956579685211,1.681659705354832e-05,0.08908634632825851,0.431293249130249,0.010859929956495762,0.5559353232383728,1.4512056112289429,0.00044353792327456176,92.52688598632812,1.1257752703386359e-05,0.00010437704622745514,5.696701191482134e-05,0.18366584181785583,0.3146887421607971,0.007780437823385,0.5920794606208801,1.5110260248184204,,,,,,,,,,,,,,
350,model.layers.19.self_attn.q_proj.weight,4096,1024,0.000244140625,0.0001720792060950771,3.261760950088501,0.00038259668508544564,0.14342902600765228,0.0003766559239011258,0.22797690331935883,0.22825875878334045,0.008018344640731812,0.42303264141082764,1.5302156209945679,0.00018833210924640298,233.48751831054688,1.9930206690332852e-05,0.0002642060862854123,3.875833499478176e-05,0.22406290471553802,0.2682018578052521,0.004611452575773001,0.5088838934898376,1.5423773527145386,8.0,0.08027167618274689,0.0848730057477951,0.8261717557907104,-1.0017162139774882e-06,-0.0010902535868808627,0.07506570965051651,,-0.0014223423786461353,-0.0028439671732485294,0.00692256074398756,0.06096580624580383,,
350,model.layers.19.self_attn.k_proj.weight,512,1024,0.0009765625,0.0009651184664107859,3.1727006435394287,-3.085543767156196e-06,0.14522406458854675,0.0003200294158887118,0.2529944181442261,0.21140813827514648,0.011961986310780048,0.5769827365875244,1.3850175142288208,0.0009897244162857533,83.12036895751953,9.670129657024518e-05,9.731605678098276e-05,8.862039248924702e-05,0.21790456771850586,0.26555439829826355,0.008032792247831821,0.5651584267616272,1.4501653909683228,,,,,,,,,,,,,,
350,model.layers.19.self_attn.v_proj.weight,512,1024,0.0009765625,0.0006522944313474,1.6652382612228394,-0.000899499689694494,0.10379104316234589,0.0008677373407408595,0.14790625870227814,0.26324573159217834,0.004456414375454187,0.6829717755317688,1.4472265243530273,0.0007943442324176431,62.29033660888672,3.7657162465620786e-05,7.613679190399125e-05,5.741212225984782e-05,0.22820985317230225,0.2630012035369873,0.008616691455245018,0.5143498182296753,1.4423795938491821,,,,,,,,,,,,,,
350,model.layers.19.self_attn.o_proj.weight,1024,2048,0.00048828125,0.0004894213052466512,1.4587117433547974,-0.0002665095671545714,0.21067337691783905,7.782563625369221e-05,0.05880158767104149,0.5440053939819336,0.006820789538323879,0.6479328870773315,1.4568904638290405,0.0004473580338526517,109.63074493408203,2.4854924049577676e-05,8.994896052172408e-05,0.00010136087075807154,0.20264914631843567,0.29394546151161194,0.008658350445330143,0.5355976223945618,1.4763710498809814,,,,,,,,,,,,,,
350,model.layers.1.mlp.gate_proj.weight,3584,1024,0.00027901785714285713,0.00036735579487867653,2.9825077056884766,0.00019598330254666507,0.2473556250333786,0.00045335572212934494,0.1778414100408554,0.29726797342300415,0.009960724972188473,0.5179967284202576,1.5163015127182007,0.0002336528996238485,216.27227783203125,4.8922214773483574e-05,0.00023417641932610422,7.253386138472706e-05,0.22165130078792572,0.2714519500732422,0.007949132472276688,0.5405466556549072,1.5288983583450317,,,,,,,,,,,,,0.25474682450294495,0.25524333119392395
350,model.layers.1.mlp.up_proj.weight,3584,1024,0.00027901785714285713,0.00024164057685993612,2.8410446643829346,0.0003628219710662961,0.4048989713191986,0.00019755942048504949,0.1682492196559906,0.3249366581439972,0.010672678239643574,0.5087283849716187,1.5013008117675781,0.0002840150846168399,190.6108856201172,6.539917376358062e-05,0.00027385842986404896,0.00013474818842951208,0.230414018034935,0.2611667215824127,0.009653275832533836,0.5099374055862427,1.513514757156372,,,,,,,,,,,,,,
350,model.layers.1.mlp.down_proj.weight,1024,3584,0.00027901785714285713,0.0002723561192397028,5.037325382232666,0.00036361481761559844,0.4068220257759094,0.0012061906745657325,0.188412606716156,0.2815697193145752,0.014463436789810658,0.547979474067688,1.4398459196090698,0.00027697678888216615,141.91262817382812,1.4915171050233766e-05,0.00011078824900323525,9.914991824189201e-05,0.22015757858753204,0.2716061472892761,0.008634401485323906,0.5275548696517944,1.4769201278686523,8.0,0.08008933067321777,0.07745283842086792,0.8681899905204773,4.651944436773192e-06,0.005545547232031822,0.8278452754020691,0.000838861205599862,0.0037297550588846207,0.002374722622334957,-0.008427959866821766,0.032486993819475174,,
350,model.layers.12.mlp.gate_proj.weight,3584,1024,0.00027901785714285713,0.00018265513062942773,2.948715925216675,0.0005286465748213232,0.2845185697078705,0.0003690084267873317,0.19036772847175598,0.24034841358661652,0.005145609844475985,0.5716441869735718,1.5242382287979126,0.00020498840603977442,268.4281921386719,3.7170262658037245e-05,0.00027869929908774793,6.534899875987321e-05,0.194228395819664,0.30083343386650085,0.006073532160371542,0.5895051956176758,1.5316377878189087,,,,,,,,,,,,,,
350,model.layers.12.mlp.up_proj.weight,3584,1024,0.00027901785714285713,0.00027070948272012174,2.9248287677764893,0.00021173804998397827,0.44752490520477295,0.0005022140103392303,0.21863548457622528,0.24887612462043762,0.007975324988365173,0.5125721096992493,1.5133512020111084,0.0002752089931163937,209.61410522460938,6.542405753862113e-05,0.00029536575311794877,8.278052700916305e-05,0.22214142978191376,0.2662617564201355,0.009664337150752544,0.5095462203025818,1.5122407674789429,,,,,,,,,,,,,,
350,model.layers.12.mlp.down_proj.weight,1024,3584,0.00027901785714285713,0.0002686197403818369,5.115931034088135,0.00021277795895002782,0.4620182514190674,0.00010138976358575746,0.2090805321931839,0.2824452817440033,0.015292768366634846,0.5165320634841919,1.4198039770126343,0.0002507485914975405,197.72271728515625,1.5596513549098745e-05,0.0001187707093777135,6.191082502482459e-05,0.19382928311824799,0.2996807396411896,0.007560567930340767,0.5794848799705505,1.507068157196045,8.0,0.07332248985767365,0.07734180241823196,0.8701767325401306,5.8192290453007445e-06,-0.0004500708600971848,0.9579713344573975,,-0.0035759632010012865,-0.00038168090395629406,0.015967590734362602,0.05411691591143608,,
350,model.layers.22.mlp.gate_proj.weight,3584,1024,0.00027901785714285713,0.00032951473258435726,2.900756359100342,-0.001512767281383276,0.09695377200841904,0.0018035117536783218,0.1783839464187622,0.2597882151603699,0.010995270684361458,0.5598300099372864,1.51960027217865,0.0002116401883540675,243.29478454589844,2.829518234648276e-05,0.00023678012075833976,6.339651008602232e-05,0.20536862313747406,0.2859247922897339,0.007603994570672512,0.570641279220581,1.5321317911148071,,,,,,,,,,,,,0.255719929933548,0.26864659786224365
350,model.layers.22.mlp.up_proj.weight,3584,1024,0.00027901785714285713,0.0002180006413254887,2.7917401790618896,-0.0009732152102515101,0.2116931676864624,0.0007619469542987645,0.17564350366592407,0.2876381278038025,0.011199516244232655,0.5677793622016907,1.5127753019332886,0.000243447779212147,214.66574096679688,7.233429641928524e-05,0.00028045132057741284,0.00012723727559205145,0.2183639258146286,0.2719579041004181,0.011813757009804249,0.538565456867218,1.5063384771347046,,,,,,,,,,,,,,
350,model.layers.22.mlp.down_proj.weight,1024,3584,0.00027901785714285713,0.0003174369048792869,2.645432233810425,-0.0011755619198083878,0.19177944958209991,0.00017429837316740304,0.1079232320189476,0.4028278887271881,0.007806653156876564,0.5603567957878113,1.4541256427764893,0.00026612807414494455,172.9057159423828,7.215073765109992e-07,0.00011391276348149404,0.00011365714453859255,0.21132536232471466,0.2811226546764374,0.008838966488838196,0.5193447470664978,1.4669432640075684,8.0,0.06591571122407913,0.0637638196349144,0.831196665763855,-5.563776539929677e-06,-0.005232843570411205,0.2513469457626343,,-0.0021930220536887646,-0.00404356699436903,-0.00483686150982976,0.11851479113101959,,
350,model.layers.1.linear_attn.in_proj_qkv.weight,6144,1024,0.00016276041666666666,0.00012372287164907902,2.417919635772705,8.678973244968802e-05,0.20748694241046906,0.001590243075042963,0.18140749633312225,0.26891234517097473,0.011806209571659565,0.5260298848152161,1.535994291305542,0.00013802551256958395,157.01695251464844,3.450348958722316e-05,0.00028780472348444164,5.461124601424672e-05,0.21805541217327118,0.27545246481895447,0.004618153441697359,0.5433946251869202,1.5457749366760254,8.0,0.08823262155056,0.08909345418214798,0.840826153755188,7.311035460588755e-06,0.002428001258522272,0.10974179208278656,0.0030111333076649188,0.01084592193365097,0.009133369661867619,-0.021498888731002808,0.06473328173160553,,
350,model.layers.1.linear_attn.out_proj.weight,1024,2048,0.00048828125,0.00032329015084542334,1.4021440744400024,4.253627412253991e-05,0.466508686542511,0.0003230628208257258,0.12722110748291016,0.3732815682888031,0.01162662636488676,0.5374417901039124,1.4449268579483032,0.0003827238397207111,66.4559326171875,4.023226574645378e-05,0.00010723206651164219,9.121183393290266e-05,0.1955651491880417,0.30081430077552795,0.007634431589394808,0.565758466720581,1.4808086156845093,,,,,,,,,,,,,,
350,model.layers.12.linear_attn.in_proj_qkv.weight,6144,1024,0.00016276041666666666,8.181125303963199e-05,2.160694122314453,-0.00027939543360844254,0.2693605124950409,0.00029294961132109165,0.14893682301044464,0.2577482759952545,0.002410571789368987,0.6304309964179993,1.5536913871765137,0.00011115604866063222,167.97962951660156,1.5075186638568994e-05,0.000334812153596431,4.585447459248826e-05,0.19356852769851685,0.30516237020492554,0.005002876743674278,0.5680057406425476,1.5499404668807983,8.0,0.08507316559553146,0.07898851484060287,0.8456212878227234,3.0065989449212793e-06,0.0012701022205874324,0.08056963980197906,0.002367210210474794,0.009157774969935417,0.002657211385667324,-0.013482589274644852,0.09208222478628159,,
350,model.layers.12.linear_attn.out_proj.weight,1024,2048,0.00048828125,0.00027251752908341587,2.267563819885254,-0.0005045647267252207,0.38712066411972046,3.695096165756695e-05,0.16261173784732819,0.33295267820358276,0.013416695408523083,0.5169084072113037,1.4372477531433105,0.0003916890127584338,79.5179672241211,4.210430051898584e-05,0.00013300878345035017,7.294496026588604e-05,0.17500899732112885,0.3245519697666168,0.006999478675425053,0.6080755591392517,1.5074732303619385,,,,,,,,,,,,,,
350,model.layers.21.linear_attn.in_proj_qkv.weight,6144,1024,0.00016276041666666666,0.00010095646575791761,2.955720901489258,-0.0005283053033053875,0.0785575583577156,0.0009686846751719713,0.20149685442447662,0.23023591935634613,0.007365676574409008,0.544920027256012,1.5344101190567017,0.00011493681813590229,177.66067504882812,2.5388551421201555e-06,0.0003170525305904448,5.687007796950638e-05,0.20072342455387115,0.29154467582702637,0.005950310733169317,0.5884891152381897,1.5541292428970337,8.0,0.05975662171840668,0.06118342652916908,0.8418688178062439,-4.91031698857114e-07,-0.0004588961019180715,0.012584490701556206,,-0.01131458394229412,-0.010962185449898243,-0.024808190762996674,0.06950868666172028,,
350,model.layers.21.linear_attn.out_proj.weight,1024,2048,0.00048828125,0.0004058879567310214,3.178317070007324,0.0002573017554823309,0.12540629506111145,4.226210876367986e-05,0.15493540465831757,0.35140785574913025,0.005144354421645403,0.5503383874893188,1.4784594774246216,0.00039557210402563214,166.08457946777344,4.504595199250616e-05,0.0001238230906892568,3.494580232654698e-05,0.1984413117170334,0.2987738251686096,0.008589251898229122,0.5152043104171753,1.4653319120407104,,,,,,,,,,,,,,
375,model.layers.7.self_attn.q_proj.weight,4096,1024,0.000244140625,0.00012634113954845816,2.227717876434326,0.0003132818965241313,0.24139785766601562,0.0013453392311930656,0.16234365105628967,0.2823173999786377,0.0089676259085536,0.5539472699165344,1.5358940362930298,0.0001718061976134777,229.099365234375,2.6116689696209505e-05,0.00026596992393024266,5.1598952268250287e-05,0.21799246966838837,0.2757888436317444,0.006634356454014778,0.5376588106155396,1.540565848350525,8.0,0.08499602973461151,0.08650485426187515,0.8282292485237122,1.392674312228337e-05,0.002811991609632969,0.2777477502822876,0.004952626129670827,-0.0015596236335113645,0.0005684543284587562,0.0067583294585347176,0.056329552084207535,0.3565964102745056,0.3552166819572449
375,model.layers.7.self_attn.k_proj.weight,512,1024,0.0009765625,0.0010761915473267436,3.678312063217163,8.787866136117373e-06,0.16635191440582275,0.001742327120155096,0.16889424622058868,0.24228811264038086,0.0318215973675251,0.6704608798027039,1.3258472681045532,0.0009226805414073169,122.02503204345703,5.383773896028288e-05,9.523042535874993e-05,3.770850526052527e-05,0.21893757581710815,0.2651177942752838,0.008670845068991184,0.5457549691200256,1.419580101966858,,,,,,,,,,,,,,
375,model.layers.7.self_attn.v_proj.weight,512,1024,0.0009765625,0.0009263400570489466,1.917502760887146,0.00033252366119995713,0.30187323689460754,0.0001808860106393695,0.1380510777235031,0.25104832649230957,0.0025477774906903505,0.7417095303535461,1.482092261314392,0.0008606347255408764,74.9450454711914,-4.687107866629958e-05,0.00010178856609854847,4.918615741189569e-05,0.23134464025497437,0.256468266248703,0.007645322009921074,0.5166415572166443,1.4507062435150146,,,,,,,,,,,,,,
375,model.layers.7.self_attn.o_proj.weight,1024,2048,0.00048828125,0.00021535708219744265,1.9307434558868408,0.00010297998232999817,0.5120452642440796,3.1061801564646885e-05,0.14822039008140564,0.3502439856529236,0.015265028923749924,0.5125919580459595,1.4321943521499634,0.00041869140113703907,138.84219360351562,1.3126005796948448e-05,0.00012100496678613126,4.378650919534266e-05,0.16849105060100555,0.32761234045028687,0.006385724991559982,0.6430649161338806,1.530390739440918,,,,,,,,,,,,,,
375,model.layers.15.self_attn.q_proj.weight,4096,1024,0.000244140625,0.00012473070819396526,3.795065402984619,-0.00041580889956094325,0.23730912804603577,0.00027808896265923977,0.22017927467823029,0.23379270732402802,0.003633380401879549,0.460845410823822,1.5465224981307983,0.00017514656065031886,228.37673950195312,5.1209462981205434e-05,0.0002704171056393534,3.8092402974143624e-05,0.22774961590766907,0.261044442653656,0.0043612695299088955,0.48614996671676636,1.5476653575897217,8.0,0.08322495222091675,0.08704302459955215,0.811531662940979,-5.770245479652658e-06,0.00033978853025473654,0.28871649503707886,-0.016981872446744317,3.401638605282642e-05,0.0010676145320758224,0.01134429033845663,0.056697167456150055,,
375,model.layers.15.self_attn.k_proj.weight,512,1024,0.0009765625,0.0010475703747943044,5.359167575836182,-1.201921531901462e-05,0.2161315381526947,7.178162195486948e-05,0.24104134738445282,0.25421708822250366,0.004540417343378067,0.5581623911857605,1.4582449197769165,0.0008435089839622378,59.63669204711914,-1.526854612166062e-05,0.0001019658666336909,2.8783308152924292e-05,0.19713109731674194,0.2964668869972229,0.007432223297655582,0.5742653012275696,1.4547737836837769,,,,,,,,,,,,,,
375,model.layers.15.self_attn.v_proj.weight,512,1024,0.0009765625,0.0010090068681165576,1.8393551111221313,-5.8869976783171296e-05,0.1964123696088791,0.00022929999977350235,0.18467791378498077,0.2564942240715027,0.005949447397142649,0.6571948528289795,1.438552975654602,0.000866032438352704,92.21686553955078,-3.226046828785911e-06,8.240520401159301e-05,8.045291906455532e-05,0.22691428661346436,0.2639533579349518,0.007247533183544874,0.5174555778503418,1.4896385669708252,,,,,,,,,,,,,0.3420649468898773,0.35049712657928467
375,model.layers.15.self_attn.o_proj.weight,1024,2048,0.00048828125,0.0003737981605809182,1.7871702909469604,-1.4277946320362389e-05,0.3506094217300415,2.5817622372414917e-05,0.09498418867588043,0.44453155994415283,0.009483261965215206,0.5661128163337708,1.4401832818984985,0.0004382983024697751,93.31332397460938,2.3269337816600455e-06,0.00010401089821243659,7.43675118428655e-05,0.18381592631340027,0.31321823596954346,0.007631777320057154,0.5916993618011475,1.5071909427642822,,,,,,,,,,,,,,
375,model.layers.19.self_attn.q_proj.weight,4096,1024,0.000244140625,0.00017977599054574966,3.271195888519287,-0.0001603640557732433,0.1304372251033783,0.00016866825171746314,0.24046467244625092,0.20897327363491058,0.006004864349961281,0.3924528658390045,1.530564308166504,0.000198643421754241,240.02540588378906,2.9450915462803096e-05,0.0002635554992593825,3.9789461879990995e-05,0.22200606763362885,0.2708947956562042,0.004521051421761513,0.5101179480552673,1.5432566404342651,8.0,0.08875337243080139,0.0844065472483635,0.8233669996261597,-7.308238991754479e-08,0.00033183745108544827,0.1052829846739769,-0.00022023550891706327,0.008664059452712536,6.480953743448481e-05,0.0025201120879501104,0.06866399198770523,,
375,model.layers.19.self_attn.k_proj.weight,512,1024,0.0009765625,0.0009629905689507723,3.3982908725738525,2.0366655917314347e-06,0.13630954921245575,0.00025833758991211653,0.23786483705043793,0.23030871152877808,0.013379950076341629,0.5775874853134155,1.3550747632980347,0.0010503367520868778,86.5667953491211,5.966288881609216e-05,9.787014278117567e-05,8.344148227479309e-05,0.21272850036621094,0.27313822507858276,0.008105776272714138,0.5717915892601013,1.4559510946273804,,,,,,,,,,,,,,
375,model.layers.19.self_attn.v_proj.weight,512,1024,0.0009765625,0.0009252731106244028,1.6100448369979858,0.0023577637039124966,0.09283442050218582,0.0017426505219191313,0.13048787415027618,0.266910582780838,0.007083429954946041,0.697779655456543,1.4263511896133423,0.0008593320962972939,35.5185432434082,2.4724300601519644e-05,7.840909529477358e-05,7.908183761173859e-05,0.2269398719072342,0.2681685984134674,0.009414542466402054,0.5208514928817749,1.3899080753326416,,,,,,,,,,,,,,
375,model.layers.19.self_attn.o_proj.weight,1024,2048,0.00048828125,0.0005282352212816477,1.4580821990966797,0.0007173473131842911,0.18195007741451263,6.11473442404531e-05,0.0597073920071125,0.5156485438346863,0.00966581329703331,0.62117999792099,1.4528635740280151,0.0003997886087745428,129.67837524414062,5.982309176033596e-06,8.992543735075742e-05,8.568082557758316e-05,0.201591357588768,0.2924647331237793,0.008479306474328041,0.5343682765960693,1.4835833311080933,,,,,,,,,,,,,,
375,model.layers.1.mlp.gate_proj.weight,3584,1024,0.00027901785714285713,0.0011079038958996534,2.837524652481079,-0.0001658352994127199,0.20144124329090118,0.0005047018057666719,0.1707310527563095,0.31682002544403076,0.009535340592265129,0.5427999496459961,1.5135232210159302,0.0002637996803969145,242.84616088867188,3.6501118302112445e-05,0.00023136925301514566,7.490295683965087e-05,0.2216983586549759,0.270220547914505,0.007892933674156666,0.5380043983459473,1.5296427011489868,,,,,,,,,,,,,0.3317151963710785,0.31450527906417847
375,model.layers.1.mlp.up_proj.weight,3584,1024,0.00027901785714285713,0.00023500897805206478,2.712548017501831,-0.0002655336575116962,0.33525392413139343,0.0001416428422089666,0.16025836765766144,0.3364441692829132,0.009005321189761162,0.5154985785484314,1.5126570463180542,0.00025305544841103256,164.95370483398438,5.428626900538802e-05,0.00027465703897178173,8.067206363193691e-05,0.2296801656484604,0.26141148805618286,0.009648660197854042,0.5096149444580078,1.5106979608535767,,,,,,,,,,,,,,
375,model.layers.1.mlp.down_proj.weight,1024,3584,0.00027901785714285713,0.00033413973869755864,5.100892066955566,-0.00026640031137503684,0.32613396644592285,0.0015542831970378757,0.1889285296201706,0.280614972114563,0.015543867833912373,0.543154239654541,1.4395092725753784,0.00027803992270492017,168.3889923095703,1.9767720004892908e-05,0.0001115527338697575,0.00011423836986068636,0.21603794395923615,0.2745189964771271,0.008766456507146358,0.5328167676925659,1.4944146871566772,8.0,0.06895039230585098,0.08123777061700821,0.8597472310066223,-2.3458000214304775e-05,-0.0018459740094840527,0.9295211434364319,,-0.005038075149059296,-0.0005621470045298338,-0.0024010837078094482,0.035430893301963806,,
375,model.layers.12.mlp.gate_proj.weight,3584,1024,0.00027901785714285713,0.00019222198170609772,2.9561195373535156,0.0009488919167779386,0.24136896431446075,0.0004287310875952244,0.1873646080493927,0.24422019720077515,0.005099389236420393,0.5735067129135132,1.5304673910140991,0.00021300595835782588,253.3787841796875,5.5457308917539194e-05,0.00027567235520109534,6.540081085404381e-05,0.19370797276496887,0.30086320638656616,0.0060102203860878944,0.5906479954719543,1.532496452331543,,,,,,,,,,,,,,
375,model.layers.12.mlp.up_proj.weight,3584,1024,0.00027901785714285713,0.0002809989091474563,2.8788740634918213,0.0008008981822058558,0.39103028178215027,0.0005217326106503606,0.21553164720535278,0.25304749608039856,0.008931341581046581,0.5193564891815186,1.510349154472351,0.0002785924298223108,243.10910034179688,5.1883896958315745e-05,0.00029438541969284415,0.0001067969060386531,0.22134387493133545,0.2675735056400299,0.009623437188565731,0.510463535785675,1.5120599269866943,,,,,,,,,,,,,,
375,model.layers.12.mlp.down_proj.weight,1024,3584,0.00027901785714285713,0.0002552771184127778,5.921721935272217,0.0008561197901144624,0.38202688097953796,0.00012178244651295245,0.21724167466163635,0.2699476480484009,0.019982103258371353,0.49539390206336975,1.3945099115371704,0.00023767109087202698,184.9319610595703,2.0837456759181805e-05,0.00011917083611479029,7.816715515218675e-05,0.19307196140289307,0.30068162083625793,0.007820334285497665,0.581508457660675,1.514543056488037,8.0,0.08316801488399506,0.08216770738363266,0.8467962741851807,9.992279956350103e-06,-0.0020655859261751175,1.1756162643432617,,0.0016647357260808349,-0.0003756630758289248,-0.0031198239885270596,0.008131426759064198,,
375,model.layers.22.mlp.gate_proj.weight,3584,1024,0.00027901785714285713,0.00025711714988574386,3.0263419151306152,0.0012290412560105324,0.079971082508564,0.0009709067526273429,0.17528769373893738,0.26716211438179016,0.008548897691071033,0.5675655603408813,1.520164132118225,0.00021196046145632863,231.92803955078125,2.5006536816363223e-05,0.00023737235460430384,6.406850297935307e-05,0.20457512140274048,0.28620606660842896,0.007734949234873056,0.5720734000205994,1.5311483144760132,,,,,,,,,,,,,0.3221166431903839,0.29521143436431885
375,model.layers.22.mlp.up_proj.weight,3584,1024,0.00027901785714285713,0.0005957208340987563,3.10933256149292,0.00043401768198236823,0.1765834242105484,0.0010945401154458523,0.17194589972496033,0.29924994707107544,0.0149480439722538,0.578789234161377,1.504421591758728,0.0002416451316094026,240.0856475830078,6.370986375259236e-05,0.0002811488229781389,0.00010270562779624015,0.21772614121437073,0.27338963747024536,0.011864769272506237,0.5391636490821838,1.5126241445541382,,,,,,,,,,,,,,
375,model.layers.22.mlp.down_proj.weight,1024,3584,0.00027901785714285713,0.0003898056165780872,2.677908420562744,0.0005111079663038254,0.16377806663513184,0.0002760792267508805,0.10773498564958572,0.4046839773654938,0.010921980254352093,0.5691397190093994,1.4523769617080688,0.00026270447415299714,153.5472412109375,3.214475873392075e-05,0.00011397698108339682,8.434133633272722e-05,0.2110266089439392,0.2810315787792206,0.008517898619174957,0.5177718997001648,1.476882815361023,8.0,0.07549189031124115,0.07514688372612,0.7968469262123108,-4.394231837068219e-06,-0.0047120084054768085,0.41554638743400574,,0.00036332153831608593,-0.0018899190472438931,-0.012542949058115482,0.10585444420576096,,
375,model.layers.1.linear_attn.in_proj_qkv.weight,6144,1024,0.00016276041666666666,0.00010736336116679013,2.298414468765259,3.3619504392845556e-05,0.18196086585521698,0.0009078179718926549,0.18456070125102997,0.2620120942592621,0.0079239746555686,0.5139909982681274,1.5356954336166382,0.00013639390817843378,143.73878479003906,4.0102338971337304e-05,0.0002866325667127967,4.687392356572673e-05,0.2199457436800003,0.274751216173172,0.004760419949889183,0.540607213973999,1.5422419309616089,8.0,0.07329396158456802,0.07554766535758972,0.839929461479187,-1.431476448487956e-06,-0.0020348159596323967,0.11502908915281296,,-0.0048555368557572365,-0.0037238788791000843,0.0023398478515446186,0.061078496277332306,,
375,model.layers.1.linear_attn.out_proj.weight,1024,2048,0.00048828125,0.0012412559008225799,1.3561046123504639,-0.00038749855593778193,0.40697479248046875,0.00034858533763326705,0.12426190823316574,0.3857728838920593,0.01275225542485714,0.5422163605690002,1.4387502670288086,0.0004131939494982362,97.1658935546875,7.5826183092431165e-06,0.00010743223538156599,7.765660848235711e-05,0.19568343460559845,0.3005823493003845,0.007620692253112793,0.5682060122489929,1.4838488101959229,,,,,,,,,,,,,,
375,model.layers.12.linear_attn.in_proj_qkv.weight,6144,1024,0.00016276041666666666,6.8547589762602e-05,2.2913403511047363,-0.0004698126867879182,0.23130573332309723,0.000505587609950453,0.16503293812274933,0.2507900893688202,0.003276907606050372,0.5751879215240479,1.5526633262634277,0.00011086272570537403,203.28697204589844,1.965484807442408e-05,0.0003361643757671118,5.0781665777321905e-05,0.19258570671081543,0.3030644357204437,0.004749123938381672,0.567734956741333,1.5523051023483276,8.0,0.08685290813446045,0.08168532699346542,0.8201034665107727,-7.594238695673994e-07,-0.0017263803165405989,0.14151185750961304,,0.00040816792170517147,-0.0026189363561570644,0.009351157583296299,0.10082798451185226,,
375,model.layers.12.linear_attn.out_proj.weight,1024,2048,0.00048828125,0.0003104179340880364,2.2666172981262207,-0.000283081695670262,0.32611122727394104,3.088974335696548e-05,0.16539490222930908,0.3310679495334625,0.01724446751177311,0.5155893564224243,1.432381272315979,0.00040035226265899837,88.57987213134766,1.2324637282290496e-05,0.00013224975555203855,7.438056491082534e-05,0.1771939992904663,0.3209102153778076,0.007027882616966963,0.6008205413818359,1.4939653873443604,,,,,,,,,,,,,,
375,model.layers.21.linear_attn.in_proj_qkv.weight,6144,1024,0.00016276041666666666,9.800279076443985e-05,3.2354729175567627,-0.00044698838610202074,0.06066245213150978,0.0005481878761202097,0.17731958627700806,0.258456826210022,0.005485570523887873,0.5816030502319336,1.5435236692428589,0.00011401649680919945,198.48667907714844,2.1908508074375277e-07,0.0003188051050528884,4.54712935606949e-05,0.19943711161613464,0.29344362020492554,0.006097786594182253,0.58962482213974,1.5536531209945679,8.0,0.0731969103217125,0.0731305480003357,0.8337752819061279,-2.9695337389057386e-07,-0.00029259620350785553,0.012817366048693657,,-0.010134543292224407,-0.00683930516242981,0.010540459305047989,0.07058105617761612,,
375,model.layers.21.linear_attn.out_proj.weight,1024,2048,0.00048828125,0.0003760100807994604,3.013068675994873,0.00042463309364393353,0.10326986014842987,0.00011643381731119007,0.1574035882949829,0.3374585509300232,0.009223652072250843,0.5288983583450317,1.4712789058685303,0.0003778561076615006,158.88113403320312,3.8345846405718476e-05,0.00012325549323577434,4.825829091714695e-05,0.19575567543506622,0.3021228611469269,0.008497354574501514,0.5192776322364807,1.4754701852798462,,,,,,,,,,,,,,
400,model.layers.7.self_attn.q_proj.weight,4096,1024,0.000244140625,0.0002668687666300684,3.00730299949646,-0.0007534567848779261,0.288786917924881,0.0010131701128557324,0.17811499536037445,0.2643992602825165,0.008596613071858883,0.5328717827796936,1.5317119359970093,0.0001617391681065783,165.71449279785156,2.9591505153803155e-05,0.0002634415286593139,5.6816348660504445e-05,0.21628038585186005,0.2772959768772125,0.006861339323222637,0.539306640625,1.5406087636947632,8.0,0.0736267939209938,0.07120347023010254,0.8817816376686096,-4.7000139602459967e-07,0.001981103327125311,0.33959752321243286,-0.00023724224253693894,0.002845216076821089,0.000896668469067663,-0.001108568161725998,0.05811956152319908,0.3198263645172119,0.297364741563797
400,model.layers.7.self_attn.k_proj.weight,512,1024,0.0009765625,0.0008654940756969154,4.67043399810791,3.247257382099633e-06,0.21535253524780273,0.00018482205632608384,0.15779893100261688,0.2593190670013428,0.02540692500770092,0.6947177052497864,1.328039526939392,0.0008938517421483994,92.45039367675781,6.031138764228672e-05,9.499084990238771e-05,5.297116149449721e-05,0.22041435539722443,0.26208966970443726,0.008013715967535973,0.5407647490501404,1.4367362260818481,,,,,,,,,,,,,,
400,model.layers.7.self_attn.v_proj.weight,512,1024,0.0009765625,0.0008183798054233193,1.8938937187194824,-0.0006518010050058365,0.4277934730052948,0.0003981362096965313,0.13782742619514465,0.24927259981632233,0.003821689635515213,0.7438790798187256,1.4559892416000366,0.0008715034928172827,78.79553985595703,-2.159405812562909e-05,9.990278340410441e-05,0.00018792088667396456,0.2312287539243698,0.2540734112262726,0.008525851182639599,0.5159033536911011,1.4464901685714722,,,,,,,,,,,,,,
400,model.layers.7.self_attn.o_proj.weight,1024,2048,0.00048828125,0.00022955490567255765,2.0920283794403076,-0.00021541198657359928,0.7098165154457092,4.1500843508401886e-05,0.1403358280658722,0.37266767024993896,0.015605892986059189,0.5436462759971619,1.4218742847442627,0.0005073593929409981,136.24461364746094,2.9891116355429403e-05,0.00012077286373823881,6.322510307654738e-05,0.1703822910785675,0.3254409730434418,0.006399437785148621,0.6372295022010803,1.5343995094299316,,,,,,,,,,,,,,
400,model.layers.15.self_attn.q_proj.weight,4096,1024,0.000244140625,0.00014298819587565958,3.217186450958252,0.00012188292748760432,0.3421591520309448,0.0002530894707888365,0.25173646211624146,0.1924707591533661,0.0027565688360482454,0.4193706810474396,1.546895980834961,0.00017462775576859713,224.3822479248047,2.4062303054961376e-05,0.000270863703917712,2.6681262170313857e-05,0.2287711799144745,0.2605767846107483,0.004158017225563526,0.4852682054042816,1.546525478363037,8.0,0.07515586167573929,0.07630878686904907,0.8314792513847351,-2.6473931029613595e-06,-0.0025084069930016994,0.7289755344390869,,0.0020729214884340763,-0.0005970572819933295,-0.006132833659648895,0.02523949183523655,,
400,model.layers.15.self_attn.k_proj.weight,512,1024,0.0009765625,0.0007295896066352725,1.8330035209655762,1.8202474620920839e-06,0.3717985153198242,5.6370390666415915e-05,0.21090559661388397,0.2832508087158203,0.0029527531005442142,0.6092722415924072,1.4627655744552612,0.000917046214453876,70.925048828125,5.686696385964751e-05,0.0001007835307973437,4.6043740439927205e-05,0.1959039866924286,0.29752177000045776,0.00674423249438405,0.5774403214454651,1.462679147720337,,,,,,,,,,,,,,
400,model.layers.15.self_attn.v_proj.weight,512,1024,0.0009765625,0.0010671761119738221,1.7355952262878418,-0.0008273672428913414,0.33697405457496643,0.0004195489746052772,0.2783859074115753,0.19243817031383514,0.0064183007925748825,0.4933440685272217,1.4492133855819702,0.0008665231289342046,84.1606216430664,5.29599719811813e-06,8.102690480882302e-05,8.004240226000547e-05,0.22871807217597961,0.26454561948776245,0.007323273457586765,0.5140167474746704,1.459697961807251,,,,,,,,,,,,,0.38046956062316895,0.3537513315677643
400,model.layers.15.self_attn.o_proj.weight,1024,2048,0.00048828125,0.00036090417415834963,2.065929651260376,-0.0003430602664593607,0.4935837388038635,2.4443868824164383e-05,0.12077539414167404,0.38271963596343994,0.014457140117883682,0.5112184882164001,1.4362093210220337,0.0004418535972945392,105.70315551757812,-3.548698487065849e-06,0.00010510715219425038,9.177504398394376e-05,0.18561573326587677,0.3150215446949005,0.00750976987183094,0.591910719871521,1.5090959072113037,,,,,,,,,,,,,,
400,model.layers.19.self_attn.q_proj.weight,4096,1024,0.000244140625,0.00015267486742231995,3.0378577709198,0.0006358404061757028,0.1802031695842743,0.00039987763739190996,0.22568650543689728,0.22622141242027283,0.006520959548652172,0.42692887783050537,1.5326576232910156,0.00017795184976421297,226.55772399902344,2.306699207110796e-05,0.0002629552036523819,3.720237873494625e-05,0.22090838849544525,0.2718338370323181,0.004589073359966278,0.5103088617324829,1.5453132390975952,8.0,0.06306680291891098,0.06996651738882065,0.8706006407737732,-2.0466386558837257e-06,0.0008885476272553205,0.15844830870628357,-0.002303352789546792,-0.0033316512126475573,0.0005012067849747837,0.007624050602316856,0.061919912695884705,,
400,model.layers.19.self_attn.k_proj.weight,512,1024,0.0009765625,0.001105845207348466,3.107313871383667,-5.1473494977472e-07,0.17835679650306702,0.0006128642125986516,0.23999862372875214,0.2096107304096222,0.011816287413239479,0.602608859539032,1.3559015989303589,0.001095848041586578,84.90960693359375,2.702188976400066e-05,9.833956573856995e-05,7.721679867245257e-05,0.21624751389026642,0.2707326412200928,0.007884626276791096,0.566670298576355,1.451780080795288,,,,,,,,,,,,,,
400,model.layers.19.self_attn.v_proj.weight,512,1024,0.0009765625,0.0007050755084492266,1.586340069770813,-0.0009620937053114176,0.1354634165763855,0.0009872241644188762,0.1427045613527298,0.26375463604927063,0.005175426136702299,0.6721455454826355,1.4427751302719116,0.0008339748601429164,48.540916442871094,3.3445026019762736e-06,7.760216249153018e-05,0.00011221384920645505,0.2373945266008377,0.25836536288261414,0.009223414584994316,0.5155549049377441,1.439346194267273,,,,,,,,,,,,,,
400,model.layers.19.self_attn.o_proj.weight,1024,2048,0.00048828125,0.00042079397826455534,1.4311891794204712,-0.0002942815190181136,0.2585296034812927,0.00010534235480008647,0.06634201109409332,0.48974186182022095,0.017686156556010246,0.5930106043815613,1.4520721435546875,0.00043791934149339795,105.28539276123047,9.269554539059754e-06,9.09420195966959e-05,8.634245750727132e-05,0.19925321638584137,0.29411178827285767,0.00853700190782547,0.5391042828559875,1.466985821723938,,,,,,,,,,,,,,
400,model.layers.1.mlp.gate_proj.weight,3584,1024,0.00027901785714285713,0.0006186526152305305,2.6491646766662598,0.0004155585484113544,0.29190826416015625,0.00014502879639621824,0.16882583498954773,0.3192659020423889,0.0063552455976605415,0.5374287366867065,1.5171959400177002,0.00025726191233843565,250.4469451904297,4.583258123602718e-05,0.0002323709340998903,9.003437298815697e-05,0.22038453817367554,0.2706705629825592,0.008166750892996788,0.5386433601379395,1.5285313129425049,,,,,,,,,,,,,0.27762550115585327,0.2675228714942932
400,model.layers.1.mlp.up_proj.weight,3584,1024,0.00027901785714285713,0.00038534324266947806,2.6318933963775635,0.0001753142714733258,0.4805654287338257,0.00012888056517113,0.16178007423877716,0.33307796716690063,0.007921477779746056,0.5129051208496094,1.5155636072158813,0.0002727425307966769,232.30941772460938,8.849530422594398e-05,0.00027567942743189633,8.630789670860395e-05,0.23080357909202576,0.2604106068611145,0.009325730614364147,0.5097595453262329,1.5176806449890137,,,,,,,,,,,,,,
400,model.layers.1.mlp.down_proj.weight,1024,3584,0.00027901785714285713,0.0002809869183693081,4.769040107727051,0.000180882474523969,0.474860817193985,0.0017695241840556264,0.18465544283390045,0.28681957721710205,0.01564694382250309,0.5530165433883667,1.4346699714660645,0.00028596329502761364,109.44252014160156,2.2462972992798313e-05,0.00010942455264739692,8.021599933272228e-05,0.2157115638256073,0.27657651901245117,0.008539202623069286,0.5369288921356201,1.4844573736190796,8.0,0.07591915875673294,0.07761596143245697,0.8869266510009766,4.76239029012504e-06,0.006405589170753956,1.8211033344268799,0.0007434742009163997,0.0032662737648934126,0.0006409531342796981,-0.0012174450093880296,0.03848705440759659,,
400,model.layers.12.mlp.gate_proj.weight,3584,1024,0.00027901785714285713,0.00019127722771372646,2.7574636936187744,-0.00037713261554017663,0.3202216625213623,0.0003026565245818347,0.18992243707180023,0.23815639317035675,0.004684530198574066,0.5644456744194031,1.5254535675048828,0.00020853390742558986,269.08056640625,2.7070111173088662e-05,0.0002731129352468997,4.829594399780035e-05,0.1931556612253189,0.30091243982315063,0.005974743980914354,0.59071284532547,1.53642737865448,,,,,,,,,,,,,,
400,model.layers.12.mlp.up_proj.weight,3584,1024,0.00027901785714285713,0.0002373112947680056,2.623015880584717,9.375794616062194e-05,0.5366679430007935,0.00043998719775117934,0.21065491437911987,0.2538277804851532,0.00847410224378109,0.5186555981636047,1.5135668516159058,0.00027703933301381767,262.1732482910156,6.565672083524987e-05,0.0002932489151135087,0.00011147966870339587,0.22183732688426971,0.26834896206855774,0.009602757170796394,0.5108539462089539,1.520382285118103,,,,,,,,,,,,,,
400,model.layers.12.mlp.down_proj.weight,1024,3584,0.00027901785714285713,0.0002644046617206186,5.725525379180908,9.442406735615805e-05,0.5254247188568115,0.0001725067268125713,0.19576109945774078,0.2962060868740082,0.020737789571285248,0.5435755848884583,1.4039267301559448,0.00025505534722469747,181.4586944580078,2.7337744541000575e-05,0.00011821121006505564,7.805912900948897e-05,0.19300015270709991,0.29994893074035645,0.008276454173028469,0.5826069116592407,1.516909122467041,8.0,0.07106897979974747,0.07137822359800339,0.8841415047645569,1.2520196833065711e-05,-0.004510022234171629,2.4178450107574463,,-0.0010841569164767861,-0.00026676166453398764,-0.005526743363589048,0.020431354641914368,,
400,model.layers.22.mlp.gate_proj.weight,3584,1024,0.00027901785714285713,0.0002714064612518996,2.6572375297546387,-0.001988699659705162,0.10719171166419983,0.0008626947528682649,0.18069380521774292,0.2565474212169647,0.007182505913078785,0.5437731742858887,1.5228480100631714,0.00020063010742887855,232.99803161621094,1.4354543964145705e-05,0.00023593343212269247,6.469745858339593e-05,0.2059704214334488,0.28444990515708923,0.007932962849736214,0.5681450963020325,1.5247852802276611,,,,,,,,,,,,,0.2764042019844055,0.2831418514251709
400,model.layers.22.mlp.up_proj.weight,3584,1024,0.00027901785714285713,0.000400945806177333,1.9432940483093262,-0.0010654146317392588,0.280794620513916,0.0007250566850416362,0.17074431478977203,0.29726800322532654,0.011409459635615349,0.580646812915802,1.5089157819747925,0.0002563849848229438,221.0128173828125,3.968993405578658e-05,0.0002819965884555131,0.00010285495955031365,0.21829774975776672,0.2717481553554535,0.011995344422757626,0.5393208265304565,1.5128589868545532,,,,,,,,,,,,,,
400,model.layers.22.mlp.down_proj.weight,1024,3584,0.00027901785714285713,0.0003301710821688175,2.1421751976013184,-0.0014116161037236452,0.2326158881187439,0.0005889285239391029,0.10247427970170975,0.39883020520210266,0.0165554229170084,0.5484290719032288,1.4708232879638672,0.0002884370042011142,233.6845703125,2.3094737116480246e-05,0.00011442125105531886,9.512183896731585e-05,0.21143609285354614,0.2793451249599457,0.008540364913642406,0.5166578888893127,1.4741218090057373,8.0,0.06369486451148987,0.07017283141613007,0.8544330596923828,-9.568360837874934e-06,0.0038962303660809994,0.5013412237167358,-0.0024557995649264483,-0.0009854707168415189,-0.00012001644063275307,-0.0020214312244206667,0.11067233234643936,,
400,model.layers.1.linear_attn.in_proj_qkv.weight,6144,1024,0.00016276041666666666,0.00013638251402880996,2.309774398803711,-0.00018229456327389926,0.2631308138370514,0.0003511867253109813,0.19433610141277313,0.250611275434494,0.006335169076919556,0.5012980103492737,1.532301902770996,0.00013183613191358745,274.1911926269531,1.5171363884292077e-05,0.0002927645982708782,4.1624320147093385e-05,0.21939289569854736,0.27275946736335754,0.004610395058989525,0.5431608557701111,1.541986346244812,8.0,0.09278089553117752,0.09117323160171509,0.8795529007911682,2.2089641333877807e-06,0.003843962447717786,0.21854478120803833,0.0005746580939413894,0.00499666016548872,0.0042404551059007645,0.0053051067516207695,0.06780879944562912,,
400,model.layers.1.linear_attn.out_proj.weight,1024,2048,0.00048828125,0.000145287427585572,1.3884493112564087,-8.389290451304987e-05,0.5877962112426758,0.00024362947442568839,0.12581604719161987,0.3603735864162445,0.009755291976034641,0.5196371078491211,1.454281210899353,0.00042107896297238767,84.59642028808594,1.5890947906882502e-05,0.00011092212662333623,9.090049570659176e-05,0.19858522713184357,0.2968312203884125,0.008089975453913212,0.5596871376037598,1.4920932054519653,,,,,,,,,,,,,,
400,model.layers.12.linear_attn.in_proj_qkv.weight,6144,1024,0.00016276041666666666,6.413515075109899e-05,2.131120443344116,-8.03025541245006e-05,0.3286694884300232,0.00028131704311817884,0.15533310174942017,0.256996214389801,0.002456666436046362,0.6145517230033875,1.5524486303329468,9.59696335485205e-05,169.99447631835938,1.4985014786361717e-05,0.0003357658861204982,4.6902845497243106e-05,0.19368407130241394,0.30139538645744324,0.005046462174504995,0.5665029883384705,1.5503662824630737,8.0,0.07591736316680908,0.0708475112915039,0.8712992072105408,3.258965307395556e-06,0.0038205431774258614,0.2090023308992386,0.0008530109871945813,0.003725250018760562,0.002619899809360504,0.007677213754504919,0.08527449518442154,,
400,model.layers.12.linear_attn.out_proj.weight,1024,2048,0.00048828125,0.0003426817711442709,2.2470197677612305,0.0002470046456437558,0.45121943950653076,4.646550951292738e-05,0.1523773968219757,0.35808563232421875,0.016113685443997383,0.5568591952323914,1.4239708185195923,0.0004169873718637973,93.34606170654297,-1.841931043600198e-05,0.00013274213415570557,6.589073018403724e-05,0.1791638284921646,0.32109734416007996,0.0070659201592206955,0.5999389886856079,1.494766116142273,,,,,,,,,,,,,,
400,model.layers.21.linear_attn.in_proj_qkv.weight,6144,1024,0.00016276041666666666,8.521595009369776e-05,3.188445806503296,-6.324695277726278e-05,0.07389533519744873,0.0003184843226335943,0.1713295429944992,0.2687223255634308,0.004615775775164366,0.5928321480751038,1.546971321105957,9.807221795199439e-05,191.09519958496094,2.353811578359455e-05,0.00031712031341157854,6.009856952005066e-05,0.1999451369047165,0.2927335798740387,0.006168713793158531,0.5893678069114685,1.5506099462509155,8.0,0.05633404478430748,0.05797456204891205,0.8809388279914856,-3.9022796727294917e-07,-0.0003585863159969449,0.023014867678284645,,-0.001706676441244781,-0.002714733360335231,0.01468183845281601,0.07099838554859161,,
400,model.layers.21.linear_attn.out_proj.weight,1024,2048,0.00048828125,0.0003778515674639493,2.4787235260009766,0.0004937839694321156,0.14500407874584198,0.00011418638314353302,0.14075268805027008,0.36877915263175964,0.006445766426622868,0.5607383847236633,1.475484848022461,0.0003542170743457973,133.60250854492188,-1.2860357855970506e-05,0.0001248168118763715,3.863830352202058e-05,0.19505184888839722,0.30191531777381897,0.008631808683276176,0.5187304615974426,1.4652990102767944,,,,,,,,,,,,,,
425,model.layers.7.self_attn.q_proj.weight,4096,1024,0.000244140625,0.00011999689741060138,3.071916103363037,-6.753170600859448e-05,0.3471038341522217,0.0007681620772928,0.18331189453601837,0.2590444087982178,0.008453920483589172,0.5345849394798279,1.5307451486587524,0.00017552304780110717,216.1059112548828,2.3759082978358492e-05,0.0002640350430738181,6.603333895327523e-05,0.2162730097770691,0.27847129106521606,0.006701663602143526,0.5403369665145874,1.5390533208847046,8.0,0.05171070992946625,0.0607721321284771,0.6537827849388123,-1.5649222405045293e-05,0.0027875369414687157,1.699379563331604,-0.005613996418214256,0.00026934430934488773,0.0007622105185873806,0.00867509189993143,0.051111407577991486,0.27961573004722595,0.29366564750671387
425,model.layers.7.self_attn.k_proj.weight,512,1024,0.0009765625,0.0012594331055879593,3.207273244857788,6.370448318193667e-06,0.2532331347465515,0.0033451556228101254,0.15600956976413727,0.256466269493103,0.02332245744764805,0.6900291442871094,1.3059295415878296,0.0008393505122512579,97.8248062133789,3.843740341835655e-05,9.542984480503947e-05,6.869419303257018e-05,0.2126280665397644,0.2668215036392212,0.008629543706774712,0.5501224994659424,1.417930006980896,,,,,,,,,,,,,,
425,model.layers.7.self_attn.v_proj.weight,512,1024,0.0009765625,0.0009363482822664082,2.7003445625305176,0.0003110446559730917,0.4994348883628845,0.0002197032154072076,0.14407950639724731,0.252522349357605,0.002205692930147052,0.7078782916069031,1.488613247871399,0.00093181396368891,85.29171752929688,6.723658589180559e-05,9.951370884664357e-05,9.12850591703318e-05,0.23251977562904358,0.25428736209869385,0.008224847726523876,0.5146032571792603,1.4339450597763062,,,,,,,,,,,,,,
425,model.layers.7.self_attn.o_proj.weight,1024,2048,0.00048828125,0.00028539137565530837,2.0886194705963135,0.00010090833529829979,0.8234036564826965,2.5737928808666766e-05,0.153167262673378,0.3463599383831024,0.011123928241431713,0.5267308950424194,1.4422601461410522,0.0004714548704214394,121.7347183227539,5.608354331343435e-05,0.0001216123637277633,4.515458567766473e-05,0.17151951789855957,0.3244057893753052,0.0064894938841462135,0.6353597640991211,1.526816964149475,,,,,,,,,,,,,,
425,model.layers.15.self_attn.q_proj.weight,4096,1024,0.000244140625,0.00011340200580889359,1.9347320795059204,-0.00041798438178375363,0.38282814621925354,0.00010141203529201448,0.22865094244480133,0.2269287109375,0.0025425711646676064,0.45309191942214966,1.548839807510376,0.00017733669665176421,214.08428955078125,3.4003307519014925e-05,0.0002706171362660825,4.437111783772707e-05,0.22691106796264648,0.26216432452201843,0.004387729335576296,0.4888257384300232,1.5452708005905151,8.0,0.07129964977502823,0.07099204510450363,0.6841922402381897,3.3564097066118848e-06,0.003439428051933646,1.438294768333435,0.0009758627469252951,0.0025155472103506327,0.0008114174124784768,-0.0008843452087603509,0.037289250642061234,,
425,model.layers.15.self_attn.k_proj.weight,512,1024,0.0009765625,0.0012359863612800837,3.0655505657196045,-1.3764574759989046e-05,0.2984657287597656,0.00042432325426489115,0.29404520988464355,0.20143342018127441,0.005305058788508177,0.46448221802711487,1.451239824295044,0.0008955466910265386,78.13813781738281,4.312809323891997e-05,9.829146438278258e-05,4.943895328324288e-05,0.1902577131986618,0.30351588129997253,0.006907650735229254,0.5866235494613647,1.4826301336288452,,,,,,,,,,,,,,
425,model.layers.15.self_attn.v_proj.weight,512,1024,0.0009765625,0.0009381414274685085,1.9228416681289673,0.0027395354118198156,0.27312996983528137,0.00020369529374875128,0.16809946298599243,0.27276137471199036,0.005087764002382755,0.6719830632209778,1.4500068426132202,0.0008747729589231312,57.556949615478516,1.4608104720537085e-05,8.361915388377383e-05,5.579485514317639e-05,0.22628235816955566,0.2647686004638672,0.007115825079381466,0.5160907506942749,1.464250087738037,,,,,,,,,,,,,0.2906647026538849,0.2951880395412445
425,model.layers.15.self_attn.o_proj.weight,1024,2048,0.00048828125,0.00045572390081360936,1.884662389755249,0.0009214312303811312,0.48797619342803955,3.668721183203161e-05,0.09458364546298981,0.46006637811660767,0.012836658395826817,0.5876641273498535,1.4309978485107422,0.00042447738815099,106.92736053466797,7.784949957567733e-06,0.00010475541785126552,5.458815940073691e-05,0.18380892276763916,0.3157483637332916,0.007707963231950998,0.5947582125663757,1.509050726890564,,,,,,,,,,,,,,
425,model.layers.19.self_attn.q_proj.weight,4096,1024,0.000244140625,0.00015879792044870555,1.6243351697921753,-0.00043284115963615477,0.2552996873855591,0.000584681227337569,0.22628802061080933,0.23051026463508606,0.008796578273177147,0.4170452356338501,1.5305073261260986,0.0001790499227354303,223.70693969726562,3.9298483898164704e-05,0.0002626600326038897,4.640651241061278e-05,0.2218739241361618,0.2696332335472107,0.004677393939346075,0.509242832660675,1.547703742980957,8.0,0.0842360407114029,0.07895299792289734,0.6328082084655762,4.002991317975102e-06,0.00011179634020663798,0.8958311080932617,0.03580610340710797,0.0041297925636172295,0.00027042391593568027,-0.010525417514145374,0.03721923753619194,,
425,model.layers.19.self_attn.k_proj.weight,512,1024,0.0009765625,0.0011998789850622416,1.7963029146194458,1.2460944162739906e-05,0.25031012296676636,0.00023285111819859594,0.26520290970802307,0.20615938305854797,0.009106793440878391,0.5623905658721924,1.3495620489120483,0.0009585609659552574,72.70521545410156,3.5519460652722046e-05,9.745867282617837e-05,6.483455217676237e-05,0.21281524002552032,0.2729826271533966,0.007597452960908413,0.5686327815055847,1.4811935424804688,,,,,,,,,,,,,,
425,model.layers.19.self_attn.v_proj.weight,512,1024,0.0009765625,0.0007520861108787358,1.6191039085388184,-0.00011938130046473816,0.14503790438175201,0.0017332585994154215,0.14714424312114716,0.25868648290634155,0.0072843655943870544,0.6759518980979919,1.4333261251449585,0.0009041500743478537,72.49161529541016,-2.3074213459040038e-05,7.702872972004116e-05,5.318721377989277e-05,0.23949675261974335,0.25929349660873413,0.009395607747137547,0.5027289986610413,1.4304375648498535,,,,,,,,,,,,,,
425,model.layers.19.self_attn.o_proj.weight,1024,2048,0.00048828125,0.0005700378678739071,1.4585237503051758,-4.101531521882862e-05,0.2666052281856537,0.00011729828111128882,0.06667646020650864,0.4963045120239258,0.011605661362409592,0.6062374711036682,1.4511146545410156,0.0004476530884858221,139.9503936767578,1.1942345736315474e-05,8.971217175712809e-05,7.800629100529477e-05,0.19622039794921875,0.2961477041244507,0.008352840319275856,0.5432599782943726,1.4816468954086304,,,,,,,,,,,,,,
425,model.layers.1.mlp.gate_proj.weight,3584,1024,0.00027901785714285713,0.00025813892716541886,2.6786985397338867,-0.000296195998089388,0.4521881937980652,0.0002830429875757545,0.1755739152431488,0.31072506308555603,0.008083879016339779,0.5307462811470032,1.5165120363235474,0.00024711352307349443,251.771484375,4.489049024414271e-05,0.0002328495611436665,8.156369585776702e-05,0.21856065094470978,0.27343127131462097,0.008034306578338146,0.5428879261016846,1.5263553857803345,,,,,,,,,,,,,0.2965348958969116,0.298196017742157
425,model.layers.1.mlp.up_proj.weight,3584,1024,0.00027901785714285713,0.0004012817225884646,2.426013469696045,-0.000221747686737217,0.7455203533172607,0.000168516649864614,0.16846036911010742,0.31602901220321655,0.008917215280234814,0.4989067018032074,1.507477045059204,0.0002713983121793717,203.17893981933594,2.4863396902219392e-05,0.00027295874315313995,8.720489859115332e-05,0.23136791586875916,0.258661687374115,0.009562540799379349,0.5080282092094421,1.517181396484375,,,,,,,,,,,,,,
425,model.layers.1.mlp.down_proj.weight,1024,3584,0.00027901785714285713,0.00027187817613594234,3.591623067855835,-0.0002279010514030233,0.7267478704452515,0.0021088544744998217,0.1906178593635559,0.2715558707714081,0.01811624877154827,0.5295569896697998,1.437613844871521,0.00030062682344578207,222.414306640625,3.094273779424839e-05,0.00011212180834263563,6.845502502983436e-05,0.21903535723686218,0.2724231481552124,0.008580428548157215,0.5275477766990662,1.4866058826446533,8.0,0.05948249250650406,0.0607101246714592,0.5843967795372009,8.019124652491882e-05,0.04829845204949379,18.318832397460938,0.0016603274664526086,7.879001350374892e-05,0.0011406121775507927,0.006621692329645157,0.04119162634015083,,
425,model.layers.12.mlp.gate_proj.weight,3584,1024,0.00027901785714285713,0.00024135902640409768,2.224533796310425,4.281320798327215e-05,0.4368128776550293,0.0009816625388339162,0.1910519003868103,0.24867545068264008,0.007166210561990738,0.5874720811843872,1.5311213731765747,0.00020358858455438167,285.69451904296875,3.3501033612992615e-05,0.00027653269353322685,6.049948206054978e-05,0.19435447454452515,0.29979372024536133,0.006003473419696093,0.5893039107322693,1.5334131717681885,,,,,,,,,,,,,,
425,model.layers.12.mlp.up_proj.weight,3584,1024,0.00027901785714285713,0.0002837579231709242,2.520108938217163,-0.0008132382063195109,0.6435167193412781,0.00041767137008719146,0.22057245671749115,0.2413388192653656,0.006619762163609266,0.5257859230041504,1.5130215883255005,0.00027518661227077246,246.4247283935547,8.50721844471991e-05,0.0002934665244538337,9.58586169872433e-05,0.22151018679141998,0.26804977655410767,0.009132206439971924,0.5105249285697937,1.516682744026184,,,,,,,,,,,,,,
425,model.layers.12.mlp.down_proj.weight,1024,3584,0.00027901785714285713,0.0002754023007582873,2.6015520095825195,-0.00080390356015414,0.6701192259788513,0.00030566161149181426,0.2074834406375885,0.2773447632789612,0.027518950402736664,0.5144895315170288,1.406449556350708,0.0002590024669189006,188.86199951171875,2.6303514459868893e-05,0.00011859674123115838,7.302431913558394e-05,0.19358207285404205,0.299518346786499,0.007756263483315706,0.5816293358802795,1.513666033744812,8.0,0.06628119200468063,0.06556615233421326,0.660143256187439,3.766866575460881e-05,0.013019289821386337,11.28771686553955,0.002893296506291134,0.00023209424398373812,0.00041388225508853793,-0.016138505190610886,0.01481499895453453,,
425,model.layers.22.mlp.gate_proj.weight,3584,1024,0.00027901785714285713,0.0002883627312257886,2.9739227294921875,0.00021116554853506386,0.11628865450620651,0.0011966018937528133,0.1894528716802597,0.2523965537548065,0.008248044177889824,0.543861448764801,1.5278425216674805,0.0002302800421603024,228.76002502441406,9.53763537836494e-06,0.00023671433154959232,7.177411316661164e-05,0.20730987191200256,0.28536364436149597,0.0077713350765407085,0.567992091178894,1.5309797525405884,,,,,,,,,,,,,0.24394473433494568,0.2735500633716583
425,model.layers.22.mlp.up_proj.weight,3584,1024,0.00027901785714285713,0.00023900566156953573,3.372703790664673,-0.00024349612067453563,0.24537239968776703,0.0005675008287653327,0.16577821969985962,0.30874842405319214,0.010956835933029652,0.5924894213676453,1.5125936269760132,0.00026350730331614614,225.05978393554688,6.682903040200472e-05,0.0002830582088790834,0.00012502794561441988,0.217391699552536,0.2725095748901367,0.011742792092263699,0.539675235748291,1.5077037811279297,,,,,,,,,,,,,,
425,model.layers.22.mlp.down_proj.weight,1024,3584,0.00027901785714285713,0.00034354007220827043,2.8240935802459717,-0.0002965984749607742,0.2236914187669754,0.00039431548793800175,0.10772883892059326,0.40639397501945496,0.015866627916693687,0.570112407207489,1.4369606971740723,0.00025230346363969147,187.65158081054688,4.371029353933409e-05,0.000114068592665717,5.961400529486127e-05,0.21011236310005188,0.28111132979393005,0.008739466778934002,0.517820417881012,1.4716672897338867,8.0,0.07837274670600891,0.08015597611665726,0.8120372891426086,1.769980144672445e-06,0.00017104251310229301,0.6213655471801758,0.010348188368899244,-0.0023857916239649057,-0.00010773756366688758,-0.013035155832767487,0.09432736039161682,,
425,model.layers.1.linear_attn.in_proj_qkv.weight,6144,1024,0.00016276041666666666,0.0001328188955085352,2.3596653938293457,-0.0003353520587552339,0.3902842402458191,0.0005973442457616329,0.20052634179592133,0.24902434647083282,0.009258405305445194,0.5021399855613708,1.5293020009994507,0.00013252886128611863,144.84918212890625,3.295524948043749e-05,0.0002835867344401777,3.6393765185493976e-05,0.21909213066101074,0.27441781759262085,0.004737460985779762,0.5427192449569702,1.5434149503707886,8.0,0.06395195424556732,0.06585142761468887,0.5776751041412354,2.756650974333752e-05,0.01755101978778839,2.33435320854187,0.0015706500292659736,0.006022756453603506,0.003333777654916048,0.008427058346569538,0.07321912795305252,,
425,model.layers.1.linear_attn.out_proj.weight,1024,2048,0.00048828125,0.0007427340606227517,1.333019495010376,-0.00041075103217735887,0.8644312620162964,0.000513038772623986,0.13273721933364868,0.3552769720554352,0.016479497775435448,0.5067752599716187,1.4438552856445312,0.0003832096408586949,102.28486633300781,3.1364784263132606e-06,0.00010689209739211947,5.6159413361456245e-05,0.1933279186487198,0.30356281995773315,0.007922660559415817,0.5718888640403748,1.4864869117736816,,,,,,,,,,,,,,
425,model.layers.12.linear_attn.in_proj_qkv.weight,6144,1024,0.00016276041666666666,8.663334301672876e-05,2.538043260574341,-0.000265347131062299,0.32110849022865295,0.000299606443149969,0.15961618721485138,0.25575903058052063,0.0024950436782091856,0.6053598523139954,1.5543670654296875,0.00010642368579283357,247.1605682373047,2.1186773665249348e-05,0.00033690614509396255,5.635486013488844e-05,0.19366610050201416,0.3031012713909149,0.005053539760410786,0.5671644806861877,1.5505095720291138,8.0,0.06870760768651962,0.0670132264494896,0.747187077999115,1.3536064216168597e-05,0.004448926076292992,0.5753624439239502,0.0030425464447023003,0.004933645483106375,0.001652490347623825,0.005358293652534485,0.07654763013124466,,
425,model.layers.12.linear_attn.out_proj.weight,1024,2048,0.00048828125,0.0002719568437896669,2.250924587249756,-0.0005393737810663879,0.5356040596961975,3.7113073631189764e-05,0.1632513701915741,0.3334922790527344,0.013546906411647797,0.5108022093772888,1.4384541511535645,0.0004128700529690832,82.41801452636719,2.650571877893526e-05,0.0001324221957474947,6.547130033141002e-05,0.1766672283411026,0.3220396339893341,0.007065451238304377,0.6034656763076782,1.4900463819503784,,,,,,,,,,,,,,
425,model.layers.21.linear_attn.in_proj_qkv.weight,6144,1024,0.00016276041666666666,0.00010121991363121197,2.890493154525757,-0.0002767733531072736,0.09483920782804489,0.0007422689814120531,0.19175535440444946,0.23968125879764557,0.008713703602552414,0.5519800186157227,1.531219482421875,0.00011300592450425029,174.34165954589844,1.7514013961772434e-05,0.0003158672188874334,5.344305100152269e-05,0.20181861519813538,0.2891945540904999,0.006470574531704187,0.5853073596954346,1.5520437955856323,8.0,0.07120240479707718,0.07113668322563171,0.7823958992958069,-1.4594000674605923e-07,-0.00012667351984418929,0.05084853991866112,,-0.002883943961933255,-0.0004881799395661801,0.005878673400729895,0.043489906936883926,,
425,model.layers.21.linear_attn.out_proj.weight,1024,2048,0.00048828125,0.00036289208219386637,2.9994430541992188,-0.00022641733812633902,0.1535148322582245,0.00013268165639601648,0.14945708215236664,0.3576715290546417,0.009070783853530884,0.5500069856643677,1.4664198160171509,0.0003614758315961808,143.48388671875,3.1554180168313906e-05,0.00012441155558917671,4.374715354060754e-05,0.19577094912528992,0.3011345863342285,0.008498196490108967,0.5211344361305237,1.4702991247177124,,,,,,,,,,,,,,
450,model.layers.7.self_attn.q_proj.weight,4096,1024,0.000244140625,0.0001938877976499498,2.934142827987671,-0.00021187109814491123,0.2765722870826721,0.0007870822446420789,0.1769355982542038,0.26963070034980774,0.0068674772046506405,0.5441118478775024,1.5360039472579956,0.0001640855334699154,221.78651428222656,2.4038939955062233e-05,0.0002625484485179186,5.016186332795769e-05,0.2177758812904358,0.27764618396759033,0.006802726071327925,0.538936197757721,1.5395036935806274,8.0,0.08845517784357071,0.08333443105220795,0.8655628561973572,-6.556763310072711e-07,0.0041489568538963795,0.18410392105579376,-0.0001580340201396673,0.004820697009563446,0.0040307603776454926,0.015015983022749424,0.07409609109163284,0.3312086760997772,0.3361988365650177
450,model.layers.7.self_attn.k_proj.weight,512,1024,0.0009765625,0.0012169883120805025,3.0338170528411865,5.074278305983171e-06,0.19680148363113403,0.0013336370466277003,0.17566142976284027,0.2546263039112091,0.03024635836482048,0.6677325963973999,1.2922419309616089,0.0008797092596068978,91.3602523803711,0.00011734928557416424,9.601599595043808e-05,8.504476136295125e-05,0.21605777740478516,0.26595258712768555,0.009039363823831081,0.5494065284729004,1.4536751508712769,,,,,,,,,,,,,,
450,model.layers.7.self_attn.v_proj.weight,512,1024,0.0009765625,0.0008581419242545962,2.105393171310425,-0.0010547034908086061,0.35874783992767334,0.00016505045641679317,0.13642650842666626,0.2552742660045624,0.0028260175604373217,0.7439418435096741,1.4611161947250366,0.0007698623230680823,71.01075744628906,2.235312422271818e-05,9.966052311938256e-05,8.024441922316328e-05,0.23212866485118866,0.2551862895488739,0.008803623728454113,0.5152308940887451,1.4591490030288696,,,,,,,,,,,,,,
450,model.layers.7.self_attn.o_proj.weight,1024,2048,0.00048828125,0.0002082732826238498,2.1129329204559326,-0.0003359890542924404,0.5865941643714905,3.468045179033652e-05,0.14682060480117798,0.3567209839820862,0.01428491622209549,0.5206111669540405,1.4121869802474976,0.00048669337411411107,142.31488037109375,4.266751784598455e-05,0.00011951060878345743,5.313138535711914e-05,0.1711951047182083,0.323207288980484,0.006474330089986324,0.6335126757621765,1.5267881155014038,,,,,,,,,,,,,,
450,model.layers.15.self_attn.q_proj.weight,4096,1024,0.000244140625,0.00014579936396330595,3.934241533279419,0.00023429252905771136,0.25120455026626587,0.000464911776361987,0.2204882800579071,0.234611377120018,0.004499209113419056,0.4411493241786957,1.5447090864181519,0.00018379424000158906,216.18653869628906,1.6993893950711936e-05,0.00027103087631985545,3.382687282282859e-05,0.2294895052909851,0.2602286636829376,0.004486825317144394,0.4864656627178192,1.543251872062683,8.0,0.07332765311002731,0.07495620846748352,0.8551090359687805,-1.2879318092018366e-06,-0.0011861081002280116,0.19006291031837463,,-0.008202006109058857,-0.00020118158136028796,0.007292849477380514,0.05421070381999016,,
450,model.layers.15.self_attn.k_proj.weight,512,1024,0.0009765625,0.0009546533692628145,6.21394157409668,-9.459348802920431e-06,0.2127571851015091,1.8258650015923195e-05,0.2519800662994385,0.24009478092193604,0.0036954879760742188,0.5332508683204651,1.461872935295105,0.0008553566876798868,74.53616333007812,-3.1965115340426564e-05,9.965304343495518e-05,3.4607666748343036e-05,0.19055400788784027,0.30213063955307007,0.007296491414308548,0.5838287472724915,1.4755302667617798,,,,,,,,,,,,,,
450,model.layers.15.self_attn.v_proj.weight,512,1024,0.0009765625,0.0008700928883627057,1.7448679208755493,-0.0004579788655973971,0.2249138355255127,7.931121945148334e-05,0.18903420865535736,0.25417378544807434,0.0037567534018307924,0.6497915983200073,1.4347898960113525,0.0009695133194327354,73.26547241210938,3.2869789720280096e-05,8.231722313212231e-05,6.348577880999073e-05,0.2276766002178192,0.2630899250507355,0.007175194565206766,0.5152398347854614,1.4743582010269165,,,,,,,,,,,,,0.2890506684780121,0.3097546398639679
450,model.layers.15.self_attn.o_proj.weight,1024,2048,0.00048828125,0.00044957533827982843,1.6941726207733154,-0.00014675607962999493,0.4059749245643616,3.075323911616579e-05,0.08586477488279343,0.45235320925712585,0.018849754706025124,0.5670375227928162,1.4424002170562744,0.00043770659249275923,108.74864959716797,1.0663859939086251e-05,0.00010401773761259392,8.087117021204904e-05,0.1862882673740387,0.31335923075675964,0.007470934186130762,0.5915759205818176,1.5142042636871338,,,,,,,,,,,,,,
450,model.layers.19.self_attn.q_proj.weight,4096,1024,0.000244140625,0.00017616139666642994,3.797182559967041,-0.0004209564358461648,0.1322731375694275,0.000411431334214285,0.21426580846309662,0.24644805490970612,0.007970648817718029,0.45852169394493103,1.52959144115448,0.00018688224372453988,230.33306884765625,1.8956941858050413e-05,0.0002630690869409591,4.279270797269419e-05,0.22223497927188873,0.270193487405777,0.004663135390728712,0.5089618563652039,1.543792724609375,8.0,0.07025668025016785,0.07001063227653503,0.8491555452346802,-2.5537434567013406e-07,-0.0004161377146374434,0.07421097904443741,,0.0025306614115834236,-0.0007196667138487101,0.007696584798395634,0.06816992908716202,,
450,model.layers.19.self_attn.k_proj.weight,512,1024,0.0009765625,0.0010153118055313826,4.553853988647461,-8.4590019469033e-06,0.12234131246805191,0.0001407746458426118,0.25075772404670715,0.2211729884147644,0.01311698742210865,0.5452613830566406,1.3794745206832886,0.0009236654732376337,92.67850494384766,-3.6162800824968144e-05,9.879533899948001e-05,6.262880197027698e-05,0.21763870120048523,0.2700081765651703,0.00797272939234972,0.5620632767677307,1.453561782836914,,,,,,,,,,,,,,
450,model.layers.19.self_attn.v_proj.weight,512,1024,0.0009765625,0.0006244225660338998,1.6422450542449951,0.0008849380537867546,0.11018981784582138,0.0005663353367708623,0.13004113733768463,0.27352771162986755,0.003909203689545393,0.7041716575622559,1.436068058013916,0.000802674563601613,58.24091720581055,-6.7998507802258246e-06,7.730483775958419e-05,7.994830957613885e-05,0.23465929925441742,0.2609277665615082,0.00839275773614645,0.5132931470870972,1.4320526123046875,,,,,,,,,,,,,,
450,model.layers.19.self_attn.o_proj.weight,1024,2048,0.00048828125,0.0004258807748556137,1.4313443899154663,0.00023706514912191778,0.24449725449085236,3.92564179492183e-05,0.06570477038621902,0.5010297894477844,0.006242837756872177,0.5996034741401672,1.4666872024536133,0.0004476895846892148,123.82783508300781,1.2465954569051974e-05,9.003687591757625e-05,7.116038614185527e-05,0.19722384214401245,0.29599785804748535,0.008508005179464817,0.538973867893219,1.4769536256790161,,,,,,,,,,,,,,
450,model.layers.1.mlp.gate_proj.weight,3584,1024,0.00027901785714285713,0.0002243519847979769,3.269237756729126,0.0003456520498730242,0.2444421350955963,0.0003792409843299538,0.18445850908756256,0.2891051471233368,0.007670010905712843,0.522557258605957,1.5222656726837158,0.00026698721922002733,240.47862243652344,1.2060780136380345e-05,0.00023038696963340044,9.471246448811144e-05,0.22138430178165436,0.27005723118782043,0.008203358389437199,0.5377633571624756,1.5287445783615112,,,,,,,,,,,,,0.3485230505466461,0.32865986227989197
450,model.layers.1.mlp.up_proj.weight,3584,1024,0.00027901785714285713,0.0002617758873384446,2.975728750228882,0.00043133017607033253,0.4067487120628357,0.00015040059224702418,0.1686624437570572,0.31654849648475647,0.008478978648781776,0.5056098699569702,1.5165822505950928,0.0002994394162669778,189.39453125,3.132105484837666e-05,0.00027305353432893753,8.532089850632474e-05,0.23086556792259216,0.26015719771385193,0.009669026359915733,0.5083171725273132,1.5132578611373901,,,,,,,,,,,,,,
450,model.layers.1.mlp.down_proj.weight,1024,3584,0.00027901785714285713,0.00027457159012556076,5.810843467712402,0.0004320273583289236,0.4027710258960724,0.0003058855654671788,0.19363747537136078,0.2806973457336426,0.012123125605285168,0.5413802266120911,1.439257025718689,0.00027090494404546916,125.86932373046875,2.1037134501966648e-05,0.00010922060027951375,0.00010027163079939783,0.21430690586566925,0.27758273482322693,0.009040671400725842,0.5356871485710144,1.4888489246368408,8.0,0.07827472686767578,0.06893039494752884,0.8446077704429626,-1.6888690879568458e-05,-0.015834908932447433,1.2720779180526733,,-0.0019166456768289208,-0.003442889777943492,0.01158820278942585,0.041565727442502975,,
450,model.layers.12.mlp.gate_proj.weight,3584,1024,0.00027901785714285713,0.000194923224626109,3.05326247215271,0.00018755163182504475,0.27996522188186646,0.0007620467804372311,0.18924571573734283,0.2452572137117386,0.006196417845785618,0.5650153756141663,1.5284837484359741,0.00021823887072969228,262.8072509765625,5.202417014515959e-05,0.00027314710314385593,5.2601575589505956e-05,0.19238601624965668,0.3029691278934479,0.005915567744523287,0.5917405486106873,1.5376306772232056,,,,,,,,,,,,,,
450,model.layers.12.mlp.up_proj.weight,3584,1024,0.00027901785714285713,0.00027955416589975357,2.811201810836792,-0.00037298264214769006,0.45784792304039,0.00043106148950755596,0.22156383097171783,0.24601000547409058,0.008660187013447285,0.5040213465690613,1.5097006559371948,0.000286286958726123,265.54534912109375,5.1736878958763555e-05,0.00029292484396137297,9.107774531003088e-05,0.2235071361064911,0.26720139384269714,0.00951483752578497,0.5107834935188293,1.5185171365737915,,,,,,,,,,,,,,
450,model.layers.12.mlp.down_proj.weight,1024,3584,0.00027901785714285713,0.00026187318144366145,5.364986896514893,-0.00039829465094953775,0.4389253556728363,0.00014308284153230488,0.2140723466873169,0.27337583899497986,0.021848279982805252,0.49810168147087097,1.3844505548477173,0.0002192331594415009,147.40643310546875,2.2942669602343813e-05,0.00011727506353054196,8.050075848586857e-05,0.19140350818634033,0.3020482063293457,0.007719287183135748,0.5856431722640991,1.517893671989441,8.0,0.06774096935987473,0.07166769355535507,0.8362663984298706,-1.0592812031973153e-05,-0.007883526384830475,1.2856807708740234,,-0.00726679852232337,-0.0011956572998315096,-0.006148252636194229,0.03616579994559288,,
450,model.layers.22.mlp.gate_proj.weight,3584,1024,0.00027901785714285713,0.0003007530758623034,3.1266210079193115,0.0033561517484486103,0.10021551698446274,0.0010740007273852825,0.18879304826259613,0.24293570220470428,0.007509787566959858,0.5408799648284912,1.5186294317245483,0.0002243987692054361,245.6921844482422,1.8881892174249515e-05,0.00023445945407729596,7.723082671873271e-05,0.20597395300865173,0.2850761115550995,0.00817080494016409,0.5710251331329346,1.5278457403182983,,,,,,,,,,,,,0.3327701687812805,0.3300958573818207
450,model.layers.22.mlp.up_proj.weight,3584,1024,0.00027901785714285713,0.00020945179858244956,3.2042171955108643,0.002478359965607524,0.21244673430919647,0.0011351002613082528,0.18038994073867798,0.28773078322410583,0.015198350884020329,0.5683874487876892,1.507204294204712,0.0002485554141458124,219.33912658691406,5.510962364496663e-05,0.00027937922277487814,9.748965385369956e-05,0.21794536709785461,0.2720946669578552,0.01179138757288456,0.5378357768058777,1.5126394033432007,,,,,,,,,,,,,,
450,model.layers.22.mlp.down_proj.weight,1024,3584,0.00027901785714285713,0.0004462597717065364,2.774075508117676,0.002800003858283162,0.2061159312725067,0.0003026343765668571,0.1162140890955925,0.3908475637435913,0.010919751599431038,0.551105260848999,1.4763233661651611,0.0002872914192266762,184.56297302246094,3.810640919255093e-05,0.00011402056406950578,7.368889055214822e-05,0.21336683630943298,0.27957218885421753,0.008461414836347103,0.5179288983345032,1.475888729095459,8.0,0.07716838270425797,0.08478178828954697,0.8171948194503784,6.538129127875436e-06,0.003063601441681385,0.27073705196380615,0.0021341317571280222,-0.004131701309233904,0.0033979900181293488,-0.0022690799087285995,0.10920900851488113,,
450,model.layers.1.linear_attn.in_proj_qkv.weight,6144,1024,0.00016276041666666666,0.0001247670443262905,2.487043857574463,9.914258407661691e-05,0.21693459153175354,0.0007075803587213159,0.19626250863075256,0.25701820850372314,0.007959169335663319,0.5096472501754761,1.5344256162643433,0.0001344384072581306,171.05328369140625,1.576549584569875e-05,0.0002917230303864926,6.027879499015398e-05,0.2201770842075348,0.27276983857154846,0.0047088670544326305,0.542016327381134,1.544946312904358,8.0,0.06251567602157593,0.06377357244491577,0.8326947093009949,6.39341919850267e-07,-0.0032072621397674084,0.17475953698158264,,-0.0024642173666507006,-0.004470205865800381,-0.012327278964221478,0.06649711728096008,,
450,model.layers.1.linear_attn.out_proj.weight,1024,2048,0.00048828125,0.00023000012151896954,1.4123661518096924,-0.00026356824673712254,0.48109132051467896,0.00034326655440963805,0.12793922424316406,0.3649387061595917,0.011842160485684872,0.5286458134651184,1.4378352165222168,0.00041554844938218594,70.22748565673828,-3.704837217810564e-05,0.00011133782390970737,6.071973984944634e-05,0.19805315136909485,0.2993408143520355,0.008292431943118572,0.5605161786079407,1.4825140237808228,,,,,,,,,,,,,,
450,model.layers.12.linear_attn.in_proj_qkv.weight,6144,1024,0.00016276041666666666,7.272633229149505e-05,2.3642990589141846,-6.014568862156011e-05,0.2837468981742859,0.0004529331636149436,0.16467998921871185,0.25192636251449585,0.0033359171357005835,0.586254894733429,1.552398443222046,0.00010494430898688734,226.1626434326172,1.5517101928708144e-05,0.0003355553199071437,3.985832881880924e-05,0.1942419558763504,0.30246204137802124,0.005174961872398853,0.5660809278488159,1.5494365692138672,8.0,0.06945936381816864,0.06905145198106766,0.8305848240852356,-2.940917056548642e-06,-0.0014045247808098793,0.12102539837360382,,-0.0027997863944619894,-0.0019311780342832208,-0.0018062987364828587,0.09331027418375015,,
450,model.layers.12.linear_attn.out_proj.weight,1024,2048,0.00048828125,0.0002892035699915141,2.2777860164642334,0.0007746698684059083,0.3844475746154785,7.236203964566812e-05,0.16424497961997986,0.32575827836990356,0.018063006922602654,0.5007213950157166,1.4151076078414917,0.0003828694752883166,101.35108184814453,-3.157209675919148e-06,0.000132255008793436,5.794464232167229e-05,0.17734968662261963,0.32305651903152466,0.007223180029541254,0.6008835434913635,1.4928648471832275,,,,,,,,,,,,,,
450,model.layers.21.linear_attn.in_proj_qkv.weight,6144,1024,0.00016276041666666666,0.00011034970520995557,3.1259050369262695,-0.00046039826702326536,0.07394500821828842,0.0008059994434006512,0.18734197318553925,0.2438562512397766,0.006582939997315407,0.5570530891418457,1.5368050336837769,0.00011660961899906397,194.2145538330078,1.8218293917016126e-05,0.00032006806577555835,5.4854663176229224e-05,0.1994946300983429,0.2932851314544678,0.006137844640761614,0.5889013409614563,1.549808382987976,8.0,0.07789532840251923,0.07912054657936096,0.8367253541946411,-2.658226776475203e-07,-0.0004064033564645797,0.011762053705751896,,-0.012468090280890465,-0.009249474853277206,0.021741025149822235,0.05787065252661705,,
450,model.layers.21.linear_attn.out_proj.weight,1024,2048,0.00048828125,0.000378249998902902,2.805832624435425,-0.0008260284084826708,0.1389646977186203,0.00011105003068223596,0.1611858755350113,0.333312064409256,0.007689510006457567,0.5205034017562866,1.4651901721954346,0.000390400062315166,169.26719665527344,-1.9968840206274763e-05,0.00012252198939677328,4.2874169594142586e-05,0.1967233419418335,0.30106422305107117,0.008648536168038845,0.5187252163887024,1.4710897207260132,,,,,,,,,,,,,,
475,model.layers.7.self_attn.q_proj.weight,4096,1024,0.000244140625,0.00014418277714867145,2.606083869934082,0.0009135422296822071,0.36477231979370117,0.0015232753939926624,0.17083889245986938,0.26738378405570984,0.008232668973505497,0.5326535105705261,1.5382204055786133,0.00016410188982263207,235.9321746826172,3.1113711884245276e-05,0.0002643037587404251,5.8178044127998874e-05,0.2166353464126587,0.27709516882896423,0.006505191791802645,0.5397787690162659,1.537083625793457,8.0,0.09886333346366882,0.09797544032335281,0.7752285003662109,5.622626304102596e-06,0.0014828004641458392,0.22744938731193542,0.003791896779140466,0.0017679502489045262,0.0019786434713751078,-0.0003543620987329632,0.05472058057785034,0.36700430512428284,0.37601006031036377
475,model.layers.7.self_attn.k_proj.weight,512,1024,0.0009765625,0.001205063541419804,3.4834227561950684,1.7379787777827005e-06,0.2741210460662842,0.0037626426201313734,0.1454618126153946,0.25913703441619873,0.02910357341170311,0.7146982550621033,1.2953041791915894,0.0009886675979942083,120.09626007080078,9.706863784231246e-05,9.380797564517707e-05,8.591885125497356e-05,0.2177603840827942,0.2657022774219513,0.00917619839310646,0.5483109354972839,1.3994909524917603,,,,,,,,,,,,,,
475,model.layers.7.self_attn.v_proj.weight,512,1024,0.0009765625,0.0007529139402322471,1.733195424079895,-8.943754073698074e-05,0.5190407037734985,0.00029553769854828715,0.13563019037246704,0.24565427005290985,0.0030888670589774847,0.7438423037528992,1.460107684135437,0.0009107751538977027,62.05482482910156,6.170073902467266e-05,9.908033825922757e-05,9.937856520991772e-05,0.23481157422065735,0.25012221932411194,0.009233352728188038,0.5058714747428894,1.4312249422073364,,,,,,,,,,,,,,
475,model.layers.7.self_attn.o_proj.weight,1024,2048,0.00048828125,0.00021729279251303524,1.864985466003418,-3.107939846813679e-05,0.8209483027458191,3.91921385016758e-05,0.15175464749336243,0.3432411551475525,0.017726808786392212,0.5064190030097961,1.4253313541412354,0.0004463701043277979,131.8373565673828,1.5373265341622755e-05,0.0001212081333505921,5.470987889566459e-05,0.17116136848926544,0.3238825798034668,0.006492519751191139,0.6358015537261963,1.5336004495620728,,,,,,,,,,,,,,
475,model.layers.15.self_attn.q_proj.weight,4096,1024,0.000244140625,0.00013737664266955107,2.348278284072876,0.0007597879157401621,0.3910619914531708,0.00043045030906796455,0.20983703434467316,0.24281257390975952,0.004516760818660259,0.45933419466018677,1.5474827289581299,0.00018069760699290782,233.52345275878906,4.396712756715715e-05,0.0002676446456462145,3.5114881029585376e-05,0.22967545688152313,0.2600148916244507,0.004454946611076593,0.4869679808616638,1.5441185235977173,8.0,0.09178118407726288,0.09009411185979843,0.7680909037590027,2.637854322529165e-06,-0.0032660490833222866,0.2589300274848938,,-0.00733779976144433,-0.003293209709227085,0.004870235454291105,0.04436501860618591,,
475,model.layers.15.self_attn.k_proj.weight,512,1024,0.0009765625,0.0011315435403957963,3.7009713649749756,-2.2496205929201096e-06,0.3175797164440155,0.00019217365479562432,0.2450868785381317,0.22953566908836365,0.005025273188948631,0.5574213266372681,1.4478782415390015,0.0008032805053517222,83.34336853027344,3.8430032873293385e-05,0.00010002488852478564,7.139756780816242e-05,0.192356139421463,0.3002818822860718,0.007424430921673775,0.5845620632171631,1.470150351524353,,,,,,,,,,,,,,
475,model.layers.15.self_attn.v_proj.weight,512,1024,0.0009765625,0.0009230318828485906,1.7464311122894287,-0.0014931662008166313,0.3070432245731354,0.000257774256169796,0.18362052738666534,0.259554386138916,0.004091947339475155,0.6573075652122498,1.4546836614608765,0.0009204494999721646,89.89860534667969,-1.6395881175412796e-05,8.188269566744566e-05,2.6155808882322162e-05,0.22940540313720703,0.26402047276496887,0.0072967796586453915,0.5192588567733765,1.460595965385437,,,,,,,,,,,,,0.34008997678756714,0.3474472165107727
475,model.layers.15.self_attn.o_proj.weight,1024,2048,0.00048828125,0.0003380086272954941,1.7112839221954346,-0.0004989197477698326,0.555221438407898,3.831576032098383e-05,0.09733985364437103,0.4368317723274231,0.015970099717378616,0.5603843331336975,1.4505890607833862,0.00043678682413883507,96.40853118896484,2.1438425392261706e-05,0.00010428760288050398,7.78113681008108e-05,0.18367360532283783,0.3141571283340454,0.007449203636497259,0.5935525894165039,1.507522463798523,,,,,,,,,,,,,,
475,model.layers.19.self_attn.q_proj.weight,4096,1024,0.000244140625,0.00017678207950666547,4.045058727264404,0.0009068006766028702,0.1951901912689209,0.0005489366594702005,0.2182963490486145,0.23961241543293,0.008654823526740074,0.4400610625743866,1.5307270288467407,0.0002019826351897791,221.99252319335938,2.844887421815656e-05,0.0002635786368045956,4.0631581214256585e-05,0.22079111635684967,0.27284061908721924,0.004568157717585564,0.5107095837593079,1.5424388647079468,8.0,0.10044145584106445,0.09765137732028961,0.7822760343551636,2.239830337202875e-06,0.0013431126717478037,0.09440868347883224,0.0016676414304751998,0.00890426803380251,0.005128270015120506,0.00953134335577488,0.06170454993844032,,
475,model.layers.19.self_attn.k_proj.weight,512,1024,0.0009765625,0.0011418802896514535,4.785520553588867,1.1138040463265497e-05,0.1890682578086853,0.000263452559011057,0.26409703493118286,0.2117445021867752,0.014231131412088871,0.537431538105011,1.3562666177749634,0.0008981457212939858,92.08210754394531,-6.215067696757615e-05,9.82341225608252e-05,6.027733252267353e-05,0.21703988313674927,0.2709866166114807,0.007932350970804691,0.5634775757789612,1.4516077041625977,,,,,,,,,,,,,,
475,model.layers.19.self_attn.v_proj.weight,512,1024,0.0009765625,0.0007063234224915504,1.6323890686035156,-0.0006084843189455569,0.14250603318214417,0.0004052255826536566,0.13013745844364166,0.28614792227745056,0.003342176554724574,0.7144936919212341,1.4511241912841797,0.0009587006061337888,68.08661651611328,4.240827365720179e-06,7.686222670599818e-05,6.313445919658989e-05,0.23644116520881653,0.2586447298526764,0.008984693326056004,0.5097896456718445,1.4377702474594116,,,,,,,,,,,,,,
475,model.layers.19.self_attn.o_proj.weight,1024,2048,0.00048828125,0.0004421198973432183,1.4804353713989258,-0.00018587974773254246,0.275479793548584,6.055644553271122e-05,0.06578661501407623,0.5043975710868835,0.007596049923449755,0.6188434362411499,1.4787375926971436,0.0003943299234379083,122.81591033935547,-2.1811219141909532e-07,8.942625572672114e-05,8.136698306770995e-05,0.20029807090759277,0.2928083837032318,0.008893013931810856,0.5364678502082825,1.4718579053878784,,,,,,,,,,,,,,
475,model.layers.1.mlp.gate_proj.weight,3584,1024,0.00027901785714285713,0.00028483662754297256,2.86537504196167,0.00044248669291846454,0.3247740566730499,0.0004087412671651691,0.17733092606067657,0.296783983707428,0.009949484840035439,0.5222527980804443,1.5109806060791016,0.0002652179973665625,261.91015625,3.1440024031326175e-05,0.00023164616141002625,7.453611033270136e-05,0.22148066759109497,0.2713739573955536,0.008155527524650097,0.5381658673286438,1.5295060873031616,,,,,,,,,,,,,0.33261916041374207,0.3409118950366974
475,model.layers.1.mlp.up_proj.weight,3584,1024,0.00027901785714285713,0.0002697478048503399,2.5979151725769043,0.0005735637969337404,0.5419225096702576,0.00011733756400644779,0.15941086411476135,0.3304813802242279,0.00717328954488039,0.5090407133102417,1.5160102844238281,0.0002720498014241457,192.27993774414062,7.57668458390981e-05,0.0002746078243944794,0.00011407897545723245,0.2308821678161621,0.26007965207099915,0.009752013720571995,0.5103196501731873,1.5150688886642456,,,,,,,,,,,,,,
475,model.layers.1.mlp.down_proj.weight,1024,3584,0.00027901785714285713,0.0002687614760361612,4.861706256866455,0.0005885030259378254,0.5295951962471008,0.0007752096280455589,0.1894538253545761,0.2805303931236267,0.012157863937318325,0.5426394939422607,1.4491311311721802,0.0002701914345379919,95.30380249023438,1.830438122851774e-05,0.0001100035005947575,0.00010224057041341439,0.2168789952993393,0.2746499180793762,0.008507766760885715,0.5321711301803589,1.4738490581512451,8.0,0.09814012050628662,0.0963623970746994,0.7866743803024292,-7.959080903674476e-06,0.0011927769519388676,0.8875608444213867,-0.0066727319728444884,-0.005858243443071842,0.0003181682259310037,0.002736589638516307,0.04446476325392723,,
475,model.layers.12.mlp.gate_proj.weight,3584,1024,0.00027901785714285713,0.00019581626111175865,2.676875591278076,0.0012360508553683758,0.3943040668964386,0.0009848664049059153,0.18770721554756165,0.23954282701015472,0.006757825147360563,0.5740780830383301,1.52950119972229,0.0002107081818394363,282.75311279296875,5.7578734413255006e-05,0.00027577346190810204,6.382509309332818e-05,0.19399704039096832,0.3011881113052368,0.0062867868691682816,0.5891144871711731,1.5328593254089355,,,,,,,,,,,,,,
475,model.layers.12.mlp.up_proj.weight,3584,1024,0.00027901785714285713,0.0002682544873096049,2.5884017944335938,0.0010124362306669354,0.6415058374404907,0.0003870018117595464,0.21615910530090332,0.2532568573951721,0.00695128133520484,0.5175364017486572,1.517680048942566,0.0002789101272355765,248.70623779296875,6.426301843021065e-05,0.00029222056036815047,6.802462303312495e-05,0.22289618849754333,0.26575779914855957,0.009289969690144062,0.5105841159820557,1.5213197469711304,,,,,,,,,,,,,,
475,model.layers.12.mlp.down_proj.weight,1024,3584,0.00027901785714285713,0.00023273965052794665,4.789115905761719,0.0011107668979093432,0.6042282581329346,0.00013065834355074912,0.21413366496562958,0.2707710564136505,0.023009398952126503,0.4932812750339508,1.3842358589172363,0.0002489006146788597,178.79408264160156,3.388446930330247e-05,0.00011755703599192202,5.500370025401935e-05,0.19213910400867462,0.29989102482795715,0.00806718971580267,0.5832735300064087,1.5122445821762085,8.0,0.08739089965820312,0.09127970784902573,0.7774496674537659,-2.097818287438713e-05,-0.015064030885696411,1.4285407066345215,,-0.0014069470344111323,-0.0040746452286839485,0.0012745063286274672,0.03465084731578827,,
475,model.layers.22.mlp.gate_proj.weight,3584,1024,0.00027901785714285713,0.0002482856798451394,2.8730807304382324,0.0022614295594394207,0.12176100164651871,0.0005711102858185768,0.1735687553882599,0.2578664720058441,0.005150080658495426,0.5591750741004944,1.5300092697143555,0.00019662802515085787,226.91943359375,5.247779699857347e-05,0.00023770179541315883,6.7627799580805e-05,0.20603251457214355,0.28701457381248474,0.007594965863972902,0.5709382891654968,1.5321730375289917,,,,,,,,,,,,,0.4028509855270386,0.4023665189743042
475,model.layers.22.mlp.up_proj.weight,3584,1024,0.00027901785714285713,0.00041903619421646,2.3227078914642334,0.0013368034269660711,0.29755666851997375,0.0005448622396215796,0.16932035982608795,0.3026549816131592,0.009520958177745342,0.5655672550201416,1.5098340511322021,0.00022875629656482488,221.95849609375,7.223858847282827e-05,0.0002814284816849977,9.56883086473681e-05,0.2178192436695099,0.2713778018951416,0.012065132148563862,0.5390313863754272,1.5078259706497192,,,,,,,,,,,,,,
475,model.layers.22.mlp.down_proj.weight,1024,3584,0.00027901785714285713,0.0003948622033931315,2.5472238063812256,0.0016380642773583531,0.2664506137371063,0.00019330470240674913,0.10926401615142822,0.40037089586257935,0.007287363521754742,0.562341034412384,1.4750304222106934,0.00024810427566990256,193.02101135253906,3.901489617419429e-05,0.00011399004142731428,0.0001076292828656733,0.21078267693519592,0.28102535009384155,0.008789573796093464,0.5186069011688232,1.4809305667877197,8.0,0.0862981379032135,0.08743587136268616,0.7517389059066772,2.1865064354642527e-06,-0.0035323931369930506,0.3761366605758667,,0.0010748383356258273,-0.0030213207937777042,-0.00032557296799495816,0.10763102769851685,,
475,model.layers.1.linear_attn.in_proj_qkv.weight,6144,1024,0.00016276041666666666,0.00014835447655059397,2.355314254760742,-0.00010148359433514997,0.2761271297931671,0.0006955302087590098,0.1844651997089386,0.26819998025894165,0.007656976580619812,0.5251731872558594,1.5362404584884644,0.0001337389403488487,177.6765594482422,2.0893166947644204e-05,0.00028925208607688546,3.870417276630178e-05,0.2199629843235016,0.27337217330932617,0.004812354687601328,0.5403544306755066,1.5449719429016113,8.0,0.09646386653184891,0.09630676358938217,0.7741156816482544,2.368822151765926e-06,-9.745999705046415e-06,0.1057853028178215,,-0.01341171283274889,-0.0003970905381720513,0.0032782088965177536,0.06112147122621536,,
475,model.layers.1.linear_attn.out_proj.weight,1024,2048,0.00048828125,0.00021278177155181766,1.3628783226013184,-0.00018729684234131128,0.6546488404273987,0.0002972479851450771,0.12629710137844086,0.37042465806007385,0.009233913384377956,0.5240359306335449,1.4588391780853271,0.0003850550565402955,59.190025329589844,2.6733148843050003e-05,0.00011030187306459993,6.659420614596456e-05,0.198335662484169,0.2974754869937897,0.007916826754808426,0.5627608299255371,1.474648118019104,,,,,,,,,,,,,,
475,model.layers.12.linear_attn.in_proj_qkv.weight,6144,1024,0.00016276041666666666,6.503115582745522e-05,2.3050177097320557,0.00017322396161034703,0.4097239673137665,0.00023380845959763974,0.16394580900669098,0.24469487369060516,0.0024413608480244875,0.5908285975456238,1.5514336824417114,0.00010565094271441922,233.98416137695312,2.613332253531553e-05,0.0003360626578796655,3.986904630437493e-05,0.19451668858528137,0.30149900913238525,0.0052350671030581,0.5654175877571106,1.5501090288162231,8.0,0.08381841331720352,0.08690013736486435,0.7471257448196411,-3.1466511245525908e-06,-0.004058279562741518,0.18553075194358826,,-0.011234934441745281,-0.00787038542330265,-0.0172539371997118,0.07359929382801056,,
475,model.layers.12.linear_attn.out_proj.weight,1024,2048,0.00048828125,0.00027500296710059047,2.159332752227783,-6.741542892996222e-05,0.5351598262786865,6.647991540376097e-05,0.17052599787712097,0.3252924680709839,0.01628054305911064,0.5061317086219788,1.415543794631958,0.00042056565871462226,111.42772674560547,3.671790909720585e-05,0.0001322054595220834,5.0743612518999726e-05,0.17663225531578064,0.32130560278892517,0.007045926991850138,0.602921724319458,1.502643346786499,,,,,,,,,,,,,,
475,model.layers.21.linear_attn.in_proj_qkv.weight,6144,1024,0.00016276041666666666,0.00011559441190911457,3.086226224899292,0.00010497471521375701,0.08653302490711212,0.0005785400280728936,0.1867188662290573,0.24487993121147156,0.0053071691654622555,0.5634769201278687,1.5426734685897827,0.00011166946205776185,186.65756225585938,1.928359597513918e-05,0.00031574731110595167,5.7167926570400596e-05,0.20098073780536652,0.2908523380756378,0.00634881341829896,0.5858505964279175,1.548519492149353,8.0,0.10195337235927582,0.09169307351112366,0.787199079990387,6.528048857035174e-08,-3.1133917218539864e-05,0.012122070416808128,,-0.0019172622123733163,-0.001296458882279694,-0.007578432094305754,0.04099278897047043,,
475,model.layers.21.linear_attn.out_proj.weight,1024,2048,0.00048828125,0.00034238051739521325,2.669344186782837,-0.0004113041504751891,0.17104865610599518,0.000196181281353347,0.14198456704616547,0.3686181902885437,0.00881892815232277,0.5613353252410889,1.4684613943099976,0.00037402319139800966,140.06631469726562,2.608712384244427e-05,0.0001234708761330694,3.9914441003929824e-05,0.19560027122497559,0.30171483755111694,0.008776077069342136,0.5188664793968201,1.463330864906311,,,,,,,,,,,,,,
500,model.layers.7.self_attn.q_proj.weight,4096,1024,0.000244140625,0.00010602136899251491,2.271022081375122,0.0004487207916099578,0.2699481248855591,0.0006271054153330624,0.17372505366802216,0.2626199722290039,0.006048898212611675,0.5205809473991394,1.5390461683273315,0.000174889006302692,240.1872100830078,3.792239658650942e-05,0.00026339187752455473,6.21397266513668e-05,0.21687838435173035,0.2767159044742584,0.0067647648975253105,0.5388292074203491,1.5435376167297363,8.0,0.07657347619533539,0.0733356773853302,0.8613324165344238,-1.2902479284093715e-05,-0.003424005815759301,0.1686059832572937,,0.0009200553176924586,-0.003686504904180765,0.001981079811230302,0.06524530053138733,0.2834743857383728,0.2733743190765381
500,model.layers.7.self_attn.k_proj.weight,512,1024,0.0009765625,0.0009114434942603111,3.630441665649414,-5.4805032050353475e-06,0.1840994507074356,0.0006035916157998145,0.15116555988788605,0.24741137027740479,0.01981661468744278,0.7157114744186401,1.32939612865448,0.0009893538663163781,100.54669189453125,7.158249354688451e-05,9.439050336368382e-05,0.00010454086441313848,0.2134939581155777,0.26746422052383423,0.00836659874767065,0.5549155473709106,1.4714893102645874,,,,,,,,,,,,,,
500,model.layers.7.self_attn.v_proj.weight,512,1024,0.0009765625,0.0008472731569781899,1.7770417928695679,0.00016188072913791984,0.3834538459777832,0.0007126542623154819,0.13280881941318512,0.24741314351558685,0.004681481514126062,0.7466164231300354,1.462297797203064,0.0008543924777768552,75.50861358642578,1.088354201783659e-05,0.00010042365465778857,5.9405851061455905e-05,0.23560354113578796,0.2529154121875763,0.0075818635523319244,0.5094720125198364,1.4419785737991333,,,,,,,,,,,,,,
500,model.layers.7.self_attn.o_proj.weight,1024,2048,0.00048828125,0.0001994620106415823,2.076663017272949,4.9650840082904324e-05,0.6135708689689636,3.768960596062243e-05,0.14821824431419373,0.3482249081134796,0.017514655366539955,0.5127086043357849,1.4172134399414062,0.0004426729865372181,140.64288330078125,3.143117282888852e-05,0.00012259646609891206,7.5456642662175e-05,0.17053714394569397,0.32601967453956604,0.0065976823680102825,0.6371304392814636,1.5241650342941284,,,,,,,,,,,,,,
500,model.layers.15.self_attn.q_proj.weight,4096,1024,0.000244140625,0.0001294904650421813,3.0722029209136963,-0.0005176807171665132,0.25603538751602173,0.00028977563488297164,0.2166621834039688,0.23527157306671143,0.003762634238228202,0.44646093249320984,1.5455185174942017,0.00017663397011347115,228.3758087158203,1.664116462052334e-05,0.0002717363531701267,4.11127221013885e-05,0.2278682440519333,0.260873019695282,0.004298659041523933,0.48871830105781555,1.5490916967391968,8.0,0.07189342379570007,0.06540729850530624,0.8656764626502991,-5.597335530183045e-06,-0.001519927172921598,0.17055734992027283,,0.00025928221293725073,-0.0017260268796235323,-0.006416636519134045,0.048462897539138794,,
500,model.layers.15.self_attn.k_proj.weight,512,1024,0.0009765625,0.0010443119099363685,4.035542964935303,-7.2714533416728955e-06,0.21382290124893188,2.449654675729107e-05,0.27143600583076477,0.22066232562065125,0.003811710746958852,0.5085486769676208,1.4775272607803345,0.0008213614928536117,57.15365219116211,-1.3760069350610138e-06,9.972552652470767e-05,2.534526720410213e-05,0.18776854872703552,0.306195467710495,0.006722905673086643,0.5914158225059509,1.483381748199463,,,,,,,,,,,,,,
500,model.layers.15.self_attn.v_proj.weight,512,1024,0.0009765625,0.000954994058702141,2.2222137451171875,0.0003171647840645164,0.2554319500923157,0.00011434336920501664,0.21751253306865692,0.24138540029525757,0.00245979824103415,0.6145877838134766,1.4496721029281616,0.0010175594361498952,73.12531280517578,2.0418160602275748e-06,8.256556611740962e-05,0.00010225094592897221,0.2272666096687317,0.2630861699581146,0.006719997618347406,0.5125728249549866,1.4612045288085938,,,,,,,,,,,,,0.26344311237335205,0.28314587473869324
500,model.layers.15.self_attn.o_proj.weight,1024,2048,0.00048828125,0.00036679735057987273,1.9305428266525269,0.00012475767289288342,0.4050773084163666,2.8047152227372862e-05,0.10122913867235184,0.4223678708076477,0.014274637214839458,0.5495897531509399,1.4233444929122925,0.00044524151599034667,96.91349029541016,4.324761903262697e-06,0.00010508539708098397,7.938822091091424e-05,0.18418850004673004,0.3141196370124817,0.007793188560754061,0.5897548794746399,1.5112823247909546,,,,,,,,,,,,,,
500,model.layers.19.self_attn.q_proj.weight,4096,1024,0.000244140625,0.0001755881676217541,3.7805919647216797,0.0005673576961271465,0.14114893972873688,0.00046660317457281053,0.22134092450141907,0.23657453060150146,0.008638502098619938,0.4355708062648773,1.5283931493759155,0.00019948599219787866,180.18975830078125,1.866403727035504e-05,0.0002671357651706785,3.799574915319681e-05,0.22375677525997162,0.26941433548927307,0.004538665525615215,0.5089547634124756,1.5468391180038452,8.0,0.06399402022361755,0.06956829875707626,0.870415210723877,-7.785968136886368e-08,-0.0004194629145786166,0.058777302503585815,,-0.002873191609978676,-0.001072519808076322,-0.001293657231144607,0.052592746913433075,,
500,model.layers.19.self_attn.k_proj.weight,512,1024,0.0009765625,0.0010044395457953215,4.898083209991455,1.3602023045677925e-06,0.1303413063287735,0.00018455914687365294,0.25812533497810364,0.2201721966266632,0.011171761900186539,0.5449573993682861,1.3919811248779297,0.000980842742137611,88.46613311767578,1.8877643015002832e-05,9.782605775399134e-05,8.295351290144026e-05,0.21904581785202026,0.26827841997146606,0.008099263533949852,0.5628016591072083,1.449389100074768,,,,,,,,,,,,,,
500,model.layers.19.self_attn.v_proj.weight,512,1024,0.0009765625,0.0007016784511506557,1.6878446340560913,-0.0014146898174658418,0.11351872980594635,0.0007149295415729284,0.1365293711423874,0.2661888897418976,0.0047034528106451035,0.6742219924926758,1.4500874280929565,0.0008695982396602631,51.4537353515625,-3.7128434087208007e-06,7.638155511813238e-05,0.00011470376921351999,0.2340601533651352,0.2604692280292511,0.008620469830930233,0.5163427591323853,1.406927466392517,,,,,,,,,,,,,,
500,model.layers.19.self_attn.o_proj.weight,1024,2048,0.00048828125,0.0005211151437833905,1.5149610042572021,-0.00044762855395674706,0.21224229037761688,0.0001274426031159237,0.06600205600261688,0.4980360269546509,0.007772329729050398,0.607583224773407,1.455847144126892,0.0004636662488337606,136.5011444091797,1.2709985639958177e-05,9.180246706819162e-05,9.394741937285289e-05,0.20056873559951782,0.29484790563583374,0.008498831652104855,0.5368756651878357,1.488724708557129,,,,,,,,,,,,,,
500,model.layers.1.mlp.gate_proj.weight,3584,1024,0.00027901785714285713,0.00036372491740621626,3.027827739715576,-0.00011759444169001654,0.25247693061828613,0.00035400103661231697,0.18213561177253723,0.29752153158187866,0.008374343626201153,0.5224929451942444,1.5163655281066895,0.0002773115411400795,259.14044189453125,4.365416316431947e-05,0.00023043253167998046,7.450867269653827e-05,0.22086597979068756,0.2705232799053192,0.008129597641527653,0.5391404032707214,1.5250141620635986,,,,,,,,,,,,,0.24864841997623444,0.26078876852989197
500,model.layers.1.mlp.up_proj.weight,3584,1024,0.00027901785714285713,0.0002970938803628087,2.8588685989379883,-0.00010749965440481901,0.4133378267288208,0.0001524406688986346,0.17171405255794525,0.3064572215080261,0.009456855244934559,0.49749428033828735,1.510503888130188,0.0002836755011230707,243.95162963867188,9.424656309420243e-05,0.00027145593776367605,0.00010697155084926635,0.2304902970790863,0.2591364085674286,0.009546130895614624,0.5097099542617798,1.511275291442871,,,,,,,,,,,,,,
500,model.layers.1.mlp.down_proj.weight,1024,3584,0.00027901785714285713,0.0002627188805490732,5.832110404968262,-0.00011158958659507334,0.4143533706665039,0.0009508644579909742,0.18242502212524414,0.29550155997276306,0.014268922619521618,0.5685590505599976,1.4371954202651978,0.0002721425553318113,133.79913330078125,3.078155350522138e-05,0.00010844445205293596,8.082263957476243e-05,0.21611388027668,0.2769882380962372,0.008647211827337742,0.5345658659934998,1.4805392026901245,8.0,0.06951136142015457,0.06362268328666687,0.8921886682510376,-2.851841418305412e-05,-0.02054702863097191,0.7034624814987183,,-0.0056426068767905235,-0.007369256112724543,-0.007772474549710751,0.03629456087946892,,
500,model.layers.12.mlp.gate_proj.weight,3584,1024,0.00027901785714285713,0.00021073284733574837,2.6896979808807373,0.0006735344650223851,0.27538061141967773,0.0012822054559364915,0.19025230407714844,0.24287748336791992,0.007890255190432072,0.566889762878418,1.5265392065048218,0.00021685338288079947,276.4149169921875,4.226217060931958e-05,0.0002713691210374236,5.978577246423811e-05,0.19429729878902435,0.29978591203689575,0.006146996282041073,0.5878278017044067,1.536197304725647,,,,,,,,,,,,,,
500,model.layers.12.mlp.up_proj.weight,3584,1024,0.00027901785714285713,0.00025285748415626585,2.8550171852111816,0.00040644072578288615,0.434027761220932,0.0003608967817854136,0.21834425628185272,0.25281471014022827,0.006804147269576788,0.5120123624801636,1.5169901847839355,0.0002641769533511251,267.181884765625,4.434893708094023e-05,0.0002896181249525398,9.055883128894493e-05,0.22136491537094116,0.2679685950279236,0.009479045867919922,0.5105898380279541,1.5218918323516846,,,,,,,,,,,,,,
500,model.layers.12.mlp.down_proj.weight,1024,3584,0.00027901785714285713,0.00026680651353672147,5.279121398925781,0.0004045106179546565,0.4458162188529968,0.00018487535999156535,0.19257059693336487,0.3059494197368622,0.015717800706624985,0.5600565075874329,1.4205907583236694,0.0002795566397253424,181.54466247558594,3.8346821384038776e-05,0.00011739213368855417,6.999426113907248e-05,0.1919540911912918,0.30166730284690857,0.007648345082998276,0.5834335088729858,1.5059362649917603,8.0,0.07372713088989258,0.06968563795089722,0.8884412050247192,-5.44603153684875e-06,-0.010205993428826332,0.7737136483192444,,-0.0003032961976714432,-0.002818909240886569,-0.004545324482023716,0.02618865855038166,,
500,model.layers.22.mlp.gate_proj.weight,3584,1024,0.00027901785714285713,0.0002589771174825728,2.821399450302124,0.0017039498779922724,0.0934547483921051,0.0012077922001481056,0.18021763861179352,0.251499205827713,0.0075328415259718895,0.5409709215164185,1.5294344425201416,0.00022372891544364393,248.12515258789062,2.8840302547905594e-05,0.0002374741598032415,7.70846163504757e-05,0.20675422251224518,0.28648582100868225,0.007658607792109251,0.5686262845993042,1.5275938510894775,,,,,,,,,,,,,0.27910712361335754,0.27600470185279846
500,model.layers.22.mlp.up_proj.weight,3584,1024,0.00027901785714285713,0.0002742972574196756,2.7955894470214844,0.0010515330359339714,0.20808185636997223,0.0006729093147441745,0.16706593334674835,0.30323660373687744,0.010082152672111988,0.5974034667015076,1.5103355646133423,0.00025964280939660966,220.9525909423828,3.5754681448452175e-05,0.00028139803907833993,0.0001021449570544064,0.2195555716753006,0.271035760641098,0.01197382714599371,0.5385016798973083,1.5088595151901245,,,,,,,,,,,,,,
500,model.layers.22.mlp.down_proj.weight,1024,3584,0.00027901785714285713,0.00039098833804018795,2.60107159614563,0.0012417742982506752,0.192201629281044,0.00019458025053609163,0.10618343949317932,0.40961506962776184,0.009200560860335827,0.5661009550094604,1.4492305517196655,0.00026231244555674493,223.8173370361328,1.763405634847004e-05,0.0001133885161834769,9.868702909443527e-05,0.21390801668167114,0.27744802832603455,0.008566309697926044,0.5177514553070068,1.4761918783187866,8.0,0.07215798646211624,0.07403385639190674,0.8425033688545227,-2.068605454041972e-06,-0.00035504865809343755,0.27743226289749146,,-0.0022846253123134375,-0.0005998482229188085,0.0029971087351441383,0.11584607511758804,,
500,model.layers.1.linear_attn.in_proj_qkv.weight,6144,1024,0.00016276041666666666,0.00013925939856562763,2.5184245109558105,-6.563498027389869e-05,0.2284712940454483,0.0007069275598041713,0.18953433632850647,0.26146796345710754,0.006920951884239912,0.5113025307655334,1.5373972654342651,0.00013468223914969712,152.94248962402344,2.422850411676336e-05,0.0002935645170509815,5.335915193427354e-05,0.21885068714618683,0.2739697992801666,0.004693659022450447,0.543789267539978,1.5428537130355835,8.0,0.0592816099524498,0.06273193657398224,0.8755955100059509,-1.0255783308821265e-05,-0.0029563726857304573,0.08971358835697174,,-0.00969006959348917,-0.010012581013143063,-0.003424984635785222,0.06417426466941833,,
500,model.layers.1.linear_attn.out_proj.weight,1024,2048,0.00048828125,0.000719873234629631,1.4551448822021484,-0.0009038418647833169,0.49234557151794434,0.0005352378357201815,0.13223426043987274,0.3645550608634949,0.016429400071501732,0.536255955696106,1.4321653842926025,0.00039468170143663883,59.07051086425781,1.7835272956290282e-05,0.00011226299102418125,8.786035323282704e-05,0.1991383284330368,0.29755306243896484,0.007917954586446285,0.5608323812484741,1.481018304824829,,,,,,,,,,,,,,
500,model.layers.12.linear_attn.in_proj_qkv.weight,6144,1024,0.00016276041666666666,6.727141590090469e-05,2.4125657081604004,-0.00015157154120970517,0.2666447162628174,0.0004262584261596203,0.15766140818595886,0.25500062108039856,0.00311970803886652,0.6019253134727478,1.552545189857483,0.00011036638170480728,247.8954620361328,9.587480235495605e-06,0.0003359822148922831,4.58205868199002e-05,0.19341695308685303,0.30174824595451355,0.0052581243216991425,0.566568911075592,1.5508471727371216,8.0,0.07271718978881836,0.06663469225168228,0.856744110584259,-9.255942927666183e-07,-0.0016784491017460823,0.10172069072723389,,-0.002556481398642063,-0.003471247386187315,-6.163978105178103e-05,0.07994610071182251,,
500,model.layers.12.linear_attn.out_proj.weight,1024,2048,0.00048828125,0.00029536167858168483,2.165651559829712,-0.00019040791084989905,0.3941573202610016,4.6801400458207354e-05,0.15448659658432007,0.349234014749527,0.012553668580949306,0.5395030379295349,1.4277284145355225,0.0004138113872613758,93.99554443359375,2.9583676223410293e-05,0.00013132479216437787,6.222638330655172e-05,0.17905443906784058,0.3195686936378479,0.007352740038186312,0.5967888832092285,1.4966933727264404,,,,,,,,,,,,,,
500,model.layers.21.linear_attn.in_proj_qkv.weight,6144,1024,0.00016276041666666666,0.00014143552107270807,3.3821778297424316,0.00014755356824025512,0.07685549557209015,0.000905972789041698,0.21292677521705627,0.2173374891281128,0.006482323165982962,0.500008761882782,1.5388320684432983,0.00011007762077497318,177.42153930664062,5.9995281844749115e-06,0.00031543156364932656,4.557477222988382e-05,0.20093853771686554,0.2926218807697296,0.006303752772510052,0.5868624448776245,1.5499900579452515,8.0,0.06293927133083344,0.07090995460748672,0.8665726184844971,-2.76968762591423e-07,-0.00010535178444115445,0.009059636853635311,,-0.0076919724233448505,-0.0033728652633726597,0.006759170908480883,0.06823007762432098,,
500,model.layers.21.linear_attn.out_proj.weight,1024,2048,0.00048828125,0.00048082572175189853,3.0641486644744873,0.0004932241863571107,0.12608249485492706,9.604778460925445e-05,0.15360592305660248,0.3562554717063904,0.007477882783859968,0.5526662468910217,1.4641144275665283,0.00034345497260801494,164.97412109375,5.3623784879164305e-06,0.0001231719652423635,4.2050225601997226e-05,0.19586628675460815,0.30271509289741516,0.008783967234194279,0.5213176608085632,1.4895391464233398,,,,,,,,,,,,,,
