step,matrix,m,n,r_null,G_r_spectrum,G_stable_rank_G,G_alignment_GW,G_G_fro,G_energy_top,G_energy_mid,G_energy_tail,G_energy_top_rows,G_energy_tail_rows,G_pangle_Gtop_Wtop_mean,H_r_spectrum,H_stable_rank_G,H_alignment_GW,H_G_fro,H_energy_top,H_energy_mid,H_energy_tail,H_energy_top_rows,H_energy_tail_rows,H_pangle_Gtop_Wtop_mean,snr_diag_median,snr_offdiag_median,spearman_absC_snr,rho_sigma_absmed,rho_frame_absmed
25,model.layers.7.self_attn.q_proj.weight,4096,1024,0.000244140625,0.0001888221740955487,2.8960468769073486,0.0007384198252111673,0.3109799325466156,0.0007340521551668644,0.17800039052963257,0.26417863368988037,0.007907876744866371,0.5335937142372131,1.535835862159729,0.00020863843383267522,178.40248107910156,3.6395545066625345e-06,0.00018640555208548903,7.75285079726018e-05,0.22491472959518433,0.2670241594314575,0.008028549142181873,0.5219501852989197,1.5295027494430542,0.057725418359041214,0.05567310005426407,0.8764449954032898,0.3646739721298218,0.38743501901626587
25,model.layers.7.self_attn.k_proj.weight,512,1024,0.0009765625,0.001476481556892395,3.749849557876587,-9.806994057726115e-06,0.23037612438201904,0.0027191266417503357,0.14888238906860352,0.27835726737976074,0.03134448081254959,0.6992043852806091,1.3205242156982422,0.0008778393967077136,88.32759094238281,4.9056659918278456e-05,7.45339784771204e-05,8.138919656630605e-05,0.2025517076253891,0.2811111509799957,0.008877303451299667,0.5668080449104309,1.4248377084732056,,,,,
25,model.layers.7.self_attn.v_proj.weight,512,1024,0.0009765625,0.0009201094508171082,1.863895058631897,0.00012861100549343973,0.4389868974685669,0.00039569076034240425,0.13938476145267487,0.25392693281173706,0.003970497753471136,0.7335072159767151,1.4731234312057495,0.0009585073566995561,46.79292678833008,3.0332130336319096e-05,8.116598473861814e-05,7.825073407730088e-05,0.23136886954307556,0.2575205862522125,0.007348291110247374,0.5207544565200806,1.4843965768814087,,,,,
25,model.layers.7.self_attn.o_proj.weight,1024,2048,0.00048828125,0.00022000381432007998,1.914957046508789,4.313134922995232e-05,0.7465832829475403,2.795556611090433e-05,0.14033359289169312,0.3740496039390564,0.009967911057174206,0.5517610311508179,1.4361785650253296,0.0004796503344550729,73.49919891357422,1.132117449742509e-05,0.00015983037883415818,4.7096247726585716e-05,0.18505801260471344,0.3113235533237457,0.00710054999217391,0.6039175391197205,1.5199851989746094,,,,,
25,model.layers.15.self_attn.q_proj.weight,4096,1024,0.000244140625,0.0001254842063644901,2.9343199729919434,0.00010470484994584695,0.34066689014434814,0.0005152281955815852,0.20472872257232666,0.24677960574626923,0.004620946943759918,0.4580961763858795,1.546354055404663,0.00021547573851421475,244.60525512695312,1.4472992916125804e-05,0.00016858321032486856,6.197047332534567e-05,0.2189188003540039,0.2707936763763428,0.008232912980020046,0.5104823112487793,1.524780511856079,0.06313261389732361,0.05926457792520523,0.8776242136955261,,
25,model.layers.15.self_attn.k_proj.weight,512,1024,0.0009765625,0.0009358098614029586,4.223453521728516,-1.648223701522511e-06,0.2765103578567505,7.207172166090459e-05,0.2518605589866638,0.23704499006271362,0.005046510137617588,0.5570202469825745,1.464516282081604,0.0008223400800488889,56.10099792480469,-2.2078795154811814e-05,6.78270444041118e-05,7.881523197283968e-05,0.19535529613494873,0.2964339852333069,0.006972803268581629,0.5849656462669373,1.463549256324768,,,,,
25,model.layers.15.self_attn.v_proj.weight,512,1024,0.0009765625,0.000873416371177882,1.7618647813796997,-0.0018361951224505901,0.2926475703716278,0.000221482157940045,0.18248558044433594,0.2594565451145172,0.0045499373227357864,0.6522972583770752,1.45075261592865,0.0009504076442681253,85.5870132446289,1.020253785100067e-05,5.9352340031182393e-05,6.741416291333735e-05,0.2275705486536026,0.26313671469688416,0.006655554287135601,0.5201115012168884,1.4507604837417603,,,,0.31143075227737427,0.340094655752182
25,model.layers.15.self_attn.o_proj.weight,1024,2048,0.00048828125,0.00039260840276256204,1.7658733129501343,-0.0006134224240668118,0.5284249186515808,2.8091240892536007e-05,0.0901792049407959,0.4234408736228943,0.01474252250045538,0.5475794076919556,1.4417744874954224,0.0005118637345731258,84.91865539550781,1.4476085198111832e-05,0.0001278746931347996,6.313680933089927e-05,0.19160771369934082,0.30555808544158936,0.007952285930514336,0.5846698880195618,1.5125340223312378,,,,,
25,model.layers.19.self_attn.q_proj.weight,4096,1024,0.000244140625,0.00014892593026161194,3.3161213397979736,0.0006369707407429814,0.19215136766433716,0.00019146394333802164,0.2207116335630417,0.24038277566432953,0.0069355433806777,0.4318503439426422,1.5309298038482666,0.00021667988039553165,231.7432861328125,1.3361152923607733e-05,0.00016631121980026364,7.250376074807718e-05,0.21667295694351196,0.2738145887851715,0.008846038021147251,0.5164101123809814,1.525338888168335,0.06085610017180443,0.0691165030002594,0.8681325912475586,,
25,model.layers.19.self_attn.k_proj.weight,512,1024,0.0009765625,0.0009144518407993019,3.475322961807251,4.773722253048618e-07,0.1985347419977188,0.0002055157528957352,0.23832443356513977,0.23911996185779572,0.01003657840192318,0.5864791870117188,1.3669904470443726,0.0009556540753692389,82.53482055664062,5.979188244964462e-06,7.1757058321964e-05,6.986560038058087e-05,0.2028966248035431,0.2819269299507141,0.008102180436253548,0.5678166747093201,1.4497231245040894,,,,,
25,model.layers.19.self_attn.v_proj.weight,512,1024,0.0009765625,0.0006595234153792262,1.5875580310821533,-0.00022040543262846768,0.16547919809818268,0.00019431726832408458,0.1363942176103592,0.26192620396614075,0.0026737169828265905,0.682035505771637,1.4523283243179321,0.0009807514725252986,79.41988372802734,7.952474334160797e-06,5.5813827202655375e-05,5.982890070299618e-05,0.2072393149137497,0.28233858942985535,0.00961229670792818,0.5273303389549255,1.433780550956726,,,,,
25,model.layers.19.self_attn.o_proj.weight,1024,2048,0.00048828125,0.00035400933120399714,1.4020237922668457,-6.833386578364298e-05,0.33253687620162964,7.402268965961412e-05,0.05869215354323387,0.5066567659378052,0.01295547466725111,0.6096518635749817,1.4599207639694214,0.00047051298315636814,121.58060455322266,-2.6041013825306436e-06,0.00011105521844001487,7.146770803956315e-05,0.20976877212524414,0.2825455665588379,0.009120676666498184,0.5394895076751709,1.4843111038208008,,,,,
25,model.layers.1.mlp.gate_proj.weight,3584,1024,0.00027901785714285713,0.0004492628504522145,3.1377978324890137,0.0003176142636220902,0.32132482528686523,0.000208714249311015,0.1763218641281128,0.30384892225265503,0.006614358630031347,0.5276298522949219,1.518309473991394,0.0002972162328660488,251.35630798339844,1.9022952983505093e-05,0.00019533865270204842,7.912299770396203e-05,0.23569895327091217,0.25497812032699585,0.009026160463690758,0.5087816715240479,1.5183626413345337,,,,0.35235121846199036,0.338049054145813
25,model.layers.1.mlp.up_proj.weight,3584,1024,0.00027901785714285713,0.00021454629313666373,2.766716480255127,-7.540500519098714e-05,0.540644109249115,0.0001450767449568957,0.16341625154018402,0.3298734128475189,0.008904256857931614,0.5136857032775879,1.5100868940353394,0.00028611216112039983,169.66299438476562,9.58684722718317e-06,0.00023824213712941855,9.742302790982649e-05,0.23317575454711914,0.25799989700317383,0.009690065868198872,0.5026100277900696,1.5099492073059082,,,,,
25,model.layers.1.mlp.down_proj.weight,1024,3584,0.00027901785714285713,0.000280493579339236,4.938919544219971,-7.171107426984236e-05,0.5331156849861145,0.0008608957869000733,0.1845557689666748,0.2865072786808014,0.013460301794111729,0.5529679656028748,1.4408410787582397,0.0002755398745648563,182.48385620117188,3.877189374179579e-05,0.00024213707365561277,7.853892020648345e-05,0.2217801958322525,0.26817235350608826,0.008953848853707314,0.5339134931564331,1.4647191762924194,0.046238332986831665,0.046397026628255844,0.88544100522995,,
25,model.layers.12.mlp.gate_proj.weight,3584,1024,0.00027901785714285713,0.00020249478984624147,2.788987159729004,5.425231211120263e-05,0.35680824518203735,0.0005668970989063382,0.17820754647254944,0.2522529065608978,0.005635558161884546,0.5938170552253723,1.5276199579238892,0.00022723055735696107,151.81764221191406,-7.103717052814318e-06,0.00018891952640842646,8.502263517584652e-05,0.21780233085155487,0.274772971868515,0.007837079465389252,0.5402339696884155,1.5185158252716064,,,,,
25,model.layers.12.mlp.up_proj.weight,3584,1024,0.00027901785714285713,0.00027329963631927967,2.8394672870635986,0.0003778692043852061,0.5592973828315735,0.0004931738367304206,0.2227046638727188,0.24823014438152313,0.010121588595211506,0.5019053220748901,1.5149911642074585,0.00027886571479029953,151.784423828125,2.8326912797638215e-05,0.00020934821804985404,0.00010276574175804853,0.22416970133781433,0.2638782262802124,0.009637782350182533,0.5066732168197632,1.509482741355896,,,,,
25,model.layers.12.mlp.down_proj.weight,1024,3584,0.00027901785714285713,0.00025909559917636216,5.717648983001709,0.0003942920302506536,0.5582478642463684,0.00016643352864775807,0.2065856158733368,0.28310105204582214,0.02102411352097988,0.5192415118217468,1.405950903892517,0.0002729961706791073,99.45679473876953,1.135578077082755e-05,0.00022505548258777708,9.808134200284258e-05,0.19174374639987946,0.2991718649864197,0.007967420853674412,0.5937651991844177,1.5121716260910034,0.04665614664554596,0.053026098757982254,0.8791584968566895,,
25,model.layers.22.mlp.gate_proj.weight,3584,1024,0.00027901785714285713,0.00021905536414124072,3.027186632156372,0.00013004867651034147,0.1372745782136917,0.0009276728378608823,0.17756988108158112,0.2566257119178772,0.007065087556838989,0.5474092364311218,1.5214661359786987,0.00024169038806576282,240.2034912109375,1.0052214747702237e-05,0.00014182664745021611,8.288800017908216e-05,0.22564366459846497,0.26423755288124084,0.009366505779325962,0.5272313356399536,1.5196170806884766,,,,0.3821328282356262,0.3741547465324402
25,model.layers.22.mlp.up_proj.weight,3584,1024,0.00027901785714285713,0.00021738953364547342,2.822505474090576,-0.0008323212387040257,0.32396456599235535,0.000790078891441226,0.1723414957523346,0.2987273931503296,0.011822004802525043,0.576566219329834,1.5115224123001099,0.0002826458076015115,195.9909210205078,2.2358237401931547e-05,0.00017832800222095102,0.00011570515925996006,0.23641648888587952,0.253846138715744,0.009681210853159428,0.5029060244560242,1.510554552078247,,,,,
25,model.layers.22.mlp.down_proj.weight,1024,3584,0.00027901785714285713,0.0004122771497350186,2.49580454826355,-0.0009365789010189474,0.3156224489212036,0.00014888503937982023,0.10198859870433807,0.4124269187450409,0.006709310691803694,0.5700129866600037,1.4804184436798096,0.000276085949735716,114.53094482421875,2.418339136056602e-05,0.00019284928566776216,9.376369416713715e-05,0.22391535341739655,0.26614901423454285,0.008722620084881783,0.5255789756774902,1.478196144104004,0.0696319192647934,0.07235763967037201,0.8523370027542114,,
25,model.layers.1.linear_attn.in_proj_qkv.weight,6144,1024,0.00016276041666666666,9.470173245063052e-05,2.3989760875701904,-0.00032623924198560417,0.27785760164260864,0.0007839199970476329,0.18913209438323975,0.25936704874038696,0.008565054275095463,0.5002886652946472,1.5329490900039673,0.00015047060151118785,224.7216339111328,1.979395528906025e-05,0.00023959211830515414,5.742204302805476e-05,0.22900769114494324,0.26262420415878296,0.006398453377187252,0.5215625166893005,1.5408741235733032,0.0463193841278553,0.05087241530418396,0.8854569792747498,,
25,model.layers.1.linear_attn.out_proj.weight,1024,2048,0.00048828125,0.001628224621526897,1.351834774017334,-0.00032541091786697507,0.629773736000061,0.0006620069616474211,0.11669579148292542,0.37923139333724976,0.019643161445856094,0.5327765941619873,1.4331337213516235,0.00042982824379578233,129.65853881835938,1.645148586248979e-05,0.0001568346342537552,8.58170969877392e-05,0.21652963757514954,0.27384719252586365,0.008879313245415688,0.5409559607505798,1.4762251377105713,,,,,
25,model.layers.12.linear_attn.in_proj_qkv.weight,6144,1024,0.00016276041666666666,7.210652984213084e-05,2.3718996047973633,0.00032182634458877146,0.33755919337272644,0.00048036404768936336,0.16046085953712463,0.2549668252468109,0.0034065169747918844,0.5962942242622375,1.5530720949172974,0.00014935591025277972,212.33224487304688,1.0033190847025253e-05,0.00019707520550582558,7.664315489819273e-05,0.21315665543079376,0.2800499498844147,0.007053760811686516,0.5344553589820862,1.541788935661316,0.060957323759794235,0.05839494243264198,0.8602933287620544,,
25,model.layers.12.linear_attn.out_proj.weight,1024,2048,0.00048828125,0.00028742168797180057,2.3738155364990234,6.195332389324903e-05,0.48174849152565,4.409687971929088e-05,0.1674177050590515,0.3271360695362091,0.012471532449126244,0.5096645951271057,1.4404031038284302,0.00043666327837854624,72.77021026611328,2.399169716227334e-06,0.0001499698410043493,5.46338596905116e-05,0.18853597342967987,0.3067638874053955,0.007625996600836515,0.5950820446014404,1.5009880065917969,,,,,
25,model.layers.21.linear_attn.in_proj_qkv.weight,6144,1024,0.00016276041666666666,0.00010768329229904339,3.357693672180176,0.00011528148024808615,0.09546704590320587,0.00046269205631688237,0.16561396420001984,0.27399781346321106,0.005223645828664303,0.6077799797058105,1.5423927307128906,0.0001471913419663906,310.95147705078125,3.652970406164968e-07,0.0001669044722802937,7.44081917218864e-05,0.22857649624347687,0.2627705931663513,0.007932488806545734,0.5280476808547974,1.532112717628479,0.06578084826469421,0.06328174471855164,0.8818867802619934,,
25,model.layers.21.linear_attn.out_proj.weight,1024,2048,0.00048828125,0.00038453852175734937,2.872271776199341,5.195468111196533e-05,0.18865789473056793,6.141273479443043e-05,0.1444307267665863,0.3661807179450989,0.0055626025423407555,0.5595847368240356,1.4848322868347168,0.0004610688774846494,87.02725982666016,-4.550883204501588e-06,0.00014384044334292412,7.971084414748475e-05,0.21551485359668732,0.2779904007911682,0.008682944811880589,0.5231925249099731,1.4759018421173096,,,,,
50,model.layers.7.self_attn.q_proj.weight,4096,1024,0.000244140625,0.00016063061775639653,2.2318201065063477,-0.0004937968333251774,0.2391030192375183,0.00033018540125340223,0.1688915342092514,0.27161771059036255,0.005208260845392942,0.5381422638893127,1.5358638763427734,0.00020134286023676395,217.00595092773438,1.0058661246148404e-05,0.00015301215171348304,8.145708125084639e-05,0.22262707352638245,0.270377516746521,0.00868308637291193,0.5232841372489929,1.5306148529052734,0.06676376610994339,0.06249381601810455,0.8940622806549072,0.2978282868862152,0.2860301733016968
50,model.layers.7.self_attn.k_proj.weight,512,1024,0.0009765625,0.0011066589504480362,2.296966314315796,-1.595728099346161e-05,0.1800670027732849,0.0008977808756753802,0.13681986927986145,0.2821568250656128,0.021886328235268593,0.7385300993919373,1.3349336385726929,0.0011299196630716324,75.23502349853516,3.9980150177143514e-05,5.95451747358311e-05,7.131621532607824e-05,0.20495417714118958,0.2825479209423065,0.009565068408846855,0.5621535778045654,1.391313910484314,,,,,
50,model.layers.7.self_attn.v_proj.weight,512,1024,0.0009765625,0.0007834843709133565,1.8071317672729492,0.000536298262886703,0.3440551459789276,0.00022223031555768102,0.12282942235469818,0.26692426204681396,0.0029177519027143717,0.7616824507713318,1.4688234329223633,0.0008898681844584644,69.3547592163086,-5.3203948482405394e-05,6.239214417291805e-05,0.00012363500718493015,0.22944484651088715,0.25907349586486816,0.007463593501597643,0.5249335169792175,1.4700450897216797,,,,,
50,model.layers.7.self_attn.o_proj.weight,1024,2048,0.00048828125,0.00024910373031161726,2.078407049179077,0.00018088564684148878,0.5312051177024841,3.835000825347379e-05,0.13981811702251434,0.37023431062698364,0.01599878817796707,0.5467125177383423,1.422042965888977,0.00047411557170562446,69.46012115478516,1.1168001037731301e-05,0.00013115037290845066,5.9163252444704995e-05,0.17908035218715668,0.3166421353816986,0.0068665663711726665,0.6189002394676208,1.5227209329605103,,,,,
50,model.layers.15.self_attn.q_proj.weight,4096,1024,0.000244140625,0.00011451552563812584,3.2027337551116943,9.514073462923989e-05,0.23542185127735138,0.00015432966756634414,0.2120380699634552,0.23689992725849152,0.0028919801115989685,0.4424053430557251,1.5476267337799072,0.00021088900393806398,243.342041015625,-1.1796468243119307e-05,0.00015558741870336235,5.7338249462191015e-05,0.2213752269744873,0.2706998288631439,0.0082090450450778,0.505577564239502,1.5274968147277832,0.0619906447827816,0.05970878526568413,0.9018848538398743,,
50,model.layers.15.self_attn.k_proj.weight,512,1024,0.0009765625,0.0009817855898290873,4.3804216384887695,-1.0830680366780143e-05,0.2048702836036682,0.00013111533189658076,0.23873108625411987,0.24702560901641846,0.00374504248611629,0.5561654567718506,1.4680479764938354,0.0008574703242629766,77.80948638916016,-1.7605474567972124e-05,6.57886266708374e-05,4.936468758387491e-05,0.2005952000617981,0.29426056146621704,0.007031282875686884,0.5786256194114685,1.4813631772994995,,,,,
50,model.layers.15.self_attn.v_proj.weight,512,1024,0.0009765625,0.0008857818902470171,1.7949923276901245,0.0002259203902212903,0.20820897817611694,7.62221752665937e-05,0.1743692308664322,0.2628087103366852,0.0026915587950497866,0.6771070957183838,1.450056552886963,0.0009454723913222551,60.86395263671875,-4.268243628757773e-06,5.398720531957224e-05,8.1147241871804e-05,0.2206542044878006,0.27269434928894043,0.0076804268173873425,0.5367331504821777,1.4549530744552612,,,,0.31009674072265625,0.29565200209617615
50,model.layers.15.self_attn.o_proj.weight,1024,2048,0.00048828125,0.0003503375337459147,1.795876383781433,7.05726706655696e-05,0.38825321197509766,3.185625610058196e-05,0.0850512683391571,0.459423691034317,0.01289436500519514,0.5896084904670715,1.435579538345337,0.0004995136987417936,97.77014923095703,1.1003904546669219e-05,0.00011592385271796957,6.189921987242997e-05,0.19425423443317413,0.300866961479187,0.00804137997329235,0.5776345133781433,1.5029287338256836,,,,,
50,model.layers.19.self_attn.q_proj.weight,4096,1024,0.000244140625,0.00017720689356792718,3.18101167678833,-0.00035084542469121516,0.13913023471832275,0.0005722095957025886,0.21592417359352112,0.23997969925403595,0.008008190430700779,0.4416201710700989,1.532204508781433,0.00020019897783640772,238.43966674804688,5.326445716491435e-06,0.00015720211376901716,8.593030361225829e-05,0.2144044190645218,0.2770063877105713,0.008482636883854866,0.5209240913391113,1.5302871465682983,0.060674164444208145,0.05820615962147713,0.8834865093231201,,
50,model.layers.19.self_attn.k_proj.weight,512,1024,0.0009765625,0.0010332674719393253,3.9112141132354736,-2.1110731722728815e-06,0.1361570507287979,0.0002446272992528975,0.2502592206001282,0.2330346405506134,0.01009017787873745,0.55879145860672,1.366658091545105,0.0009424068266525865,82.94140625,1.702645568002481e-05,6.92907560733147e-05,4.6688728616572917e-05,0.20404690504074097,0.28465139865875244,0.00799114815890789,0.5692182779312134,1.4847097396850586,,,,,
50,model.layers.19.self_attn.v_proj.weight,512,1024,0.0009765625,0.0006914466503076255,1.5878568887710571,0.0017434819601476192,0.1132526695728302,0.0005712998099625111,0.14274795353412628,0.24924325942993164,0.004047714173793793,0.6704577803611755,1.4313634634017944,0.0009437274420633912,74.01103973388672,2.9786167942802422e-05,5.284095095703378e-05,8.743127546040341e-05,0.21293963491916656,0.2793828547000885,0.00918769370764494,0.5213415026664734,1.415205955505371,,,,,
50,model.layers.19.self_attn.o_proj.weight,1024,2048,0.00048828125,0.0005253390409052372,1.4204806089401245,0.0005121745052747428,0.22905804216861725,4.192081541987136e-05,0.05706549435853958,0.5386864542961121,0.005615559872239828,0.6444275379180908,1.458067774772644,0.0004270797362551093,118.12384033203125,-2.118393695127452e-06,0.00010015785665018484,7.90124831837602e-05,0.21086755394935608,0.28148049116134644,0.009052705951035023,0.5353263020515442,1.4830387830734253,,,,,
50,model.layers.1.mlp.gate_proj.weight,3584,1024,0.00027901785714285713,0.0003132741549052298,2.8969473838806152,0.00023218031856231391,0.21805275976657867,0.00029665022157132626,0.17210818827152252,0.31922635436058044,0.007504255976527929,0.5443779826164246,1.515626072883606,0.00027257605688646436,286.6380920410156,8.231518222601153e-06,0.00013121917436365038,0.00011045316932722926,0.23166027665138245,0.258200079202652,0.008931376971304417,0.5129101872444153,1.5214699506759644,,,,0.2914067208766937,0.2925664782524109
50,model.layers.1.mlp.up_proj.weight,3584,1024,0.00027901785714285713,0.0005332538275979459,2.6744675636291504,-5.3026706154923886e-05,0.3628321886062622,0.00011015110794687644,0.15999051928520203,0.33146926760673523,0.008265046402812004,0.5094428062438965,1.511349081993103,0.00029985830769874156,193.74525451660156,3.253893373766914e-05,0.00016221895930357277,8.001397509360686e-05,0.23022907972335815,0.2590855658054352,0.009671435691416264,0.5015583038330078,1.5090795755386353,,,,,
50,model.layers.1.mlp.down_proj.weight,1024,3584,0.00027901785714285713,0.0002487510209903121,5.10485315322876,-4.685599560616538e-05,0.35900557041168213,0.0009657784830778837,0.1840651035308838,0.2901422083377838,0.012513312511146069,0.5566144585609436,1.4475693702697754,0.0002607300993986428,239.85179138183594,1.2998283636989072e-05,0.0001668199838604778,9.097866131924093e-05,0.2158859521150589,0.2739367187023163,0.008627212606370449,0.5436249375343323,1.48674476146698,0.05501367151737213,0.0588541179895401,0.9060167670249939,,
50,model.layers.12.mlp.gate_proj.weight,3584,1024,0.00027901785714285713,0.0001684555463725701,2.92465877532959,-0.00033526617335155606,0.26850828528404236,0.0006950997631065547,0.18363535404205322,0.24782206118106842,0.005128876771777868,0.5808963179588318,1.537330985069275,0.00023551589401904494,206.05914306640625,1.3237522580311634e-05,0.00016520389181096107,8.996447286335751e-05,0.21599960327148438,0.2758464515209198,0.008082457818090916,0.5421083569526672,1.5243594646453857,,,,,
50,model.layers.12.mlp.up_proj.weight,3584,1024,0.00027901785714285713,0.0002484623109921813,2.658409357070923,-0.0008354376768693328,0.4480583071708679,0.0006681830273009837,0.21325218677520752,0.25065699219703674,0.0088327182456851,0.5240207314491272,1.517330527305603,0.000271491939201951,154.18064880371094,1.403788792231353e-05,0.00018820511468220502,0.0001259338459931314,0.22275589406490326,0.2654610872268677,0.009915761649608612,0.5021904110908508,1.5122278928756714,,,,,
50,model.layers.12.mlp.down_proj.weight,1024,3584,0.00027901785714285713,0.0002505759766791016,5.258607387542725,-0.0009102866752073169,0.42461803555488586,0.00017918329103849828,0.20526663959026337,0.28356945514678955,0.019685640931129456,0.521432638168335,1.3963111639022827,0.00025970989372581244,145.95693969726562,5.4529587032448035e-06,0.00019712529319804162,8.451410394627601e-05,0.19653727114200592,0.2942911982536316,0.00807116273790598,0.5848795175552368,1.50773024559021,0.07136127352714539,0.06337826699018478,0.9078570008277893,,
50,model.layers.22.mlp.gate_proj.weight,3584,1024,0.00027901785714285713,0.00024819670943543315,3.229555606842041,0.00040145101957023144,0.09272062033414841,0.00067416817182675,0.1740712970495224,0.26231804490089417,0.006767279468476772,0.5666500926017761,1.5248156785964966,0.0002457534719724208,249.73268127441406,1.369823166896822e-05,0.0001335659617325291,9.224673704011366e-05,0.22290204465389252,0.26708200573921204,0.00911674089729786,0.531080961227417,1.518945336341858,,,,0.2680076062679291,0.2573470175266266
50,model.layers.22.mlp.up_proj.weight,3584,1024,0.00027901785714285713,0.0002954511728603393,3.4651401042938232,0.00018929342331830412,0.20908384025096893,0.0009773917263373733,0.17429792881011963,0.2958310544490814,0.014236444607377052,0.5758395195007324,1.511823058128357,0.0002794719475787133,204.34800720214844,5.794879143650178e-06,0.00016795482952147722,0.00011060201359214261,0.23321697115898132,0.2558271288871765,0.009788048453629017,0.5063494443893433,1.5114433765411377,,,,,
50,model.layers.22.mlp.down_proj.weight,1024,3584,0.00027901785714285713,0.0005363465752452612,2.668335437774658,0.00022050498228054494,0.20343627035617828,0.00016463204519823194,0.09987065196037292,0.42448297142982483,0.008917976170778275,0.5913602113723755,1.4589402675628662,0.00027733558090403676,127.30805206298828,3.564138023648411e-05,0.0001802933547878638,7.369511877186596e-05,0.22297321259975433,0.2673517167568207,0.008897330611944199,0.5253657102584839,1.480517029762268,0.061117470264434814,0.06113746017217636,0.8645408153533936,,
50,model.layers.1.linear_attn.in_proj_qkv.weight,6144,1024,0.00016276041666666666,0.0001222288265125826,2.310666084289551,-5.7707828091224656e-05,0.1843361109495163,0.0006304519483819604,0.18036825954914093,0.26307496428489685,0.007186024449765682,0.5178884267807007,1.5330891609191895,0.00015482409799005836,220.5204315185547,8.577160770073533e-06,0.00016362628957722336,6.184538506204262e-05,0.22890248894691467,0.2635192573070526,0.006712557282298803,0.5208330750465393,1.541115164756775,0.06273679435253143,0.06132422015070915,0.8979732394218445,,
50,model.layers.1.linear_attn.out_proj.weight,1024,2048,0.00048828125,0.001257054042071104,1.3849380016326904,-0.00025598081992939115,0.4128865897655487,0.00017080896941479295,0.12343954294919968,0.3701145052909851,0.007650523446500301,0.5238484740257263,1.4495010375976562,0.0004728137864731252,149.54415893554688,3.463061148067936e-05,0.00011124877346446738,8.995043754111975e-05,0.20847828686237335,0.28184759616851807,0.00814080610871315,0.5540546774864197,1.4902971982955933,,,,,
50,model.layers.12.linear_attn.in_proj_qkv.weight,6144,1024,0.00016276041666666666,7.18369847163558e-05,2.3964757919311523,-0.00010496756294742227,0.2641627788543701,0.00041835891897790134,0.14886656403541565,0.26183435320854187,0.0027797683142125607,0.6246666312217712,1.5540322065353394,0.00013613453484140337,170.73899841308594,7.670143986615585e-08,0.00018832451314665377,7.731532969046384e-05,0.21164216101169586,0.27991345524787903,0.007333883550018072,0.5329596400260925,1.5404446125030518,0.0687020942568779,0.06825751811265945,0.8705757856369019,,
50,model.layers.12.linear_attn.out_proj.weight,1024,2048,0.00048828125,0.00028606405248865485,2.471179962158203,-7.268386252690107e-05,0.36432912945747375,3.997181192971766e-05,0.1668519377708435,0.32081663608551025,0.01464172825217247,0.5036618113517761,1.3978122472763062,0.0004280978755559772,99.38789367675781,2.5899498723447323e-05,0.00013856466102879494,5.8835914387600496e-05,0.18909449875354767,0.30577531456947327,0.007232585921883583,0.594272255897522,1.5003074407577515,,,,,
50,model.layers.21.linear_attn.in_proj_qkv.weight,6144,1024,0.00016276041666666666,0.00010136347555089742,2.9991421699523926,-0.00014573222142644227,0.07412557303905487,0.0008659975719638169,0.19029565155506134,0.2341637760400772,0.0053648012690246105,0.5617536902427673,1.544932246208191,0.00014766669482924044,313.745361328125,9.303576007368974e-06,0.00015317226643674076,6.158338510431349e-05,0.2306174486875534,0.25926023721694946,0.008439714089035988,0.5209826231002808,1.5328097343444824,0.06655582785606384,0.058133985847234726,0.8864923715591431,,
50,model.layers.21.linear_attn.out_proj.weight,1024,2048,0.00048828125,0.0003495135752018541,2.986051082611084,-0.0003818657423835248,0.1274101734161377,5.018412775825709e-05,0.15103110671043396,0.3433021306991577,0.006060226820409298,0.5287036895751953,1.4742499589920044,0.00042995414696633816,87.17906951904297,2.304937515873462e-05,0.0001250352361239493,8.574881940148771e-05,0.2131321132183075,0.2801312804222107,0.00858638621866703,0.523863673210144,1.4786287546157837,,,,,
75,model.layers.7.self_attn.q_proj.weight,4096,1024,0.000244140625,9.940950258169323e-05,3.011727809906006,-5.3634198593499605e-06,0.30299627780914307,0.0009858193807303905,0.1769242137670517,0.262236624956131,0.008554628118872643,0.5389313697814941,1.529901146888733,0.0002002895053010434,217.83985900878906,7.3478104241075926e-06,0.00015689873544033617,8.773343870416284e-05,0.22179177403450012,0.26964420080184937,0.008333065547049046,0.5256595611572266,1.5302656888961792,0.07519345730543137,0.08304224163293839,0.7910833954811096,0.24043740332126617,0.24555657804012299
75,model.layers.7.self_attn.k_proj.weight,512,1024,0.0009765625,0.0011303063947707415,5.2799224853515625,-1.048483136401046e-05,0.21125979721546173,0.002224606228992343,0.16496337950229645,0.2568807601928711,0.023784089833498,0.691313624382019,1.3276218175888062,0.0008590442012064159,92.03004455566406,3.82088401238434e-05,6.400545680662617e-05,0.00011137290857732296,0.21239665150642395,0.271353542804718,0.009585129097104073,0.5447090864181519,1.4110841751098633,,,,,
75,model.layers.7.self_attn.v_proj.weight,512,1024,0.0009765625,0.0007759610307402909,1.8244552612304688,-0.0001025107194436714,0.44813111424446106,0.00013765691255684942,0.1449282020330429,0.24536864459514618,0.0026329830288887024,0.7176923751831055,1.4603151082992554,0.0009291456663049757,63.15631103515625,2.7822783522424288e-05,6.337627564789727e-05,0.00014578014088328928,0.23186829686164856,0.25469303131103516,0.009902440942823887,0.5164433121681213,1.4391955137252808,,,,,
75,model.layers.7.self_attn.o_proj.weight,1024,2048,0.00048828125,0.00022394335246644914,1.904470443725586,-2.5919494873960502e-05,0.7456145882606506,3.222457962692715e-05,0.1481797695159912,0.34936654567718506,0.014415755867958069,0.5086084008216858,1.4330835342407227,0.0004486753314267844,58.573787689208984,2.6956495275953785e-05,0.00013312163355294615,6.943791959201917e-05,0.1805172860622406,0.31541627645492554,0.006924546789377928,0.6142136454582214,1.5178896188735962,,,,,
75,model.layers.15.self_attn.q_proj.weight,4096,1024,0.000244140625,0.0001272758236154914,2.9733827114105225,2.1729372292611515e-06,0.35864120721817017,0.00031913837301544845,0.21186724305152893,0.22497810423374176,0.003684935625642538,0.42776167392730713,1.547830581665039,0.000203984571271576,216.0387725830078,1.898174377856776e-05,0.00015475469990633428,7.517400808865204e-05,0.22141152620315552,0.2689474821090698,0.007927188649773598,0.5028355121612549,1.5264225006103516,0.09522440284490585,0.09364866465330124,0.79696124792099,,
75,model.layers.15.self_attn.k_proj.weight,512,1024,0.0009765625,0.0010100146755576134,3.490663766860962,-7.954768079798669e-06,0.3005599081516266,0.00015404094301629812,0.26490962505340576,0.21562735736370087,0.004177075810730457,0.5339041948318481,1.465514898300171,0.0007882564095780253,61.29615020751953,4.555277882900555e-06,6.509449303848669e-05,6.445471080951393e-05,0.19630546867847443,0.2953808307647705,0.006869393400847912,0.5829997062683105,1.4848207235336304,,,,,
75,model.layers.15.self_attn.v_proj.weight,512,1024,0.0009765625,0.0008730748086236417,1.583014726638794,0.0018363854615017772,0.31267160177230835,0.0001484458480263129,0.17980998754501343,0.26753008365631104,0.004457203205674887,0.6596530675888062,1.4456175565719604,0.0009184445952996612,80.36406707763672,3.0486540708807297e-05,5.534999945666641e-05,7.642252603545785e-05,0.2255145013332367,0.26298844814300537,0.008451583795249462,0.5212761163711548,1.4403374195098877,,,,0.2746291756629944,0.2635294795036316
75,model.layers.15.self_attn.o_proj.weight,1024,2048,0.00048828125,0.0003837362746708095,1.6746175289154053,0.0006593873258680105,0.524242639541626,3.35487857228145e-05,0.08455106616020203,0.45327988266944885,0.01692691445350647,0.5655309557914734,1.425673484802246,0.0004782031464856118,88.9581069946289,6.899602794874227e-06,0.00011539721162989736,7.315425318665802e-05,0.19659720361232758,0.3006509840488434,0.00797093566507101,0.5769982933998108,1.510292410850525,,,,,
75,model.layers.19.self_attn.q_proj.weight,4096,1024,0.000244140625,0.00017476410721428692,2.7457358837127686,0.0008189009968191385,0.20765851438045502,0.0006925904890522361,0.21589498221874237,0.23234546184539795,0.009431702084839344,0.4176733195781708,1.5287054777145386,0.00019639493257272989,232.0696563720703,2.2439785425376613e-06,0.00015211370191536844,9.555608994560316e-05,0.2172056883573532,0.2726937234401703,0.008410653099417686,0.5172625184059143,1.5242632627487183,0.09373290091753006,0.09529305249452591,0.7958619594573975,,
75,model.layers.19.self_attn.k_proj.weight,512,1024,0.0009765625,0.0009738506050780416,3.145723819732666,-9.308628250437323e-06,0.2018774151802063,0.00045302725629881024,0.23058757185935974,0.24584533274173737,0.010808992199599743,0.5885598063468933,1.384544849395752,0.0009693247848190367,80.40814971923828,4.0895247366279364e-05,6.284911796683446e-05,8.881255780579522e-05,0.21066969633102417,0.2815205156803131,0.007807289250195026,0.556748628616333,1.4729353189468384,,,,,
75,model.layers.19.self_attn.v_proj.weight,512,1024,0.0009765625,0.0008560769492760301,1.3809971809387207,0.0004637402598746121,0.18796123564243317,0.0009758986998349428,0.12314167618751526,0.2615204453468323,0.004497376270592213,0.7018198370933533,1.4186893701553345,0.0008659339509904385,65.08808135986328,-2.706956183828879e-05,4.947449633618817e-05,0.0001073621679097414,0.21722236275672913,0.27693045139312744,0.008904210291802883,0.5124614238739014,1.4338067770004272,,,,,
75,model.layers.19.self_attn.o_proj.weight,1024,2048,0.00048828125,0.0003736038925126195,1.353360891342163,0.00016458820027764887,0.3203810155391693,6.29168062005192e-05,0.07098431885242462,0.4535146951675415,0.008146936073899269,0.5477940440177917,1.4587963819503784,0.00047749376972205937,113.95169830322266,1.1569496564334258e-05,0.00010031060082837939,7.390262180706486e-05,0.20776526629924774,0.28210294246673584,0.009114773944020271,0.5387248396873474,1.4744007587432861,,,,,
75,model.layers.1.mlp.gate_proj.weight,3584,1024,0.00027901785714285713,0.0002684220380615443,3.0436205863952637,-1.0469761036802083e-05,0.3000261187553406,0.00017163447046186775,0.17889513075351715,0.3020094633102417,0.007457313127815723,0.5241478085517883,1.5175163745880127,0.0002547068288549781,296.5820617675781,1.2378153769532219e-05,0.0001382336049573496,0.00010870937694562599,0.23309940099716187,0.25692251324653625,0.00956856831908226,0.5095474720001221,1.5129024982452393,,,,0.24111203849315643,0.25699707865715027
75,model.layers.1.mlp.up_proj.weight,3584,1024,0.00027901785714285713,0.00023178702394943684,2.737865447998047,-0.0002189861988881603,0.5044465661048889,0.00011651848762994632,0.15965436398983002,0.3364676833152771,0.007472572382539511,0.5120285153388977,1.5185359716415405,0.00026509558665566146,163.22601318359375,4.487610567593947e-05,0.00016956533363554627,9.432583465240896e-05,0.23217710852622986,0.25851738452911377,0.009496175684034824,0.501105010509491,1.5055532455444336,,,,,
75,model.layers.1.mlp.down_proj.weight,1024,3584,0.00027901785714285713,0.00029656433616764843,4.376700401306152,-0.00022267551685217768,0.4995637536048889,0.0021930066868662834,0.1855335682630539,0.28249305486679077,0.016796864569187164,0.5467860698699951,1.436792254447937,0.00028304659645073116,260.7445373535156,5.313221845426597e-05,0.0001737287238938734,6.41484439256601e-05,0.21875813603401184,0.2713618576526642,0.008871190249919891,0.5376497507095337,1.4731019735336304,0.09920579940080643,0.10125155001878738,0.8207781314849854,,
75,model.layers.12.mlp.gate_proj.weight,3584,1024,0.00027901785714285713,0.0002351209695916623,3.1500439643859863,0.0005217022844590247,0.34803372621536255,0.0008937439415603876,0.18976527452468872,0.2447284758090973,0.00690893828868866,0.5697693824768066,1.5258930921554565,0.0002620029845274985,197.7187042236328,2.0952678823960014e-05,0.00016022629279177636,6.646109977737069e-05,0.21781638264656067,0.2756008803844452,0.007515805773437023,0.5412026047706604,1.5254830121994019,,,,,
75,model.layers.12.mlp.up_proj.weight,3584,1024,0.00027901785714285713,0.00030723848612979054,2.990307331085205,0.0003834240778815001,0.5719066262245178,0.0004146070859860629,0.21709764003753662,0.25002098083496094,0.008309912867844105,0.5072627663612366,1.5130888223648071,0.0002650623209774494,149.99183654785156,2.5999877834692597e-05,0.00018200112390331924,0.00010844055941561237,0.2224113494157791,0.2659943997859955,0.009888511151075363,0.504917562007904,1.5069836378097534,,,,,
75,model.layers.12.mlp.down_proj.weight,1024,3584,0.00027901785714285713,0.00025388304493390024,5.532498836517334,0.000410325126722455,0.5553876161575317,0.0001105880000977777,0.20961740612983704,0.28096437454223633,0.02068985067307949,0.5106667876243591,1.392687201499939,0.00027397237136028707,137.96495056152344,2.4126184143824503e-05,0.00019475063891150057,7.622871635248885e-05,0.20159225165843964,0.2878393828868866,0.008252834901213646,0.5716619491577148,1.507102370262146,0.087104931473732,0.08538105338811874,0.8194966316223145,,
75,model.layers.22.mlp.gate_proj.weight,3584,1024,0.00027901785714285713,0.0002467024023644626,2.843907117843628,-0.0008326814277097583,0.13272519409656525,0.0008294989238493145,0.18720173835754395,0.24745754897594452,0.006864242255687714,0.5377764701843262,1.51957368850708,0.00022477656602859497,256.1275634765625,-6.066995297260291e-07,0.00012451647489797324,0.00010277958790538833,0.226666659116745,0.2630811035633087,0.009494900703430176,0.5268078446388245,1.5218263864517212,,,,0.26981139183044434,0.26108768582344055
75,model.layers.22.mlp.up_proj.weight,3584,1024,0.00027901785714285713,0.00023308336676564068,2.6426215171813965,-0.0008261078619398177,0.29915371537208557,0.0012227247934788465,0.17624081671237946,0.2872753143310547,0.016001500189304352,0.5557175278663635,1.510228157043457,0.00025983984232880175,204.96095275878906,-2.471917923685396e-06,0.00015826056187506765,0.00010621450928738341,0.23414656519889832,0.25513193011283875,0.010267388075590134,0.5056178569793701,1.509141445159912,,,,,
75,model.layers.22.mlp.down_proj.weight,1024,3584,0.00027901785714285713,0.000570567324757576,2.4104583263397217,-0.0008840056252665818,0.30484455823898315,0.0002495489316061139,0.1014225035905838,0.4187750816345215,0.00969427265226841,0.5696782469749451,1.470717430114746,0.00029391347197815776,127.05184936523438,1.4378430023498368e-05,0.000167578793480061,8.175386028597131e-05,0.22461973130702972,0.26596787571907043,0.009014442563056946,0.5252094268798828,1.4732235670089722,0.09739559888839722,0.09676873683929443,0.7263008952140808,,
75,model.layers.1.linear_attn.in_proj_qkv.weight,6144,1024,0.00016276041666666666,0.00014267986989580095,2.498854398727417,0.00017712540284264833,0.2609935700893402,0.0008884377311915159,0.18615424633026123,0.2615261971950531,0.008154037408530712,0.5128851532936096,1.5312492847442627,0.00014743194333277643,226.4137420654297,6.083218977437355e-06,0.00017145532183349133,7.720370194874704e-05,0.2292802333831787,0.2628174424171448,0.006466847378760576,0.5202486515045166,1.5392355918884277,0.12514559924602509,0.11475007236003876,0.8050159811973572,,
75,model.layers.1.linear_attn.out_proj.weight,1024,2048,0.00048828125,0.00033044558949768543,1.3104463815689087,0.0002648942463565618,0.6081485152244568,0.0008724238723516464,0.1147521510720253,0.3866601586341858,0.020804960280656815,0.5351532101631165,1.4371181726455688,0.000480610819067806,144.6220245361328,3.843781087198295e-06,0.00011519987310748547,9.102132025873289e-05,0.213967964053154,0.2768706977367401,0.00876151118427515,0.5459386110305786,1.4782308340072632,,,,,
75,model.layers.12.linear_attn.in_proj_qkv.weight,6144,1024,0.00016276041666666666,8.88799040694721e-05,2.5182807445526123,-1.4045584066479933e-05,0.32377028465270996,0.0008249236852861941,0.15184950828552246,0.26349684596061707,0.004501338582485914,0.6097275018692017,1.5505231618881226,0.00013715492968913168,205.82196044921875,1.10717119241599e-05,0.00017537835810799152,7.38335438654758e-05,0.21111172437667847,0.28194180130958557,0.007551063317805529,0.5355805158615112,1.542201042175293,0.07719486951828003,0.08231459558010101,0.7724018096923828,,
75,model.layers.12.linear_attn.out_proj.weight,1024,2048,0.00048828125,0.0003313220804557204,2.4542219638824463,-0.000579445855692029,0.49135857820510864,4.437805182533339e-05,0.15917673707008362,0.346583753824234,0.013791976496577263,0.5352292060852051,1.4214075803756714,0.00044607932795770466,82.30260467529297,1.5665993487345986e-05,0.0001346069184364751,8.512672502547503e-05,0.1911347508430481,0.3040899336338043,0.00775234354659915,0.5866264700889587,1.4942291975021362,,,,,
75,model.layers.21.linear_attn.in_proj_qkv.weight,6144,1024,0.00016276041666666666,8.583098679082468e-05,3.147854804992676,-4.6960463805589825e-05,0.09525661170482635,0.00034602073719725013,0.17051273584365845,0.26321354508399963,0.003759997896850109,0.6048861742019653,1.5464246273040771,0.0001449163828510791,319.6688232421875,7.91290403867606e-06,0.00014291945262812078,7.345431367866695e-05,0.22794972360134125,0.26324012875556946,0.008252046070992947,0.5275799632072449,1.5300830602645874,0.09168341755867004,0.09417764842510223,0.8098773956298828,,
75,model.layers.21.linear_attn.out_proj.weight,1024,2048,0.00048828125,0.00036641189944930375,2.3661739826202393,-0.00012429158960003406,0.17968735098838806,0.00010731082147685811,0.15344424545764923,0.34650394320487976,0.007063094060868025,0.5298534631729126,1.4772350788116455,0.00043530730181373656,93.39909362792969,-1.2767728549079038e-05,0.0001192200361401774,7.588748121634126e-05,0.21476037800312042,0.27661603689193726,0.00938155222684145,0.5185929536819458,1.480136752128601,,,,,
100,model.layers.7.self_attn.q_proj.weight,4096,1024,0.000244140625,0.00011904824350494891,2.630342960357666,0.00018134982383344322,0.357932984828949,0.0012552791740745306,0.16694296896457672,0.2716916501522064,0.009348703548312187,0.5500734448432922,1.5324872732162476,0.00020433963800314814,242.3426971435547,6.628081337112235e-06,0.0001672276994213462,8.852278551785275e-05,0.2221992313861847,0.2701391875743866,0.008169550448656082,0.5274178981781006,1.5314632654190063,0.10283783078193665,0.09996703267097473,0.7830711007118225,0.2376275360584259,0.25125226378440857
100,model.layers.7.self_attn.k_proj.weight,512,1024,0.0009765625,0.0011547103058546782,3.3832168579101562,1.737922616484866e-06,0.25411057472229004,0.0007499143248423934,0.1538163721561432,0.2731039524078369,0.02441815659403801,0.7022189497947693,1.3343013525009155,0.000940075027756393,101.88697052001953,2.8044751161360182e-05,7.061415089992806e-05,0.00019109270942863077,0.2139250785112381,0.2679917812347412,0.008315974846482277,0.5411822199821472,1.4391926527023315,,,,,
100,model.layers.7.self_attn.v_proj.weight,512,1024,0.0009765625,0.0008888462325558066,2.064220666885376,-0.0011869565350934863,0.480710506439209,0.0002943635336123407,0.1402004063129425,0.2598381042480469,0.003408546792343259,0.7220116257667542,1.4645918607711792,0.0009455715189687908,79.71595764160156,8.058414823608473e-05,7.07772996975109e-05,7.361760071944445e-05,0.23394416272640228,0.2506549656391144,0.007932762615382671,0.5086627006530762,1.4723037481307983,,,,,
100,model.layers.7.self_attn.o_proj.weight,1024,2048,0.00048828125,0.00025577173801138997,2.057997226715088,-0.0003644598473329097,0.8191633224487305,2.8470300094340928e-05,0.14298443496227264,0.3661237359046936,0.01106303185224533,0.538422167301178,1.4356521368026733,0.000453268236014992,41.93567657470703,1.6572272215853445e-05,0.00015738261572550982,3.8507514545926824e-05,0.16222712397575378,0.3368537724018097,0.006075351964682341,0.6516814827919006,1.5369805097579956,,,,,
100,model.layers.15.self_attn.q_proj.weight,4096,1024,0.000244140625,0.0001243786100530997,3.9719936847686768,7.967927376739681e-05,0.309545636177063,0.0001759705482982099,0.21167433261871338,0.23679904639720917,0.0035866405814886093,0.4455540180206299,1.54597806930542,0.00020710815442726016,211.71710205078125,6.615838174184319e-06,0.0001608140009921044,8.668513328302652e-05,0.21690665185451508,0.27254176139831543,0.007807702291756868,0.5104116201400757,1.5362094640731812,0.08616675436496735,0.08633022010326385,0.788300096988678,,
100,model.layers.15.self_attn.k_proj.weight,512,1024,0.0009765625,0.0009110912214964628,5.348973751068115,5.094895641377661e-06,0.24376316368579865,0.00018359601381234825,0.2603859007358551,0.22937436401844025,0.004537546541541815,0.5181900262832642,1.4473401308059692,0.0008590680081397295,81.41387176513672,5.637545655190479e-06,6.873601523693651e-05,6.108384695835412e-05,0.20592620968818665,0.2868404984474182,0.007422794587910175,0.5588318109512329,1.4593297243118286,,,,,
100,model.layers.15.self_attn.v_proj.weight,512,1024,0.0009765625,0.0008126687607727945,1.740565538406372,-3.4793290524248732e-06,0.30198946595191956,0.00010319818102288991,0.15789422392845154,0.28473037481307983,0.0024829618632793427,0.6971597671508789,1.448960781097412,0.0008823706302791834,51.37582015991211,1.7247182768187486e-05,5.7358578487765044e-05,0.00010853547428268939,0.220864936709404,0.27009809017181396,0.006997300777584314,0.532692015171051,1.4690110683441162,,,,0.2946212887763977,0.3196686804294586
100,model.layers.15.self_attn.o_proj.weight,1024,2048,0.00048828125,0.0003511424292810261,1.7488083839416504,1.5193032822935493e-06,0.5371670126914978,1.1035373972845264e-05,0.07544105499982834,0.4980839192867279,0.006277983542531729,0.6307539939880371,1.4522589445114136,0.0005050820182077587,54.806060791015625,1.3488210015566438e-06,0.00013167881115805358,6.670407310593873e-05,0.17996184527873993,0.31887245178222656,0.007427615113556385,0.6056568026542664,1.5206239223480225,,,,,
100,model.layers.19.self_attn.q_proj.weight,4096,1024,0.000244140625,0.0001803749182727188,3.209097385406494,0.0003315249632578343,0.17166446149349213,0.00032079321681521833,0.22617653012275696,0.2280610203742981,0.00731808552518487,0.41702792048454285,1.528111457824707,0.00020626283367164433,232.33737182617188,9.981942639569752e-06,0.00015113131667021662,7.615493814228103e-05,0.21671971678733826,0.27593496441841125,0.008572155609726906,0.518648087978363,1.5278139114379883,0.09253521263599396,0.09249652922153473,0.7860283255577087,,
100,model.layers.19.self_attn.k_proj.weight,512,1024,0.0009765625,0.0009870741050690413,3.8903961181640625,-3.807516350207152e-06,0.16675104200839996,0.0010396565776318312,0.258034884929657,0.20883630216121674,0.014234030619263649,0.5566297769546509,1.3682060241699219,0.0010032751597464085,83.87641906738281,2.153608511434868e-05,6.256098276935518e-05,0.00011958691902691498,0.20521417260169983,0.2857861816883087,0.008134491741657257,0.5650174021720886,1.4520971775054932,,,,,
100,model.layers.19.self_attn.v_proj.weight,512,1024,0.0009765625,0.000734548200853169,1.6269609928131104,-0.0003602499782573432,0.15174776315689087,0.0011742350179702044,0.14915941655635834,0.24522122740745544,0.006032612640410662,0.6390290260314941,1.4288173913955688,0.0009258060017600656,65.77739715576172,1.566673927300144e-05,5.177866478334181e-05,0.00010252055653836578,0.21063707768917084,0.2845977246761322,0.00889892503619194,0.5201014876365662,1.4558765888214111,,,,,
100,model.layers.19.self_attn.o_proj.weight,1024,2048,0.00048828125,0.0005043489509262145,1.4196572303771973,-0.00010412809933768585,0.30391547083854675,3.8369751564459875e-05,0.05664423853158951,0.5333293080329895,0.00664540147408843,0.6283823251724243,1.47829008102417,0.00040427641943097115,109.39093017578125,1.7346774257021025e-05,0.00010666365415090695,6.502407632069662e-05,0.19932861626148224,0.29398465156555176,0.008433143608272076,0.5477808713912964,1.4801629781723022,,,,,
100,model.layers.1.mlp.gate_proj.weight,3584,1024,0.00027901785714285713,0.00032350156106986105,2.682806968688965,0.0006887391791678965,0.38473546504974365,0.00019868792151100934,0.17673344910144806,0.3047967255115509,0.007456193678081036,0.5250968337059021,1.5214388370513916,0.0002477284288033843,223.06382751464844,2.427323670417536e-05,0.00018436294340062886,9.305367711931467e-05,0.23418813943862915,0.2572462856769562,0.009412156417965889,0.5099520087242126,1.5164412260055542,,,,0.32061970233917236,0.31319722533226013
100,model.layers.1.mlp.up_proj.weight,3584,1024,0.00027901785714285713,0.00034215147024951875,2.64774751663208,0.0002589300274848938,0.6246569156646729,0.0001705400354694575,0.16993287205696106,0.3070515990257263,0.009208337403833866,0.49026671051979065,1.512088656425476,0.00027131231036037207,158.07777404785156,4.8296224122168496e-05,0.00022702918795403093,9.274896001443267e-05,0.23208609223365784,0.25707611441612244,0.009481432847678661,0.501321017742157,1.5101698637008667,,,,,
100,model.layers.1.mlp.down_proj.weight,1024,3584,0.00027901785714285713,0.0002776974579319358,4.3667683601379395,0.00025587031268514693,0.6325217485427856,0.001989547861739993,0.1848089098930359,0.28337299823760986,0.015942154452204704,0.5455090403556824,1.4356743097305298,0.0002766741381492466,152.3607635498047,2.1831250705872662e-05,0.00023683671315666288,7.488056144211441e-05,0.21650370955467224,0.2730288505554199,0.008378538303077221,0.5425557494163513,1.487594485282898,0.10865218192338943,0.11044061183929443,0.814388632774353,,
100,model.layers.12.mlp.gate_proj.weight,3584,1024,0.00027901785714285713,0.00022362709569279104,2.889549732208252,-0.0005518147372640669,0.36550381779670715,0.0009007352055050433,0.1887836456298828,0.23586441576480865,0.006132437381893396,0.56783127784729,1.526604413986206,0.00024232400755863637,190.2978515625,2.082747596432455e-05,0.00017644175386521965,7.610624743392691e-05,0.2157248556613922,0.27627721428871155,0.007414861116558313,0.5417099595069885,1.5276683568954468,,,,,
100,model.layers.12.mlp.up_proj.weight,3584,1024,0.00027901785714285713,0.0002721033524721861,2.695307970046997,-0.0003848892811220139,0.5951363444328308,0.00036968739004805684,0.22124384343624115,0.24385017156600952,0.006663260515779257,0.5099392533302307,1.5189458131790161,0.0002715342561714351,151.0581817626953,2.4560040401411243e-05,0.00019758327107410878,0.00010166713764192536,0.22239260375499725,0.2665788531303406,0.009751160629093647,0.5056712031364441,1.5170248746871948,,,,,
100,model.layers.12.mlp.down_proj.weight,1024,3584,0.00027901785714285713,0.0002660231839399785,5.166828155517578,-0.0004000918415840715,0.5956703424453735,0.00011444192205090076,0.19288678467273712,0.30116239190101624,0.016942225396633148,0.5509213805198669,1.424589991569519,0.00025814768741838634,56.282867431640625,4.19329953729175e-05,0.0002289178955834359,7.327359344344586e-05,0.17388226091861725,0.31666144728660583,0.007317389827221632,0.6292936205863953,1.528156042098999,0.10921832174062729,0.09554821252822876,0.8131611943244934,,
100,model.layers.22.mlp.gate_proj.weight,3584,1024,0.00027901785714285713,0.00021928577916696668,3.344536542892456,-0.0006854130188003182,0.12646888196468353,0.001706603798083961,0.17849881947040558,0.25593116879463196,0.009797804988920689,0.5546891689300537,1.5186407566070557,0.00023937626974657178,241.3410186767578,-3.274347761816898e-07,0.0001295831025345251,9.719780791783705e-05,0.22675345838069916,0.26437705755233765,0.009490270167589188,0.5271813869476318,1.516541838645935,,,,0.2823783755302429,0.27855706214904785
100,model.layers.22.mlp.up_proj.weight,3584,1024,0.00027901785714285713,0.00024025271704886109,3.171743631362915,-0.0005540074198506773,0.2714823782444,0.0010464238002896309,0.17895881831645966,0.2888774871826172,0.014174469746649265,0.5674052238464355,1.511853814125061,0.00027487328043207526,213.18807983398438,-2.206949147876003e-06,0.00016102743393275887,0.00012370574404485524,0.23587222397327423,0.2532658278942108,0.010072055272758007,0.5023337006568909,1.5126558542251587,,,,,
100,model.layers.22.mlp.down_proj.weight,1024,3584,0.00027901785714285713,0.0003517660079523921,2.8680858612060547,-0.0006090413080528378,0.27017876505851746,0.00016187215805985034,0.10980568081140518,0.40362808108329773,0.005952315870672464,0.561506986618042,1.4676393270492554,0.00026421743677929044,130.31031799316406,6.0975682572461665e-05,0.00017546178423799574,9.228377894032747e-05,0.2244551181793213,0.26632264256477356,0.00896515604108572,0.5225998163223267,1.4749010801315308,0.08743590861558914,0.09515925496816635,0.7365094423294067,,
100,model.layers.1.linear_attn.in_proj_qkv.weight,6144,1024,0.00016276041666666666,0.00012203321966808289,2.40653920173645,0.0003494152333587408,0.31739819049835205,0.0008886588038876653,0.1916780322790146,0.25962984561920166,0.009542720392346382,0.5117913484573364,1.532496690750122,0.00015148133388720453,241.46141052246094,2.3387417968478985e-05,0.00021566040231846273,6.84155966155231e-05,0.22958923876285553,0.26049333810806274,0.007435464765876532,0.5161914229393005,1.530042290687561,0.11935967206954956,0.11433792114257812,0.8156446814537048,,
100,model.layers.1.linear_attn.out_proj.weight,1024,2048,0.00048828125,0.0007241607527248561,1.3541086912155151,-0.0003530480607878417,0.7601145505905151,0.000638343917671591,0.12443044781684875,0.36101242899894714,0.01878802478313446,0.5140625238418579,1.4436039924621582,0.0004589783784467727,101.2909164428711,1.4282657502917573e-05,0.00014487456064671278,9.580735786585137e-05,0.2128995805978775,0.27793818712234497,0.008534993045032024,0.5440667271614075,1.482896089553833,,,,,
100,model.layers.12.linear_attn.in_proj_qkv.weight,6144,1024,0.00016276041666666666,7.643362187081948e-05,2.1029322147369385,4.119463847018778e-05,0.3565753698348999,0.000411226850701496,0.1595005989074707,0.2446332424879074,0.002706843661144376,0.5946332812309265,1.5521938800811768,0.00013839098392054439,179.0478973388672,1.0169123925152235e-05,0.00018696096958592534,7.800524326739833e-05,0.2115020602941513,0.28131553530693054,0.007374933920800686,0.5366031527519226,1.5438858270645142,0.09834666550159454,0.09710920602083206,0.801988422870636,,
100,model.layers.12.linear_attn.out_proj.weight,1024,2048,0.00048828125,0.00027862132992595434,2.3199868202209473,0.0005151453660801053,0.5185149312019348,2.9727279979852028e-05,0.15615056455135345,0.3343634307384491,0.012552080675959587,0.528907835483551,1.4383935928344727,0.00042331599979661405,52.59397888183594,3.206710243830457e-05,0.00014729368558619171,4.605029243975878e-05,0.1788412481546402,0.3156646192073822,0.006956655066460371,0.6114934086799622,1.51180899143219,,,,,
100,model.layers.21.linear_attn.in_proj_qkv.weight,6144,1024,0.00016276041666666666,0.00010045497765531763,3.2218685150146484,-0.0001211526760016568,0.09355368465185165,0.0007041716016829014,0.17059911787509918,0.2617591619491577,0.005274765659123659,0.6033173203468323,1.5440362691879272,0.00015114112466108054,320.4659423828125,-2.3829575184208807e-06,0.00015310106391552836,6.726294668624178e-05,0.22960560023784637,0.2613452672958374,0.00817901361733675,0.5262091159820557,1.5364835262298584,0.10780361294746399,0.10573433339595795,0.7703405022621155,,
100,model.layers.21.linear_attn.out_proj.weight,1024,2048,0.00048828125,0.0003700417291838676,3.134276866912842,-0.0011064960854128003,0.1699308156967163,0.00012360150867607445,0.1494665890932083,0.3567291498184204,0.007051241118460894,0.5520963072776794,1.4801874160766602,0.00039421053952537477,86.65363311767578,1.9196610082872212e-05,0.00013138803478796035,5.718450483982451e-05,0.21464285254478455,0.27844879031181335,0.008450256660580635,0.5204941630363464,1.4655317068099976,,,,,
125,model.layers.7.self_attn.q_proj.weight,4096,1024,0.000244140625,0.00014414518955163658,2.6111886501312256,0.00037685781717300415,0.3155653178691864,0.0013261446729302406,0.1680258959531784,0.27457448840141296,0.008364099077880383,0.5561970472335815,1.535000205039978,0.00020660086011048406,241.58230590820312,1.2065323971910402e-05,0.00015896381228230894,9.55396390054375e-05,0.22243909537792206,0.27116653323173523,0.008334380574524403,0.5272501111030579,1.5314445495605469,0.08481157571077347,0.07552395015954971,0.8737323880195618,0.31196847558021545,0.311208039522171
125,model.layers.7.self_attn.k_proj.weight,512,1024,0.0009765625,0.0009668837883509696,3.7355213165283203,4.008138603239786e-06,0.22293220460414886,0.00036212606937624514,0.1592557579278946,0.27328965067863464,0.019049353897571564,0.7026837468147278,1.3498045206069946,0.0008915618527680635,92.22346496582031,4.426508439792087e-06,6.397541437763721e-05,8.637367136543617e-05,0.21149298548698425,0.27253931760787964,0.009194135665893555,0.5518638491630554,1.3973336219787598,,,,,
125,model.layers.7.self_attn.v_proj.weight,512,1024,0.0009765625,0.0008320653578266501,1.8659296035766602,0.0004535579355433583,0.435283899307251,0.00046375306556001306,0.13674543797969818,0.2473500370979309,0.003892278764396906,0.7357755303382874,1.468858003616333,0.0008753148140385747,46.269493103027344,6.294457853073254e-05,6.590618431800976e-05,8.034019992919639e-05,0.233584463596344,0.25111469626426697,0.008357081562280655,0.5162595510482788,1.4640270471572876,,,,,
125,model.layers.7.self_attn.o_proj.weight,1024,2048,0.00048828125,0.0002176662819692865,1.898474097251892,0.00015555227582808584,0.7271144986152649,4.611859185388312e-05,0.15557655692100525,0.341745525598526,0.013616113923490047,0.5083885788917542,1.4164332151412964,0.0004596155777107924,53.423545837402344,5.3778912842972204e-05,0.00013395497808232903,6.907773058628663e-05,0.17841193079948425,0.3165223300457001,0.006844479124993086,0.6185793280601501,1.5230013132095337,,,,,
125,model.layers.15.self_attn.q_proj.weight,4096,1024,0.000244140625,0.0001046527104335837,3.3367562294006348,0.0005593328969553113,0.3195730745792389,0.00033402006374672055,0.2181909680366516,0.2275034636259079,0.003811787348240614,0.43694424629211426,1.546202301979065,0.00020959773974027485,236.3660888671875,2.5826100682024844e-05,0.00014737629680894315,6.951556133572012e-05,0.22226805984973907,0.26920661330223083,0.008244447410106659,0.5045342445373535,1.5265487432479858,0.07630613446235657,0.07020459324121475,0.880132794380188,,
125,model.layers.15.self_attn.k_proj.weight,512,1024,0.0009765625,0.000983414938673377,3.9643714427948,3.5811242469208082e-06,0.2562076151371002,0.00028546462999656796,0.2617493271827698,0.2261756807565689,0.005306183360517025,0.5138277411460876,1.4476563930511475,0.0009847840992733836,60.36237716674805,2.989839413203299e-05,6.131928239483386e-05,7.174386701080948e-05,0.1937834918498993,0.2969125211238861,0.0071792080998420715,0.5881669521331787,1.4667863845825195,,,,,
125,model.layers.15.self_attn.v_proj.weight,512,1024,0.0009765625,0.001004510559141636,1.6785274744033813,-0.000775965687353164,0.26372936367988586,0.00032657585688866675,0.1820189207792282,0.2625582814216614,0.005912047810852528,0.6459187269210815,1.4416422843933105,0.0009990435792133212,50.255489349365234,1.3287783986015711e-05,5.360917930374853e-05,9.645836689742282e-05,0.22103416919708252,0.2699820101261139,0.007151492405682802,0.5291078090667725,1.4793082475662231,,,,0.3078010678291321,0.288367360830307
125,model.layers.15.self_attn.o_proj.weight,1024,2048,0.00048828125,0.0003785546578001231,1.6731122732162476,-0.00024719329667277634,0.48599645495414734,2.285464870510623e-05,0.08585649728775024,0.4554499089717865,0.0148468604311347,0.5792520642280579,1.4338549375534058,0.0004275989776942879,94.71393585205078,2.210306229244452e-05,0.00011146478209411725,6.885117181809619e-05,0.1982191503047943,0.2971315383911133,0.008413990959525108,0.5716971755027771,1.4878720045089722,,,,,
125,model.layers.19.self_attn.q_proj.weight,4096,1024,0.000244140625,0.00018584846111480147,3.2229366302490234,0.0008995096432045102,0.1779303401708603,0.00016137654893100262,0.22408315539360046,0.23991994559764862,0.006489598657935858,0.4544207751750946,1.5263229608535767,0.00020666865748353302,222.7302703857422,-9.699885595182423e-06,0.00015068984066601843,7.559193909401074e-05,0.21796563267707825,0.27471280097961426,0.008389456197619438,0.5185902714729309,1.530124545097351,0.08141842484474182,0.07418889552354813,0.8507550358772278,,
125,model.layers.19.self_attn.k_proj.weight,512,1024,0.0009765625,0.0012239111820235848,4.107021808624268,-2.651273644005414e-05,0.15570935606956482,0.0006071941461414099,0.256867378950119,0.21796447038650513,0.014320004731416702,0.5424534678459167,1.3474634885787964,0.0008766136597841978,89.67945098876953,4.638492100639269e-05,6.395692616933957e-05,4.0827322663972154e-05,0.21507130563259125,0.2743954658508301,0.007775081321597099,0.5457800030708313,1.4762414693832397,,,,,
125,model.layers.19.self_attn.v_proj.weight,512,1024,0.0009765625,0.0007022015633992851,1.5913575887680054,0.0005917027592658997,0.1315113604068756,0.0007892372086644173,0.12832558155059814,0.2823092043399811,0.005336514208465815,0.7060652375221252,1.4222465753555298,0.0009327863226644695,78.00511932373047,4.0062377593130805e-06,4.900659041595645e-05,7.704040763201192e-05,0.2074824869632721,0.28794053196907043,0.010271633975207806,0.5279081463813782,1.41920804977417,,,,,
125,model.layers.19.self_attn.o_proj.weight,1024,2048,0.00048828125,0.0004729147767648101,1.4270890951156616,0.00017006753478199244,0.26956844329833984,5.873984991922043e-05,0.05452558770775795,0.537389874458313,0.00876704417169094,0.6350895166397095,1.4563966989517212,0.0004343973414506763,108.08658599853516,1.1920466931769624e-05,9.43583290791139e-05,6.520876922877505e-05,0.2080976665019989,0.2843644618988037,0.008797942660748959,0.5359240174293518,1.4752568006515503,,,,,
125,model.layers.1.mlp.gate_proj.weight,3584,1024,0.00027901785714285713,0.00022883948986418545,3.092927932739258,-0.00039982557063922286,0.3006424009799957,0.00021644181106239557,0.18272873759269714,0.3035638928413391,0.007003492675721645,0.5298362374305725,1.5200839042663574,0.000260011525824666,281.66107177734375,5.025463906349614e-06,0.00014682103937957436,9.845632303040475e-05,0.23338688910007477,0.2577788829803467,0.009246932342648506,0.512077271938324,1.520556926727295,,,,0.3322249948978424,0.3331558108329773
125,model.layers.1.mlp.up_proj.weight,3584,1024,0.00027901785714285713,0.0002875694481190294,2.771988868713379,-0.00020934277563355863,0.5060816407203674,0.00010900374036282301,0.16107185184955597,0.33673349022865295,0.00798129104077816,0.5188151597976685,1.5144891738891602,0.0002612475655041635,185.71241760253906,2.930918344645761e-05,0.00017929407476913184,9.714793122839183e-05,0.23237517476081848,0.257039338350296,0.009921123273670673,0.5026102662086487,1.5162745714187622,,,,,
125,model.layers.1.mlp.down_proj.weight,1024,3584,0.00027901785714285713,0.00024825395666994154,5.156830787658691,-0.00021800231479573995,0.4983099400997162,0.00046552595449611545,0.1942443549633026,0.2780132293701172,0.010199093259871006,0.5424392819404602,1.4547218084335327,0.0002602527674753219,221.99342346191406,3.9749007555656135e-05,0.00018420466221868992,9.699397924123332e-05,0.22079360485076904,0.26952704787254333,0.008722887374460697,0.5369840264320374,1.4738491773605347,0.08174477517604828,0.07636833190917969,0.8893624544143677,,
125,model.layers.12.mlp.gate_proj.weight,3584,1024,0.00027901785714285713,0.00021431031927932054,2.5306622982025146,0.0006391615024767816,0.36984914541244507,0.0008577051921747625,0.1911035180091858,0.23582597076892853,0.00667576864361763,0.5686487555503845,1.527164340019226,0.00025654202909208834,198.40882873535156,1.3366384337132331e-05,0.0001562744873808697,8.810048893792555e-05,0.21621522307395935,0.2762738764286041,0.007702585309743881,0.5420527458190918,1.520858645439148,,,,,
125,model.layers.12.mlp.up_proj.weight,3584,1024,0.00027901785714285713,0.0002636357967276126,2.36796236038208,0.0005263068596832454,0.5971730351448059,0.00039324688259512186,0.2190987914800644,0.24668170511722565,0.006737734191119671,0.5171482563018799,1.519071102142334,0.0002783520321827382,148.12054443359375,2.4182212655432522e-05,0.00017956466763280332,0.00010140125232283026,0.22338834404945374,0.26473352313041687,0.009786369279026985,0.5049086809158325,1.5035027265548706,,,,,
125,model.layers.12.mlp.down_proj.weight,1024,3584,0.00027901785714285713,0.00025666458532214165,4.277304172515869,0.0005763444933108985,0.5667950510978699,0.0001221745042130351,0.2163686752319336,0.2702203392982483,0.020724404603242874,0.4968642592430115,1.3955637216567993,0.0002709784603212029,113.6996078491211,2.340124046895653e-05,0.00019445372163318098,7.282032311195508e-05,0.19520306587219238,0.2961738407611847,0.007874316535890102,0.5848957300186157,1.5062315464019775,0.07888473570346832,0.08342746645212173,0.8989946842193604,,
125,model.layers.22.mlp.gate_proj.weight,3584,1024,0.00027901785714285713,0.0002309473347850144,3.2146546840667725,0.0007167541771195829,0.10940229147672653,0.0006679448997601867,0.18340155482292175,0.2514073848724365,0.006622400600463152,0.559047281742096,1.5229744911193848,0.0002525487507227808,254.06295776367188,7.833752533770166e-06,0.00012103572225896642,9.777556988410652e-05,0.22556395828723907,0.26451995968818665,0.009202142246067524,0.5278048515319824,1.5162721872329712,,,,0.28514158725738525,0.2993774712085724
125,model.layers.22.mlp.up_proj.weight,3584,1024,0.00027901785714285713,0.00022975080355536193,2.84432315826416,0.0005950893391855061,0.2622910737991333,0.0008984727901406586,0.1699419617652893,0.2967517673969269,0.012070349417626858,0.5947302579879761,1.5132718086242676,0.0002817622444126755,187.3961181640625,7.757758794468828e-06,0.00015268912829924375,0.00010741484584286809,0.23380878567695618,0.2554070055484772,0.009564108215272427,0.5052458047866821,1.5078874826431274,,,,,
125,model.layers.22.mlp.down_proj.weight,1024,3584,0.00027901785714285713,0.0003911769890692085,2.9316484928131104,0.0007419424364343286,0.2288738638162613,0.00024776815553195775,0.11456699669361115,0.40174588561058044,0.01065937802195549,0.5632484555244446,1.4694684743881226,0.00030010336195118725,146.9837188720703,2.1590494725387543e-05,0.00016265314479824156,0.00010268988989992067,0.22474470734596252,0.2638742923736572,0.008900046348571777,0.5218709707260132,1.4561103582382202,0.06983113288879395,0.06594616919755936,0.8416286706924438,,
125,model.layers.1.linear_attn.in_proj_qkv.weight,6144,1024,0.00016276041666666666,0.00011240344610996544,2.302053451538086,-0.0001365505304420367,0.2645014524459839,0.0014656120911240578,0.19152073562145233,0.25707903504371643,0.010923386551439762,0.5104514956474304,1.5339285135269165,0.00015506615454796702,231.77745056152344,1.3030630725552328e-05,0.00018622969218995422,6.526507786475122e-05,0.2312512844800949,0.2621670663356781,0.006832815706729889,0.5175158381462097,1.5373402833938599,0.07726763933897018,0.07108406722545624,0.8699398040771484,,
125,model.layers.1.linear_attn.out_proj.weight,1024,2048,0.00048828125,0.0004778596630785614,1.3779997825622559,-0.00029156150412745774,0.5997509360313416,0.0007015700684860349,0.12662024796009064,0.36948856711387634,0.01689583994448185,0.5260632038116455,1.4365442991256714,0.0004580967070069164,147.5891571044922,3.078120789723471e-05,0.00012130940740462393,7.381157774943858e-05,0.21157704293727875,0.2803938686847687,0.008143840357661247,0.5524534583091736,1.488626480102539,,,,,
125,model.layers.12.linear_attn.in_proj_qkv.weight,6144,1024,0.00016276041666666666,7.645048754056916e-05,2.2271454334259033,3.252879832871258e-05,0.35816264152526855,0.000505262054502964,0.1543876975774765,0.2592874765396118,0.00322977127507329,0.62139493227005,1.5539417266845703,0.00013694552762899548,202.4541778564453,9.852983566815965e-06,0.00017574259254615754,5.873677218914963e-05,0.2126593440771103,0.27955329418182373,0.007368897087872028,0.5368828177452087,1.5405755043029785,0.09127771109342575,0.08573628962039948,0.8710930347442627,,
125,model.layers.12.linear_attn.out_proj.weight,1024,2048,0.00048828125,0.00030891929054632783,2.141568660736084,-0.0008321057539433241,0.4974883198738098,5.699693792848848e-05,0.17129233479499817,0.3203422427177429,0.013523357920348644,0.4996781349182129,1.429612636566162,0.00045010368921793997,69.85873413085938,2.6389609502075473e-06,0.00013284367742016912,5.778974082204513e-05,0.18645235896110535,0.30724918842315674,0.007281315978616476,0.5989423394203186,1.504063606262207,,,,,
125,model.layers.21.linear_attn.in_proj_qkv.weight,6144,1024,0.00016276041666666666,0.00010951908188872039,2.0366251468658447,0.0002785996184684336,0.11196395754814148,0.0015734130283817649,0.19165010750293732,0.23119723796844482,0.008462759666144848,0.5507045388221741,1.5404367446899414,0.00014956096129026264,296.3948669433594,3.0129576771287248e-06,0.00014334917068481445,6.587745883734897e-05,0.2272704392671585,0.26420170068740845,0.007635023444890976,0.5285678505897522,1.536147952079773,0.15038564801216125,0.14733266830444336,0.8781608939170837,,
125,model.layers.21.linear_attn.out_proj.weight,1024,2048,0.00048828125,0.0003842218720819801,3.14294695854187,0.0018607371021062136,0.15553312003612518,7.56453737267293e-05,0.14762374758720398,0.36402031779289246,0.006595848593860865,0.5636723041534424,1.4813222885131836,0.00042104601743631065,86.23939514160156,2.323612534382846e-06,0.00011835991608677432,6.896809645695612e-05,0.21324849128723145,0.28114771842956543,0.008913750760257244,0.5231881141662598,1.4782404899597168,,,,,
150,model.layers.7.self_attn.q_proj.weight,4096,1024,0.000244140625,0.0001811445690691471,3.3048670291900635,0.0007144839037209749,0.3385373055934906,0.0014790036948397756,0.18025341629981995,0.2598320245742798,0.009823043830692768,0.5383448004722595,1.534991979598999,0.00018891699437517673,178.4365234375,1.865797457867302e-05,0.0001580628741066903,7.421984628308564e-05,0.22145290672779083,0.27255719900131226,0.008536400273442268,0.5259612202644348,1.5281646251678467,0.08743992447853088,0.10031075775623322,0.860899806022644,0.40798237919807434,0.4086968004703522
150,model.layers.7.self_attn.k_proj.weight,512,1024,0.0009765625,0.0011153548257425427,4.3019609451293945,2.0472925825743005e-06,0.2587217688560486,0.0008232542313635349,0.16213378310203552,0.2636154592037201,0.026255376636981964,0.6833806037902832,1.3413110971450806,0.0008340310305356979,60.85725402832031,2.9304543204489164e-05,6.911798845976591e-05,5.975150997983292e-05,0.20058441162109375,0.2876778841018677,0.00876878947019577,0.5687772035598755,1.445367455482483,,,,,
150,model.layers.7.self_attn.v_proj.weight,512,1024,0.0009765625,0.0008210771484300494,1.8084040880203247,-0.001275201910175383,0.498276025056839,0.000438038696302101,0.13275976479053497,0.24617160856723785,0.003822838654741645,0.7416211366653442,1.4552358388900757,0.0009643160155974329,24.795242309570312,9.163924551103264e-05,7.3217750468757e-05,0.0001919864007504657,0.22882992029190063,0.25727182626724243,0.009410192258656025,0.521660566329956,1.489112138748169,,,,,
150,model.layers.7.self_attn.o_proj.weight,1024,2048,0.00048828125,0.0002448949380777776,2.092158317565918,-0.00043190730502828956,0.784881591796875,2.2437661755247973e-05,0.15211118757724762,0.35544243454933167,0.011164682917296886,0.5318183898925781,1.4224694967269897,0.00045887677697464824,50.90421676635742,1.5687683116993867e-05,0.00013684223813470453,4.825825089938007e-05,0.17418749630451202,0.3216559886932373,0.007025204133242369,0.6253301501274109,1.5244022607803345,,,,,
150,model.layers.15.self_attn.q_proj.weight,4096,1024,0.000244140625,0.00011411602463340387,3.3533267974853516,1.811029392229102e-06,0.33239036798477173,0.00022862273908685893,0.229282408952713,0.21887138485908508,0.0030295883771032095,0.4227622449398041,1.5474544763565063,0.00020901775860693306,216.451171875,1.3462987226375844e-05,0.00015140604227781296,6.854308594483882e-05,0.2207653820514679,0.2690090537071228,0.008268581703305244,0.5063501000404358,1.5273488759994507,0.0922352746129036,0.09269417822360992,0.8542283177375793,,
150,model.layers.15.self_attn.k_proj.weight,512,1024,0.0009765625,0.001091095618903637,4.492939472198486,1.3071712601231411e-05,0.2760283350944519,6.1009770433884114e-05,0.29169511795043945,0.2132481336593628,0.004338497295975685,0.5046401619911194,1.4713554382324219,0.0008018103544600308,83.3490982055664,2.5858018489088863e-05,6.399460835382342e-05,0.00011108731268905103,0.20204997062683105,0.291120707988739,0.006857429631054401,0.5714560151100159,1.4502733945846558,,,,,
150,model.layers.15.self_attn.v_proj.weight,512,1024,0.0009765625,0.0009716648492030799,1.6824268102645874,-0.0015949379885569215,0.2784856855869293,0.00011174997052876279,0.18395620584487915,0.27055761218070984,0.008568873628973961,0.6375232934951782,1.4353363513946533,0.0009604037622921169,67.97531127929688,1.0073298653878737e-05,5.293301001074724e-05,8.895441715139896e-05,0.2289380580186844,0.26133474707603455,0.007607275620102882,0.5134264826774597,1.454994797706604,,,,0.39780136942863464,0.3933867812156677
150,model.layers.15.self_attn.o_proj.weight,1024,2048,0.00048828125,0.0003593748260755092,1.7287758588790894,-0.0005476358928717673,0.49176543951034546,3.721483881236054e-05,0.09210710972547531,0.45692178606987,0.016769984737038612,0.5811110734939575,1.4333107471466064,0.0004837072337977588,75.18962097167969,2.1102920072735287e-05,0.00011626269406406209,6.434715760406107e-05,0.19332586228847504,0.3016534447669983,0.007950810715556145,0.5771439075469971,1.5107886791229248,,,,,
150,model.layers.19.self_attn.q_proj.weight,4096,1024,0.000244140625,0.00018191715935245156,3.2700300216674805,-0.00029129747417755425,0.1723717600107193,0.0002820598310790956,0.2309199869632721,0.2269952893257141,0.006874600891023874,0.4206000864505768,1.5283288955688477,0.00021324311092030257,231.35374450683594,9.293448215430544e-07,0.00014585503959096968,8.096966485027224e-05,0.217490553855896,0.2737327814102173,0.008320446126163006,0.5171799063682556,1.5260190963745117,0.06887031346559525,0.08339681476354599,0.8487443923950195,,
150,model.layers.19.self_attn.k_proj.weight,512,1024,0.0009765625,0.000914773961994797,4.114774703979492,8.181884368241299e-06,0.16960592567920685,0.00015844640438444912,0.25171273946762085,0.22795040905475616,0.012903688475489616,0.5509206652641296,1.3727846145629883,0.0008093639044091105,83.92082214355469,-5.764484740211628e-06,6.112206028774381e-05,6.929946539457887e-05,0.21022498607635498,0.2818840742111206,0.007780284620821476,0.5596140623092651,1.4692178964614868,,,,,
150,model.layers.19.self_attn.v_proj.weight,512,1024,0.0009765625,0.000794953724835068,1.579911708831787,0.0024379396345466375,0.1279449611902237,0.0009830412454903126,0.1418214589357376,0.2597137689590454,0.005345207639038563,0.6828452944755554,1.4270859956741333,0.0007422534399665892,48.959075927734375,-1.2756439900840633e-05,4.6906436182325706e-05,9.42216138355434e-05,0.20681945979595184,0.290323942899704,0.008130030706524849,0.5166938900947571,1.4736076593399048,,,,,
150,model.layers.19.self_attn.o_proj.weight,1024,2048,0.00048828125,0.000549289514310658,1.3791882991790771,0.0006893646786920726,0.27129605412483215,3.0890278139850125e-05,0.05450740456581116,0.5544251799583435,0.0039044523146003485,0.6523159742355347,1.4751509428024292,0.00044702173909172416,152.51268005371094,8.414995136263315e-06,9.357665840070695e-05,8.372218144359067e-05,0.20913159847259521,0.2824792265892029,0.009126720950007439,0.5382709503173828,1.4792073965072632,,,,,
150,model.layers.1.mlp.gate_proj.weight,3584,1024,0.00027901785714285713,0.00021179123723413795,2.626677989959717,-0.0004991278401575983,0.40610140562057495,0.00045247867819853127,0.17648792266845703,0.3084491193294525,0.008736556395888329,0.5291320085525513,1.5155857801437378,0.00027379317907616496,262.8502502441406,3.7116235034773126e-05,0.00014794581511523575,7.138434011721984e-05,0.23327158391475677,0.2572152316570282,0.009344440884888172,0.5102813243865967,1.513079285621643,,,,0.3912186026573181,0.4019100069999695
150,model.layers.1.mlp.up_proj.weight,3584,1024,0.00027901785714285713,0.0003152213466819376,2.4957752227783203,-0.00037287213490344584,0.6645124554634094,0.00019974008318968117,0.16657514870166779,0.31124672293663025,0.01052709948271513,0.49405160546302795,1.5081580877304077,0.00026516683283261955,183.6681365966797,5.025408245273866e-05,0.00017960606783162802,8.686228829901665e-05,0.231871098279953,0.25883370637893677,0.0097512723878026,0.501720666885376,1.509669303894043,,,,,
150,model.layers.1.mlp.down_proj.weight,1024,3584,0.00027901785714285713,0.0003222802188247442,4.340388774871826,-0.0003847017069347203,0.6456912755966187,0.0016236709197983146,0.19984295964241028,0.26496621966362,0.015863288193941116,0.5144726634025574,1.4359029531478882,0.0002579877036623657,227.60415649414062,6.976976146688685e-05,0.00018390289915259928,5.6888038670876995e-05,0.21970099210739136,0.26872193813323975,0.008702799677848816,0.5366126298904419,1.4648138284683228,0.12556664645671844,0.12048431485891342,0.8869280219078064,,
150,model.layers.12.mlp.gate_proj.weight,3584,1024,0.00027901785714285713,0.00018702018132898957,2.9003586769104004,-0.00011635942064458504,0.36112159490585327,0.0007740314467810094,0.1916317641735077,0.23802505433559418,0.0058001265861094,0.5719039440155029,1.532660722732544,0.0002332017756998539,200.05162048339844,4.8071928176796064e-05,0.0001615034998394549,7.136131898732856e-05,0.21460838615894318,0.27731433510780334,0.00744177820160985,0.5444215536117554,1.527326226234436,,,,,
150,model.layers.12.mlp.up_proj.weight,3584,1024,0.00027901785714285713,0.00024239486083388329,2.4490208625793457,0.00032739093876443803,0.6096036434173584,0.0004436216549947858,0.21639956533908844,0.24580790102481842,0.00771736865863204,0.5239070653915405,1.5228897333145142,0.0002687726228032261,148.0609130859375,4.54682667623274e-05,0.00018322575488127768,9.32768962229602e-05,0.224439337849617,0.2634519934654236,0.009967299178242683,0.502670407295227,1.5028562545776367,,,,,
150,model.layers.12.mlp.down_proj.weight,1024,3584,0.00027901785714285713,0.00024376828514505178,4.402102470397949,0.00035508739529177547,0.5755757689476013,0.0001291007356485352,0.21673442423343658,0.2729851007461548,0.020214198157191277,0.5000885128974915,1.3999212980270386,0.0002678986347746104,109.19109344482422,3.0719806090928614e-05,0.00019833300029858947,8.398271165788174e-05,0.19952194392681122,0.29222413897514343,0.00794911477714777,0.578154444694519,1.515965223312378,0.09529996663331985,0.08831314742565155,0.8817414045333862,,
150,model.layers.22.mlp.gate_proj.weight,3584,1024,0.00027901785714285713,0.0003592830034904182,2.9535751342773438,0.0004021661588922143,0.11014250665903091,0.0005738828331232071,0.17338530719280243,0.2665974795818329,0.005791689269244671,0.5783594846725464,1.5283589363098145,0.00023051424068398774,259.4407043457031,-5.249092282610945e-06,0.00011315113806631416,0.00010176844079978764,0.22537298500537872,0.26347625255584717,0.009547271765768528,0.5304520726203918,1.5198817253112793,,,,0.3966153860092163,0.40644270181655884
150,model.layers.22.mlp.up_proj.weight,3584,1024,0.00027901785714285713,0.00023408356355503201,2.7764995098114014,-0.00027047059847973287,0.2585030496120453,0.0011082470882683992,0.17347246408462524,0.2915787696838379,0.013855679892003536,0.5693761110305786,1.514527440071106,0.00025472312700003386,199.4229736328125,1.5850398995098658e-05,0.00014788041880819947,9.014299575937912e-05,0.2352692186832428,0.25383633375167847,0.009952574968338013,0.503665566444397,1.5089962482452393,,,,,
150,model.layers.22.mlp.down_proj.weight,1024,3584,0.00027901785714285713,0.00041130423778668046,2.628971815109253,-0.00031812331872060895,0.23831240832805634,0.0002076236851280555,0.10391980409622192,0.42716750502586365,0.007016967516392469,0.5899186730384827,1.4756975173950195,0.00027429411420598626,161.65704345703125,3.601022035581991e-05,0.0001579226227477193,9.285736450692639e-05,0.22439806163311005,0.2655637860298157,0.009308919310569763,0.5238953828811646,1.473653793334961,0.08203697204589844,0.08268556743860245,0.8155326843261719,,
150,model.layers.1.linear_attn.in_proj_qkv.weight,6144,1024,0.00016276041666666666,0.00011141622962895781,2.3238413333892822,-0.0001935438922373578,0.3619687557220459,0.00039809924783185124,0.20417174696922302,0.24609805643558502,0.006663795560598373,0.495433509349823,1.5353676080703735,0.0001532948954263702,229.93666076660156,1.8269576685270295e-05,0.00018104526679962873,6.292838224908337e-05,0.22940649092197418,0.26117971539497375,0.006773261819034815,0.5178802609443665,1.5386255979537964,0.12493983656167984,0.12664489448070526,0.8619941473007202,,
150,model.layers.1.linear_attn.out_proj.weight,1024,2048,0.00048828125,0.0007607266888953745,1.3818628787994385,0.0006679695216007531,0.8025539517402649,0.0002925977751147002,0.13177822530269623,0.37067711353302,0.011596862226724625,0.5305164456367493,1.4513262510299683,0.0004682716680690646,144.07928466796875,4.605590584105812e-05,0.00011849310976685956,8.085551962722093e-05,0.21322499215602875,0.2785407602787018,0.008472667075693607,0.5464906692504883,1.4861502647399902,,,,,
150,model.layers.12.linear_attn.in_proj_qkv.weight,6144,1024,0.00016276041666666666,7.31035033822991e-05,1.8952209949493408,6.937701982678846e-05,0.4027235507965088,0.0007369379163719714,0.15600532293319702,0.252790242433548,0.0040738023817539215,0.6136234402656555,1.5519514083862305,0.00013099446368869394,193.67774963378906,1.4025556083652191e-05,0.00017653428949415684,7.281173020601273e-05,0.21175791323184967,0.2806278467178345,0.007194375619292259,0.5366212725639343,1.5407577753067017,0.0841561034321785,0.08198566734790802,0.8393441438674927,,
150,model.layers.12.linear_attn.out_proj.weight,1024,2048,0.00048828125,0.00027753051836043596,2.2392659187316895,-0.0006285086856223643,0.4954994022846222,7.043984805932269e-05,0.16804184019565582,0.31845319271087646,0.02371172606945038,0.49572819471359253,1.4067858457565308,0.0004272879159543663,59.064979553222656,8.876430911186617e-06,0.00013699964620172977,5.745206726714969e-05,0.19032813608646393,0.30579903721809387,0.007400083355605602,0.591677188873291,1.5091638565063477,,,,,
150,model.layers.21.linear_attn.in_proj_qkv.weight,6144,1024,0.00016276041666666666,0.00010169187589781359,2.937185287475586,0.0001694880484137684,0.08516576141119003,0.0007954101893119514,0.18422940373420715,0.24597039818763733,0.005427645053714514,0.5687012076377869,1.5437431335449219,0.00013741638395003974,333.5089111328125,2.5266244847443886e-06,0.0001379406312480569,6.368391041178256e-05,0.22956699132919312,0.25934579968452454,0.008651480078697205,0.5223543643951416,1.5273817777633667,0.09574972838163376,0.0915781632065773,0.868766188621521,,
150,model.layers.21.linear_attn.out_proj.weight,1024,2048,0.00048828125,0.00037664902629330754,2.826916217803955,0.00012033289385726675,0.14953020215034485,7.087619451340288e-05,0.15588688850402832,0.34049925208091736,0.007815198041498661,0.5211370587348938,1.4621416330337524,0.0004657509853132069,114.80121612548828,2.074763506243471e-05,0.000111815745185595,6.30820359219797e-05,0.21526846289634705,0.2773078382015228,0.008493083529174328,0.5183290839195251,1.4789581298828125,,,,,
175,model.layers.7.self_attn.q_proj.weight,4096,1024,0.000244140625,0.00016155661433003843,2.136988401412964,-7.277204713318497e-05,0.5706660747528076,0.0012252641608938575,0.16536766290664673,0.27943816781044006,0.009445750154554844,0.5673349499702454,1.5316723585128784,0.00020754258730448782,249.0897216796875,1.7286180082010105e-05,0.00015484850155189633,7.578397344332188e-05,0.22273537516593933,0.2697833478450775,0.008310445584356785,0.5261480808258057,1.5305448770523071,0.07650650292634964,0.07652617245912552,0.8434870839118958,0.26215076446533203,0.28150102496147156
175,model.layers.7.self_attn.k_proj.weight,512,1024,0.0009765625,0.001025339588522911,3.5471572875976562,-6.694181138300337e-06,0.39290478825569153,0.000600192928686738,0.157229945063591,0.2566361427307129,0.021928688511252403,0.7069805860519409,1.328983187675476,0.000988881103694439,98.12928771972656,1.494663956691511e-05,6.286652205744758e-05,8.71752854436636e-05,0.21224913001060486,0.2720266878604889,0.009097696281969547,0.5441679358482361,1.4147199392318726,,,,,
175,model.layers.7.self_attn.v_proj.weight,512,1024,0.0009765625,0.000786180142313242,1.850790023803711,0.0005701017798855901,0.7092938423156738,0.00028537531034089625,0.13425961136817932,0.2508285641670227,0.003703576745465398,0.7447372674942017,1.4500919580459595,0.0008418354555033147,59.88355255126953,2.3127484382712282e-05,6.396918615791947e-05,0.0001261590950889513,0.22872617840766907,0.25660741329193115,0.008697341196238995,0.5198661088943481,1.4454256296157837,,,,,
175,model.layers.7.self_attn.o_proj.weight,1024,2048,0.00048828125,0.00020244572078809142,1.9525511264801025,0.0001965918781934306,1.0979065895080566,7.089247810654342e-05,0.16823570430278778,0.30837273597717285,0.019861219450831413,0.46095725893974304,1.408284068107605,0.0004666387685574591,62.72455596923828,2.758155096671544e-05,0.00013333487731870264,7.494010060327128e-05,0.1747608184814453,0.3211500346660614,0.007015700452029705,0.6265420317649841,1.5274646282196045,,,,,
175,model.layers.15.self_attn.q_proj.weight,4096,1024,0.000244140625,0.00014228442159947008,3.518367052078247,0.0002207402139902115,0.45863574743270874,0.000498786277603358,0.22687633335590363,0.22606752812862396,0.0046546864323318005,0.4249155819416046,1.545383334159851,0.00021715048933401704,204.70045471191406,2.0299290554248728e-05,0.000147079088492319,6.481275340775028e-05,0.22436794638633728,0.26626187562942505,0.007736887317150831,0.5004009008407593,1.5304144620895386,0.08005032688379288,0.07968597114086151,0.8556500673294067,,
175,model.layers.15.self_attn.k_proj.weight,512,1024,0.0009765625,0.0009896609699353576,4.454928398132324,-7.78499452280812e-06,0.38454118371009827,2.1993788323015906e-05,0.27239274978637695,0.2149425745010376,0.0030893278308212757,0.5251989364624023,1.469702959060669,0.0009926033671945333,81.34148406982422,1.3124761608196422e-05,6.171156564960256e-05,5.8848574553849176e-05,0.1942402571439743,0.2990664839744568,0.006921170279383659,0.5890910029411316,1.4812803268432617,,,,,
175,model.layers.15.self_attn.v_proj.weight,512,1024,0.0009765625,0.0008790170541033149,1.7613483667373657,-0.0026222351007163525,0.34409603476524353,0.0004277044499758631,0.17442907392978668,0.2718473970890045,0.00466336403042078,0.6696709394454956,1.4460705518722534,0.0009459093562327325,80.65801239013672,1.3796278835798148e-05,4.896346217719838e-05,5.5210381106007844e-05,0.23164068162441254,0.26009759306907654,0.006521160248667002,0.506921648979187,1.4693104028701782,,,,0.2801596224308014,0.28242647647857666
175,model.layers.15.self_attn.o_proj.weight,1024,2048,0.00048828125,0.0004192388732917607,1.7714807987213135,-0.0008595899562351406,0.6239449381828308,3.54347939719446e-05,0.09102412313222885,0.44916781783103943,0.01314527913928032,0.5751650333404541,1.4384372234344482,0.00045756198232993484,98.43473052978516,2.6252981115248986e-05,0.00010980752267641947,7.187736628111452e-05,0.19520451128482819,0.30083465576171875,0.008277663961052895,0.5781022906303406,1.4977447986602783,,,,,
175,model.layers.19.self_attn.q_proj.weight,4096,1024,0.000244140625,0.00017997028771787882,3.4117820262908936,-0.0009014613460749388,0.22945578396320343,0.00025619688676670194,0.219085693359375,0.238066628575325,0.006571189966052771,0.43638643622398376,1.5328083038330078,0.00020060241513419896,195.6360321044922,1.346879707853077e-05,0.00015010822971817106,5.9680038248188794e-05,0.2203424572944641,0.2720799744129181,0.007997765205800533,0.513975203037262,1.532227635383606,0.0710778534412384,0.07851585000753403,0.8335506916046143,,
175,model.layers.19.self_attn.k_proj.weight,512,1024,0.0009765625,0.0011936159571632743,4.091485500335693,1.7837735413195333e-06,0.2303236722946167,0.00016909654368646443,0.24413791298866272,0.2183937281370163,0.010174580849707127,0.577603280544281,1.3860703706741333,0.001003806828521192,69.72457122802734,-1.0694845514080953e-05,6.887138442834839e-05,6.652983574895188e-05,0.20071861147880554,0.2896899878978729,0.008212940767407417,0.5813515186309814,1.4578241109848022,,,,,
175,model.layers.19.self_attn.v_proj.weight,512,1024,0.0009765625,0.0007176255458034575,1.4519078731536865,0.0007316902629099786,0.18556541204452515,0.00044511191663332283,0.12094560265541077,0.27854207158088684,0.00418735621497035,0.7006972432136536,1.4191197156906128,0.0008912611519917846,68.7267074584961,1.7272578816118767e-06,4.871978671872057e-05,6.433826638385653e-05,0.2149774432182312,0.28255313634872437,0.009089642204344273,0.5210325121879578,1.469279170036316,,,,,
175,model.layers.19.self_attn.o_proj.weight,1024,2048,0.00048828125,0.0005368422134779394,1.3981657028198242,0.00023904888075776398,0.344546377658844,6.737960939062759e-05,0.05304679274559021,0.5522091388702393,0.01978927291929722,0.6542474031448364,1.4586137533187866,0.00043030385859310627,129.6835479736328,1.2556974979816005e-05,9.539029997540638e-05,7.344255573116243e-05,0.20931382477283478,0.2813063859939575,0.008543314412236214,0.5371544361114502,1.4770139455795288,,,,,
175,model.layers.1.mlp.gate_proj.weight,3584,1024,0.00027901785714285713,0.0006867804331704974,2.7415542602539062,0.0005666478537023067,0.5256004929542542,0.00040376451215706766,0.1712937355041504,0.3233485519886017,0.009437928907573223,0.5461781024932861,1.5089324712753296,0.0002604598121251911,237.5484161376953,2.501978087821044e-05,0.00013709159975405782,7.853113493183628e-05,0.23264923691749573,0.25843286514282227,0.009557279758155346,0.5109322667121887,1.5175131559371948,,,,0.2637380063533783,0.2771330773830414
175,model.layers.1.mlp.up_proj.weight,3584,1024,0.00027901785714285713,0.000263844063738361,2.387451648712158,0.000594136887229979,0.8949210047721863,0.00011329921835567802,0.15709079802036285,0.33371245861053467,0.007712136022746563,0.5081619024276733,1.5085874795913696,0.00028650229796767235,160.29519653320312,7.406200893456116e-05,0.00016745761968195438,0.00011600276047829539,0.231971874833107,0.2579534947872162,0.00957091711461544,0.5020256042480469,1.507218599319458,,,,,
175,model.layers.1.mlp.down_proj.weight,1024,3584,0.00027901785714285713,0.00025527161778882146,4.588705062866211,0.0006187970866449177,0.842391312122345,0.001844639889895916,0.20093823969364166,0.2638512849807739,0.017299091443419456,0.5102769136428833,1.4304730892181396,0.00027700632927007973,221.6040802001953,2.8400321752997115e-05,0.00017182002193294466,8.870822057360783e-05,0.21761775016784668,0.2708178162574768,0.008577452041208744,0.5391013026237488,1.4921032190322876,0.07157990336418152,0.07652512192726135,0.868954062461853,,
175,model.layers.12.mlp.gate_proj.weight,3584,1024,0.00027901785714285713,0.0001849802356446162,2.913238763809204,-0.00011034281487809494,0.479949951171875,0.0005232037510722876,0.19710034132003784,0.23740507662296295,0.005077662877738476,0.5557629466056824,1.5293744802474976,0.00024755188496783376,204.21347045898438,4.199065131160751e-07,0.00015159780741669238,7.584171544294804e-05,0.21686942875385284,0.27568915486335754,0.007548572961241007,0.5414952635765076,1.5258760452270508,,,,,
175,model.layers.12.mlp.up_proj.weight,3584,1024,0.00027901785714285713,0.00029116665245965123,2.6971988677978516,6.932372343726456e-05,0.7778835892677307,0.0004010824195574969,0.21718595921993256,0.24746395647525787,0.007454312406480312,0.5200004577636719,1.5138908624649048,0.00026923566474579275,161.89991760253906,5.914380381000228e-05,0.00017505443247500807,8.223922486649826e-05,0.22201292216777802,0.266713410615921,0.009908448904752731,0.5046916007995605,1.512885332107544,,,,,
175,model.layers.12.mlp.down_proj.weight,1024,3584,0.00027901785714285713,0.00025664077838882804,5.055438041687012,7.268212357303128e-05,0.7374861240386963,0.00013890508853364736,0.21631553769111633,0.26973316073417664,0.024733496829867363,0.4984687864780426,1.3772567510604858,0.0002473430649843067,121.48692321777344,1.1758363143599126e-05,0.00018590260879136622,7.180308602983132e-05,0.1980205774307251,0.2923029363155365,0.008307687938213348,0.5803265571594238,1.5213371515274048,0.07209555059671402,0.07476013898849487,0.8699862360954285,,
175,model.layers.22.mlp.gate_proj.weight,3584,1024,0.00027901785714285713,0.00025717102107591927,2.9222846031188965,-3.0159955713315867e-05,0.14975173771381378,0.0005321121425367892,0.16688723862171173,0.27402427792549133,0.00611074035987258,0.5810562968254089,1.5222493410110474,0.0002473073545843363,214.0723876953125,1.0595106687105726e-05,0.00011476166400825605,0.00010203921556239948,0.22269709408283234,0.2664887607097626,0.009164468385279179,0.5338018536567688,1.5216542482376099,,,,0.3296673595905304,0.297993540763855
175,model.layers.22.mlp.up_proj.weight,3584,1024,0.00027901785714285713,0.00020168061018921435,2.8536808490753174,-0.00018883810844272375,0.3368442952632904,0.00041886887629516423,0.17098891735076904,0.3008212149143219,0.009534217417240143,0.5803704857826233,1.5091581344604492,0.00027717353077605367,221.21791076660156,3.9935879613040015e-05,0.00014676105638500303,0.00011080815602326766,0.23560009896755219,0.25431761145591736,0.009998742491006851,0.503415048122406,1.507574439048767,,,,,
175,model.layers.22.mlp.down_proj.weight,1024,3584,0.00027901785714285713,0.0004268440243322402,2.5453906059265137,-0.00021523218310903758,0.32684141397476196,0.00019833813712466508,0.09696586430072784,0.41996774077415466,0.0076672411523759365,0.5807292461395264,1.4664732217788696,0.0002470689360052347,143.0318145751953,2.8836182536906563e-05,0.0001588519080542028,0.0001057090557878837,0.22564716637134552,0.2644989490509033,0.00937660876661539,0.5211096405982971,1.4649516344070435,0.08641143143177032,0.08477936685085297,0.8209785223007202,,
175,model.layers.1.linear_attn.in_proj_qkv.weight,6144,1024,0.00016276041666666666,0.00012844725279137492,2.30511474609375,-4.35874389950186e-05,0.44016894698143005,0.0007535578915849328,0.18903441727161407,0.26104652881622314,0.00867057591676712,0.517183780670166,1.5354801416397095,0.0001392595295328647,218.038818359375,1.6643352864775807e-05,0.00016627830336801708,7.379185990430415e-05,0.23204514384269714,0.26083582639694214,0.0077372449450194836,0.5138833522796631,1.53626549243927,0.07929738610982895,0.07327143102884293,0.860763669013977,,
175,model.layers.1.linear_attn.out_proj.weight,1024,2048,0.00048828125,0.0004700904537457973,1.3291571140289307,6.281171954469755e-05,1.056668758392334,0.0005558342090807855,0.13263560831546783,0.352998286485672,0.01503401342779398,0.5040571093559265,1.4499553442001343,0.00041558960219845176,138.2669677734375,4.5943492295918986e-05,0.00011126338358735666,9.341579425381497e-05,0.21149803698062897,0.27916502952575684,0.008059196174144745,0.548265278339386,1.5005159378051758,,,,,
175,model.layers.12.linear_attn.in_proj_qkv.weight,6144,1024,0.00016276041666666666,6.922123429831117e-05,2.328253984451294,-0.00014373396697919816,0.4961804151535034,0.0005297642783261836,0.16293662786483765,0.24997472763061523,0.0035192768555134535,0.5910359025001526,1.5525163412094116,0.0001397088053636253,217.41281127929688,1.41818691190565e-05,0.00017151003703474998,6.666195986326784e-05,0.21382753551006317,0.27884864807128906,0.0070538329891860485,0.5329731106758118,1.5427592992782593,0.07088781893253326,0.07446570694446564,0.8342966437339783,,
175,model.layers.12.linear_attn.out_proj.weight,1024,2048,0.00048828125,0.00032171091879718006,2.0890445709228516,-0.0006839103880338371,0.6522420644760132,7.327532512135804e-05,0.17643719911575317,0.30307891964912415,0.023069005459547043,0.4793357849121094,1.4128457307815552,0.0004199444374535233,73.86927795410156,1.979867920454126e-05,0.00013217567175161093,5.7356977777089924e-05,0.19060508906841278,0.30308693647384644,0.00784311257302761,0.5888962149620056,1.5046080350875854,,,,,
175,model.layers.21.linear_attn.in_proj_qkv.weight,6144,1024,0.00016276041666666666,0.00010417473095003515,3.3443872928619385,0.00023485228302888572,0.1017136499285698,0.0012187687680125237,0.19498449563980103,0.24331524968147278,0.00959702767431736,0.5393434166908264,1.5383635759353638,0.00015124255151022226,259.1087341308594,2.1494017801160226e-06,0.00013719062553718686,6.121668411651626e-05,0.22940893471240997,0.26146960258483887,0.008155434392392635,0.5240828394889832,1.5347579717636108,0.08159542083740234,0.07706335932016373,0.8515421748161316,,
175,model.layers.21.linear_attn.out_proj.weight,1024,2048,0.00048828125,0.00036604635533876717,2.6976606845855713,0.0005302325007505715,0.202360600233078,0.00017798281623981893,0.14186756312847137,0.3636920750141144,0.007493790704756975,0.5568398833274841,1.4804762601852417,0.00042337371269240975,100.82286834716797,3.896864291164093e-05,0.00011309633555356413,8.843872637953609e-05,0.21438691020011902,0.2774381935596466,0.008795375004410744,0.5220797657966614,1.476052165031433,,,,,
200,model.layers.7.self_attn.q_proj.weight,4096,1024,0.000244140625,0.00013887035311199725,2.6147332191467285,3.322329939692281e-05,0.386019229888916,0.0012832987122237682,0.18564191460609436,0.2550885081291199,0.010852153412997723,0.5259882807731628,1.5355033874511719,0.0001945566909853369,229.03890991210938,1.4659677617601119e-05,0.0001542222307762131,7.643853314220905e-05,0.22551394999027252,0.2669239640235901,0.008729995228350163,0.5190592408180237,1.5283203125,0.08489573001861572,0.081007219851017,0.8732736110687256,0.3040540814399719,0.29480236768722534
200,model.layers.7.self_attn.k_proj.weight,512,1024,0.0009765625,0.0010962497908622026,4.296525478363037,1.2666713473663549e-06,0.2784018814563751,0.0006139933248050511,0.16523221135139465,0.23971712589263916,0.021350469440221786,0.7012895941734314,1.3310744762420654,0.0009204752277582884,99.68549346923828,4.4867515498481225e-06,6.273029430303723e-05,0.0001231867354363203,0.20819097757339478,0.2732169032096863,0.008988053537905216,0.5525996088981628,1.4062657356262207,,,,,
200,model.layers.7.self_attn.v_proj.weight,512,1024,0.0009765625,0.0006991273839958012,1.7389914989471436,-0.00015311702736653388,0.5477777123451233,0.00023205646721180528,0.12547267973423004,0.251910001039505,0.00261501781642437,0.7644616961479187,1.4647034406661987,0.0009246639674529433,75.27545928955078,0.00010516256588744,6.370957271428779e-05,9.142121416516602e-05,0.23092108964920044,0.2558234632015228,0.008986773900687695,0.5194754004478455,1.461363673210144,,,,,
200,model.layers.7.self_attn.o_proj.weight,1024,2048,0.00048828125,0.0002080891135847196,1.9538747072219849,-4.52708154625725e-05,0.8366509675979614,3.176258542225696e-05,0.15496492385864258,0.3391995429992676,0.014579773880541325,0.5052884817123413,1.4098199605941772,0.0004884838126599789,73.90428161621094,5.669196980306879e-05,0.0001352817635051906,7.690719212405384e-05,0.17792919278144836,0.3166639506816864,0.006915581878274679,0.620039701461792,1.5240484476089478,,,,,
200,model.layers.15.self_attn.q_proj.weight,4096,1024,0.000244140625,0.0001270331267733127,3.4419023990631104,6.290158012234315e-07,0.36828118562698364,0.00012807644088752568,0.22795264422893524,0.2274339199066162,0.002766316058114171,0.442593514919281,1.5482784509658813,0.00021418342657852918,191.44393920898438,1.829222310334444e-05,0.00015672133304178715,5.784561290056445e-05,0.223258838057518,0.266685426235199,0.00792632531374693,0.5024574398994446,1.5322071313858032,0.06133958324790001,0.06530852615833282,0.8485849499702454,,
200,model.layers.15.self_attn.k_proj.weight,512,1024,0.0009765625,0.0009197558392770588,4.450287342071533,-7.73493684391724e-06,0.3244628310203552,1.6519645214430057e-05,0.22721002995967865,0.25852951407432556,0.003565374296158552,0.5840752720832825,1.4672216176986694,0.0009128252859227359,78.06893920898438,2.4804854547255673e-05,7.13274857844226e-05,9.454730025026947e-05,0.19054201245307922,0.30485987663269043,0.006754003930836916,0.5958797335624695,1.4825066328048706,,,,,
200,model.layers.15.self_attn.v_proj.weight,512,1024,0.0009765625,0.0009207572438754141,1.905180811882019,-0.0004113420145586133,0.2931000888347626,0.00017733983986545354,0.2101190984249115,0.241465762257576,0.004896897356957197,0.6186904311180115,1.4559133052825928,0.0009761168039403856,68.57483673095703,2.1004874724894762e-05,5.614444671664387e-05,6.44614192424342e-05,0.22666248679161072,0.26501578092575073,0.007977533154189587,0.5139194130897522,1.47427499294281,,,,0.2437223196029663,0.23754221200942993
200,model.layers.15.self_attn.o_proj.weight,1024,2048,0.00048828125,0.0003800226259045303,1.7756580114364624,-0.00014020412345416844,0.5059871077537537,4.013233774458058e-05,0.10126880556344986,0.41605573892593384,0.012524779886007309,0.5419262051582336,1.4266786575317383,0.00046513701090589166,93.87576293945312,4.6416422264883295e-05,0.00011634363181656227,8.100733975879848e-05,0.19712872803211212,0.29624539613723755,0.008307197131216526,0.5721710920333862,1.497281789779663,,,,,
200,model.layers.19.self_attn.q_proj.weight,4096,1024,0.000244140625,0.00017970883345697075,3.040018320083618,-0.0010459735058248043,0.19482748210430145,0.00039638971793465316,0.2463463693857193,0.20616963505744934,0.006681431084871292,0.3901633024215698,1.5308369398117065,0.00020414043683558702,222.0142822265625,3.4808886084647384e-06,0.00015083812468219548,0.0001111591627704911,0.2195654660463333,0.271805077791214,0.008607740513980389,0.5141870975494385,1.526313304901123,0.05594493821263313,0.06122162938117981,0.8046541810035706,,
200,model.layers.19.self_attn.k_proj.weight,512,1024,0.0009765625,0.0010967102134600282,3.317997694015503,2.2284642909653485e-05,0.18809230625629425,0.00033902059658430517,0.2564420998096466,0.2110777199268341,0.013953616842627525,0.5547510981559753,1.3646857738494873,0.0009952322579920292,78.9724349975586,3.25325527228415e-05,6.432033114833757e-05,8.34869424579665e-05,0.201468825340271,0.2848340570926666,0.007338766939938068,0.5716335773468018,1.4601306915283203,,,,,
200,model.layers.19.self_attn.v_proj.weight,512,1024,0.0009765625,0.000991504406556487,1.680436372756958,-0.0001454971934435889,0.13968107104301453,0.0014305090298876166,0.15598909556865692,0.2556913197040558,0.008009648881852627,0.6634687185287476,1.4126523733139038,0.0008619921281933784,54.991329193115234,-1.3746366676059552e-05,5.2788684115512297e-05,7.800857565598562e-05,0.20650488138198853,0.2880064845085144,0.009872842580080032,0.5102187395095825,1.4044758081436157,,,,,
200,model.layers.19.self_attn.o_proj.weight,1024,2048,0.00048828125,0.00046401601866818964,1.5125778913497925,-4.2460724216653034e-05,0.253973126411438,0.00013432849664241076,0.06874565780162811,0.4840858578681946,0.016016514971852303,0.5891190767288208,1.420651912689209,0.0004794037959072739,104.93360900878906,3.6882111089653336e-06,9.707995195640251e-05,7.901146454969421e-05,0.2105513960123062,0.2820487916469574,0.0084995087236166,0.5404627323150635,1.4810131788253784,,,,,
200,model.layers.1.mlp.gate_proj.weight,3584,1024,0.00027901785714285713,0.00022220016398932785,2.5898702144622803,0.0009361463598906994,0.40777847170829773,0.00021541242313105613,0.180063858628273,0.30614426732063293,0.0075682844035327435,0.526374340057373,1.5171390771865845,0.0002693044953048229,264.9533386230469,3.987052696174942e-05,0.0001316864654654637,8.688814705237746e-05,0.233642116189003,0.2575460374355316,0.009176215156912804,0.5103231072425842,1.5100808143615723,,,,0.33525875210762024,0.3250133991241455
200,model.layers.1.mlp.up_proj.weight,3584,1024,0.00027901785714285713,0.00024761134409345686,2.379875898361206,0.0008109693299047649,0.6793709993362427,8.470533066429198e-05,0.16213278472423553,0.31989771127700806,0.006455861963331699,0.500392496585846,1.5142024755477905,0.0002812437596730888,173.75416564941406,5.435681305243634e-05,0.00016313001106027514,8.681455074111e-05,0.23138123750686646,0.25884345173835754,0.00944745447486639,0.5016994476318359,1.504618763923645,,,,,
200,model.layers.1.mlp.down_proj.weight,1024,3584,0.00027901785714285713,0.0002865395217668265,4.1382155418396,0.0008462849073112011,0.6532973051071167,0.002670225454494357,0.1956196427345276,0.2657652497291565,0.018388517200946808,0.519618570804596,1.4397776126861572,0.0002731926797423512,224.99432373046875,5.575246177613735e-05,0.00016843147750478238,8.174098184099421e-05,0.215592622756958,0.2735005021095276,0.008432066068053246,0.5437653660774231,1.4841442108154297,0.08693215250968933,0.07874836772680283,0.8918352127075195,,
200,model.layers.12.mlp.gate_proj.weight,3584,1024,0.00027901785714285713,0.0001741659943945706,2.5668110847473145,-0.00019229885947424918,0.39875468611717224,0.00032535038189962506,0.186805859208107,0.23672813177108765,0.003853494068607688,0.5811722278594971,1.5323511362075806,0.00025896646548062563,196.8529052734375,2.1248662960715592e-05,0.00015890932991169393,5.55727347091306e-05,0.21349665522575378,0.2778071165084839,0.0075596109963953495,0.5463675856590271,1.5259977579116821,,,,,
200,model.layers.12.mlp.up_proj.weight,3584,1024,0.00027901785714285713,0.00025982497027143836,2.3220486640930176,-0.0006014016689732671,0.665131688117981,0.0005261278711259365,0.21556024253368378,0.2441195547580719,0.008562497794628143,0.5239026546478271,1.5169633626937866,0.0002754125453066081,146.3249053955078,2.9254490073071793e-05,0.0001821658224798739,8.032518962863833e-05,0.2226429283618927,0.26625314354896545,0.00982725154608488,0.5053346157073975,1.5107799768447876,,,,,
200,model.layers.12.mlp.down_proj.weight,1024,3584,0.00027901785714285713,0.0002585932961665094,4.2179036140441895,-0.0006722719990648329,0.6102760434150696,0.00013080281496513635,0.2230636477470398,0.26233983039855957,0.025612814351916313,0.48326700925827026,1.408860445022583,0.0002644328633323312,145.19041442871094,2.2658363377559e-05,0.0001937838242156431,8.30802891869098e-05,0.20096421241760254,0.28858086466789246,0.00840974971652031,0.5748504400253296,1.5026344060897827,0.05929365009069443,0.06422750651836395,0.8977187275886536,,
200,model.layers.22.mlp.gate_proj.weight,3584,1024,0.00027901785714285713,0.00021029228810220957,3.157216787338257,0.0002945834712591022,0.10452497005462646,0.0007690477650612593,0.19152428209781647,0.25002387166023254,0.00713232159614563,0.5431357622146606,1.5192676782608032,0.0002436198410578072,252.46249389648438,7.653451575606596e-06,0.00012226788385305554,9.513199620414525e-05,0.22592990100383759,0.2637404501438141,0.009378064423799515,0.5289928317070007,1.52251136302948,,,,0.26377958059310913,0.26398563385009766
200,model.layers.22.mlp.up_proj.weight,3584,1024,0.00027901785714285713,0.00021523673785850406,3.041801929473877,0.00046363938599824905,0.2368282824754715,0.001292783534154296,0.17349869012832642,0.2966502606868744,0.015007385052740574,0.586432933807373,1.5119657516479492,0.00027904188027605414,208.80921936035156,-5.988053999317344e-06,0.00015323868137784302,0.00010612310870783404,0.23533786833286285,0.2552552819252014,0.009812609292566776,0.5037804841995239,1.5137757062911987,,,,,
200,model.layers.22.mlp.down_proj.weight,1024,3584,0.00027901785714285713,0.0004495820903684944,2.796049118041992,0.0005532218492589891,0.21853238344192505,0.00016491656424477696,0.1139972135424614,0.399835467338562,0.0073519316501915455,0.56685870885849,1.465804100036621,0.0002877017541322857,150.78555297851562,2.7680138373398222e-05,0.0001631584163988009,9.831304487306625e-05,0.22660419344902039,0.2637447714805603,0.00922971311956644,0.5218283534049988,1.4735645055770874,0.06716525554656982,0.06404758244752884,0.8585693836212158,,
200,model.layers.1.linear_attn.in_proj_qkv.weight,6144,1024,0.00016276041666666666,0.0001487413392169401,2.1022441387176514,3.867431587423198e-05,0.3717581629753113,0.0005135571700520813,0.18852369487285614,0.26323118805885315,0.007025404833257198,0.5227154493331909,1.533817172050476,0.00014393721357919276,243.446533203125,1.3522327208193019e-05,0.0001517162163509056,5.776944453828037e-05,0.22996613383293152,0.2623217701911926,0.006627525202929974,0.518804669380188,1.5383422374725342,0.08812817931175232,0.07868511229753494,0.8697947859764099,,
200,model.layers.1.linear_attn.out_proj.weight,1024,2048,0.00048828125,0.00019874656572937965,1.3005821704864502,-0.00018897272821050137,0.8413264751434326,0.00021235388703644276,0.13269752264022827,0.34364035725593567,0.00885733962059021,0.4900931119918823,1.4499839544296265,0.0005012620240449905,154.35101318359375,3.509317684802227e-05,0.00010967557318508625,0.00010638798266882077,0.21190707385540009,0.2795089781284332,0.008396480232477188,0.5498530864715576,1.49086594581604,,,,,
200,model.layers.12.linear_attn.in_proj_qkv.weight,6144,1024,0.00016276041666666666,6.285274139372632e-05,2.0472326278686523,0.0004154389607720077,0.39904627203941345,0.000265965674770996,0.16048243641853333,0.2540147006511688,0.002346368506550789,0.6054376363754272,1.5516977310180664,0.00013688983744941652,203.23814392089844,1.855904883996118e-05,0.00017958763055503368,7.19239396858029e-05,0.21327364444732666,0.27888697385787964,0.007251926232129335,0.5343098044395447,1.5421098470687866,0.06866256147623062,0.07025519013404846,0.8604661822319031,,
200,model.layers.12.linear_attn.out_proj.weight,1024,2048,0.00048828125,0.00027021163259632885,2.06577730178833,0.0011042847763746977,0.5387340188026428,4.181092299404554e-05,0.18202930688858032,0.29960548877716064,0.01432314794510603,0.4734470844268799,1.4337244033813477,0.0004363929620012641,75.95748901367188,1.858593532233499e-05,0.0001336031564278528,7.057176844682544e-05,0.1903015524148941,0.3038533926010132,0.007730809040367603,0.5863264203071594,1.4892281293869019,,,,,
200,model.layers.21.linear_attn.in_proj_qkv.weight,6144,1024,0.00016276041666666666,0.00012321060057729483,3.1842222213745117,0.0006744315614923835,0.07459717243909836,0.0010764363687485456,0.17730271816253662,0.26077860593795776,0.006706503685563803,0.5745291113853455,1.5424546003341675,0.00013859703904017806,292.9638366699219,6.383174877555575e-06,0.00013431307161226869,8.067063754424453e-05,0.22624093294143677,0.2658297121524811,0.008031237870454788,0.5300424695014954,1.5316156148910522,0.06949436664581299,0.062331873923540115,0.8780880570411682,,
200,model.layers.21.linear_attn.out_proj.weight,1024,2048,0.00048828125,0.0003623119555413723,2.6836788654327393,0.0010535316541790962,0.14029543101787567,0.0002034112549154088,0.15187746286392212,0.3430694043636322,0.009639734402298927,0.5274753570556641,1.4595165252685547,0.0004155903006903827,95.80253601074219,1.868397885118611e-05,0.0001154255005531013,7.323440513573587e-05,0.21630576252937317,0.2757052481174469,0.00889161229133606,0.5194240808486938,1.4759008884429932,,,,,
225,model.layers.7.self_attn.q_proj.weight,4096,1024,0.000244140625,0.00013209889584686607,2.4035422801971436,-0.00038506690179929137,0.41158321499824524,0.0006529029342345893,0.1788424551486969,0.2628507614135742,0.006817730143666267,0.5275764465332031,1.5389975309371948,0.00020499124366324395,225.80038452148438,1.849518230301328e-05,0.00016621987742837518,0.00010098574421135709,0.22354011237621307,0.27052244544029236,0.008460074663162231,0.52390456199646,1.528825283050537,0.06150662153959274,0.06385678052902222,0.8892949223518372,0.3555728495121002,0.3506789803504944
225,model.layers.7.self_attn.k_proj.weight,512,1024,0.0009765625,0.0013698925031349063,3.0432581901550293,-1.241655718331458e-05,0.30883151292800903,0.0021573957055807114,0.14039736986160278,0.2566438317298889,0.029027264565229416,0.7267571687698364,1.3039706945419312,0.0009530289680697024,92.77867889404297,-4.213139254716225e-05,6.908432260388508e-05,0.00014322840434033424,0.20734548568725586,0.27328744530677795,0.010098368860781193,0.556717574596405,1.380873203277588,,,,,
225,model.layers.7.self_attn.v_proj.weight,512,1024,0.0009765625,0.0009026561165228486,1.9064784049987793,-0.0006595781887881458,0.5530791878700256,0.0008707029628567398,0.1445855349302292,0.252101331949234,0.007307953201234341,0.7310452461242676,1.451966643333435,0.0009148772805929184,77.34974670410156,6.657021003775299e-05,6.542719347635284e-05,6.338342791423202e-05,0.22754144668579102,0.25924843549728394,0.008219556882977486,0.5285019874572754,1.4721754789352417,,,,,
225,model.layers.7.self_attn.o_proj.weight,1024,2048,0.00048828125,0.00022155529586598277,2.2411818504333496,-0.00021517953427974135,0.8630059957504272,8.01810238044709e-05,0.147504985332489,0.35203656554222107,0.022182529792189598,0.5245716571807861,1.400533676147461,0.0004800161113962531,60.3520393371582,1.8604463548399508e-05,0.00013818034494761378,5.881786273675971e-05,0.1807267963886261,0.31326231360435486,0.006784071680158377,0.612721860408783,1.5333664417266846,,,,,
225,model.layers.15.self_attn.q_proj.weight,4096,1024,0.000244140625,0.00012804369907826185,3.114595651626587,0.0004120625671930611,0.3874441087245941,0.0001692345686024055,0.21443861722946167,0.2404712289571762,0.00336949760094285,0.4529060423374176,1.548516869544983,0.00020808441331610084,209.2598876953125,3.1671588658355176e-06,0.0001615515211597085,7.536176417488605e-05,0.22179529070854187,0.2682907283306122,0.00765240890905261,0.5022741556167603,1.5316270589828491,0.06785976886749268,0.061371538788080215,0.8946334719657898,,
225,model.layers.15.self_attn.k_proj.weight,512,1024,0.0009765625,0.0008573828963562846,4.5191121101379395,-1.0354802952861064e-06,0.326811820268631,8.877283107722178e-05,0.24708327651023865,0.2354433387517929,0.0038969179149717093,0.5533066391944885,1.463044285774231,0.0008300961344502866,52.50275802612305,-3.522455881466158e-05,6.720048986608163e-05,4.384560088510625e-05,0.2015618234872818,0.29245567321777344,0.007406432647258043,0.5767075419425964,1.4626357555389404,,,,,
225,model.layers.15.self_attn.v_proj.weight,512,1024,0.0009765625,0.0008920392137952149,1.8996213674545288,0.0006524209165945649,0.32597219944000244,0.0002474220236763358,0.1650349348783493,0.28576841950416565,0.007936609908938408,0.677207350730896,1.4418829679489136,0.000885313784237951,70.99058532714844,5.91273465033737e-06,5.598268035100773e-05,4.2498537368373945e-05,0.219525545835495,0.2717747390270233,0.007803609594702721,0.5301145911216736,1.4733153581619263,,,,0.3532926142215729,0.3602484166622162
225,model.layers.15.self_attn.o_proj.weight,1024,2048,0.00048828125,0.0003473420219961554,2.0329740047454834,0.00022979461937211454,0.5581731200218201,3.72973081539385e-05,0.09725867956876755,0.41796743869781494,0.01898486725986004,0.5540693998336792,1.424196481704712,0.0004668680194299668,83.45518493652344,1.884644188976381e-05,0.0001186588269774802,7.680839917156845e-05,0.19335012137889862,0.3043772578239441,0.007954342290759087,0.5818440318107605,1.5062140226364136,,,,,
225,model.layers.19.self_attn.q_proj.weight,4096,1024,0.000244140625,0.00018743718101177365,2.8376500606536865,0.0015094648115336895,0.2169673889875412,0.0004393239214550704,0.22737151384353638,0.22804096341133118,0.00838800985366106,0.42083317041397095,1.5288670063018799,0.00021662852668669075,219.28526306152344,-5.164341473573586e-06,0.00015531554527115077,5.426648567663506e-05,0.21666215360164642,0.2759793996810913,0.007806343957781792,0.5170127153396606,1.5324821472167969,0.06405274569988251,0.06441313773393631,0.8626564145088196,,
225,model.layers.19.self_attn.k_proj.weight,512,1024,0.0009765625,0.001130482996813953,3.144634485244751,1.2153422176197637e-05,0.22531940042972565,0.0002903620188590139,0.23607304692268372,0.23834949731826782,0.012306727468967438,0.5797553062438965,1.3447792530059814,0.001014072448015213,65.72208404541016,-1.469425842515193e-05,7.044507219688967e-05,6.60597434034571e-05,0.19869573414325714,0.2878866493701935,0.008198662661015987,0.5846375823020935,1.448573112487793,,,,,
225,model.layers.19.self_attn.v_proj.weight,512,1024,0.0009765625,0.0006325295544229448,1.4810168743133545,-0.0004501900402829051,0.15937739610671997,0.0018839490367099643,0.11540626734495163,0.28774675726890564,0.00766925560310483,0.7109406590461731,1.416629672050476,0.0009148931130766869,63.980323791503906,7.149588327592937e-06,5.0316240958636627e-05,0.00014324263611342758,0.2035514861345291,0.2918568253517151,0.009388224221765995,0.5204868912696838,1.4277395009994507,,,,,
225,model.layers.19.self_attn.o_proj.weight,1024,2048,0.00048828125,0.0005194757832214236,1.4171923398971558,-0.00014812152949161828,0.29485467076301575,9.187102114083245e-05,0.056409794837236404,0.5270757675170898,0.014051457867026329,0.6332058906555176,1.4612910747528076,0.0004564393311738968,122.88407897949219,-3.854665465041762e-06,9.906258492264897e-05,6.969092646613717e-05,0.2068796157836914,0.285564661026001,0.008916600607335567,0.5421426892280579,1.4829473495483398,,,,,
225,model.layers.1.mlp.gate_proj.weight,3584,1024,0.00027901785714285713,0.0005157602136023343,2.688873529434204,0.0005044231656938791,0.3552457094192505,0.00041061945375986397,0.16999627649784088,0.3129604160785675,0.00912361592054367,0.531603217124939,1.5199776887893677,0.00027217657770961523,273.0946960449219,3.693507824209519e-05,0.0001350686070509255,0.00010714500967878848,0.23094598948955536,0.26028138399124146,0.008980720303952694,0.512729823589325,1.5177091360092163,,,,0.2924548089504242,0.27436769008636475
225,model.layers.1.mlp.up_proj.weight,3584,1024,0.00027901785714285713,0.0002105937892338261,2.552297592163086,0.0006583343492820859,0.5912997722625732,0.00012937193969264627,0.15630356967449188,0.3349997103214264,0.008361081592738628,0.509883463382721,1.512943148612976,0.0002678586752153933,167.1842041015625,4.257561158738099e-05,0.00016749947099015117,9.54181668930687e-05,0.22900618612766266,0.2610054612159729,0.009980429895222187,0.503085732460022,1.5074204206466675,,,,,
225,model.layers.1.mlp.down_proj.weight,1024,3584,0.00027901785714285713,0.0002735331072472036,4.741231441497803,0.0006722279358655214,0.5733628869056702,0.0013473021099343896,0.1863558292388916,0.28322091698646545,0.015813222154974937,0.5452253818511963,1.4421433210372925,0.00026881811209023,214.88510131835938,3.907290010829456e-05,0.0001741511223372072,6.897482671774924e-05,0.21432775259017944,0.27501723170280457,0.008197537623345852,0.5478665232658386,1.493821144104004,0.05373920500278473,0.05549047514796257,0.9035956859588623,,
225,model.layers.12.mlp.gate_proj.weight,3584,1024,0.00027901785714285713,0.00021106048370711505,3.144841432571411,0.0001497083285357803,0.3937089145183563,0.00048530162894167006,0.181893989443779,0.2535327970981598,0.005030864384025335,0.5850710272789001,1.5304869413375854,0.00023042621614877135,205.41258239746094,2.6906287530437112e-05,0.00016356354171875864,8.419330697506666e-05,0.21476222574710846,0.2773596942424774,0.007874691858887672,0.5450254082679749,1.5287357568740845,,,,,
225,model.layers.12.mlp.up_proj.weight,3584,1024,0.00027901785714285713,0.000286387832602486,2.9967079162597656,-0.00011457224900368601,0.625374436378479,0.00037283098208718,0.2224489152431488,0.24722139537334442,0.007574458606541157,0.5049131512641907,1.5149189233779907,0.0002639472368173301,153.71949768066406,3.1560222851112485e-05,0.00018585840007290244,0.00010354097321396694,0.22268904745578766,0.2661501169204712,0.009960941039025784,0.505149245262146,1.5099730491638184,,,,,
225,model.layers.12.mlp.down_proj.weight,1024,3584,0.00027901785714285713,0.0002602578024379909,5.843968391418457,-0.00011020670353900641,0.6303375959396362,0.00012218330812174827,0.20921747386455536,0.28089386224746704,0.019859375432133675,0.5224347114562988,1.3988724946975708,0.00025968256522901356,131.40391540527344,8.650495146866888e-06,0.0002004919369937852,7.708752673352137e-05,0.19812354445457458,0.29196697473526,0.008061982691287994,0.5822845101356506,1.5098336935043335,0.05760679394006729,0.06384050846099854,0.9108279347419739,,
225,model.layers.22.mlp.gate_proj.weight,3584,1024,0.00027901785714285713,0.00024533539544790983,3.006804943084717,0.0007963430834934115,0.11854898929595947,0.0009392612264491618,0.1787555068731308,0.2587907314300537,0.007952717132866383,0.5395673513412476,1.519487977027893,0.00024227499670814723,236.63584899902344,5.530296220968012e-06,0.0001265399914700538,9.308032895205542e-05,0.22433017194271088,0.26571783423423767,0.00932597741484642,0.52988600730896,1.5158402919769287,,,,0.3633650243282318,0.35516372323036194
225,model.layers.22.mlp.up_proj.weight,3584,1024,0.00027901785714285713,0.0002245068462798372,2.5729763507843018,-7.85998854553327e-05,0.28313466906547546,0.0007378867012448609,0.17711813747882843,0.2892962098121643,0.010927180759608746,0.5598598718643188,1.5159485340118408,0.0002661750768311322,187.68553161621094,9.892723028315231e-06,0.0001628365134820342,0.00011034638009732589,0.23267720639705658,0.25585195422172546,0.010386030189692974,0.504298210144043,1.5045709609985352,,,,,
225,model.layers.22.mlp.down_proj.weight,1024,3584,0.00027901785714285713,0.0003852909430861473,2.550340175628662,-0.00010105293767992407,0.24870431423187256,0.00022128225828055292,0.10982967168092728,0.3992001414299011,0.009378800168633461,0.5661868453025818,1.4696033000946045,0.00027998656150884926,126.02298736572266,2.9259073926368728e-05,0.0001719355641398579,0.00010577203647699207,0.2243291139602661,0.265934556722641,0.008823047392070293,0.5228795409202576,1.4868420362472534,0.06896813213825226,0.0643007755279541,0.8526109457015991,,
225,model.layers.1.linear_attn.in_proj_qkv.weight,6144,1024,0.00016276041666666666,0.00014691977412439883,2.333024024963379,0.00020516000222414732,0.31079182028770447,0.0009526064968667924,0.1943897008895874,0.24405014514923096,0.00932459719479084,0.49031496047973633,1.533624529838562,0.00015240022912621498,221.8529510498047,2.6576364689390175e-05,0.00016594688349869102,6.878791464259848e-05,0.22988231480121613,0.26347029209136963,0.006482954137027264,0.5197755694389343,1.538019061088562,0.051716554909944534,0.051410429179668427,0.8825452923774719,,
225,model.layers.1.linear_attn.out_proj.weight,1024,2048,0.00048828125,0.0006302032270468771,1.3639731407165527,4.268244811100885e-05,0.706134021282196,0.0005659044836647809,0.12312307208776474,0.36078497767448425,0.016658149659633636,0.5178921222686768,1.4311494827270508,0.00043639802606776357,129.7852020263672,3.163305518683046e-05,0.00011269780225120485,7.176370127126575e-05,0.20922653377056122,0.282734215259552,0.008197466842830181,0.5530699491500854,1.491756796836853,,,,,
225,model.layers.12.linear_attn.in_proj_qkv.weight,6144,1024,0.00016276041666666666,6.104940257500857e-05,2.8158388137817383,-0.00022291055938694626,0.38066366314888,0.0003950203536078334,0.1698775738477707,0.257816880941391,0.003414202481508255,0.5855110287666321,1.553180456161499,0.00014348664262797683,239.90618896484375,1.4991173884482123e-05,0.00018237756739836186,6.976801523705944e-05,0.21442961692810059,0.2776924669742584,0.007949191145598888,0.5302019119262695,1.5370981693267822,0.05699459835886955,0.060626741498708725,0.8745773434638977,,
225,model.layers.12.linear_attn.out_proj.weight,1024,2048,0.00048828125,0.0003097373410128057,2.467339277267456,-0.00046311007463373244,0.5365937948226929,6.74160328344442e-05,0.16585694253444672,0.3349650800228119,0.01733720861375332,0.5311741828918457,1.4226878881454468,0.00043796453974209726,88.43394470214844,3.062682299059816e-05,0.00013724228483624756,7.285448373295367e-05,0.1922207921743393,0.30361515283584595,0.007647546008229256,0.5869878530502319,1.506678581237793,,,,,
225,model.layers.21.linear_attn.in_proj_qkv.weight,6144,1024,0.00016276041666666666,0.0001136523496825248,3.3110227584838867,0.00034172041341662407,0.08854032307863235,0.0007499781204387546,0.1855452060699463,0.25085821747779846,0.006901208311319351,0.5767449140548706,1.5418031215667725,0.00014643673785030842,336.56121826171875,-1.8175369405071251e-06,0.00014191663649398834,7.144132541725412e-05,0.22898876667022705,0.2617402970790863,0.008355029858648777,0.5258299708366394,1.5320014953613281,0.0615556500852108,0.05610128864645958,0.8750272393226624,,
225,model.layers.21.linear_attn.out_proj.weight,1024,2048,0.00048828125,0.00034412898821756244,2.670541286468506,0.0003406576288398355,0.15392279624938965,0.00015370611799880862,0.1493651419878006,0.35197529196739197,0.00742076151072979,0.5370048880577087,1.473777174949646,0.00043586132233031094,77.67146301269531,2.0644141841330566e-05,0.00012008917110506445,6.472317181760445e-05,0.21694546937942505,0.2775140106678009,0.00863860547542572,0.5206942558288574,1.4813588857650757,,,,,
250,model.layers.7.self_attn.q_proj.weight,4096,1024,0.000244140625,0.00017191005463246256,2.077111005783081,0.0004394606512505561,0.6314131021499634,0.0015686142724007368,0.17866674065589905,0.25570783019065857,0.009327228181064129,0.5331118106842041,1.536230444908142,0.00021589540119748563,220.7406463623047,1.2682934539043345e-05,0.00015950034139677882,9.461189620196819e-05,0.22411774098873138,0.2694036364555359,0.008267884142696857,0.5249786376953125,1.5280030965805054,0.08517768234014511,0.07915250211954117,0.8971379399299622,0.3678514063358307,0.3485477566719055
250,model.layers.7.self_attn.k_proj.weight,512,1024,0.0009765625,0.0011284910142421722,2.4275081157684326,2.222945795438136e-06,0.44669443368911743,0.001461931737139821,0.14043238759040833,0.2562401592731476,0.02290378138422966,0.7272189259529114,1.315965175628662,0.0010617072694003582,81.3148422241211,-1.957032327482011e-05,6.650866998825222e-05,9.358912939205766e-05,0.2037910521030426,0.28621894121170044,0.008961287327110767,0.5681530237197876,1.4165384769439697,,,,,
250,model.layers.7.self_attn.v_proj.weight,512,1024,0.0009765625,0.0008001293754205108,1.9040104150772095,-0.0015380014665424824,0.8430086970329285,0.00017323500651400536,0.12922021746635437,0.2578693628311157,0.0019973369780927896,0.7539179921150208,1.4791315793991089,0.0009378217509947717,37.69491195678711,8.165537292370573e-05,7.089541759341955e-05,7.180059765232727e-05,0.23559686541557312,0.2487662434577942,0.00767015665769577,0.5078306794166565,1.4792184829711914,,,,,
250,model.layers.7.self_attn.o_proj.weight,1024,2048,0.00048828125,0.00022822651953902096,1.972583293914795,-0.0005336633184924722,1.2831951379776,5.8769543102243915e-05,0.17057685554027557,0.31079909205436707,0.02060566656291485,0.47094205021858215,1.413522720336914,0.0004644351138267666,53.51634979248047,2.7412726922193542e-05,0.0001379593159072101,6.274757470237091e-05,0.17594042420387268,0.32026395201683044,0.006844388321042061,0.621452808380127,1.5194202661514282,,,,,
250,model.layers.15.self_attn.q_proj.weight,4096,1024,0.000244140625,0.00014764499792363495,2.6282405853271484,0.00018361079855822027,0.4980642795562744,0.0003326145524624735,0.23108084499835968,0.2237098067998886,0.004172741435468197,0.42296311259269714,1.543212890625,0.00021887525508645922,219.8601837158203,1.802865335776005e-05,0.00014938527601771057,7.921802898636088e-05,0.22061176598072052,0.26904430985450745,0.008100776001811028,0.5037580132484436,1.5260038375854492,0.08612148463726044,0.08671046793460846,0.883176326751709,,
250,model.layers.15.self_attn.k_proj.weight,512,1024,0.0009765625,0.0009726887219585478,3.731065034866333,6.234125521586975e-06,0.4365440011024475,0.0004866126400884241,0.2553354799747467,0.22621391713619232,0.007237983401864767,0.5252736210823059,1.4265815019607544,0.0008466871804557741,66.62580108642578,-2.7553327527130023e-05,6.298696098383516e-05,8.491957851219922e-05,0.20542317628860474,0.2897486984729767,0.007770867086946964,0.5675331354141235,1.459236979484558,,,,,
250,model.layers.15.self_attn.v_proj.weight,512,1024,0.0009765625,0.000917327415663749,1.7627787590026855,0.0020205623004585505,0.40122076869010925,0.0001152152253780514,0.1706792414188385,0.2813955545425415,0.005190675146877766,0.6820141077041626,1.457600474357605,0.0008357804035767913,76.8232650756836,1.1372558219591156e-05,5.126970063429326e-05,4.1664923628559336e-05,0.2315339595079422,0.262414813041687,0.006292423699051142,0.5142783522605896,1.466110110282898,,,,0.3166370391845703,0.3143148124217987
250,model.layers.15.self_attn.o_proj.weight,1024,2048,0.00048828125,0.0004325734334997833,1.793641209602356,0.0006891684606671333,0.7073109149932861,2.549459895817563e-05,0.10392794758081436,0.42639899253845215,0.013139813207089901,0.5599992275238037,1.4290170669555664,0.0005166744813323021,65.65447998046875,1.9163175238645636e-05,0.00011357892799424008,6.444712198572233e-05,0.19577808678150177,0.29897961020469666,0.008022049441933632,0.5786279439926147,1.5068875551223755,,,,,
250,model.layers.19.self_attn.q_proj.weight,4096,1024,0.000244140625,0.0001691712677711621,2.9006056785583496,0.00012275851622689515,0.25842657685279846,0.0006810418562963605,0.2369600087404251,0.2221248298883438,0.01019999384880066,0.41709819436073303,1.5252186059951782,0.00020669981313403696,240.94564819335938,1.4570435268979054e-05,0.00014410984294954687,7.604252459714189e-05,0.21815457940101624,0.2725779712200165,0.008941510692238808,0.5170409083366394,1.5217312574386597,0.07220418006181717,0.08074302971363068,0.868590235710144,,
250,model.layers.19.self_attn.k_proj.weight,512,1024,0.0009765625,0.0009709620499052107,4.272212982177734,1.2027025150018744e-05,0.2449118196964264,0.000501879199873656,0.27208372950553894,0.20939035713672638,0.017050737515091896,0.5132875442504883,1.3364206552505493,0.0008964636363089085,79.7463150024414,2.6521593099460006e-05,6.241065420908853e-05,4.351405368652195e-05,0.21260663866996765,0.2783300280570984,0.007933789864182472,0.5500302314758301,1.4461067914962769,,,,,
250,model.layers.19.self_attn.v_proj.weight,512,1024,0.0009765625,0.0014366214163601398,1.586027979850769,0.001494652940891683,0.18534277379512787,0.002138331299647689,0.15820810198783875,0.2513776421546936,0.00780062610283494,0.6455076336860657,1.4277901649475098,0.0009375974186696112,56.425777435302734,2.486600715201348e-05,4.651189738069661e-05,0.00012150162365287542,0.21580621600151062,0.2721809446811676,0.008134715259075165,0.5184582471847534,1.3960647583007812,,,,,
250,model.layers.19.self_attn.o_proj.weight,1024,2048,0.00048828125,0.0006277342326939106,1.441779375076294,0.0004536359920166433,0.36516135931015015,8.973770309239626e-05,0.06697379052639008,0.5315861105918884,0.009394773282110691,0.646432101726532,1.4478288888931274,0.0004623154236469418,113.08008575439453,6.202583790582139e-06,9.555622091284022e-05,6.01339343120344e-05,0.2101833075284958,0.2834499180316925,0.008466650731861591,0.5366889834403992,1.4813164472579956,,,,,
250,model.layers.1.mlp.gate_proj.weight,3584,1024,0.00027901785714285713,0.0007585507701151073,2.590350866317749,0.0006055813864804804,0.6067153811454773,0.0002802108647301793,0.18033550679683685,0.3039170503616333,0.007559436839073896,0.5214383006095886,1.5148687362670898,0.00028243788983672857,205.70318603515625,3.2871081202756613e-05,0.0001678342669038102,8.381388761335984e-05,0.23262600600719452,0.25749385356903076,0.009428272023797035,0.5131323933601379,1.518621802330017,,,,0.33878272771835327,0.33816656470298767
250,model.layers.1.mlp.up_proj.weight,3584,1024,0.00027901785714285713,0.00021836407540831715,2.6342685222625732,0.0006017609848640859,0.9810256361961365,0.00015501296729780734,0.17003461718559265,0.32587581872940063,0.008712362498044968,0.5136721730232239,1.5071386098861694,0.00028597319032996893,146.37843322753906,3.854390524793416e-05,0.00020428255083970726,0.00013380800373852253,0.2343813180923462,0.2555493712425232,0.009465956129133701,0.5018699765205383,1.5077675580978394,,,,,
250,model.layers.1.mlp.down_proj.weight,1024,3584,0.00027901785714285713,0.0002293868747074157,4.4162445068359375,0.0006157336174510419,0.9641759395599365,0.0006137111922726035,0.19955673813819885,0.26759329438209534,0.015918023884296417,0.5262182950973511,1.4273079633712769,0.0002771472791209817,136.75941467285156,4.881949644186534e-05,0.00021043249580543488,9.157096064882353e-05,0.2233288437128067,0.26619017124176025,0.009039114229381084,0.5276442170143127,1.470183253288269,0.08006918430328369,0.08560030162334442,0.9117560386657715,,
250,model.layers.12.mlp.gate_proj.weight,3584,1024,0.00027901785714285713,0.00018706294940784574,2.389875650405884,-0.001279073185287416,0.5646048784255981,0.0007018366595730186,0.18550577759742737,0.2444121092557907,0.005817601457238197,0.5837582349777222,1.5321877002716064,0.0002414616319583729,197.58116149902344,2.0862566088908352e-05,0.00015732491738162935,9.261274681193754e-05,0.21629512310028076,0.2759292721748352,0.007749105803668499,0.5441246032714844,1.5246753692626953,,,,,
250,model.layers.12.mlp.up_proj.weight,3584,1024,0.00027901785714285713,0.00022273004287853837,2.338106155395508,-0.001146687543950975,0.9370900988578796,0.0008849914884194732,0.20648667216300964,0.2501038908958435,0.010673077777028084,0.5409057140350342,1.5173273086547852,0.0002908672031480819,162.5880889892578,5.461197724798694e-05,0.00017818155174609274,0.00010253848449792713,0.2252247929573059,0.26352593302726746,0.009705251082777977,0.5031296014785767,1.5166317224502563,,,,,
250,model.layers.12.mlp.down_proj.weight,1024,3584,0.00027901785714285713,0.00023186649195849895,4.0144944190979,-0.0013144613476470113,0.8434213995933533,0.00013224250869825482,0.23309862613677979,0.2518962323665619,0.026105646044015884,0.47506648302078247,1.3944159746170044,0.0002572115627117455,118.91588592529297,4.132597678108141e-05,0.0001888737315312028,6.176840543048456e-05,0.1951160877943039,0.2932092547416687,0.008117882534861565,0.5861611366271973,1.5129644870758057,0.06924105435609818,0.07519342005252838,0.9163798689842224,,
250,model.layers.22.mlp.gate_proj.weight,3584,1024,0.00027901785714285713,0.00021339108934625983,2.7415108680725098,0.0005035852664150298,0.1431325376033783,0.00046682689571753144,0.16995002329349518,0.27474093437194824,0.005155694205313921,0.5737269520759583,1.5262435674667358,0.00024514037068001926,247.35076904296875,4.496986093727173e-06,0.00011399088543839753,7.007295789662749e-05,0.22345131635665894,0.26532718539237976,0.009221915155649185,0.5306029915809631,1.5143812894821167,,,,0.3066987693309784,0.31888914108276367
250,model.layers.22.mlp.up_proj.weight,3584,1024,0.00027901785714285713,0.0002332745207240805,2.688819408416748,0.0006412033108063042,0.33061856031417847,0.0007693310617469251,0.1634388566017151,0.3112611174583435,0.010780478827655315,0.5878454446792603,1.5105842351913452,0.0002752456348389387,214.29689025878906,-8.669714588904753e-06,0.00014694029232487082,9.794563084142283e-05,0.23397976160049438,0.2568039000034332,0.009773461148142815,0.5072609186172485,1.5127114057540894,,,,,
250,model.layers.22.mlp.down_proj.weight,1024,3584,0.00027901785714285713,0.00039820343954488635,2.4899232387542725,0.0007680656271986663,0.30513492226600647,0.00012130016693845391,0.11795759201049805,0.3816719949245453,0.0064526027999818325,0.540591835975647,1.4712661504745483,0.0002566554176155478,151.80429077148438,2.5130702852038667e-05,0.00015351831098087132,7.810417446307838e-05,0.22545643150806427,0.2645918130874634,0.008982410654425621,0.5209729671478271,1.4781970977783203,0.07323426008224487,0.07832150906324387,0.8527140617370605,,
250,model.layers.1.linear_attn.in_proj_qkv.weight,6144,1024,0.00016276041666666666,0.0001404190988978371,2.486112117767334,0.0002050862822216004,0.5175975561141968,0.0020994236692786217,0.1931334137916565,0.2529124617576599,0.01698218658566475,0.5005286931991577,1.52860426902771,0.00015230162534862757,235.35897827148438,2.862647124857176e-05,0.00020219058205839247,4.536590495263226e-05,0.22986383736133575,0.2623087763786316,0.006689030677080154,0.520628809928894,1.5388998985290527,0.06559168547391891,0.07480061799287796,0.8937315344810486,,
250,model.layers.1.linear_attn.out_proj.weight,1024,2048,0.00048828125,0.00018400175031274557,1.369789481163025,0.0002648494846653193,1.202292561531067,0.00028699671383947134,0.13518044352531433,0.36962997913360596,0.010595535859465599,0.5330240726470947,1.4398003816604614,0.0004176394722890109,104.43010711669922,3.5878634662367404e-05,0.00013783897156827152,7.318882853724062e-05,0.21853536367416382,0.2723116874694824,0.0085218520835042,0.5363374352455139,1.482033610343933,,,,,
250,model.layers.12.linear_attn.in_proj_qkv.weight,6144,1024,0.00016276041666666666,6.942944310139865e-05,2.230452299118042,-6.914298865012825e-05,0.5766953229904175,0.0002786167897284031,0.16399864852428436,0.24888110160827637,0.0023142038844525814,0.5932925343513489,1.5519949197769165,0.00014997614198364317,194.76856994628906,1.1500968867039774e-05,0.000174244589288719,5.979104753350839e-05,0.21131330728530884,0.28133413195610046,0.007259479258209467,0.5363871455192566,1.5429105758666992,0.09373877197504044,0.08455416560173035,0.8851872682571411,,
250,model.layers.12.linear_attn.out_proj.weight,1024,2048,0.00048828125,0.00031980383209884167,2.0447397232055664,0.00031176701304502785,0.7305781245231628,4.4299398723524064e-05,0.17793773114681244,0.3097723722457886,0.01686190627515316,0.4927601218223572,1.424899935722351,0.00046014663530513644,63.85394287109375,1.8991098841070198e-05,0.00013177415530662984,5.5646069085923955e-05,0.18866440653800964,0.30687215924263,0.007506847381591797,0.5947132110595703,1.5070856809616089,,,,,
250,model.layers.21.linear_attn.in_proj_qkv.weight,6144,1024,0.00016276041666666666,9.037095151143149e-05,3.0937657356262207,-0.0004347229260019958,0.10432054847478867,0.00040506120421923697,0.18211950361728668,0.25762253999710083,0.004874279722571373,0.5593945980072021,1.544860601425171,0.00014021365495864302,283.7718811035156,2.95540553452156e-06,0.0001374317507725209,9.030527144204825e-05,0.2297687530517578,0.2609824538230896,0.008298483677208424,0.5238189101219177,1.5373276472091675,0.07405555993318558,0.06967004388570786,0.8969992995262146,,
250,model.layers.21.linear_attn.out_proj.weight,1024,2048,0.00048828125,0.00033812090987339616,2.3216757774353027,-0.0013757651904597878,0.1948745846748352,9.389367187395692e-05,0.1499750167131424,0.3498772978782654,0.005897405557334423,0.5396062731742859,1.4762725830078125,0.0004249198827892542,86.21321105957031,3.80218284590228e-06,0.00011378407361917198,8.095095108728856e-05,0.21436825394630432,0.27978482842445374,0.00836123339831829,0.5214188098907471,1.4788694381713867,,,,,
275,model.layers.7.self_attn.q_proj.weight,4096,1024,0.000244140625,0.000125713151646778,3.152564525604248,0.0007494059973396361,0.4790704548358917,0.0008790717110969126,0.18679854273796082,0.24897316098213196,0.009714575484395027,0.5193310379981995,1.5335129499435425,0.0001990785385714844,266.5774230957031,1.3611547728942242e-05,0.00015741679817438126,7.319592987187207e-05,0.22419658303260803,0.269876629114151,0.008357610553503036,0.5237776041030884,1.5282516479492188,0.0855528935790062,0.08740829676389694,0.8095212578773499,0.37924644351005554,0.387533575296402
275,model.layers.7.self_attn.k_proj.weight,512,1024,0.0009765625,0.0011896039359271526,3.0639452934265137,4.9144796321343165e-06,0.3702082335948944,0.0009269103175029159,0.1480049341917038,0.2660178244113922,0.022062847390770912,0.7037814259529114,1.3433328866958618,0.0009626637329347432,95.51524353027344,3.9200062019517645e-05,6.314492202363908e-05,0.00018625216034706682,0.2149168998003006,0.27036789059638977,0.009322784841060638,0.5389725565910339,1.396120309829712,,,,,
275,model.layers.7.self_attn.v_proj.weight,512,1024,0.0009765625,0.0008189252694137394,2.0691792964935303,0.0011114886729046702,0.7050808072090149,0.0002144304889952764,0.13941659033298492,0.25099435448646545,0.002260584617033601,0.7367921471595764,1.4819813966751099,0.0009448471828363836,26.86062240600586,5.975672684144229e-05,7.278421253431588e-05,5.905040598008782e-05,0.22991850972175598,0.2521379292011261,0.009291878901422024,0.515879213809967,1.478259801864624,,,,,
275,model.layers.7.self_attn.o_proj.weight,1024,2048,0.00048828125,0.0002483905991539359,2.1195249557495117,0.0003561246849130839,1.1530195474624634,4.964203981216997e-05,0.1583537459373474,0.33902791142463684,0.014343023300170898,0.5140393376350403,1.4232386350631714,0.0004688016197178513,59.23454666137695,1.936999979079701e-05,0.00013543356908485293,6.451756780734286e-05,0.17821918427944183,0.3171122074127197,0.006953239440917969,0.6132680177688599,1.5288927555084229,,,,,
275,model.layers.15.self_attn.q_proj.weight,4096,1024,0.000244140625,0.00011213480320293456,3.0095672607421875,-0.00011359671043464914,0.4815475046634674,0.00031466459040530026,0.2182186245918274,0.23729948699474335,0.003958662506192923,0.4436844289302826,1.5461041927337646,0.00021633993310388178,196.00579833984375,7.317586096178275e-06,0.00015199890185613185,6.105873035266995e-05,0.22477291524410248,0.2672664523124695,0.0077400594018399715,0.5029429197311401,1.5320287942886353,0.09717972576618195,0.09955170750617981,0.7606842517852783,,
275,model.layers.15.self_attn.k_proj.weight,512,1024,0.0009765625,0.000954719667788595,4.282116889953613,-7.4769541242858395e-06,0.3936483561992645,7.616456423420459e-05,0.24839656054973602,0.22636118531227112,0.0038335260469466448,0.555313229560852,1.4623953104019165,0.0008960817940533161,50.43208312988281,1.0859351277758833e-05,6.635364843532443e-05,6.358098471537232e-05,0.1936548501253128,0.29913708567619324,0.007222957443445921,0.5901893973350525,1.4726016521453857,,,,,
275,model.layers.15.self_attn.v_proj.weight,512,1024,0.0009765625,0.0007903025252744555,1.583852767944336,0.00019738187256734818,0.427137553691864,0.0007509006536565721,0.16298481822013855,0.27502530813217163,0.004624302964657545,0.6987844109535217,1.4325838088989258,0.000966133491601795,49.9162712097168,-4.499601800489472e-06,5.448966840049252e-05,6.600493361474946e-05,0.2271600067615509,0.2654617130756378,0.006492864806205034,0.5219293236732483,1.4897557497024536,,,,0.3420344889163971,0.34657201170921326
275,model.layers.15.self_attn.o_proj.weight,1024,2048,0.00048828125,0.00040576758328825235,1.6136257648468018,6.964886415516958e-05,0.7591513395309448,3.196475518052466e-05,0.08371903002262115,0.46090754866600037,0.013180549256503582,0.5870450735092163,1.4244178533554077,0.0004993387847207487,79.37615966796875,1.7868855138658546e-05,0.00011733629071386531,8.714129216969013e-05,0.1944355070590973,0.3005564212799072,0.008131878450512886,0.5759869813919067,1.4981335401535034,,,,,
275,model.layers.19.self_attn.q_proj.weight,4096,1024,0.000244140625,0.0001574331836309284,2.642749071121216,0.0009577219607308507,0.2969181537628174,0.00026662496384233236,0.2399541288614273,0.2052997648715973,0.005335105583071709,0.3892018496990204,1.530493140220642,0.00021138283773325384,205.3043212890625,9.143651368503924e-06,0.0001455528399674222,6.331224722089246e-05,0.2198043167591095,0.27117910981178284,0.008261182345449924,0.5140799283981323,1.5251219272613525,0.10740604251623154,0.10601671040058136,0.7060142159461975,,
275,model.layers.19.self_attn.k_proj.weight,512,1024,0.0009765625,0.0011446806602180004,3.3991777896881104,7.614421974722063e-06,0.28131937980651855,0.0005645619239658117,0.25226709246635437,0.21179082989692688,0.011441392824053764,0.5561483502388,1.3412683010101318,0.0009119554306380451,81.95304107666016,-2.1804340576636605e-05,6.475893314927816e-05,9.143287024926394e-05,0.2112331986427307,0.27779990434646606,0.007658945396542549,0.5592918992042542,1.4687329530715942,,,,,
275,model.layers.19.self_attn.v_proj.weight,512,1024,0.0009765625,0.001011511660180986,1.4238134622573853,0.0027371428441256285,0.22017160058021545,0.0014959302498027682,0.12479245662689209,0.2779199182987213,0.0069463616237044334,0.7291759848594666,1.4320281744003296,0.0008609103970229626,75.1661376953125,-1.765450906532351e-05,4.8363363021053374e-05,0.00012058988795615733,0.21659882366657257,0.27768343687057495,0.009528959169983864,0.5148292183876038,1.4251682758331299,,,,,
275,model.layers.19.self_attn.o_proj.weight,1024,2048,0.00048828125,0.0009375071385875344,1.3147478103637695,0.0008504645666107535,0.422235906124115,8.408776920987293e-05,0.052392467856407166,0.5703458189964294,0.014168807305395603,0.6760988235473633,1.4572632312774658,0.0004406569933053106,108.64877319335938,1.851059778346098e-06,9.71174958976917e-05,7.382781768683344e-05,0.20389999449253082,0.28990328311920166,0.008654002100229263,0.5426760911941528,1.4878443479537964,,,,,
275,model.layers.1.mlp.gate_proj.weight,3584,1024,0.00027901785714285713,0.000249488657573238,2.660529136657715,-0.0002791202859953046,0.5409562587738037,0.00019242797861807048,0.18165899813175201,0.308960884809494,0.006939425598829985,0.5286589860916138,1.5131828784942627,0.0002629025257192552,234.45286560058594,-6.638676040893188e-06,0.00015053765673656017,0.00011369127605576068,0.2323472797870636,0.25747570395469666,0.009298893623054028,0.5119359493255615,1.5136065483093262,,,,0.38909390568733215,0.3923536241054535
275,model.layers.1.mlp.up_proj.weight,3584,1024,0.00027901785714285713,0.0002796304179355502,2.5988945960998535,-0.00042433623457327485,0.8769197463989258,9.938734001480043e-05,0.17648500204086304,0.3106726109981537,0.008365977555513382,0.5000361204147339,1.5104477405548096,0.0002689695102162659,151.7952117919922,2.19981975533301e-05,0.000186555742402561,9.894680988509208e-05,0.232151597738266,0.2578515112400055,0.009749393910169601,0.5022990703582764,1.5111366510391235,,,,,
275,model.layers.1.mlp.down_proj.weight,1024,3584,0.00027901785714285713,0.00027621493791230023,4.275214672088623,-0.00042545978794805706,0.8710313439369202,0.001190308714285493,0.19958481192588806,0.2704605162143707,0.014629152603447437,0.5293301343917847,1.4438879489898682,0.00024321155797224492,164.8243408203125,3.580274642445147e-05,0.00019190942111890763,8.776894537732005e-05,0.21859095990657806,0.2708536386489868,0.008643022738397121,0.5386046767234802,1.486836314201355,0.08232959359884262,0.08313047885894775,0.8265947103500366,,
275,model.layers.12.mlp.gate_proj.weight,3584,1024,0.00027901785714285713,0.00019532495934981853,2.877453327178955,0.0007454934529960155,0.5165800452232361,0.0012690925505012274,0.18814648687839508,0.24397429823875427,0.00806389655917883,0.5721926689147949,1.526629090309143,0.00025382463354617357,179.2144775390625,4.425474799063522e-06,0.0001579977833898738,8.637011342216283e-05,0.21613618731498718,0.27586695551872253,0.007530577946454287,0.5416867733001709,1.5271614789962769,,,,,
275,model.layers.12.mlp.up_proj.weight,3584,1024,0.00027901785714285713,0.00025245381402783096,2.843118190765381,0.0004990303423255682,0.8193952441215515,0.0005113993538543582,0.22226782143115997,0.2432025820016861,0.008069495670497417,0.5017715692520142,1.5146530866622925,0.0002734130830504,134.75294494628906,3.328184538986534e-05,0.00017891247989609838,9.375801164424047e-05,0.22329404950141907,0.26685452461242676,0.009762336499989033,0.5063621997833252,1.5036762952804565,,,,,
275,model.layers.12.mlp.down_proj.weight,1024,3584,0.00027901785714285713,0.00026926747523248196,4.389164447784424,0.0005130536737851799,0.8309207558631897,0.00011957099195569754,0.21310701966285706,0.2741437256336212,0.022141190245747566,0.5138614773750305,1.4068577289581299,0.00023781420895829797,110.99510955810547,4.387073659017915e-06,0.00019542383961379528,7.853467104723677e-05,0.1942991465330124,0.29325997829437256,0.008005446754395962,0.5873473286628723,1.5086477994918823,0.09729360044002533,0.0914120227098465,0.8000736832618713,,
275,model.layers.22.mlp.gate_proj.weight,3584,1024,0.00027901785714285713,0.000246414594585076,2.507866144180298,0.0025286173913627863,0.14303642511367798,0.0009892827365547419,0.16578851640224457,0.2778889834880829,0.008089356124401093,0.5669240355491638,1.519325852394104,0.00023027464339975268,220.9949493408203,1.1550813724170439e-05,0.00011069015454268083,0.00010097884660353884,0.22495588660240173,0.26424723863601685,0.00979777704924345,0.5267413258552551,1.5158491134643555,,,,0.29369619488716125,0.311757892370224
275,model.layers.22.mlp.up_proj.weight,3584,1024,0.00027901785714285713,0.00028391406522132456,2.490731954574585,0.001634041080251336,0.3263712525367737,0.0005384722608141601,0.17358365654945374,0.3007583022117615,0.010906407609581947,0.5616993308067322,1.5123622417449951,0.0002782240917440504,163.7561492919922,1.3689633306057658e-05,0.00014970384654588997,0.00010413076961413026,0.23463261127471924,0.25611770153045654,0.009703480638563633,0.5040935277938843,1.5097049474716187,,,,,
275,model.layers.22.mlp.down_proj.weight,1024,3584,0.00027901785714285713,0.00041993704508058727,2.148110866546631,0.0018724468536674976,0.31078198552131653,0.00019871280528604984,0.09899451583623886,0.4105391502380371,0.006937204860150814,0.5678614974021912,1.466619849205017,0.00026781571796163917,108.53472900390625,2.375049371039495e-05,0.00016142200911417603,8.869190787663683e-05,0.22617271542549133,0.26462483406066895,0.009016862139105797,0.5202724933624268,1.4634584188461304,0.09128794819116592,0.08997795730829239,0.7326433658599854,,
275,model.layers.1.linear_attn.in_proj_qkv.weight,6144,1024,0.00016276041666666666,0.00014842044038232416,2.389505624771118,-0.0004770985397044569,0.48758769035339355,0.0011027073487639427,0.19537386298179626,0.25833672285079956,0.009979458525776863,0.517539381980896,1.5310171842575073,0.00014659253065474331,246.69898986816406,7.946480764076114e-06,0.00017771217972040176,7.03378245816566e-05,0.23158082365989685,0.2596173882484436,0.007366832345724106,0.5147304534912109,1.530135154724121,0.08158905059099197,0.08110708743333817,0.8282741904258728,,
275,model.layers.1.linear_attn.out_proj.weight,1024,2048,0.00048828125,0.0005677429144270718,1.401246190071106,-0.00042102631414309144,1.0603431463241577,0.00025693661882542074,0.14651238918304443,0.34377366304397583,0.009353192523121834,0.5021084547042847,1.4381147623062134,0.0004204384458716959,110.72492218017578,1.3353493159229401e-05,0.00012328888988122344,9.315752686234191e-05,0.21241547167301178,0.2797415852546692,0.00882157776504755,0.5504440665245056,1.4871246814727783,,,,,
275,model.layers.12.linear_attn.in_proj_qkv.weight,6144,1024,0.00016276041666666666,7.227013702504337e-05,2.284611463546753,0.0001878275943454355,0.525271475315094,0.0004183269338682294,0.1680573970079422,0.25295400619506836,0.003238581819459796,0.5867375135421753,1.551534652709961,0.00014187335909809917,226.6482696533203,8.632836397737265e-06,0.00017155786918010563,8.042687113629654e-05,0.21493028104305267,0.2773109972476959,0.007302434649318457,0.5330640077590942,1.5414483547210693,0.09694115817546844,0.0947931706905365,0.7799043655395508,,
275,model.layers.12.linear_attn.out_proj.weight,1024,2048,0.00048828125,0.0002608741051517427,2.0786397457122803,-0.00024698826018720865,0.7225459814071655,7.358707080129534e-05,0.16598746180534363,0.3268572986125946,0.027592841535806656,0.5108568072319031,1.414257287979126,0.00041458895429968834,72.25199127197266,3.496689168969169e-05,0.00013277291145641357,6.092356488807127e-05,0.18914514780044556,0.3052031993865967,0.00730952899903059,0.5910424590110779,1.4972114562988281,,,,,
275,model.layers.21.linear_attn.in_proj_qkv.weight,6144,1024,0.00016276041666666666,0.00012435934331733733,2.8920538425445557,-0.00011826795525848866,0.10401324927806854,0.0009895332623273134,0.18927784264087677,0.2438371330499649,0.006964287720620632,0.5331633687019348,1.5388144254684448,0.0001628118916414678,284.8226623535156,3.371343382241321e-06,0.00013586098793894053,7.484437810489908e-05,0.23054571449756622,0.26152288913726807,0.007842816412448883,0.523776113986969,1.5356606245040894,0.07554435729980469,0.07873547077178955,0.797291100025177,,
275,model.layers.21.linear_attn.out_proj.weight,1024,2048,0.00048828125,0.00034830038202926517,2.2641172409057617,-0.0015921184094622731,0.216058611869812,8.983763109426945e-05,0.12959828972816467,0.3930569589138031,0.005333173554390669,0.5854591727256775,1.476131796836853,0.0003943942137993872,82.13443756103516,2.571865297795739e-05,0.00011629969958448783,8.513757347827777e-05,0.21063877642154694,0.28135523200035095,0.008471246808767319,0.5256664752960205,1.4823335409164429,,,,,
300,model.layers.7.self_attn.q_proj.weight,4096,1024,0.000244140625,0.0001153147968580015,2.994762659072876,0.0005762591608799994,0.6068879961967468,0.0013149100122973323,0.1786843091249466,0.25814709067344666,0.008386919274926186,0.5464736223220825,1.5359688997268677,0.0001953327882802114,213.0549774169922,1.5157010238908697e-05,0.00014852611639071256,9.770999167812988e-05,0.22434315085411072,0.268802672624588,0.008951734751462936,0.5230526924133301,1.5286500453948975,0.07742000371217728,0.08007627725601196,0.8111845254898071,0.3372025191783905,0.33913829922676086
300,model.layers.7.self_attn.k_proj.weight,512,1024,0.0009765625,0.0012696144403889775,3.0408995151519775,-8.49695334181888e-06,0.4491533041000366,0.0018428054172545671,0.15161505341529846,0.2622665762901306,0.032354675233364105,0.682288408279419,1.3284357786178589,0.0008993869414553046,78.14422607421875,5.365238757804036e-05,5.6401051551802084e-05,0.00012154950672993436,0.2095170021057129,0.27269473671913147,0.009509891271591187,0.5462993383407593,1.4071272611618042,,,,,
300,model.layers.7.self_attn.v_proj.weight,512,1024,0.0009765625,0.0008486112928949296,2.4151461124420166,0.00011895401985384524,0.8501144051551819,0.000327149813529104,0.13671764731407166,0.2548815906047821,0.0027622771449387074,0.7293573021888733,1.4639654159545898,0.000911712646484375,54.100040435791016,5.462122135213576e-05,6.186391692608595e-05,0.00010006548836827278,0.23103255033493042,0.2559584677219391,0.008856650441884995,0.5196596384048462,1.460254192352295,,,,,
300,model.layers.7.self_attn.o_proj.weight,1024,2048,0.00048828125,0.00025506637757644057,2.162977457046509,3.257039134041406e-05,1.3908967971801758,4.2368155845906585e-05,0.1587306708097458,0.34153130650520325,0.018638795241713524,0.5219769477844238,1.4095184803009033,0.0004716911353170872,83.40834045410156,2.399439108557999e-05,0.0001257498370250687,5.633617547573522e-05,0.18115565180778503,0.31382375955581665,0.007070748135447502,0.6114746332168579,1.5164953470230103,,,,,
300,model.layers.15.self_attn.q_proj.weight,4096,1024,0.000244140625,0.00015915767289698124,2.808945894241333,-0.00043654540786519647,0.5276165008544922,0.00047318171709775925,0.2277398407459259,0.22851791977882385,0.005028035957366228,0.4369836449623108,1.5425776243209839,0.00020708896045107394,200.60525512695312,1.3950976608612109e-05,0.00014791885041631758,6.563869828823954e-05,0.2182731330394745,0.2711469531059265,0.007407452445477247,0.5115679502487183,1.529152750968933,0.09675045311450958,0.09268881380558014,0.8012970089912415,,
300,model.layers.15.self_attn.k_proj.weight,512,1024,0.0009765625,0.0009343901765532792,2.3469109535217285,1.4051013749849517e-05,0.529310405254364,0.00011252206604694948,0.229856476187706,0.2576245069503784,0.0037407397758215666,0.5550470352172852,1.4503400325775146,0.0008317703614011407,72.3312759399414,2.4492979719070718e-05,6.539599417010322e-05,6.398639379767701e-05,0.20193754136562347,0.2900693714618683,0.00703001394867897,0.5717898011207581,1.452208399772644,,,,,
300,model.layers.15.self_attn.v_proj.weight,512,1024,0.0009765625,0.0007636201335117221,1.572982907295227,0.0020403966773301363,0.48235440254211426,0.00015372638881672174,0.1674385368824005,0.27438095211982727,0.0028824310284107924,0.6780916452407837,1.4595364332199097,0.0008679640595801175,72.98702239990234,1.803622581064701e-05,4.881658242084086e-05,4.63287033198867e-05,0.22424374520778656,0.26707229018211365,0.0064109680242836475,0.5215633511543274,1.4671796560287476,,,,0.38626357913017273,0.3715331554412842
300,model.layers.15.self_attn.o_proj.weight,1024,2048,0.00048828125,0.0004155586357228458,1.8175503015518188,0.0007325492333620787,0.8006806969642639,3.523768100421876e-05,0.09719393402338028,0.42503079771995544,0.014766867272555828,0.5609919428825378,1.4416313171386719,0.00045448046876117587,74.32164001464844,2.2799520138505613e-06,0.00010743577149696648,8.565937605453655e-05,0.19149035215377808,0.3057542145252228,0.007996826432645321,0.5849583148956299,1.5063447952270508,,,,,
300,model.layers.19.self_attn.q_proj.weight,4096,1024,0.000244140625,0.00018998319865204394,3.2827675342559814,-0.0003329956962261349,0.2797728478908539,0.0003507470537442714,0.21371930837631226,0.2536432445049286,0.007457891944795847,0.4523307681083679,1.5329138040542603,0.00020574122027028352,215.85589599609375,1.774149131961167e-05,0.0001367523946100846,7.665485463803634e-05,0.21798647940158844,0.27355286478996277,0.007982086390256882,0.5163320899009705,1.5317819118499756,0.0775115042924881,0.08857961744070053,0.7996936440467834,,
300,model.layers.19.self_attn.k_proj.weight,512,1024,0.0009765625,0.0010199297685176134,4.869141578674316,9.027994565258268e-06,0.24559849500656128,0.0004578655061777681,0.25497326254844666,0.2201032042503357,0.015819000080227852,0.53495854139328,1.3581292629241943,0.0009319907403551042,76.46370697021484,7.367494163190713e-06,5.964362935628742e-05,6.196913454914466e-05,0.20039032399654388,0.2899375855922699,0.008495590649545193,0.5746641159057617,1.4481204748153687,,,,,
300,model.layers.19.self_attn.v_proj.weight,512,1024,0.0009765625,0.000679906050208956,1.6379871368408203,-0.0002935046795755625,0.19316796958446503,0.00017126261082012206,0.11839507520198822,0.3029858469963074,0.0032673804089426994,0.7282609343528748,1.4365921020507812,0.0008428547298535705,74.9052734375,4.530937985691708e-06,4.438888936419971e-05,9.950104140443727e-05,0.2034170925617218,0.2907162010669708,0.01033624168485403,0.5198966264724731,1.3925451040267944,,,,,
300,model.layers.19.self_attn.o_proj.weight,1024,2048,0.00048828125,0.00045819568913429976,1.4987399578094482,-8.444057311862707e-05,0.3951202929019928,4.5273587602423504e-05,0.05620870366692543,0.5249155759811401,0.004847582895308733,0.6478743553161621,1.4711109399795532,0.0004590909229591489,89.04302215576172,5.967027846054407e-06,9.135437721852213e-05,5.622833123197779e-05,0.20730051398277283,0.2839668393135071,0.008681622333824635,0.5383504629135132,1.4794230461120605,,,,,
300,model.layers.1.mlp.gate_proj.weight,3584,1024,0.00027901785714285713,0.00030630402034148574,2.7372629642486572,-2.707398380152881e-05,0.7513788938522339,0.00025942528736777604,0.18325655162334442,0.3015998303890228,0.00699068745598197,0.5277828574180603,1.5151704549789429,0.00028242383268661797,267.5890808105469,1.4796632058278192e-05,0.0001387755764881149,0.00010462805221322924,0.2330644130706787,0.25711581110954285,0.009228499606251717,0.510418176651001,1.5177785158157349,,,,0.3462655544281006,0.3537650406360626
300,model.layers.1.mlp.up_proj.weight,3584,1024,0.00027901785714285713,0.0004757675633300096,2.6439766883850098,0.00023334384604822844,1.2080185413360596,0.00015806188457645476,0.1696508526802063,0.3251408040523529,0.00896800309419632,0.5214855670928955,1.5098026990890503,0.00027279049390926957,154.89791870117188,4.051815267303027e-05,0.00016864444478414953,0.00010526977712288499,0.23231235146522522,0.2580147683620453,0.009675244800746441,0.5004048943519592,1.5095144510269165,,,,,
300,model.layers.1.mlp.down_proj.weight,1024,3584,0.00027901785714285713,0.0002671260735951364,5.472152233123779,0.00023960412363521755,1.1776528358459473,0.0008160951547324657,0.1986248791217804,0.2740766406059265,0.013226485811173916,0.5265263319015503,1.4434348344802856,0.00026451866142451763,189.40121459960938,5.331434294930659e-05,0.00017430433945264667,8.046756556723267e-05,0.2186736911535263,0.2709783613681793,0.00832985807210207,0.5389638543128967,1.4921222925186157,0.08678377419710159,0.08370629698038101,0.7995007634162903,,
300,model.layers.12.mlp.gate_proj.weight,3584,1024,0.00027901785714285713,0.0001860632619354874,2.84401798248291,-0.0007482676883228123,0.6645234227180481,0.000513258040882647,0.1905442327260971,0.24360746145248413,0.005434268619865179,0.5825417041778564,1.5283045768737793,0.00023196445545181632,175.65045166015625,3.406150790397078e-05,0.00016531826986465603,9.12137475097552e-05,0.2153473198413849,0.2763172686100006,0.0075903176330029964,0.5428301095962524,1.5232170820236206,,,,,
300,model.layers.12.mlp.up_proj.weight,3584,1024,0.00027901785714285713,0.00029010098660364747,2.524522304534912,-0.0006308327428996563,1.0826829671859741,0.000987122068181634,0.2162165641784668,0.2429671734571457,0.011881466954946518,0.5317020416259766,1.5113962888717651,0.00024569101515226066,142.90188598632812,3.7726487789768726e-05,0.00018404207366984338,9.21059399843216e-05,0.2232891470193863,0.2652003765106201,0.010063099674880505,0.5053015351295471,1.5046027898788452,,,,,
300,model.layers.12.mlp.down_proj.weight,1024,3584,0.00027901785714285713,0.00025983754312619567,4.210707664489746,-0.0006835656240582466,1.0412027835845947,0.0001254809321835637,0.2242583930492401,0.26404955983161926,0.022425513714551926,0.49739935994148254,1.4070278406143188,0.00026093513588421047,123.73431396484375,5.4975436796667054e-05,0.00019285558664705604,6.448476779041812e-05,0.20568197965621948,0.28445255756378174,0.008522376418113708,0.5655065178871155,1.49268639087677,0.08546384423971176,0.08746106922626495,0.8332244157791138,,
300,model.layers.22.mlp.gate_proj.weight,3584,1024,0.00027901785714285713,0.0003073761472478509,2.3074471950531006,0.0013853911077603698,0.17177660763263702,0.0005431078025139868,0.1552736461162567,0.28718170523643494,0.005770094692707062,0.5770429968833923,1.5266046524047852,0.00024485366884619,265.2233581542969,1.6519234122824855e-05,0.00011111458297818899,8.420106314588338e-05,0.22403660416603088,0.26559531688690186,0.00964286644011736,0.5316290855407715,1.5189989805221558,,,,0.3409966230392456,0.3436771631240845
300,model.layers.22.mlp.up_proj.weight,3584,1024,0.00027901785714285713,0.0002768122067209333,2.108793258666992,0.0004315266269259155,0.39975079894065857,0.0008372418815270066,0.16485536098480225,0.30384284257888794,0.011334830895066261,0.5660872459411621,1.5117087364196777,0.0002738710318226367,197.8800048828125,5.266085281618871e-06,0.00014400687359739095,9.361260890727863e-05,0.23405961692333221,0.2561052441596985,0.009762304835021496,0.5047791600227356,1.5069941282272339,,,,,
300,model.layers.22.mlp.down_proj.weight,1024,3584,0.00027901785714285713,0.0003789721813518554,2.5046989917755127,0.0005149741191416979,0.36632081866264343,0.0002187170903198421,0.09363775700330734,0.4396759569644928,0.008209871128201485,0.6241090893745422,1.4830646514892578,0.0002825218834914267,115.12728118896484,3.487152571324259e-05,0.00016014929860830307,9.134689025813714e-05,0.22332517802715302,0.26747047901153564,0.008878911845386028,0.5234460830688477,1.4679511785507202,0.07467823475599289,0.08214746415615082,0.7876225709915161,,
300,model.layers.1.linear_attn.in_proj_qkv.weight,6144,1024,0.00016276041666666666,0.00011708030797308311,2.533881187438965,0.00016648622113279998,0.5969436764717102,0.0012131185503676534,0.19596125185489655,0.25684279203414917,0.010626555420458317,0.5208883285522461,1.5348398685455322,0.00014591275248676538,240.2525634765625,-2.606234147606301e-06,0.00016563192184548825,7.074556924635544e-05,0.2266124188899994,0.2658069133758545,0.006528202909976244,0.5241878628730774,1.5364574193954468,0.07405216991901398,0.07761028409004211,0.7895010709762573,,
300,model.layers.1.linear_attn.out_proj.weight,1024,2048,0.00048828125,0.00019857901497744024,1.4384959936141968,-0.00028060187469236553,1.370224952697754,0.00036381682730279863,0.14153096079826355,0.34667709469795227,0.012575458735227585,0.5123007893562317,1.4441097974777222,0.00044303148752078414,120.01246643066406,2.089340523525607e-05,0.00011053026537410915,8.787580009084195e-05,0.21298953890800476,0.2775537371635437,0.008583294227719307,0.5464107394218445,1.480226755142212,,,,,
300,model.layers.12.linear_attn.in_proj_qkv.weight,6144,1024,0.00016276041666666666,7.843487401260063e-05,2.3974764347076416,-4.5127806515665725e-05,0.6497710347175598,0.0003572909045033157,0.16979700326919556,0.2514941990375519,0.002819610061123967,0.6022213697433472,1.5529932975769043,0.00013572967145591974,201.43997192382812,1.2537441762106027e-05,0.0001726859190966934,7.538776844739914e-05,0.21345254778862,0.279356986284256,0.007315170019865036,0.5345325469970703,1.539882779121399,0.06936439871788025,0.07554075866937637,0.8009610176086426,,
300,model.layers.12.linear_attn.out_proj.weight,1024,2048,0.00048828125,0.0002804548421408981,2.208521604537964,0.0001803690247470513,0.879456639289856,5.0607541197678074e-05,0.1881699562072754,0.29636773467063904,0.016188163310289383,0.48039722442626953,1.4184788465499878,0.00043002041638828814,71.6630859375,6.0935449255339336e-06,0.0001315241097472608,4.55348526884336e-05,0.19585482776165009,0.29843494296073914,0.0078379912301898,0.5796467065811157,1.4944350719451904,,,,,
300,model.layers.21.linear_attn.in_proj_qkv.weight,6144,1024,0.00016276041666666666,0.00011625090701272711,3.574420690536499,-0.00016517976473551244,0.11539839953184128,0.0009605608065612614,0.19195297360420227,0.25053372979164124,0.008641209453344345,0.5499799847602844,1.535994529724121,0.00015081051969900727,317.7396545410156,-1.9209328456781805e-06,0.00013144142576493323,6.956257129786536e-05,0.22736412286758423,0.26264914870262146,0.007856206968426704,0.5276494026184082,1.5324060916900635,0.10697497427463531,0.09372121095657349,0.8312399983406067,,
300,model.layers.21.linear_attn.out_proj.weight,1024,2048,0.00048828125,0.00034280624822713435,2.6690750122070312,-0.0009357530507259071,0.22570890188217163,0.00012285038246773183,0.1348201334476471,0.37504056096076965,0.0063118417747318745,0.5718547105789185,1.4816051721572876,0.0004077262419741601,91.48987579345703,1.4188194654707331e-05,0.00011204118345631287,5.5790198530303314e-05,0.21321426331996918,0.27906346321105957,0.008847733028233051,0.5230492353439331,1.4703060388565063,,,,,
325,model.layers.7.self_attn.q_proj.weight,4096,1024,0.000244140625,0.0001460498315282166,2.553321361541748,-0.00028989280690439045,0.4560447633266449,0.0007105853292159736,0.17831195890903473,0.26585039496421814,0.007229288574308157,0.5432448983192444,1.5342118740081787,0.00019423247431404889,221.18907165527344,-9.688081945569138e-07,0.00014993335935287178,7.112909224815667e-05,0.22109639644622803,0.2724052667617798,0.008529107086360455,0.5230786204338074,1.524219036102295,0.07013549655675888,0.0708593875169754,0.8722253441810608,0.3292340636253357,0.333958238363266
325,model.layers.7.self_attn.k_proj.weight,512,1024,0.0009765625,0.0015617149183526635,2.390066623687744,2.048794385700603e-06,0.3424665033817291,0.0034953111317008734,0.1436682641506195,0.2824970483779907,0.03211748227477074,0.6984977126121521,1.3288848400115967,0.0009689352009445429,84.96653747558594,-2.9081382308504544e-05,5.759814666816965e-05,9.280809899792075e-05,0.2054707258939743,0.27786698937416077,0.009413618594408035,0.5566594004631042,1.3923108577728271,,,,,
325,model.layers.7.self_attn.v_proj.weight,512,1024,0.0009765625,0.0007677635876461864,2.4553840160369873,0.0009959889575839043,0.628296434879303,0.00012311278260312974,0.15251678228378296,0.2499975562095642,0.003029061947017908,0.7019500732421875,1.4715888500213623,0.0009481299202889204,62.602909088134766,2.0789957488887012e-05,6.23044470557943e-05,6.601234781555831e-05,0.22572410106658936,0.25928184390068054,0.009092830121517181,0.5291968584060669,1.454910159111023,,,,,
325,model.layers.7.self_attn.o_proj.weight,1024,2048,0.00048828125,0.00024522931198589504,2.297382116317749,0.00032164930598810315,1.040794849395752,3.372442733962089e-05,0.16207295656204224,0.3355505168437958,0.014178290963172913,0.5141897797584534,1.4159542322158813,0.0004368584486655891,74.52751159667969,2.0053319531143643e-05,0.00013241451233625412,6.619533814955503e-05,0.1788075566291809,0.3150359094142914,0.006960167083889246,0.6183792948722839,1.5156536102294922,,,,,
325,model.layers.15.self_attn.q_proj.weight,4096,1024,0.000244140625,0.00014035480853635818,4.5355424880981445,-0.0006352845230139792,0.38430526852607727,0.00045227454393170774,0.2160767763853073,0.24024732410907745,0.004751191940158606,0.45470765233039856,1.5422347784042358,0.00022137840278446674,241.13577270507812,2.2681999780616025e-06,0.0001538389187771827,6.835984822828323e-05,0.2207309901714325,0.27081695199012756,0.0081225810572505,0.5074617862701416,1.52787184715271,0.0655139833688736,0.07152731716632843,0.8812730312347412,,
325,model.layers.15.self_attn.k_proj.weight,512,1024,0.0009765625,0.0012433468364179134,5.560057640075684,-1.9136001355946064e-05,0.3273419737815857,0.0007755544502288103,0.2542265057563782,0.22960807383060455,0.007053895387798548,0.5336973667144775,1.435552954673767,0.0008744982187636197,63.2027702331543,-5.126250016473932e-06,6.398728874046355e-05,6.132449198048562e-05,0.20041285455226898,0.2915690839290619,0.006827211007475853,0.5762978792190552,1.4746297597885132,,,,,
325,model.layers.15.self_attn.v_proj.weight,512,1024,0.0009765625,0.0009036680567078292,2.138838291168213,0.0031236063223332167,0.33912789821624756,0.0002975036040879786,0.16651585698127747,0.26912176609039307,0.005292878951877356,0.6705635190010071,1.4487261772155762,0.0009463528986088932,52.44148635864258,1.6151516319951043e-05,5.323676668922417e-05,6.938568549230695e-05,0.22453147172927856,0.2676083743572235,0.006480884738266468,0.5290682315826416,1.4613476991653442,,,,0.3132725656032562,0.3290121257305145
325,model.layers.15.self_attn.o_proj.weight,1024,2048,0.00048828125,0.0004024527734145522,1.8959054946899414,0.0009613134898245335,0.6606743335723877,2.924530599557329e-05,0.09189514070749283,0.4511147737503052,0.0071917627938091755,0.5918685793876648,1.4477524757385254,0.0004996206844225526,92.88611602783203,-9.729627890919801e-06,0.00011661218741210178,7.992608152562752e-05,0.19477877020835876,0.29999926686286926,0.008334793150424957,0.574619710445404,1.5062373876571655,,,,,
325,model.layers.19.self_attn.q_proj.weight,4096,1024,0.000244140625,0.00016706838505342603,2.673870325088501,-0.0001752003445290029,0.2543911337852478,0.0007152389734983444,0.21613723039627075,0.24263325333595276,0.010105831548571587,0.4744333028793335,1.5335890054702759,0.00020284515630919486,231.3215789794922,-4.564782102534082e-06,0.00015225446259137243,5.569005952565931e-05,0.2179364413022995,0.2727070748806,0.008519023656845093,0.5182086229324341,1.5281833410263062,0.09799768775701523,0.09494338929653168,0.8602862358093262,,
325,model.layers.19.self_attn.k_proj.weight,512,1024,0.0009765625,0.0010885176016017795,3.3375980854034424,-1.0445154657645617e-05,0.23192475736141205,0.00022711831843480468,0.22104309499263763,0.24974611401557922,0.009721525944769382,0.6063553690910339,1.3968104124069214,0.0008168134372681379,85.04740142822266,6.041187953087501e-05,6.712703907396644e-05,5.498458267538808e-05,0.20398922264575958,0.2840014696121216,0.007581023033708334,0.5669112801551819,1.4500703811645508,,,,,
325,model.layers.19.self_attn.v_proj.weight,512,1024,0.0009765625,0.0008509429753758013,2.042172908782959,-8.114313095575199e-05,0.18940527737140656,0.0011800889624282718,0.11361578106880188,0.27823588252067566,0.012150993570685387,0.7509542107582092,1.4043110609054565,0.000880479346960783,65.9729232788086,-6.896922059240751e-06,5.085961311124265e-05,4.899659688817337e-05,0.21149508655071259,0.27887505292892456,0.008224831894040108,0.5151323676109314,1.4599498510360718,,,,,
325,model.layers.19.self_attn.o_proj.weight,1024,2048,0.00048828125,0.000522766902577132,1.6522527933120728,-1.9297465769341215e-05,0.34490203857421875,7.511010335292667e-05,0.06260354816913605,0.5213719010353088,0.006941330153495073,0.6510853171348572,1.4679621458053589,0.00044231044012121856,128.57554626464844,3.853047928714659e-06,0.0001008167237159796,0.00010093960008816794,0.20911352336406708,0.2829117774963379,0.008582260459661484,0.5392351746559143,1.4833101034164429,,,,,
325,model.layers.1.mlp.gate_proj.weight,3584,1024,0.00027901785714285713,0.00029387581162154675,2.4084630012512207,-0.00019073144358117133,0.5450272560119629,0.00034319012775085866,0.1816447377204895,0.3010944128036499,0.009562072344124317,0.5180351734161377,1.509787917137146,0.00027084394241683185,262.00030517578125,9.704449439595919e-06,0.00012907804921269417,0.00010769324580905959,0.2311657965183258,0.258405864238739,0.00916934385895729,0.5119792819023132,1.513920783996582,,,,0.31495192646980286,0.3230586051940918
325,model.layers.1.mlp.up_proj.weight,3584,1024,0.00027901785714285713,0.0002463530981913209,2.404714822769165,-0.0003359871043357998,0.8803893327713013,0.00016465710359625518,0.1633528620004654,0.33770638704299927,0.008242856711149216,0.5253307223320007,1.5073732137680054,0.0002869714517146349,170.05307006835938,-1.292087745241588e-05,0.0001595663488842547,8.745576633373275e-05,0.23156248033046722,0.2608296871185303,0.009637318551540375,0.5022505521774292,1.5161117315292358,,,,,
325,model.layers.1.mlp.down_proj.weight,1024,3584,0.00027901785714285713,0.000287883507553488,3.8944079875946045,-0.0003448298666626215,0.8608635067939758,0.0012850883649662137,0.20056189596652985,0.2663109004497528,0.0172220841050148,0.5155869722366333,1.4324924945831299,0.00025560049107298255,195.59902954101562,3.3762946259230375e-05,0.00016624890849925578,9.496671555098146e-05,0.21132723987102509,0.27886027097702026,0.00861925445497036,0.5540719628334045,1.4842649698257446,0.0700940191745758,0.07128650695085526,0.9037097692489624,,
325,model.layers.12.mlp.gate_proj.weight,3584,1024,0.00027901785714285713,0.0002135442482540384,3.0961763858795166,-0.0005270527908578515,0.4992985129356384,0.0010691371280699968,0.19115932285785675,0.24183498322963715,0.0071463510394096375,0.5737562775611877,1.52462899684906,0.0002595025289338082,199.7643585205078,1.9330815121065825e-05,0.00015986143262125552,6.257631321204826e-05,0.21626852452754974,0.2757563889026642,0.007695693522691727,0.5401085615158081,1.5257415771484375,,,,,
325,model.layers.12.mlp.up_proj.weight,3584,1024,0.00027901785714285713,0.00028214024496264756,2.9156265258789062,-0.0006321427645161748,0.7941058874130249,0.00046688097063452005,0.22217991948127747,0.23803295195102692,0.00800600741058588,0.5168415307998657,1.5137121677398682,0.00028477917658165097,172.80596923828125,2.6289917514077388e-05,0.00017872512398753315,0.00011325605737511069,0.22331281006336212,0.2664571702480316,0.009675538167357445,0.5046998858451843,1.511950969696045,,,,,
325,model.layers.12.mlp.down_proj.weight,1024,3584,0.00027901785714285713,0.00024854816729202867,4.614700794219971,-0.0006481100572273135,0.792829155921936,8.571354555897415e-05,0.22175873816013336,0.26779916882514954,0.01765896938741207,0.5050767660140991,1.4150413274765015,0.0002573112433310598,134.8200225830078,1.166028596344404e-05,0.0001937055931193754,8.098132821032777e-05,0.19640563428401947,0.29150187969207764,0.008119912818074226,0.5822968482971191,1.5232782363891602,0.055574607104063034,0.06794517487287521,0.9031124711036682,,
325,model.layers.22.mlp.gate_proj.weight,3584,1024,0.00027901785714285713,0.0004817491280846298,3.128148317337036,-0.0020177247934043407,0.14241567254066467,0.0014767635148018599,0.16546356678009033,0.27824389934539795,0.007962474599480629,0.5773190259933472,1.5194538831710815,0.00022919094772078097,234.64907836914062,6.431372185033979e-06,0.00012693068129010499,7.895772432675585e-05,0.22381480038166046,0.26721951365470886,0.00926225632429123,0.5334094762802124,1.520027756690979,,,,0.4243880808353424,0.42869818210601807
325,model.layers.22.mlp.up_proj.weight,3584,1024,0.00027901785714285713,0.0002628789225127548,2.898827314376831,-0.0009415568201802671,0.32411837577819824,0.0007469101692549884,0.1647844910621643,0.30628231167793274,0.011631039902567863,0.5875773429870605,1.514663577079773,0.000274225661996752,201.5560302734375,2.8765878141712165e-06,0.00016523741942364722,0.00011666509817587212,0.23534448444843292,0.25542280077934265,0.00965177733451128,0.5043264031410217,1.50685453414917,,,,,
325,model.layers.22.mlp.down_proj.weight,1024,3584,0.00027901785714285713,0.000461302581243217,2.878955364227295,-0.001092958846129477,0.30293720960617065,9.756088547874242e-05,0.09793984889984131,0.44374170899391174,0.00668341713026166,0.6374437808990479,1.4636636972427368,0.00029157265089452267,116.44908142089844,5.560618592426181e-05,0.0001809312670957297,9.586839587427676e-05,0.2250404953956604,0.26506760716438293,0.008915696293115616,0.5195732116699219,1.4718071222305298,0.07271415740251541,0.07416103035211563,0.8590138554573059,,
325,model.layers.1.linear_attn.in_proj_qkv.weight,6144,1024,0.00016276041666666666,0.00011000048107234761,2.4208405017852783,0.0005672145634889603,0.442800909280777,0.0006006578332744539,0.2007068246603012,0.25618717074394226,0.008276233449578285,0.5114572644233704,1.535768747329712,0.0001624182186787948,237.41441345214844,-1.2678085568040842e-06,0.0001506381668150425,8.064505527727306e-05,0.22818012535572052,0.26290926337242126,0.00708357896655798,0.51910001039505,1.5374659299850464,0.06393443793058395,0.07494387775659561,0.8826749920845032,,
325,model.layers.1.linear_attn.out_proj.weight,1024,2048,0.00048828125,0.0003992052224930376,1.3490324020385742,0.0005257091834209859,1.0731260776519775,0.0004963106475770473,0.13851676881313324,0.35207563638687134,0.015752803534269333,0.5099082589149475,1.4615758657455444,0.0004553955513983965,125.02448272705078,1.4361857211042661e-05,0.00010592555918265134,8.50459182402119e-05,0.20614558458328247,0.285004198551178,0.007931635715067387,0.5599744915962219,1.4985078573226929,,,,,
325,model.layers.12.linear_attn.in_proj_qkv.weight,6144,1024,0.00016276041666666666,6.289548764470965e-05,2.3894076347351074,0.00027213338762521744,0.5049002766609192,0.00045187686919234693,0.16977053880691528,0.2504451870918274,0.002960881916806102,0.6068463921546936,1.550876498222351,0.00013936717004980892,220.6121826171875,-5.89530827710405e-07,0.00017467715952079743,6.233379826880991e-05,0.21356622874736786,0.2785011827945709,0.007415414787828922,0.5347314476966858,1.5412143468856812,0.07264541834592819,0.0704299658536911,0.8607425689697266,,
325,model.layers.12.linear_attn.out_proj.weight,1024,2048,0.00048828125,0.00030416285153478384,2.3416388034820557,-0.00023848885030020028,0.6711052060127258,5.012782276025973e-05,0.1747828722000122,0.3197599947452545,0.018733665347099304,0.5082675218582153,1.4113785028457642,0.00045522526488639414,83.81100463867188,2.4519013095414266e-05,0.00013276141544338316,6.138259777799249e-05,0.1886584758758545,0.3065686523914337,0.007849824614822865,0.5924575328826904,1.491930603981018,,,,,
325,model.layers.21.linear_attn.in_proj_qkv.weight,6144,1024,0.00016276041666666666,0.00010948309500236064,2.6423392295837402,9.030788351083174e-05,0.1363038867712021,0.000668901891913265,0.20713350176811218,0.23122555017471313,0.007543453946709633,0.5252792835235596,1.5380538702011108,0.00013747948105446994,290.4991760253906,6.630823008890729e-06,0.0001518821663921699,7.00233576935716e-05,0.22773602604866028,0.263548880815506,0.008050673641264439,0.5271219611167908,1.5351537466049194,0.07108265161514282,0.06923988461494446,0.8908812403678894,,
325,model.layers.21.linear_attn.out_proj.weight,1024,2048,0.00048828125,0.00042252131970599294,3.4091684818267822,-0.00045479630352929235,0.2117723971605301,6.817973917350173e-05,0.14383402466773987,0.3669772744178772,0.007290548179298639,0.5728880763053894,1.4933186769485474,0.0003980776818934828,91.85032653808594,2.4731960365897976e-05,0.00012457500270102173,6.261002272367477e-05,0.21654067933559418,0.275490939617157,0.008890466764569283,0.5183008313179016,1.473131775856018,,,,,
350,model.layers.7.self_attn.q_proj.weight,4096,1024,0.000244140625,0.0001335862762061879,2.9986884593963623,0.0008297298336401582,0.7280585169792175,0.0010489331325516105,0.1744127720594406,0.2541194260120392,0.008335125632584095,0.5478702783584595,1.53519868850708,0.00018466524488758296,216.0249481201172,2.4173168640118092e-05,0.00014685254427604377,8.622032328275964e-05,0.22218956053256989,0.27181002497673035,0.008326547220349312,0.5239408016204834,1.5318001508712769,0.0907469168305397,0.09684823453426361,0.7962744832038879,0.34885022044181824,0.3566364049911499
350,model.layers.7.self_attn.k_proj.weight,512,1024,0.0009765625,0.0010031025158241391,4.441819190979004,-4.4460452954808716e-06,0.4826011657714844,0.0007061267388053238,0.1534343957901001,0.26793792843818665,0.027493661269545555,0.6990486979484558,1.306705355644226,0.0009188686381094158,99.61727905273438,3.6307315895101056e-05,5.936420348007232e-05,7.33285050955601e-05,0.2113296091556549,0.2737172842025757,0.0095220897346735,0.5522167682647705,1.3957082033157349,,,,,
350,model.layers.7.self_attn.v_proj.weight,512,1024,0.0009765625,0.0009366628946736455,2.0040040016174316,0.0009399668779224157,1.0737248659133911,0.0006557500455528498,0.14425617456436157,0.24443452060222626,0.0039696660824120045,0.7209596037864685,1.4712008237838745,0.0008661973406560719,64.87425231933594,0.00015236700710374862,6.027812560205348e-05,0.00010388559167040512,0.2260276824235916,0.26124486327171326,0.008071879856288433,0.5251193046569824,1.462280511856079,,,,,
350,model.layers.7.self_attn.o_proj.weight,1024,2048,0.00048828125,0.00027101635350845754,2.0341644287109375,0.00028704077703878284,1.8219560384750366,2.1371206457843073e-05,0.1583760529756546,0.35077527165412903,0.011729412712156773,0.528916597366333,1.437913179397583,0.00044249024358578026,53.56741714477539,5.163978130440228e-06,0.000127603838336654,5.909152241656557e-05,0.16912849247455597,0.32545191049575806,0.0064803799614310265,0.6391174793243408,1.5285276174545288,,,,,
350,model.layers.15.self_attn.q_proj.weight,4096,1024,0.000244140625,0.00018420739797875285,2.581899404525757,2.2386100681615062e-05,0.8017780780792236,0.0005454397178255022,0.2921570837497711,0.16055546700954437,0.004365397617220879,0.39700600504875183,1.5432292222976685,0.00021820739493705332,206.8049774169922,1.387260726914974e-05,0.0001461446372559294,6.13552110735327e-05,0.2240334004163742,0.26607340574264526,0.007517271675169468,0.5045796036720276,1.525493860244751,0.08391430228948593,0.08936919271945953,0.6995355486869812,,
350,model.layers.15.self_attn.k_proj.weight,512,1024,0.0009765625,0.0009754705824889243,2.346703052520752,4.50403786089737e-06,0.8007839918136597,0.00012842060823459178,0.23570288717746735,0.25527656078338623,0.0029377792961895466,0.565027117729187,1.460592269897461,0.0010114428587257862,52.726036071777344,3.6534569517243654e-05,6.848886550869793e-05,5.522160427062772e-05,0.19119003415107727,0.30228927731513977,0.006676526740193367,0.5968002676963806,1.4866201877593994,,,,,
350,model.layers.15.self_attn.v_proj.weight,512,1024,0.0009765625,0.0012218019692227244,1.58637535572052,-0.002152975182980299,0.7128374576568604,0.0001247579202754423,0.3130740821361542,0.1795886904001236,0.0024628848768770695,0.4706234633922577,1.457330346107483,0.0009865846950560808,37.201969146728516,6.387634130078368e-06,5.1874965720344335e-05,6.234980537556112e-05,0.23394976556301117,0.25618866086006165,0.005889905150979757,0.5016576051712036,1.497947096824646,,,,0.36914801597595215,0.3678772449493408
350,model.layers.15.self_attn.o_proj.weight,1024,2048,0.00048828125,0.0004644123837351799,1.9216334819793701,-0.0008924269932322204,1.0343698263168335,2.547312033129856e-05,0.12354129552841187,0.3893926739692688,0.010849082842469215,0.5352360010147095,1.4535579681396484,0.0004398456949274987,94.04551696777344,2.4726192350499332e-05,0.00010380695312051103,8.759571210248396e-05,0.19664421677589417,0.3000401258468628,0.008017413318157196,0.576819658279419,1.5101642608642578,,,,,
350,model.layers.19.self_attn.q_proj.weight,4096,1024,0.000244140625,0.00016806928033474833,3.043351411819458,-0.00023273871920537204,0.299694687128067,0.0005279132747091353,0.2200939953327179,0.2337540239095688,0.00833792146295309,0.44712334871292114,1.5309243202209473,0.00019944079394917935,185.62596130371094,8.413768227910623e-06,0.00014052689948584884,7.959768845466897e-05,0.2192535549402237,0.2712722420692444,0.008301759138703346,0.5145478844642639,1.5309456586837769,0.07171691954135895,0.07758001983165741,0.7921385765075684,,
350,model.layers.19.self_attn.k_proj.weight,512,1024,0.0009765625,0.0009725113632157445,3.754761219024658,-5.704815976059763e-06,0.2689552307128906,0.00019771851657424122,0.21973676979541779,0.2511174976825714,0.010341961868107319,0.5878495573997498,1.3899980783462524,0.0009665859397500753,74.3507080078125,-1.536880517960526e-05,6.220203067641705e-05,5.817069541080855e-05,0.20919527113437653,0.2801542580127716,0.007687412668019533,0.5594582557678223,1.4568517208099365,,,,,
350,model.layers.19.self_attn.v_proj.weight,512,1024,0.0009765625,0.0011343177175149322,1.7106512784957886,0.0024028304032981396,0.21708278357982635,0.001968118129298091,0.12234654277563095,0.30150535702705383,0.008103895001113415,0.7028792500495911,1.438184142112732,0.0008961724815890193,57.44399642944336,1.342807627224829e-05,4.400537727633491e-05,6.864221359137446e-05,0.21403901278972626,0.28355520963668823,0.007939344272017479,0.5150994658470154,1.455568790435791,,,,,
350,model.layers.19.self_attn.o_proj.weight,1024,2048,0.00048828125,0.0005279338220134377,1.422287940979004,0.0005812544259242713,0.5354149341583252,3.8963404222158715e-05,0.050677936524152756,0.5463232398033142,0.0072713266126811504,0.6450668573379517,1.4753265380859375,0.0005026149447076023,99.96073150634766,1.7052763041647268e-06,9.275149932364002e-05,7.794689736329019e-05,0.2071906179189682,0.28590279817581177,0.008701115846633911,0.5408627986907959,1.4649546146392822,,,,,
350,model.layers.1.mlp.gate_proj.weight,3584,1024,0.00027901785714285713,0.00025614170590415597,2.403719902038574,-0.001175913494080305,0.9766202569007874,0.0002629919908940792,0.18596391379833221,0.29346147179603577,0.008541843853890896,0.511009931564331,1.5105253458023071,0.0002799125504679978,267.2003479003906,1.6307420082739554e-05,0.0001335743727395311,0.00010223378922091797,0.23047754168510437,0.2602008581161499,0.009460138157010078,0.5136550664901733,1.5143446922302246,,,,0.43673059344291687,0.4313015639781952
350,model.layers.1.mlp.up_proj.weight,3584,1024,0.00027901785714285713,0.00032656267285346985,2.2976272106170654,-0.000936659169383347,1.5561381578445435,0.00034469531965442,0.17203599214553833,0.3174164295196533,0.011587253771722317,0.5074429512023926,1.5088788270950317,0.0002821406815201044,177.63026428222656,-7.182550689321943e-06,0.00016341729497071356,0.00010149640002055094,0.22920818626880646,0.26121607422828674,0.009877878241240978,0.5026993751525879,1.5110727548599243,,,,,
350,model.layers.1.mlp.down_proj.weight,1024,3584,0.00027901785714285713,0.00026461866218596697,3.665100336074829,-0.0009408491314388812,1.5374469757080078,0.0016415612772107124,0.19693218171596527,0.2739170789718628,0.018562868237495422,0.5253674387931824,1.4268015623092651,0.0002631116658449173,190.56922912597656,5.214671091380296e-06,0.0001678407279541716,9.604424121789634e-05,0.21543124318122864,0.2742665410041809,0.00875071994960308,0.5444992780685425,1.4844658374786377,0.10349301993846893,0.1122591495513916,0.7389752864837646,,
350,model.layers.12.mlp.gate_proj.weight,3584,1024,0.00027901785714285713,0.00018693937454372644,2.811832904815674,-0.00119459826964885,0.8398911356925964,0.00036678629112429917,0.1939937174320221,0.24191154539585114,0.004578487481921911,0.5737647414207458,1.5296077728271484,0.000244349503191188,184.3534698486328,3.7040932511445135e-05,0.000156786001753062,7.356572314165533e-05,0.21499010920524597,0.276256263256073,0.007653961889445782,0.5438247323036194,1.529305338859558,,,,,
350,model.layers.12.mlp.up_proj.weight,3584,1024,0.00027901785714285713,0.0002575278340373188,2.6240170001983643,-0.0007274866802617908,1.3423283100128174,0.00030799760133959353,0.22496165335178375,0.24008190631866455,0.005093004554510117,0.5121304988861084,1.522581934928894,0.0002736668393481523,136.85879516601562,2.184941513405647e-05,0.00017550401389598846,0.00011586486652959138,0.22219647467136383,0.2659168839454651,0.010009381920099258,0.5042500495910645,1.5083211660385132,,,,,
350,model.layers.12.mlp.down_proj.weight,1024,3584,0.00027901785714285713,0.0002648600493557751,4.653608798980713,-0.0007453367579728365,1.3591386079788208,0.0001497997436672449,0.20239382982254028,0.2948126792907715,0.02470421977341175,0.541336178779602,1.4005745649337769,0.00027053957455791533,84.20000457763672,6.792477506678551e-05,0.00019157410133630037,7.670570630580187e-05,0.1946377009153366,0.29603275656700134,0.008015114814043045,0.5863427519798279,1.5083277225494385,0.09250863641500473,0.09100166708230972,0.7467287182807922,,
350,model.layers.22.mlp.gate_proj.weight,3584,1024,0.00027901785714285713,0.0003112454724032432,2.7400312423706055,0.001088353106752038,0.20096169412136078,0.0006872053490951657,0.19089777767658234,0.24964241683483124,0.006599873770028353,0.5502141714096069,1.5223908424377441,0.00023850811703596264,244.9739227294922,3.5806856431008782e-06,0.0001161014661192894,0.00010472815483808517,0.22464028000831604,0.26551684737205505,0.009464163333177567,0.5319318771362305,1.519608497619629,,,,0.32502278685569763,0.3377115726470947
350,model.layers.22.mlp.up_proj.weight,3584,1024,0.00027901785714285713,0.00029451376758515835,2.635209083557129,-3.3527827326906845e-05,0.45219215750694275,0.0007606347207911313,0.18345826864242554,0.284525066614151,0.01090831495821476,0.5658713579177856,1.512987494468689,0.00025802981690503657,206.6318817138672,-4.988740329281427e-06,0.00014681959873996675,0.00011050727334804833,0.23576974868774414,0.25351682305336,0.009617991745471954,0.5030906200408936,1.5129832029342651,,,,,
350,model.layers.22.mlp.down_proj.weight,1024,3584,0.00027901785714285713,0.0004665893502533436,2.7610576152801514,-3.627979458542541e-05,0.43076789379119873,0.00022789619106333703,0.11537858098745346,0.4037627875804901,0.007212793920189142,0.5846865177154541,1.4795931577682495,0.00026473274920135736,130.05776977539062,8.915693797462154e-06,0.00016025674995034933,8.494355279253796e-05,0.22069603204727173,0.2721472978591919,0.009494378231465816,0.5328402519226074,1.4738059043884277,0.07873483002185822,0.0783427432179451,0.7341315150260925,,
350,model.layers.1.linear_attn.in_proj_qkv.weight,6144,1024,0.00016276041666666666,0.00010543545067775995,2.207913398742676,-0.0001598096132511273,0.8764232993125916,0.0003928058431483805,0.20359547436237335,0.2551434636116028,0.005679414141923189,0.514721691608429,1.539005160331726,0.00014973714132793248,249.95004272460938,-1.3733937521465123e-05,0.0001617899542907253,5.8927893405780196e-05,0.22886843979358673,0.2626591920852661,0.006992854177951813,0.5183674693107605,1.5375579595565796,0.12274911999702454,0.12472626566886902,0.7364669442176819,,
350,model.layers.1.linear_attn.out_proj.weight,1024,2048,0.00048828125,0.00029371914570219815,1.3947213888168335,0.0002846971619874239,1.894987940788269,0.0002612491662148386,0.1437995284795761,0.35852813720703125,0.009825537912547588,0.527043879032135,1.4500356912612915,0.0004893352161161602,100.50419616699219,-2.2190856725501362e-06,0.00010928041592705995,6.305969873210415e-05,0.2064201831817627,0.28402817249298096,0.00813431665301323,0.5565401911735535,1.4934895038604736,,,,,
350,model.layers.12.linear_attn.in_proj_qkv.weight,6144,1024,0.00016276041666666666,7.505162648158148e-05,2.244584321975708,8.143068953359034e-06,0.875103771686554,0.00032415875466540456,0.16472718119621277,0.25966960191726685,0.002980106510221958,0.6115549206733704,1.5513161420822144,0.0001340812013950199,180.53138732910156,1.8406921299174428e-05,0.00016758873243816197,6.480584852397442e-05,0.21011626720428467,0.28212887048721313,0.007156254258006811,0.5370486974716187,1.5437358617782593,0.10509299486875534,0.1053553968667984,0.7141228318214417,,
350,model.layers.12.linear_attn.out_proj.weight,1024,2048,0.00048828125,0.0003156827879138291,2.1929931640625,0.00035165000008419156,1.165745735168457,6.275581108639017e-05,0.1691320538520813,0.3285473585128784,0.01467263512313366,0.5394843220710754,1.4254194498062134,0.00045781611697748303,58.564605712890625,1.1050256034650374e-05,0.00013206149742472917,4.8815749323694035e-05,0.18528734147548676,0.30999600887298584,0.007558432873338461,0.5981543660163879,1.4970909357070923,,,,,
350,model.layers.21.linear_attn.in_proj_qkv.weight,6144,1024,0.00016276041666666666,9.826377936406061e-05,2.972461223602295,-0.00011413884203648195,0.21304982900619507,0.0009143642382696271,0.2010573148727417,0.24143025279045105,0.008187441155314445,0.5421427488327026,1.5344619750976562,0.00013849315291736275,334.13671875,1.0235252375423443e-05,0.00015261363296303898,7.525361434090883e-05,0.22750945389270782,0.2628474533557892,0.007354660425335169,0.5296847224235535,1.5361037254333496,0.09670446813106537,0.10189822316169739,0.702420711517334,,
350,model.layers.21.linear_attn.out_proj.weight,1024,2048,0.00048828125,0.0003351075865793973,3.6734771728515625,-0.0007045787642709911,0.36728477478027344,0.00020493933698162436,0.15074805915355682,0.3549366891384125,0.012370810844004154,0.550106942653656,1.4479340314865112,0.0004249510238878429,121.84896850585938,3.5303983167978004e-05,0.00012280051305424422,0.00011371759319445118,0.21727493405342102,0.275279700756073,0.008664133958518505,0.5248401761054993,1.4706236124038696,,,,,
375,model.layers.7.self_attn.q_proj.weight,4096,1024,0.000244140625,0.00020152701472397894,3.2047781944274902,-0.0009386984747834504,0.4099910259246826,0.0005668746307492256,0.17632779479026794,0.2689271569252014,0.006647812202572823,0.549866795539856,1.5354889631271362,0.00019198705558665097,229.84593200683594,1.6283585864584893e-05,0.0001589244930073619,6.428649794543162e-05,0.22056998312473297,0.2714601457118988,0.008464662358164787,0.5279116034507751,1.5276368856430054,0.0722041055560112,0.07288613170385361,0.8176836967468262,0.30736616253852844,0.3102959096431732
375,model.layers.7.self_attn.k_proj.weight,512,1024,0.0009765625,0.0010003553470596671,4.141438961029053,-3.4603936001076363e-06,0.29079869389533997,0.0006731856265105307,0.16716143488883972,0.2719534635543823,0.025961127132177353,0.6698811054229736,1.3185011148452759,0.0008609688375145197,82.17642974853516,1.7650772861088626e-05,6.925613706698641e-05,9.635717287892476e-05,0.21282801032066345,0.27156391739845276,0.009111782535910606,0.5441493391990662,1.4001950025558472,,,,,
375,model.layers.7.self_attn.v_proj.weight,512,1024,0.0009765625,0.0007528042769990861,2.298851490020752,0.000999212497845292,0.5998408794403076,0.00016868430247996002,0.14286954700946808,0.2649243175983429,0.00256820535287261,0.7261560559272766,1.4720375537872314,0.0009189802804030478,39.21381378173828,3.2336167350877076e-05,6.438923446694389e-05,9.940454765455797e-05,0.23414857685565948,0.25322747230529785,0.007573652546852827,0.5148760080337524,1.4474362134933472,,,,,
375,model.layers.7.self_attn.o_proj.weight,1024,2048,0.00048828125,0.00025920633925125003,2.3147928714752197,0.000326808774843812,0.9861773252487183,2.6038929718197323e-05,0.15531335771083832,0.3484153747558594,0.010814165696501732,0.527839720249176,1.453415036201477,0.0005258868332020938,89.0746078491211,8.338195584656205e-06,0.00012896304542664438,5.370798317017034e-05,0.18179170787334442,0.315993994474411,0.006855411920696497,0.6114603281021118,1.5223931074142456,,,,,
375,model.layers.15.self_attn.q_proj.weight,4096,1024,0.000244140625,0.0001312973181484267,3.320960760116577,0.00010329473298043013,0.4359032213687897,0.00017731808475218713,0.21928465366363525,0.2407332807779312,0.0030270186252892017,0.4505968987941742,1.5446949005126953,0.00021898203704040498,175.44410705566406,1.103952763514826e-05,0.0001578508672537282,5.9013895224779844e-05,0.2203303426504135,0.27015674114227295,0.00751504534855485,0.5072987079620361,1.530824065208435,0.07922414690256119,0.08627147227525711,0.8120323419570923,,
375,model.layers.15.self_attn.k_proj.weight,512,1024,0.0009765625,0.0012136567384004593,4.32059383392334,-8.669741873745807e-06,0.3602740466594696,0.0006880714208818972,0.24175547063350677,0.23416927456855774,0.006608417257666588,0.5571693778038025,1.431099534034729,0.0009697023197077215,67.60234069824219,3.966126314480789e-05,6.855854007881135e-05,9.003705781651661e-05,0.19748693704605103,0.29501304030418396,0.008139959536492825,0.5762354731559753,1.4484061002731323,,,,,
375,model.layers.15.self_attn.v_proj.weight,512,1024,0.0009765625,0.0009608295513316989,2.120257616043091,-0.0004947696579620242,0.31813445687294006,0.00032029193243943155,0.195521742105484,0.24177083373069763,0.004027149640023708,0.628780722618103,1.4406695365905762,0.0009121873881667852,79.89234161376953,8.955534212873317e-06,5.117201362736523e-05,7.374794222414494e-05,0.22275564074516296,0.26742398738861084,0.008335151709616184,0.5199393033981323,1.4650063514709473,,,,0.305075079202652,0.2806021273136139
375,model.layers.15.self_attn.o_proj.weight,1024,2048,0.00048828125,0.0003835964307654649,1.9730225801467896,-0.00015966806677170098,0.598051905632019,3.0255729143391363e-05,0.0952935665845871,0.44017472863197327,0.013591505587100983,0.5742225050926208,1.4399869441986084,0.00046344895963557065,82.84657287597656,3.302203185739927e-05,0.0001147723596659489,7.639888644916937e-05,0.1915140002965927,0.30590295791625977,0.007793772500008345,0.5841690301895142,1.5088142156600952,,,,,
375,model.layers.19.self_attn.q_proj.weight,4096,1024,0.000244140625,0.00019082488142885268,2.675783157348633,-5.8480949519434944e-05,0.2305518239736557,0.00018641821225173771,0.2482675462961197,0.20930323004722595,0.005101275164633989,0.3900885283946991,1.53421151638031,0.00021046059555374086,156.7449188232422,1.4952604942664038e-05,0.0001517503260402009,6.793306238250807e-05,0.21684928238391876,0.2738781273365021,0.00813666358590126,0.5189186334609985,1.5294880867004395,0.08527354151010513,0.0914604589343071,0.8369491696357727,,
375,model.layers.19.self_attn.k_proj.weight,512,1024,0.0009765625,0.0009199547930620611,3.88802170753479,-1.1800665333794313e-06,0.22203676402568817,0.0002841578680090606,0.26278284192085266,0.2172105312347412,0.01454121433198452,0.5194099545478821,1.3500078916549683,0.0008699995814822614,61.90900421142578,1.9333103409735486e-05,6.733534974046052e-05,3.063117401325144e-05,0.20356476306915283,0.2884872853755951,0.007901003584265709,0.5728617310523987,1.4617639780044556,,,,,
375,model.layers.19.self_attn.v_proj.weight,512,1024,0.0009765625,0.0006855287356302142,1.7905535697937012,-0.00039620246388949454,0.14759314060211182,9.429791680304334e-05,0.12706880271434784,0.28022876381874084,0.0026764303911477327,0.7042239904403687,1.4509142637252808,0.0009175516897812486,51.70307159423828,-3.1499157557846047e-06,4.891207936452702e-05,8.756667375564575e-05,0.21075306832790375,0.2826276123523712,0.00937957875430584,0.5226254463195801,1.424383521080017,,,,,
375,model.layers.19.self_attn.o_proj.weight,1024,2048,0.00048828125,0.0005290776607580483,1.6194190979003906,-0.00011588330380618572,0.29109394550323486,3.3706266549415886e-05,0.05732857435941696,0.5564454197883606,0.0049039749428629875,0.6817774176597595,1.4815654754638672,0.0004503564559854567,131.7406768798828,-1.9073964097060525e-07,9.936365677276626e-05,7.092013402143493e-05,0.20808906853199005,0.2828291058540344,0.008591427467763424,0.5375556945800781,1.4728525876998901,,,,,
375,model.layers.1.mlp.gate_proj.weight,3584,1024,0.00027901785714285713,0.0008362724911421537,2.4475443363189697,0.0002023433189606294,0.501433253288269,0.0003425787144806236,0.17831864953041077,0.3071218430995941,0.009079284965991974,0.5307510495185852,1.515601396560669,0.00027378209051676095,233.59640502929688,1.190061720990343e-05,0.00014043241390027106,0.00010860518523259088,0.23102307319641113,0.2598040997982025,0.009401016868650913,0.512849748134613,1.5193113088607788,,,,0.2725415825843811,0.2770534157752991
375,model.layers.1.mlp.up_proj.weight,3584,1024,0.00027901785714285713,0.0003385668096598238,2.450547695159912,-0.0002425216807750985,0.8080160617828369,0.00015285896370187402,0.16575951874256134,0.32381510734558105,0.008883859030902386,0.511495053768158,1.5065803527832031,0.0002854678896255791,143.44471740722656,3.37302299158182e-05,0.00017645879415795207,0.00010635054059093818,0.23044848442077637,0.2588077783584595,0.009765797294676304,0.5001802444458008,1.5131738185882568,,,,,
375,model.layers.1.mlp.down_proj.weight,1024,3584,0.00027901785714285713,0.00028338978881947696,4.092537879943848,-0.0002511015045456588,0.783981442451477,0.0010181275429204106,0.19929559528827667,0.26832231879234314,0.016467947512865067,0.522736668586731,1.4412001371383667,0.0002828344877343625,184.46580505371094,1.5933690519887023e-05,0.00018410930351819843,9.394864900968969e-05,0.21268972754478455,0.27556151151657104,0.008841577917337418,0.5474457144737244,1.4771679639816284,0.07841427624225616,0.07141878455877304,0.8418519496917725,,
375,model.layers.12.mlp.gate_proj.weight,3584,1024,0.00027901785714285713,0.00022313267982099205,3.0180015563964844,0.0009207441471517086,0.5072803497314453,0.0008120164275169373,0.1865522414445877,0.24384573101997375,0.006700824946165085,0.5729544162750244,1.524754524230957,0.0002475182118359953,200.5145721435547,1.692052865109872e-05,0.00017248286167159677,6.023421519785188e-05,0.21684424579143524,0.27658289670944214,0.007848113775253296,0.5421964526176453,1.5241416692733765,,,,,
375,model.layers.12.mlp.up_proj.weight,3584,1024,0.00027901785714285713,0.00025511422427371144,2.8401365280151367,0.000511020072735846,0.795703649520874,0.0005900668329559267,0.22852855920791626,0.23620527982711792,0.009241054765880108,0.49628496170043945,1.514922022819519,0.00029565731529146433,177.78114318847656,4.910483767162077e-06,0.0001919199712574482,0.00010296193067915738,0.22381068766117096,0.26448389887809753,0.009899717755615711,0.5038231015205383,1.5150877237319946,,,,,
375,model.layers.12.mlp.down_proj.weight,1024,3584,0.00027901785714285713,0.0002656361903063953,4.7431159019470215,0.0005323883960954845,0.7865800261497498,0.00015350503963418305,0.23201648890972137,0.2537498474121094,0.020322155207395554,0.4796725809574127,1.403940200805664,0.0002685968647710979,133.65940856933594,-4.473006811167579e-06,0.00020632312225643545,7.55036817281507e-05,0.1963232457637787,0.29353243112564087,0.007925113663077354,0.5850173234939575,1.516577959060669,0.07582204043865204,0.08150556683540344,0.8376232981681824,,
375,model.layers.22.mlp.gate_proj.weight,3584,1024,0.00027901785714285713,0.00023717150907032192,3.0730202198028564,0.0002068657922791317,0.12546105682849884,0.0007333315443247557,0.1653485894203186,0.2779715061187744,0.006476901471614838,0.580341100692749,1.5239624977111816,0.00023819069610908628,223.53123474121094,7.5140551416552626e-06,0.00012940929445903748,8.984297164715827e-05,0.22471019625663757,0.2665221393108368,0.009408211335539818,0.5319392085075378,1.522744059562683,,,,0.3076626658439636,0.3183225989341736
375,model.layers.22.mlp.up_proj.weight,3584,1024,0.00027901785714285713,0.00026560784317553043,2.7903075218200684,-0.0007015313603915274,0.28239747881889343,0.000889741291757673,0.16287606954574585,0.30623066425323486,0.010664807632565498,0.6020447611808777,1.5199661254882812,0.00028182644746266305,180.38194274902344,3.617964466684498e-05,0.00016905613301787525,0.00011677680595312268,0.23444749414920807,0.25517845153808594,0.009443296119570732,0.5046848058700562,1.513372778892517,,,,,
375,model.layers.22.mlp.down_proj.weight,1024,3584,0.00027901785714285713,0.0003895700501743704,2.569387197494507,-0.0008071151678450406,0.2681664228439331,0.00037784711457788944,0.10211165249347687,0.42481884360313416,0.01458844356238842,0.6028082370758057,1.462613582611084,0.0002702728088479489,128.47488403320312,4.82916075270623e-05,0.0001817764132283628,7.766905764583498e-05,0.21969246864318848,0.2720041275024414,0.008783943019807339,0.5321085453033447,1.4787131547927856,0.07286374270915985,0.08028354495763779,0.8182877898216248,,
375,model.layers.1.linear_attn.in_proj_qkv.weight,6144,1024,0.00016276041666666666,0.00014352450671140105,2.4190385341644287,0.00026380136841908097,0.4332098364830017,0.0007001591147854924,0.19952228665351868,0.25157153606414795,0.007496119011193514,0.5037588477134705,1.5386106967926025,0.00015468923083972186,270.6358337402344,8.900222383090295e-06,0.00016458125901408494,5.553475784836337e-05,0.22804875671863556,0.2637332081794739,0.0069792186841368675,0.520742654800415,1.5361217260360718,0.07491707801818848,0.06845458596944809,0.8257203102111816,,
375,model.layers.1.linear_attn.out_proj.weight,1024,2048,0.00048828125,0.00028315401868894696,1.3611462116241455,-0.0005737085593864322,1.0023102760314941,0.00022802813327871263,0.14129899442195892,0.3437003493309021,0.0085373530164361,0.496408611536026,1.4358110427856445,0.000444613368017599,114.98587799072266,3.2122563425218686e-05,0.0001154593555838801,9.16096760192886e-05,0.20701304078102112,0.28290191292762756,0.008402232080698013,0.555699348449707,1.4902552366256714,,,,,
375,model.layers.12.linear_attn.in_proj_qkv.weight,6144,1024,0.00016276041666666666,7.580308010801673e-05,2.5331764221191406,0.00010976393969031051,0.49395129084587097,0.0003288477601017803,0.1623557209968567,0.25882211327552795,0.003122215159237385,0.6150169372558594,1.5507004261016846,0.00015386153245344758,231.53573608398438,7.241210369102191e-06,0.000170773797435686,6.495647539850324e-05,0.21249182522296906,0.28153127431869507,0.007055563852190971,0.5361364483833313,1.543208122253418,0.07510159909725189,0.08141931891441345,0.8029212951660156,,
375,model.layers.12.linear_attn.out_proj.weight,1024,2048,0.00048828125,0.0003228095592930913,2.286109685897827,0.0006233020685613155,0.6967848539352417,4.250542770023458e-05,0.173549622297287,0.3236798346042633,0.019536077976226807,0.5128829479217529,1.4201115369796753,0.00045177567517384887,84.21250915527344,3.630743231042288e-05,0.0001374983403366059,4.035406527691521e-05,0.18824012577533722,0.30671608448028564,0.007429096382111311,0.5939853191375732,1.4960604906082153,,,,,
375,model.layers.21.linear_attn.in_proj_qkv.weight,6144,1024,0.00016276041666666666,0.00011242085020057857,3.390177011489868,-0.00036424913560040295,0.1094348356127739,0.0006245123222470284,0.19929413497447968,0.2387751191854477,0.00725367059931159,0.5549530386924744,1.5385795831680298,0.0001505589607404545,332.4180603027344,1.351558148598997e-05,0.0001562280231155455,8.002645336091518e-05,0.22972427308559418,0.2621394097805023,0.007715909276157618,0.5247761607170105,1.5355331897735596,0.09435232728719711,0.08883444964885712,0.8470222353935242,,
375,model.layers.21.linear_attn.out_proj.weight,1024,2048,0.00048828125,0.0003674644394777715,2.9516854286193848,-0.000634079216979444,0.18595901131629944,0.000150486477650702,0.1501992642879486,0.35267993807792664,0.009473598562180996,0.550704836845398,1.4733974933624268,0.0004134244518354535,106.35163879394531,3.406027826713398e-05,0.0001298885908909142,6.96073257131502e-05,0.2158716470003128,0.276039183139801,0.008605793118476868,0.5240350961685181,1.47945237159729,,,,,
400,model.layers.7.self_attn.q_proj.weight,4096,1024,0.000244140625,0.00023587595205754042,4.479012966156006,-0.0014800739008933306,0.5450872182846069,0.003947618417441845,0.186393141746521,0.2368418127298355,0.01741941273212433,0.5156248807907104,1.5312238931655884,0.0001900595671031624,210.38534545898438,2.9057060601189733e-05,0.00016024809156078845,7.498222112189978e-05,0.22474221885204315,0.2676491439342499,0.008335022255778313,0.5234074592590332,1.5275706052780151,0.08007492125034332,0.077852264046669,0.8600406050682068,0.2961536645889282,0.2862996459007263
400,model.layers.7.self_attn.k_proj.weight,512,1024,0.0009765625,0.001180283259600401,3.889989137649536,-3.3959966003749287e-06,0.39118537306785583,0.0014907883014529943,0.16289551556110382,0.2680019736289978,0.03124532289803028,0.6643220782279968,1.3068524599075317,0.0009561458718962967,93.93431091308594,2.0481678802752867e-05,6.856126128695905e-05,0.00011603464372456074,0.20536024868488312,0.2812052369117737,0.008886110968887806,0.5587165355682373,1.4200206995010376,,,,,
400,model.layers.7.self_attn.v_proj.weight,512,1024,0.0009765625,0.0008826681296341121,2.2798922061920166,0.000725842546671629,0.8193390369415283,0.00024028609914239496,0.14417167007923126,0.2584022879600525,0.0034842882305383682,0.7242965698242188,1.4646910429000854,0.0008780882926657796,57.144142150878906,5.9518039051909e-05,6.839515117462724e-05,0.00011015045311069116,0.23564887046813965,0.2500280737876892,0.006978423800319433,0.5095837116241455,1.4878654479980469,,,,,
400,model.layers.7.self_attn.o_proj.weight,1024,2048,0.00048828125,0.0002303796063642949,2.2033538818359375,0.00024367320293094963,1.2934894561767578,2.9789718610118143e-05,0.1671234667301178,0.3203034996986389,0.016056478023529053,0.48373380303382874,1.4311343431472778,0.00042301288340240717,63.247657775878906,3.3038973924703896e-05,0.0001417045423295349,3.904281766153872e-05,0.1730099767446518,0.32360947132110596,0.0064233518205583096,0.630216121673584,1.5303314924240112,,,,,
400,model.layers.15.self_attn.q_proj.weight,4096,1024,0.000244140625,0.0001262817095266655,2.742391586303711,-0.00021197667228989303,0.49317237734794617,0.00037035340210422873,0.21782386302947998,0.23554770648479462,0.004631399177014828,0.4553796350955963,1.5434330701828003,0.000223232273128815,230.84188842773438,1.287558552576229e-05,0.00015195610467344522,6.479308649431914e-05,0.22050435841083527,0.2708587050437927,0.008126407861709595,0.5075110197067261,1.524634599685669,0.07851582765579224,0.07097573578357697,0.8549638390541077,,
400,model.layers.15.self_attn.k_proj.weight,512,1024,0.0009765625,0.0010066722752526402,4.852754592895508,-1.8945765987155028e-06,0.4064423739910126,3.0270632123574615e-05,0.27494576573371887,0.21063633263111115,0.004028753377497196,0.5139265060424805,1.4564601182937622,0.0008271653205156326,48.740821838378906,4.258723129169084e-05,6.36614058748819e-05,6.77558418828994e-05,0.19875533878803253,0.2932504713535309,0.00750792445614934,0.5735374689102173,1.451716423034668,,,,,
400,model.layers.15.self_attn.v_proj.weight,512,1024,0.0009765625,0.0008572483202442527,1.9148824214935303,-0.0023869650904089212,0.40635859966278076,0.00016438208695035428,0.1604190319776535,0.2690642476081848,0.0030496022664010525,0.6919750571250916,1.4573830366134644,0.0009416286484338343,87.01152038574219,3.349782855366357e-05,5.382113886298612e-05,7.684492447879165e-05,0.23067857325077057,0.2593654692173004,0.007619988638907671,0.5164973139762878,1.4914491176605225,,,,0.299308180809021,0.2882230281829834
400,model.layers.15.self_attn.o_proj.weight,1024,2048,0.00048828125,0.00040566123789176345,1.8283780813217163,-0.0008336694445461035,0.6943164467811584,2.8522952561615966e-05,0.09201385825872421,0.4429771900177002,0.029261235147714615,0.575737714767456,1.4174078702926636,0.0004913370939902961,100.599609375,2.978971133416053e-05,0.00012048033386236057,7.39425522624515e-05,0.19354596734046936,0.3024818003177643,0.008056935854256153,0.5796827077865601,1.507914662361145,,,,,
400,model.layers.19.self_attn.q_proj.weight,4096,1024,0.000244140625,0.00017246254719793797,3.0148391723632812,0.00020499822858255357,0.26318371295928955,0.0006349627510644495,0.24054627120494843,0.216074138879776,0.008565571159124374,0.40270859003067017,1.531697154045105,0.000203116491320543,221.40940856933594,-9.69474172052287e-07,0.00015216234896797687,6.988165114307776e-05,0.2198343575000763,0.2716064453125,0.008256088942289352,0.5162967443466187,1.5254844427108765,0.08280399441719055,0.07943131029605865,0.8414574265480042,,
400,model.layers.19.self_attn.k_proj.weight,512,1024,0.0009765625,0.0009696563356555998,3.988844871520996,7.446305062330794e-06,0.27176347374916077,0.0006215788889676332,0.26021426916122437,0.21493735909461975,0.014481399208307266,0.542593240737915,1.3614600896835327,0.0010562395909801126,86.39339447021484,-1.9174305634805933e-05,6.23419982730411e-05,9.724580741021782e-05,0.20847603678703308,0.2799852788448334,0.007978307083249092,0.5651108622550964,1.457061767578125,,,,,
400,model.layers.19.self_attn.v_proj.weight,512,1024,0.0009765625,0.0007455099257640541,1.664958119392395,-0.0024501406587660313,0.1855894774198532,0.0008616148843429983,0.14914901554584503,0.2667746841907501,0.00477130152285099,0.6725319623947144,1.425958275794983,0.000927358865737915,60.012027740478516,-1.0491514331079088e-05,5.264413994154893e-05,6.594161823159084e-05,0.201558917760849,0.2954542636871338,0.00949890911579132,0.5319593548774719,1.4366258382797241,,,,,
400,model.layers.19.self_attn.o_proj.weight,1024,2048,0.00048828125,0.00045692105777561665,1.5718984603881836,-0.0007980663212947547,0.34237003326416016,8.276154403574765e-05,0.06353694945573807,0.5235867500305176,0.008288388140499592,0.6491947770118713,1.4706224203109741,0.0004766202764585614,105.4885025024414,6.1682958403253e-06,0.00010292648948961869,9.772799967322499e-05,0.20619367063045502,0.28665459156036377,0.008752898313105106,0.5379652976989746,1.4728147983551025,,,,,
400,model.layers.1.mlp.gate_proj.weight,3584,1024,0.00027901785714285713,0.0005023048724979162,2.5529515743255615,0.0003269411390647292,0.6673327088356018,0.0001599309907760471,0.18450488150119781,0.30051687359809875,0.006870451848953962,0.5189558267593384,1.5130120515823364,0.000254512473475188,246.2992706298828,2.0465253328438848e-05,0.00015819042164366692,0.00011144705058541149,0.2334325909614563,0.2571353018283844,0.009530164301395416,0.5110628604888916,1.5131694078445435,,,,0.2819201946258545,0.28004133701324463
400,model.layers.1.mlp.up_proj.weight,3584,1024,0.00027901785714285713,0.0003105502692051232,2.4968533515930176,0.0003566340310499072,1.0690584182739258,0.00016035328735597432,0.1656983494758606,0.3320823013782501,0.00822144839912653,0.5173631906509399,1.5156214237213135,0.0003153809520881623,143.91006469726562,6.080244929762557e-05,0.0001959431974682957,7.826857472537085e-05,0.23189084231853485,0.25826239585876465,0.009798281826078892,0.5016226768493652,1.5096029043197632,,,,,
400,model.layers.1.mlp.down_proj.weight,1024,3584,0.00027901785714285713,0.0002652827533893287,4.234930038452148,0.00036430032923817635,1.0361571311950684,0.0006056269048713148,0.20291924476623535,0.26370108127593994,0.01344368513673544,0.5159058570861816,1.4431099891662598,0.00027576388674788177,187.51808166503906,8.027667354326695e-05,0.00020118392421863973,8.481067925458774e-05,0.21519647538661957,0.27375492453575134,0.008511417545378208,0.5451284050941467,1.483350396156311,0.09493953734636307,0.09694146364927292,0.8735087513923645,,
400,model.layers.12.mlp.gate_proj.weight,3584,1024,0.00027901785714285713,0.0002120372955687344,2.7760839462280273,0.0014292617561295629,0.5211439728736877,0.0008196060080081224,0.19452355802059174,0.2416050285100937,0.007030882872641087,0.5650279521942139,1.5289472341537476,0.0002372030430706218,152.96839904785156,2.0013296307297423e-05,0.00017222414317075163,9.329699969384819e-05,0.2159009873867035,0.27672019600868225,0.007553069852292538,0.5439473986625671,1.5284502506256104,,,,,
400,model.layers.12.mlp.up_proj.weight,3584,1024,0.00027901785714285713,0.00026185301248915493,2.7775518894195557,0.0009753602789714932,0.8125372529029846,0.0004436777962837368,0.22702312469482422,0.24223925173282623,0.008532647043466568,0.5019564628601074,1.5160613059997559,0.0002973981318064034,142.74331665039062,4.271231955499388e-05,0.0001938951900228858,8.565035386709496e-05,0.2237783670425415,0.2653653621673584,0.009778551757335663,0.5043243765830994,1.508670449256897,,,,,
400,model.layers.12.mlp.down_proj.weight,1024,3584,0.00027901785714285713,0.00024746338021941483,4.677712440490723,0.0010178230004385114,0.8024191856384277,0.00013129263243172318,0.21453027427196503,0.2697708308696747,0.02658233605325222,0.5057239532470703,1.390140414237976,0.0002705919905565679,102.9864730834961,6.238453352125362e-05,0.00021313564502634108,6.136304727988318e-05,0.19621072709560394,0.293698787689209,0.007915744557976723,0.5841084718704224,1.5177861452102661,0.07406780868768692,0.07917586714029312,0.8868396282196045,,
400,model.layers.22.mlp.gate_proj.weight,3584,1024,0.00027901785714285713,0.00021830589685123414,3.0662825107574463,-0.000267151219304651,0.142257958650589,0.0004342751926742494,0.17337574064731598,0.27843746542930603,0.005377465859055519,0.5756800770759583,1.529642105102539,0.0002447698498144746,263.4315185546875,5.767841230408521e-06,0.000128375890199095,0.0001052597799571231,0.2245795726776123,0.2653098702430725,0.009314400143921375,0.5295265316963196,1.5214159488677979,,,,0.2993159294128418,0.3113189935684204
400,model.layers.22.mlp.up_proj.weight,3584,1024,0.00027901785714285713,0.00021792955521959811,2.822748899459839,0.00011343500955263153,0.3183777928352356,0.0007829543901607394,0.16957348585128784,0.30787211656570435,0.010939444415271282,0.5796982049942017,1.5137321949005127,0.0002529329794924706,203.02120971679688,3.357986861374229e-05,0.0001613971107872203,0.00010220202966593206,0.23451408743858337,0.2557612359523773,0.009777345694601536,0.5066385269165039,1.5162169933319092,,,,,
400,model.layers.22.mlp.down_proj.weight,1024,3584,0.00027901785714285713,0.0003987595846410841,2.820681571960449,0.00014304737851489335,0.285174161195755,0.00018753275799099356,0.11284264177083969,0.4043461084365845,0.006144420243799686,0.5839174389839172,1.4719505310058594,0.000258670246694237,135.17727661132812,1.527533072476217e-06,0.00017291672702413052,0.00010476834722794592,0.22556662559509277,0.2641012966632843,0.009186327457427979,0.5192188024520874,1.4547226428985596,0.07783888280391693,0.07004062086343765,0.8313359022140503,,
400,model.layers.1.linear_attn.in_proj_qkv.weight,6144,1024,0.00016276041666666666,9.775986836757511e-05,2.27768611907959,2.404743281658739e-05,0.5861245393753052,0.000850205309689045,0.19017958641052246,0.2671428620815277,0.008261061273515224,0.5320478081703186,1.5343632698059082,0.000143430195748806,201.01551818847656,3.219089558115229e-05,0.00018412424833513796,7.220959378173575e-05,0.22855685651302338,0.26348748803138733,0.007003769278526306,0.5205239653587341,1.5396636724472046,0.08845523744821548,0.09705126285552979,0.8517595529556274,,
400,model.layers.1.linear_attn.out_proj.weight,1024,2048,0.00048828125,0.00017009601288009435,1.3721837997436523,5.452657205751166e-05,1.316607117652893,0.00029326012008823454,0.13901165127754211,0.34851038455963135,0.010566986165940762,0.5085396766662598,1.4371486902236938,0.0004445074882823974,125.40629577636719,3.4558695915620774e-05,0.00012815743684768677,7.303618622245267e-05,0.21094290912151337,0.2803488075733185,0.008678218349814415,0.5514628887176514,1.4876221418380737,,,,,
400,model.layers.12.linear_attn.in_proj_qkv.weight,6144,1024,0.00016276041666666666,7.094287138897926e-05,2.380811929702759,-0.00013617801596410573,0.5546023845672607,0.0009828666225075722,0.16839496791362762,0.2509230673313141,0.004910525865852833,0.5918319225311279,1.5531463623046875,0.00013942649820819497,183.58836364746094,2.2767490008845925e-05,0.0001787058572517708,6.054865662008524e-05,0.20982109010219574,0.28256577253341675,0.00700384471565485,0.5407295227050781,1.545387625694275,0.08382531255483627,0.07999023050069809,0.8380780220031738,,
400,model.layers.12.linear_attn.out_proj.weight,1024,2048,0.00048828125,0.00031365419272333384,2.3347926139831543,0.00025719357654452324,0.7115058898925781,6.886423943797126e-05,0.17717444896697998,0.3119167685508728,0.021079830825328827,0.4965793192386627,1.4116591215133667,0.00041597444214858115,62.4267463684082,3.701792229549028e-05,0.00014186231419444084,5.2297658839961514e-05,0.18649999797344208,0.3076034486293793,0.007369902916252613,0.5955594778060913,1.4857066869735718,,,,,
400,model.layers.21.linear_attn.in_proj_qkv.weight,6144,1024,0.00016276041666666666,0.00011256001744186506,3.1647300720214844,-9.037517156684771e-05,0.11249048262834549,0.0007639409741386771,0.19399498403072357,0.24161288142204285,0.00718607846647501,0.5354510545730591,1.5361677408218384,0.00015285845438484102,329.2488098144531,-5.969675385131268e-06,0.00014967781316954643,5.4547715990338475e-05,0.22792036831378937,0.2639222741127014,0.007877522148191929,0.5267761945724487,1.5362217426300049,0.08955010026693344,0.08912420272827148,0.8651741743087769,,
400,model.layers.21.linear_attn.out_proj.weight,1024,2048,0.00048828125,0.0004057448823004961,2.968428134918213,-0.00025644132983870804,0.18754860758781433,0.0001557768991915509,0.14688068628311157,0.3554219603538513,0.008158763870596886,0.5490236282348633,1.4707878828048706,0.0004544888506643474,107.7684555053711,3.4721385873126565e-06,0.00012782294652424753,7.983196701388806e-05,0.2179710566997528,0.27381137013435364,0.009086278267204762,0.5178436040878296,1.479661226272583,,,,,
425,model.layers.7.self_attn.q_proj.weight,4096,1024,0.000244140625,0.00016690322081558406,3.392611503601074,0.0011395561741665006,0.5119382739067078,0.0012316479114815593,0.18582268059253693,0.2498577982187271,0.010621365159749985,0.5232200622558594,1.531919002532959,0.00020420544024091214,239.1350555419922,2.9821123916917713e-06,0.00014875576016493142,9.371583291795105e-05,0.22346560657024384,0.26975110173225403,0.008324909955263138,0.5239157676696777,1.5267078876495361,0.08057181537151337,0.07214328646659851,0.873345673084259,0.2176462709903717,0.21734556555747986
425,model.layers.7.self_attn.k_proj.weight,512,1024,0.0009765625,0.0009816635865718126,3.351402997970581,-3.1790930279385066e-06,0.3879587650299072,0.00110351643525064,0.13461777567863464,0.27477699518203735,0.019383305683732033,0.7306763529777527,1.3315361738204956,0.0010161404497921467,96.47149658203125,5.558551856665872e-05,5.879201489733532e-05,0.00014357530744746327,0.20954832434654236,0.2732297480106354,0.008639507927000523,0.5543317198753357,1.425763487815857,,,,,
425,model.layers.7.self_attn.v_proj.weight,512,1024,0.0009765625,0.0009097105939872563,2.4729819297790527,-0.0018852646462619305,0.7140735983848572,0.0004579028463922441,0.15472422540187836,0.24348458647727966,0.004246175289154053,0.7090171575546265,1.4675203561782837,0.0009134752326644957,68.75829315185547,-1.1074375834141392e-05,5.7712521083885804e-05,6.775938527425751e-05,0.2291538119316101,0.25818631052970886,0.006890913471579552,0.5270884037017822,1.4822345972061157,,,,,
425,model.layers.7.self_attn.o_proj.weight,1024,2048,0.00048828125,0.0002503958821762353,2.30717134475708,-0.0005954404477961361,1.1938858032226562,2.016301004914567e-05,0.16224801540374756,0.33959120512008667,0.01146810594946146,0.5178329348564148,1.4270241260528564,0.0004803550255019218,82.93257904052734,1.3908370419812854e-05,0.00012963177869096398,5.571679866989143e-05,0.17850163578987122,0.31554362177848816,0.006850394885987043,0.6218408942222595,1.5248522758483887,,,,,
425,model.layers.15.self_attn.q_proj.weight,4096,1024,0.000244140625,0.0001228430337505415,2.8070621490478516,-1.5877642454142915e-06,0.5338676571846008,0.00034084924845956266,0.21474051475524902,0.23502318561077118,0.004121274687349796,0.44474586844444275,1.5448483228683472,0.0002020556858042255,211.5269012451172,1.4017737157701049e-05,0.0001590848551131785,4.475428067962639e-05,0.22163452208042145,0.26924046874046326,0.007637631148099899,0.5029981732368469,1.533361792564392,0.06675276160240173,0.07051055133342743,0.8347362279891968,,
425,model.layers.15.self_attn.k_proj.weight,512,1024,0.0009765625,0.0008438981603831053,4.269802093505859,1.3153454347047955e-05,0.45796120166778564,4.7926685510901734e-05,0.26435261964797974,0.23268015682697296,0.0037574523594230413,0.5248317718505859,1.4622150659561157,0.0008868936565704644,88.9339828491211,-8.993822120828554e-06,7.08717925590463e-05,5.952930951025337e-05,0.2023525834083557,0.2942306101322174,0.006924774032086134,0.5755550861358643,1.4637835025787354,,,,,
425,model.layers.15.self_attn.v_proj.weight,512,1024,0.0009765625,0.0007905218517407775,1.9127988815307617,0.000827000243589282,0.438192218542099,0.00024650213890708983,0.179697185754776,0.2629459500312805,0.0030446602031588554,0.6534602046012878,1.456554651260376,0.0009306009742431343,74.2434310913086,-3.352927524247207e-05,5.3034251322969794e-05,6.430631037801504e-05,0.23401236534118652,0.25912392139434814,0.008127836510539055,0.5068995952606201,1.4752024412155151,,,,0.2536175549030304,0.25217369198799133
425,model.layers.15.self_attn.o_proj.weight,1024,2048,0.00048828125,0.0003528540546540171,1.9088214635849,0.00028252435731701553,0.7773427367210388,2.6873267415794544e-05,0.09772651642560959,0.45062199234962463,0.013308888301253319,0.583701491355896,1.42226243019104,0.00046786892926320434,104.72496795654297,1.1571870345505886e-05,0.00011672885011648759,7.062318763928488e-05,0.20018784701824188,0.2951488196849823,0.008156540803611279,0.5704197883605957,1.5046945810317993,,,,,
425,model.layers.19.self_attn.q_proj.weight,4096,1024,0.000244140625,0.00017474872583989054,3.160710096359253,-0.000839811225887388,0.2813819944858551,0.0005447944276966155,0.22610603272914886,0.2273387908935547,0.008658651262521744,0.40713757276535034,1.5300761461257935,0.00021315123012755066,220.6216278076172,1.3264098015497439e-05,0.0001507113192928955,6.887202471261844e-05,0.21455751359462738,0.2778177261352539,0.008430792950093746,0.518359899520874,1.529504656791687,0.07356204837560654,0.08052874356508255,0.8599923849105835,,
425,model.layers.19.self_attn.k_proj.weight,512,1024,0.0009765625,0.0013328547356650233,4.100840091705322,-1.651784077694174e-05,0.26685041189193726,0.0022670843172818422,0.24758516252040863,0.2326294630765915,0.020228197798132896,0.5346408486366272,1.3194350004196167,0.0008458258816972375,86.07820129394531,-2.9635139071615413e-05,6.478995055658743e-05,6.655907054664567e-05,0.20501717925071716,0.28588756918907166,0.007849319837987423,0.5696285963058472,1.450326681137085,,,,,
425,model.layers.19.self_attn.v_proj.weight,512,1024,0.0009765625,0.0006592957070097327,1.6113513708114624,0.0030904298182576895,0.17981669306755066,0.0006742870900779963,0.12791764736175537,0.2764303982257843,0.004553100559860468,0.6932116746902466,1.429545283317566,0.0009135050931945443,62.058780670166016,-4.3160300265299156e-05,5.165678885532543e-05,9.612979920348153e-05,0.21310073137283325,0.2825969457626343,0.007993197999894619,0.5202370285987854,1.4501055479049683,,,,,
425,model.layers.19.self_attn.o_proj.weight,1024,2048,0.00048828125,0.0004622305859811604,1.412856101989746,0.0008610262884758413,0.3824270963668823,7.290516077773646e-05,0.051215916872024536,0.557170033454895,0.008761271834373474,0.6599737405776978,1.480601191520691,0.00047982874093577266,126.2593765258789,3.6378764889377635e-06,9.870080248219892e-05,9.152799611911178e-05,0.21046018600463867,0.28125840425491333,0.008926655165851116,0.5325474143028259,1.4743002653121948,,,,,
425,model.layers.1.mlp.gate_proj.weight,3584,1024,0.00027901785714285713,0.00022243731655180454,2.701209783554077,4.746654303744435e-05,0.6096705198287964,0.00033150933450087905,0.1835574507713318,0.29955849051475525,0.009262997657060623,0.5195900797843933,1.5112446546554565,0.0002878913364838809,231.1251678466797,1.3063254300504923e-05,0.00012508830695878714,9.130765101872385e-05,0.23168571293354034,0.2584342062473297,0.009237031452357769,0.5129232406616211,1.5170087814331055,,,,0.21821224689483643,0.22572648525238037
425,model.layers.1.mlp.up_proj.weight,3584,1024,0.00027901785714285713,0.0002952921495307237,2.573298931121826,-1.1041031029890291e-05,0.9924861192703247,0.00015019654529169202,0.17294275760650635,0.31323596835136414,0.007627793122082949,0.5046305060386658,1.5118106603622437,0.0002706867817323655,173.84530639648438,3.405002280487679e-05,0.00015438575064763427,0.00010769069194793701,0.23165938258171082,0.2572227120399475,0.009791663847863674,0.5002144575119019,1.51308274269104,,,,,
425,model.layers.1.mlp.down_proj.weight,1024,3584,0.00027901785714285713,0.0002695490256883204,4.321282386779785,-1.825340950745158e-05,0.9714238047599792,0.0007930893334560096,0.2027626931667328,0.2669546902179718,0.014346450567245483,0.5240387320518494,1.4346704483032227,0.00026884552789852023,204.98460388183594,3.906507481588051e-05,0.0001585464779054746,9.56529620452784e-05,0.2162918597459793,0.27174583077430725,0.008787237107753754,0.541902482509613,1.471967101097107,0.07189108431339264,0.0827031210064888,0.8776605129241943,,
425,model.layers.12.mlp.gate_proj.weight,3584,1024,0.00027901785714285713,0.00020016891357954592,2.8264198303222656,0.00044162769336253405,0.5736643671989441,0.0004918548511341214,0.184274822473526,0.25320228934288025,0.005190170835703611,0.5864495635032654,1.5282829999923706,0.00024952858802862465,220.1096649169922,1.5325475033023395e-05,0.0001609915925655514,5.5675525800324976e-05,0.21518096327781677,0.2785496413707733,0.0072237527929246426,0.5435071587562561,1.531632423400879,,,,,
425,model.layers.12.mlp.up_proj.weight,3584,1024,0.00027901785714285713,0.00027560716262087226,2.668689727783203,0.0008358858176507056,0.9408382177352905,0.00043758132960647345,0.2163948267698288,0.24658891558647156,0.007781501393765211,0.5136150121688843,1.512993335723877,0.0002668514207471162,163.20359802246094,1.3061317076790147e-05,0.0001836180017562583,9.058529394678771e-05,0.22027407586574554,0.2694864273071289,0.009674842469394207,0.5040032863616943,1.5127300024032593,,,,,
425,model.layers.12.mlp.down_proj.weight,1024,3584,0.00027901785714285713,0.00027827630401588976,4.390445232391357,0.0009061740129254758,0.8966705799102783,8.986533794086426e-05,0.22822237014770508,0.26080426573753357,0.01786772720515728,0.48875272274017334,1.4223597049713135,0.0002688755339477211,144.41139221191406,1.6706027963664383e-05,0.0001942898379638791,7.531734445365146e-05,0.20090363919734955,0.2889120876789093,0.008000620640814304,0.5768833160400391,1.5072407722473145,0.07975080609321594,0.07481194287538528,0.8911683559417725,,
425,model.layers.22.mlp.gate_proj.weight,3584,1024,0.00027901785714285713,0.00026758777676150203,2.964538097381592,0.000827692449092865,0.1502654105424881,0.0011055887443944812,0.1666315495967865,0.28453516960144043,0.008166488260030746,0.5581085681915283,1.5284311771392822,0.00023826713731978089,245.37649536132812,2.0845485778409056e-05,0.00013061206846032292,8.776646427577361e-05,0.2249240130186081,0.2664022743701935,0.009430095553398132,0.530488133430481,1.520013451576233,,,,0.26091673970222473,0.25250113010406494
425,model.layers.22.mlp.up_proj.weight,3584,1024,0.00027901785714285713,0.0001967515127034858,3.205949306488037,0.0002440052921883762,0.3256511986255646,0.0007634664070792496,0.16215644776821136,0.31750795245170593,0.012984523549675941,0.5819416046142578,1.5143167972564697,0.0002733832225203514,195.3533935546875,-5.7916563491744455e-06,0.00016623073315713555,8.886528667062521e-05,0.23473842442035675,0.25582897663116455,0.009603862650692463,0.5057988166809082,1.5109972953796387,,,,,
425,model.layers.22.mlp.down_proj.weight,1024,3584,0.00027901785714285713,0.0003852320078294724,2.580354928970337,0.000282890658127144,0.3057589530944824,0.0008960565901361406,0.11044267565011978,0.38930031657218933,0.01998499594628811,0.5544753074645996,1.462302327156067,0.0002666063664946705,127.2573471069336,4.550669473246671e-05,0.0001785657077562064,6.576017767656595e-05,0.22865413129329681,0.2621517479419708,0.008884058333933353,0.514141857624054,1.4600151777267456,0.07921918481588364,0.07514461129903793,0.8365584015846252,,
425,model.layers.1.linear_attn.in_proj_qkv.weight,6144,1024,0.00016276041666666666,0.00012047459313180298,2.38161301612854,1.6831147149787284e-05,0.5444231033325195,0.0006133131682872772,0.1888071596622467,0.2695084512233734,0.007327893283218145,0.5381502509117126,1.5325082540512085,0.00015809712931513786,251.3761749267578,2.5223198463208973e-05,0.00015066098421812057,6.42288287053816e-05,0.23112469911575317,0.26152336597442627,0.006766003090888262,0.5168050527572632,1.5371679067611694,0.08866675943136215,0.08518275618553162,0.8477808237075806,,
425,model.layers.1.linear_attn.out_proj.weight,1024,2048,0.00048828125,0.0003524947096593678,1.4121756553649902,7.454796286765486e-05,1.1706633567810059,0.0003464502515271306,0.14753049612045288,0.3387647867202759,0.010608104057610035,0.5022612810134888,1.4524391889572144,0.0004847764503210783,159.35533142089844,9.257246347260661e-06,0.00010378707520430908,7.916941831354052e-05,0.21209605038166046,0.28004342317581177,0.008205510675907135,0.5508545637130737,1.490825891494751,,,,,
425,model.layers.12.linear_attn.in_proj_qkv.weight,6144,1024,0.00016276041666666666,8.733962022233754e-05,2.5779614448547363,3.869690408464521e-05,0.540080726146698,0.0003730441676452756,0.16812613606452942,0.25384747982025146,0.0028279272373765707,0.5864464640617371,1.552606463432312,0.0001393975253449753,230.73683166503906,5.9290946410328615e-06,0.00017648849461693317,7.911694410722703e-05,0.2144295871257782,0.27723658084869385,0.007764087524265051,0.528578519821167,1.5389784574508667,0.07901380211114883,0.07064312696456909,0.8499792814254761,,
425,model.layers.12.linear_attn.out_proj.weight,1024,2048,0.00048828125,0.0002809731231536716,2.0558230876922607,-0.00037914564018137753,0.8099230527877808,4.487717160372995e-05,0.17342457175254822,0.3219605088233948,0.011820218525826931,0.5020375847816467,1.4243487119674683,0.0004464977828320116,94.72142028808594,1.0581125934550073e-05,0.0001369859674014151,7.929459388833493e-05,0.19263648986816406,0.3000714182853699,0.00781719945371151,0.5852917432785034,1.5060104131698608,,,,,
425,model.layers.21.linear_attn.in_proj_qkv.weight,6144,1024,0.00016276041666666666,0.00010628403106238693,3.5209267139434814,0.00010070594726130366,0.11877065151929855,0.0006929655792191625,0.1984020620584488,0.2416469156742096,0.007737164851278067,0.5397710204124451,1.5324575901031494,0.00014703570923302323,209.27725219726562,6.229980499483645e-06,0.00014852493768557906,6.545975338667631e-05,0.22802823781967163,0.2641960382461548,0.008057164959609509,0.5251136422157288,1.5359938144683838,0.08315520733594894,0.08949332684278488,0.8630435466766357,,
425,model.layers.21.linear_attn.out_proj.weight,1024,2048,0.00048828125,0.0003611411084420979,3.2693076133728027,-0.0005225480999797583,0.22920949757099152,9.547649824526161e-05,0.13913127779960632,0.3723047375679016,0.005354647058993578,0.5659736394882202,1.4848743677139282,0.0004239208356011659,95.52753448486328,3.7654262996511534e-05,0.0001225487212650478,5.063800927018747e-05,0.21691574156284332,0.27470532059669495,0.00930381566286087,0.5134645700454712,1.476565957069397,,,,,
450,model.layers.7.self_attn.q_proj.weight,4096,1024,0.000244140625,0.00013966017286293209,2.756434202194214,-0.0009415722452104092,0.5238408446311951,0.0006477392162196338,0.1843409389257431,0.2612701654434204,0.006726197432726622,0.5311506986618042,1.5348535776138306,0.00020813581068068743,200.9625244140625,1.8328099031350575e-05,0.0001658853580011055,9.411839710082859e-05,0.2236439436674118,0.2690979540348053,0.00847930833697319,0.5230922698974609,1.5288336277008057,0.09207466244697571,0.08647977560758591,0.8230187296867371,0.2959634065628052,0.2952139973640442
450,model.layers.7.self_attn.k_proj.weight,512,1024,0.0009765625,0.0009667754056863487,3.8188722133636475,-1.7951650477243675e-07,0.3716356158256531,0.0011980404378846288,0.15763156116008759,0.2654492259025574,0.025498738512396812,0.6995939612388611,1.3251198530197144,0.0010438970057293773,92.28125,-6.586752988368971e-06,6.67931089992635e-05,8.398275531362742e-05,0.20681869983673096,0.2832759916782379,0.008441627025604248,0.5592101812362671,1.4277349710464478,,,,,
450,model.layers.7.self_attn.v_proj.weight,512,1024,0.0009765625,0.000797756074462086,1.9263092279434204,-0.000304662884445861,0.7375741004943848,0.0001411205594195053,0.14258240163326263,0.24545563757419586,0.002532810205593705,0.739621102809906,1.4785654544830322,0.0009371035848744214,52.313785552978516,3.5836928873322904e-05,7.131492748158053e-05,7.296652620425448e-05,0.23561744391918182,0.250897079706192,0.007283695042133331,0.5100481510162354,1.4779571294784546,,,,,
450,model.layers.7.self_attn.o_proj.weight,1024,2048,0.00048828125,0.0002114433009410277,1.9073951244354248,-9.87562962109223e-05,1.178124189376831,4.2362902604509145e-05,0.16525785624980927,0.32035210728645325,0.01746499352157116,0.48090434074401855,1.4013639688491821,0.00048197509022429585,67.68697357177734,3.4500990295782685e-05,0.0001439358456991613,7.593032205477357e-05,0.18463395535945892,0.3103223443031311,0.007232688833028078,0.6060442328453064,1.5193378925323486,,,,,
450,model.layers.15.self_attn.q_proj.weight,4096,1024,0.000244140625,0.0001426094677299261,2.3790793418884277,-4.7302408347604796e-05,0.48831290006637573,0.0002871861506719142,0.21674397587776184,0.23298856616020203,0.0033777724020183086,0.45051082968711853,1.5464247465133667,0.0002188387152273208,216.70603942871094,8.62303568283096e-06,0.00015691171574871987,5.454558049677871e-05,0.22162304818630219,0.2686689496040344,0.008280804380774498,0.5081525444984436,1.5306161642074585,0.09055469185113907,0.09122128784656525,0.8039339184761047,,
450,model.layers.15.self_attn.k_proj.weight,512,1024,0.0009765625,0.0009532271651551127,3.443384885787964,-2.431815801173798e-06,0.4217946231365204,0.00016350502846762538,0.24787279963493347,0.22907418012619019,0.003639459842815995,0.5618890523910522,1.4582300186157227,0.0009087821817956865,62.07547378540039,2.89823019556934e-05,6.59474462736398e-05,0.00010194237984251231,0.191788911819458,0.30150115489959717,0.0071457307785749435,0.5894056558609009,1.4732975959777832,,,,,
450,model.layers.15.self_attn.v_proj.weight,512,1024,0.0009765625,0.000944125116802752,1.6639368534088135,-0.0017450107261538506,0.43034517765045166,0.00033783388789743185,0.16630807518959045,0.2720159590244293,0.003778566140681505,0.6876198053359985,1.4561399221420288,0.0009751594043336809,62.652400970458984,3.3125550544355065e-05,5.840187077410519e-05,9.098657028516755e-05,0.21696193516254425,0.2719210088253021,0.007781956810504198,0.532771646976471,1.4607590436935425,,,,0.32511091232299805,0.3380047082901001
450,model.layers.15.self_attn.o_proj.weight,1024,2048,0.00048828125,0.00039461496635340154,1.6185781955718994,-0.0005968763143755496,0.7493830323219299,1.93064352060901e-05,0.09847453236579895,0.4277534484863281,0.008156946860253811,0.5530032515525818,1.4312796592712402,0.0005080773262307048,77.7561264038086,1.2442332263162825e-05,0.00012400573177728802,6.726399442413822e-05,0.2005489319562912,0.2949768006801605,0.008507431484758854,0.5652015209197998,1.5089397430419922,,,,,
450,model.layers.19.self_attn.q_proj.weight,4096,1024,0.000244140625,0.00017382457735948265,2.8195981979370117,0.0007368313963524997,0.24112491309642792,0.0002210006205132231,0.2153245359659195,0.24695248901844025,0.006728350184857845,0.46837180852890015,1.527970314025879,0.00020076948567293584,130.95492553710938,6.248107638384681e-06,0.0001627706369617954,7.875879236962646e-05,0.21983133256435394,0.27223339676856995,0.007972518913447857,0.5156790614128113,1.530548095703125,0.09224111586809158,0.07799076288938522,0.8199564218521118,,
450,model.layers.19.self_attn.k_proj.weight,512,1024,0.0009765625,0.0011445896234363317,3.4107284545898438,-6.307273906713817e-06,0.2225523442029953,0.00031160234357230365,0.24248656630516052,0.24704879522323608,0.011713924817740917,0.5598604679107666,1.3717752695083618,0.0009677836205810308,59.69678497314453,-2.490030965418555e-06,7.277750410139561e-05,7.341716991504654e-05,0.20123228430747986,0.2871275246143341,0.007969547994434834,0.567351758480072,1.4535773992538452,,,,,
450,model.layers.19.self_attn.v_proj.weight,512,1024,0.0009765625,0.0007800892344675958,1.4454832077026367,-0.0007057915790937841,0.20170722901821136,0.0021541444584727287,0.1257934272289276,0.27752768993377686,0.0074881985783576965,0.7039548754692078,1.4459174871444702,0.0008227499783970416,64.19332885742188,5.928271548327757e-06,5.00828173244372e-05,7.842036575311795e-05,0.21304669976234436,0.2837268114089966,0.009028463624417782,0.5168331265449524,1.459676742553711,,,,,
450,model.layers.19.self_attn.o_proj.weight,1024,2048,0.00048828125,0.00040282169356942177,1.4319202899932861,-0.00023936291108839214,0.3553273379802704,0.00014519583783112466,0.06268252432346344,0.4961095154285431,0.01586487889289856,0.6034325957298279,1.472371220588684,0.00048129583592526615,108.22721099853516,1.809373134165071e-05,0.00010089169518323615,6.791844498366117e-05,0.21145479381084442,0.27973079681396484,0.008847474120557308,0.5294491052627563,1.4763637781143188,,,,,
450,model.layers.1.mlp.gate_proj.weight,3584,1024,0.00027901785714285713,0.002032929565757513,2.634672164916992,0.00010410629329271615,0.475740522146225,0.0007147599826566875,0.17721961438655853,0.3071290850639343,0.013274701312184334,0.5216715335845947,1.5052363872528076,0.0002711245324462652,232.4493408203125,4.316761624068022e-05,0.00014726076915394515,7.628430466866121e-05,0.2348763644695282,0.2560558021068573,0.00911740679293871,0.5084810256958008,1.5172195434570312,,,,0.19833160936832428,0.19550484418869019
450,model.layers.1.mlp.up_proj.weight,3584,1024,0.00027901785714285713,0.00024983330513350666,2.4211935997009277,6.726971150783356e-06,0.8089098930358887,0.0001906239485833794,0.16431109607219696,0.32952457666397095,0.011141904629766941,0.5102960467338562,1.5056431293487549,0.0002802833914756775,156.9984130859375,9.345733997179195e-05,0.00018267113773617893,8.524976874468848e-05,0.2315545380115509,0.25726810097694397,0.009575624018907547,0.5012011528015137,1.5072803497314453,,,,,
450,model.layers.1.mlp.down_proj.weight,1024,3584,0.00027901785714285713,0.00028098150505684316,4.761233329772949,5.826501819683472e-06,0.7536910772323608,0.0017269322415813804,0.19693523645401,0.27230122685432434,0.016434887424111366,0.5314570069313049,1.4364666938781738,0.0002784827083814889,175.2963409423828,8.958711987361312e-05,0.0001884387747850269,8.841458475217223e-05,0.21947583556175232,0.26979222893714905,0.009002364240586758,0.5362996459007263,1.4791873693466187,0.07007642835378647,0.06958098709583282,0.8668962717056274,,
450,model.layers.12.mlp.gate_proj.weight,3584,1024,0.00027901785714285713,0.0002053772477665916,2.6210081577301025,0.00029331588302738965,0.5074918866157532,0.00047921878285706043,0.18490497767925262,0.25006699562072754,0.005047566257417202,0.5826513767242432,1.5325961112976074,0.00024092482635751367,187.1953582763672,-5.316794613463571e-06,0.00016702318680472672,7.341667514992878e-05,0.21601101756095886,0.2762763202190399,0.00778910843655467,0.5419224500656128,1.5202032327651978,,,,,
450,model.layers.12.mlp.up_proj.weight,3584,1024,0.00027901785714285713,0.00028453365666791797,2.5952296257019043,-0.0006291628233157098,0.8212943077087402,0.00034083728678524494,0.22091856598854065,0.24692273139953613,0.00740995816886425,0.5076520442962646,1.5139378309249878,0.0002683103666640818,136.83570861816406,5.237668665358797e-05,0.00019030341354664415,0.0001295796100748703,0.22405597567558289,0.26442113518714905,0.009733583778142929,0.5057957172393799,1.5107762813568115,,,,,
450,model.layers.12.mlp.down_proj.weight,1024,3584,0.00027901785714285713,0.00026577446260489523,4.14340877532959,-0.0006794771179556847,0.7943019270896912,0.0001168115995824337,0.22307851910591125,0.26212483644485474,0.023238077759742737,0.49050331115722656,1.3930081129074097,0.0002840160741470754,127.79945373535156,5.4885982535779476e-05,0.00020268857770133764,6.329541065497324e-05,0.20220991969108582,0.28955087065696716,0.008710166439414024,0.5744518637657166,1.5019596815109253,0.09039369225502014,0.0858268290758133,0.8575668931007385,,
450,model.layers.22.mlp.gate_proj.weight,3584,1024,0.00027901785714285713,0.0005513520445674658,2.324496030807495,-0.0016006253426894546,0.14285890758037567,0.0011969428742304444,0.16580481827259064,0.2773214876651764,0.007373628672212362,0.566439151763916,1.5282572507858276,0.000235397121286951,223.8082733154297,2.7504067475092597e-05,0.00012111545220250264,0.00010288985504303128,0.22642429172992706,0.26414889097213745,0.009581366553902626,0.5282731652259827,1.5133533477783203,,,,0.2562809884548187,0.2620759904384613
450,model.layers.22.mlp.up_proj.weight,3584,1024,0.00027901785714285713,0.00030457484535872936,2.2768874168395996,-0.001009583007544279,0.3447088599205017,0.001675714971497655,0.16230522096157074,0.3072997033596039,0.018347516655921936,0.5784795880317688,1.5089848041534424,0.00027941365260630846,158.834228515625,1.5961179087753408e-05,0.00016181726823560894,0.00010199877578997985,0.23552200198173523,0.2551059126853943,0.009733259677886963,0.5018571615219116,1.5119861364364624,,,,,
450,model.layers.22.mlp.down_proj.weight,1024,3584,0.00027901785714285713,0.00041094969492405653,2.2532079219818115,-0.0012287163408473134,0.30987200140953064,0.0003366396122146398,0.1004195585846901,0.42163196206092834,0.0074365222826600075,0.6020629405975342,1.490237832069397,0.00027727591805160046,92.21746826171875,2.901843618019484e-05,0.00017198508430738002,8.557387627661228e-05,0.22946494817733765,0.26104435324668884,0.008665001019835472,0.5113332867622375,1.4671217203140259,0.08335255086421967,0.08717221021652222,0.7836435437202454,,
450,model.layers.1.linear_attn.in_proj_qkv.weight,6144,1024,0.00016276041666666666,0.00010756024857982993,2.301898717880249,6.745083373971283e-05,0.4235718250274658,0.0008806955302134156,0.1931888461112976,0.2599622905254364,0.00855670403689146,0.5123643279075623,1.5341863632202148,0.00015486599295400083,195.4290771484375,2.007014882110525e-05,0.00016643763228785247,6.429574568755925e-05,0.23040683567523956,0.26194384694099426,0.006654354743659496,0.5182433128356934,1.5396836996078491,0.07048574090003967,0.07138051092624664,0.8484281301498413,,
450,model.layers.1.linear_attn.out_proj.weight,1024,2048,0.00048828125,0.0003377101384103298,1.3813313245773315,-0.00047264472232200205,0.9345934391021729,0.0005350967985577881,0.13267584145069122,0.3658805787563324,0.015801675617694855,0.5301309823989868,1.4259757995605469,0.00045993179082870483,123.2021484375,5.454949496197514e-05,0.00012320352834649384,0.00010540486255194992,0.2138485610485077,0.27811533212661743,0.008322021923959255,0.5456408262252808,1.483744740486145,,,,,
450,model.layers.12.linear_attn.in_proj_qkv.weight,6144,1024,0.00016276041666666666,6.78330980008468e-05,2.3746063709259033,-0.00010891300917137414,0.5535469055175781,0.00031918002059683204,0.15994910895824432,0.2579992115497589,0.002961310325190425,0.6077781319618225,1.5519386529922485,0.00012686275294981897,185.18194580078125,1.3483296243066434e-05,0.0001867790997494012,5.519381375052035e-05,0.21468804776668549,0.2756606936454773,0.007479875814169645,0.5329409837722778,1.5433109998703003,0.0866347998380661,0.08402888476848602,0.8067780137062073,,
450,model.layers.12.linear_attn.out_proj.weight,1024,2048,0.00048828125,0.00028667665901593864,1.9619619846343994,-0.00038706103805452585,0.7283810973167419,4.197250382276252e-05,0.1765950471162796,0.31857606768608093,0.016910450533032417,0.5067818760871887,1.4024618864059448,0.0004407614760566503,79.32191467285156,4.275427636457607e-05,0.00014145429304335266,6.97425493854098e-05,0.1959761083126068,0.2971583604812622,0.008070220239460468,0.5758036971092224,1.4921232461929321,,,,,
450,model.layers.21.linear_attn.in_proj_qkv.weight,6144,1024,0.00016276041666666666,0.00011375941539881751,3.130980968475342,1.039975632011192e-05,0.1105528399348259,0.000790017656981945,0.18603035807609558,0.25677362084388733,0.008083934895694256,0.5294980406761169,1.536661148071289,0.00012972619151696563,271.9171447753906,-1.8468892903911183e-06,0.00013743290037382394,6.616394239244983e-05,0.22676637768745422,0.26565057039260864,0.007930406369268894,0.5291947722434998,1.5402613878250122,0.09671326726675034,0.09354032576084137,0.8603255748748779,,
450,model.layers.21.linear_attn.out_proj.weight,1024,2048,0.00048828125,0.0003538805467542261,2.376239538192749,0.00038166134618222713,0.198384627699852,0.00038365996442735195,0.1491890549659729,0.3385781943798065,0.010886350646615028,0.5216272473335266,1.4703279733657837,0.00044126607826910913,81.49896240234375,4.37271264672745e-05,0.00011860053200507537,8.065681322477758e-05,0.2143009603023529,0.2786637246608734,0.008777834475040436,0.5151799917221069,1.4705530405044556,,,,,
475,model.layers.7.self_attn.q_proj.weight,4096,1024,0.000244140625,0.00012474771938286722,3.2050094604492188,-0.00026171960053034127,0.8179405331611633,0.0008983207517303526,0.18002457916736603,0.2584491968154907,0.008420223370194435,0.5423514246940613,1.5328407287597656,0.00020658965513575822,195.38906860351562,1.8631748389452696e-05,0.00014887774887029082,9.438821143703535e-05,0.22084128856658936,0.27093395590782166,0.008866459131240845,0.5262473225593567,1.5292490720748901,0.0699240118265152,0.07268064469099045,0.8811226487159729,0.35032063722610474,0.34944310784339905
475,model.layers.7.self_attn.k_proj.weight,512,1024,0.0009765625,0.0010592702310532331,3.505911350250244,1.6267625824184506e-06,0.5859476327896118,0.00021208784892223775,0.1449529230594635,0.30252212285995483,0.01699868217110634,0.7138071656227112,1.3645809888839722,0.0008708604727871716,95.32874298095703,7.607995030411985e-06,5.638152651954442e-05,5.865735511179082e-05,0.20718489587306976,0.27527207136154175,0.008832004852592945,0.5525749325752258,1.4383890628814697,,,,,
475,model.layers.7.self_attn.v_proj.weight,512,1024,0.0009765625,0.0008887888980098069,2.2175285816192627,-0.0015698691131547093,1.2123534679412842,0.00027485849568620324,0.14512524008750916,0.2540592849254608,0.0031799618154764175,0.7117164731025696,1.4623068571090698,0.0008761725039221346,90.00502014160156,-1.3144537660991773e-05,6.072168980608694e-05,0.0001027063190122135,0.23083390295505524,0.2565130591392517,0.01004180870950222,0.5156390070915222,1.3558539152145386,,,,,
475,model.layers.7.self_attn.o_proj.weight,1024,2048,0.00048828125,0.00025376889971084893,2.377610445022583,-0.000495814485475421,2.043487548828125,3.784335422096774e-05,0.15517473220825195,0.3496689796447754,0.012278557755053043,0.5312343835830688,1.4364577531814575,0.000481629918795079,53.16839599609375,4.258698027115315e-05,0.00013865124492440373,6.003233647788875e-05,0.16601136326789856,0.3328652083873749,0.006309394724667072,0.6435270309448242,1.5306280851364136,,,,,
475,model.layers.15.self_attn.q_proj.weight,4096,1024,0.000244140625,0.00017633233801461756,3.554718017578125,-0.0002805599942803383,0.8070905804634094,0.0014413308817893267,0.22921296954154968,0.20949505269527435,0.00884256325662136,0.4606466591358185,1.541200041770935,0.00021766085410490632,181.94561767578125,2.237691660411656e-05,0.0001633777137612924,6.23348678345792e-05,0.22057248651981354,0.27035367488861084,0.00784845370799303,0.5098543763160706,1.5265612602233887,0.07304279506206512,0.07602240890264511,0.8373767137527466,,
475,model.layers.15.self_attn.k_proj.weight,512,1024,0.0009765625,0.0010863423813134432,3.2253241539001465,-3.8087939628894674e-06,0.710438072681427,1.671371137490496e-05,0.24446409940719604,0.24491286277770996,0.002842987421900034,0.5670229196548462,1.4725490808486938,0.0008886589203029871,66.6462631225586,1.954769504664e-05,7.668337639188394e-05,8.335969323525205e-05,0.19875524938106537,0.29442164301872253,0.007262876257300377,0.5789868831634521,1.4645637273788452,,,,,
475,model.layers.15.self_attn.v_proj.weight,512,1024,0.0009765625,0.0010684604058042169,1.894555926322937,-0.0017789729172363877,0.8265684843063354,0.00015861399879213423,0.24631254374980927,0.21565978229045868,0.0033333508763462305,0.5469754338264465,1.4566811323165894,0.0008989752968773246,52.40631866455078,-2.8799540814361535e-06,5.655714630847797e-05,5.708793833036907e-05,0.22913122177124023,0.2591785192489624,0.00709546497091651,0.512173056602478,1.4824265241622925,,,,0.4622032344341278,0.4458913207054138
475,model.layers.15.self_attn.o_proj.weight,1024,2048,0.00048828125,0.00047722479212097824,1.7901438474655151,-0.0006680351798422635,1.3073914051055908,1.0795438356581144e-05,0.11540059000253677,0.4046340584754944,0.01341228000819683,0.5334299206733704,1.442175269126892,0.000483830866869539,75.54513549804688,-1.9639839592855424e-05,0.00011821615771623328,7.706135511398315e-05,0.19250430166721344,0.30439049005508423,0.008059561252593994,0.5819005370140076,1.5150723457336426,,,,,
475,model.layers.19.self_attn.q_proj.weight,4096,1024,0.000244140625,0.00014735120930708945,2.374917984008789,0.0004280144930817187,0.3974912762641907,0.00088139483705163,0.21318411827087402,0.24158337712287903,0.011717511340975761,0.43655163049697876,1.5318197011947632,0.0002131650981027633,126.51777648925781,1.864823207142763e-05,0.0001614775974303484,6.400723214028403e-05,0.21715913712978363,0.2747434079647064,0.007963188923895359,0.517278790473938,1.5314126014709473,0.08112078905105591,0.08391483873128891,0.8624613881111145,,
475,model.layers.19.self_attn.k_proj.weight,512,1024,0.0009765625,0.0009354830835945904,2.9270076751708984,-7.179257409006823e-06,0.3756738305091858,0.0005687681841664016,0.2574571669101715,0.22083735466003418,0.011502696201205254,0.5434082746505737,1.3604872226715088,0.000986425206065178,52.83707809448242,2.1114779883646406e-05,7.359831215580925e-05,0.00012109043746022508,0.2014377862215042,0.28931182622909546,0.008934716694056988,0.5699333548545837,1.4463337659835815,,,,,
475,model.layers.19.self_attn.v_proj.weight,512,1024,0.0009765625,0.0008835742482915521,1.5790973901748657,-0.00514304218813777,0.2510558068752289,0.0011461104732006788,0.1180688738822937,0.29617539048194885,0.004608362913131714,0.7113608121871948,1.463538408279419,0.0009317490039393306,62.39778137207031,2.4992339149321197e-06,4.9911239329958335e-05,0.00012873447849415243,0.2097015231847763,0.2847961187362671,0.007989945821464062,0.5228444337844849,1.4493147134780884,,,,,
475,model.layers.19.self_attn.o_proj.weight,1024,2048,0.00048828125,0.0004871812998317182,1.4370115995407104,-0.0012901293812319636,0.5973883867263794,3.327762897242792e-05,0.050935231149196625,0.567226767539978,0.0067990911193192005,0.6793342232704163,1.4817554950714111,0.0004576425999403,147.6595458984375,-9.087778380489908e-06,9.829344344325364e-05,9.189988486468792e-05,0.2073601335287094,0.28469884395599365,0.009114387445151806,0.5376779437065125,1.4715732336044312,,,,,
475,model.layers.1.mlp.gate_proj.weight,3584,1024,0.00027901785714285713,0.0004094142350368202,2.386340618133545,0.0002857917279470712,1.3048030138015747,0.00028045891667716205,0.17651093006134033,0.3078387975692749,0.007693735416978598,0.5243189334869385,1.5216442346572876,0.00025282378192059696,259.49530029296875,2.433611371088773e-05,0.0001365165808238089,0.00010298380220774561,0.2296111136674881,0.26006177067756653,0.009269388392567635,0.5144875049591064,1.5154390335083008,,,,0.398457407951355,0.38913819193840027
475,model.layers.1.mlp.up_proj.weight,3584,1024,0.00027901785714285713,0.00030103320023044944,2.3613317012786865,0.0001564908743603155,2.085975408554077,0.00011731989070540294,0.1662585586309433,0.32327157258987427,0.007799311075359583,0.5045635104179382,1.5150095224380493,0.00026256643468514085,165.12400817871094,3.270382876507938e-05,0.0001691375655354932,9.196693281410262e-05,0.231583371758461,0.2590391933917999,0.009637344628572464,0.5027002096176147,1.5116158723831177,,,,,
475,model.layers.1.mlp.down_proj.weight,1024,3584,0.00027901785714285713,0.00028526128153316677,3.7352590560913086,0.00016691838391125202,2.0054750442504883,0.0008069987525232136,0.20063894987106323,0.25810182094573975,0.01689259707927704,0.5048653483390808,1.4245195388793945,0.00026412622537463903,204.02696228027344,4.2052768549183384e-05,0.00017518467211630195,0.00010766577179310843,0.21168221533298492,0.2762995660305023,0.008559455163776875,0.5509340167045593,1.490381121635437,0.11279226839542389,0.10865816473960876,0.8676220774650574,,
475,model.layers.12.mlp.gate_proj.weight,3584,1024,0.00027901785714285713,0.00019084283849224448,2.8197438716888428,-0.0002371547743678093,0.9635376930236816,0.000533362734131515,0.18388614058494568,0.25069716572761536,0.0049882084131240845,0.5898985862731934,1.531002402305603,0.00026361248455941677,183.38031005859375,1.5875333701842465e-05,0.00016714421508368105,7.444793300237507e-05,0.21476078033447266,0.27877211570739746,0.007770624477416277,0.5452795624732971,1.5232607126235962,,,,,
475,model.layers.12.mlp.up_proj.weight,3584,1024,0.00027901785714285713,0.000284349313005805,2.3142056465148926,-0.00029386335518211126,1.5978060960769653,0.00032895352342166007,0.20838609337806702,0.24861107766628265,0.00617275619879365,0.5310311913490295,1.5180460214614868,0.00026797608006745577,170.65960693359375,3.161234417348169e-05,0.00018634127627592534,0.00012457845150493085,0.22333721816539764,0.26586994528770447,0.0099759167060256,0.5072452425956726,1.5043559074401855,,,,,
475,model.layers.12.mlp.down_proj.weight,1024,3584,0.00027901785714285713,0.0002505485317669809,4.393881797790527,-0.00031097797909751534,1.5751821994781494,0.00010992046736646444,0.21025224030017853,0.27862855792045593,0.019661007449030876,0.5249587297439575,1.420713186264038,0.00025764043675735593,114.14311218261719,2.0119374312344007e-05,0.00020579596457537264,7.099323556758463e-05,0.19121500849723816,0.30000534653663635,0.007786010392010212,0.5973086357116699,1.5242756605148315,0.08806832879781723,0.08873659372329712,0.8695021271705627,,
475,model.layers.22.mlp.gate_proj.weight,3584,1024,0.00027901785714285713,0.0002121328143402934,2.5561697483062744,-0.0007161868270486593,0.20004023611545563,0.0008675829158164561,0.17437121272087097,0.2750667333602905,0.00718960165977478,0.5621935129165649,1.525067687034607,0.00023040949599817395,231.57545471191406,-5.2811747082159854e-06,0.00011806915426859632,7.497794285882264e-05,0.22664736211299896,0.2645736336708069,0.009192024357616901,0.528765082359314,1.5202877521514893,,,,0.35572656989097595,0.35220518708229065
475,model.layers.22.mlp.up_proj.weight,3584,1024,0.00027901785714285713,0.0007003465434536338,2.1592273712158203,-0.00012928916839882731,0.45340201258659363,0.0007248431211337447,0.1516297161579132,0.32631173729896545,0.010436772368848324,0.6158047318458557,1.512498140335083,0.00028854620177298784,184.04171752929688,2.0586072423611768e-05,0.00015650145360268652,0.00012853890075348318,0.23516395688056946,0.25527405738830566,0.009982219897210598,0.5044390559196472,1.5122228860855103,,,,,
475,model.layers.22.mlp.down_proj.weight,1024,3584,0.00027901785714285713,0.0004598929372150451,2.0608997344970703,-0.00015413612709380686,0.4243556559085846,0.00010905392264248803,0.10714901983737946,0.4235982894897461,0.004665173590183258,0.5853112936019897,1.4734855890274048,0.00027765234699472785,103.84415435791016,2.3428610802511685e-05,0.00017076342192012817,9.575230069458485e-05,0.22559389472007751,0.26639217138290405,0.00905470922589302,0.5192832350730896,1.4752216339111328,0.07103977352380753,0.07194198668003082,0.8470296859741211,,
475,model.layers.1.linear_attn.in_proj_qkv.weight,6144,1024,0.00016276041666666666,0.00010910087439697236,2.219475507736206,4.8614379920763895e-05,1.1586107015609741,0.0005032115150243044,0.1980886608362198,0.25266262888908386,0.007777215447276831,0.5103663802146912,1.531965732574463,0.00015207644901238382,272.88079833984375,1.0716277756728232e-05,0.0001626399316592142,6.112289702286944e-05,0.22794100642204285,0.2629742920398712,0.006561152171343565,0.5212054252624512,1.5382263660430908,0.10843787342309952,0.11902359127998352,0.8522395491600037,,
475,model.layers.1.linear_attn.out_proj.weight,1024,2048,0.00048828125,0.0006053433753550053,1.3350927829742432,0.0003075532731600106,2.574373245239258,0.00016300663992296904,0.1377130150794983,0.3417549729347229,0.0100724371150136,0.490906685590744,1.4538143873214722,0.0004593044868670404,131.44888305664062,3.70610250683967e-05,0.00011203897884115577,8.518559479853138e-05,0.2066168338060379,0.2851700186729431,0.00879403855651617,0.5568764805793762,1.4952739477157593,,,,,
475,model.layers.12.linear_attn.in_proj_qkv.weight,6144,1024,0.00016276041666666666,8.23498485260643e-05,1.9087836742401123,-0.0005920706316828728,0.979459822177887,0.0004523569659795612,0.1650940328836441,0.2493443787097931,0.002736513502895832,0.6126928329467773,1.5521701574325562,0.00013676995877176523,251.5718231201172,1.2539502677100245e-05,0.00017257392755709589,6.226677942322567e-05,0.21330170333385468,0.27784332633018494,0.007001569494605064,0.5353609323501587,1.5422959327697754,0.0874779000878334,0.09418539702892303,0.8450415730476379,,
475,model.layers.12.linear_attn.out_proj.weight,1024,2048,0.00048828125,0.00029921060195192695,2.3079183101654053,0.00041762623004615307,1.3372726440429688,4.250503843650222e-05,0.15818460285663605,0.3329163193702698,0.020828858017921448,0.512496292591095,1.4479702711105347,0.0004279791028238833,72.5976333618164,1.6174097083876404e-07,0.00013854238204658031,6.389722693711519e-05,0.1816844642162323,0.3133382499217987,0.00698666600510478,0.6075224280357361,1.5097984075546265,,,,,
475,model.layers.21.linear_attn.in_proj_qkv.weight,6144,1024,0.00016276041666666666,0.0001221605925820768,2.8883821964263916,0.00017567748727742583,0.22976967692375183,0.0008055303478613496,0.20615683495998383,0.23864732682704926,0.0077490611001849174,0.5317633152008057,1.5372204780578613,0.00015251670265570283,333.93963623046875,-3.169429646732169e-06,0.00015042020822875202,7.563576218672097e-05,0.22894246876239777,0.2625638544559479,0.007676541339606047,0.524956464767456,1.5350782871246338,0.0965351015329361,0.08591794222593307,0.8608570098876953,,
475,model.layers.21.linear_attn.out_proj.weight,1024,2048,0.00048828125,0.0003983455244451761,2.444132089614868,0.001512303831987083,0.3227732479572296,0.00020463972759898752,0.17399120330810547,0.30878302454948425,0.011972458101809025,0.49114054441452026,1.4437828063964844,0.00044163287384435534,88.97605895996094,-1.378831802867353e-05,0.00012469527428038418,6.955136632313952e-05,0.2163725048303604,0.2760471701622009,0.00867573544383049,0.5177110433578491,1.476399302482605,,,,,
500,model.layers.7.self_attn.q_proj.weight,4096,1024,0.000244140625,0.00010173113696509972,1.9657999277114868,0.00010565374395810068,0.780207633972168,0.0014377734623849392,0.17581823468208313,0.2669048607349396,0.009379071183502674,0.5416051149368286,1.5314043760299683,0.00019927731773350388,237.7561492919922,9.053520443558227e-06,0.00017716303409542888,7.672308856854215e-05,0.22472673654556274,0.26771047711372375,0.008438177406787872,0.5237389206886292,1.5304462909698486,0.07092483341693878,0.07491374760866165,0.844116747379303,0.31829607486724854,0.3122357726097107
500,model.layers.7.self_attn.k_proj.weight,512,1024,0.0009765625,0.0011783669469878078,2.665443181991577,-3.5453567761578597e-06,0.5624434947967529,0.002539597451686859,0.14499317109584808,0.2504579722881317,0.024264177307486534,0.7183371186256409,1.3278998136520386,0.000873238081112504,92.3206558227539,-1.3998132089909632e-05,7.237447425723076e-05,0.00011042680125683546,0.2120169848203659,0.27442896366119385,0.008458996191620827,0.5428959131240845,1.4256901741027832,,,,,
500,model.layers.7.self_attn.v_proj.weight,512,1024,0.0009765625,0.0008660312159918249,1.6953940391540527,-0.00022464743233285844,1.033785343170166,0.00026157585671171546,0.15077048540115356,0.2299279272556305,0.002949940739199519,0.7206960320472717,1.4622447490692139,0.0008194670081138611,75.96319580078125,4.916845136904158e-05,7.22087497706525e-05,3.634299719124101e-05,0.23133324086666107,0.25611114501953125,0.008151368238031864,0.5167422294616699,1.4855207204818726,,,,,
500,model.layers.7.self_attn.o_proj.weight,1024,2048,0.00048828125,0.0001993699261220172,1.8114593029022217,-7.524109969381243e-05,1.5814207792282104,5.9245121519779786e-05,0.17591851949691772,0.2946997582912445,0.021050386130809784,0.4423068165779114,1.4063581228256226,0.000447465805336833,58.63886260986328,9.526593203190714e-06,0.00014854657638352364,5.8934536355081946e-05,0.1802307665348053,0.316273957490921,0.007131893653422594,0.6147249341011047,1.522774338722229,,,,,
500,model.layers.15.self_attn.q_proj.weight,4096,1024,0.000244140625,0.00010048090189229697,1.9823341369628906,0.0002917130186688155,0.667916476726532,0.00011431042366893962,0.2150452584028244,0.23273541033267975,0.002614263677969575,0.4478549361228943,1.5479248762130737,0.00020918011432513595,189.16346740722656,1.2383542525640223e-05,0.0001610744366189465,7.48487509554252e-05,0.22238317131996155,0.2701631486415863,0.007436925545334816,0.5075555443763733,1.5338345766067505,0.08416450768709183,0.08645128458738327,0.8489166498184204,,
500,model.layers.15.self_attn.k_proj.weight,512,1024,0.0009765625,0.001163056236691773,2.7477338314056396,-9.45728606893681e-06,0.5069422721862793,0.0001339098671451211,0.2861344814300537,0.20014582574367523,0.0034103987272828817,0.5181817412376404,1.4640926122665405,0.0009094513952732086,66.60950469970703,2.746565587585792e-05,7.310661749215797e-05,3.327707963762805e-05,0.20185483992099762,0.29256150126457214,0.0070381672121584415,0.573022723197937,1.4684542417526245,,,,,
500,model.layers.15.self_attn.v_proj.weight,512,1024,0.0009765625,0.0009669481078162789,1.4662827253341675,0.0003252220922149718,0.49354541301727295,0.00031651422614231706,0.16331225633621216,0.2824842631816864,0.005385685712099075,0.6654491424560547,1.4206827878952026,0.0009496058337390423,77.48043823242188,8.639930456411093e-06,5.226402936386876e-05,3.941243267036043e-05,0.22334791719913483,0.2677907645702362,0.007934166118502617,0.5275819301605225,1.4648252725601196,,,,0.26288291811943054,0.25759848952293396
500,model.layers.15.self_attn.o_proj.weight,1024,2048,0.00048828125,0.0003595370799303055,1.6404826641082764,0.00011588977213250473,0.801179051399231,1.5842630091356114e-05,0.10182516276836395,0.4209141731262207,0.01372999045997858,0.5436304807662964,1.4544472694396973,0.000449146784376353,83.72028350830078,1.659694862610195e-05,0.00011728009849321097,5.445804708870128e-05,0.19429418444633484,0.30149760842323303,0.0081029012799263,0.5783087015151978,1.5050991773605347,,,,,
500,model.layers.19.self_attn.q_proj.weight,4096,1024,0.000244140625,0.00017870405281428248,2.6632561683654785,0.0005250878166407347,0.3048873841762543,0.00041281431913375854,0.22958210110664368,0.22689370810985565,0.009542050771415234,0.4160160422325134,1.5271122455596924,0.00021033891243860126,208.5365753173828,1.5784564311616123e-05,0.00015530898235738277,9.942122414940968e-05,0.21619732677936554,0.27439025044441223,0.00864078663289547,0.5181884169578552,1.5218415260314941,0.08288517594337463,0.08660831302404404,0.8281466364860535,,
500,model.layers.19.self_attn.k_proj.weight,512,1024,0.0009765625,0.0009125455981120467,3.696218490600586,7.227064998005517e-06,0.32318365573883057,0.0004650557821150869,0.26825791597366333,0.20733773708343506,0.015658358111977577,0.511078417301178,1.3248941898345947,0.0008457029471173882,80.70063018798828,-1.8840395568986423e-05,6.667686102446169e-05,8.437997894361615e-05,0.20685069262981415,0.27921733260154724,0.0079520707949996,0.5593152046203613,1.4634974002838135,,,,,
500,model.layers.19.self_attn.v_proj.weight,512,1024,0.0009765625,0.0007447168463841081,1.586409330368042,-0.0005689969402737916,0.2268383651971817,0.000272054661763832,0.14446333050727844,0.27433130145072937,0.0033750375732779503,0.6867196559906006,1.4498157501220703,0.0008798564085736871,55.34524917602539,4.082077430211939e-05,5.208838410908356e-05,4.9458576540928334e-05,0.20439518988132477,0.29077383875846863,0.010247406549751759,0.5255818367004395,1.3978432416915894,,,,,
500,model.layers.19.self_attn.o_proj.weight,1024,2048,0.00048828125,0.000402291479986161,1.5138192176818848,-0.00019936573517043144,0.37450847029685974,7.244147855089977e-05,0.06856542080640793,0.4884761869907379,0.010664576664566994,0.6036839485168457,1.4580410718917847,0.0004564576374832541,133.64422607421875,1.947615237440914e-05,0.00010418992314953357,5.4576299589825794e-05,0.21305076777935028,0.279936820268631,0.008988690562546253,0.5319691300392151,1.4675559997558594,,,,,
500,model.layers.1.mlp.gate_proj.weight,3584,1024,0.00027901785714285713,0.00024712964659556746,2.726943016052246,0.00016223710554186255,0.6624613404273987,0.0003213314921595156,0.1765238642692566,0.31008052825927734,0.008208954706788063,0.5316278338432312,1.5150549411773682,0.0002835289342328906,216.27713012695312,2.7953785320278257e-05,0.0001711858931230381,6.686453707516193e-05,0.23266731202602386,0.25816014409065247,0.00923801027238369,0.5118465423583984,1.5134080648422241,,,,0.26534560322761536,0.2628805637359619
500,model.layers.1.mlp.up_proj.weight,3584,1024,0.00027901785714285713,0.0003782893472816795,2.657358407974243,0.0002854954218491912,1.0775810480117798,0.00013815828424412757,0.16066661477088928,0.33939099311828613,0.008023655973374844,0.5243006944656372,1.512920618057251,0.00027714355383068323,170.02700805664062,3.7839006836293265e-05,0.00020666822092607617,0.00010545250552240759,0.23192442953586578,0.25815877318382263,0.010054063983261585,0.5010326504707336,1.502276062965393,,,,,
500,model.layers.1.mlp.down_proj.weight,1024,3584,0.00027901785714285713,0.00025974668096750975,4.762014389038086,0.00029369231197051704,1.0496259927749634,0.0009115340071730316,0.20005479454994202,0.2672954499721527,0.013524485751986504,0.5205257534980774,1.4432870149612427,0.00028102239593863487,181.00184631347656,5.9446832892717794e-05,0.00021297471539583057,9.145960939349607e-05,0.22010159492492676,0.2685965299606323,0.00897554773837328,0.5360203981399536,1.4869545698165894,0.05621203035116196,0.058257538825273514,0.8736075162887573,,
500,model.layers.12.mlp.gate_proj.weight,3584,1024,0.00027901785714285713,0.0002450619067531079,2.6500279903411865,0.0002594932448118925,0.6145622134208679,0.0006356968660838902,0.19310584664344788,0.242209330201149,0.0052954223938286304,0.561210572719574,1.5306159257888794,0.00026274941046722233,167.45774841308594,1.3717937690671533e-05,0.00017389717686455697,7.975638436619192e-05,0.21455231308937073,0.27659472823143005,0.0075414604507386684,0.5437828898429871,1.5256843566894531,,,,,
500,model.layers.12.mlp.up_proj.weight,3584,1024,0.00027901785714285713,0.00023916494683362544,2.443203926086426,9.329144631919917e-06,0.9819225668907166,0.0006178941112011671,0.22615590691566467,0.24305963516235352,0.009692504070699215,0.4964481592178345,1.5140916109085083,0.0002622647734824568,134.16612243652344,3.5305456549394876e-05,0.0001979480730369687,0.00010378379374742508,0.22421717643737793,0.26428303122520447,0.00985930860042572,0.5063140988349915,1.5128514766693115,,,,,
500,model.layers.12.mlp.down_proj.weight,1024,3584,0.00027901785714285713,0.00023699560551904142,4.22824239730835,8.184299986169208e-06,0.9554013609886169,0.000169241291587241,0.22769825160503387,0.25693660974502563,0.02425987273454666,0.48327770829200745,1.4032753705978394,0.00028168840799480677,96.31925201416016,3.352833664393984e-05,0.00021280352666508406,6.526606739498675e-05,0.19594773650169373,0.2935788929462433,0.007979744113981724,0.5844196081161499,1.5044426918029785,0.05649172514677048,0.0727519541978836,0.8642801642417908,,
500,model.layers.22.mlp.gate_proj.weight,3584,1024,0.00027901785714285713,0.0002916062076110393,2.305171489715576,-0.000993182766251266,0.16427700221538544,0.0013761386508122087,0.16410388052463531,0.2811240553855896,0.00865513551980257,0.5730398297309875,1.5242303609848022,0.0002369474241277203,247.64035034179688,6.591668807232054e-06,0.00012757147487718612,0.00011402163363527507,0.22599661350250244,0.2633231580257416,0.009171342477202415,0.5285156965255737,1.512725830078125,,,,0.22181101143360138,0.22099187970161438
500,model.layers.22.mlp.up_proj.weight,3584,1024,0.00027901785714285713,0.00026855673058889806,2.592728853225708,-0.0009040246368385851,0.36369526386260986,0.0007730264915153384,0.18379993736743927,0.280495822429657,0.011530040763318539,0.537322461605072,1.5083973407745361,0.0002794147585518658,199.158447265625,-1.611982770555187e-05,0.00016001355834305286,0.00012755297939293087,0.23406095802783966,0.2564999759197235,0.009871555492281914,0.5053576827049255,1.5159348249435425,,,,,
500,model.layers.22.mlp.down_proj.weight,1024,3584,0.00027901785714285713,0.00033035059459507465,2.5344793796539307,-0.0010888156248256564,0.3282838761806488,0.0004360241873655468,0.12481208145618439,0.38040128350257874,0.01084133516997099,0.5517798066139221,1.454473853111267,0.00027532302192412317,134.45814514160156,-2.9752254704362713e-06,0.00017273212142754346,8.297000749735162e-05,0.2285074144601822,0.262207567691803,0.008804197423160076,0.5163527727127075,1.4593714475631714,0.08769720047712326,0.0798327848315239,0.8204307556152344,,
500,model.layers.1.linear_attn.in_proj_qkv.weight,6144,1024,0.00016276041666666666,0.00011722929048119113,2.50789737701416,-0.0003306322905700654,0.5324199199676514,0.0010887110838666558,0.18474997580051422,0.27132996916770935,0.010838170535862446,0.5271860957145691,1.5337873697280884,0.00014988113252911717,223.67860412597656,2.8061707780580036e-05,0.00019656014046631753,6.83289545122534e-05,0.22809433937072754,0.2639075517654419,0.006629308219999075,0.5209726691246033,1.5398372411727905,0.0448327474296093,0.04498765245079994,0.853857696056366,,
500,model.layers.1.linear_attn.out_proj.weight,1024,2048,0.00048828125,0.0002218685403931886,1.3687126636505127,-0.0006086197681725025,1.273356556892395,0.00023029890144243836,0.13423587381839752,0.36644622683525085,0.009530528448522091,0.5259177088737488,1.460504174232483,0.0004433344292920083,122.63775634765625,5.464852802106179e-05,0.00013679119001608342,0.0001000815027509816,0.21341373026371002,0.2764361500740051,0.008409122936427593,0.5472276210784912,1.4833709001541138,,,,,
500,model.layers.12.linear_attn.in_proj_qkv.weight,6144,1024,0.00016276041666666666,6.5525047830306e-05,2.280773401260376,1.84043929039035e-05,0.6608951687812805,0.0005803392268717289,0.16284669935703278,0.2565048933029175,0.003359447931870818,0.5956125259399414,1.554112195968628,0.00012680226063821465,197.89120483398438,2.390227746218443e-05,0.00019196241919416934,7.664278382435441e-05,0.21339280903339386,0.2799643278121948,0.007448486518114805,0.5370511412620544,1.5449185371398926,0.05677703768014908,0.06369968503713608,0.8304873704910278,,
500,model.layers.12.linear_attn.out_proj.weight,1024,2048,0.00048828125,0.0002768638951238245,2.058086633682251,-0.00033729177084751427,0.8549531102180481,4.348007496446371e-05,0.1761360913515091,0.3149877190589905,0.02092023938894272,0.5032089352607727,1.4141658544540405,0.000464303360786289,64.1620864868164,1.0302649570803624e-05,0.00014551841013599187,7.048425322864205e-05,0.19070494174957275,0.30410125851631165,0.007638860493898392,0.5880734920501709,1.5043028593063354,,,,,
500,model.layers.21.linear_attn.in_proj_qkv.weight,6144,1024,0.00016276041666666666,0.00010329706128686666,3.305347442626953,5.745631278841756e-05,0.12286314368247986,0.00046117472811602056,0.1848747730255127,0.2632395625114441,0.006506545469164848,0.5660755038261414,1.541481852531433,0.0001463485386921093,283.5331726074219,1.4046529486222425e-06,0.00014859387010801584,7.616949005750939e-05,0.2285364419221878,0.26167845726013184,0.008243218064308167,0.5245715975761414,1.5355055332183838,0.07042746990919113,0.07163897156715393,0.846359133720398,,
500,model.layers.21.linear_attn.out_proj.weight,1024,2048,0.00048828125,0.0003287610597908497,2.63771915435791,-0.0015877287369221449,0.18697430193424225,0.00014870375161990523,0.1526591181755066,0.34118208289146423,0.00906157586723566,0.531151294708252,1.4644248485565186,0.0004167644365224987,107.9773178100586,-3.196431862306781e-06,0.00011991081555606797,8.229453669628128e-05,0.21636860072612762,0.2752632200717926,0.008537188172340393,0.5165911912918091,1.472253680229187,,,,,
