step,matrix,m,n,r_null,G_r_spectrum,G_stable_rank_G,G_alignment_GW,G_G_fro,G_energy_top,G_energy_mid,G_energy_tail,G_energy_top_rows,G_energy_tail_rows,G_pangle_Gtop_Wtop_mean,H_r_spectrum,H_stable_rank_G,H_alignment_GW,H_G_fro,H_energy_top,H_energy_mid,H_energy_tail,H_energy_top_rows,H_energy_tail_rows,H_pangle_Gtop_Wtop_mean,n_microbatch,snr_diag_median,snr_offdiag_median,spearman_absC_snr,sig_energy_diag,sig_energy_total,noise_energy,R_sigma_cross,snr_cross_diag_median,snr_cross_offdiag_median,spearman_absC_snr_cross,spearman_absC_split,rho_sigma_absmed,rho_frame_absmed
20,model.layers.7.self_attn.q_proj.weight,4096,1024,0.000244140625,0.00026575184892863035,2.9387497901916504,-0.0011091699125245214,0.1779804676771164,0.0008253316627815366,0.17396824061870575,0.2666032314300537,0.007821530103683472,0.5347900986671448,1.5359240770339966,0.00026452686870470643,9.96213436126709,0.0021898664999753237,3.6540572182275355e-05,0.0008913795463740826,0.25384485721588135,0.21230259537696838,0.011946105398237705,0.5038406252861023,1.5143502950668335,8.0,0.06743941456079483,0.06730566918849945,0.9054322242736816,1.0152250524697592e-06,-0.0007080781506374478,0.14383789896965027,,0.0011592070804908872,-0.0004696957184933126,-0.0015002648578956723,0.05720436945557594,0.27005431056022644,0.275896817445755
20,model.layers.7.self_attn.k_proj.weight,512,1024,0.0009765625,0.0010474706068634987,4.591840744018555,-7.347667633439414e-06,0.12575840950012207,0.0018671975703909993,0.15295976400375366,0.26372838020324707,0.02477235533297062,0.6982529759407043,1.3225280046463013,0.0011408727150410414,10.487859725952148,-0.004199916962534189,1.255098050023662e-05,0.00064037402626127,0.27442505955696106,0.19112427532672882,0.01805105246603489,0.5070429444313049,1.3428118228912354,,,,,,,,,,,,,,
20,model.layers.7.self_attn.v_proj.weight,512,1024,0.0009765625,0.000885678397025913,2.1505157947540283,0.00014389293210115284,0.2483280450105667,0.0005003311671316624,0.1510365754365921,0.24619391560554504,0.003973031882196665,0.7057658433914185,1.4699029922485352,0.0010533154709264636,6.547731399536133,-0.0014602376613765955,1.2944662557856645e-05,0.0002880683168768883,0.173372283577919,0.23677222430706024,0.0070312852039933205,0.6841850280761719,1.4303423166275024,,,,,,,,,,,,,,
20,model.layers.7.self_attn.o_proj.weight,1024,2048,0.00048828125,0.0002445827703922987,2.2567873001098633,4.6450895752059296e-05,0.41721975803375244,2.7177973606740125e-05,0.14156204462051392,0.3676476776599884,0.013124228455126286,0.5388853549957275,1.4278732538223267,0.0003334888897370547,5.233974933624268,-0.001086825504899025,2.5732515496201813e-05,0.00010636996012181044,0.19048869609832764,0.2918536067008972,0.016799286007881165,0.4689567983150482,1.4040484428405762,,,,,,,,,,,,,,
20,model.layers.15.self_attn.q_proj.weight,4096,1024,0.000244140625,0.00012147785309934989,3.9138293266296387,-0.00010002564522437751,0.19193315505981445,0.00044059971696697176,0.2078930288553238,0.2410949319601059,0.00403826916590333,0.4501434862613678,1.5468753576278687,0.0002569389180280268,9.513612747192383,-0.001424115151166916,3.542696504155174e-05,0.0005198385915718973,0.24557097256183624,0.22753793001174927,0.01298387162387371,0.4598637521266937,1.5029655694961548,8.0,0.07475462555885315,0.0685824528336525,0.9071601629257202,2.2013639409124153e-06,-0.0005097255343571305,0.17499107122421265,,0.002970165805891156,-0.0007188578019849956,0.0005116670508868992,0.04395173117518425,,
20,model.layers.15.self_attn.k_proj.weight,512,1024,0.0009765625,0.0008925710571929812,5.7194013595581055,5.0166790970251895e-06,0.1599491834640503,0.00013533532910514623,0.24905925989151,0.22918719053268433,0.003365487093105912,0.5500798225402832,1.472293734550476,0.0009743244736455381,11.639754295349121,0.0007165601127780974,1.2382985005388036e-05,5.0974405894521624e-05,0.27360984683036804,0.21555361151695251,0.007291738409548998,0.4947567284107208,1.4501208066940308,,,,,,,,,,,,,,
20,model.layers.15.self_attn.v_proj.weight,512,1024,0.0009765625,0.0009315988863818347,1.8473831415176392,-0.0007724770694039762,0.16981154680252075,9.556412987876683e-05,0.1774412989616394,0.2645905911922455,0.002009804593399167,0.6697225570678711,1.47620689868927,0.0009672933956608176,4.7106122970581055,0.0029323117341846228,1.2678382518060971e-05,0.00029143542633391917,0.19797275960445404,0.23872773349285126,0.00568070774897933,0.6206540465354919,1.4444774389266968,,,,,,,,,,,,,0.28510725498199463,0.2891539931297302
20,model.layers.15.self_attn.o_proj.weight,1024,2048,0.00048828125,0.0004687710606958717,1.817984938621521,-0.0002541782450862229,0.3079386055469513,2.516212043701671e-05,0.08491423726081848,0.4496442973613739,0.01303767878562212,0.5696468353271484,1.4554208517074585,0.00037198507925495505,4.569031238555908,0.0006611708085983992,2.5294062652392313e-05,9.710521408123896e-05,0.19776202738285065,0.2908642590045929,0.017153659835457802,0.513440728187561,1.425215721130371,,,,,,,,,,,,,,
20,model.layers.19.self_attn.q_proj.weight,4096,1024,0.000244140625,0.0001669284247327596,4.3537445068359375,0.0001143761255661957,0.10893876850605011,0.0004483203520067036,0.21362082660198212,0.24353165924549103,0.008211424574255943,0.4432944059371948,1.5317096710205078,0.00023472480825148523,10.002603530883789,0.0003973558486904949,3.462735912762582e-05,0.0004583129775710404,0.24544061720371246,0.2308603972196579,0.018767250701785088,0.4596520960330963,1.4888662099838257,8.0,0.06299638748168945,0.0627761259675026,0.8950099349021912,-9.047923867910868e-07,-0.001173629192635417,0.07013089954853058,,-0.0012531293323263526,-0.0019697833340615034,0.010620185174047947,0.07306094467639923,,
20,model.layers.19.self_attn.k_proj.weight,512,1024,0.0009765625,0.0011441101087257266,4.363938331604004,8.169702596205752e-06,0.1072380393743515,0.0003919293521903455,0.24342472851276398,0.2253267914056778,0.011113375425338745,0.575863778591156,1.3826236724853516,0.0009984044590964913,11.899858474731445,0.002006515394896269,1.2068256182828918e-05,0.00036708690458908677,0.2789195477962494,0.20767340064048767,0.01582464948296547,0.46683618426322937,1.362998604774475,,,,,,,,,,,,,,
20,model.layers.19.self_attn.v_proj.weight,512,1024,0.0009765625,0.0009813704527914524,1.7069048881530762,-0.00221817335113883,0.09208746999502182,0.0012863663723692298,0.13180769979953766,0.2699486017227173,0.005871836561709642,0.700334906578064,1.4339348077774048,0.001147202798165381,4.0999836921691895,0.0014375047758221626,1.2481951671361458e-05,0.0003846994077321142,0.18073871731758118,0.29929623007774353,0.007084445562213659,0.6491298079490662,1.4181066751480103,,,,,,,,,,,,,,
20,model.layers.19.self_attn.o_proj.weight,1024,2048,0.00048828125,0.0005716461455449462,1.419157862663269,-0.0006569789838977158,0.1844608038663864,7.8206168836914e-05,0.058101244270801544,0.4992944002151489,0.006477665156126022,0.5955528020858765,1.4616756439208984,0.0003968051169067621,5.743215560913086,-0.0001889501727418974,2.513293111405801e-05,0.0001549853477627039,0.1821690797805786,0.31775662302970886,0.011557052843272686,0.5858821868896484,1.445722222328186,,,,,,,,,,,,,,
20,model.layers.1.mlp.gate_proj.weight,3584,1024,0.00027901785714285713,0.00026637344853952527,3.245509624481201,0.0011208177311345935,0.15503962337970734,0.00047665476449765265,0.17769089341163635,0.3113912045955658,0.009105737321078777,0.5362731218338013,1.5155295133590698,0.0003118765016552061,11.36544418334961,-0.0012546455254778266,3.5737717553274706e-05,0.0001685133611317724,0.25825557112693787,0.2285648137331009,0.009767713025212288,0.5010306239128113,1.509230613708496,,,,,,,,,,,,,0.2820069193840027,0.2801695466041565
20,model.layers.1.mlp.up_proj.weight,3584,1024,0.00027901785714285713,0.0002326913963770494,2.9183642864227295,0.0010931271826848388,0.2583155632019043,0.0001626145385671407,0.16268984973430634,0.3230873644351959,0.009209414944052696,0.5032910108566284,1.5102595090866089,0.0002793792518787086,11.459885597229004,-0.000939209247007966,3.5385266528464854e-05,0.00014342744543682784,0.25707289576530457,0.2307870090007782,0.010102580301463604,0.4972665011882782,1.511268973350525,,,,,,,,,,,,,,
20,model.layers.1.mlp.down_proj.weight,1024,3584,0.00027901785714285713,0.00028492059209384024,5.352670669555664,0.0010707745095714927,0.2625340223312378,0.0006422465667128563,0.17833977937698364,0.29771164059638977,0.011811070144176483,0.5747161507606506,1.437045693397522,0.00026898353826254606,12.38026237487793,-0.0010106716072186828,3.536223084665835e-05,0.0003290842578280717,0.2338721752166748,0.24928367137908936,0.015167763456702232,0.4997825622558594,1.426228642463684,8.0,0.061821483075618744,0.06443522870540619,0.9223642349243164,-8.109929694910534e-06,-0.005388977937400341,0.6261091232299805,,-0.005525214597582817,-0.0013713239459320903,0.004017460625618696,0.04397834464907646,,
20,model.layers.12.mlp.gate_proj.weight,3584,1024,0.00027901785714285713,0.00024288367421831936,2.9183285236358643,-0.00014891599130351096,0.2170231193304062,0.0010784546611830592,0.18143217265605927,0.24930904805660248,0.007604577112942934,0.5828007459640503,1.5264991521835327,0.00028431389364413917,7.400633335113525,-0.0007472069119103253,3.458905848674476e-05,0.00046410472714342177,0.2574481964111328,0.21502675116062164,0.010830622166395187,0.5007108449935913,1.5108033418655396,,,,,,,,,,,,,,
20,model.layers.12.mlp.up_proj.weight,3584,1024,0.00027901785714285713,0.00028175467741675675,2.6944103240966797,-0.00014115865633357316,0.35873743891716003,0.00039922926225699484,0.2071550339460373,0.2605034112930298,0.006871796678751707,0.5358449816703796,1.5165079832077026,0.00028161995578557253,7.0878214836120605,0.00024124929041136056,3.448121788096614e-05,0.0003854997339658439,0.2625177204608917,0.21132437884807587,0.009163648821413517,0.5029613971710205,1.5116322040557861,,,,,,,,,,,,,,
20,model.layers.12.mlp.down_proj.weight,1024,3584,0.00027901785714285713,0.00027194569702260196,5.415099143981934,-0.00015324958076234907,0.34394073486328125,0.00014615936379414052,0.2070787250995636,0.28305143117904663,0.01971048302948475,0.5158388614654541,1.4272788763046265,0.0002857848012354225,6.56799840927124,0.00032490098965354264,3.4629832953214645e-05,0.00020725015201605856,0.2413203865289688,0.24396972358226776,0.021874643862247467,0.4768272638320923,1.3935884237289429,8.0,0.06708313524723053,0.06218516081571579,0.9227240085601807,-6.104969543230254e-06,-0.007912174798548222,0.8542007207870483,,0.0010310591896995902,-0.0014508848544210196,0.007966660894453526,0.029220538213849068,,
20,model.layers.22.mlp.gate_proj.weight,3584,1024,0.00027901785714285713,0.00027185503859072924,3.213789224624634,-0.0004596073704306036,0.08089003711938858,0.0019089848501607776,0.17428083717823029,0.2646678686141968,0.01020972989499569,0.575000524520874,1.5189530849456787,0.000285452842945233,8.523415565490723,-0.0015257453778758645,3.248936991440132e-05,0.0006105999345891178,0.23543639481067657,0.22678565979003906,0.010238585993647575,0.496543824672699,1.5049985647201538,,,,,,,,,,,,,0.24604284763336182,0.24937494099140167
20,model.layers.22.mlp.up_proj.weight,3584,1024,0.00027901785714285713,0.0006011174991726875,3.6187238693237305,-9.478307038079947e-05,0.16912852227687836,0.00106373883318156,0.17573358118534088,0.2952379882335663,0.015207874588668346,0.5804353952407837,1.5057744979858398,0.00031834127730689943,7.226001262664795,0.0008140649879351258,3.3012092899298295e-05,0.0008182154269888997,0.2250751554965973,0.24311527609825134,0.01303082425147295,0.5048197507858276,1.5024950504302979,,,,,,,,,,,,,,
20,model.layers.22.mlp.down_proj.weight,1024,3584,0.00027901785714285713,0.0004233400977682322,2.8034379482269287,-0.00010816413123393431,0.1671246886253357,0.00015555480786133558,0.10640959441661835,0.4219508767127991,0.007170583121478558,0.5871657729148865,1.4735151529312134,0.000310921372147277,5.891603469848633,-0.0005650519160553813,3.3131680538645014e-05,0.00022016120783519,0.201920747756958,0.2849302589893341,0.009417970664799213,0.5548012852668762,1.45319402217865,8.0,0.05805429071187973,0.05762695148587227,0.8692053556442261,6.808493253629422e-06,-0.0006247747223824263,0.3669320344924927,,0.0003606460231821984,-0.00027161574689671397,-0.010320647619664669,0.11365893483161926,,
20,model.layers.1.linear_attn.in_proj_qkv.weight,6144,1024,0.00016276041666666666,0.00015408647595904768,2.6224007606506348,0.00018615054432302713,0.12563011050224304,0.001027880934998393,0.1846364140510559,0.2628141939640045,0.009257175959646702,0.5167376399040222,1.5362548828125,0.00014710301184095442,10.874726295471191,0.00043527939124032855,4.592637560563162e-05,0.0003442918532527983,0.25488942861557007,0.22210349142551422,0.009309675544500351,0.5033281445503235,1.5277817249298096,8.0,0.06548933684825897,0.06377605348825455,0.9084653258323669,8.762785341787094e-08,-0.0010998810175806284,0.07135763764381409,,-0.0001513985189376399,-0.002549444092437625,2.7109335860586725e-05,0.06809477508068085,,
20,model.layers.1.linear_attn.out_proj.weight,1024,2048,0.00048828125,0.00016175398195628077,1.3768548965454102,-0.000265476293861866,0.30416223406791687,0.0003411736397538334,0.11460480839014053,0.3931068181991577,0.013527005910873413,0.5505890250205994,1.4513978958129883,0.0005608824430964887,11.227678298950195,0.00017890580056700855,2.6480041924514808e-05,0.00035759195452556014,0.24008916318416595,0.24204027652740479,0.014447171241044998,0.5056201219558716,1.4374176263809204,,,,,,,,,,,,,,
20,model.layers.12.linear_attn.in_proj_qkv.weight,6144,1024,0.00016276041666666666,5.442862311610952e-05,1.857890248298645,-2.5763451048987918e-05,0.2427242249250412,0.00036203127820044756,0.14994393289089203,0.2558905780315399,0.0026394957676529884,0.6040752530097961,1.554563045501709,0.00012786906154360622,8.309924125671387,0.00035449760616756976,4.459578121895902e-05,0.00031484171631745994,0.2534931004047394,0.21670041978359222,0.007541588041931391,0.5060048699378967,1.5369081497192383,8.0,0.060688138008117676,0.06715453416109085,0.8868488073348999,-1.9604335648182314e-06,7.169655873440206e-05,0.0938265323638916,-0.02734348202234648,-0.0030600992031395435,-0.0001688103802734986,-0.0010965034598484635,0.07707002013921738,,
20,model.layers.12.linear_attn.out_proj.weight,1024,2048,0.00048828125,0.00046619100612588227,2.2032201290130615,0.000871420546900481,0.3063625991344452,4.163253106526099e-05,0.15230445563793182,0.3487960696220398,0.020748049020767212,0.5324223637580872,1.4306598901748657,0.00046151847345754504,4.728853702545166,0.000119760115921963,2.5887808078550734e-05,0.0001161938562290743,0.2294623851776123,0.2579059898853302,0.019298456609249115,0.5007211565971375,1.3887712955474854,,,,,,,,,,,,,,
20,model.layers.21.linear_attn.in_proj_qkv.weight,6144,1024,0.00016276041666666666,9.39190576900728e-05,3.105987310409546,0.0005350143183022738,0.060899898409843445,0.0006281097303144634,0.17600472271442413,0.2553776800632477,0.0051673888228833675,0.5830942392349243,1.5451172590255737,0.00014401704538613558,8.878522872924805,-0.00011414989421609789,4.29010069638025e-05,0.0008243441698141396,0.24042627215385437,0.22440849244594574,0.012762190774083138,0.4925277829170227,1.5253524780273438,8.0,0.0595230795443058,0.057579271495342255,0.9046661853790283,-2.73253306204424e-07,-0.0001293590757995844,0.009399136528372765,,-0.0014545684680342674,-0.0021829907782375813,0.0031449480447918177,0.05486362800002098,,
20,model.layers.21.linear_attn.out_proj.weight,1024,2048,0.00048828125,0.0004134422051720321,3.1697614192962646,-0.0002689042885322124,0.1096489205956459,9.23526386031881e-05,0.1529862880706787,0.3512735962867737,0.0076180496253073215,0.5387428402900696,1.4721755981445312,0.0005013941554352641,4.111470699310303,-0.0001914277527248487,2.5585597541066818e-05,0.00017663397011347115,0.21113325655460358,0.2821955680847168,0.008655821904540062,0.543095588684082,1.4643710851669312,,,,,,,,,,,,,,
40,model.layers.7.self_attn.q_proj.weight,4096,1024,0.000244140625,0.00013883764040656388,2.2848782539367676,-0.00020800516358576715,0.30550017952919006,0.0012079457519575953,0.16854993999004364,0.2683434784412384,0.008903692476451397,0.5389655828475952,1.536751627922058,0.00026365541270934045,9.376333236694336,0.00019874989811796695,3.1675994250690565e-05,0.0007262247381731868,0.26226359605789185,0.2055153101682663,0.010441103018820286,0.4952930808067322,1.5168673992156982,8.0,0.09266991913318634,0.098439522087574,0.7286220788955688,-3.499107833704329e-06,0.0005015970673412085,0.19177564978599548,-0.006975933595967541,-0.0033711798023432493,0.00024847121676430106,-0.01668092980980873,0.06408510357141495,0.29016968607902527,0.2957960069179535
40,model.layers.7.self_attn.k_proj.weight,512,1024,0.0009765625,0.0012469730572775006,2.3211326599121094,7.4897311606036965e-06,0.25624963641166687,0.0023837261833250523,0.13379433751106262,0.2527458667755127,0.018917230889201164,0.7361959218978882,1.3049732446670532,0.0013990772422403097,8.142462730407715,0.0007708576740697026,1.1233546501898672e-05,0.0012131028342992067,0.27196168899536133,0.1859230250120163,0.01723882183432579,0.5148656368255615,1.3281663656234741,,,,,,,,,,,,,,
40,model.layers.7.self_attn.v_proj.weight,512,1024,0.0009765625,0.0008598598651587963,1.7187697887420654,0.0024272208102047443,0.39447110891342163,0.00028393350658006966,0.1378871202468872,0.2571907639503479,0.0030243215151131153,0.7328134775161743,1.4639312028884888,0.0010659644613042474,5.225263595581055,-0.003519168123602867,1.1291693226667121e-05,0.00020507200679276139,0.1759854406118393,0.2291283905506134,0.00621779216453433,0.6846354603767395,1.4467304944992065,,,,,,,,,,,,,,
40,model.layers.7.self_attn.o_proj.weight,1024,2048,0.00048828125,0.00020452492753975093,1.9067717790603638,0.00081814726581797,0.6216917037963867,7.48805541661568e-05,0.1478317528963089,0.34698089957237244,0.02197127602994442,0.5119430422782898,1.4202524423599243,0.00034368649357929826,4.404160022735596,-0.0011470052413642406,2.281062916154042e-05,9.060502634383738e-05,0.18623223900794983,0.2972288429737091,0.01778567209839821,0.48010730743408203,1.423872470855713,,,,,,,,,,,,,,
40,model.layers.15.self_attn.q_proj.weight,4096,1024,0.000244140625,0.00011938552052015439,4.074539661407471,-5.752857032348402e-05,0.2652343809604645,0.00029096778598614037,0.20636221766471863,0.24608877301216125,0.003583343233913183,0.4636005759239197,1.5448685884475708,0.0003311778709758073,8.720486640930176,0.0010126965353265405,3.12799857056234e-05,0.0012253387831151485,0.24820896983146667,0.22234652936458588,0.01588532142341137,0.4519726037979126,1.498146891593933,8.0,0.08971317112445831,0.09553004801273346,0.7657510042190552,1.2605454458025633e-06,0.00015604723012074828,0.14568622410297394,0.008077973859754908,-0.004338422324508429,0.0012934543192386627,-0.014050940051674843,0.03094552829861641,,
40,model.layers.15.self_attn.k_proj.weight,512,1024,0.0009765625,0.0009301729151047766,5.062210559844971,-6.717917131027207e-06,0.2148231863975525,4.672766226576641e-05,0.23758836090564728,0.24323925375938416,0.003423575311899185,0.5706062912940979,1.4761533737182617,0.0010586630087345839,11.550795555114746,0.0010923458030447364,1.0870637197513133e-05,8.478976087644696e-05,0.27812638878822327,0.21665418148040771,0.007497160229831934,0.49945247173309326,1.4231363534927368,,,,,,,,,,,,,,
40,model.layers.15.self_attn.v_proj.weight,512,1024,0.0009765625,0.0008707537781447172,2.1810460090637207,-0.0016488507390022278,0.21272778511047363,0.00021699522039853036,0.2031995952129364,0.2407946139574051,0.0061220633797347546,0.6208254098892212,1.437596321105957,0.0010648197494447231,3.3042781352996826,0.007037660572677851,1.1960393749177456e-05,0.0001871707063401118,0.17989541590213776,0.2558578550815582,0.006401167716830969,0.6618059873580933,1.440995216369629,,,,,,,,,,,,,0.27533090114593506,0.2565860450267792
40,model.layers.15.self_attn.o_proj.weight,1024,2048,0.00048828125,0.0004410260880831629,1.8226209878921509,-0.00048574196989648044,0.4339187443256378,2.1491012375918217e-05,0.08854034543037415,0.4624786078929901,0.009396982379257679,0.5980339050292969,1.4579657316207886,0.0003758389793802053,4.7120161056518555,0.0025372882373631,2.260804467368871e-05,0.00014346375246532261,0.19252818822860718,0.2927910089492798,0.029833262786269188,0.5136246681213379,1.408276915550232,,,,,,,,,,,,,,
40,model.layers.19.self_attn.q_proj.weight,4096,1024,0.000244140625,0.00016595238412264735,2.884019136428833,0.0014613870298489928,0.1678604781627655,0.0003653442836366594,0.2265799194574356,0.23274236917495728,0.009021754376590252,0.438574880361557,1.524769902229309,0.0002396853087702766,8.564115524291992,-0.0004083267704118043,3.108354576397687e-05,0.0007997823995538056,0.24465450644493103,0.22785647213459015,0.02471434324979782,0.45854705572128296,1.4798635244369507,8.0,0.10164790600538254,0.09933013468980789,0.7497289776802063,4.0563298853157903e-07,0.00070802285335958,0.06344515085220337,0.0005729094570985157,0.0033234129659831524,0.0025051753036677837,0.007268983405083418,0.05543537437915802,,
40,model.layers.19.self_attn.k_proj.weight,512,1024,0.0009765625,0.0010365138296037912,3.466038703918457,-1.1759802873712033e-05,0.16357900202274323,0.00018335292406845838,0.24657930433750153,0.22602561116218567,0.010437659919261932,0.5620315670967102,1.376074194908142,0.0009893683018162847,10.030803680419922,0.0011664085322991014,1.1084933248639572e-05,0.0008151259389705956,0.2756006419658661,0.2069881409406662,0.01758081093430519,0.4701205790042877,1.3408552408218384,,,,,,,,,,,,,,
40,model.layers.19.self_attn.v_proj.weight,512,1024,0.0009765625,0.0008346947724930942,1.4850646257400513,-0.0006945998757146299,0.12963002920150757,0.0009846151806414127,0.11296574771404266,0.28741776943206787,0.0049562049098312855,0.7227765917778015,1.4071720838546753,0.0009532150579616427,4.07974100112915,0.0021922129672020674,1.106405852624448e-05,0.00028248399030417204,0.17838925123214722,0.3038719594478607,0.006531097926199436,0.652224600315094,1.4356194734573364,,,,,,,,,,,,,,
40,model.layers.19.self_attn.o_proj.weight,1024,2048,0.00048828125,0.0004725739418063313,1.3919460773468018,-0.00020400293578859419,0.26053881645202637,4.8219782911473885e-05,0.05102479085326195,0.5379356145858765,0.006610766518861055,0.6427627801895142,1.4603735208511353,0.000392439600545913,6.090799808502197,0.0010213440982624888,2.2001442630426027e-05,0.00012226082617416978,0.18361668288707733,0.3099933862686157,0.011236513033509254,0.5755605697631836,1.4381622076034546,,,,,,,,,,,,,,
40,model.layers.1.mlp.gate_proj.weight,3584,1024,0.00027901785714285713,0.00044813277781940997,3.2092227935791016,8.943425200413913e-05,0.263512521982193,0.00028743973234668374,0.18107585608959198,0.30605798959732056,0.007773199584335089,0.5337463021278381,1.520843744277954,0.00029305199859663844,12.22437572479248,-0.00022592763707507402,3.130069308099337e-05,0.00015270922449417412,0.2617305517196655,0.22446198761463165,0.009936129674315453,0.4967629611492157,1.5111368894577026,,,,,,,,,,,,,0.2512938976287842,0.25350114703178406
40,model.layers.1.mlp.up_proj.weight,3584,1024,0.00027901785714285713,0.00029962416738271713,2.881972551345825,0.0005051012267358601,0.44970571994781494,0.00015674369933549315,0.16409003734588623,0.3325176239013672,0.008831720799207687,0.5127257704734802,1.5143991708755493,0.0002991007058881223,11.919666290283203,3.5993802157463506e-05,3.1243544071912766e-05,0.00015751052706036717,0.2547433078289032,0.2309454083442688,0.010003386996686459,0.5024811029434204,1.505626916885376,,,,,,,,,,,,,,
40,model.layers.1.mlp.down_proj.weight,1024,3584,0.00027901785714285713,0.0003034165711142123,5.492537021636963,0.000515120045747608,0.43956485390663147,0.0010464128572493792,0.1860830932855606,0.28823408484458923,0.012408834882080555,0.5567622184753418,1.4516500234603882,0.0002793007006403059,12.906196594238281,-8.251010876847431e-05,3.1234412745106965e-05,0.00033089632051996887,0.23393209278583527,0.25075191259384155,0.01433869730681181,0.5000924468040466,1.4246877431869507,8.0,0.09455563873052597,0.09377944469451904,0.7947798371315002,-5.587482519331388e-06,-0.001559336669743061,0.6112531423568726,,0.0002561836736276746,-0.0006279347580857575,0.009700479917228222,0.047816190868616104,,
40,model.layers.12.mlp.gate_proj.weight,3584,1024,0.00027901785714285713,0.00019401247845962644,2.9108569622039795,0.0008807617123238742,0.2984667420387268,0.0011719362810254097,0.19033440947532654,0.23874306678771973,0.007252295035868883,0.561916708946228,1.5310641527175903,0.00028030024259351194,7.7945733070373535,-0.0017337714089080691,2.9540831746999174e-05,0.00045583618339151144,0.25876057147979736,0.2137613743543625,0.009754294529557228,0.4996340870857239,1.5154284238815308,,,,,,,,,,,,,,
40,model.layers.12.mlp.up_proj.weight,3584,1024,0.00027901785714285713,0.000272643897915259,2.887902021408081,0.0009014305542223155,0.4808308780193329,0.0005190680967643857,0.22287340462207794,0.24748116731643677,0.008971327915787697,0.5027614235877991,1.518759846687317,0.0003023281169589609,6.513498783111572,-0.00028958034818060696,2.9937742510810494e-05,0.0004931751172989607,0.2660253345966339,0.20852844417095184,0.011764530092477798,0.4979444444179535,1.5037992000579834,,,,,,,,,,,,,,
40,model.layers.12.mlp.down_proj.weight,1024,3584,0.00027901785714285713,0.0002467560116201639,6.2567901611328125,0.0009238365455530584,0.484384685754776,0.00014068167365621775,0.2004585713148117,0.29181602597236633,0.020563950762152672,0.5312672257423401,1.3999130725860596,0.000263574329437688,7.624661922454834,-0.0005484615685418248,2.9757513402728364e-05,0.0001865865633590147,0.24131937325000763,0.24190759658813477,0.02476455457508564,0.46846771240234375,1.3670870065689087,8.0,0.09784463047981262,0.09666338562965393,0.7832314968109131,1.745756208038074e-06,0.004529550671577454,0.8870009183883667,0.00038541487547375197,0.0073145716451108456,0.0022041972260922194,-0.0011698318412527442,0.022066667675971985,,
40,model.layers.22.mlp.gate_proj.weight,3584,1024,0.00027901785714285713,0.00025558334891684353,2.9646592140197754,0.0017957660602405667,0.11581851541996002,0.0009532672120258212,0.1757052093744278,0.26613596081733704,0.008005497977137566,0.5563133358955383,1.5202192068099976,0.0002727989631239325,8.881479263305664,-0.0017901816172525287,2.8401758754625916e-05,0.0005906202713958919,0.23547178506851196,0.2270079404115677,0.009611287154257298,0.498503178358078,1.5097644329071045,,,,,,,,,,,,,0.2078874558210373,0.22623488306999207
40,model.layers.22.mlp.up_proj.weight,3584,1024,0.00027901785714285713,0.00019339473510626704,2.924333095550537,0.0007908144616521895,0.2592924237251282,0.00037699186941608787,0.17962920665740967,0.29335635900497437,0.009498164057731628,0.5778021216392517,1.5161888599395752,0.00029352647834457457,7.573835372924805,0.0002543919545132667,2.8908641979796812e-05,0.0006529127131216228,0.2264869064092636,0.24445843696594238,0.013270636089146137,0.5051917433738708,1.4988272190093994,,,,,,,,,,,,,,
40,model.layers.22.mlp.down_proj.weight,1024,3584,0.00027901785714285713,0.0003978245076723397,2.5555872917175293,0.0009554799762554467,0.23467546701431274,0.00018540480232331902,0.10850503295660019,0.406566858291626,0.00866619311273098,0.5611591935157776,1.4604029655456543,0.00028365710750222206,6.466196537017822,-5.782321386504918e-05,2.9104821805958636e-05,0.00016100182256195694,0.20216071605682373,0.28488093614578247,0.008684676140546799,0.5547135472297668,1.4632548093795776,8.0,0.10191690921783447,0.09576597064733505,0.7369329929351807,-1.3053338534518844e-06,0.002309946808964014,0.2787555158138275,-0.0005650926022999259,0.005588710308074951,0.002076373901218176,-0.010996151715517044,0.10649742186069489,,
40,model.layers.1.linear_attn.in_proj_qkv.weight,6144,1024,0.00016276041666666666,0.0001471798459533602,2.4324700832366943,-0.0004865036753471941,0.21730192005634308,0.0008289377437904477,0.18058975040912628,0.27124613523483276,0.0073218266479671,0.5218799114227295,1.5393017530441284,0.00015175669977907091,9.225043296813965,0.0007874991279095411,4.156999784754589e-05,0.00034336495446041226,0.25394511222839355,0.2222377508878708,0.009691468439996243,0.5048959851264954,1.525694727897644,8.0,0.10319022089242935,0.09241937100887299,0.7822492122650146,-1.9783446987275966e-06,-0.0005415331106632948,0.07334955036640167,,0.004136731848120689,-0.0023366110399365425,0.004242890514433384,0.057036399841308594,,
40,model.layers.1.linear_attn.out_proj.weight,1024,2048,0.00048828125,0.00017185864271596074,1.3652108907699585,0.00029273913241922855,0.5142207741737366,0.00020095800573471934,0.12095701694488525,0.3837200403213501,0.00781795009970665,0.5436535477638245,1.4679505825042725,0.0005704849609173834,10.343646049499512,-0.00046708222362212837,2.381901504122652e-05,0.0002791481965687126,0.2429926097393036,0.24026690423488617,0.012829223647713661,0.5045044422149658,1.44024658203125,,,,,,,,,,,,,,
40,model.layers.12.linear_attn.in_proj_qkv.weight,6144,1024,0.00016276041666666666,5.9281901485519484e-05,2.312323570251465,-0.0001625205622985959,0.27932342886924744,0.00026860079378820956,0.15617337822914124,0.26450857520103455,0.002528386889025569,0.6030831336975098,1.5539952516555786,0.00013425703218672425,7.5206451416015625,-0.00042324859532527626,3.996455779997632e-05,0.000451441272161901,0.2500323951244354,0.21668529510498047,0.008007591590285301,0.5092434883117676,1.53460693359375,8.0,0.09364096820354462,0.09937851130962372,0.7434259653091431,-4.4910061092195974e-07,0.0005870290333405137,0.11253485083580017,-0.0007650398624516637,0.003168785246089101,0.0025909896939992905,0.010006820783019066,0.0976434275507927,,
40,model.layers.12.linear_attn.out_proj.weight,1024,2048,0.00048828125,0.0003074547275900841,2.533484697341919,-0.0006441339501179755,0.40807202458381653,3.850301436614245e-05,0.15733696520328522,0.3419276773929596,0.01137870829552412,0.5326796174049377,1.4490814208984375,0.0004607214068528265,4.614411354064941,-0.0005860821111127734,2.2857524527353235e-05,0.00014577159890905023,0.23590779304504395,0.2517789602279663,0.021589627489447594,0.48757266998291016,1.3914698362350464,,,,,,,,,,,,,,
40,model.layers.21.linear_attn.in_proj_qkv.weight,6144,1024,0.00016276041666666666,0.00012529766536317766,3.3383004665374756,0.0005473655182868242,0.08182699978351593,0.0007950318977236748,0.18704365193843842,0.24279798567295074,0.006094721611589193,0.5670434236526489,1.5431759357452393,0.00013349647633731365,9.362768173217773,-0.0005893068737350404,3.707646101247519e-05,0.00045491408673115075,0.2415771782398224,0.22612364590168,0.010460665449500084,0.4919252097606659,1.5285881757736206,8.0,0.11419523507356644,0.10206962376832962,0.7455514669418335,2.3457741349375283e-07,0.00012146266817580909,0.011942083016037941,0.0019312716986771418,0.016077661886811256,0.0037145628593862057,-0.0076326048001646996,0.04900596663355827,,
40,model.layers.21.linear_attn.out_proj.weight,1024,2048,0.00048828125,0.0003991408448200673,2.6242165565490723,-8.986247848952189e-05,0.14390483498573303,0.00020759037579409778,0.14611995220184326,0.3602238595485687,0.008860860951244831,0.5504235625267029,1.4655702114105225,0.0004915978061035275,4.383001804351807,-0.0005850532907061279,2.2307587641989812e-05,0.00017489255697000772,0.21582552790641785,0.2730526328086853,0.009480717591941357,0.5286065936088562,1.4616488218307495,,,,,,,,,,,,,,
60,model.layers.7.self_attn.q_proj.weight,4096,1024,0.000244140625,0.00012376905942801386,2.309265375137329,0.00022284466831479222,0.18378311395645142,0.0012140858452767134,0.17874103784561157,0.2591884434223175,0.011143353767693043,0.5191519856452942,1.5316238403320312,0.00021915648540016264,6.645687580108643,0.00015962471661623567,3.47860659530852e-05,0.0003975996805820614,0.25678592920303345,0.20471777021884918,0.009878817945718765,0.4946461617946625,1.517936110496521,8.0,0.07386628538370132,0.08119996637105942,0.8146212697029114,1.647401177251595e-06,-0.0009468492353335023,0.09058967232704163,,-0.004850712604820728,-0.004241769667714834,0.008778216317296028,0.05578000843524933,0.24185152351856232,0.24876797199249268
60,model.layers.7.self_attn.k_proj.weight,512,1024,0.0009765625,0.000853559176903218,2.5777394771575928,-6.0416004998842254e-06,0.13815389573574066,0.00108727824408561,0.12001386284828186,0.2601487338542938,0.017737770453095436,0.7646971344947815,1.3215045928955078,0.0009923999896273017,6.754406929016113,0.0013711469946429133,1.2367440831440035e-05,0.00022868339146953076,0.2571331262588501,0.20609799027442932,0.013871678151190281,0.5301358699798584,1.3608410358428955,,,,,,,,,,,,,,
60,model.layers.7.self_attn.v_proj.weight,512,1024,0.0009765625,0.0009458795539103448,1.9596915245056152,-0.004424687474966049,0.25317999720573425,0.0004537618369795382,0.13263580203056335,0.2503683567047119,0.0032783946953713894,0.7466755509376526,1.467477560043335,0.0009765097638592124,4.541548728942871,0.0005775164463557303,1.298471397603862e-05,0.0004575409402605146,0.1694871038198471,0.23127920925617218,0.006257584318518639,0.6807466149330139,1.4513511657714844,,,,,,,,,,,,,,
60,model.layers.7.self_attn.o_proj.weight,1024,2048,0.00048828125,0.0002233770355815068,2.283210515975952,-0.0014810499269515276,0.40028154850006104,4.255699968780391e-05,0.13992436230182648,0.3674285113811493,0.015115201473236084,0.5381804704666138,1.4305511713027954,0.0003260060620959848,3.8213634490966797,0.0006790123879909515,2.5094970624195412e-05,0.00012640291242860258,0.19068275392055511,0.2895204722881317,0.016320206224918365,0.4647537171840668,1.4154640436172485,,,,,,,,,,,,,,
60,model.layers.15.self_attn.q_proj.weight,4096,1024,0.000244140625,0.00016434330609627068,4.800321102142334,-0.0002808554854709655,0.17907516658306122,0.00013646058505401015,0.21582083404064178,0.2397829294204712,0.0035089636221528053,0.4473419189453125,1.5490716695785522,0.00026483426336199045,8.026443481445312,0.0008357082260772586,3.0921626603230834e-05,0.0005171297234483063,0.24886047840118408,0.22585150599479675,0.012799819931387901,0.455718994140625,1.5075764656066895,8.0,0.09003306180238724,0.08848179876804352,0.7994248867034912,3.86057399737183e-06,-0.0002609764924272895,0.1091790646314621,,0.00563082518056035,-0.00048184985644184053,-0.014460152946412563,0.020005464553833008,,
60,model.layers.15.self_attn.k_proj.weight,512,1024,0.0009765625,0.001077116932719946,6.295429229736328,-6.998535354796331e-06,0.14483821392059326,0.0001668795448495075,0.2548641264438629,0.2347322702407837,0.004222302231937647,0.5402377247810364,1.4662655591964722,0.0011091716587543488,11.603824615478516,-0.0013955696485936642,1.0843319614650682e-05,4.5107164623914286e-05,0.2725491523742676,0.21883425116539001,0.007621461059898138,0.4989037811756134,1.4385145902633667,,,,,,,,,,,,,,
60,model.layers.15.self_attn.v_proj.weight,512,1024,0.0009765625,0.0009791748598217964,2.107156753540039,-0.0002680814068298787,0.15239231288433075,0.0003597777977120131,0.1846664696931839,0.2625636160373688,0.004348647315055132,0.6532760262489319,1.443834662437439,0.0009005272295325994,4.072141170501709,0.005141743458807468,1.1342260222590994e-05,0.00021014022058807313,0.19317787885665894,0.2421359121799469,0.005629165563732386,0.6350395679473877,1.4396324157714844,,,,,,,,,,,,,0.262490451335907,0.2794216275215149
60,model.layers.15.self_attn.o_proj.weight,1024,2048,0.00048828125,0.0004261480353306979,1.9263936281204224,-8.282321505248547e-05,0.2930166721343994,1.845865699579008e-05,0.08890294283628464,0.43612122535705566,0.010337713174521923,0.5601819157600403,1.4503231048583984,0.0004037753969896585,4.295897483825684,0.0014715429861098528,2.2163971152622253e-05,0.00013962520461063832,0.189983069896698,0.2954387664794922,0.03362178057432175,0.514563262462616,1.4051849842071533,,,,,,,,,,,,,,
60,model.layers.19.self_attn.q_proj.weight,4096,1024,0.000244140625,0.00016847625374794006,3.9077236652374268,-0.0007679432746954262,0.11071240156888962,0.00019943132065236568,0.22070863842964172,0.23051777482032776,0.006289321929216385,0.42505237460136414,1.5306936502456665,0.0002224795607617125,9.249792098999023,0.0008749093394726515,3.03573197015794e-05,0.00038906512781977654,0.2456820011138916,0.2294568568468094,0.019335851073265076,0.4601149260997772,1.4798420667648315,8.0,0.08993469178676605,0.0927543044090271,0.8011912703514099,2.5822615157267137e-08,0.0003802994033321738,0.049858007580041885,6.790075117396985e-05,0.007619588170200586,0.0020142437424510717,0.0029093963094055653,0.05961953476071358,,
60,model.layers.19.self_attn.k_proj.weight,512,1024,0.0009765625,0.0008333405712619424,3.738826274871826,2.8370973268465605e-06,0.11373501271009445,8.344180969288573e-05,0.2446105182170868,0.22892798483371735,0.011204884387552738,0.5764439105987549,1.3731818199157715,0.0010116103803738952,11.468745231628418,0.0011977821122854948,1.0611568541207816e-05,0.0002563483139965683,0.28747108578681946,0.2018946260213852,0.015543761663138866,0.4598832428455353,1.3600949048995972,,,,,,,,,,,,,,
60,model.layers.19.self_attn.v_proj.weight,512,1024,0.0009765625,0.0006262263050302863,1.6453815698623657,-0.00027809920720756054,0.09478535503149033,0.00034230772871524096,0.13293232023715973,0.271329790353775,0.0035347987432032824,0.6975724697113037,1.4350680112838745,0.0010071326978504658,3.760260820388794,-0.0004993235343135893,1.0920107342826668e-05,0.0002785190590657294,0.1829424798488617,0.29419347643852234,0.00585069227963686,0.6420906782150269,1.4434256553649902,,,,,,,,,,,,,,
60,model.layers.19.self_attn.o_proj.weight,1024,2048,0.00048828125,0.00035860680509358644,1.4168967008590698,-9.033500828081742e-05,0.18070532381534576,6.708612636430189e-05,0.061390601098537445,0.502984881401062,0.008783156983554363,0.5964981317520142,1.4558098316192627,0.00038383406354114413,5.772549152374268,-0.0004707980842795223,2.1722642486565746e-05,0.00018848659237846732,0.1874251365661621,0.30974724888801575,0.013156767934560776,0.5724506378173828,1.4427454471588135,,,,,,,,,,,,,,
60,model.layers.1.mlp.gate_proj.weight,3584,1024,0.00027901785714285713,0.0012714627664536238,2.928286075592041,0.0006098333396948874,0.16034802794456482,0.00024201635096687824,0.16664975881576538,0.32321950793266296,0.007085691671818495,0.5430580377578735,1.5194648504257202,0.0002751870488282293,7.26254940032959,-0.0013160129310563207,4.005163282272406e-05,0.00020071094331797212,0.26300227642059326,0.22338876128196716,0.010784768499433994,0.4953538477420807,1.5089812278747559,,,,,,,,,,,,,0.25742200016975403,0.2635166347026825
60,model.layers.1.mlp.up_proj.weight,3584,1024,0.00027901785714285713,0.0008711669943295419,2.470397472381592,0.00045207006041891873,0.27866533398628235,8.875849744072184e-05,0.15205220878124237,0.3393109142780304,0.008137796074151993,0.5067043304443359,1.5087026357650757,0.0002993434318341315,7.035984516143799,-0.0009759599342942238,3.957414082833566e-05,0.0001685875904513523,0.2600230574607849,0.22754311561584473,0.009262513369321823,0.5033255815505981,1.5156058073043823,,,,,,,,,,,,,,
60,model.layers.1.mlp.down_proj.weight,1024,3584,0.00027901785714285713,0.00027197442250326276,4.206340312957764,0.0004595947975758463,0.2706817090511322,0.0019412280526012182,0.17855548858642578,0.28655630350112915,0.01575751043856144,0.55435711145401,1.4336192607879639,0.00030579170561395586,7.069852352142334,-0.0008119875565171242,3.9287999243242666e-05,0.000367943721357733,0.243021622300148,0.23893865942955017,0.015402291901409626,0.48041945695877075,1.4242454767227173,8.0,0.07531383633613586,0.07438291609287262,0.8132044076919556,-1.3068104635749478e-05,-0.013145233504474163,0.4689815938472748,,-0.01838379167020321,-0.013059994205832481,-0.005120126064866781,0.030650831758975983,,
60,model.layers.12.mlp.gate_proj.weight,3584,1024,0.00027901785714285713,0.00022974220337346196,3.2540295124053955,-0.000578804814722389,0.19897305965423584,0.0012776387156918645,0.1848088949918747,0.2422412782907486,0.007950684055685997,0.5720919966697693,1.5247944593429565,0.0002581913722679019,6.246917724609375,-0.00018643135263118893,3.066483623115346e-05,0.0003765714354813099,0.2590407133102417,0.21154911816120148,0.00951414741575718,0.5029628276824951,1.5093828439712524,,,,,,,,,,,,,,
60,model.layers.12.mlp.up_proj.weight,3584,1024,0.00027901785714285713,0.00026533755590207875,3.010935068130493,-0.0006570885889232159,0.32432836294174194,0.0005312959547154605,0.22131331264972687,0.24704782664775848,0.008818482980132103,0.49995091557502747,1.5186694860458374,0.0002629999362397939,5.350218772888184,8.965467714006081e-05,3.096177169936709e-05,0.00044730230001732707,0.2699427604675293,0.2049606442451477,0.010562439449131489,0.4930639863014221,1.502960443496704,,,,,,,,,,,,,,
60,model.layers.12.mlp.down_proj.weight,1024,3584,0.00027901785714285713,0.00025970619753934443,6.967403888702393,-0.0006911251693964005,0.3201042711734772,0.00011078501120209694,0.2054358571767807,0.28615763783454895,0.01914910227060318,0.5178217887878418,1.388429045677185,0.00028233788907527924,5.5453572273254395,6.26130640739575e-05,3.0803475965512916e-05,0.00021635525627061725,0.2444862574338913,0.2357567846775055,0.027533244341611862,0.45813775062561035,1.3864076137542725,8.0,0.07330295443534851,0.08257053792476654,0.8133739829063416,-1.7634012692724355e-05,-0.011990259401500225,0.7027633190155029,,-0.017600007355213165,-0.006221815478056669,0.006718211341649294,0.035490959882736206,,
60,model.layers.22.mlp.gate_proj.weight,3584,1024,0.00027901785714285713,0.00022309116320684552,2.979978322982788,-0.00047269268543459475,0.0834529921412468,0.0010537200141698122,0.17279274761676788,0.25424426794052124,0.007638389244675636,0.5675046443939209,1.5150669813156128,0.00026465588598512113,8.50248908996582,5.162108573131263e-05,2.7651760319713503e-05,0.0005877392832189798,0.23230288922786713,0.2289808988571167,0.010044691152870655,0.5034177303314209,1.5093294382095337,,,,,,,,,,,,,0.27954381704330444,0.27770835161209106
60,model.layers.22.mlp.up_proj.weight,3584,1024,0.00027901785714285713,0.00037773139774799347,3.106165885925293,-0.00012667820556089282,0.1810106337070465,0.0005416966159828007,0.18006531894207,0.28859758377075195,0.010503704659640789,0.5701586604118347,1.5159603357315063,0.0002669515961315483,7.658679485321045,-0.0006262003444135189,2.8125692551839165e-05,0.0009793307399377227,0.22097383439540863,0.2457241714000702,0.013092356733977795,0.5099265575408936,1.5041923522949219,,,,,,,,,,,,,,
60,model.layers.22.mlp.down_proj.weight,1024,3584,0.00027901785714285713,0.00036793717299588025,2.7028968334198,-0.00014903087867423892,0.1695455014705658,0.0002308198163518682,0.10463309288024902,0.4089715778827667,0.009388244710862637,0.5630848407745361,1.475049614906311,0.0002839495427906513,5.661236763000488,-0.000741012510843575,2.84285797533812e-05,0.00021721667144447565,0.19997836649417877,0.28587648272514343,0.008929542265832424,0.5532683730125427,1.4596728086471558,8.0,0.09333699941635132,0.0893721655011177,0.7860628366470337,6.331191343633691e-06,0.002495676977559924,0.22943896055221558,0.0025368633042501475,-0.0005292808054946363,0.0006849188357591629,0.00011720351903932169,0.1163996085524559,,
60,model.layers.1.linear_attn.in_proj_qkv.weight,6144,1024,0.00016276041666666666,0.00010213153291260824,2.3442304134368896,0.0006827966426499188,0.14050951600074768,0.0006732065230607986,0.17361140251159668,0.2762700617313385,0.006924876943230629,0.5252552032470703,1.5400984287261963,0.00016449771646875888,6.619935512542725,-0.0005219834274612367,5.5564334616065025e-05,0.00032121792901307344,0.2569565773010254,0.22110524773597717,0.008246534503996372,0.506541907787323,1.5306978225708008,8.0,0.07600012421607971,0.0656740814447403,0.8078111410140991,-3.1285799195757136e-06,-0.002292060758918524,0.051225390285253525,,-0.014299568720161915,-0.026081746444106102,0.018617400899529457,0.07006170600652695,,
60,model.layers.1.linear_attn.out_proj.weight,1024,2048,0.00048828125,0.0001835829025367275,1.304321527481079,8.991117647383362e-05,0.3313779830932617,0.0006077034631744027,0.11262102425098419,0.36561715602874756,0.014164872467517853,0.5104517340660095,1.420667290687561,0.0005965150194242597,6.315245628356934,-0.00029482197714969516,3.012051274708938e-05,0.00040389399509876966,0.2557029128074646,0.22702570259571075,0.015253076329827309,0.48033764958381653,1.436310887336731,,,,,,,,,,,,,,
60,model.layers.12.linear_attn.in_proj_qkv.weight,6144,1024,0.00016276041666666666,8.15235180198215e-05,2.624661922454834,-0.0003486108034849167,0.1815120428800583,0.0006224539829418063,0.15896421670913696,0.2556641697883606,0.0037377045955508947,0.5858409404754639,1.5522533655166626,0.0001434035220881924,6.080286502838135,0.0008242711774073541,4.170382453594357e-05,0.0004980130470357835,0.25809186697006226,0.2097550630569458,0.008101397193968296,0.497650146484375,1.5329278707504272,8.0,0.08272401243448257,0.06761475652456284,0.776851236820221,-3.3598666959733237e-06,-0.005369630176573992,0.0751166045665741,,-0.009667481295764446,-0.02614896185696125,0.02882251888513565,0.1246129721403122,,
60,model.layers.12.linear_attn.out_proj.weight,1024,2048,0.00048828125,0.00030617957236245275,2.584538459777832,-6.6465770942159e-05,0.27107366919517517,5.367945777834393e-05,0.16375616192817688,0.33311575651168823,0.01729913242161274,0.5195940136909485,1.438857913017273,0.00044342182809486985,3.733745574951172,0.0001240937999682501,2.3682383471168578e-05,0.00014605748583562672,0.23817332088947296,0.24483232200145721,0.02822883054614067,0.4740968942642212,1.397743582725525,,,,,,,,,,,,,,
60,model.layers.21.linear_attn.in_proj_qkv.weight,6144,1024,0.00016276041666666666,9.58244563662447e-05,3.295410633087158,-0.00023861919180490077,0.054764941334724426,0.0006755149806849658,0.1726638823747635,0.2599688470363617,0.00499963853508234,0.5926690101623535,1.5440984964370728,0.00013683948782272637,8.707317352294922,0.00038314139237627387,3.676709093269892e-05,0.0004801359318662435,0.24200128018856049,0.22479009628295898,0.009781251661479473,0.48982104659080505,1.5278635025024414,8.0,0.08464790135622025,0.08070473372936249,0.8098429441452026,7.980337102253543e-08,-6.13402808085084e-05,0.008044690825045109,,-0.004987084772437811,-0.003750419709831476,0.0073415059596300125,0.043169502168893814,,
60,model.layers.21.linear_attn.out_proj.weight,1024,2048,0.00048828125,0.0003618712944444269,2.837711811065674,0.0011323012877255678,0.10523737967014313,0.00014529810869134963,0.14484606683254242,0.36371883749961853,0.007705701980739832,0.5521782636642456,1.4796098470687866,0.0004780265735462308,4.098476409912109,-0.0002624809858389199,2.1468742488650605e-05,0.00011013243783963844,0.21669508516788483,0.27229008078575134,0.007799592800438404,0.5268832445144653,1.470396876335144,,,,,,,,,,,,,,
80,model.layers.7.self_attn.q_proj.weight,4096,1024,0.000244140625,0.0001561879471410066,2.616048812866211,-0.0003685394476633519,0.20645864307880402,0.0009473494137637317,0.1735146939754486,0.2698003649711609,0.009169657714664936,0.5349977016448975,1.5332430601119995,0.00021935676340945065,8.898366928100586,0.002829562872648239,3.2587675377726555e-05,0.0006478886934928596,0.25698375701904297,0.20595045387744904,0.011354191228747368,0.4994571805000305,1.5120350122451782,8.0,0.07503301650285721,0.07822444289922714,0.849915623664856,-1.3842286534782033e-06,-0.00021899706916883588,0.18353481590747833,,-0.0006445987382903695,0.00015248336421791464,-0.003984383307397366,0.05643991380929947,0.28945615887641907,0.2820720970630646
80,model.layers.7.self_attn.k_proj.weight,512,1024,0.0009765625,0.0012826778693124652,3.146580457687378,-9.775072840056964e-07,0.14484070241451263,0.003980366513133049,0.15400247275829315,0.2362622767686844,0.030744709074497223,0.6938216090202332,1.285701036453247,0.0015654574381187558,6.504997730255127,-0.0064710406586527824,1.1680001989589073e-05,0.0028138707857578993,0.2614314556121826,0.1882443130016327,0.022434763610363007,0.5182207226753235,1.3477046489715576,,,,,,,,,,,,,,
80,model.layers.7.self_attn.v_proj.weight,512,1024,0.0009765625,0.0008078335667960346,1.986306071281433,6.129494431661442e-05,0.2826826274394989,0.00036892518983222544,0.13910159468650818,0.25282350182533264,0.0034720299299806356,0.738444983959198,1.4700640439987183,0.0009066576021723449,4.9802565574646,0.0029388454277068377,1.2202243851788808e-05,0.0003920292074326426,0.16678595542907715,0.2319372445344925,0.006253273691982031,0.6991885900497437,1.4534991979599,,,,,,,,,,,,,,
80,model.layers.7.self_attn.o_proj.weight,1024,2048,0.00048828125,0.0002066901361104101,2.2354512214660645,2.1632438802043907e-05,0.45516374707221985,2.9525392164941877e-05,0.14025278389453888,0.36846989393234253,0.014818449504673481,0.5379045605659485,1.421847939491272,0.0003136679297313094,4.100249290466309,0.00023716659052297473,2.394734838162549e-05,0.000120094271551352,0.1920042634010315,0.2872862219810486,0.021772103384137154,0.4633044898509979,1.3773690462112427,,,,,,,,,,,,,,
80,model.layers.15.self_attn.q_proj.weight,4096,1024,0.000244140625,0.00013087925617583096,3.933443069458008,-5.088705074740574e-05,0.20918408036231995,0.00031593130552209914,0.21242249011993408,0.23584483563899994,0.003543322440236807,0.4388352334499359,1.5486513376235962,0.00028092830325476825,8.249571800231934,0.00014626320626121014,3.1422023312188685e-05,0.0008325687958858907,0.25076672434806824,0.22221042215824127,0.013891894370317459,0.4484337568283081,1.506118655204773,8.0,0.07621847093105316,0.07432981580495834,0.8514447212219238,-1.1482310355859227e-06,-0.0013802951434627175,0.22141341865062714,,-0.0007110676961019635,-0.0009230369469150901,-0.005981159396469593,0.04513540118932724,,
80,model.layers.15.self_attn.k_proj.weight,512,1024,0.0009765625,0.0008915684302337468,5.126895904541016,6.150660283310572e-06,0.1770603358745575,7.98946202849038e-05,0.26722660660743713,0.21916083991527557,0.004015350714325905,0.5272512435913086,1.4668961763381958,0.00112146174069494,9.72768783569336,3.9064176235115156e-05,1.117031388275791e-05,5.689712634193711e-05,0.28308093547821045,0.21233990788459778,0.007135767489671707,0.48495030403137207,1.4518816471099854,,,,,,,,,,,,,,
80,model.layers.15.self_attn.v_proj.weight,512,1024,0.0009765625,0.0009873928502202034,1.8889418840408325,0.00025436232681386173,0.16906346380710602,0.00014426681445911527,0.18223197758197784,0.2572249472141266,0.003674836829304695,0.6545749306678772,1.459531545639038,0.000961900397669524,3.8707480430603027,0.003560735145583749,1.1539808838278987e-05,0.0003584939113352448,0.19395381212234497,0.24088376760482788,0.00650694128125906,0.6322216391563416,1.443534255027771,,,,,,,,,,,,,0.3007284998893738,0.2929598391056061
80,model.layers.15.self_attn.o_proj.weight,1024,2048,0.00048828125,0.0004756189591716975,1.7119486331939697,7.950056169647723e-05,0.32965293526649475,2.3989108740352094e-05,0.08363079279661179,0.4558298885822296,0.009914403781294823,0.5673062801361084,1.4462894201278687,0.0004050409479532391,4.016640663146973,0.0014380685752257705,2.299526022397913e-05,8.402476669289172e-05,0.19270958006381989,0.2927163541316986,0.025795577093958855,0.5119888186454773,1.421523094177246,,,,,,,,,,,,,,
80,model.layers.19.self_attn.q_proj.weight,4096,1024,0.000244140625,0.00019635741773527116,3.422741174697876,-0.00028948826366104186,0.1241915300488472,0.0004812288098037243,0.22084034979343414,0.22797246277332306,0.006868860684335232,0.4186770021915436,1.531469464302063,0.0002681382466107607,7.693912029266357,-0.0002564980532042682,3.139643740723841e-05,0.0008522485732100904,0.24860787391662598,0.22660262882709503,0.02114742062985897,0.45340588688850403,1.4867206811904907,8.0,0.07607243210077286,0.07687678933143616,0.8364784717559814,-2.4885491711756913e-06,-0.0004508859710767865,0.09857933223247528,,0.0008416762575507164,-0.0003998352913185954,-0.002116688061505556,0.07231003791093826,,
80,model.layers.19.self_attn.k_proj.weight,512,1024,0.0009765625,0.0010154548799619079,3.582167387008667,6.370277333189733e-06,0.1273719221353531,0.0009718647925183177,0.24307052791118622,0.2159765511751175,0.016239013522863388,0.5858089327812195,1.3275412321090698,0.001052573905326426,9.04362678527832,0.0023981102276593447,1.1235287274757866e-05,0.0015574010321870446,0.27682891488075256,0.2019147127866745,0.021488290280103683,0.4734710454940796,1.2857812643051147,,,,,,,,,,,,,,
80,model.layers.19.self_attn.v_proj.weight,512,1024,0.0009765625,0.0007322606397792697,1.529443621635437,-0.001446204842068255,0.10973171889781952,0.001290126470848918,0.1359032541513443,0.2658856213092804,0.005478327162563801,0.6847347021102905,1.4441946744918823,0.0009967887308448553,3.870518445968628,0.003150707110762596,1.1178374734299723e-05,0.0003403449081815779,0.18186479806900024,0.2940578758716583,0.005993069149553776,0.6480482816696167,1.4372162818908691,,,,,,,,,,,,,,
80,model.layers.19.self_attn.o_proj.weight,1024,2048,0.00048828125,0.0004613023193087429,1.4073567390441895,-0.0004743271565530449,0.19855841994285583,9.560522448737174e-05,0.06461025774478912,0.4893907308578491,0.008464738726615906,0.5914173722267151,1.4569388628005981,0.0003974901919718832,5.786285400390625,0.0011973490472882986,2.2239253667066805e-05,0.00017276762810070068,0.18567024171352386,0.3099781572818756,0.012006605044007301,0.5716716647148132,1.4506784677505493,,,,,,,,,,,,,,
80,model.layers.1.mlp.gate_proj.weight,3584,1024,0.00027901785714285713,0.0002203957410529256,3.2716212272644043,0.00011883924889843911,0.16845382750034332,0.000494240375701338,0.17862942814826965,0.29474541544914246,0.009292838163673878,0.5197567343711853,1.5172538757324219,0.0003058155707549304,8.675139427185059,-0.000497783359605819,3.429572097957134e-05,0.00019428238738328218,0.2642849087715149,0.22315910458564758,0.010942400433123112,0.49401748180389404,1.5109272003173828,,,,,,,,,,,,,0.2817760705947876,0.26747193932533264
80,model.layers.1.mlp.up_proj.weight,3584,1024,0.00027901785714285713,0.00022775489196646959,2.8883161544799805,-0.00025204638950526714,0.28633153438568115,0.00012865493772551417,0.16469816863536835,0.3185115456581116,0.009124522097408772,0.4995674788951874,1.5141161680221558,0.00028391359956003726,7.950860023498535,-0.0005915308720432222,3.405744064366445e-05,0.00016021182818803936,0.2577968239784241,0.2287609726190567,0.010186252184212208,0.5040335059165955,1.5080082416534424,,,,,,,,,,,,,,
80,model.layers.1.mlp.down_proj.weight,1024,3584,0.00027901785714285713,0.0002905739820562303,5.613026142120361,-0.0002526302123442292,0.2837996482849121,0.000902489060536027,0.18454712629318237,0.2916452884674072,0.011733884923160076,0.5615943670272827,1.4603617191314697,0.00031955644953995943,8.419840812683105,-7.158632797654718e-05,3.383416697033681e-05,0.0005797650665044785,0.23990897834300995,0.2418387532234192,0.01590249314904213,0.4869285225868225,1.4204562902450562,8.0,0.06983064115047455,0.07271336764097214,0.8698533177375793,-2.18429668166209e-05,-0.0047478098422288895,0.6393741369247437,,-0.002854121383279562,-0.0014757383614778519,0.0013070397544652224,0.03247389569878578,,
80,model.layers.12.mlp.gate_proj.weight,3584,1024,0.00027901785714285713,0.00021941597515251487,2.987818956375122,0.0001139442902058363,0.2198481559753418,0.0009332676418125629,0.1802748441696167,0.25076228380203247,0.006122570484876633,0.580219030380249,1.5309276580810547,0.00025741374702192843,5.959789276123047,-0.00043662061216309667,3.040439150936436e-05,0.00031287578167393804,0.25289544463157654,0.21462517976760864,0.009225903078913689,0.510369062423706,1.5119966268539429,,,,,,,,,,,,,,
80,model.layers.12.mlp.up_proj.weight,3584,1024,0.00027901785714285713,0.00025659819948486984,2.7624521255493164,1.0443084647704381e-05,0.3593371510505676,0.0003362691786605865,0.21660511195659637,0.2536364197731018,0.007284053135663271,0.5072774887084961,1.5189436674118042,0.00029637885745614767,5.035070419311523,-4.353366603027098e-05,3.113825368927792e-05,0.0006098512676544487,0.2733657956123352,0.2012312412261963,0.012755689211189747,0.48847496509552,1.5048595666885376,,,,,,,,,,,,,,
80,model.layers.12.mlp.down_proj.weight,1024,3584,0.00027901785714285713,0.0002620734740048647,6.121573448181152,1.1858955986099318e-05,0.34407809376716614,0.00018162545165978372,0.2112424224615097,0.2780565321445465,0.019369104877114296,0.5030533671379089,1.4015642404556274,0.00026245389017276466,5.651459217071533,-5.401349699241109e-05,3.066500721615739e-05,0.00023245817283168435,0.2425597608089447,0.23470979928970337,0.03672994673252106,0.45206815004348755,1.355560541152954,8.0,0.07574805617332458,0.07584255188703537,0.8721878528594971,1.19588776215096e-06,-0.0013697980903089046,0.8931289911270142,,2.6059167794301175e-05,-2.340850369364489e-05,-0.005101874470710754,0.027620909735560417,,
80,model.layers.22.mlp.gate_proj.weight,3584,1024,0.00027901785714285713,0.00021731707965955138,3.2330143451690674,0.0004284390015527606,0.08809502422809601,0.0004923918168060482,0.1819382607936859,0.24407316744327545,0.007106702774763107,0.5470167398452759,1.5167315006256104,0.00026863443781621754,8.324978828430176,-0.00020316048176027834,2.8227750590303913e-05,0.0014799843775108457,0.2332356870174408,0.22604022920131683,0.012042944319546223,0.4978363513946533,1.5041818618774414,,,,,,,,,,,,,0.26592352986335754,0.2685360610485077
80,model.layers.22.mlp.up_proj.weight,3584,1024,0.00027901785714285713,0.00023702972976025194,2.9983553886413574,0.000554012309294194,0.20046229660511017,0.0011276856530457735,0.17401111125946045,0.2918206453323364,0.015233466401696205,0.5774536728858948,1.5060051679611206,0.00028829427901655436,7.223156929016113,-0.00027142619364894927,2.8914393624290824e-05,0.0008732404094189405,0.22333520650863647,0.2455824762582779,0.013203325681388378,0.5062776803970337,1.5051724910736084,,,,,,,,,,,,,,
80,model.layers.22.mlp.down_proj.weight,1024,3584,0.00027901785714285713,0.00034692531335167587,2.7027101516723633,0.0006527971127070487,0.1860179603099823,0.00020600542484316975,0.10274937003850937,0.42105141282081604,0.006907714996486902,0.5796706676483154,1.4705671072006226,0.0003104444476775825,5.884174823760986,-0.00048784646787680686,2.9296761567820795e-05,0.0002928078465629369,0.2008563131093979,0.2863596975803375,0.009714675135910511,0.5548845529556274,1.449675440788269,8.0,0.07162918150424957,0.06998133659362793,0.8184201717376709,-1.4662056855740957e-05,-0.0047747110947966576,0.48411107063293457,,-0.002509340411052108,-0.0017771037528291345,0.012694294564425945,0.11404400318861008,,
80,model.layers.1.linear_attn.in_proj_qkv.weight,6144,1024,0.00016276041666666666,9.527871588943526e-05,2.5463461875915527,0.00012018790584988892,0.14232397079467773,0.00048120386782102287,0.1859927475452423,0.2623496651649475,0.006442312151193619,0.5163533091545105,1.534246802330017,0.0001387094525853172,8.140045166015625,-0.0004405047802720219,4.652628194889985e-05,0.0002188196376664564,0.2541987895965576,0.22201737761497498,0.008449450135231018,0.50734943151474,1.5271086692810059,8.0,0.07554062455892563,0.0684424638748169,0.856495201587677,-2.8567862955242163e-06,-0.001178476377390325,0.07510319352149963,,0.0021644236985594034,-0.002884642453864217,0.000767391175031662,0.04850030690431595,,
80,model.layers.1.linear_attn.out_proj.weight,1024,2048,0.00048828125,0.0004074930911883712,1.354898452758789,-1.4380589163920376e-05,0.33998337388038635,0.00032888399437069893,0.11468393355607986,0.3928813636302948,0.010118312202394009,0.5498754382133484,1.4517314434051514,0.0005580569850280881,8.091958045959473,-0.000582225969992578,2.6034442271338776e-05,0.00039840186946094036,0.25123974680900574,0.2316451519727707,0.015281944535672665,0.4884834587574005,1.4363676309585571,,,,,,,,,,,,,,
80,model.layers.12.linear_attn.in_proj_qkv.weight,6144,1024,0.00016276041666666666,8.635837002657354e-05,2.375648021697998,0.000223119423026219,0.22000479698181152,0.0006468243664130569,0.15315428376197815,0.2616219222545624,0.004192321561276913,0.6035422086715698,1.5522483587265015,0.00012033116217935458,6.137613296508789,0.0003386769676581025,4.232746141497046e-05,0.0004590517492033541,0.2529945969581604,0.21180501580238342,0.0076127080246806145,0.5069709420204163,1.5342673063278198,8.0,0.07001538574695587,0.07238034904003143,0.8369205594062805,-9.178129403153434e-07,-0.0018684978131204844,0.10527825355529785,,-0.005287557374686003,-0.0033498224802315235,0.007622160948812962,0.08620338886976242,,
80,model.layers.12.linear_attn.out_proj.weight,1024,2048,0.00048828125,0.0002895890502259135,2.4172024726867676,-0.0001981667010113597,0.3013626039028168,4.2435665818629786e-05,0.16002754867076874,0.3418956995010376,0.015445579774677753,0.5245484709739685,1.418553113937378,0.00044807075755670667,3.8856940269470215,0.0002175929257646203,2.368677087360993e-05,0.0001335401611868292,0.2334631085395813,0.24943377077579498,0.028491370379924774,0.48309385776519775,1.3812850713729858,,,,,,,,,,,,,,
80,model.layers.21.linear_attn.in_proj_qkv.weight,6144,1024,0.00016276041666666666,0.00010210747859673575,3.141728162765503,-0.0006651072180829942,0.05671863257884979,0.0017933904891833663,0.16683726012706757,0.26208266615867615,0.008313215337693691,0.5966059565544128,1.5418809652328491,0.00014092573837842792,7.943968296051025,0.00021105202904436737,3.670058504212648e-05,0.0005922485725022852,0.24033325910568237,0.2251395583152771,0.011065224185585976,0.49408262968063354,1.5295898914337158,8.0,0.07905643433332443,0.07354429364204407,0.8571345210075378,-2.4233619910773996e-07,-3.4061649785144255e-05,0.010288712568581104,,-0.0026228241622447968,-0.000737215275876224,0.00343117443844676,0.04496399313211441,,
80,model.layers.21.linear_attn.out_proj.weight,1024,2048,0.00048828125,0.00036787637509405613,2.9652416706085205,-0.0009441618458367884,0.10974901914596558,0.00018015371460933238,0.14635619521141052,0.36103513836860657,0.008456606417894363,0.5524417161941528,1.4763368368148804,0.0004733540990855545,4.133659362792969,0.0002536095562390983,2.1677484255633317e-05,0.00017346440290566534,0.21214306354522705,0.2772023677825928,0.00832290854305029,0.5358702540397644,1.4743236303329468,,,,,,,,,,,,,,
100,model.layers.7.self_attn.q_proj.weight,4096,1024,0.000244140625,0.00011071449262090027,3.2047224044799805,0.0005936087691225111,0.19878651201725006,0.0005228608497418463,0.17867408692836761,0.2722134292125702,0.007477662991732359,0.5460323095321655,1.534094214439392,0.00021048796770628542,9.43099594116211,4.8352303565479815e-06,3.2782867492642254e-05,0.0006348856841214001,0.25863006711006165,0.20677457749843597,0.011401663534343243,0.49836868047714233,1.511328101158142,8.0,0.05802569165825844,0.06044817715883255,0.8944392204284668,-4.897190592600964e-06,-0.0005897304508835077,0.14967499673366547,,-0.0069128177128732204,-0.0008517053793184459,0.015259362757205963,0.06635309010744095,0.31711405515670776,0.32559409737586975
100,model.layers.7.self_attn.k_proj.weight,512,1024,0.0009765625,0.0011247177608311176,3.723647117614746,-1.4078709682507906e-06,0.13979916274547577,0.0013432049890980124,0.14936038851737976,0.2574104070663452,0.026329405605793,0.7067195773124695,1.294189453125,0.0011622864985838532,10.206216812133789,-0.004757907707244158,1.1254139280936215e-05,0.0007652841159142554,0.2623966336250305,0.1966525912284851,0.01643337495625019,0.5262464880943298,1.3459587097167969,,,,,,,,,,,,,,
100,model.layers.7.self_attn.v_proj.weight,512,1024,0.0009765625,0.0009248267742805183,2.0601601600646973,-0.0002710990665946156,0.2685352861881256,0.0007749077631160617,0.15369370579719543,0.24615271389484406,0.004319166764616966,0.6981326341629028,1.4672876596450806,0.001079557347111404,5.393576145172119,0.0003959046443924308,1.1875667951244395e-05,0.0010259861592203379,0.1765049397945404,0.23089540004730225,0.008384219370782375,0.676352322101593,1.430620551109314,,,,,,,,,,,,,,
100,model.layers.7.self_attn.o_proj.weight,1024,2048,0.00048828125,0.0002340330247534439,2.230023145675659,-8.08135446277447e-05,0.45497673749923706,5.2096023864578456e-05,0.1412588208913803,0.3651522397994995,0.013757322914898396,0.5324499607086182,1.434788703918457,0.0003198391350451857,4.216577053070068,0.0003710562305059284,2.390014378761407e-05,0.00011022904800483957,0.18858188390731812,0.29466357827186584,0.01616673544049263,0.4758267104625702,1.4098089933395386,,,,,,,,,,,,,,
100,model.layers.15.self_attn.q_proj.weight,4096,1024,0.000244140625,0.00013146597484592348,3.9313457012176514,-0.0004135785566177219,0.19902747869491577,0.0002815484185703099,0.2139960527420044,0.23068413138389587,0.0038650960195809603,0.4431461989879608,1.5458184480667114,0.00024808256421238184,7.9014506340026855,0.0008366374531760812,3.167322574881837e-05,0.0005519172991625965,0.2551535367965698,0.21987594664096832,0.01448209397494793,0.44859904050827026,1.5004771947860718,8.0,0.06507168710231781,0.0683855265378952,0.8967472314834595,8.173365131369792e-07,0.00044358064769767225,0.18654385209083557,0.0018425883035682945,0.0005719289183616638,0.00028648265288211405,-0.0002860881795641035,0.040977757424116135,,
100,model.layers.15.self_attn.k_proj.weight,512,1024,0.0009765625,0.0010041214991360903,4.5804033279418945,4.026762780995341e-06,0.1761196106672287,4.1615377995185554e-05,0.2489197701215744,0.23606911301612854,0.003618959104642272,0.5487649440765381,1.4724124670028687,0.0011030358728021383,3.45076322555542,-0.0015841270796954632,1.2052993952238467e-05,0.00014362146612256765,0.2657735049724579,0.22867697477340698,0.007335641421377659,0.49404674768447876,1.4332866668701172,,,,,,,,,,,,,,
100,model.layers.15.self_attn.v_proj.weight,512,1024,0.0009765625,0.0010069418931379914,1.856900930404663,-5.070275619800668e-06,0.1894061267375946,0.0002363092644372955,0.20405849814414978,0.25120896100997925,0.003436086466535926,0.6232189536094666,1.453984260559082,0.002075723372399807,4.744502067565918,9.660976502345875e-05,1.1398643437132705e-05,0.002396870171651244,0.19613364338874817,0.23970471322536469,0.008143577724695206,0.6257044672966003,1.4353350400924683,,,,,,,,,,,,,0.34671318531036377,0.3106505274772644
100,model.layers.15.self_attn.o_proj.weight,1024,2048,0.00048828125,0.00038738062721677125,1.868954062461853,2.0103598785681243e-07,0.3199492394924164,2.5771261789486744e-05,0.0882834792137146,0.4614417552947998,0.01737331598997116,0.5802218914031982,1.4528473615646362,0.0004122335813008249,4.93712854385376,0.0012813687790185213,2.203593248850666e-05,8.514544606441632e-05,0.19407115876674652,0.2948683500289917,0.02668694406747818,0.5181288123130798,1.4010637998580933,,,,,,,,,,,,,,
100,model.layers.19.self_attn.q_proj.weight,4096,1024,0.000244140625,0.0001930998987518251,3.480745315551758,0.00013202367699705064,0.11593662202358246,0.0008404062245972455,0.21353201568126678,0.24049939215183258,0.010968965478241444,0.4355258345603943,1.5221565961837769,0.00025952368741855025,8.366555213928223,-0.0015808379976078868,3.0652907298645005e-05,0.001123419962823391,0.2412460297346115,0.23006054759025574,0.02535879611968994,0.45965951681137085,1.4745553731918335,8.0,0.07288253307342529,0.06482519954442978,0.8879798650741577,7.185238928286708e-07,-0.0006605517119169235,0.07400324940681458,,-0.004318948835134506,-0.001364719239063561,0.006884414702653885,0.05871541425585747,,
100,model.layers.19.self_attn.k_proj.weight,512,1024,0.0009765625,0.0010159219382330775,3.748070478439331,8.02994782134192e-06,0.11743737012147903,0.00042940067942254245,0.23096716403961182,0.22808651626110077,0.012040406465530396,0.5997633337974548,1.353426456451416,0.0010687366593629122,9.304381370544434,0.002990814158692956,1.0808818842633627e-05,0.0025945426896214485,0.2688888609409332,0.20653748512268066,0.02430952712893486,0.4724816679954529,1.291471004486084,,,,,,,,,,,,,,
100,model.layers.19.self_attn.v_proj.weight,512,1024,0.0009765625,0.0006644001696258783,1.626118779182434,-0.0007183343404904008,0.09849705547094345,0.0008601480512879789,0.12700095772743225,0.2714945673942566,0.005687702912837267,0.7122974395751953,1.4279003143310547,0.00111384317278862,4.55291223526001,0.004078881349414587,1.0926816685241647e-05,0.0007781434105709195,0.18803240358829498,0.2935886085033417,0.007436573505401611,0.64205002784729,1.4346423149108887,,,,,,,,,,,,,,
100,model.layers.19.self_attn.o_proj.weight,1024,2048,0.00048828125,0.0004818957531824708,1.429980993270874,-0.00021582534827757627,0.19477400183677673,6.810138438595459e-05,0.05721481516957283,0.5257311463356018,0.00588064081966877,0.6258893609046936,1.464159369468689,0.0003631426370702684,6.634352207183838,0.0012449170462787151,2.2003041522111744e-05,0.00013923892402090132,0.1858181357383728,0.3124929368495941,0.010372458025813103,0.573591947555542,1.4549731016159058,,,,,,,,,,,,,,
100,model.layers.1.mlp.gate_proj.weight,3584,1024,0.00027901785714285713,0.00023623983724974096,3.2151057720184326,-0.00022662908304482698,0.18889132142066956,0.0002507202443666756,0.17818774282932281,0.3014298379421234,0.007574307732284069,0.5248513221740723,1.5155662298202515,0.0003169984556734562,10.640007972717285,-0.0015086806379258633,3.5344273783266544e-05,0.00023073737975209951,0.2608899176120758,0.22416630387306213,0.011135641485452652,0.49436667561531067,1.5081396102905273,,,,,,,,,,,,,0.3133414685726166,0.28117477893829346
100,model.layers.1.mlp.up_proj.weight,3584,1024,0.00027901785714285713,0.0003423563903197646,3.0317604541778564,-0.000304070912534371,0.31059011816978455,9.041468729265034e-05,0.16597650945186615,0.32116034626960754,0.008174185641109943,0.5041005611419678,1.5127604007720947,0.0002961845602840185,9.467455863952637,-0.0003234132891520858,3.50616464857012e-05,0.00019336103287059814,0.25591975450515747,0.23123928904533386,0.010282903909683228,0.5046265721321106,1.505905032157898,,,,,,,,,,,,,,
100,model.layers.1.mlp.down_proj.weight,1024,3584,0.00027901785714285713,0.0002897156809922308,5.86808967590332,-0.0003039923030883074,0.3123819828033447,0.0005424257251434028,0.18473851680755615,0.29257485270500183,0.011807135306298733,0.5583651065826416,1.4498566389083862,0.00029508458101190627,10.410287857055664,0.0002434112102491781,3.475990888546221e-05,0.000625496672000736,0.23898203670978546,0.2413640022277832,0.01625530980527401,0.48289528489112854,1.4243625402450562,8.0,0.0578133687376976,0.05682188645005226,0.9073858261108398,-7.757082130410708e-06,-0.007679666392505169,0.7847286462783813,,-0.0014926377916708589,-0.0019906421657651663,0.007028719875961542,0.0385945625603199,,
100,model.layers.12.mlp.gate_proj.weight,3584,1024,0.00027901785714285713,0.00022039034229237586,3.34112548828125,0.00033581466414034367,0.22050833702087402,0.0008744411752559245,0.19136714935302734,0.24201902747154236,0.00645194947719574,0.5638673901557922,1.5283046960830688,0.0002661829348653555,6.762428283691406,-0.0002689612447284162,3.046560232178308e-05,0.0005461976979859173,0.25236883759498596,0.21564126014709473,0.010320693254470825,0.5071526765823364,1.5097194910049438,,,,,,,,,,,,,,
100,model.layers.12.mlp.up_proj.weight,3584,1024,0.00027901785714285713,0.0003123368078377098,3.0188419818878174,0.0001799133897293359,0.36201590299606323,0.0004694694362115115,0.22244225442409515,0.24797187745571136,0.009060584008693695,0.4962424337863922,1.5136361122131348,0.00028679592651315033,5.52314567565918,-8.396596240345389e-05,3.0716440960532054e-05,0.000662425416521728,0.2668195068836212,0.20707276463508606,0.011855599470436573,0.49470967054367065,1.5109580755233765,,,,,,,,,,,,,,
100,model.layers.12.mlp.down_proj.weight,1024,3584,0.00027901785714285713,0.00027933449018746614,6.513144493103027,0.00019468858954496682,0.3535258173942566,0.00017250547534786165,0.20194073021411896,0.288287878036499,0.022594772279262543,0.5246506333351135,1.3916491270065308,0.000275502388831228,6.763386249542236,-0.00028398429276421666,3.0386901926249266e-05,0.00029301721951924264,0.23574887216091156,0.24008770287036896,0.038924068212509155,0.46449676156044006,1.3659231662750244,8.0,0.0635829046368599,0.06381906569004059,0.9134070873260498,-9.580628102412447e-06,-0.0037671010941267014,1.0341287851333618,,0.0005971749196760356,-0.000540076638571918,0.005952123086899519,0.027578173205256462,,
100,model.layers.22.mlp.gate_proj.weight,3584,1024,0.00027901785714285713,0.00025355786783620715,3.1818599700927734,-0.0017177866538986564,0.08800549060106277,0.002539613749831915,0.17930877208709717,0.25373151898384094,0.011701071634888649,0.560234785079956,1.5181392431259155,0.0002814755425788462,8.619447708129883,-0.0010413485579192638,2.8165963158244267e-05,0.0003289600135758519,0.23620463907718658,0.2274113893508911,0.009237944148480892,0.49637240171432495,1.5119768381118774,,,,,,,,,,,,,0.3093680739402771,0.3017701506614685
100,model.layers.22.mlp.up_proj.weight,3584,1024,0.00027901785714285713,0.00028113191365264356,2.884836196899414,-0.0008126283064484596,0.18907028436660767,0.0007710459758527577,0.1801382154226303,0.2846719026565552,0.012331451289355755,0.5687851309776306,1.5085476636886597,0.0002625185006763786,8.05515193939209,0.0004982156096957624,2.8849295631516725e-05,0.0005793474265374243,0.22615063190460205,0.24429920315742493,0.012084724381566048,0.5045545697212219,1.5087733268737793,,,,,,,,,,,,,,
100,model.layers.22.mlp.down_proj.weight,1024,3584,0.00027901785714285713,0.0004516536137089133,2.7516748905181885,-0.00095230812439695,0.17729003727436066,0.00016952288569882512,0.10700958222150803,0.414559006690979,0.007955995388329029,0.576871395111084,1.4580475091934204,0.0003065272467210889,6.691640853881836,0.00010787426435854286,2.894191311497707e-05,0.00021636314340867102,0.19972264766693115,0.2879731059074402,0.008907795883715153,0.5622584223747253,1.4627436399459839,8.0,0.06543438136577606,0.06499765813350677,0.8629882335662842,1.1764872397179715e-05,-0.002729231957346201,0.33693864941596985,,-0.0008728305692784488,-0.0007175271748565137,-0.008945382200181484,0.10057584941387177,,
100,model.layers.1.linear_attn.in_proj_qkv.weight,6144,1024,0.00016276041666666666,0.00011844182154163718,2.5280134677886963,2.7709626010619104e-05,0.1530989110469818,0.0008812976302579045,0.17672893404960632,0.2777559161186218,0.008824978955090046,0.5385677814483643,1.5349791049957275,0.00016052740102168173,9.487502098083496,-0.0003572642453946173,4.629409886547364e-05,0.000289388292003423,0.2518870234489441,0.22598160803318024,0.008690742775797844,0.5097636580467224,1.5283020734786987,8.0,0.05203244090080261,0.0551021434366703,0.8943633437156677,9.486188901064452e-08,-0.0005201336462050676,0.09132278710603714,,-0.0027232428546994925,-0.0008335032034665346,0.021368734538555145,0.0670442283153534,,
100,model.layers.1.linear_attn.out_proj.weight,1024,2048,0.00048828125,0.00015578066813759506,1.3561171293258667,0.00022397497377824038,0.3721369802951813,0.0006453113746829331,0.1125389039516449,0.39721906185150146,0.016928236931562424,0.5539815425872803,1.4330869913101196,0.0005174727411940694,8.301527976989746,2.0382392904139124e-05,2.583822060842067e-05,0.0003429012431297451,0.2483755350112915,0.2341272532939911,0.013089022599160671,0.49208366870880127,1.4421494007110596,,,,,,,,,,,,,,
100,model.layers.12.linear_attn.in_proj_qkv.weight,6144,1024,0.00016276041666666666,7.505391840822995e-05,2.4639694690704346,-0.00023810085258446634,0.2083713561296463,0.00049924838822335,0.1623847335577011,0.2541411519050598,0.0034052752889692783,0.5832561254501343,1.5541751384735107,0.00012401053390931338,6.688799858093262,0.0007346452330239117,4.0419290598947555e-05,0.0003735304344445467,0.25030192732810974,0.216177836060524,0.007763595785945654,0.5091593861579895,1.5359776020050049,8.0,0.05720730125904083,0.06376944482326508,0.8754926323890686,-2.6328148123866413e-06,-0.0013898529578000307,0.10656866431236267,,-0.007935834117233753,-0.0015987791121006012,0.004167600069195032,0.07835488021373749,,
100,model.layers.12.linear_attn.out_proj.weight,1024,2048,0.00048828125,0.00033867714228108525,2.577310085296631,-0.0011337802279740572,0.299885094165802,4.518838250078261e-05,0.15695582330226898,0.35419657826423645,0.015997199341654778,0.5468192100524902,1.422952651977539,0.0004771130334120244,4.27017879486084,-4.83030999021139e-05,2.301464155607391e-05,0.00020168107585050166,0.2293763905763626,0.2497001439332962,0.03542519733309746,0.4830958843231201,1.3830349445343018,,,,,,,,,,,,,,
100,model.layers.21.linear_attn.in_proj_qkv.weight,6144,1024,0.00016276041666666666,0.00013851199764758348,2.993837833404541,-0.0006175163434818387,0.06654303520917892,0.0010033037979155779,0.19063575565814972,0.23096461594104767,0.006537565495818853,0.5519013404846191,1.541060447692871,0.00014165444008540362,8.5800142288208,-0.00020574503287207335,3.764827852137387e-05,0.00048267660895362496,0.23968015611171722,0.22730492055416107,0.01081873569637537,0.49570170044898987,1.5277866125106812,8.0,0.06254817545413971,0.06817993521690369,0.8825898170471191,1.756661163199169e-07,-0.00014549029583577067,0.014590810984373093,,-0.006218303926289082,-0.0016439947066828609,-0.01479215919971466,0.031606271862983704,,
100,model.layers.21.linear_attn.out_proj.weight,1024,2048,0.00048828125,0.00038901419611647725,3.351173162460327,-0.0016064466908574104,0.11630485951900482,3.575249502318911e-05,0.1498904824256897,0.35743990540504456,0.0051389457657933235,0.5470074415206909,1.4774038791656494,0.000487212382722646,4.618933200836182,-0.0005627003847621381,2.1574674974544905e-05,0.00010757733980426565,0.21023225784301758,0.2818453907966614,0.007952028885483742,0.5467379093170166,1.478344202041626,,,,,,,,,,,,,,
120,model.layers.7.self_attn.q_proj.weight,4096,1024,0.000244140625,0.00039023818681016564,3.2422492504119873,0.0004883480723947287,0.2139699012041092,0.0007430565310642123,0.1665244996547699,0.2762193977832794,0.00763952499255538,0.5510105490684509,1.5341414213180542,0.00021556376304943115,9.607684135437012,-0.0006533664418384433,3.074133928748779e-05,0.0005725267110392451,0.25450244545936584,0.2113451063632965,0.011543039232492447,0.5032950043678284,1.5098623037338257,8.0,0.08374516665935516,0.08628962188959122,0.8582956790924072,7.964536962390412e-06,0.0032571153715252876,0.1600516140460968,0.0024452732107738224,0.007711018901318312,0.005886910017579794,-0.0024146498180925846,0.054269224405288696,0.27071234583854675,0.28399571776390076
120,model.layers.7.self_attn.k_proj.weight,512,1024,0.0009765625,0.0010292070219293237,4.5037102699279785,1.1199050277355127e-05,0.15120580792427063,0.0009438890847377479,0.16895096004009247,0.25392505526542664,0.022480716928839684,0.6763203144073486,1.3253456354141235,0.001317543094046414,8.98875617980957,0.0025688395835459232,1.0806646969285794e-05,0.0008036169456318021,0.2692244350910187,0.19848030805587769,0.01383855752646923,0.5151762366294861,1.3592379093170166,,,,,,,,,,,,,,
120,model.layers.7.self_attn.v_proj.weight,512,1024,0.0009765625,0.0008786359685473144,2.1591153144836426,0.0016209824243560433,0.29939737915992737,0.0003136734594590962,0.1422242522239685,0.24999096989631653,0.0031374022364616394,0.7199910879135132,1.4649261236190796,0.0014699144521728158,6.036187171936035,-0.00037734679062850773,1.0798130460898392e-05,0.0010758864227682352,0.18073713779449463,0.22583535313606262,0.010097907856106758,0.6700316667556763,1.425441026687622,,,,,,,,,,,,,,
120,model.layers.7.self_attn.o_proj.weight,1024,2048,0.00048828125,0.00023461358796339482,2.2758750915527344,0.0005254926509223878,0.4888574481010437,5.046733713243157e-05,0.14224112033843994,0.3578084409236908,0.01957242749631405,0.5254061222076416,1.4225291013717651,0.000302504951832816,4.634291172027588,0.0003614691086113453,2.1795223801746033e-05,0.00010013845894718543,0.1862930804491043,0.2977195084095001,0.018435509875416756,0.477341890335083,1.4035276174545288,,,,,,,,,,,,,,
120,model.layers.15.self_attn.q_proj.weight,4096,1024,0.000244140625,0.0001265466125914827,3.7629141807556152,2.6109513783012517e-05,0.22644779086112976,0.00034542608773335814,0.20170363783836365,0.24879510700702667,0.0038984210696071386,0.458982914686203,1.5494253635406494,0.00027856367523781955,10.3233642578125,0.000771464838180691,2.9951710530440323e-05,0.0004861009947489947,0.24933220446109772,0.22587130963802338,0.013447051867842674,0.4510076642036438,1.5036457777023315,8.0,0.07442384213209152,0.07926744222640991,0.8429442048072815,-5.5322680054814555e-06,-6.933401891728863e-05,0.19886186718940735,,-0.003184650791808963,5.310316555551253e-05,0.006754321977496147,0.05634678155183792,,
120,model.layers.15.self_attn.k_proj.weight,512,1024,0.0009765625,0.0010790202068164945,4.789853096008301,9.561986189510208e-07,0.18618914484977722,0.00023487310681957752,0.26030102372169495,0.2322421371936798,0.0037087867967784405,0.5342216491699219,1.477332353591919,0.0010896980529651046,11.128015518188477,0.0007399179157800972,1.0550530532782432e-05,0.00010837118315976113,0.2850145697593689,0.2138410210609436,0.006905440241098404,0.48256415128707886,1.4533604383468628,,,,,,,,,,,,,,
120,model.layers.15.self_attn.v_proj.weight,512,1024,0.0009765625,0.0008841890376061201,1.9768242835998535,-0.0015050224028527737,0.18927139043807983,0.00025432041729800403,0.17323243618011475,0.26071372628211975,0.00664640823379159,0.6694817543029785,1.454899787902832,0.0009973424021154642,4.564541339874268,0.001898324117064476,1.0655457117536571e-05,0.00035308199585415423,0.18937461078166962,0.24616487324237823,0.005292736925184727,0.6353209614753723,1.4446712732315063,,,,,,,,,,,,,0.2535823583602905,0.26398590207099915
120,model.layers.15.self_attn.o_proj.weight,1024,2048,0.00048828125,0.00044578814413398504,1.829769253730774,-0.00048209913074970245,0.3551824390888214,1.9392356989555992e-05,0.0807584822177887,0.4730813205242157,0.014015479944646358,0.5910744667053223,1.4570149183273315,0.0004167864681221545,4.813086032867432,0.0015051248483359814,2.130718348780647e-05,9.347820741822943e-05,0.1928776502609253,0.2984783351421356,0.021911511197686195,0.5234389901161194,1.4183372259140015,,,,,,,,,,,,,,
120,model.layers.19.self_attn.q_proj.weight,4096,1024,0.000244140625,0.00019544895621947944,3.8805129528045654,0.0015892972005531192,0.1267811357975006,0.0013062326470389962,0.21100550889968872,0.24084825813770294,0.013326204381883144,0.43406540155410767,1.5270471572875977,0.00028798505081795156,8.992186546325684,0.00031291719642467797,2.951662099803798e-05,0.0006089162197895348,0.2433215081691742,0.2320757359266281,0.02210499718785286,0.4592050611972809,1.475101113319397,8.0,0.07921086251735687,0.0739099308848381,0.8298513293266296,9.810935353016248e-08,-0.0011796207400038838,0.09256115555763245,,0.0007079916540533304,-0.001159659237600863,-0.008379567414522171,0.07580306380987167,,
120,model.layers.19.self_attn.k_proj.weight,512,1024,0.0009765625,0.001053118729032576,3.143007278442383,-8.623567737231497e-06,0.1286889910697937,0.001093455357477069,0.22982697188854218,0.24090777337551117,0.012540354393422604,0.5901513695716858,1.337692379951477,0.0009506942587904632,10.687769889831543,0.0006234942702576518,1.0471120731381234e-05,0.0004392980772536248,0.2741151452064514,0.20482923090457916,0.016370132565498352,0.47617825865745544,1.361283302307129,,,,,,,,,,,,,,
120,model.layers.19.self_attn.v_proj.weight,512,1024,0.0009765625,0.0007038275361992419,1.6228731870651245,-0.001600248389877379,0.11298739910125732,0.003696380415931344,0.14325523376464844,0.2533480226993561,0.011586959473788738,0.675667405128479,1.4398494958877563,0.0011809016577899456,4.232996463775635,-0.0013399759773164988,1.0647630006133113e-05,0.0008465161663480103,0.18156366050243378,0.29599592089653015,0.007451228331774473,0.6435312032699585,1.4568709135055542,,,,,,,,,,,,,,
120,model.layers.19.self_attn.o_proj.weight,1024,2048,0.00048828125,0.0006007165648043156,1.4003506898880005,-0.0004953434690833092,0.21840207278728485,5.840805170009844e-05,0.05721655115485191,0.5400504469871521,0.017975613474845886,0.6406781673431396,1.4641319513320923,0.00038101262180134654,6.0682692527771,-0.0005726008675992489,2.113154550897889e-05,0.00013742668670602143,0.18001027405261993,0.31927618384361267,0.0120414849370718,0.5849834680557251,1.4473847150802612,,,,,,,,,,,,,,
120,model.layers.1.mlp.gate_proj.weight,3584,1024,0.00027901785714285713,0.000219404450035654,2.948981285095215,-0.000765459262765944,0.22323864698410034,0.0002298488689120859,0.178860142827034,0.3041229248046875,0.006299368105828762,0.529948353767395,1.5213252305984497,0.0002918046957347542,11.237799644470215,0.000401054450776428,3.114355422439985e-05,0.00017400759679730982,0.25725510716438293,0.22838206589221954,0.009900840930640697,0.5004905462265015,1.5116462707519531,,,,,,,,,,,,,0.296279639005661,0.2889314889907837
120,model.layers.1.mlp.up_proj.weight,3584,1024,0.00027901785714285713,0.0002816601190716028,2.64907169342041,-0.00022944201191421598,0.3694276809692383,0.00016296129615511745,0.1627340465784073,0.3296806216239929,0.00973630603402853,0.5135130882263184,1.5162150859832764,0.00028494850266724825,10.776562690734863,0.0009062790777534246,3.10399555019103e-05,0.00010782900790218264,0.25428885221481323,0.23119258880615234,0.009282007813453674,0.5021617412567139,1.5116671323776245,,,,,,,,,,,,,,
120,model.layers.1.mlp.down_proj.weight,1024,3584,0.00027901785714285713,0.0002458674134686589,4.325416564941406,-0.00023511600738856941,0.3652619421482086,0.0008178391144610941,0.1893855780363083,0.27721887826919556,0.011344240047037601,0.5392469167709351,1.44285249710083,0.00029331620316952467,11.511299133300781,0.0009855198441073298,3.096088767051697e-05,0.0003029737272299826,0.23571398854255676,0.24655698239803314,0.015368446707725525,0.49592944979667664,1.4138745069503784,8.0,0.10053704679012299,0.09541672468185425,0.8782038688659668,5.4193333198782057e-05,0.0431988462805748,0.8548058271408081,0.001254508809026947,0.02094961702823639,0.017081689089536667,0.018045509234070778,0.057244542986154556,,
120,model.layers.12.mlp.gate_proj.weight,3584,1024,0.00027901785714285713,0.00021144577476661652,3.1672651767730713,-0.0003461061860434711,0.25574904680252075,0.0007733241654932499,0.17482492327690125,0.2526683807373047,0.006071109790354967,0.5951932668685913,1.5281124114990234,0.00028951928834430873,7.406299591064453,-0.0003011924563907087,2.9216187613201328e-05,0.0005994167295284569,0.25333699584007263,0.21677857637405396,0.010847839526832104,0.5067715644836426,1.5091001987457275,,,,,,,,,,,,,,
120,model.layers.12.mlp.up_proj.weight,3584,1024,0.00027901785714285713,0.0002999322023242712,3.100783586502075,-7.02869874658063e-05,0.40699246525764465,0.0006036724662408233,0.2208525687456131,0.24603809416294098,0.00905192457139492,0.49824684858322144,1.5156153440475464,0.0003079250454902649,5.885874271392822,0.00045651072287000716,2.978344309667591e-05,0.0007064257515594363,0.27209216356277466,0.20232675969600677,0.012456495314836502,0.48596954345703125,1.5056349039077759,,,,,,,,,,,,,,
120,model.layers.12.mlp.down_proj.weight,1024,3584,0.00027901785714285713,0.00025174726033583283,6.918811321258545,-7.385556818917394e-05,0.3939667344093323,0.00013246852904558182,0.20718277990818024,0.2792486250400543,0.023531410843133926,0.5082498788833618,1.382346749305725,0.0002650306560099125,6.827941417694092,0.0003398061962798238,2.9438284400384873e-05,0.00025544618256390095,0.23855800926685333,0.23982514441013336,0.03544742614030838,0.46260789036750793,1.3561800718307495,8.0,0.08174000680446625,0.07925040274858475,0.8683173656463623,4.982907739758957e-07,0.006978579796850681,1.0359476804733276,7.140289120155453e-05,0.0019304788438603282,0.0010466042440384626,0.012954740785062313,0.040133535861968994,,
120,model.layers.22.mlp.gate_proj.weight,3584,1024,0.00027901785714285713,0.00023649951617699116,3.207479238510132,0.0008503805147483945,0.10550925880670547,0.0007932669250294566,0.17898088693618774,0.25808265805244446,0.007060881704092026,0.5619996786117554,1.5236610174179077,0.00024621558259241283,8.73576545715332,0.0005622143507935107,2.754532943072263e-05,0.0005182763561606407,0.23594310879707336,0.22635042667388916,0.009806931018829346,0.4989938735961914,1.5086697340011597,,,,,,,,,,,,,0.26622024178504944,0.27314719557762146
120,model.layers.22.mlp.up_proj.weight,3584,1024,0.00027901785714285713,0.00018674034799914807,3.333817720413208,0.00045619989396072924,0.21859580278396606,0.0004971589078195393,0.1768442690372467,0.29013872146606445,0.011413331143558025,0.5722872614860535,1.5114935636520386,0.00027174389106221497,7.601377010345459,0.0005229891976341605,2.8245407520444132e-05,0.0007510650902986526,0.2260189801454544,0.24327120184898376,0.014192230999469757,0.5022780299186707,1.500397801399231,,,,,,,,,,,,,,
120,model.layers.22.mlp.down_proj.weight,1024,3584,0.00027901785714285713,0.00041634158696979284,2.7085747718811035,0.0005176093545742333,0.20908476412296295,0.00016878158203326166,0.1029059961438179,0.41447824239730835,0.010039717890322208,0.567662239074707,1.4691896438598633,0.00029537599766626954,6.5551676750183105,-0.00010927032417384908,2.854368904081639e-05,0.00024206812668126076,0.19408051669597626,0.29549649357795715,0.0090086180716753,0.5721421241760254,1.468529462814331,8.0,0.07707978785037994,0.08143775165081024,0.7955787181854248,1.0726847904152237e-05,0.002903940621763468,0.5211400389671326,0.003693893678045722,0.0006400499842129648,0.0004906946560367942,-0.005040996242314577,0.12084195017814636,,
120,model.layers.1.linear_attn.in_proj_qkv.weight,6144,1024,0.00016276041666666666,0.00014663035108242184,2.3962719440460205,-3.7514884752454236e-05,0.18982666730880737,0.0010097265476360917,0.1923561841249466,0.25517913699150085,0.00942609366029501,0.5079600214958191,1.5334112644195557,0.00015983503544703126,9.330960273742676,-0.0005108234472572803,4.098374120076187e-05,0.00043394818203523755,0.255527526140213,0.22189414501190186,0.00995506439357996,0.5040730237960815,1.5233372449874878,8.0,0.09606511890888214,0.09614909440279007,0.867222249507904,7.466967417713022e-06,0.006068052724003792,0.10447558760643005,0.0012305376629598902,0.026879552751779556,0.02137085609138012,0.03211396560072899,0.07789836078882217,,
120,model.layers.1.linear_attn.out_proj.weight,1024,2048,0.00048828125,0.000256682833423838,1.3111119270324707,0.0005737282335758209,0.44336527585983276,0.0004444172082003206,0.1173018142580986,0.37481507658958435,0.01282527856528759,0.5231874585151672,1.4445332288742065,0.0005013496265746653,9.363996505737305,-0.0003281359968241304,2.3164848244050518e-05,0.0003066296922042966,0.2433033287525177,0.23686443269252777,0.014683683402836323,0.49953511357307434,1.4312940835952759,,,,,,,,,,,,,,
120,model.layers.12.linear_attn.in_proj_qkv.weight,6144,1024,0.00016276041666666666,7.713209197390825e-05,2.5293235778808594,0.00039014272624626756,0.23226627707481384,0.0004552987520582974,0.15599073469638824,0.2570386528968811,0.0033118862193077803,0.5924077033996582,1.5528782606124878,0.00012530181265901774,7.136188507080078,-0.0001423064386472106,3.9259291952475905e-05,0.00042125897016376257,0.2538863718509674,0.21359866857528687,0.00745655270293355,0.5030444264411926,1.5346910953521729,8.0,0.09314984083175659,0.08610067516565323,0.8370572328567505,3.6370593079482205e-06,0.002496168715879321,0.11347466707229614,0.0014570566824314197,0.007065476384013891,0.004617015365511179,0.014201081357896328,0.10303016006946564,,
120,model.layers.12.linear_attn.out_proj.weight,1024,2048,0.00048828125,0.000300002982839942,2.727158784866333,3.889203071594238e-05,0.3368006944656372,4.191408515907824e-05,0.16415166854858398,0.330413281917572,0.014628992415964603,0.5152868032455444,1.4275975227355957,0.0005141751607879996,4.525290489196777,0.0004504180105868727,2.2376852939487435e-05,0.00020618717826437205,0.23458312451839447,0.2498013824224472,0.027621658518910408,0.48353898525238037,1.3946269750595093,,,,,,,,,,,,,,
120,model.layers.21.linear_attn.in_proj_qkv.weight,6144,1024,0.00016276041666666666,9.228487760992721e-05,3.3151471614837646,-0.00015915418043732643,0.06489431113004684,0.000503026123624295,0.17186759412288666,0.2590632140636444,0.004719332326203585,0.5957916378974915,1.5451514720916748,0.00014402958913706243,8.766615867614746,0.0006922958418726921,3.651422230177559e-05,0.0005523449508473277,0.2419126331806183,0.2233370542526245,0.010666590183973312,0.49039438366889954,1.5295614004135132,8.0,0.09315497428178787,0.08321273326873779,0.8458142280578613,4.4605960169974423e-07,0.00017180221038870513,0.01334836520254612,0.0025963554292492952,0.009271602146327496,0.002747452585026622,-0.003763696877285838,0.050013620406389236,,
120,model.layers.21.linear_attn.out_proj.weight,1024,2048,0.00048828125,0.00037107840762473643,3.089939594268799,-0.0006414754316210747,0.12485738843679428,4.346558125689626e-05,0.15265996754169464,0.3438056409358978,0.006006815005093813,0.5271480679512024,1.4805936813354492,0.000507068878505379,4.4322428703308105,-0.0011859260266646743,2.13498806260759e-05,0.00010601679241517559,0.21138550341129303,0.27762702107429504,0.007494696881622076,0.5401664972305298,1.4768413305282593,,,,,,,,,,,,,,
140,model.layers.7.self_attn.q_proj.weight,4096,1024,0.000244140625,0.0001012456850730814,3.0403358936309814,-0.000671910704113543,0.26583799719810486,0.0009281169041059911,0.18000388145446777,0.2627795338630676,0.008373630233108997,0.5340944528579712,1.5333751440048218,0.00022261578124016523,9.954450607299805,-0.0005854076589457691,3.182337241014466e-05,0.0004894629819318652,0.25938519835472107,0.2066984623670578,0.010239423252642155,0.49585387110710144,1.5149694681167603,8.0,0.07311918586492538,0.06682239472866058,0.8686347603797913,-5.836803211423103e-06,-0.0017956997035071254,0.1444014608860016,,-0.00031554404995404184,-0.0019120419165119529,-0.006787232588976622,0.051377903670072556,0.2782360911369324,0.2683049738407135
140,model.layers.7.self_attn.k_proj.weight,512,1024,0.0009765625,0.0010755299590528011,3.786600351333618,-1.5586052541038953e-05,0.19043460488319397,0.002420293167233467,0.14350098371505737,0.25422030687332153,0.022696202620863914,0.7200707793235779,1.3300288915634155,0.0011611072113737464,9.719622611999512,-0.0030456839594990015,1.095727475330932e-05,0.0009900908917188644,0.2764196991920471,0.1895856410264969,0.0203729085624218,0.5050689578056335,1.3385807275772095,,,,,,,,,,,,,,
140,model.layers.7.self_attn.v_proj.weight,512,1024,0.0009765625,0.0008405104163102806,1.9274979829788208,-0.0001873373257694766,0.35445472598075867,0.000506353098899126,0.12482956796884537,0.2589778006076813,0.003256607335060835,0.756626546382904,1.4835760593414307,0.0009583921637386084,5.235987663269043,0.001493118004873395,1.1573762094485573e-05,0.0006512358668260276,0.17628943920135498,0.22747819125652313,0.007623104844242334,0.6765113472938538,1.4381482601165771,,,,,,,,,,,,,,
140,model.layers.7.self_attn.o_proj.weight,1024,2048,0.00048828125,0.00025101014762185514,2.244431257247925,-7.318784628296271e-05,0.5542121529579163,5.314575901138596e-05,0.14380988478660583,0.35579460859298706,0.022275010123848915,0.5197490453720093,1.4086121320724487,0.0003140964254271239,4.722542762756348,0.0008779161144047976,2.321350075362716e-05,0.00017334135191049427,0.18227702379226685,0.30336520075798035,0.021878976374864578,0.4866480529308319,1.4120889902114868,,,,,,,,,,,,,,
140,model.layers.15.self_attn.q_proj.weight,4096,1024,0.000244140625,0.00011693209671648219,2.9879469871520996,0.0005194265395402908,0.25266799330711365,0.00018560668104328215,0.20448967814445496,0.24938394129276276,0.002843027701601386,0.4697917401790619,1.5499776601791382,0.00027746177511289716,9.23095989227295,-0.0005648405640386045,3.250616282457486e-05,0.0004796275752596557,0.24968458712100983,0.22426724433898926,0.014499397948384285,0.4519979655742645,1.4994375705718994,8.0,0.07299831509590149,0.06513272225856781,0.8777003884315491,1.137227854997036e-06,0.0005838790675625205,0.15708240866661072,0.0019477112953278878,0.004402900580316782,0.0001749736547935754,-0.005370187107473612,0.04459824785590172,,
140,model.layers.15.self_attn.k_proj.weight,512,1024,0.0009765625,0.0009783104760572314,3.245983600616455,-1.3991776540933643e-05,0.2287696897983551,7.696969259995967e-05,0.23611420392990112,0.2478799819946289,0.0035281882155686617,0.5670861005783081,1.4658969640731812,0.0009946308564394712,9.211139678955078,-0.0008346401737071574,1.1636400813586079e-05,0.0001419108739355579,0.29433733224868774,0.2050398290157318,0.007653163280338049,0.46731850504875183,1.429928183555603,,,,,,,,,,,,,,
140,model.layers.15.self_attn.v_proj.weight,512,1024,0.0009765625,0.0008183675818145275,1.879948616027832,-0.001662766677327454,0.20289649069309235,0.000132097426103428,0.18275289237499237,0.2597019076347351,0.004005341324955225,0.6617374420166016,1.4629913568496704,0.001001398777589202,4.543654918670654,-0.00043427926721051335,1.1636612725851592e-05,0.0005097976536490023,0.2028283178806305,0.24228881299495697,0.007262207102030516,0.613987922668457,1.4192173480987549,,,,,,,,,,,,,0.22243444621562958,0.25096097588539124
140,model.layers.15.self_attn.o_proj.weight,1024,2048,0.00048828125,0.00036230633850209415,1.9170506000518799,-0.0005446627619676292,0.37043270468711853,2.3973785573616624e-05,0.08897025883197784,0.45290884375572205,0.01023089699447155,0.5814029574394226,1.4464517831802368,0.0003903426695615053,4.988379001617432,0.0003965548239648342,2.3292572222999297e-05,8.037810039240867e-05,0.18762078881263733,0.3060944080352783,0.01788734644651413,0.541447103023529,1.4064505100250244,,,,,,,,,,,,,,
140,model.layers.19.self_attn.q_proj.weight,4096,1024,0.000244140625,0.00017986909369938076,3.8668859004974365,-0.00022704149887431413,0.14005085825920105,0.00023414324095938355,0.22505754232406616,0.23437879979610443,0.006948037073016167,0.42749664187431335,1.5310535430908203,0.00027735059848055243,8.936744689941406,-0.00015283490938600153,3.190091229043901e-05,0.0005758979823440313,0.24836333096027374,0.22745999693870544,0.021657628938555717,0.45249101519584656,1.4780181646347046,8.0,0.07424177974462509,0.06628739833831787,0.8549007773399353,-5.49615606360021e-07,-0.0009023973834700882,0.07959878444671631,,-0.00027977218269370496,-0.002947241300716996,-0.003397607011720538,0.06695929914712906,,
140,model.layers.19.self_attn.k_proj.weight,512,1024,0.0009765625,0.001091683516278863,4.896574974060059,-8.171401532308664e-06,0.13325121998786926,0.001571805332787335,0.2517944872379303,0.22363147139549255,0.017339879646897316,0.5454027652740479,1.3460720777511597,0.0010804091580212116,8.69865894317627,0.0013391257962211967,1.1403842108848039e-05,0.000282648135907948,0.29263928532600403,0.19708679616451263,0.018637698143720627,0.4501396119594574,1.3635138273239136,,,,,,,,,,,,,,
140,model.layers.19.self_attn.v_proj.weight,512,1024,0.0009765625,0.0007030765409581363,1.5426424741744995,-0.001447749906219542,0.11903135478496552,0.0025814881082624197,0.12830328941345215,0.26108863949775696,0.009238631464540958,0.6956316828727722,1.4063467979431152,0.000957937678322196,3.9844067096710205,0.0013779968721792102,1.1357691619195975e-05,0.0005309943808242679,0.1841455101966858,0.2944244146347046,0.007215017918497324,0.6460993885993958,1.4204500913619995,,,,,,,,,,,,,,
140,model.layers.19.self_attn.o_proj.weight,1024,2048,0.00048828125,0.00046192127047106624,1.4643168449401855,-0.0004708420601673424,0.22093766927719116,0.0001060559370671399,0.06008270010352135,0.520300030708313,0.014923220500349998,0.6253230571746826,1.4544845819473267,0.00039854945498518646,6.301656246185303,0.0004903215449303389,2.282271088915877e-05,0.00012841886200476438,0.1857462227344513,0.31352028250694275,0.011341836303472519,0.5725054740905762,1.4537718296051025,,,,,,,,,,,,,,
140,model.layers.1.mlp.gate_proj.weight,3584,1024,0.00027901785714285713,0.00028104145894758403,3.0452980995178223,-1.7238107830053195e-05,0.2545219957828522,0.0006072912947274745,0.1798284947872162,0.3049047589302063,0.010701828636229038,0.5317666530609131,1.5110197067260742,0.0002742385258898139,9.381542205810547,-0.00042013105121441185,3.460803418420255e-05,0.00016451787087135017,0.2625366151332855,0.2232544720172882,0.010217571631073952,0.4971146583557129,1.5087858438491821,,,,,,,,,,,,,0.26706457138061523,0.2794385254383087
140,model.layers.1.mlp.up_proj.weight,3584,1024,0.00027901785714285713,0.00021667490364052355,2.769681453704834,-0.0003894188557751477,0.4249085485935211,0.000200590948224999,0.16682706773281097,0.31870463490486145,0.010549753904342651,0.5034224390983582,1.5139875411987305,0.0002886517613660544,8.799825668334961,6.89974840497598e-05,3.4645610867301e-05,0.00011349131818860769,0.25852319598197937,0.22862988710403442,0.0090049272403121,0.5042110085487366,1.512521743774414,,,,,,,,,,,,,,
140,model.layers.1.mlp.down_proj.weight,1024,3584,0.00027901785714285713,0.0002899182727560401,5.4111433029174805,-0.0003959947207476944,0.41446545720100403,0.0016197969671338797,0.19066737592220306,0.28045520186424255,0.016236141324043274,0.5394061207771301,1.4328020811080933,0.0002843389520421624,9.801401138305664,0.00019150930165778846,3.444046160439029e-05,0.0005437482614070177,0.23399926722049713,0.24891063570976257,0.015098183415830135,0.4982776641845703,1.4378565549850464,8.0,0.06223337724804878,0.05988064780831337,0.8808138370513916,-1.3353115718928166e-05,-0.01847769320011139,0.6936560869216919,,-0.006585253402590752,-0.007055157795548439,-0.002265085931867361,0.04238215088844299,,
140,model.layers.12.mlp.gate_proj.weight,3584,1024,0.00027901785714285713,0.00020964712894055992,2.9990828037261963,0.0006892037345096469,0.26323559880256653,0.0005291822017170489,0.1872413605451584,0.24187146127223969,0.005113767925649881,0.5716513991355896,1.5300101041793823,0.00027057272382080555,7.275912284851074,-0.0007774009718559682,3.061133611481637e-05,0.0005633898545056581,0.25978121161460876,0.2143787294626236,0.01026920322328806,0.49610424041748047,1.5151995420455933,,,,,,,,,,,,,,
140,model.layers.12.mlp.up_proj.weight,3584,1024,0.00027901785714285713,0.0002591680968180299,2.693908452987671,-8.375698962481692e-05,0.43623900413513184,0.00029463579994626343,0.21849538385868073,0.247661754488945,0.0065592145547270775,0.5110810399055481,1.5165672302246094,0.0002646246284712106,6.81139612197876,0.000986916129477322,3.0658909963676706e-05,0.0003194123855791986,0.26734668016433716,0.20843517780303955,0.009730685502290726,0.49323248863220215,1.5115941762924194,,,,,,,,,,,,,,
140,model.layers.12.mlp.down_proj.weight,1024,3584,0.00027901785714285713,0.0002585035690572113,6.033452987670898,-8.760215860093012e-05,0.41496381163597107,0.00013982446398586035,0.2028895616531372,0.28544294834136963,0.021395236253738403,0.5184914469718933,1.394775390625,0.00027144866180606186,7.548379898071289,0.0003649242571555078,3.1117866456042975e-05,0.0002103250881191343,0.23264028131961823,0.2530252933502197,0.02363642305135727,0.4901041090488434,1.3697351217269897,8.0,0.060987137258052826,0.06346823275089264,0.8864587545394897,-1.0331946214137133e-05,-0.008249064907431602,0.8719478249549866,,-0.002667345106601715,-0.0018652703147381544,-0.007137761451303959,0.028606511652469635,,
140,model.layers.22.mlp.gate_proj.weight,3584,1024,0.00027901785714285713,0.00022759665444027632,3.379024028778076,-0.0002724928199313581,0.10056043416261673,0.0005912644555792212,0.18959641456604004,0.24412183463573456,0.0065713440999388695,0.5317682027816772,1.519418716430664,0.00029053050093352795,8.514585494995117,-7.845149229979143e-05,2.9182436264818534e-05,0.0012486826162785292,0.2327607125043869,0.2282547950744629,0.011785547249019146,0.5004571080207825,1.5023128986358643,,,,,,,,,,,,,0.2839096486568451,0.3071763217449188
140,model.layers.22.mlp.up_proj.weight,3584,1024,0.00027901785714285713,0.000455944100394845,3.5005388259887695,2.085773303406313e-05,0.2111109048128128,0.0006838178378529847,0.17272350192070007,0.2988181710243225,0.011861377395689487,0.5835608243942261,1.5091257095336914,0.00026934503694064915,6.949927806854248,-0.000884608831256628,2.9729844754911028e-05,0.0004467260150704533,0.22593903541564941,0.244203582406044,0.010632057674229145,0.505754828453064,1.5073097944259644,,,,,,,,,,,,,,
140,model.layers.22.mlp.down_proj.weight,1024,3584,0.00027901785714285713,0.0003609380219131708,3.083753824234009,2.1242001821519807e-05,0.20530924201011658,0.00018299974908586591,0.10793903470039368,0.4160364270210266,0.009683563373982906,0.5798453092575073,1.4618395566940308,0.0002921020786743611,5.541524410247803,-0.0009530775132589042,3.0135290217003785e-05,0.000217385109863244,0.19843414425849915,0.28923365473747253,0.008366045542061329,0.5598031878471375,1.4669655561447144,8.0,0.0645972192287445,0.06530261784791946,0.8498699069023132,-7.183932211773936e-06,-0.002768625970929861,0.28896772861480713,,-0.0010308767668902874,-0.0017577089602127671,-0.010650824755430222,0.10645263642072678,,
140,model.layers.1.linear_attn.in_proj_qkv.weight,6144,1024,0.00016276041666666666,0.00010468027176102623,2.384143352508545,0.0005640443996526301,0.22120140492916107,0.0011024500709027052,0.19474118947982788,0.2548871338367462,0.00901853572577238,0.5056632161140442,1.5358585119247437,0.00015419584815390408,7.050317287445068,-0.0003206970286555588,4.681770224124193e-05,0.00036484916927292943,0.25649696588516235,0.2221544086933136,0.008519953116774559,0.5059452652931213,1.531438946723938,8.0,0.05934290960431099,0.06057742238044739,0.8701566457748413,-9.14959343845112e-07,-0.002630790462717414,0.08509117364883423,,-0.014845575205981731,-0.010360173881053925,-0.011810957454144955,0.06314962357282639,,
140,model.layers.1.linear_attn.out_proj.weight,1024,2048,0.00048828125,0.00038535112980753183,1.401849389076233,0.00037700586835853755,0.4896068274974823,0.00019729133055079728,0.12906727194786072,0.35673314332962036,0.009573579765856266,0.5116437673568726,1.4340740442276,0.0005664547788910568,7.941969394683838,-0.0013252353528514504,2.5998877390520647e-05,0.0003794937510974705,0.2489718347787857,0.23434321582317352,0.0142278540879488,0.49516376852989197,1.4279946088790894,,,,,,,,,,,,,,
140,model.layers.12.linear_attn.in_proj_qkv.weight,6144,1024,0.00016276041666666666,5.846059866598807e-05,2.1428632736206055,1.483264259150019e-05,0.26918789744377136,0.0005987875629216433,0.161177396774292,0.24479441344738007,0.004098227247595787,0.5855768918991089,1.5510748624801636,0.00012651550059672445,9.012090682983398,-0.0004920424544252455,3.922827454516664e-05,0.00039807692519389093,0.24947050213813782,0.21777990460395813,0.008640722371637821,0.5101774334907532,1.5345261096954346,8.0,0.06465830653905869,0.06984712928533554,0.8580284714698792,-1.8062080187064566e-07,-0.00027288225828669965,0.0886736661195755,,0.0012648965930566192,0.0002954021329060197,-0.008107047528028488,0.09252285957336426,,
140,model.layers.12.linear_attn.out_proj.weight,1024,2048,0.00048828125,0.0002971159992739558,2.712723970413208,-0.0004541990638244897,0.35043835639953613,4.904609522782266e-05,0.1589197814464569,0.33703672885894775,0.02090981788933277,0.5256512761116028,1.4322707653045654,0.00041925793630070984,4.9763264656066895,-0.00031572955776937306,2.2965141397435218e-05,0.00014277079026214778,0.226092129945755,0.26174741983413696,0.020654406398534775,0.5059666633605957,1.4093424081802368,,,,,,,,,,,,,,
140,model.layers.21.linear_attn.in_proj_qkv.weight,6144,1024,0.00016276041666666666,0.00010062105138786137,4.032095909118652,-8.249387610703707e-05,0.0682528018951416,0.0007577557116746902,0.17298881709575653,0.2639903724193573,0.006123698782175779,0.5988588929176331,1.5445812940597534,0.00015550189709756523,10.00299072265625,-0.0006546994554810226,3.8369638787116855e-05,0.0011156139662489295,0.23914197087287903,0.22785316407680511,0.012610594742000103,0.49313709139823914,1.525172472000122,8.0,0.07857267558574677,0.0705944299697876,0.8649633526802063,6.499325166942072e-08,-3.4552376746432856e-05,0.009340832009911537,,0.0007924519013613462,-0.0007505341782234609,0.004853417631238699,0.053476061671972275,,
140,model.layers.21.linear_attn.out_proj.weight,1024,2048,0.00048828125,0.0003422096197027713,3.6300394535064697,0.0010405723005533218,0.13034313917160034,0.00012029006757074967,0.14735253155231476,0.3571375012397766,0.00750218890607357,0.5463312864303589,1.4739186763763428,0.0004953446332365274,5.069817066192627,-0.0007874643779359758,2.2700831323163584e-05,0.00017312265117652714,0.21871720254421234,0.27037951350212097,0.009167841635644436,0.5333413481712341,1.4694353342056274,,,,,,,,,,,,,,
160,model.layers.7.self_attn.q_proj.weight,4096,1024,0.000244140625,0.00011517869279487059,2.5915589332580566,-0.00027777403010986745,0.28142738342285156,0.0004275734827388078,0.17713283002376556,0.2691643536090851,0.006499492563307285,0.5379186868667603,1.5341061353683472,0.00021018547704443336,9.577670097351074,-0.0005535326199606061,3.067784200538881e-05,0.0006423519807867706,0.25722554326057434,0.21042272448539734,0.010402025654911995,0.5011086463928223,1.523231863975525,8.0,0.0721643790602684,0.0743272602558136,0.8558687567710876,-7.026419552857988e-06,-0.0002825806732289493,0.16609780490398407,,0.00014903038390912116,6.629850395256653e-05,0.005813984666019678,0.055810995399951935,0.25644251704216003,0.2541634440422058
160,model.layers.7.self_attn.k_proj.weight,512,1024,0.0009765625,0.000988079933449626,3.6949212551116943,-1.1272995834588073e-06,0.18887697160243988,0.002620428567752242,0.15980559587478638,0.259432852268219,0.027077049016952515,0.6898404955863953,1.3245989084243774,0.0010575804626569152,9.539595603942871,-0.00462349783629179,1.1098838513134979e-05,0.0004656598321162164,0.259542316198349,0.1985895037651062,0.016154471784830093,0.5290235877037048,1.3663119077682495,,,,,,,,,,,,,,
160,model.layers.7.self_attn.v_proj.weight,512,1024,0.0009765625,0.0009110926766879857,1.8314369916915894,-0.0016532235313206911,0.37644731998443604,0.00034356224932707846,0.1351967602968216,0.25746363401412964,0.0037008007057011127,0.7452760934829712,1.4461779594421387,0.0009640040225349367,6.542057037353516,0.00011574420932447538,1.077192609955091e-05,0.0004438934556674212,0.17394278943538666,0.23676854372024536,0.008611527271568775,0.6843428015708923,1.422860026359558,,,,,,,,,,,,,,
160,model.layers.7.self_attn.o_proj.weight,1024,2048,0.00048828125,0.0002254113496746868,2.018303155899048,-0.000536543782800436,0.6213816404342651,3.8353591662598774e-05,0.14026644825935364,0.3685816526412964,0.013927670195698738,0.5414286255836487,1.4238256216049194,0.0003057081194128841,5.333807945251465,4.407315645948984e-05,2.127848711097613e-05,8.317400352098048e-05,0.1836334615945816,0.3007800877094269,0.016639169305562973,0.47942623496055603,1.4100595712661743,,,,,,,,,,,,,,
160,model.layers.15.self_attn.q_proj.weight,4096,1024,0.000244140625,0.0001296226546401158,3.7570016384124756,0.0004496582841966301,0.2932857871055603,0.00021267830743454397,0.21412749588489532,0.23889757692813873,0.0038406886160373688,0.44593289494514465,1.544049859046936,0.0002934355288743973,9.417465209960938,-0.00039376947097480297,2.987896186823491e-05,0.0006094667478464544,0.24844355881214142,0.2255045771598816,0.014034925028681755,0.45573747158050537,1.5041338205337524,8.0,0.07079022377729416,0.07478399574756622,0.8339744806289673,2.243359176645754e-06,6.117532029747963e-05,0.2244558334350586,0.03667098375189346,-0.005156808067113161,-7.620432006660849e-05,-0.019985157996416092,0.032868001610040665,,
160,model.layers.15.self_attn.k_proj.weight,512,1024,0.0009765625,0.0009189348784275353,5.5572028160095215,-8.230913408624474e-06,0.24303412437438965,0.0001650237973080948,0.26226094365119934,0.2263222485780716,0.0046612974256277084,0.5317939519882202,1.4571291208267212,0.0008803619421087205,9.09265422821045,0.0008836304768919945,1.0569472578936256e-05,9.772032353794202e-05,0.28028565645217896,0.20754316449165344,0.0070908707566559315,0.48475247621536255,1.4302475452423096,,,,,,,,,,,,,,
160,model.layers.15.self_attn.v_proj.weight,512,1024,0.0009765625,0.0007808535010553896,1.6863101720809937,-0.0006556625012308359,0.2597750723361969,0.00022200321836862713,0.17634247243404388,0.27383196353912354,0.004133428912609816,0.6586300730705261,1.4484100341796875,0.0010152638424187899,4.9067912101745605,0.003414090722799301,1.0669738912838511e-05,0.000621406827121973,0.20460280776023865,0.23779775202274323,0.006040761712938547,0.6135566830635071,1.4319747686386108,,,,,,,,,,,,,0.2740587890148163,0.29708608984947205
160,model.layers.15.self_attn.o_proj.weight,1024,2048,0.00048828125,0.0004439084732439369,1.7026554346084595,-0.00021054908575024456,0.481183260679245,2.037754893535748e-05,0.08730248361825943,0.44738754630088806,0.010620824061334133,0.565220832824707,1.4612973928451538,0.00040690932655707,5.12201452255249,0.0018629616824910045,2.0942516130162403e-05,8.726981468498707e-05,0.19751515984535217,0.2913561165332794,0.020029384642839432,0.51543790102005,1.4106178283691406,,,,,,,,,,,,,,
160,model.layers.19.self_attn.q_proj.weight,4096,1024,0.000244140625,0.0001853741705417633,3.9561080932617188,0.00044761650497093797,0.15534260869026184,0.000626650988124311,0.220557302236557,0.23711730539798737,0.009854497388005257,0.4345484673976898,1.523978352546692,0.00023370662529487163,9.438416481018066,-0.0006098317098803818,2.905567453126423e-05,0.0006283456459641457,0.24256107211112976,0.23259344696998596,0.02157123200595379,0.46153488755226135,1.4833775758743286,8.0,0.08208252489566803,0.07613031566143036,0.8378109335899353,5.766290769315674e-07,-7.757686398690566e-05,0.07772338390350342,,0.0010449960827827454,-0.00028417364228516817,-0.0022369311191141605,0.052000585943460464,,
160,model.layers.19.self_attn.k_proj.weight,512,1024,0.0009765625,0.0010373566765338182,3.692551851272583,-5.6828398555808235e-06,0.1586761176586151,0.0003461472224444151,0.2477812021970749,0.22514601051807404,0.013816943392157555,0.5639782547950745,1.3439117670059204,0.001154511352069676,10.54883098602295,0.0032835607416927814,1.034719571180176e-05,0.0002855684142559767,0.28320610523223877,0.20176057517528534,0.017659632489085197,0.4628199636936188,1.3378223180770874,,,,,,,,,,,,,,
160,model.layers.19.self_attn.v_proj.weight,512,1024,0.0009765625,0.00068488041870296,1.57242751121521,0.0003131180419586599,0.1365821361541748,0.00039860254037193954,0.1312226951122284,0.2722320258617401,0.00307483016513288,0.7062869668006897,1.441480040550232,0.0011760866036638618,4.449439525604248,0.0016768233617767692,1.0123683750862256e-05,0.0007071063155308366,0.19011178612709045,0.28933557868003845,0.007401414681226015,0.6320343613624573,1.440081000328064,,,,,,,,,,,,,,
160,model.layers.19.self_attn.o_proj.weight,1024,2048,0.00048828125,0.00048557683476246893,1.4403166770935059,9.57287847995758e-05,0.26343342661857605,4.5789318392053246e-05,0.058598969131708145,0.5234289169311523,0.00689439894631505,0.6305847764015198,1.4759607315063477,0.0003607135731726885,7.034368515014648,0.000534725550096482,2.07107459573308e-05,0.00011809056013589725,0.18423907458782196,0.31111273169517517,0.009708763100206852,0.5840741991996765,1.4593919515609741,,,,,,,,,,,,,,
160,model.layers.1.mlp.gate_proj.weight,3584,1024,0.00027901785714285713,0.00027084536850452423,3.3700509071350098,-5.047481317888014e-05,0.23421241343021393,0.0003741913242265582,0.18026763200759888,0.30227795243263245,0.00843089260160923,0.5273584127426147,1.5197505950927734,0.0002787754056043923,10.664304733276367,0.000646673608571291,2.926744673459325e-05,0.00016703455185052007,0.25899025797843933,0.226686030626297,0.009347853250801563,0.4990369379520416,1.5149638652801514,,,,,,,,,,,,,0.28568872809410095,0.27468863129615784
160,model.layers.1.mlp.up_proj.weight,3584,1024,0.00027901785714285713,0.00024131557438522577,3.1214821338653564,0.00014173595991451293,0.3886648118495941,9.80649929260835e-05,0.16541340947151184,0.323578417301178,0.007776524871587753,0.5135051608085632,1.5135929584503174,0.00030666159000247717,10.065284729003906,3.927248326363042e-05,2.9146747692720965e-05,0.00010929104610113427,0.256198525428772,0.23071302473545074,0.010125348344445229,0.49757838249206543,1.5106877088546753,,,,,,,,,,,,,,
160,model.layers.1.mlp.down_proj.weight,1024,3584,0.00027901785714285713,0.0002856505161616951,5.926381587982178,0.00013881818449590355,0.3937707245349884,0.0007530393777415156,0.1828056275844574,0.2936442196369171,0.012340107001364231,0.5671617984771729,1.4567890167236328,0.0003138078609481454,10.78813362121582,0.0005305518279783428,2.9157812605262734e-05,0.0005104716401547194,0.23231390118598938,0.24933087825775146,0.016733648255467415,0.501161515712738,1.4205881357192993,8.0,0.07290706038475037,0.07025685161352158,0.8742614984512329,-1.0621215551509522e-05,-0.0023323874920606613,0.8332214951515198,,-0.0010476752649992704,-0.00019995834736619145,-0.007679395843297243,0.024392863735556602,,
160,model.layers.12.mlp.gate_proj.weight,3584,1024,0.00027901785714285713,0.00018486566841602325,2.632453203201294,0.00042765383841469884,0.3205360770225525,0.0011125034652650356,0.1837489753961563,0.24306130409240723,0.006964277010411024,0.5729308724403381,1.526884913444519,0.00025859399465844035,8.52174186706543,0.0003850683569908142,2.789647078316193e-05,0.0003133283171337098,0.25709909200668335,0.21664638817310333,0.010751161724328995,0.4980744421482086,1.5089261531829834,,,,,,,,,,,,,,
160,model.layers.12.mlp.up_proj.weight,3584,1024,0.00027901785714285713,0.0002920863626059145,2.697676181793213,4.970933514414355e-05,0.5106134414672852,0.0002711443230509758,0.21922536194324493,0.2519974708557129,0.00588233582675457,0.5106175541877747,1.5181550979614258,0.00027887392207048833,7.531445026397705,-0.00025581708177924156,2.7940237487200648e-05,0.00038603131542913616,0.26569753885269165,0.21015088260173798,0.009922553785145283,0.49574151635169983,1.5125902891159058,,,,,,,,,,,,,,
160,model.layers.12.mlp.down_proj.weight,1024,3584,0.00027901785714285713,0.00025117857148870826,5.280713081359863,5.400448935688473e-05,0.49227088689804077,0.0001403092610416934,0.2116936296224594,0.2746005356311798,0.02369842305779457,0.49760881066322327,1.3885377645492554,0.00028203180409036577,8.44756031036377,-0.00024955120170488954,2.782501542242244e-05,0.000215477921301499,0.23929435014724731,0.2443464696407318,0.022637536749243736,0.4754912555217743,1.3665344715118408,8.0,0.07530932128429413,0.07229858636856079,0.8749275207519531,-9.678237802290823e-07,0.0067253801971673965,1.0412850379943848,-0.0001439061810418854,-0.0031372292432934046,0.0012838880065828562,0.0006986302905716002,0.02044583298265934,,
160,model.layers.22.mlp.gate_proj.weight,3584,1024,0.00027901785714285713,0.00024528405629098415,2.9736106395721436,0.0008320061606355011,0.121432363986969,0.0003257822245359421,0.17454101145267487,0.25516822934150696,0.0056611960753798485,0.5650714635848999,1.5237606763839722,0.0002987956104334444,8.255168914794922,0.0015903236344456673,2.5338145860587247e-05,0.0008636241545900702,0.23180009424686432,0.2309616655111313,0.010701749473810196,0.4967736005783081,1.5032023191452026,,,,,,,,,,,,,0.2451447695493698,0.24759046733379364
160,model.layers.22.mlp.up_proj.weight,3584,1024,0.00027901785714285713,0.00022410484962165356,2.9000203609466553,0.0002592880337033421,0.27466338872909546,0.0006257378263399005,0.17008942365646362,0.2987150251865387,0.011327830143272877,0.5902498364448547,1.5087288618087769,0.0002671415568329394,7.992607593536377,-3.379564077476971e-05,2.6427924240124412e-05,0.00041127999429591,0.22517497837543488,0.24916620552539825,0.010799648240208626,0.5047620534896851,1.5111604928970337,,,,,,,,,,,,,,
160,model.layers.22.mlp.down_proj.weight,1024,3584,0.00027901785714285713,0.0004403825441841036,2.6814124584198,0.00031513141584582627,0.24770919978618622,0.0001609601458767429,0.1006111279129982,0.4356461465358734,0.006883624941110611,0.5956114530563354,1.4740774631500244,0.0003053064865525812,7.126269340515137,-0.0004166880389675498,2.6865845939028077e-05,0.00020085647702217102,0.20041193068027496,0.2870849072933197,0.008857049979269505,0.5632422566413879,1.4628912210464478,8.0,0.07495079189538956,0.07415810972452164,0.822356641292572,1.1992954114248278e-06,0.0028470782563090324,0.3460497558116913,0.0004212372486661469,-0.0033085106406360865,0.0008197761490009725,-0.007436144631356001,0.10084295272827148,,
160,model.layers.1.linear_attn.in_proj_qkv.weight,6144,1024,0.00016276041666666666,0.00010502593795536086,2.4250423908233643,0.0005851582391187549,0.2007368952035904,0.0009255282348021865,0.1808048039674759,0.26749348640441895,0.00886803399771452,0.5239676237106323,1.5313172340393066,0.00015050855290610343,11.243356704711914,0.0002481049159541726,3.81612844648771e-05,0.00038533168844878674,0.2555592656135559,0.22180268168449402,0.009897444397211075,0.5032628774642944,1.5243288278579712,8.0,0.07297907769680023,0.0685526505112648,0.8537421822547913,-3.9143367303040577e-07,-0.0011248595546931028,0.09826107323169708,,0.0013297306140884757,-0.0017692090477794409,-0.016864553093910217,0.042944274842739105,,
160,model.layers.1.linear_attn.out_proj.weight,1024,2048,0.00048828125,0.0014078801032155752,1.3788470029830933,0.00010938228660961613,0.46277984976768494,0.0003055678680539131,0.12051641196012497,0.37282615900039673,0.010435755364596844,0.5282424688339233,1.4631048440933228,0.0005159834981895983,11.31873607635498,7.757238563499413e-06,2.1991418179823086e-05,0.00027156068244948983,0.24138079583644867,0.23997636139392853,0.015036514960229397,0.5010197758674622,1.4230190515518188,,,,,,,,,,,,,,
160,model.layers.12.linear_attn.in_proj_qkv.weight,6144,1024,0.00016276041666666666,6.364269938785583e-05,2.306622266769409,0.00018363131675869226,0.29764825105667114,0.0003687591524794698,0.16409572958946228,0.24956479668617249,0.0029511721804738045,0.5748873353004456,1.5523127317428589,0.00012754613999277353,9.216111183166504,0.00010749576904345304,3.66009226127062e-05,0.00042471542838029563,0.2511010766029358,0.21824601292610168,0.008310089819133282,0.5057762861251831,1.5359925031661987,8.0,0.06983515620231628,0.07206078618764877,0.8400139212608337,2.63094420915877e-06,0.0010182057740166783,0.11044168472290039,0.0025839022683794705,0.005002341698855162,0.0014593790983781219,-0.0006390239577740431,0.10122790187597275,,
160,model.layers.12.linear_attn.out_proj.weight,1024,2048,0.00048828125,0.0002832542813848704,2.335304021835327,-0.00030160677852109075,0.42743760347366333,4.542284659692086e-05,0.16398750245571136,0.3285040855407715,0.018766047433018684,0.5113346576690674,1.4424275159835815,0.00047036766773089767,5.445448875427246,-0.00034143240191042423,2.1068362912046723e-05,0.00010327892960049212,0.230479896068573,0.25742030143737793,0.017500577494502068,0.4975121021270752,1.402738332748413,,,,,,,,,,,,,,
160,model.layers.21.linear_attn.in_proj_qkv.weight,6144,1024,0.00016276041666666666,0.00010834576096385717,3.403968334197998,-7.890720007708296e-05,0.0843394547700882,0.0008827115525491536,0.17569124698638916,0.25621503591537476,0.007074781693518162,0.5790459513664246,1.54319429397583,0.0001514728064648807,9.295982360839844,0.00012961118773091584,3.4836470149457455e-05,0.0007868403918109834,0.2401193231344223,0.22801049053668976,0.011556463316082954,0.4959537386894226,1.5249131917953491,8.0,0.08379510790109634,0.07812021672725677,0.8753482103347778,2.4796324282760906e-07,4.3584794184425846e-05,0.011355524882674217,0.005689214494816033,0.0016578595386818051,6.891534576425329e-05,0.006966123823076487,0.05798831582069397,,
160,model.layers.21.linear_attn.out_proj.weight,1024,2048,0.00048828125,0.000378061318770051,2.9837605953216553,-0.00022033037384971976,0.1483270525932312,7.667072350159287e-05,0.15189318358898163,0.34949934482574463,0.006444583181291819,0.5339367985725403,1.4807195663452148,0.0005026911967433989,5.214209079742432,-0.0005148418713361025,1.993341720663011e-05,0.0001116631246986799,0.2154485583305359,0.2726287543773651,0.0078121693804860115,0.5329167246818542,1.4761370420455933,,,,,,,,,,,,,,
180,model.layers.7.self_attn.q_proj.weight,4096,1024,0.000244140625,0.00012063657050020993,3.0844976902008057,9.517786384094507e-05,0.24560825526714325,0.000708748702891171,0.17905113101005554,0.26522257924079895,0.006590465549379587,0.5391952395439148,1.5333569049835205,0.00021604311768896878,9.389065742492676,-0.0008408242138102651,3.0660750780953094e-05,0.0008281063055619597,0.25929656624794006,0.20862306654453278,0.012002171017229557,0.4993428885936737,1.5103836059570312,8.0,0.06866225600242615,0.07095378637313843,0.8438040018081665,-3.208750285921269e-06,-0.0026429141871631145,0.2267504185438156,,-0.004014656879007816,-0.0015242734225466847,-0.0004715324321296066,0.05548117682337761,0.32817697525024414,0.33964410424232483
180,model.layers.7.self_attn.k_proj.weight,512,1024,0.0009765625,0.001335039036348462,4.35465145111084,-1.0418895726616029e-05,0.17385825514793396,0.0019774106331169605,0.16915330290794373,0.24998605251312256,0.023677021265029907,0.6800265312194824,1.3230345249176025,0.0010721449507400393,9.803749084472656,-0.001879682531580329,1.0705341082939412e-05,0.0002816425112541765,0.2776257395744324,0.18707937002182007,0.017221760004758835,0.5042012333869934,1.346548318862915,,,,,,,,,,,,,,
180,model.layers.7.self_attn.v_proj.weight,512,1024,0.0009765625,0.0008126241737045348,1.8596267700195312,-0.00010948832641588524,0.3561088740825653,0.00028031101101078093,0.13922211527824402,0.25470873713493347,0.0034511552657932043,0.7274351716041565,1.4579188823699951,0.0008501753327436745,5.44722843170166,0.0003790428745560348,1.1037225704058073e-05,0.00031176875927485526,0.17301151156425476,0.22484074532985687,0.006787433288991451,0.6898327469825745,1.4348503351211548,,,,,,,,,,,,,,
180,model.layers.7.self_attn.o_proj.weight,1024,2048,0.00048828125,0.00023887824499979615,2.205493688583374,-4.8073201469378546e-05,0.5435069799423218,4.051050200359896e-05,0.14594192802906036,0.3599790334701538,0.014510150998830795,0.5261601209640503,1.4226893186569214,0.0003202152147423476,4.151862621307373,-3.371964703546837e-05,2.241702713945415e-05,0.00015989044914022088,0.1838206797838211,0.30030617117881775,0.020349601283669472,0.4835851490497589,1.4028702974319458,,,,,,,,,,,,,,
180,model.layers.15.self_attn.q_proj.weight,4096,1024,0.000244140625,0.00011371353321010247,2.8617331981658936,-0.000585164874792099,0.23251375555992126,0.0002743888762779534,0.20465727150440216,0.2453465610742569,0.0032498936634510756,0.45697715878486633,1.5495948791503906,0.0002487865276634693,9.190460205078125,0.00024142902111634612,3.074366759392433e-05,0.00046789966290816665,0.25008341670036316,0.22473084926605225,0.012499797157943249,0.45638027787208557,1.501220703125,8.0,0.06424282491207123,0.06930678337812424,0.857211709022522,-3.859989305965428e-08,-0.0009080584859475493,0.24101334810256958,,-0.003785444889217615,-0.00024144806957338005,-0.002920144470408559,0.0434454046189785,,
180,model.layers.15.self_attn.k_proj.weight,512,1024,0.0009765625,0.0010312363738194108,4.095781326293945,-8.965645974967629e-06,0.20062753558158875,0.0002500725968275219,0.23399856686592102,0.23740963637828827,0.0039330776780843735,0.5879011750221252,1.4660567045211792,0.001026513404212892,8.468124389648438,0.000592059048358351,1.0988672329403926e-05,5.107908509671688e-05,0.2865878641605377,0.21105453372001648,0.0070121814496815205,0.48738834261894226,1.4306899309158325,,,,,,,,,,,,,,
180,model.layers.15.self_attn.v_proj.weight,512,1024,0.0009765625,0.0010125449625775218,1.7911556959152222,-6.64225808577612e-05,0.19644832611083984,9.078464790945873e-05,0.17817440629005432,0.26588940620422363,0.0038179177790880203,0.6633260846138,1.4663665294647217,0.0015898544806987047,4.616540908813477,0.0029423623345792294,1.0927865332632791e-05,0.0013661468401551247,0.19844965636730194,0.2365982085466385,0.0064435251988470554,0.6149793267250061,1.4460175037384033,,,,,,,,,,,,,0.2813766896724701,0.3003966808319092
180,model.layers.15.self_attn.o_proj.weight,1024,2048,0.00048828125,0.0003676766064018011,1.7470766305923462,-2.260032488266006e-05,0.35452383756637573,2.213808511442039e-05,0.08807549625635147,0.4491126239299774,0.015626320615410805,0.5709937810897827,1.4322675466537476,0.00041965991840697825,4.9589924812316895,-4.951870869263075e-05,2.215259155491367e-05,8.803298987913877e-05,0.19277843832969666,0.29956525564193726,0.016629986464977264,0.5251892805099487,1.4227501153945923,,,,,,,,,,,,,,
180,model.layers.19.self_attn.q_proj.weight,4096,1024,0.000244140625,0.00016681523993611336,3.828263282775879,-0.0004771372477989644,0.13406896591186523,0.0006981961778365076,0.2197609841823578,0.23392176628112793,0.009377551265060902,0.4231899082660675,1.528074860572815,0.0002450132160447538,7.7393293380737305,0.0011767647229135036,3.08325033984147e-05,0.0006926070200279355,0.24533478915691376,0.22946520149707794,0.020377248525619507,0.46089810132980347,1.4925161600112915,8.0,0.08037444949150085,0.07412254065275192,0.839458167552948,-9.482124596615904e-08,-0.00033908343175426126,0.10224007070064545,,0.0004893358564004302,-0.0008284943760372698,0.002936110831797123,0.08352470397949219,,
180,model.layers.19.self_attn.k_proj.weight,512,1024,0.0009765625,0.0010899301851168275,3.466329574584961,-1.384393385706062e-06,0.13569343090057373,0.0006575326551683247,0.2506047189235687,0.22819457948207855,0.015706906095147133,0.5521303415298462,1.3204829692840576,0.0009795739315450191,9.30046272277832,-0.0006307379808276892,1.099610744859092e-05,0.0008376151672564447,0.2820495069026947,0.20280557870864868,0.019134923815727234,0.4668003022670746,1.3146727085113525,,,,,,,,,,,,,,
180,model.layers.19.self_attn.v_proj.weight,512,1024,0.0009765625,0.0007276477990671992,1.5589081048965454,0.0029557596426457167,0.11687199026346207,0.0007040964555926621,0.14257624745368958,0.25900211930274963,0.005123216193169355,0.6746941804885864,1.4407027959823608,0.001159557607024908,4.148453712463379,-0.0035779764875769615,1.0808914339577314e-05,0.0004869805707130581,0.1890820562839508,0.29115697741508484,0.006643984466791153,0.6341082453727722,1.443149209022522,,,,,,,,,,,,,,
180,model.layers.19.self_attn.o_proj.weight,1024,2048,0.00048828125,0.0004230746126268059,1.4648362398147583,0.0009719718364067376,0.21119976043701172,8.598993008490652e-05,0.06812676042318344,0.48549172282218933,0.010069596581161022,0.6007402539253235,1.453527808189392,0.00035218382254242897,6.066722393035889,-0.0011260041501373053,2.1837891836185008e-05,0.00011346788232913241,0.18093256652355194,0.3185200095176697,0.011107463389635086,0.5892506837844849,1.4513466358184814,,,,,,,,,,,,,,
180,model.layers.1.mlp.gate_proj.weight,3584,1024,0.00027901785714285713,0.00040244139381684363,2.9735329151153564,0.0006231028819456697,0.2595256268978119,0.0003992150886915624,0.18070481717586517,0.3051413297653198,0.010002468712627888,0.5298827886581421,1.5108731985092163,0.0002667298831511289,12.296449661254883,-0.00026600525598041713,2.797170600388199e-05,0.00020464106637518853,0.2596874535083771,0.2264612466096878,0.010159913450479507,0.49821338057518005,1.5122509002685547,,,,,,,,,,,,,0.2977551519870758,0.30127036571502686
180,model.layers.1.mlp.up_proj.weight,3584,1024,0.00027901785714285713,0.00023747530940454453,2.6720454692840576,-4.170452302787453e-05,0.43202435970306396,0.00013570567534770817,0.16748419404029846,0.326488196849823,0.008253476582467556,0.5100735425949097,1.51211678981781,0.00028598273638635874,11.92719841003418,5.10507779836189e-05,2.7926929760724306e-05,0.00014618691056966782,0.2588590979576111,0.22844235599040985,0.009997834451496601,0.49951809644699097,1.5062097311019897,,,,,,,,,,,,,,
180,model.layers.1.mlp.down_proj.weight,1024,3584,0.00027901785714285713,0.00029589750920422375,4.124078750610352,-4.2418003431521356e-05,0.42547091841697693,0.0008264277130365372,0.1935681849718094,0.2732030749320984,0.01539759524166584,0.5252727270126343,1.4240232706069946,0.00030681383213959634,12.813434600830078,7.720236317254603e-05,2.7978157959296368e-05,0.0002623737382236868,0.23018111288547516,0.25427019596099854,0.015235484577715397,0.5064794421195984,1.4158506393432617,8.0,0.05701412633061409,0.05870070680975914,0.8831379413604736,-1.7406997585567296e-06,-0.004972387105226517,0.9712116718292236,,0.001364581286907196,-0.0012765490682795644,0.002922921907156706,0.03459995612502098,,
180,model.layers.12.mlp.gate_proj.weight,3584,1024,0.00027901785714285713,0.00022842633188702166,3.0263233184814453,-0.0005196898709982634,0.24295099079608917,0.0010179064702242613,0.18310122191905975,0.24512329697608948,0.006951675284653902,0.5774351358413696,1.530355453491211,0.00027248531114310026,7.830438613891602,-0.0007656105444766581,2.8730575650115497e-05,0.00046465828199870884,0.25841397047042847,0.2142394483089447,0.009816117584705353,0.49757781624794006,1.511438250541687,,,,,,,,,,,,,,
180,model.layers.12.mlp.up_proj.weight,3584,1024,0.00027901785714285713,0.0002637501747813076,2.71449875831604,-0.0005266590742394328,0.39442741870880127,0.0007735747494734824,0.22554385662078857,0.2389337122440338,0.011815562844276428,0.4890870153903961,1.5121804475784302,0.0002836253261193633,7.092222213745117,-2.066313027171418e-05,2.8862865292467177e-05,0.00046898730215616524,0.26407548785209656,0.21014203131198883,0.011244047433137894,0.49704909324645996,1.5077720880508423,,,,,,,,,,,,,,
180,model.layers.12.mlp.down_proj.weight,1024,3584,0.00027901785714285713,0.00027539694565348327,5.618047714233398,-0.0005532153300009668,0.38779643177986145,0.00015397611423395574,0.20441898703575134,0.28571373224258423,0.021695736795663834,0.5157075524330139,1.3893955945968628,0.00026936130598187447,8.285528182983398,-7.394281419692561e-05,2.8884414859930985e-05,0.00019738898845389485,0.23394441604614258,0.2480849027633667,0.028220824897289276,0.48010724782943726,1.377762794494629,8.0,0.06361612677574158,0.06349064409732819,0.8891834616661072,1.3587393368652556e-05,-0.0002816102933138609,1.1411478519439697,,-0.0009786313166841865,-0.00016830374079290777,-0.0036154859699308872,0.03057623840868473,,
180,model.layers.22.mlp.gate_proj.weight,3584,1024,0.00027901785714285713,0.00020320013572927564,3.0256927013397217,-0.0006199950585141778,0.08822771161794662,0.001132100005634129,0.1697816401720047,0.2600807249546051,0.007586638908833265,0.5686416625976562,1.522107481956482,0.00026076214271597564,8.182416915893555,-0.0008849659934639931,2.7839396352646872e-05,0.001112076686695218,0.23512223362922668,0.2259671539068222,0.011584174819290638,0.49481186270713806,1.5106464624404907,,,,,,,,,,,,,0.30304136872291565,0.2974502742290497
180,model.layers.22.mlp.up_proj.weight,3584,1024,0.00027901785714285713,0.0002704384969547391,2.8142356872558594,-8.059968968154863e-05,0.20139196515083313,0.0011134943924844265,0.17261908948421478,0.2921273708343506,0.01480086985975504,0.5667483806610107,1.5092487335205078,0.00028255474171601236,7.501564025878906,-0.0005634829285554588,2.8149042918812484e-05,0.00046505744103342295,0.22421395778656006,0.24638940393924713,0.012318729422986507,0.509107768535614,1.4912821054458618,,,,,,,,,,,,,,
180,model.layers.22.mlp.down_proj.weight,1024,3584,0.00027901785714285713,0.00035912159364670515,2.5320401191711426,-8.791950676823035e-05,0.1980326920747757,0.00019208139565307647,0.10164374113082886,0.41871851682662964,0.010530601255595684,0.5713010430335999,1.4682096242904663,0.00030359142692759633,6.913897514343262,-0.0007477729814127088,2.8363114324747585e-05,0.00018311163876205683,0.20393404364585876,0.2828725278377533,0.009866578504443169,0.5530586242675781,1.4512548446655273,8.0,0.0654151514172554,0.06764014810323715,0.819372832775116,7.857232048991136e-06,-0.0005511880735866725,0.3726499676704407,,-0.0010066841496154666,-0.000653234776109457,0.004431657958775759,0.12163035571575165,,
180,model.layers.1.linear_attn.in_proj_qkv.weight,6144,1024,0.00016276041666666666,0.00011260377505095676,2.457331657409668,0.0005595123511739075,0.2155459076166153,0.00047989998711273074,0.18542589247226715,0.2720506191253662,0.007205926813185215,0.5377084612846375,1.5324599742889404,0.00015713460743427277,8.9662446975708,-0.00040508012170903385,3.79359298676718e-05,0.00030980774317868054,0.25544384121894836,0.22202903032302856,0.00992659479379654,0.5024948716163635,1.5238628387451172,8.0,0.05324467271566391,0.055342111736536026,0.8738185167312622,8.873186629898555e-07,-0.001777838682755828,0.1103639155626297,,-0.008051322773098946,-0.004868948366492987,-0.00945385079830885,0.05496041849255562,,
180,model.layers.1.linear_attn.out_proj.weight,1024,2048,0.00048828125,0.0004559493681881577,1.368070363998413,7.047071267152205e-05,0.49356207251548767,0.00046881113667041063,0.12910746037960052,0.351880818605423,0.015402167104184628,0.5022855997085571,1.4332045316696167,0.0005837464705109596,10.96274185180664,-0.0012212371220812201,2.193885484302882e-05,0.0002839687804225832,0.24398496747016907,0.23880554735660553,0.013768520206212997,0.5020489692687988,1.4377115964889526,,,,,,,,,,,,,,
180,model.layers.12.linear_attn.in_proj_qkv.weight,6144,1024,0.00016276041666666666,6.323587876977399e-05,2.231112480163574,0.0005290579865686595,0.23920641839504242,0.0005326153477653861,0.15560179948806763,0.2590410113334656,0.0036197160370647907,0.6031415462493896,1.5508912801742554,0.00012510041415225714,8.252829551696777,-0.0005697865854017437,3.8914695323910564e-05,0.0004426648374646902,0.2506052255630493,0.21893614530563354,0.008641479536890984,0.5057622194290161,1.534258246421814,8.0,0.0733986496925354,0.07285868376493454,0.8519241213798523,2.2966785309108673e-06,0.002559599233791232,0.1281636506319046,0.000897280519774601,0.0029855528846383095,0.003477354533970356,0.005804962944239378,0.08697447180747986,,
180,model.layers.12.linear_attn.out_proj.weight,1024,2048,0.00048828125,0.00033054911182262003,2.3527631759643555,0.0007955800392664969,0.3370087742805481,6.290744204306975e-05,0.1644851416349411,0.3283287286758423,0.016487743705511093,0.5030441880226135,1.4258924722671509,0.0004729258071165532,4.92012882232666,0.0002727604878600687,2.234231578768231e-05,0.00018003121658694,0.2260492891073227,0.2590925991535187,0.026360563933849335,0.5019991993904114,1.3884743452072144,,,,,,,,,,,,,,
180,model.layers.21.linear_attn.in_proj_qkv.weight,6144,1024,0.00016276041666666666,8.763885125517845e-05,3.033567428588867,2.4031680823100032e-06,0.06383833289146423,0.0005897135124541819,0.17567600309848785,0.25736069679260254,0.0046276431530714035,0.5851771831512451,1.5474294424057007,0.00014845906116534024,8.493260383605957,-0.0007090705912560225,3.72017893823795e-05,0.000617126701399684,0.236716628074646,0.23009876906871796,0.011392234824597836,0.4970746338367462,1.5278723239898682,8.0,0.05904866009950638,0.058369025588035583,0.8544365763664246,-4.4001065901966285e-08,3.971427759097423e-06,0.011935336515307426,-0.01107940734945316,0.000573435565456748,-9.828271140577272e-05,-0.009815347380936146,0.05312724411487579,,
180,model.layers.21.linear_attn.out_proj.weight,1024,2048,0.00048828125,0.0003855456889141351,2.708364963531494,-1.6458039681310765e-05,0.11781512200832367,0.00010003337956732139,0.1402449905872345,0.36930105090141296,0.007161350455135107,0.5614324808120728,1.4717506170272827,0.0004672073700930923,4.6179585456848145,0.000685473729390651,2.1201503841439262e-05,0.00014430467854253948,0.21624508500099182,0.27267637848854065,0.008572633378207684,0.5270453095436096,1.4699556827545166,,,,,,,,,,,,,,
200,model.layers.7.self_attn.q_proj.weight,4096,1024,0.000244140625,9.805880108615384e-05,2.113407850265503,0.0007437959429807961,0.3372049629688263,0.00044727555359713733,0.16561928391456604,0.2722247838973999,0.006248114630579948,0.5484126806259155,1.540100336074829,0.00022835657000541687,7.228280544281006,-0.0014363795053213835,3.2677602575859055e-05,0.0006567022646777332,0.2508276104927063,0.2109614461660385,0.010999027639627457,0.5083611011505127,1.5161874294281006,8.0,0.0783548578619957,0.08098336309194565,0.8162911534309387,1.9963470094808144e-06,-0.0006859503337182105,0.19986248016357422,,-0.0020312664564698935,-0.001861099386587739,-0.004862731788307428,0.04966416954994202,0.3115137219429016,0.32778939604759216
200,model.layers.7.self_attn.k_proj.weight,512,1024,0.0009765625,0.0012655874015763402,2.47176456451416,2.3415617761202157e-05,0.2526910603046417,0.0028287603054195642,0.1425390988588333,0.2732844650745392,0.024440279230475426,0.7151436805725098,1.3168048858642578,0.0011816309997811913,6.536398410797119,-0.0016576950438320637,1.2040457477269229e-05,0.0008758972398936749,0.26878073811531067,0.1980993002653122,0.01606454700231552,0.5116826295852661,1.3460474014282227,,,,,,,,,,,,,,
200,model.layers.7.self_attn.v_proj.weight,512,1024,0.0009765625,0.000914866104722023,1.8782958984375,0.00016185216372832656,0.4294498562812805,0.0007033911533653736,0.13770614564418793,0.25903159379959106,0.00558727141469717,0.7295393347740173,1.4671745300292969,0.001165974885225296,5.941864967346191,0.0008259302703663707,1.1325448213028722e-05,0.0004364954656921327,0.18017330765724182,0.23296010494232178,0.007753032725304365,0.6717993021011353,1.4218865633010864,,,,,,,,,,,,,,
200,model.layers.7.self_attn.o_proj.weight,1024,2048,0.00048828125,0.00021137751173228025,2.0602517127990723,6.187285180203617e-05,0.6960703730583191,4.698257180280052e-05,0.14260533452033997,0.3608852028846741,0.01998060569167137,0.5304464101791382,1.4152053594589233,0.00031930432305671275,5.2762956619262695,0.0008380974177271128,2.2806050765211694e-05,0.00010890251724049449,0.18352970480918884,0.3026539981365204,0.01771458610892296,0.4835965931415558,1.3994663953781128,,,,,,,,,,,,,,
200,model.layers.15.self_attn.q_proj.weight,4096,1024,0.000244140625,0.00011438477667979896,2.7835540771484375,-8.946011075749993e-05,0.2954622805118561,0.00032289486262016,0.21098963916301727,0.24154680967330933,0.004380437079817057,0.45104819536209106,1.544723629951477,0.0002363467210670933,9.742813110351562,-9.053308895090595e-05,3.087449658778496e-05,0.000497061584610492,0.24735355377197266,0.2281552106142044,0.013041866011917591,0.4578934609889984,1.5098570585250854,8.0,0.0811062902212143,0.07663995772600174,0.8237574100494385,-5.255155315353477e-07,-0.00016774448158685118,0.21675613522529602,,0.001698348089121282,-0.0009216858306899667,-0.003977821208536625,0.04838469251990318,,
200,model.layers.15.self_attn.k_proj.weight,512,1024,0.0009765625,0.0009789783507585526,5.191577434539795,1.7473878415330546e-06,0.24489624798297882,0.00014255319547373801,0.26692742109298706,0.22014226019382477,0.004130655433982611,0.519942045211792,1.462866187095642,0.0010113678872585297,12.564496040344238,0.0012848476180806756,1.0562573152128607e-05,5.581614459515549e-05,0.28056958317756653,0.21599481999874115,0.0074562798254191875,0.4804937541484833,1.4257758855819702,,,,,,,,,,,,,,
200,model.layers.15.self_attn.v_proj.weight,512,1024,0.0009765625,0.000840921828057617,1.6692111492156982,-0.000545346294529736,0.24859975278377533,0.0002711456036195159,0.16649094223976135,0.27570268511772156,0.011305716820061207,0.6723191738128662,1.4476319551467896,0.0009277600911445916,4.856232643127441,0.0011948409955948591,1.1095384252257645e-05,0.00025666278088465333,0.20086558163166046,0.23982982337474823,0.006190888117998838,0.6205312609672546,1.4381662607192993,,,,,,,,,,,,,0.25512266159057617,0.2608768045902252
200,model.layers.15.self_attn.o_proj.weight,1024,2048,0.00048828125,0.0003702833491843194,1.7969062328338623,-0.0001749666698742658,0.4445630609989166,2.651000613695942e-05,0.08117227256298065,0.47933775186538696,0.015125352889299393,0.6014716625213623,1.4375375509262085,0.0004000853805337101,4.803117275238037,0.0009951416868716478,2.2080206690588966e-05,0.00013951485743746161,0.19517774879932404,0.295688271522522,0.018998045474290848,0.5217990875244141,1.412814736366272,,,,,,,,,,,,,,
200,model.layers.19.self_attn.q_proj.weight,4096,1024,0.000244140625,0.00017213109822478145,3.1605045795440674,-0.0001372013648506254,0.16279318928718567,0.0004322668246459216,0.2132367044687271,0.24362945556640625,0.008321882225573063,0.4431268572807312,1.5267966985702515,0.0002519896952435374,7.904778003692627,0.000575450190808624,3.114625360467471e-05,0.0006865025497972965,0.24284803867340088,0.23120568692684174,0.020473787561058998,0.46131059527397156,1.4857937097549438,8.0,0.07711800932884216,0.07462924718856812,0.8248984217643738,-3.7794279705849476e-07,-0.000419228570535779,0.07335647940635681,,0.004032298922538757,-0.0012216693721711636,-0.020546356216073036,0.047480277717113495,,
200,model.layers.19.self_attn.k_proj.weight,512,1024,0.0009765625,0.0009494993719272316,3.574801206588745,5.421984042186523e-06,0.15685269236564636,0.0002170832740375772,0.24718892574310303,0.22181880474090576,0.012865499593317509,0.5624645352363586,1.3711798191070557,0.001038803718984127,9.245376586914062,-0.00025974720483645797,1.1326639651088044e-05,0.00030669348780065775,0.28379276394844055,0.19937121868133545,0.017152704298496246,0.4692017138004303,1.346880555152893,,,,,,,,,,,,,,
200,model.layers.19.self_attn.v_proj.weight,512,1024,0.0009765625,0.0007091749575920403,1.5436358451843262,0.0022864246275275946,0.1321471631526947,0.0004487897676881403,0.1287681758403778,0.26648324728012085,0.0039022830314934254,0.6984304189682007,1.4379494190216064,0.0012891303049400449,4.451725482940674,-0.0024533597752451897,1.0970090443152003e-05,0.000693470414262265,0.1884957104921341,0.2914120852947235,0.007722287904471159,0.6351226568222046,1.4425431489944458,,,,,,,,,,,,,,
200,model.layers.19.self_attn.o_proj.weight,1024,2048,0.00048828125,0.00046322515117935836,1.399638056755066,0.0006770493346266448,0.26636385917663574,6.743828998878598e-05,0.056238703429698944,0.5078687071800232,0.009793790988624096,0.601141631603241,1.464995265007019,0.00041873622103594244,6.303421497344971,-0.0011752343270927668,2.209753802162595e-05,0.00016839028103277087,0.18447943031787872,0.3117505609989166,0.0101549057289958,0.5756436586380005,1.4599405527114868,,,,,,,,,,,,,,
200,model.layers.1.mlp.gate_proj.weight,3584,1024,0.00027901785714285713,0.0003984534996561706,2.855468988418579,-0.001027531921863556,0.2917409837245941,0.0006960481405258179,0.17885424196720123,0.2959321141242981,0.011014724150300026,0.515245795249939,1.5119812488555908,0.00027926760958507657,10.195008277893066,0.0005167923518456519,3.159190237056464e-05,0.00020234718977008015,0.2621921896934509,0.22497345507144928,0.010100563056766987,0.49403131008148193,1.5062538385391235,,,,,,,,,,,,,0.22843939065933228,0.23275074362754822
200,model.layers.1.mlp.up_proj.weight,3584,1024,0.00027901785714285713,0.0004915227182209492,2.531198024749756,-0.0006374474032782018,0.4914276897907257,7.619246025569737e-05,0.15997135639190674,0.3389873504638672,0.0076169781386852264,0.5196462869644165,1.514633297920227,0.000291273434413597,9.670171737670898,4.761089076055214e-05,3.147380630252883e-05,0.00013571314048022032,0.2542884349822998,0.23059657216072083,0.009657272137701511,0.5060908198356628,1.515930414199829,,,,,,,,,,,,,,
200,model.layers.1.mlp.down_proj.weight,1024,3584,0.00027901785714285713,0.0002928687899839133,4.550821304321289,-0.0006565696094185114,0.4752904772758484,0.0012261236552149057,0.18824103474617004,0.279392272233963,0.01445929054170847,0.5404388308525085,1.4309667348861694,0.00033089221687987447,10.604710578918457,0.0005364412791095674,3.143651701975614e-05,0.0003375695087015629,0.23657676577568054,0.2463667243719101,0.014539086259901524,0.49368196725845337,1.4318913221359253,8.0,0.0806458368897438,0.07568622380495071,0.8714052438735962,-7.752306373731699e-06,-0.0038703125901520252,0.6515876650810242,,0.004006947390735149,-0.0013464016374200583,0.0077422806061804295,0.043104641139507294,,
200,model.layers.12.mlp.gate_proj.weight,3584,1024,0.00027901785714285713,0.00019612614414654672,3.1924571990966797,0.00022912080748938024,0.31219932436943054,0.0004046938556712121,0.1857151985168457,0.24922148883342743,0.00501996697857976,0.5854174494743347,1.525716781616211,0.0002798556233756244,7.324112415313721,0.00031409013899974525,3.0010294722160324e-05,0.00043409396312199533,0.25519582629203796,0.21556861698627472,0.010369056835770607,0.5026252269744873,1.5109338760375977,,,,,,,,,,,,,,
200,model.layers.12.mlp.up_proj.weight,3584,1024,0.00027901785714285713,0.00024523455067537725,2.4610650539398193,0.00022617234208155423,0.5422309637069702,0.00043326523154973984,0.20871709287166595,0.25210484862327576,0.007367483340203762,0.5329204797744751,1.5105358362197876,0.00028557280893437564,6.910445690155029,8.621715824119747e-05,3.0103388780844398e-05,0.0004602399712894112,0.2665795385837555,0.20941637456417084,0.010702001862227917,0.4961208403110504,1.5065873861312866,,,,,,,,,,,,,,
200,model.layers.12.mlp.down_proj.weight,1024,3584,0.00027901785714285713,0.00027019294793717563,5.102733612060547,0.00025577275664545596,0.4988410472869873,0.00014917251246515661,0.2066943645477295,0.2826448678970337,0.020462509244680405,0.5147219896316528,1.3978731632232666,0.00028024616767652333,7.388039588928223,-0.0002430561144137755,2.992701411130838e-05,0.0002192819374613464,0.24079155921936035,0.24288645386695862,0.0239045862108469,0.4720754623413086,1.3728326559066772,8.0,0.06989835947751999,0.07276482880115509,0.8659716844558716,-1.1559605809452478e-05,-0.006832331884652376,0.9554665684700012,,-0.0008489422616548836,-0.0015682725934311748,-0.013244189321994781,0.014906331896781921,,
200,model.layers.22.mlp.gate_proj.weight,3584,1024,0.00027901785714285713,0.00023686136410105973,2.67419171333313,0.0001288407511310652,0.12809021770954132,0.00034752898500300944,0.17625664174556732,0.25700509548187256,0.005075470078736544,0.5497822761535645,1.5230770111083984,0.0002753719163592905,8.54529094696045,-0.0004587480507325381,2.8540922357933596e-05,0.0002531771606300026,0.23333671689033508,0.22846569120883942,0.008559275418519974,0.5006319284439087,1.5174092054367065,,,,,,,,,,,,,0.19698584079742432,0.20349626243114471
200,model.layers.22.mlp.up_proj.weight,3584,1024,0.00027901785714285713,0.00028266964363865554,2.8574018478393555,-3.6520621506497264e-05,0.2643415927886963,0.0007818621816113591,0.17273901402950287,0.2938690483570099,0.010000425390899181,0.5749624371528625,1.5193098783493042,0.00029797121533192694,7.811849594116211,0.0002607366186566651,2.893016608140897e-05,0.0006496798014268279,0.22292692959308624,0.24626021087169647,0.012272949330508709,0.5064719319343567,1.496972918510437,,,,,,,,,,,,,,
200,model.layers.22.mlp.down_proj.weight,1024,3584,0.00027901785714285713,0.000407778745284304,2.4821903705596924,-3.979543180321343e-05,0.25857579708099365,0.0002084372245008126,0.10083532333374023,0.4182315468788147,0.0062954965978860855,0.5762443542480469,1.4704798460006714,0.0002833552425727248,6.6977949142456055,0.00011604569590417668,2.9002696464885958e-05,0.00017610668146517128,0.20373639464378357,0.2835904061794281,0.009133906103670597,0.5518701672554016,1.4521455764770508,8.0,0.0679158940911293,0.07349825650453568,0.8368728160858154,3.4716922527877614e-06,0.0019202688708901405,0.2780987024307251,0.0018079198727928441,-0.0031723915599286556,0.0003836516698356718,-0.0038815513253211975,0.11061720550060272,,
200,model.layers.1.linear_attn.in_proj_qkv.weight,6144,1024,0.00016276041666666666,9.200337808579206e-05,2.473550319671631,0.00018007676408160478,0.2522391378879547,0.000891498348210007,0.1870201826095581,0.2652870714664459,0.007511597126722336,0.5200375914573669,1.5373643636703491,0.00014710662071593106,9.239093780517578,-4.432729838299565e-05,4.2406096326885745e-05,0.000305581750581041,0.25188151001930237,0.22468064725399017,0.009346934966742992,0.505865216255188,1.5268621444702148,8.0,0.08367703855037689,0.08250600844621658,0.8541192412376404,-1.7172244497487554e-06,0.00013660924741998315,0.07691708207130432,-0.012570338261724151,0.0007577603682875633,-0.0002980891440529376,-0.0006528175435960293,0.058096542954444885,,
200,model.layers.1.linear_attn.out_proj.weight,1024,2048,0.00048828125,0.0012628405820578337,1.317914366722107,0.0005005589919164777,0.5830560326576233,0.0003586228413041681,0.11777547746896744,0.3819041848182678,0.011483629234135151,0.5298094749450684,1.4579546451568604,0.0004917184123769403,11.145184516906738,-0.0017070418689399958,2.372663038840983e-05,0.00030433907522819936,0.24476604163646698,0.23739266395568848,0.012922377325594425,0.5006495714187622,1.4428132772445679,,,,,,,,,,,,,,
200,model.layers.12.linear_attn.in_proj_qkv.weight,6144,1024,0.00016276041666666666,6.42895683995448e-05,2.2632250785827637,-0.0002319985069334507,0.314590722322464,0.0003725432907231152,0.16309170424938202,0.24965156614780426,0.0027893432416021824,0.5835093855857849,1.5528160333633423,0.00012293033068999648,9.034920692443848,-0.0005015871720388532,3.8971997128101066e-05,0.0003582890785764903,0.25261610746383667,0.21598128974437714,0.008137328550219536,0.5032867789268494,1.534414291381836,8.0,0.07669641077518463,0.07379435002803802,0.8287737369537354,-8.992373068394954e-07,-0.0014992303913459182,0.10343129932880402,,0.00033822664408944547,-0.002374182688072324,-0.0013025588123127818,0.08259698003530502,,
200,model.layers.12.linear_attn.out_proj.weight,1024,2048,0.00048828125,0.00030889897607266903,2.4693374633789062,0.00013236528320703655,0.42849820852279663,5.6886401580413803e-05,0.161065012216568,0.33327338099479675,0.01828058622777462,0.5109863877296448,1.412210464477539,0.0004722110752481967,5.472178936004639,-0.0005839752848260105,2.2459076717495918e-05,0.0001241985592059791,0.23087555170059204,0.25688859820365906,0.01951334811747074,0.49898770451545715,1.3943119049072266,,,,,,,,,,,,,,
200,model.layers.21.linear_attn.in_proj_qkv.weight,6144,1024,0.00016276041666666666,9.976675937650725e-05,3.118957281112671,0.0002637341676745564,0.08068699389696121,0.0011331414571031928,0.1843915730714798,0.24856050312519073,0.006528018973767757,0.568215012550354,1.5437650680541992,0.00015349262685049325,8.665451049804688,-0.0010570702143013477,3.800968261202797e-05,0.0004576998471748084,0.24120298027992249,0.22622521221637726,0.01023396197706461,0.49266350269317627,1.5288655757904053,8.0,0.0728604644536972,0.0686320886015892,0.8760461807250977,4.5678497428980336e-08,-5.740786582464352e-05,0.008658688515424728,,0.000600990722887218,-0.0007936006295494735,-0.0033511496149003506,0.05676513537764549,,
200,model.layers.21.linear_attn.out_proj.weight,1024,2048,0.00048828125,0.0003767002490349114,2.9175922870635986,-0.0007964670076034963,0.1596139520406723,4.0661565435584635e-05,0.1356658935546875,0.3804164528846741,0.00563198234885931,0.5738767981529236,1.4791443347930908,0.00047428414109162986,5.150019645690918,0.0014472519978880882,2.1912561351200566e-05,0.00012779029202647507,0.21055510640144348,0.280406653881073,0.007957440800964832,0.5477716326713562,1.4769277572631836,,,,,,,,,,,,,,
220,model.layers.7.self_attn.q_proj.weight,4096,1024,0.000244140625,0.0001453919685445726,2.7872579097747803,-0.00029368794639594853,0.19651243090629578,0.0009903087047860026,0.17391972243785858,0.26815202832221985,0.007460115011781454,0.534299910068512,1.5348278284072876,0.00023564764705952257,9.710610389709473,0.0011824453249573708,3.121988265775144e-05,0.0007258091936819255,0.2613438665866852,0.20738115906715393,0.010824332013726234,0.49208205938339233,1.5162614583969116,8.0,0.07200212776660919,0.0726669654250145,0.8506765365600586,-3.174446646880824e-06,-0.002617398276925087,0.1939302235841751,,-0.00586728984490037,-0.0028300778940320015,0.001228213426657021,0.055305540561676025,0.23647809028625488,0.2402563989162445
220,model.layers.7.self_attn.k_proj.weight,512,1024,0.0009765625,0.001045446959324181,4.286749362945557,-2.262039743072819e-06,0.14149890840053558,0.0009987535886466503,0.1542164534330368,0.2425771951675415,0.02816505916416645,0.7035222053527832,1.3332144021987915,0.0011553294025361538,7.387292385101318,-0.007851796224713326,1.1012326467607636e-05,0.0003859728458337486,0.2608795762062073,0.19582930207252502,0.016914324834942818,0.5313197374343872,1.3525065183639526,,,,,,,,,,,,,,
220,model.layers.7.self_attn.v_proj.weight,512,1024,0.0009765625,0.0008040359243750572,1.7600746154785156,0.0016889232210814953,0.2885201871395111,0.0002057218225672841,0.13290946185588837,0.2587030827999115,0.0024640709161758423,0.7513440847396851,1.4868351221084595,0.0008884451817721128,5.180214881896973,0.0003896363195963204,1.1267691661487333e-05,0.0007422826602123678,0.173394575715065,0.23076081275939941,0.007402098271995783,0.6891889572143555,1.4316215515136719,,,,,,,,,,,,,,
220,model.layers.7.self_attn.o_proj.weight,1024,2048,0.00048828125,0.00021945824846625328,2.0441441535949707,0.0005650128587149084,0.4562545418739319,5.277128002489917e-05,0.14657579362392426,0.34920161962509155,0.015632478520274162,0.5109357237815857,1.4147891998291016,0.0003040536539629102,4.664945125579834,-0.0003682968090288341,2.2322292352328077e-05,0.00010091724107041955,0.1875629425048828,0.2969101667404175,0.016567252576351166,0.4766130745410919,1.4094774723052979,,,,,,,,,,,,,,
220,model.layers.15.self_attn.q_proj.weight,4096,1024,0.000244140625,0.00014321436174213886,3.5663771629333496,0.0001451819989597425,0.21113485097885132,0.00026360765332356095,0.2161942571401596,0.23147086799144745,0.003979912959039211,0.43127015233039856,1.5473798513412476,0.00026345401420257986,8.776545524597168,-0.0005458907689899206,3.14533244818449e-05,0.0005603278405033052,0.24562600255012512,0.22847485542297363,0.0132290069013834,0.46178436279296875,1.505026936531067,8.0,0.07268420606851578,0.07721766829490662,0.8446812033653259,-5.028904524806421e-06,-0.0004103805113118142,0.21761006116867065,,-0.0083150090649724,-0.0006281770183704793,-0.009732791222631931,0.04281404986977577,,
220,model.layers.15.self_attn.k_proj.weight,512,1024,0.0009765625,0.0009482335881330073,4.478674411773682,-1.4380721040652134e-06,0.1811610609292984,8.728959801374003e-05,0.2580270767211914,0.23349609971046448,0.00383340148255229,0.530766487121582,1.46415376663208,0.0009926200145855546,10.407122611999512,-0.00027540905284695327,1.1043801350751892e-05,8.30556673463434e-05,0.27877891063690186,0.20714682340621948,0.0067862169817090034,0.49053066968917847,1.432022213935852,,,,,,,,,,,,,,
220,model.layers.15.self_attn.v_proj.weight,512,1024,0.0009765625,0.0008055086946114898,1.8351263999938965,0.002591812051832676,0.17836646735668182,0.0001512758171884343,0.1706741750240326,0.2715332806110382,0.008111955597996712,0.671896755695343,1.4601490497589111,0.0010344590991735458,5.005932807922363,-0.0008179337019100785,1.1718473615474068e-05,0.0003402149595785886,0.19261689484119415,0.24577638506889343,0.006081029772758484,0.6310031414031982,1.4400485754013062,,,,,,,,,,,,,0.3056503236293793,0.28832343220710754
220,model.layers.15.self_attn.o_proj.weight,1024,2048,0.00048828125,0.0004363872576504946,1.7239501476287842,0.0008353438461199403,0.3300532400608063,2.0066216166014783e-05,0.087949238717556,0.4549015164375305,0.012157495133578777,0.5730890035629272,1.4333997964859009,0.0003850721986964345,4.689697742462158,0.0002572959929239005,2.2777132471674122e-05,0.00010339514847146347,0.19729284942150116,0.2900646924972534,0.023235416039824486,0.5110033750534058,1.4119805097579956,,,,,,,,,,,,,,
220,model.layers.19.self_attn.q_proj.weight,4096,1024,0.000244140625,0.00017192205996252596,2.734048843383789,0.0011432040482759476,0.12568256258964539,0.0008096169913187623,0.21042697131633759,0.24075579643249512,0.00919265579432249,0.43731752038002014,1.5297832489013672,0.0002593912649899721,8.150920867919922,0.0002821352973114699,3.147127426927909e-05,0.0005884043639525771,0.24537993967533112,0.23068441450595856,0.019389761611819267,0.4621860086917877,1.4816617965698242,8.0,0.08064869046211243,0.07740935683250427,0.8381481170654297,6.37648383872147e-07,-0.000248845259193331,0.09133363515138626,,-0.00389468832872808,5.5871805670903996e-05,-0.0013215598883107305,0.0695481076836586,,
220,model.layers.19.self_attn.k_proj.weight,512,1024,0.0009765625,0.0009301495738327503,3.123297929763794,1.3523339475796092e-05,0.12963823974132538,0.0011914604110643268,0.22360184788703918,0.22919419407844543,0.015802526846528053,0.6063770055770874,1.349464774131775,0.0008983052102848887,9.113594055175781,0.0004762907337862998,1.1132279723824468e-05,0.00010541045048739761,0.2766934931278229,0.2089778333902359,0.015940207988023758,0.4757774770259857,1.3441295623779297,,,,,,,,,,,,,,
220,model.layers.19.self_attn.v_proj.weight,512,1024,0.0009765625,0.0006691907183267176,1.5438109636306763,-0.003658353816717863,0.1084698736667633,0.0012492929818108678,0.14218907058238983,0.2614096403121948,0.0051667052321136,0.6689202785491943,1.4525740146636963,0.0010419620666652918,3.4336235523223877,0.003772845258936286,1.1784170055761933e-05,0.0005803558160550892,0.17589779198169708,0.30029428005218506,0.006324375979602337,0.6537084579467773,1.4457038640975952,,,,,,,,,,,,,,
220,model.layers.19.self_attn.o_proj.weight,1024,2048,0.00048828125,0.0005612365202978253,1.4122012853622437,-0.0011741116177290678,0.20174260437488556,7.733774691587314e-05,0.05959022045135498,0.5296711921691895,0.008609105832874775,0.6351292133331299,1.4632748365402222,0.00044588674791157246,5.356485366821289,0.0011755924206227064,2.331013820366934e-05,0.0001241758873220533,0.17427855730056763,0.328139990568161,0.00990607962012291,0.5954867601394653,1.4554885625839233,,,,,,,,,,,,,,
220,model.layers.1.mlp.gate_proj.weight,3584,1024,0.00027901785714285713,0.00025552394799888134,2.830575942993164,-0.00021370033209677786,0.18931877613067627,0.00031468566157855093,0.16839799284934998,0.3114224970340729,0.007604772225022316,0.5292500257492065,1.5139306783676147,0.0002760482602752745,11.499286651611328,-0.00013921358913648874,2.9090540920151398e-05,0.00017670189845375717,0.259413480758667,0.22561010718345642,0.009550151415169239,0.49738991260528564,1.5099197626113892,,,,,,,,,,,,,0.27829161286354065,0.28163138031959534
220,model.layers.1.mlp.up_proj.weight,3584,1024,0.00027901785714285713,0.0003386005701031536,2.6217353343963623,-0.00025194481713697314,0.31531640887260437,0.0001281150325667113,0.1517084389925003,0.3386702239513397,0.008945002220571041,0.5130227208137512,1.512049674987793,0.0002848974836524576,10.757018089294434,0.00013314673560671508,2.912862692028284e-05,0.00019303940644022077,0.25313836336135864,0.23260615766048431,0.00999706331640482,0.5047739148139954,1.5100672245025635,,,,,,,,,,,,,,
220,model.layers.1.mlp.down_proj.weight,1024,3584,0.00027901785714285713,0.00025773581000976264,4.557868957519531,-0.0002566790208220482,0.30685216188430786,0.0017511689802631736,0.18224777281284332,0.283909410238266,0.01639687269926071,0.5445960164070129,1.4130449295043945,0.00029775057919323444,12.421525001525879,0.00025364384055137634,2.9066522984066978e-05,0.0007632247870787978,0.2328830510377884,0.24927812814712524,0.015598839148879051,0.49844351410865784,1.4224997758865356,8.0,0.07516906410455704,0.0728256106376648,0.8614987134933472,2.0859442884102464e-06,-0.023042630404233932,0.8124076128005981,,-0.011387703008949757,-0.010050361044704914,0.006220975890755653,0.04060054570436478,,
220,model.layers.12.mlp.gate_proj.weight,3584,1024,0.00027901785714285713,0.00018977820582222193,3.009594440460205,-0.0012961106840521097,0.2179783433675766,0.0012953260447829962,0.1832444667816162,0.24424651265144348,0.007833359763026237,0.5745574831962585,1.5238901376724243,0.00025461555924266577,6.955652713775635,4.03607300540898e-05,2.9845923563698307e-05,0.0005195930134505033,0.25589513778686523,0.21304959058761597,0.010327990166842937,0.5023745894432068,1.505656123161316,,,,,,,,,,,,,,
220,model.layers.12.mlp.up_proj.weight,3584,1024,0.00027901785714285713,0.00028038700111210346,2.8814234733581543,-0.0006037495913915336,0.35419437289237976,0.00032980978721752763,0.21365784108638763,0.2542141079902649,0.006343315355479717,0.5213474035263062,1.5188044309616089,0.0002809636353049427,6.018922805786133,-0.0003024697070941329,3.011401349795051e-05,0.0004602919507306069,0.26526081562042236,0.20918482542037964,0.01083096768707037,0.4983099102973938,1.509191870689392,,,,,,,,,,,,,,
220,model.layers.12.mlp.down_proj.weight,1024,3584,0.00027901785714285713,0.00025712238857522607,6.018416881561279,-0.0006478163995780051,0.34070590138435364,0.00018216953321825713,0.21160554885864258,0.27639368176460266,0.022007737308740616,0.49938416481018066,1.3770549297332764,0.000282554974546656,6.467206001281738,-0.00037243199767544866,3.008438397955615e-05,0.0001855605951277539,0.24348151683807373,0.23982283473014832,0.023792048916220665,0.46599921584129333,1.3923250436782837,8.0,0.08129237592220306,0.07953526079654694,0.8587091565132141,8.082184649538249e-06,-0.001859998912550509,1.0939615964889526,,0.003885360900312662,-0.00026248249923810363,-0.00970396213233471,0.017298653721809387,,
220,model.layers.22.mlp.gate_proj.weight,3584,1024,0.00027901785714285713,0.00021862595167476684,3.2950730323791504,0.0009752160985954106,0.0807609036564827,0.0005960795097053051,0.1804981380701065,0.2544625699520111,0.005853956565260887,0.5512664914131165,1.527099847793579,0.0002679151657503098,8.028650283813477,-0.0016865615034475923,2.887968184950296e-05,0.00046802833094261587,0.23417416214942932,0.22885094583034515,0.008896978572010994,0.5005974769592285,1.515620470046997,,,,,,,,,,,,,0.2793096899986267,0.27505040168762207
220,model.layers.22.mlp.up_proj.weight,3584,1024,0.00027901785714285713,0.000213209685171023,3.001845598220825,0.0007993667968548834,0.18437175452709198,0.0011444350238889456,0.1723421961069107,0.29639366269111633,0.014721970073878765,0.5836866497993469,1.5061901807785034,0.00027357606450095773,6.660827159881592,-0.0007566330605186522,2.9562157578766346e-05,0.0005867286818102002,0.22186937928199768,0.24720971286296844,0.011833962053060532,0.5138346552848816,1.5020132064819336,,,,,,,,,,,,,,
220,model.layers.22.mlp.down_proj.weight,1024,3584,0.00027901785714285713,0.0004947020788677037,2.5822947025299072,0.0008979049162007868,0.18002347648143768,0.0002405754494247958,0.09909022599458694,0.433898001909256,0.009593944065272808,0.5972198843955994,1.4736336469650269,0.00028977685724385083,5.486517906188965,-0.0006193442968651652,3.0228551622712985e-05,0.0001722831220831722,0.1937045454978943,0.2924211025238037,0.008076757192611694,0.5695326328277588,1.474360466003418,8.0,0.09221164137125015,0.07935779541730881,0.8248647451400757,1.874893860076554e-05,0.0063576241955161095,0.38806596398353577,0.002949047950017044,0.004867964889854193,0.0010384288616478443,0.00193328398745507,0.126787468791008,,
220,model.layers.1.linear_attn.in_proj_qkv.weight,6144,1024,0.00016276041666666666,0.00010927596304100007,2.37506365776062,0.0007113763713277876,0.15296871960163116,0.0006255354965105653,0.18204107880592346,0.2676263153553009,0.006385679356753826,0.5262627005577087,1.5371906757354736,0.00014177357661537826,11.206604957580566,9.411447535967454e-06,3.765033761737868e-05,0.0003610436397138983,0.25499680638313293,0.22229331731796265,0.00977558083832264,0.502312421798706,1.5249159336090088,8.0,0.07481946796178818,0.07538244873285294,0.8437079787254333,-8.357827709915e-07,-0.0030024938751012087,0.09954634308815002,,-0.0076212408021092415,-0.01052799541503191,-0.014059757813811302,0.05109478533267975,,
220,model.layers.1.linear_attn.out_proj.weight,1024,2048,0.00048828125,0.0004686785105150193,1.3318595886230469,0.0007004482904449105,0.372694194316864,0.0006824773154221475,0.11269024014472961,0.39201056957244873,0.018989957869052887,0.5424848198890686,1.4477490186691284,0.0005329932319000363,11.076301574707031,-0.001038441201671958,2.218029294454027e-05,0.00045211895485408604,0.24134519696235657,0.24091573059558868,0.013095936737954617,0.5075028538703918,1.4460047483444214,,,,,,,,,,,,,,
220,model.layers.12.linear_attn.in_proj_qkv.weight,6144,1024,0.00016276041666666666,5.8023506426252425e-05,2.470993995666504,-5.160311047802679e-05,0.2134968340396881,0.00037115567829459906,0.163642019033432,0.25436851382255554,0.0029701776802539825,0.5872738361358643,1.5520635843276978,0.0001301529846386984,7.935207366943359,0.0004197096568532288,3.9793325413484126e-05,0.0003762549313250929,0.25091540813446045,0.21744154393672943,0.008180712349712849,0.5078561305999756,1.532627820968628,8.0,0.06574887782335281,0.07025064527988434,0.8210265636444092,-5.3471021601581015e-06,-0.0068319207057356834,0.13786835968494415,,-0.014486382715404034,-0.012012557126581669,0.008376329205930233,0.09467749297618866,,
220,model.layers.12.linear_attn.out_proj.weight,1024,2048,0.00048828125,0.0003013544774148613,2.4312007427215576,0.00015425427409354597,0.2976287603378296,3.978126187575981e-05,0.16753149032592773,0.32513266801834106,0.015620335936546326,0.5067058801651001,1.4271647930145264,0.00047855550656095147,4.285033702850342,0.000268138712272048,2.301549830008298e-05,0.00011792339500971138,0.23132915794849396,0.25642073154449463,0.019827110692858696,0.49488160014152527,1.409610390663147,,,,,,,,,,,,,,
220,model.layers.21.linear_attn.in_proj_qkv.weight,6144,1024,0.00016276041666666666,0.00010606789874145761,3.1303422451019287,3.2354870199924335e-05,0.058449119329452515,0.0015196632593870163,0.17232084274291992,0.26125368475914,0.008101806044578552,0.5826494693756104,1.5430577993392944,0.0001328737271251157,8.893682479858398,-2.1531541278818622e-05,3.874787944369018e-05,0.0006095540011301637,0.2377309948205948,0.2293606996536255,0.011712612584233284,0.49786821007728577,1.5242997407913208,8.0,0.07356162369251251,0.07806012034416199,0.8344964385032654,-2.0820922941311437e-07,3.993445716332644e-05,0.01363426074385643,-0.005213773873564056,0.0024364038836210966,0.0005066653247922659,0.007365627214312553,0.05198477581143379,,
220,model.layers.21.linear_attn.out_proj.weight,1024,2048,0.00048828125,0.00038563436828553677,3.011533260345459,3.701352761709131e-05,0.10540179163217545,0.00013050061534158885,0.14151129126548767,0.3710351288318634,0.007154090795665979,0.5659552216529846,1.4821650981903076,0.0004775316338054836,4.292491436004639,-0.00013840086467098445,2.3075175704434514e-05,9.723051334731281e-05,0.20427356660366058,0.28470054268836975,0.007254169322550297,0.5589863657951355,1.4766982793807983,,,,,,,,,,,,,,
240,model.layers.7.self_attn.q_proj.weight,4096,1024,0.000244140625,0.00010704177111620083,2.9576663970947266,-0.00010346917406423017,0.22739152610301971,0.0006190378917381167,0.18120436370372772,0.2580314874649048,0.0064393943175673485,0.5367616415023804,1.5389134883880615,0.00023325324582401663,9.466497421264648,-0.0006459079449996352,3.1260155083145946e-05,0.0005840158555656672,0.25909900665283203,0.20754073560237885,0.01110633835196495,0.495240718126297,1.5119496583938599,8.0,0.06770288199186325,0.06886490434408188,0.8757002949714661,2.2055392037145793e-06,-0.00018701818771660328,0.17274174094200134,,0.0007774170371703804,-0.0007579612429253757,-0.00212679011747241,0.04942997545003891,0.2874967157840729,0.2801489233970642
240,model.layers.7.self_attn.k_proj.weight,512,1024,0.0009765625,0.0010330257937312126,4.042832374572754,-9.9208191386424e-06,0.16609340906143188,0.0016564467223361135,0.1631484478712082,0.22862710058689117,0.025876348838210106,0.6887470483779907,1.3216356039047241,0.0011933972127735615,8.71840763092041,-0.003678941633552313,1.0824369383044541e-05,0.0009295745403505862,0.26142603158950806,0.19623491168022156,0.015568460337817669,0.5320995450019836,1.351003646850586,,,,,,,,,,,,,,
240,model.layers.7.self_attn.v_proj.weight,512,1024,0.0009765625,0.0008599315769970417,2.1806960105895996,0.000574263627640903,0.2920394837856293,0.0002759810595307499,0.14242251217365265,0.24963060021400452,0.003508015302941203,0.7270208597183228,1.4644886255264282,0.000987672246992588,5.758544445037842,-0.0011617452837526798,1.1442240975156892e-05,0.00032288162037730217,0.17770268023014069,0.23155122995376587,0.00668522110208869,0.676639974117279,1.4334137439727783,,,,,,,,,,,,,,
240,model.layers.7.self_attn.o_proj.weight,1024,2048,0.00048828125,0.00025005557108670473,2.320699453353882,0.00017843206296674907,0.49328482151031494,3.7788657209603116e-05,0.14142534136772156,0.36565548181533813,0.013588250614702702,0.5325272679328918,1.4416651725769043,0.00031136555480770767,4.946948528289795,-0.0009213164448738098,2.2649932361673564e-05,0.00011356136383255944,0.18339520692825317,0.3026660084724426,0.018854839727282524,0.4842015206813812,1.4043830633163452,,,,,,,,,,,,,,
240,model.layers.15.self_attn.q_proj.weight,4096,1024,0.000244140625,0.0001335085107712075,4.628580570220947,0.0002067128079943359,0.21382595598697662,0.0003172184224240482,0.21646615862846375,0.23287606239318848,0.0040927305817604065,0.4337698221206665,1.5471256971359253,0.0002474897773936391,9.292887687683105,0.00039093801751732826,3.080258102272637e-05,0.0007176811341196299,0.250924289226532,0.22251097857952118,0.014061570167541504,0.45175591111183167,1.5026851892471313,8.0,0.06388594955205917,0.06863532215356827,0.8874490261077881,-2.2082349460106343e-06,-0.0017306979279965162,0.18472254276275635,,-0.005241437815129757,-0.001153250690549612,0.004931378178298473,0.05342183634638786,,
240,model.layers.15.self_attn.k_proj.weight,512,1024,0.0009765625,0.0008737964672036469,5.813436031341553,1.6427349009973113e-06,0.18368199467658997,6.915326957823709e-05,0.2631920576095581,0.22858907282352448,0.004912992008030415,0.523758053779602,1.4597994089126587,0.0009880047291517258,9.504457473754883,-0.0005364461685530841,1.0768403626570944e-05,0.00010410181857878342,0.2905908226966858,0.20623257756233215,0.010032515972852707,0.4690229594707489,1.4187368154525757,,,,,,,,,,,,,,
240,model.layers.15.self_attn.v_proj.weight,512,1024,0.0009765625,0.0008320556371472776,1.96367609500885,0.00018464867025613785,0.175621896982193,0.00036249271943233907,0.17637014389038086,0.27095332741737366,0.00633567338809371,0.6612391471862793,1.4387489557266235,0.0009020245051942766,5.493069171905518,-0.0001309882936766371,1.0747970918600913e-05,0.0003300750977359712,0.2046472728252411,0.23325394093990326,0.006520397029817104,0.6078413128852844,1.459721565246582,,,,,,,,,,,,,0.2558319866657257,0.2545541226863861
240,model.layers.15.self_attn.o_proj.weight,1024,2048,0.00048828125,0.00043757871026173234,1.9231524467468262,5.2767969464184716e-05,0.33639806509017944,3.655356340459548e-05,0.09076742827892303,0.46032652258872986,0.009958733804523945,0.5961339473724365,1.4459930658340454,0.0003811718197539449,5.160201549530029,0.00038943864637985826,2.1951829694444314e-05,7.766946509946138e-05,0.18756188452243805,0.3061368763446808,0.020345790311694145,0.5393324494361877,1.414903998374939,,,,,,,,,,,,,,
240,model.layers.19.self_attn.q_proj.weight,4096,1024,0.000244140625,0.0001686592004261911,2.8563883304595947,-0.0005295912851579487,0.13878528773784637,0.0004708989290520549,0.2034950703382492,0.2528638243675232,0.007792703807353973,0.46261751651763916,1.5297348499298096,0.0002596577687654644,8.575922012329102,0.00034902035258710384,3.057134381379001e-05,0.0007546067936345935,0.24272792041301727,0.23268532752990723,0.022267820313572884,0.4618018567562103,1.4821197986602783,8.0,0.06285466253757477,0.07167559862136841,0.8822085857391357,8.628613841210608e-07,0.000917802273761481,0.07275864481925964,0.0009401386429178772,0.00013476010644808412,0.0013422725023701787,-0.004272059537470341,0.059444546699523926,,
240,model.layers.19.self_attn.k_proj.weight,512,1024,0.0009765625,0.0011835232144221663,3.740917921066284,-3.4713002605712973e-06,0.1416056752204895,0.0008498229435645044,0.2289847731590271,0.21925094723701477,0.012526854872703552,0.5996324419975281,1.360732078552246,0.0010624316055327654,10.554758071899414,0.0032739397138357162,1.0674661098164506e-05,0.0009589158580638468,0.27676326036453247,0.20390138030052185,0.01833704672753811,0.46658629179000854,1.3178517818450928,,,,,,,,,,,,,,
240,model.layers.19.self_attn.v_proj.weight,512,1024,0.0009765625,0.0005688552628271282,1.6130752563476562,-0.0005331684369593859,0.11776765435934067,0.0009443158050999045,0.155238077044487,0.2503672242164612,0.005182794760912657,0.6531146764755249,1.4588381052017212,0.0009968857048079371,4.673705577850342,0.0016750317299738526,1.0912148354691453e-05,0.0007954427856020629,0.19090932607650757,0.282695472240448,0.008724837563931942,0.625021755695343,1.4247139692306519,,,,,,,,,,,,,,
240,model.layers.19.self_attn.o_proj.weight,1024,2048,0.00048828125,0.0003426989715080708,1.4981961250305176,-0.0001744438341120258,0.21002371609210968,9.734833292895928e-05,0.07339176535606384,0.45324021577835083,0.010303927585482597,0.5596497058868408,1.4448366165161133,0.0003681424423120916,6.32397985458374,0.0007840781472623348,2.1937907149549574e-05,0.00011416166671551764,0.18540145456790924,0.31618452072143555,0.011250955052673817,0.5774000287055969,1.4336217641830444,,,,,,,,,,,,,,
240,model.layers.1.mlp.gate_proj.weight,3584,1024,0.00027901785714285713,0.0003494976263027638,3.0594797134399414,0.00014933875354472548,0.23329627513885498,0.00010609336459310725,0.18387103080749512,0.2940967381000519,0.0075453161261975765,0.5182685256004333,1.510987639427185,0.0002947264874819666,10.061278343200684,-0.000605509034357965,3.10709910991136e-05,0.00018109611119143665,0.25885456800460815,0.22668837010860443,0.01022257935255766,0.5008025765419006,1.5058282613754272,,,,,,,,,,,,,0.3216997981071472,0.3213188052177429
240,model.layers.1.mlp.up_proj.weight,3584,1024,0.00027901785714285713,0.0005534723750315607,2.6158831119537354,-0.0007403456256724894,0.39473119378089905,0.00019094265007879585,0.1625032126903534,0.33620595932006836,0.010259248316287994,0.5180599689483643,1.5129913091659546,0.0002938738325610757,9.612338066101074,-0.00043361540883779526,3.0831924959784374e-05,0.00022012712724972516,0.25553083419799805,0.23189909756183624,0.009812891483306885,0.5057557225227356,1.507659912109375,,,,,,,,,,,,,,
240,model.layers.1.mlp.down_proj.weight,1024,3584,0.00027901785714285713,0.0002745755191426724,4.404231548309326,-0.0007594073540531099,0.38222068548202515,0.003290886525064707,0.1932632029056549,0.2698172926902771,0.020724670961499214,0.522938072681427,1.4162781238555908,0.0002813768805935979,10.237133979797363,-0.0003679523942992091,3.0903687729733065e-05,0.00020896311616525054,0.2353648990392685,0.24749790132045746,0.01258106529712677,0.4966578185558319,1.4349924325942993,8.0,0.07201336324214935,0.06859524548053741,0.8655033111572266,-1.612278720131144e-05,-0.020122511312365532,1.0715663433074951,,-0.00029824752709828317,-0.005176173523068428,0.006864084396511316,0.037730347365140915,,
240,model.layers.12.mlp.gate_proj.weight,3584,1024,0.00027901785714285713,0.00020215449330862612,3.289079427719116,0.001393115147948265,0.22983022034168243,0.0007831446127966046,0.18683893978595734,0.246010422706604,0.006192329805344343,0.5725276470184326,1.5268447399139404,0.0002708610554691404,8.165943145751953,-0.00023380268248729408,2.9539276511059143e-05,0.000369685614714399,0.25717055797576904,0.2152208685874939,0.009640464559197426,0.4988993704319,1.5116132497787476,,,,,,,,,,,,,,
240,model.layers.12.mlp.up_proj.weight,3584,1024,0.00027901785714285713,0.00026311969850212336,3.2346293926239014,0.0007734064129181206,0.37059006094932556,0.0006105262436904013,0.21647703647613525,0.2537056505680084,0.009536106139421463,0.5140063762664795,1.5145014524459839,0.000308635295368731,6.997559547424316,0.0003440915315877646,2.9714889024035074e-05,0.0003762585110962391,0.26786985993385315,0.2088109850883484,0.010295609943568707,0.49164286255836487,1.5146924257278442,,,,,,,,,,,,,,
240,model.layers.12.mlp.down_proj.weight,1024,3584,0.00027901785714285713,0.00028482373454608023,7.392317771911621,0.0007975248154252768,0.3715546429157257,0.00017580429266672581,0.2013523280620575,0.29201745986938477,0.019081614911556244,0.5272856950759888,1.3970431089401245,0.0002831675810739398,7.877051830291748,0.000588718568906188,2.9901377274654806e-05,0.00021743644902016968,0.22752463817596436,0.25567159056663513,0.025203274562954903,0.49674171209335327,1.3759483098983765,8.0,0.06672192364931107,0.06492860615253448,0.908993124961853,4.327819624450058e-06,-0.0025469970423728228,0.9365628361701965,,0.00029086205177009106,-0.00037923644413240254,-0.005049383267760277,0.024088352918624878,,
240,model.layers.22.mlp.gate_proj.weight,3584,1024,0.00027901785714285713,0.00021819514222443104,3.585510015487671,-0.0010771144879981875,0.09963742643594742,0.0006257245549932122,0.19367778301239014,0.24736928939819336,0.007336793001741171,0.5408761501312256,1.5184653997421265,0.0002791288716252893,8.83192253112793,-0.0007826536893844604,2.914612377935555e-05,0.0006258948124013841,0.23570279777050018,0.22562474012374878,0.010075344704091549,0.49764102697372437,1.5104930400848389,,,,,,,,,,,,,0.27735385298728943,0.2723504304885864
240,model.layers.22.mlp.up_proj.weight,3584,1024,0.00027901785714285713,0.00020866292470600456,3.5784153938293457,-5.6066695833578706e-05,0.2168499082326889,0.00043381634168326855,0.18060724437236786,0.2897984981536865,0.009636051021516323,0.5687257647514343,1.5124634504318237,0.0003156144230160862,7.9592180252075195,-0.0001238687545992434,2.913046773755923e-05,0.001048140344209969,0.2250896692276001,0.2446291297674179,0.01491237711161375,0.5049967765808105,1.4972636699676514,,,,,,,,,,,,,,
240,model.layers.22.mlp.down_proj.weight,1024,3584,0.00027901785714285713,0.00034642970422282815,2.9798529148101807,-6.489180668722838e-05,0.20578442513942719,0.00021499802824109793,0.11120910197496414,0.39997079968452454,0.008424218744039536,0.5591649413108826,1.4477460384368896,0.0002983224985655397,6.437734603881836,-0.0002854299091268331,2.9419874408631586e-05,0.0002706024097278714,0.20542438328266144,0.2807469367980957,0.010291237384080887,0.5459991097450256,1.4459357261657715,8.0,0.07168351113796234,0.06675038486719131,0.8583758473396301,-2.8151757760497276e-06,-0.0022019732277840376,0.3472887873649597,,-0.002768403384834528,-0.0004634586221072823,0.00368468533270061,0.11338913440704346,,
240,model.layers.1.linear_attn.in_proj_qkv.weight,6144,1024,0.00016276041666666666,0.00012761505786329508,2.49150013923645,0.00029304783674888313,0.19832658767700195,0.0008544235024601221,0.18614672124385834,0.26347482204437256,0.008951728232204914,0.517431378364563,1.5324701070785522,0.00015272866585291922,9.951706886291504,0.000616321456618607,4.0145769162336364e-05,0.0001999192900257185,0.2555604577064514,0.2211831957101822,0.008550780825316906,0.5051619410514832,1.529531478881836,8.0,0.06926112622022629,0.07134313881397247,0.8505349159240723,1.8059727153740823e-06,-0.0012664174428209662,0.11864114552736282,,-0.0051554483361542225,-0.002228696830570698,-0.008928999304771423,0.051727086305618286,,
240,model.layers.1.linear_attn.out_proj.weight,1024,2048,0.00048828125,0.0004415608709678054,1.3594350814819336,-0.00012478481221478432,0.4473722279071808,0.0004970452864654362,0.13098135590553284,0.349674791097641,0.01657075248658657,0.5021719336509705,1.4389922618865967,0.0004959698999300599,8.594522476196289,0.0012248822022229433,2.3390208298224024e-05,0.00036728946724906564,0.24464571475982666,0.2381506860256195,0.014512293972074986,0.500008761882782,1.4257488250732422,,,,,,,,,,,,,,
240,model.layers.12.linear_attn.in_proj_qkv.weight,6144,1024,0.00016276041666666666,5.9631227486534044e-05,2.6096155643463135,-2.025616413448006e-05,0.2207258939743042,0.0004293637175578624,0.1666804403066635,0.2524947226047516,0.003184783272445202,0.5788048505783081,1.5521048307418823,0.0001211031703860499,7.682572364807129,0.0003241994127165526,3.944293348467909e-05,0.00046050199307501316,0.2511909008026123,0.2154136300086975,0.008192984387278557,0.5049071907997131,1.5340675115585327,8.0,0.0709749162197113,0.06791643053293228,0.8741472363471985,8.969664122560062e-07,-0.0002523775037843734,0.09296367317438126,,0.0007376711000688374,-0.00035937182838097215,-0.0025803048629313707,0.09193410724401474,,
240,model.layers.12.linear_attn.out_proj.weight,1024,2048,0.00048828125,0.000319691956974566,2.6413252353668213,-0.00041984094423241913,0.3148135542869568,5.552612856263295e-05,0.1586115062236786,0.3472289741039276,0.012904271483421326,0.5412333011627197,1.426352620124817,0.0004848316020797938,5.092236518859863,0.0011893585324287415,2.2428592274081893e-05,9.648570267017931e-05,0.22809633612632751,0.262030690908432,0.01769454963505268,0.5068579912185669,1.4112716913223267,,,,,,,,,,,,,,
240,model.layers.21.linear_attn.in_proj_qkv.weight,6144,1024,0.00016276041666666666,9.673120075603947e-05,3.472243547439575,-0.0004438189207576215,0.06856420636177063,0.00045258583850227296,0.16943971812725067,0.27009060978889465,0.004274328704923391,0.59917813539505,1.5475620031356812,0.00015398269169963896,8.194972038269043,-0.0001329906954197213,3.7776200770167634e-05,0.0008495387155562639,0.23974914848804474,0.22547708451747894,0.013334444724023342,0.49231600761413574,1.521225094795227,8.0,0.0801621675491333,0.06974279135465622,0.8751958608627319,4.2522859189375595e-07,2.6815238015842624e-05,0.013570738956332207,0.01585772207736989,0.009247088804841042,0.00015715420886408538,-0.0035709647927433252,0.03532398119568825,,
240,model.layers.21.linear_attn.out_proj.weight,1024,2048,0.00048828125,0.000344567175488919,3.389439582824707,-0.00031991975265555084,0.12701809406280518,0.00010494382149772719,0.14710219204425812,0.36181995272636414,0.006264369003474712,0.5557294487953186,1.4751691818237305,0.0004806515062227845,4.618795394897461,0.0014404479879885912,2.250172838103026e-05,9.822431456996128e-05,0.2132025808095932,0.2777043879032135,0.0077684796415269375,0.5375305414199829,1.4710718393325806,,,,,,,,,,,,,,
260,model.layers.7.self_attn.q_proj.weight,4096,1024,0.000244140625,0.00012263254029676318,3.19081974029541,0.0009430570062249899,0.29606905579566956,0.0014893070328980684,0.17910286784172058,0.2585441470146179,0.009252670221030712,0.5306254029273987,1.5314561128616333,0.0002359671052545309,8.922901153564453,0.00036113811074756086,3.1760817364556715e-05,0.0006017202977091074,0.25548604130744934,0.20912571251392365,0.011185940355062485,0.5029439330101013,1.5105490684509277,8.0,0.08516044914722443,0.08811292052268982,0.8900712728500366,4.87765919388039e-06,0.004927207715809345,0.19734521210193634,0.0009899438942324323,0.0013096296461299062,0.004501616582274437,0.010550794191658497,0.057102322578430176,0.3721444606781006,0.36414656043052673
260,model.layers.7.self_attn.k_proj.weight,512,1024,0.0009765625,0.0011359293712303042,6.911239147186279,-2.1854408259969205e-05,0.2035130262374878,0.0009121376788243651,0.1680845022201538,0.24858607351779938,0.028850842267274857,0.6719635128974915,1.3093693256378174,0.0011489441385492682,7.959292411804199,-0.0028719159308820963,1.175243505713297e-05,0.0002864766283892095,0.2643764615058899,0.19958330690860748,0.015230082906782627,0.5217460989952087,1.3455098867416382,,,,,,,,,,,,,,
260,model.layers.7.self_attn.v_proj.weight,512,1024,0.0009765625,0.000950618414208293,1.8739999532699585,-0.00029096449725329876,0.4425417184829712,0.0004743380122818053,0.1381264626979828,0.24696731567382812,0.003563488135114312,0.7265292406082153,1.4865049123764038,0.001004089368507266,5.6864848136901855,-0.001428468618541956,1.13822252387763e-05,0.0005249832174740732,0.17269401252269745,0.23481497168540955,0.005856294650584459,0.6890954375267029,1.4395099878311157,,,,,,,,,,,,,,
260,model.layers.7.self_attn.o_proj.weight,1024,2048,0.00048828125,0.00022301636636257172,2.2403314113616943,-0.00010750034562079236,0.71405428647995,4.9689930165186524e-05,0.13686233758926392,0.3753637969493866,0.015911083668470383,0.551728367805481,1.4365026950836182,0.00031054046121425927,4.84356689453125,-0.0005008300649933517,2.2593903850065544e-05,0.00011299845937173814,0.18470421433448792,0.29861098527908325,0.0181795135140419,0.47933974862098694,1.4042662382125854,,,,,,,,,,,,,,
260,model.layers.15.self_attn.q_proj.weight,4096,1024,0.000244140625,0.0001167794835055247,3.0984530448913574,2.4886996470740996e-05,0.32082629203796387,0.0001858315517893061,0.21256272494792938,0.2311353236436844,0.0036966977640986443,0.4442392885684967,1.5468138456344604,0.0002510609047021717,8.428040504455566,0.0003421903820708394,3.143379944958724e-05,0.000585670059081167,0.24574196338653564,0.2275848537683487,0.013088380917906761,0.4576435685157776,1.5062850713729858,8.0,0.07663604617118835,0.07226879894733429,0.894500195980072,-1.0132855550182285e-06,-0.0006911866366863251,0.18490059673786163,,0.0028123429510742426,-0.00017488082812633365,0.011233072727918625,0.05682897940278053,,
260,model.layers.15.self_attn.k_proj.weight,512,1024,0.0009765625,0.0009155769366770983,3.8100428581237793,-2.3319671527133323e-06,0.26769402623176575,2.686239531612955e-05,0.2720462381839752,0.2154117375612259,0.0032362397760152817,0.5189786553382874,1.4704941511154175,0.0010658811079338193,9.11395263671875,-0.0003081192553509027,1.1200756489415653e-05,7.738714339211583e-05,0.2855725586414337,0.21111835539340973,0.006248687393963337,0.47962918877601624,1.4397101402282715,,,,,,,,,,,,,,
260,model.layers.15.self_attn.v_proj.weight,512,1024,0.0009765625,0.0007720450521446764,1.7712702751159668,-0.0013945538084954023,0.258178174495697,0.0001391768455505371,0.18759280443191528,0.2526126503944397,0.0036332414019852877,0.6536447405815125,1.461987853050232,0.0009923948673531413,4.837617874145508,0.00191745616029948,1.1245199857512489e-05,0.0007761396118439734,0.1927480548620224,0.2390432208776474,0.007629223633557558,0.628684401512146,1.4434202909469604,,,,,,,,,,,,,0.3362405002117157,0.336517333984375
260,model.layers.15.self_attn.o_proj.weight,1024,2048,0.00048828125,0.00041750146192498505,1.8636589050292969,-0.00045582311577163637,0.4686865210533142,2.9997516321600415e-05,0.08879014104604721,0.4399171471595764,0.01690935157239437,0.5618911385536194,1.4467506408691406,0.0003721024841070175,4.353215217590332,-3.3198026358149946e-05,2.2713667931384407e-05,0.00011061587429139763,0.1938425451517105,0.29593613743782043,0.021635040640830994,0.5194464325904846,1.4191815853118896,,,,,,,,,,,,,,
260,model.layers.19.self_attn.q_proj.weight,4096,1024,0.000244140625,0.00018235816969536245,3.452338933944702,4.818898014491424e-05,0.1780175417661667,0.0004462961805984378,0.22656814754009247,0.22478485107421875,0.008342106826603413,0.40663719177246094,1.5295518636703491,0.00024050535284914076,7.872344970703125,0.0012446735054254532,3.1262108677765355e-05,0.0006931357202120125,0.24779850244522095,0.2268533855676651,0.02076263725757599,0.4543086886405945,1.4777110815048218,8.0,0.08265352994203568,0.07182879745960236,0.884190022945404,4.593344726799842e-07,-0.0004488753038458526,0.08178994804620743,,0.008837385103106499,-0.001456685597077012,-0.006469357293099165,0.059035904705524445,,
260,model.layers.19.self_attn.k_proj.weight,512,1024,0.0009765625,0.0009655062458477914,4.048353672027588,-1.6540793694730382e-06,0.17086073756217957,0.0004791218671016395,0.26654812693595886,0.20488908886909485,0.014424065127968788,0.531457781791687,1.33491051197052,0.001004336983896792,8.368959426879883,0.000795139407273382,1.1175803592777811e-05,0.0005032116314396262,0.27915069460868835,0.20405299961566925,0.01767430081963539,0.46794363856315613,1.3385193347930908,,,,,,,,,,,,,,
260,model.layers.19.self_attn.v_proj.weight,512,1024,0.0009765625,0.000850637152325362,1.6576217412948608,0.001673345104791224,0.13815563917160034,0.0013370395172387362,0.14755792915821075,0.24799270927906036,0.006341326981782913,0.6567538380622864,1.4373291730880737,0.001131796627305448,4.426736831665039,-0.001215884112752974,1.1009646186721511e-05,0.0005639988812617958,0.18215471506118774,0.30283692479133606,0.007171747740358114,0.6479039192199707,1.4253066778182983,,,,,,,,,,,,,,
260,model.layers.19.self_attn.o_proj.weight,1024,2048,0.00048828125,0.0004349943483248353,1.4608886241912842,0.0005069909384474158,0.27194076776504517,5.322695869836025e-05,0.06239095702767372,0.5018947720527649,0.008403767831623554,0.6027530431747437,1.4707794189453125,0.00042383724940009415,6.622871398925781,-0.001221013837493956,2.186379788327031e-05,0.00012207397958263755,0.1832967847585678,0.3140150308609009,0.011061686091125011,0.5813117623329163,1.4506428241729736,,,,,,,,,,,,,,
260,model.layers.1.mlp.gate_proj.weight,3584,1024,0.00027901785714285713,0.00024511641822755337,2.788498878479004,-0.0002195716224377975,0.37359336018562317,0.00025972991716116667,0.17906883358955383,0.2995698153972626,0.008065599948167801,0.5185258388519287,1.512270212173462,0.0002639306476339698,10.606152534484863,-0.0005821052473038435,2.9542285119532607e-05,0.00019581668311730027,0.2632700204849243,0.22221523523330688,0.010165644809603691,0.49337640404701233,1.5059001445770264,,,,,,,,,,,,,0.35291245579719543,0.33507871627807617
260,model.layers.1.mlp.up_proj.weight,3584,1024,0.00027901785714285713,0.0004247477918397635,2.5232632160186768,-0.0005463632987812161,0.612363338470459,8.540767157683149e-05,0.164589986205101,0.31716006994247437,0.007268176414072514,0.49652209877967834,1.5158518552780151,0.00027147436048835516,9.990987777709961,-0.0003175230522174388,2.946973472717218e-05,0.00013132806634530425,0.25804343819618225,0.2282526195049286,0.010536189191043377,0.4985140562057495,1.5062521696090698,,,,,,,,,,,,,,
260,model.layers.1.mlp.down_proj.weight,1024,3584,0.00027901785714285713,0.00025961495703086257,4.266068935394287,-0.000555977807380259,0.5966893434524536,0.00143634679261595,0.19651412963867188,0.26468247175216675,0.014987373724579811,0.5136231184005737,1.4423779249191284,0.00028231836040504277,11.245716094970703,-0.00013595430937130004,2.9465423722285777e-05,0.0008062700508162379,0.23187892138957977,0.2504039704799652,0.01718173921108246,0.5013059973716736,1.4135164022445679,8.0,0.12842440605163574,0.12541276216506958,0.902022659778595,4.730147702503018e-05,0.08458501100540161,1.1534494161605835,0.0005592181931856639,0.02694893069565296,0.019089313223958015,0.009305193088948727,0.05807879567146301,,
260,model.layers.12.mlp.gate_proj.weight,3584,1024,0.00027901785714285713,0.00019031681586056948,3.0085806846618652,-1.6377360225305893e-05,0.3449000418186188,0.0011351245921105146,0.18297408521175385,0.24788838624954224,0.006844111252576113,0.5830166935920715,1.5262030363082886,0.0002863752015400678,7.476042747497559,-0.0008498868555761874,2.990233406308107e-05,0.00048418407095596194,0.25342047214508057,0.21609194576740265,0.009807939641177654,0.5068582892417908,1.5099085569381714,,,,,,,,,,,,,,
260,model.layers.12.mlp.up_proj.weight,3584,1024,0.00027901785714285713,0.00027626712108030915,2.825117349624634,-0.00017286039656028152,0.5430265069007874,0.0004547045973595232,0.2297062873840332,0.23845404386520386,0.007937658578157425,0.4881025552749634,1.5149986743927002,0.0002522358554415405,6.470181941986084,5.7413992180954665e-05,3.0073808375163935e-05,0.00046685728011652827,0.2669771611690521,0.208839550614357,0.01043468527495861,0.49479272961616516,1.506903052330017,,,,,,,,,,,,,,
260,model.layers.12.mlp.down_proj.weight,1024,3584,0.00027901785714285713,0.00027048325864598155,5.201837062835693,-0.0001767257635947317,0.5411685705184937,0.00014689764066133648,0.2004571110010147,0.2871784567832947,0.025438416749238968,0.5197926759719849,1.3836191892623901,0.000285867543425411,7.09658145904541,0.0005912880296818912,2.9911021556472406e-05,0.0002699187316466123,0.2423037439584732,0.241240456700325,0.026912666857242584,0.46699970960617065,1.353119134902954,8.0,0.07475429773330688,0.07506577670574188,0.9091974496841431,-1.157263704953948e-05,0.007902892306447029,1.160616159439087,-0.001464354643944565,-0.0012555684661492705,0.0007441624184139073,0.005329118110239506,0.039965540170669556,,
260,model.layers.22.mlp.gate_proj.weight,3584,1024,0.00027901785714285713,0.00027325382689014077,3.4862942695617676,-0.00015767865988891572,0.11811236292123795,0.0009673460735939443,0.18091405928134918,0.2516971528530121,0.008341041393578053,0.5561915040016174,1.516916275024414,0.0002977483090944588,8.460283279418945,-0.00010074384044855833,2.8312424547038972e-05,0.000803705130238086,0.23564086854457855,0.22711552679538727,0.010333583690226078,0.4989515542984009,1.5072933435440063,,,,,,,,,,,,,0.28131014108657837,0.2934209704399109
260,model.layers.22.mlp.up_proj.weight,3584,1024,0.00027901785714285713,0.00023287133080884814,3.5250046253204346,0.00014764365914743394,0.25626713037490845,0.0007726074545644224,0.1750774085521698,0.2908764183521271,0.01416452694684267,0.579135000705719,1.5024992227554321,0.00029691707459278405,7.722193241119385,-0.0004529310972429812,2.863812005671207e-05,0.00040229957085102797,0.22490806877613068,0.24665680527687073,0.01163314376026392,0.511336624622345,1.498449444770813,,,,,,,,,,,,,,
260,model.layers.22.mlp.down_proj.weight,1024,3584,0.00027901785714285713,0.0003739396343007684,2.841768503189087,0.00016562895325478166,0.2526407837867737,0.00027410191250965,0.1091543659567833,0.3988867700099945,0.009754393249750137,0.5570803880691528,1.4568595886230469,0.000292434124276042,6.494170188903809,-0.00027885899180546403,2.9150647606002167e-05,0.00023031893942970783,0.2036328762769699,0.2849401831626892,0.008987870998680592,0.556456983089447,1.4534846544265747,8.0,0.06997491419315338,0.07237724959850311,0.8623239994049072,1.3003076674067415e-05,0.0038456597831100225,0.3377797603607178,0.003381234276411134,-0.002024552086368203,0.001147652743384242,0.025356628000736237,0.13073080778121948,,
260,model.layers.1.linear_attn.in_proj_qkv.weight,6144,1024,0.00016276041666666666,0.00011350752174621448,2.464475631713867,0.0007244315347634256,0.311858206987381,0.0007026910898275673,0.19380998611450195,0.2612498700618744,0.007356496527791023,0.5212922692298889,1.531673789024353,0.00015461737348232418,10.241955757141113,-0.0003632045991253108,3.836159885395318e-05,0.0002466660225763917,0.2570633590221405,0.2201710045337677,0.009490394033491611,0.50105881690979,1.5266882181167603,8.0,0.15211650729179382,0.14660896360874176,0.8801272511482239,1.3105685866321437e-05,0.012072788551449776,0.1300189197063446,0.0010855558192268367,0.03588632494211197,0.03153720870614052,0.023430243134498596,0.10427267849445343,,
260,model.layers.1.linear_attn.out_proj.weight,1024,2048,0.00048828125,0.00027597908047027886,1.3510693311691284,0.0005733215366490185,0.709700345993042,0.00038069940637797117,0.1310240775346756,0.34359684586524963,0.012866142205893993,0.493747740983963,1.4409071207046509,0.0004841044428758323,10.636235237121582,-5.479980245581828e-05,2.2341277144732885e-05,0.00033871192135848105,0.24139373004436493,0.24146221578121185,0.013355006463825703,0.5060402750968933,1.427266001701355,,,,,,,,,,,,,,
260,model.layers.12.linear_attn.in_proj_qkv.weight,6144,1024,0.00016276041666666666,7.720162102486938e-05,2.4176273345947266,-0.00015261293447110802,0.3083784580230713,0.0006034411489963531,0.155469611287117,0.25927114486694336,0.003916880115866661,0.5996382236480713,1.5514427423477173,0.00012338528176769614,7.824390888214111,0.0002989661297760904,3.99525961256586e-05,0.0006679320358671248,0.252591997385025,0.21503008902072906,0.009926646947860718,0.5055134892463684,1.5292457342147827,8.0,0.08040149509906769,0.0771477073431015,0.8780415058135986,1.8735606772679603e-06,0.0022893575951457024,0.1495976746082306,0.000818378343881538,0.005918287672102451,0.0017448418075218797,0.003991803620010614,0.09777818620204926,,
260,model.layers.12.linear_attn.out_proj.weight,1024,2048,0.00048828125,0.0003237771743442863,2.5032167434692383,0.00019505509408190846,0.45763078331947327,5.1074137445539236e-05,0.16081686317920685,0.3394335210323334,0.017185792326927185,0.5265767574310303,1.4094101190567017,0.00048241729382425547,4.881992816925049,-0.0004867016978096217,2.2666275981464423e-05,0.0001166621659649536,0.23541344702243805,0.25320330262184143,0.017659468576312065,0.4926784336566925,1.4070948362350464,,,,,,,,,,,,,,
260,model.layers.21.linear_attn.in_proj_qkv.weight,6144,1024,0.00016276041666666666,0.0001064919852069579,3.3840713500976562,-0.0009447470656596124,0.08143064379692078,0.0009507306385785341,0.17801788449287415,0.25551021099090576,0.006090463604778051,0.5868603587150574,1.5424633026123047,0.00016472794231958687,8.759299278259277,0.0008404102991335094,3.7467678339453414e-05,0.0010525048710405827,0.243095263838768,0.2210523933172226,0.014340152963995934,0.48368456959724426,1.5211795568466187,8.0,0.07196898758411407,0.0628960058093071,0.8970146179199219,1.6216992548834241e-07,-0.00014282844495028257,0.012997625395655632,,0.003164521185681224,-0.001158374361693859,0.003939867950975895,0.0527787022292614,,
260,model.layers.21.linear_attn.out_proj.weight,1024,2048,0.00048828125,0.0003924578195437789,3.0962395668029785,-0.00025607977295294404,0.15806908905506134,0.00013752035738434643,0.14922170341014862,0.35307416319847107,0.007718407083302736,0.5467420220375061,1.4771292209625244,0.0004677707620430738,4.868250846862793,0.0008120804559439421,2.1916721379966475e-05,9.524285997031257e-05,0.21243572235107422,0.275113582611084,0.007780842483043671,0.5378241539001465,1.4668612480163574,,,,,,,,,,,,,,
280,model.layers.7.self_attn.q_proj.weight,4096,1024,0.000244140625,0.0001398225431330502,3.091437816619873,-0.000500656315125525,0.36606404185295105,0.000830771226901561,0.18086515367031097,0.255277544260025,0.008620654232800007,0.5286393165588379,1.5353530645370483,0.00022997678024694324,8.476224899291992,0.0027785601560026407,3.0440360205830075e-05,0.0007589393062517047,0.25525352358818054,0.20887920260429382,0.012117438018321991,0.4994688630104065,1.5097970962524414,8.0,0.09639096260070801,0.09841795265674591,0.7387447953224182,1.4622384696849622e-05,0.0009567711385898292,0.31971704959869385,0.015283053707495126,0.007475155871361494,0.0014274361310526729,-0.0017185767646878958,0.05975021794438362,0.29471147060394287,0.30268430709838867
280,model.layers.7.self_attn.k_proj.weight,512,1024,0.0009765625,0.0008660724852234125,4.688620567321777,-1.7734831999405287e-05,0.2633496820926666,0.0020931039471179247,0.15130575001239777,0.2555503249168396,0.02837282046675682,0.6989662051200867,1.3258538246154785,0.0011736308224499226,6.299468517303467,-0.004247439093887806,1.0913134246948175e-05,0.0006417332915589213,0.25114312767982483,0.19684895873069763,0.014129837043583393,0.5422399640083313,1.357030987739563,,,,,,,,,,,,,,
280,model.layers.7.self_attn.v_proj.weight,512,1024,0.0009765625,0.0008026775321923196,1.73053777217865,-0.0006158677279017866,0.5399556159973145,0.0005469692987389863,0.12905502319335938,0.24782177805900574,0.004606151487678289,0.7373876571655273,1.4598972797393799,0.001026989659294486,4.349089622497559,0.002555410610511899,1.1113348591607064e-05,0.00016475490701850504,0.16603584587574005,0.23127643764019012,0.004381915088742971,0.6931682825088501,1.454725980758667,,,,,,,,,,,,,,
280,model.layers.7.self_attn.o_proj.weight,1024,2048,0.00048828125,0.00022568598797079176,1.8897218704223633,-0.00020138280524406582,0.8982705473899841,2.6612084184307605e-05,0.13659130036830902,0.37760505080223083,0.012072923593223095,0.554470419883728,1.4523241519927979,0.00032445063698105514,4.4398064613342285,-0.0002411293244222179,2.165795194741804e-05,9.588529064785689e-05,0.18755283951759338,0.29679760336875916,0.018430769443511963,0.4794943034648895,1.4081038236618042,,,,,,,,,,,,,,
280,model.layers.15.self_attn.q_proj.weight,4096,1024,0.000244140625,0.00012868474004790187,3.5458872318267822,-0.0002098607801599428,0.3933112621307373,0.0003156466409564018,0.20414970815181732,0.2538541853427887,0.003827504115179181,0.4801664650440216,1.5458449125289917,0.0002641686296556145,7.975433349609375,-0.0004642419226001948,3.0021688871784136e-05,0.000511674617882818,0.25027623772621155,0.22524191439151764,0.012345416471362114,0.45250800251960754,1.5054082870483398,8.0,0.116782046854496,0.10855220258235931,0.7387765049934387,6.6795555540011264e-06,0.0041924649849534035,0.3996906280517578,0.0015932287038708244,0.006608976051211357,0.004855325445532799,0.006610931362956762,0.0457499697804451,,
280,model.layers.15.self_attn.k_proj.weight,512,1024,0.0009765625,0.0008970843045972288,4.649031162261963,-7.1769436544855125e-06,0.33015379309654236,4.491928848437965e-05,0.24714979529380798,0.24166390299797058,0.00303058372810483,0.555815577507019,1.4739364385604858,0.0009786904556676745,6.174901485443115,-0.00013587689318228513,1.0633548299665563e-05,8.392587915295735e-05,0.2756093740463257,0.2183537483215332,0.00702702347189188,0.48755648732185364,1.4343273639678955,,,,,,,,,,,,,,
280,model.layers.15.self_attn.v_proj.weight,512,1024,0.0009765625,0.0009088575025089085,1.7145836353302002,0.00047533592442050576,0.38764068484306335,7.753926911391318e-05,0.17475193738937378,0.2781425416469574,0.0028867628425359726,0.6679497957229614,1.443182349205017,0.0011525595327839255,4.1949381828308105,0.00020382450020406395,1.0901172572630458e-05,0.0007301314035430551,0.19291692972183228,0.245950847864151,0.0059253498911857605,0.6297669410705566,1.4447429180145264,,,,,,,,,,,,,0.2943838834762573,0.30763673782348633
280,model.layers.15.self_attn.o_proj.weight,1024,2048,0.00048828125,0.00038550866884179413,1.7147150039672852,0.00016586517449468374,0.6449661254882812,2.764709643088281e-05,0.08496161550283432,0.46364161372184753,0.011836672201752663,0.5868143439292908,1.434743881225586,0.0003946818469557911,4.637189865112305,-0.0003672084421850741,2.164444958907552e-05,5.3092793677933514e-05,0.19177953898906708,0.30400529503822327,0.018812622874975204,0.5338028073310852,1.4238524436950684,,,,,,,,,,,,,,
280,model.layers.19.self_attn.q_proj.weight,4096,1024,0.000244140625,0.0001884192752186209,2.869486093521118,-0.00032418567570857704,0.24932119250297546,0.00040937168523669243,0.22531262040138245,0.22370198369026184,0.007455074228346348,0.39595913887023926,1.5298720598220825,0.00024805913562886417,9.199825286865234,0.0007689203484915197,2.9191029170760885e-05,0.000461684976471588,0.24176383018493652,0.23365265130996704,0.018523776903748512,0.4623585641384125,1.4852057695388794,8.0,0.10973971337080002,0.11286523193120956,0.7005906105041504,3.869695319735911e-06,0.004728839732706547,0.22172774374485016,0.0008183181368934012,0.005181923974305391,0.009360634721815586,0.00022340583382174373,0.0763569325208664,,
280,model.layers.19.self_attn.k_proj.weight,512,1024,0.0009765625,0.0009857473196461797,3.345062255859375,-7.450896077898506e-07,0.2384239137172699,0.0008662858745083213,0.27785128355026245,0.20657134056091309,0.01526579912751913,0.518325924873352,1.3489716053009033,0.0010690655326470733,8.866510391235352,0.0010900620836764574,1.0348801879445091e-05,0.0003106524527538568,0.28173625469207764,0.2059405893087387,0.015988800674676895,0.46534523367881775,1.3436250686645508,,,,,,,,,,,,,,
280,model.layers.19.self_attn.v_proj.weight,512,1024,0.0009765625,0.0006668604328297079,1.486710786819458,0.0011554857483133674,0.19862602651119232,0.0010765405604615808,0.15329381823539734,0.25209710001945496,0.006264522206038237,0.6680669784545898,1.436261773109436,0.0010022915666922927,4.528371810913086,-0.0010813184781000018,1.0273882253386546e-05,0.00046911946265026927,0.19910621643066406,0.28044065833091736,0.007340262643992901,0.6215631365776062,1.43331778049469,,,,,,,,,,,,,,
280,model.layers.19.self_attn.o_proj.weight,1024,2048,0.00048828125,0.00034265805152244866,1.4822081327438354,0.00038127379957586527,0.35927459597587585,7.09776722942479e-05,0.0750320702791214,0.45810073614120483,0.008151698857545853,0.5736159086227417,1.4578722715377808,0.0004111049638595432,6.638225078582764,-0.0002665745560079813,2.075899828923866e-05,0.00016670791956130415,0.18499094247817993,0.3119751513004303,0.011838323436677456,0.5806199908256531,1.4485290050506592,,,,,,,,,,,,,,
280,model.layers.1.mlp.gate_proj.weight,3584,1024,0.00027901785714285713,0.00023879943182691932,2.907205104827881,0.0002608929935377091,0.44252973794937134,0.0002661634352989495,0.18237937986850739,0.3016090989112854,0.0068970536813139915,0.5308470129966736,1.5183824300765991,0.00028479695902206004,8.400933265686035,-0.0009511720854789019,3.252855458413251e-05,0.00019165928824804723,0.25471508502960205,0.2293933480978012,0.01090951170772314,0.504124104976654,1.5056918859481812,,,,,,,,,,,,,0.29255273938179016,0.27677905559539795
280,model.layers.1.mlp.up_proj.weight,3584,1024,0.00027901785714285713,0.00030565407359972596,2.676316499710083,-2.6603111109579913e-05,0.7336769104003906,0.00014254098641686141,0.16638058423995972,0.3208709955215454,0.008584975264966488,0.5054610967636108,1.5160919427871704,0.00027639808831736445,8.001494407653809,-0.0002306265087099746,3.244083927711472e-05,0.00016160382074303925,0.25557002425193787,0.2303093820810318,0.00916376058012247,0.5036340951919556,1.5146057605743408,,,,,,,,,,,,,,
280,model.layers.1.mlp.down_proj.weight,1024,3584,0.00027901785714285713,0.00024990877136588097,4.006771564483643,-2.5299174012616277e-05,0.7305945158004761,0.0009793229401111603,0.19265350699424744,0.2765343189239502,0.013078431598842144,0.5311173796653748,1.4370918273925781,0.0002858229272533208,7.540475368499756,0.00017064348503481597,3.234968244214542e-05,0.00032368279062211514,0.23527848720550537,0.24728095531463623,0.01520428154617548,0.49179571866989136,1.4302433729171753,8.0,0.10995021462440491,0.10875043272972107,0.7328051328659058,-4.125334817217663e-05,0.0008242400363087654,3.085113286972046,-0.05005016300460667,0.0012802801793441176,-7.31367981643416e-05,0.0013643322745338082,0.04247262701392174,,
280,model.layers.12.mlp.gate_proj.weight,3584,1024,0.00027901785714285713,0.00019073924340773374,2.607846260070801,-0.0005576575640588999,0.41339945793151855,0.0006641396321356297,0.19217659533023834,0.2411479949951172,0.006408117711544037,0.56159508228302,1.5251187086105347,0.0002576452388893813,6.839572429656982,-0.0014348786789923906,2.8094693334423937e-05,0.000413204834330827,0.25548896193504333,0.21540752053260803,0.00962821301072836,0.5028756260871887,1.5122212171554565,,,,,,,,,,,,,,
280,model.layers.12.mlp.up_proj.weight,3584,1024,0.00027901785714285713,0.00026036385679617524,2.6303114891052246,-0.0005048274178989232,0.6703978776931763,0.0005408776341937482,0.22405077517032623,0.24227768182754517,0.008613832294940948,0.49911415576934814,1.514530062675476,0.000267552473815158,6.126614093780518,-0.0002857361687347293,2.817050517478492e-05,0.00045849697198718786,0.2631376385688782,0.2104986160993576,0.010030864737927914,0.5032840967178345,1.508367896080017,,,,,,,,,,,,,,
280,model.layers.12.mlp.down_proj.weight,1024,3584,0.00027901785714285713,0.00024304044200107455,5.07034158706665,-0.0005354424356482923,0.6634952425956726,9.311838948633522e-05,0.1956610530614853,0.2963607609272003,0.017347970977425575,0.5386046171188354,1.4190620183944702,0.00027410374605096877,6.63135290145874,-1.0257216672471259e-05,2.8588558052433655e-05,0.00018366564472671598,0.23289963603019714,0.251216858625412,0.024127904325723648,0.4897615611553192,1.4007896184921265,8.0,0.0977117270231247,0.1017553061246872,0.7636851072311401,-1.5538791558356024e-05,0.031486205756664276,2.1123523712158203,-0.0004935110847729606,-0.0007503662491217256,0.006502900272607803,-0.005728282034397125,0.038388486951589584,,
280,model.layers.22.mlp.gate_proj.weight,3584,1024,0.00027901785714285713,0.00022823190374765545,3.594357967376709,-0.00030017277458682656,0.16112467646598816,0.0008603347232565284,0.17917400598526,0.26206448674201965,0.00823993794620037,0.5585492253303528,1.5196932554244995,0.0002732063003350049,8.83256721496582,0.00029684853507205844,2.652244256751146e-05,0.0008645993075333536,0.23143458366394043,0.22884981334209442,0.010746044106781483,0.49786683917045593,1.5055888891220093,,,,,,,,,,,,,0.2525368928909302,0.25960981845855713
280,model.layers.22.mlp.up_proj.weight,3584,1024,0.00027901785714285713,0.0007299853023141623,3.075460433959961,-0.0010547470301389694,0.3388947546482086,0.0008978795958682895,0.17663215100765228,0.2875683605670929,0.01368231512606144,0.5729591846466064,1.5075218677520752,0.0002878993400372565,7.939266204833984,0.0008173244423232973,2.6770178010337986e-05,0.0006385999149642885,0.22211825847625732,0.24687974154949188,0.013481903821229935,0.5072126388549805,1.4996944665908813,,,,,,,,,,,,,,
280,model.layers.22.mlp.down_proj.weight,1024,3584,0.00027901785714285713,0.00037937218439765275,2.7282183170318604,-0.0011392405722290277,0.34412699937820435,0.00020657920686062425,0.10521521419286728,0.41822052001953125,0.011935276910662651,0.5731840133666992,1.4622734785079956,0.0003119034809060395,6.416760444641113,0.0013550654985010624,2.7123689505970106e-05,0.0002813222527038306,0.20375612378120422,0.2830919027328491,0.010600903071463108,0.5506107211112976,1.4527772665023804,8.0,0.10231843590736389,0.10589831322431564,0.6780949234962463,1.4444440239458345e-05,0.013353630900382996,0.9056771993637085,0.001081686347871429,0.0003880998701788485,0.008063663728535175,0.010314150713384151,0.1226823702454567,,
280,model.layers.1.linear_attn.in_proj_qkv.weight,6144,1024,0.00016276041666666666,0.0001434557925676927,2.5301737785339355,0.00022137351334095,0.35292747616767883,0.0007193922065198421,0.19199097156524658,0.25861656665802,0.007834983058273792,0.5182906985282898,1.5353299379348755,0.00016696144302841276,7.914742946624756,0.0004831964906770736,4.325852569309063e-05,0.0003892369568347931,0.25312745571136475,0.22394263744354248,0.00962652638554573,0.5094020366668701,1.5257116556167603,8.0,0.10178210586309433,0.10183539986610413,0.7303965091705322,-6.034961188561283e-06,-0.0028603223618119955,0.31607550382614136,,-0.003694457234814763,-0.004697251133620739,-0.01192291546612978,0.05675091594457626,,
280,model.layers.1.linear_attn.out_proj.weight,1024,2048,0.00048828125,0.00020229221263434738,1.3129503726959229,0.00015618580800946802,0.8638219237327576,0.00020640679576899856,0.1210089921951294,0.37743210792541504,0.007527325302362442,0.5284706950187683,1.4559941291809082,0.000556664657779038,7.418891429901123,-0.00027697818586602807,2.408126601949334e-05,0.00026790486299432814,0.2476627081632614,0.2339162677526474,0.014637526124715805,0.4925767481327057,1.424067735671997,,,,,,,,,,,,,,
280,model.layers.12.linear_attn.in_proj_qkv.weight,6144,1024,0.00016276041666666666,7.907078543212265e-05,2.2162528038024902,-0.00025028284289874136,0.40831443667411804,0.0008237978909164667,0.15863311290740967,0.2543432414531708,0.004586763214319944,0.6221981048583984,1.5501569509506226,0.0001345793716609478,7.662109375,0.00019815601990558207,3.6732621083501726e-05,0.0005702557973563671,0.2518155872821808,0.21710093319416046,0.008497321978211403,0.5054437518119812,1.5330908298492432,8.0,0.09917282313108444,0.09638291597366333,0.726367175579071,3.2768641631264472e-06,0.0020601393189281225,0.23571017384529114,0.0015906031854347497,0.011647393926978111,0.005775528494268656,-0.024082573130726814,0.1067373976111412,,
280,model.layers.12.linear_attn.out_proj.weight,1024,2048,0.00048828125,0.00028650261810980737,2.345411777496338,0.0006879962747916579,0.5796390771865845,3.560494224075228e-05,0.15858988463878632,0.34732314944267273,0.014248076826334,0.5387299656867981,1.4388923645019531,0.00047798280138522387,4.842258930206299,0.0005980326677672565,2.115734423568938e-05,9.69636530498974e-05,0.22313813865184784,0.26327794790267944,0.019347060471773148,0.5133090615272522,1.4200080633163452,,,,,,,,,,,,,,
280,model.layers.21.linear_attn.in_proj_qkv.weight,6144,1024,0.00016276041666666666,0.00010280094284098595,3.371319055557251,-2.7243873773841187e-05,0.10722730308771133,0.00048710565897636116,0.1679915338754654,0.27169227600097656,0.004908230155706406,0.6000118255615234,1.544576644897461,0.00014167193148750812,9.434050559997559,-0.0007137113716453314,3.4735257941065356e-05,0.0005006601568311453,0.24182750284671783,0.22530581057071686,0.010420948266983032,0.4891315996646881,1.5286256074905396,8.0,0.10496513545513153,0.10156051069498062,0.7245513200759888,-6.178328249006881e-08,0.000199839923880063,0.02748209610581398,-0.00030916386120697785,0.01089744083583355,0.0048276763409376144,0.004141855984926224,0.06976611167192459,,
280,model.layers.21.linear_attn.out_proj.weight,1024,2048,0.00048828125,0.00038487586425617337,2.770474433898926,-0.001104895956814289,0.2056097537279129,0.00011931938934139907,0.14569330215454102,0.3603874146938324,0.005533891264349222,0.5524114370346069,1.490270972251892,0.0005103177390992641,5.122741222381592,0.0007117144414223731,2.04455300263362e-05,9.085913916351274e-05,0.21323104202747345,0.27669286727905273,0.0067637707106769085,0.5410820245742798,1.4758882522583008,,,,,,,,,,,,,,
300,model.layers.7.self_attn.q_proj.weight,4096,1024,0.000244140625,0.00011194898252142593,2.595383644104004,-0.0005082546849735081,0.24998074769973755,0.0007671251660212874,0.17244687676429749,0.26744577288627625,0.007072521839290857,0.5512528419494629,1.5368527173995972,0.0002390081062912941,9.333446502685547,0.002730156295001507,3.2687883503967896e-05,0.00043631609878502786,0.25830158591270447,0.20574432611465454,0.009868855588138103,0.49765992164611816,1.5172609090805054,8.0,0.08797646313905716,0.08916865289211273,0.8449837565422058,9.519909326627385e-06,0.004743459168821573,0.1765141636133194,0.0020069550485858688,0.007882650010287762,0.008362519554793835,0.003949771635234356,0.060030754655599594,0.3290256857872009,0.31894832849502563
300,model.layers.7.self_attn.k_proj.weight,512,1024,0.0009765625,0.0009718691580928862,3.3924691677093506,-2.738474177021999e-05,0.17670686542987823,0.001869527972303331,0.1527465432882309,0.26706352829933167,0.026194768026471138,0.7013084292411804,1.3240079879760742,0.0013319052523002028,8.394598960876465,-0.005728585179895163,1.1592050213948824e-05,0.0021977482829242945,0.26750028133392334,0.19610267877578735,0.020444851368665695,0.5084028840065002,1.3388327360153198,,,,,,,,,,,,,,
300,model.layers.7.self_attn.v_proj.weight,512,1024,0.0009765625,0.0008810643339529634,1.8754942417144775,0.0012713996693491936,0.3465833365917206,0.0003000074648298323,0.12858368456363678,0.25188133120536804,0.002661782316863537,0.7457444071769714,1.470598578453064,0.001001484808512032,5.364758014678955,-0.000541561865247786,1.1766341231123079e-05,0.0003366555611137301,0.18113529682159424,0.22848309576511383,0.006237099878489971,0.6722795963287354,1.4527276754379272,,,,,,,,,,,,,,
300,model.layers.7.self_attn.o_proj.weight,1024,2048,0.00048828125,0.0002339066268177703,2.03719162940979,0.00039745066897012293,0.5651605725288391,5.1150142098776996e-05,0.13821493089199066,0.36942732334136963,0.019970286637544632,0.5441621541976929,1.421287178993225,0.00035084746195934713,4.864495277404785,-0.00026332648121751845,2.3320873879129067e-05,0.00011362958321115002,0.18723176419734955,0.29619958996772766,0.01760469749569893,0.4764972925186157,1.4116096496582031,,,,,,,,,,,,,,
300,model.layers.15.self_attn.q_proj.weight,4096,1024,0.000244140625,0.00013431100524030626,3.175104856491089,-9.154689178103581e-05,0.26805731654167175,0.00015240904758684337,0.24917209148406982,0.20672288537025452,0.0031100346241146326,0.4155561923980713,1.5436146259307861,0.00023494380002375692,9.500349998474121,0.0005924663273617625,3.138041211059317e-05,0.0004025863599963486,0.2526934742927551,0.22089716792106628,0.012977338396012783,0.45581817626953125,1.50481379032135,8.0,0.0752958431839943,0.07772023975849152,0.8407929539680481,2.5561525944794994e-06,0.0015165026998147368,0.2009580135345459,0.0016855575626682176,-0.0030384710989892483,0.0007808246300555766,0.0070590185932815075,0.052219290286302567,,
300,model.layers.15.self_attn.k_proj.weight,512,1024,0.0009765625,0.0009917584247887135,3.3292088508605957,-1.2858787158620544e-05,0.2538292109966278,0.00032948132138699293,0.23742598295211792,0.25282418727874756,0.005654110573232174,0.5543572306632996,1.418749451637268,0.000978908035904169,7.755306243896484,-0.0002277250459883362,1.1406081284803804e-05,0.00010769900109153241,0.2765986919403076,0.2180442363023758,0.009375822730362415,0.478224515914917,1.4039949178695679,,,,,,,,,,,,,,
300,model.layers.15.self_attn.v_proj.weight,512,1024,0.0009765625,0.0009526513167656958,2.1102378368377686,-0.0006716692005284131,0.23044952750205994,0.00019462761702015996,0.19823014736175537,0.26699450612068176,0.00368441641330719,0.635785698890686,1.4446924924850464,0.001193692209199071,5.468925476074219,0.001518883160315454,1.1198927495570388e-05,0.0006488208891823888,0.20161551237106323,0.2376529574394226,0.006192273460328579,0.6140979528427124,1.4355342388153076,,,,,,,,,,,,,0.30810120701789856,0.31524044275283813
300,model.layers.15.self_attn.o_proj.weight,1024,2048,0.00048828125,0.0003751610347535461,1.734255313873291,-0.00023032167518977076,0.4048388600349426,2.9537455702666193e-05,0.08772964775562286,0.47268226742744446,0.014440127648413181,0.596949577331543,1.4325443506240845,0.00040511952829547226,5.128453254699707,0.0006783318240195513,2.257595770061016e-05,8.973538206191733e-05,0.19810959696769714,0.29421958327293396,0.018144937232136726,0.5193706154823303,1.3992588520050049,,,,,,,,,,,,,,
300,model.layers.19.self_attn.q_proj.weight,4096,1024,0.000244140625,0.0001624657161301002,3.026780843734741,0.0009412051877006888,0.13866572082042694,0.0003329941537231207,0.2184898406267166,0.23362070322036743,0.00693021435290575,0.435280442237854,1.5315841436386108,0.00025873584672808647,8.487239837646484,-0.001228228327818215,3.117675078101456e-05,0.0006219743518158793,0.24758802354335785,0.2269795835018158,0.020146770402789116,0.45574256777763367,1.4884302616119385,8.0,0.0664694532752037,0.07411970943212509,0.830197811126709,1.0163842034671688e-06,0.00045932605280540884,0.0837201327085495,0.0022127728163021374,-0.0015272274613380432,0.0012921813176944852,0.007810106500983238,0.07050760835409164,,
300,model.layers.19.self_attn.k_proj.weight,512,1024,0.0009765625,0.0010736476397141814,3.6018874645233154,-4.411659801917267e-07,0.14188237488269806,0.0010740465950220823,0.24245183169841766,0.21932369470596313,0.013740369118750095,0.5761803388595581,1.3367767333984375,0.0009425378520973027,9.829157829284668,0.002140371361747384,1.1210508091608062e-05,0.0015637315809726715,0.2771904468536377,0.20428119599819183,0.02119535021483898,0.4570266902446747,1.3221527338027954,,,,,,,,,,,,,,
300,model.layers.19.self_attn.v_proj.weight,512,1024,0.0009765625,0.0006802906864322722,1.4726979732513428,-0.0007927702972665429,0.12745054066181183,0.001483469270169735,0.12762369215488434,0.2735755443572998,0.007324710488319397,0.7013817429542542,1.415592074394226,0.0009529466624371707,4.420811176300049,0.00118730787653476,1.0988581379933748e-05,0.0004581803223118186,0.19028067588806152,0.28599032759666443,0.008709932677447796,0.6268269419670105,1.4137561321258545,,,,,,,,,,,,,,
300,model.layers.19.self_attn.o_proj.weight,1024,2048,0.00048828125,0.0005805863183923066,1.4259852170944214,-0.0002631227544043213,0.22965192794799805,9.957586007658392e-05,0.06045570224523544,0.5078238248825073,0.01617315225303173,0.6161287426948547,1.4621797800064087,0.00042501927237026393,6.038383960723877,0.0005240094615146518,2.2123262169770896e-05,0.00010265463060932234,0.18614868819713593,0.31060072779655457,0.012265211902558804,0.5760418176651001,1.4525656700134277,,,,,,,,,,,,,,
300,model.layers.1.mlp.gate_proj.weight,3584,1024,0.00027901785714285713,0.0005081887939013541,2.980870246887207,0.0010447324020788074,0.2659938335418701,0.00035881216172128916,0.1801898330450058,0.3045012652873993,0.008792203851044178,0.532067060470581,1.5155720710754395,0.0002720785851124674,9.092625617980957,-0.0010750050423666835,3.3584256016183645e-05,0.00018895443645305932,0.2600146234035492,0.22376686334609985,0.009314951486885548,0.5005238056182861,1.5148277282714844,,,,,,,,,,,,,0.3825625777244568,0.3725922107696533
300,model.layers.1.mlp.up_proj.weight,3584,1024,0.00027901785714285713,0.00023900280939415097,2.8132801055908203,0.0006619950290769339,0.4369794726371765,0.0002114211965817958,0.16489320993423462,0.32343658804893494,0.0092744380235672,0.5074679255485535,1.512862205505371,0.0003004580794367939,8.482989311218262,-0.0008222216856665909,3.346178709762171e-05,0.00014426663983613253,0.25551432371139526,0.22994957864284515,0.009622016921639442,0.5064016580581665,1.5057343244552612,,,,,,,,,,,,,,
300,model.layers.1.mlp.down_proj.weight,1024,3584,0.00027901785714285713,0.00028849233058281243,4.782403469085693,0.0006703564431518316,0.43102869391441345,0.0010281868744641542,0.1905517876148224,0.2810302972793579,0.01509079523384571,0.538133978843689,1.4133676290512085,0.0002904935390688479,9.522310256958008,-0.0006401593564078212,3.337412272230722e-05,0.000514477607794106,0.2399321347475052,0.24397145211696625,0.01404534000903368,0.4922870099544525,1.4352458715438843,8.0,0.11914839595556259,0.1127455085515976,0.8457795977592468,7.507139525841922e-05,0.07228785753250122,1.2051219940185547,0.0010385062971975134,0.02464354783296585,0.024095814675092697,-0.014532756991684437,0.040996234863996506,,
300,model.layers.12.mlp.gate_proj.weight,3584,1024,0.00027901785714285713,0.00022149691358208656,2.6618006229400635,-0.000991522683762014,0.2637837827205658,0.0009807058377191424,0.18888510763645172,0.23501935601234436,0.007163261529058218,0.5603422522544861,1.5259504318237305,0.0003089560486841947,6.780447959899902,-8.335177699336782e-05,2.9890476071159355e-05,0.00043417589040473104,0.25419846177101135,0.214966282248497,0.009476942010223866,0.5051506161689758,1.5151859521865845,,,,,,,,,,,,,,
300,model.layers.12.mlp.up_proj.weight,3584,1024,0.00027901785714285713,0.0003017752314917743,2.3278894424438477,-0.0009709047735668719,0.4589681625366211,0.00047684923629276454,0.20677658915519714,0.2532632052898407,0.007541041821241379,0.5375493764877319,1.5161113739013672,0.0003101432230323553,6.0918755531311035,3.0447152312262915e-05,3.0125927878543735e-05,0.0005616939743049443,0.26076605916023254,0.2107352465391159,0.010873411782085896,0.5020186901092529,1.510758399963379,,,,,,,,,,,,,,
300,model.layers.12.mlp.down_proj.weight,1024,3584,0.00027901785714285713,0.0002728597028180957,5.27754545211792,-0.0010724037420004606,0.4288505017757416,0.00016553944442421198,0.19002623856067657,0.3025537431240082,0.023181501775979996,0.5527962446212769,1.4150997400283813,0.000272627774393186,6.536839485168457,-4.948871355736628e-05,3.0297769626486115e-05,0.00022618952789343894,0.23511670529842377,0.24689051508903503,0.027080435305833817,0.4820626378059387,1.389114499092102,8.0,0.08110886067152023,0.07714512944221497,0.8743915557861328,1.8493512470740825e-05,0.01835436001420021,1.1312609910964966,0.001007581438766209,0.0036845062859356403,0.0033393523190170527,0.013188125565648079,0.032347422093153,,
300,model.layers.22.mlp.gate_proj.weight,3584,1024,0.00027901785714285713,0.00024111317179631442,3.0263705253601074,-0.0008378620259463787,0.08877412229776382,0.001483836560510099,0.17394764721393585,0.2599166929721832,0.009647294878959656,0.5650807023048401,1.5167077779769897,0.0002991705550812185,8.81692886352539,0.001054605352692306,2.792494160530623e-05,0.0006208156701177359,0.23238936066627502,0.23004941642284393,0.009903310798108578,0.5041370987892151,1.5138157606124878,,,,,,,,,,,,,0.2744215726852417,0.2855302393436432
300,model.layers.22.mlp.up_proj.weight,3584,1024,0.00027901785714285713,0.00026937591610476375,3.0753815174102783,-0.0006519861635752022,0.19594694674015045,0.00036146704223938286,0.17688575387001038,0.2960622012615204,0.008890043012797832,0.5735805630683899,1.51626455783844,0.0002997542324010283,7.801506996154785,-0.000815915351267904,2.8379658033372834e-05,0.0006814416847191751,0.2238462120294571,0.2471691220998764,0.01217020396143198,0.5055215954780579,1.501504898071289,,,,,,,,,,,,,,
300,model.layers.22.mlp.down_proj.weight,1024,3584,0.00027901785714285713,0.00037707542651332915,2.3870432376861572,-0.0007000646437518299,0.2003503143787384,0.0006092935800552368,0.09917279332876205,0.41248050332069397,0.015418645925819874,0.5624500513076782,1.461787462234497,0.00030777929350733757,6.99885368347168,-0.0006997536984272301,2.859225423890166e-05,0.000485357828438282,0.20206546783447266,0.28304576873779297,0.013151044026017189,0.551074743270874,1.4503058195114136,8.0,0.07422182708978653,0.08310280740261078,0.8085916638374329,8.38997948449105e-06,0.006403079256415367,0.3606887459754944,0.0013103038629554632,0.0012663885718211532,0.0029693846590816975,-0.004899029619991779,0.09770600497722626,,
300,model.layers.1.linear_attn.in_proj_qkv.weight,6144,1024,0.00016276041666666666,0.00013172173930797726,2.5480458736419678,0.00017435291374567896,0.2217375487089157,0.0005088108591735363,0.18720190227031708,0.2669869363307953,0.006296906620264053,0.5157390832901001,1.5349396467208862,0.00015680480282753706,7.188039779663086,0.00022615358466282487,4.587836519931443e-05,0.00034971811692230403,0.25602373480796814,0.22183263301849365,0.009247024543583393,0.5015161633491516,1.52740478515625,8.0,0.12541227042675018,0.130636528134346,0.8216947317123413,8.757502655498683e-06,0.012247134000062943,0.15994855761528015,0.0007150654720895252,0.032694458961486816,0.035084959119558334,-0.004765318240970373,0.09004107117652893,,
300,model.layers.1.linear_attn.out_proj.weight,1024,2048,0.00048828125,0.00024438530090264976,1.3538988828659058,-0.00038903194945305586,0.5128793120384216,0.00021349938469938934,0.1223849505186081,0.38338416814804077,0.008343588560819626,0.5375897288322449,1.4454030990600586,0.0005290050758048892,8.081984519958496,0.00036675811861641705,2.5791934604058042e-05,0.00021538694272749126,0.24515557289123535,0.23802509903907776,0.012502302415668964,0.5035658478736877,1.4480619430541992,,,,,,,,,,,,,,
300,model.layers.12.linear_attn.in_proj_qkv.weight,6144,1024,0.00016276041666666666,5.460449756355956e-05,1.997094750404358,0.000127499908558093,0.26326367259025574,0.00042585525079630315,0.156664177775383,0.25201860070228577,0.0027619863394647837,0.6024619340896606,1.5529108047485352,0.00013126757403369993,7.688479423522949,0.0005790561554022133,3.9882892451714724e-05,0.000332410738337785,0.25252076983451843,0.21773159503936768,0.008115096017718315,0.5036237835884094,1.5354689359664917,8.0,0.08634340763092041,0.09208149462938309,0.8366300463676453,3.3091189379774733e-06,0.005672330502420664,0.1200762689113617,0.000583379077887882,0.010377787984907627,0.01107830461114645,0.008449266664683819,0.11456949263811111,,
300,model.layers.12.linear_attn.out_proj.weight,1024,2048,0.00048828125,0.0003218808560632169,2.1842143535614014,-9.646530088502914e-05,0.37525343894958496,7.055899186525494e-05,0.15371058881282806,0.3433811068534851,0.022942213341593742,0.5325046181678772,1.4416612386703491,0.0004554950864985585,4.848740577697754,0.00022834521951153874,2.2718370018992573e-05,0.0001088817953132093,0.22998124361038208,0.2567140460014343,0.02082815393805504,0.5023079514503479,1.4037805795669556,,,,,,,,,,,,,,
300,model.layers.21.linear_attn.in_proj_qkv.weight,6144,1024,0.00016276041666666666,0.00010056312021333724,2.9531311988830566,-0.00011008656292688102,0.06721676886081696,0.0008705868385732174,0.169938862323761,0.2547246217727661,0.005879952106624842,0.583611011505127,1.5437098741531372,0.00015114231791812927,9.68204116821289,0.000375627598259598,3.749103416339494e-05,0.0008221328025683761,0.23838135600090027,0.2297496199607849,0.011233655735850334,0.49483004212379456,1.5298120975494385,8.0,0.08157684653997421,0.07388483732938766,0.8460617065429688,2.746002394360403e-07,1.4355739040183835e-05,0.011972250416874886,0.019128255164529925,0.0009879600256681442,-0.0004323511675465852,0.00097733607981354,0.05379389598965645,,
300,model.layers.21.linear_attn.out_proj.weight,1024,2048,0.00048828125,0.00041656909161247313,2.68330454826355,-0.0002815608459059149,0.12072887271642685,0.0001429691765224561,0.13896217942237854,0.37111878395080566,0.0076319389045238495,0.5611066222190857,1.4817270040512085,0.0005336814792826772,4.8424763679504395,0.0003904679324477911,2.1789504899061285e-05,0.00016704396693967283,0.20954608917236328,0.280233770608902,0.008807320147752762,0.5468226075172424,1.4742120504379272,,,,,,,,,,,,,,
