step,matrix,m,n,r_null,G_r_spectrum,G_stable_rank_G,G_alignment_GW,G_G_fro,G_energy_top,G_energy_mid,G_energy_tail,G_energy_top_rows,G_energy_tail_rows,G_pangle_Gtop_Wtop_mean,H_r_spectrum,H_stable_rank_G,H_alignment_GW,H_G_fro,H_energy_top,H_energy_mid,H_energy_tail,H_energy_top_rows,H_energy_tail_rows,H_pangle_Gtop_Wtop_mean,snr_diag_median,snr_offdiag_median,spearman_absC_snr,rho_sigma_absmed,rho_frame_absmed
25,model.layers.7.self_attn.q_proj.weight,4096,1024,0.000244140625,0.00015734942280687392,2.8145573139190674,-0.0010271568316966295,0.17839759588241577,0.0008037902298383415,0.180289626121521,0.25938934087753296,0.007980981841683388,0.5218139886856079,1.5322896242141724,0.00020530946494545788,246.35946655273438,2.4759725647527375e-07,0.00018945943156722933,6.991634290898219e-05,0.22440864145755768,0.2677924633026123,0.008712717331945896,0.524092435836792,1.530802607536316,0.09582110494375229,0.09975922852754593,0.7960063219070435,0.1961679905653,0.1985970139503479
25,model.layers.7.self_attn.k_proj.weight,512,1024,0.0009765625,0.0008596975822001696,3.369354248046875,2.1552632460952736e-05,0.127508744597435,0.0005288068205118179,0.14734825491905212,0.25927335023880005,0.027271930128335953,0.7171131372451782,1.3471460342407227,0.000978469499386847,99.67427825927734,1.575228088768199e-05,7.711689977440983e-05,6.184486846905202e-05,0.21106933057308197,0.2764257788658142,0.009393650107085705,0.549935519695282,1.4293407201766968,,,,,
25,model.layers.7.self_attn.v_proj.weight,512,1024,0.0009765625,0.0008559242123737931,1.8359253406524658,0.00017422462406102568,0.26555177569389343,0.00018828838074114174,0.1376681625843048,0.2564351260662079,0.00272248312830925,0.7328435778617859,1.4772614240646362,0.0009495090343989432,71.43797302246094,1.5337580407503992e-05,7.947641279315576e-05,8.264239295385778e-05,0.22697585821151733,0.2563706338405609,0.009125781245529652,0.5216992497444153,1.4516197443008423,,,,,
25,model.layers.7.self_attn.o_proj.weight,1024,2048,0.00048828125,0.00024527296773158014,2.2152347564697266,5.9975449403282255e-05,0.41925469040870667,3.800965714617632e-05,0.14951711893081665,0.3460906147956848,0.012166881002485752,0.5067669749259949,1.4211498498916626,0.0004407023952808231,79.71361541748047,-4.786228146258509e-06,0.0001634769287193194,5.092424544272944e-05,0.18441610038280487,0.31123191118240356,0.00684000737965107,0.6060771942138672,1.5194529294967651,,,,,
25,model.layers.15.self_attn.q_proj.weight,4096,1024,0.000244140625,0.00013050358393229544,3.7025318145751953,-6.296337960520759e-05,0.2060190886259079,0.0003589447005651891,0.2105519026517868,0.23932720720767975,0.004089398309588432,0.44514307379722595,1.5490156412124634,0.00021764700068160892,227.4134979248047,7.395864940917818e-06,0.0001754773111315444,7.066512625897303e-05,0.22133156657218933,0.2693098783493042,0.00813362654298544,0.5058433413505554,1.5277233123779297,0.09201706945896149,0.0929083600640297,0.7882190942764282,,
25,model.layers.15.self_attn.k_proj.weight,512,1024,0.0009765625,0.0011874992633238435,5.8240275382995605,1.9387804059078917e-05,0.16286124289035797,6.553482671733946e-05,0.2712962031364441,0.22688435018062592,0.003689439967274666,0.5309240221977234,1.4597610235214233,0.000856696511618793,73.1419906616211,2.8185020710225217e-05,7.320715667447075e-05,6.14227174082771e-05,0.20036812126636505,0.2914884686470032,0.0068434919230639935,0.5789303183555603,1.4752676486968994,,,,,
25,model.layers.15.self_attn.v_proj.weight,512,1024,0.0009765625,0.0009104037890210748,1.8936830759048462,-0.0011288902023807168,0.15851019322872162,0.000239356784732081,0.16925983130931854,0.2768004834651947,0.005998796317726374,0.6788941621780396,1.451522707939148,0.0009296849020756781,54.42405319213867,4.82932500744937e-06,6.408736953744665e-05,0.00010243932774756104,0.226852685213089,0.26149946451187134,0.007349185645580292,0.5171156525611877,1.4474533796310425,,,,0.24646970629692078,0.2426198273897171
25,model.layers.15.self_attn.o_proj.weight,1024,2048,0.00048828125,0.000466268538730219,1.9512932300567627,-0.00036145735066384077,0.29259300231933594,2.2096104657975957e-05,0.08945147693157196,0.47547438740730286,0.007800620514899492,0.6015046834945679,1.4507917165756226,0.00044681879808194935,64.41806030273438,2.160412805096712e-05,0.00013599735393654555,7.211949559859931e-05,0.19739435613155365,0.29793742299079895,0.00848512165248394,0.5729374289512634,1.4883874654769897,,,,,
25,model.layers.19.self_attn.q_proj.weight,4096,1024,0.000244140625,0.00016558558854740113,3.1930840015411377,0.001099444692954421,0.1133173257112503,0.0005477354861795902,0.2235036939382553,0.2328270971775055,0.008720364421606064,0.4328277111053467,1.5263751745224,0.00022465834626927972,236.62417602539062,-9.98833115772868e-07,0.00017385714454576373,7.19155214028433e-05,0.2202121913433075,0.2718554139137268,0.008613171055912971,0.5153698921203613,1.5230238437652588,0.09039954841136932,0.09275468438863754,0.7769734263420105,,
25,model.layers.19.self_attn.k_proj.weight,512,1024,0.0009765625,0.0011047719744965434,3.7306628227233887,-8.901160072127823e-06,0.11519747972488403,0.00026343908393755555,0.2523559629917145,0.2185768485069275,0.012946364469826221,0.560499906539917,1.3632348775863647,0.000987056759186089,82.34339141845703,-1.2649154086830094e-05,7.398289744742215e-05,0.00010094828758155927,0.20409917831420898,0.28663188219070435,0.007894511334598064,0.566103994846344,1.4695590734481812,,,,,
25,model.layers.19.self_attn.v_proj.weight,512,1024,0.0009765625,0.0008830925216898322,1.632365107536316,-0.0033851750195026398,0.09028127789497375,0.003532211296260357,0.12242741882801056,0.27666518092155457,0.011166291311383247,0.7149410247802734,1.430907130241394,0.001041972078382969,70.54302978515625,2.439466697978787e-05,5.560414138017222e-05,8.205437188735232e-05,0.20822782814502716,0.28492358326911926,0.011233984492719173,0.5289154648780823,1.3929367065429688,,,,,
25,model.layers.19.self_attn.o_proj.weight,1024,2048,0.00048828125,0.0006544798379763961,1.4207161664962769,-0.0009943002369254827,0.18337473273277283,6.913944525877014e-05,0.05458822101354599,0.5500960350036621,0.006357615347951651,0.6434202790260315,1.4699764251708984,0.0004626587324310094,115.82929992675781,1.779948070179671e-05,0.0001143470944953151,7.223935972433537e-05,0.21030977368354797,0.28057554364204407,0.008891984820365906,0.532077431678772,1.4739048480987549,,,,,
25,model.layers.1.mlp.gate_proj.weight,3584,1024,0.00027901785714285713,0.00039312426815740764,3.0977683067321777,0.0010680147679522634,0.16172772645950317,0.00020214002870488912,0.1772013157606125,0.31313177943229675,0.007346895057708025,0.5416231155395508,1.5162330865859985,0.000278210558462888,249.1339111328125,1.2465269719541539e-05,0.00018899973656516522,8.784707461018115e-05,0.2331131249666214,0.2570239305496216,0.009204162284731865,0.5124638080596924,1.5169652700424194,,,,0.22604747116565704,0.22306764125823975
25,model.layers.1.mlp.up_proj.weight,3584,1024,0.00027901785714285713,0.000212830476812087,2.8339929580688477,0.0006193288136273623,0.26876217126846313,0.00014966019080020487,0.1616605967283249,0.3318001627922058,0.008224432356655598,0.5129764676094055,1.5147207975387573,0.0002944629522971809,143.63893127441406,1.2918351330881706e-06,0.00023347917885985225,0.00010351872333558276,0.2322794497013092,0.2571639120578766,0.00987964402884245,0.5028442740440369,1.5109742879867554,,,,,
25,model.layers.1.mlp.down_proj.weight,1024,3584,0.00027901785714285713,0.00027599214809015393,5.45313835144043,0.0006150456028990448,0.2661548852920532,0.0010197111405432224,0.1835242062807083,0.2911849319934845,0.013634350150823593,0.561980664730072,1.4279645681381226,0.00029947853181511164,214.9243621826172,5.531359420274384e-05,0.0002382524689892307,8.408310532104224e-05,0.22305768728256226,0.2663750946521759,0.008723624050617218,0.5282860994338989,1.4727528095245361,0.10635139048099518,0.1174241378903389,0.7758417129516602,,
25,model.layers.12.mlp.gate_proj.weight,3584,1024,0.00027901785714285713,0.000194377193110995,3.097693920135498,-8.356379112228751e-05,0.20972208678722382,0.0007382796029560268,0.18290013074874878,0.2489633411169052,0.005837755277752876,0.5771210789680481,1.5326131582260132,0.0002690552792046219,184.17495727539062,-3.24041752719495e-06,0.0001931854640133679,8.506116137141362e-05,0.21785113215446472,0.2741565406322479,0.00805353932082653,0.5372670292854309,1.5253511667251587,,,,,
25,model.layers.12.mlp.up_proj.weight,3584,1024,0.00027901785714285713,0.0002763367956504226,3.0534024238586426,0.0002561598375905305,0.33426225185394287,0.00030966114718466997,0.21684594452381134,0.2556587755680084,0.006926494650542736,0.5141110420227051,1.5156443119049072,0.0002631736861076206,158.50694274902344,4.808336598216556e-05,0.0002154016401618719,8.7637898104731e-05,0.22369539737701416,0.26561668515205383,0.009718310087919235,0.5058544278144836,1.5083808898925781,,,,,
25,model.layers.12.mlp.down_proj.weight,1024,3584,0.00027901785714285713,0.00025070711853913963,6.223175525665283,0.0002648296067491174,0.3266364336013794,0.00014485177234746516,0.2104795128107071,0.2783893644809723,0.020152943208813667,0.5047232508659363,1.3898279666900635,0.00026754074497148395,123.76326751708984,5.654672713717446e-05,0.00023600827262271196,8.796464680926874e-05,0.19436118006706238,0.2948187589645386,0.008090009912848473,0.585342526435852,1.5179734230041504,0.09777174890041351,0.09633991867303848,0.8011353015899658,,
25,model.layers.22.mlp.gate_proj.weight,3584,1024,0.00027901785714285713,0.00029199713026173413,3.2283363342285156,-0.0003144195070490241,0.08427472412586212,0.0018991827964782715,0.1804000586271286,0.2534080445766449,0.010663950815796852,0.5577329993247986,1.5211023092269897,0.0002505791198927909,236.7476348876953,1.9039171093027107e-06,0.0001452277065254748,6.521492468891665e-05,0.22428816556930542,0.26718777418136597,0.009220145642757416,0.5303027629852295,1.5282645225524902,,,,0.241983562707901,0.24311038851737976
25,model.layers.22.mlp.up_proj.weight,3584,1024,0.00027901785714285713,0.00044110859744250774,2.9553396701812744,-5.657855945173651e-05,0.18810035288333893,0.001598770497366786,0.1777493804693222,0.28581809997558594,0.017562860623002052,0.5654528737068176,1.5064496994018555,0.0002821139059960842,193.94097900390625,2.6144938601646572e-05,0.00018175889272242785,0.00011145281314384192,0.2339070737361908,0.25519344210624695,0.009730866178870201,0.5059463381767273,1.5111004114151,,,,,
25,model.layers.22.mlp.down_proj.weight,1024,3584,0.00027901785714285713,0.000408036052249372,2.9417529106140137,-6.859879067633301e-05,0.16914771497249603,0.0004032703291159123,0.10726085305213928,0.4185388386249542,0.010236690752208233,0.5799999237060547,1.4533356428146362,0.00029046976123936474,141.29698181152344,2.128841879311949e-05,0.00019744745804928243,7.14783527655527e-05,0.2244703620672226,0.26649630069732666,0.008604923263192177,0.5228115320205688,1.478835940361023,0.09965869039297104,0.09034130722284317,0.7685533761978149,,
25,model.layers.1.linear_attn.in_proj_qkv.weight,6144,1024,0.00016276041666666666,0.00010059805208584294,2.5096802711486816,-0.00015171102131716907,0.13688547909259796,0.0004015935119241476,0.18390728533267975,0.26355040073394775,0.0061163268983364105,0.5128373503684998,1.5368484258651733,0.00015399279072880745,216.62893676757812,1.836295450630132e-05,0.00023926779977045953,5.824049731018022e-05,0.23058202862739563,0.2616584897041321,0.007120291702449322,0.5181822180747986,1.5376317501068115,0.10763493180274963,0.11376131325960159,0.7526247501373291,,
25,model.layers.1.linear_attn.out_proj.weight,1024,2048,0.00048828125,0.00023220988805405796,1.3804526329040527,-0.00047568409354425967,0.32482030987739563,0.00032794621074572206,0.11931133270263672,0.3734413981437683,0.013703940436244011,0.5285714268684387,1.4304841756820679,0.00043014046968892217,129.4805450439453,2.232931183243636e-05,0.00015602438361383975,7.003568316577002e-05,0.21550174057483673,0.276908278465271,0.008409800007939339,0.5405616164207458,1.4765214920043945,,,,,
25,model.layers.12.linear_attn.in_proj_qkv.weight,6144,1024,0.00016276041666666666,6.352885975502431e-05,2.7196602821350098,-1.1835568329843227e-05,0.19616776704788208,0.0003014348621945828,0.1579563468694687,0.26019564270973206,0.00285597937181592,0.6030466556549072,1.552730917930603,0.00014610552170779556,178.14163208007812,1.8216989701613784e-05,0.00021163497876841575,6.172451685415581e-05,0.21079736948013306,0.2808392345905304,0.006943040527403355,0.537429928779602,1.5406980514526367,0.0989016517996788,0.10087253153324127,0.7599725723266602,,
25,model.layers.12.linear_attn.out_proj.weight,1024,2048,0.00048828125,0.0002963441947940737,2.5436553955078125,8.980121492641047e-05,0.275968074798584,2.5995506803155877e-05,0.16496963798999786,0.3325877785682678,0.01169754471629858,0.5187632441520691,1.4205200672149658,0.00042243540519848466,68.61932373046875,1.4935244507796597e-05,0.0001632699422771111,5.502550629898906e-05,0.18728764355182648,0.30827221274375916,0.007376722525805235,0.5948363542556763,1.4977500438690186,,,,,
25,model.layers.21.linear_attn.in_proj_qkv.weight,6144,1024,0.00016276041666666666,0.00010421269689686596,3.661203384399414,4.565044218907133e-05,0.05609728395938873,0.0006077386206015944,0.17819097638130188,0.2556163966655731,0.005234600510448217,0.5851473212242126,1.5454816818237305,0.00014448730507865548,297.2231140136719,1.5022160368971527e-05,0.00017364983796142042,7.958797505125403e-05,0.22470250725746155,0.26578059792518616,0.007551544811576605,0.5330474376678467,1.5419780015945435,0.09630674868822098,0.09347675740718842,0.7785017490386963,,
25,model.layers.21.linear_attn.out_proj.weight,1024,2048,0.00048828125,0.000404040067223832,3.065239667892456,0.0005834393668919802,0.10467218607664108,3.627947808126919e-05,0.14959503710269928,0.35700857639312744,0.005485082045197487,0.5492278933525085,1.4721362590789795,0.00043348490726202726,83.80552673339844,2.1143890990060754e-05,0.00014257911243475974,6.751693581463769e-05,0.2148238569498062,0.2784770727157593,0.008670411072671413,0.5234134793281555,1.4739197492599487,,,,,
50,model.layers.7.self_attn.q_proj.weight,4096,1024,0.000244140625,0.0001056550900102593,2.1802988052368164,-0.0004487890691962093,0.23020429909229279,0.0008524034055881202,0.17130598425865173,0.27277401089668274,0.00850204098969698,0.5397703647613525,1.534589409828186,0.00019499789050314575,240.57223510742188,1.6021116607589647e-05,0.00016664501163177192,6.580752960871905e-05,0.22268369793891907,0.2698347568511963,0.008662198670208454,0.5265607833862305,1.5281403064727783,0.08760674297809601,0.08249697834253311,0.8494516611099243,0.3228902518749237,0.3282570540904999
50,model.layers.7.self_attn.k_proj.weight,512,1024,0.0009765625,0.0009807450696825981,2.1992926597595215,2.8801018743251916e-06,0.16987386345863342,0.0007336805574595928,0.13570132851600647,0.26550665497779846,0.02030721679329872,0.7395985126495361,1.3270224332809448,0.0008807468693703413,101.19475555419922,4.2625590140232816e-05,6.684840627713129e-05,7.180317334132269e-05,0.21101851761341095,0.2756931185722351,0.009574173018336296,0.5497130751609802,1.4031982421875,,,,,
50,model.layers.7.self_attn.v_proj.weight,512,1024,0.0009765625,0.0009271684684790671,2.0526506900787354,0.0005817183409817517,0.2855728566646576,0.0004249021294526756,0.1403643637895584,0.2522215247154236,0.004101709928363562,0.725011944770813,1.472161054611206,0.0007924325182102621,71.16363525390625,2.702323217818048e-05,6.899689469719306e-05,0.00015431684732902795,0.23392127454280853,0.2533871531486511,0.008550504222512245,0.515182375907898,1.4427365064620972,,,,,
50,model.layers.7.self_attn.o_proj.weight,1024,2048,0.00048828125,0.0002288846008013934,2.222978353500366,0.000181626106495969,0.46926775574684143,6.57825221423991e-05,0.13900095224380493,0.3667488098144531,0.022663937881588936,0.5405663251876831,1.417141318321228,0.00048574391985312104,67.98153686523438,1.8714974430622533e-05,0.0001417567691532895,5.5867378250695765e-05,0.17937511205673218,0.31563007831573486,0.0070917122066020966,0.6137893795967102,1.5287827253341675,,,,,
50,model.layers.15.self_attn.q_proj.weight,4096,1024,0.000244140625,0.00012759878882206976,3.0790979862213135,9.167661482933909e-05,0.22661811113357544,0.00017320607730653137,0.21232284605503082,0.23780371248722076,0.0035582224372774363,0.44822627305984497,1.545454978942871,0.00020187417976558208,223.87710571289062,3.6044557418790646e-06,0.0001566629798617214,6.16594625171274e-05,0.22207576036453247,0.2689565420150757,0.007665925659239292,0.5063328742980957,1.5311319828033447,0.07548004388809204,0.07542721927165985,0.8756223320960999,,
50,model.layers.15.self_attn.k_proj.weight,512,1024,0.0009765625,0.0008387169218622148,4.613463401794434,1.0488955922483001e-05,0.19230437278747559,4.719692515209317e-05,0.24812471866607666,0.23843753337860107,0.003916968125849962,0.5563226342201233,1.465946078300476,0.0009474471444264054,79.91460418701172,-7.599242962896824e-06,7.06624923623167e-05,7.487115362891927e-05,0.19480393826961517,0.2978237569332123,0.007127061020582914,0.5875511765480042,1.4594669342041016,,,,,
50,model.layers.15.self_attn.v_proj.weight,512,1024,0.0009765625,0.0008440242963843048,2.0910353660583496,0.0004974525654688478,0.18312381207942963,0.00015755296044517308,0.17712189257144928,0.26736965775489807,0.003973268438130617,0.6646894216537476,1.4479540586471558,0.0008944754372350872,68.15908813476562,-1.317972237302456e-05,5.496393350767903e-05,0.00010720673890318722,0.22102084755897522,0.2683085501194,0.008083959110081196,0.5234089493751526,1.453825831413269,,,,0.31018534302711487,0.30963462591171265
50,model.layers.15.self_attn.o_proj.weight,1024,2048,0.00048828125,0.00035265606129541993,1.8022279739379883,0.00016207854787353426,0.3466755747795105,2.401760320935864e-05,0.08860360831022263,0.4501020312309265,0.012757624499499798,0.5752253532409668,1.4439697265625,0.00046742361155338585,89.8478775024414,3.541884507285431e-05,0.00011602752783801407,7.138997898437083e-05,0.19518455862998962,0.3004501163959503,0.008060302585363388,0.5745214819908142,1.4977731704711914,,,,,
50,model.layers.19.self_attn.q_proj.weight,4096,1024,0.000244140625,0.0001674486557021737,3.771174669265747,-2.2028239982319064e-05,0.13025332987308502,0.0003850427456200123,0.22348059713840485,0.23401230573654175,0.009203022345900536,0.4292049705982208,1.5260025262832642,0.00021606676455121487,217.2725067138672,2.6436755433678627e-05,0.00015266734408214688,8.191400411305949e-05,0.21847490966320038,0.27361100912094116,0.00823116209357977,0.5194045305252075,1.5294994115829468,0.07719750702381134,0.07355570048093796,0.8532987833023071,,
50,model.layers.19.self_attn.k_proj.weight,512,1024,0.0009765625,0.0010365183698013425,3.8328938484191895,8.023201189644169e-06,0.13334406912326813,0.0003590768901631236,0.2330537885427475,0.2332482486963272,0.011978210881352425,0.5813739895820618,1.361760139465332,0.0009694546461105347,82.4729995727539,2.047232919721864e-05,6.64448452880606e-05,7.675110100535676e-05,0.20558111369609833,0.282919704914093,0.0073644137009978294,0.5658963918685913,1.4701814651489258,,,,,
50,model.layers.19.self_attn.v_proj.weight,512,1024,0.0009765625,0.000729150720871985,1.752659559249878,-0.001211391412653029,0.10261601954698563,0.0010038644541054964,0.14609844982624054,0.2636001706123352,0.005201633088290691,0.6673678755760193,1.44558584690094,0.0008871618192642927,54.198307037353516,3.852460940834135e-05,5.015383430873044e-05,9.91181586869061e-05,0.21140031516551971,0.27772557735443115,0.009044663980603218,0.5224204659461975,1.4482501745224,,,,,
50,model.layers.19.self_attn.o_proj.weight,1024,2048,0.00048828125,0.00044562897528521717,1.4323123693466187,-0.0003607730905059725,0.20892509818077087,4.0174450987251475e-05,0.05903099104762077,0.5203729867935181,0.005667928606271744,0.6226325631141663,1.4520514011383057,0.00045026675797998905,107.19053649902344,-1.451937237106904e-06,0.00010072745499201119,7.993895997060463e-05,0.20683550834655762,0.28444138169288635,0.00860515795648098,0.5388697385787964,1.4723012447357178,,,,,
50,model.layers.1.mlp.gate_proj.weight,3584,1024,0.00027901785714285713,0.0004364090855233371,2.927950382232666,0.0003121420741081238,0.20788854360580444,0.00020245120686013252,0.17689912021160126,0.3103792667388916,0.006358122453093529,0.533897340297699,1.517327904701233,0.00027177471201866865,260.6614685058594,4.422221536515281e-06,0.00016580078226979822,8.110293128993362e-05,0.23327024281024933,0.25640904903411865,0.009594275616109371,0.5093721747398376,1.5113117694854736,,,,0.3300551772117615,0.33436083793640137
50,model.layers.1.mlp.up_proj.weight,3584,1024,0.00027901785714285713,0.00038148186285980046,2.65156888961792,0.00010137564095202833,0.34530767798423767,0.00011369083222234622,0.16264668107032776,0.31829729676246643,0.007328965235501528,0.49855777621269226,1.5141092538833618,0.0002620291488710791,158.59413146972656,4.422924394020811e-05,0.0002064959262497723,9.05790802789852e-05,0.2343844622373581,0.25648728013038635,0.009833783842623234,0.5008769035339355,1.5107303857803345,,,,,
50,model.layers.1.mlp.down_proj.weight,1024,3584,0.00027901785714285713,0.00025093986187130213,4.566033840179443,0.00010215374641120434,0.3415018320083618,0.00036247531534172595,0.1891264170408249,0.27883660793304443,0.01271338015794754,0.5420109033584595,1.4241478443145752,0.00028393094544298947,220.58685302734375,4.493119558901526e-05,0.0002099424455082044,9.774696809472516e-05,0.22235576808452606,0.2674153447151184,0.00889256689697504,0.5316721796989441,1.480767011642456,0.07878787815570831,0.08133973181247711,0.8686965703964233,,
50,model.layers.12.mlp.gate_proj.weight,3584,1024,0.00027901785714285713,0.00021666893735527992,3.0448148250579834,-0.0001866872189566493,0.23332229256629944,0.0011329149128869176,0.18145649135112762,0.2485639452934265,0.007537819445133209,0.5791401863098145,1.5290881395339966,0.0002614639524836093,176.11978149414062,2.255857725685928e-05,0.00017016814672388136,8.659887680551037e-05,0.21379175782203674,0.27955830097198486,0.007683504838496447,0.5492614507675171,1.5310920476913452,,,,,
50,model.layers.12.mlp.up_proj.weight,3584,1024,0.00027901785714285713,0.00027105919434688985,2.8436615467071533,-7.152548641897738e-05,0.3704284131526947,0.00035468715941533446,0.22241581976413727,0.2456938624382019,0.0069552999921143055,0.5069563388824463,1.5158207416534424,0.00026348073151893914,164.6815643310547,1.521388185210526e-05,0.00018904349417425692,0.00011435426131356508,0.22697538137435913,0.2611028552055359,0.009886871092021465,0.5030174851417542,1.5133007764816284,,,,,
50,model.layers.12.mlp.down_proj.weight,1024,3584,0.00027901785714285713,0.0002720369375310838,5.360691070556641,-6.628875416936353e-05,0.37689408659935,0.00013586535351350904,0.2058621644973755,0.2873985171318054,0.015702519565820694,0.5225061178207397,1.404869794845581,0.00027441553538665175,149.77735900878906,3.920904782717116e-05,0.00020154297817498446,8.138609700836241e-05,0.19777095317840576,0.2924986183643341,0.007904252037405968,0.5802343487739563,1.4957733154296875,0.0853247120976448,0.08243456482887268,0.8662102222442627,,
50,model.layers.22.mlp.gate_proj.weight,3584,1024,0.00027901785714285713,0.0002413447218714282,3.0343973636627197,0.0009185942471958697,0.08893392235040665,0.0007874108268879354,0.18339908123016357,0.25048768520355225,0.006976233795285225,0.5506166219711304,1.5246152877807617,0.00024798011872917414,245.93649291992188,-4.496793735597748e-06,0.00011965872545260936,8.55413600220345e-05,0.22466816008090973,0.26576152443885803,0.009292894043028355,0.529940128326416,1.51802659034729,,,,0.37003201246261597,0.35617920756340027
50,model.layers.22.mlp.up_proj.weight,3584,1024,0.00027901785714285713,0.00019313007942400873,2.736931800842285,-6.24127424089238e-05,0.21281489729881287,0.0007809120579622686,0.17466777563095093,0.28855711221694946,0.011410032398998737,0.5888590216636658,1.5149234533309937,0.0002903165004681796,186.30088806152344,1.730652184050996e-05,0.00015596217417623848,8.485852595185861e-05,0.23495332896709442,0.2557147145271301,0.009651285596191883,0.5030597448348999,1.5129257440567017,,,,,
50,model.layers.22.mlp.down_proj.weight,1024,3584,0.00027901785714285713,0.00033866765443235636,2.6487090587615967,-7.493049633922055e-05,0.19211024045944214,0.0001700479770079255,0.10526170581579208,0.42059558629989624,0.006670554634183645,0.5832152962684631,1.4741936922073364,0.0002670572721399367,143.2461395263672,1.985209746635519e-05,0.0001668153126956895,8.293559949379414e-05,0.22413308918476105,0.2657032907009125,0.009368892759084702,0.5232383608818054,1.4745142459869385,0.0849890261888504,0.0880049616098404,0.8211919665336609,,
50,model.layers.1.linear_attn.in_proj_qkv.weight,6144,1024,0.00016276041666666666,0.00011337371688568965,2.3469598293304443,-0.00023504080309066921,0.17651595175266266,0.001612763269804418,0.19392625987529755,0.25392597913742065,0.012762252241373062,0.5068492889404297,1.5340194702148438,0.00013882291386835277,218.4145050048828,1.8345310309086926e-05,0.00021325144916772842,8.265505312010646e-05,0.23198330402374268,0.2581120729446411,0.007360943593084812,0.5133630633354187,1.533953070640564,0.07079615443944931,0.071945920586586,0.8574119806289673,,
50,model.layers.1.linear_attn.out_proj.weight,1024,2048,0.00048828125,0.00018633947183843702,1.3624509572982788,-0.00043847065535373986,0.4083305597305298,0.0004849047982133925,0.12232029438018799,0.37137141823768616,0.01546465139836073,0.5261337757110596,1.4346868991851807,0.0004713110683951527,121.72052001953125,2.6588544642436318e-05,0.00013576260244008154,8.843866817187518e-05,0.21572308242321014,0.2766171991825104,0.00839791726320982,0.5421065092086792,1.4660528898239136,,,,,
50,model.layers.12.linear_attn.in_proj_qkv.weight,6144,1024,0.00016276041666666666,7.008872489677742e-05,2.509995937347412,0.00019031234842259437,0.21774736046791077,0.0003244838444516063,0.16282778978347778,0.253101110458374,0.002970245899632573,0.5916359424591064,1.5509589910507202,0.00015018672274891287,218.3002471923828,1.2771001820510719e-05,0.0001825230719987303,8.847466233419254e-05,0.21254973113536835,0.2812090218067169,0.0073797618970274925,0.5361136794090271,1.539838433265686,0.07702656835317612,0.07477221637964249,0.8410124778747559,,
50,model.layers.12.linear_attn.out_proj.weight,1024,2048,0.00048828125,0.00032999253016896546,2.338219404220581,-0.0001974420010810718,0.32567083835601807,3.899160219589248e-05,0.15726971626281738,0.34750235080718994,0.012505046091973782,0.5353080630302429,1.419979453086853,0.00043210730655118823,85.31128692626953,2.4011505956877954e-05,0.0001373620907543227,5.2056508138775826e-05,0.1868050992488861,0.30742010474205017,0.00768115883693099,0.5932338833808899,1.5020045042037964,,,,,
50,model.layers.21.linear_attn.in_proj_qkv.weight,6144,1024,0.00016276041666666666,0.00010041453060694039,3.516174793243408,0.0003477740101516247,0.06311219185590744,0.0005567969055846334,0.18101070821285248,0.263207346200943,0.005440854001790285,0.5863159894943237,1.5405272245407104,0.00013514913734979928,307.3036804199219,6.532162387884455e-06,0.00014063196431379765,7.304699101950973e-05,0.22832725942134857,0.261236310005188,0.008265243843197823,0.5253068208694458,1.5361483097076416,0.07958877086639404,0.07917886227369308,0.8413580060005188,,
50,model.layers.21.linear_attn.out_proj.weight,1024,2048,0.00048828125,0.0003822736907750368,3.084343671798706,0.0005615083500742912,0.11910627782344818,9.285360283683985e-05,0.14919331669807434,0.3512914180755615,0.006000429391860962,0.5379411578178406,1.474839210510254,0.00039368984289467335,82.41258239746094,8.39061067381408e-06,0.00012213480658829212,8.454151247860864e-05,0.2132997214794159,0.27849751710891724,0.008960354141891003,0.5203771591186523,1.4650973081588745,,,,,
75,model.layers.7.self_attn.q_proj.weight,4096,1024,0.000244140625,0.0001178504535346292,2.372304677963257,0.0005481169209815562,0.2470519095659256,0.0006239296053536236,0.17414730787277222,0.27172598242759705,0.0068589565344154835,0.5530131459236145,1.5355465412139893,0.00020333411521278322,229.36483764648438,9.65506933425786e-06,0.00016152199532371014,5.977164983050898e-05,0.22502143681049347,0.267845094203949,0.008644545450806618,0.522057056427002,1.5279712677001953,0.07963895052671432,0.09134938567876816,0.8112647533416748,0.23690620064735413,0.22943618893623352
75,model.layers.7.self_attn.k_proj.weight,512,1024,0.0009765625,0.0013667630264535546,3.6366307735443115,1.0947452210530173e-05,0.17352686822414398,0.0018074112012982368,0.14871659874916077,0.2506196200847626,0.023933343589305878,0.7101513743400574,1.3180086612701416,0.0008766676182858646,71.18790435791016,6.69961518724449e-05,6.58011922496371e-05,0.00013038006727583706,0.20665645599365234,0.27607104182243347,0.008201776072382927,0.5576319694519043,1.4439547061920166,,,,,
75,model.layers.7.self_attn.v_proj.weight,512,1024,0.0009765625,0.0008507848251610994,2.021001100540161,-0.0015139898750931025,0.31531110405921936,0.00025130040012300014,0.13657936453819275,0.25311851501464844,0.0029529717285186052,0.7438311576843262,1.471389651298523,0.0009553183917887509,59.555294036865234,2.998652053065598e-05,6.718871736666188e-05,9.949343075277284e-05,0.2317299246788025,0.25555136799812317,0.009162227623164654,0.5193690657615662,1.4410516023635864,,,,,
75,model.layers.7.self_attn.o_proj.weight,1024,2048,0.00048828125,0.0002267124509671703,2.1113295555114746,-0.000474908301839605,0.5383187532424927,6.578738248208538e-05,0.14586098492145538,0.3558884263038635,0.020703444257378578,0.5298118591308594,1.4335012435913086,0.000477986061014235,46.496585845947266,1.140576659963699e-05,0.0001432439312338829,4.096834527445026e-05,0.17764711380004883,0.3192704916000366,0.007100176997482777,0.6195955872535706,1.522451639175415,,,,,
75,model.layers.15.self_attn.q_proj.weight,4096,1024,0.000244140625,0.00012988287198822945,3.495208978652954,0.000319092272548005,0.24615789949893951,0.0004185866564512253,0.2117903083562851,0.24006369709968567,0.0053106313571333885,0.4498288631439209,1.5413360595703125,0.00021384026331361383,217.3434600830078,9.117883564613294e-06,0.00015555840218439698,7.488903793273494e-05,0.22377018630504608,0.26770150661468506,0.008077961392700672,0.5050216913223267,1.5276433229446411,0.09188049286603928,0.09106021374464035,0.7749434113502502,,
75,model.layers.15.self_attn.k_proj.weight,512,1024,0.0009765625,0.0009542781626805663,5.318944931030273,-3.902732714777812e-06,0.21208550035953522,0.00025674968492239714,0.2591749131679535,0.22114987671375275,0.005812665913254023,0.5362780690193176,1.4438074827194214,0.0009584641084074974,44.41868209838867,1.385350878990721e-05,6.924111221451312e-05,7.275029201991856e-05,0.1923530548810959,0.29923057556152344,0.006931764539331198,0.5921511054039001,1.487629771232605,,,,,
75,model.layers.15.self_attn.v_proj.weight,512,1024,0.0009765625,0.0008417876670137048,1.6535444259643555,-0.0009077804861590266,0.22402074933052063,0.00017609144560992718,0.1678190380334854,0.28350338339805603,0.007088777143508196,0.6870855689048767,1.4493707418441772,0.0008704468491487205,73.67848205566406,2.646113898663316e-05,5.635022898786701e-05,3.210000795661472e-05,0.22278957068920135,0.27019742131233215,0.006196723785251379,0.5293000936508179,1.4689267873764038,,,,0.25001171231269836,0.22644729912281036
75,model.layers.15.self_attn.o_proj.weight,1024,2048,0.00048828125,0.0004311507800593972,1.7690635919570923,-0.0003146653180010617,0.3865514099597931,3.316001675557345e-05,0.0949888825416565,0.4306650161743164,0.024177484214305878,0.5551990270614624,1.4376564025878906,0.00044880883069708943,92.71424865722656,3.260238008806482e-05,0.00011841169180115685,6.21670697000809e-05,0.19779634475708008,0.29703232645988464,0.008488776162266731,0.5686236619949341,1.5028923749923706,,,,,
75,model.layers.19.self_attn.q_proj.weight,4096,1024,0.000244140625,0.0001801599282771349,3.0241127014160156,0.0005815625772811472,0.15747079253196716,0.00041099032387137413,0.22881942987442017,0.21856781840324402,0.007775753270834684,0.4016665816307068,1.5295699834823608,0.00021150925022084266,202.09942626953125,2.015565542023978e-06,0.0001565676648169756,6.449467036873102e-05,0.22335577011108398,0.2682642340660095,0.007871626876294613,0.5115737915039062,1.5317561626434326,0.09871836751699448,0.09563017636537552,0.7567278146743774,,
75,model.layers.19.self_attn.k_proj.weight,512,1024,0.0009765625,0.0010589028242975473,3.7325758934020996,3.3278067803621525e-06,0.1597653478384018,0.0003714850463438779,0.24980853497982025,0.2141074240207672,0.012634540908038616,0.5644249320030212,1.3317089080810547,0.0007917251205071807,61.25359344482422,9.773408237379044e-06,6.780035619158298e-05,5.9746307670138776e-05,0.20918935537338257,0.2791388928890228,0.007914816029369831,0.5630764961242676,1.453879714012146,,,,,
75,model.layers.19.self_attn.v_proj.weight,512,1024,0.0009765625,0.0006779704708606005,1.4974417686462402,-0.0002900255494751036,0.12753373384475708,0.0003699241206049919,0.13895821571350098,0.2681726813316345,0.0033048554323613644,0.7109535336494446,1.4451402425765991,0.0009390231571160257,69.62193298339844,-1.6100867696877685e-06,5.12553597218357e-05,0.000128714760649018,0.20641547441482544,0.28621840476989746,0.009411199018359184,0.5348666310310364,1.4185978174209595,,,,,
75,model.layers.19.self_attn.o_proj.weight,1024,2048,0.00048828125,0.00048426384455524385,1.5016846656799316,-0.00011070197797380388,0.21677060425281525,8.710545080248266e-05,0.07080656290054321,0.4879027009010315,0.013368651270866394,0.6051032543182373,1.444767951965332,0.00045980894356034696,122.19708251953125,1.9712258563231444e-06,9.994694119086489e-05,8.730719127925113e-05,0.20488478243350983,0.28704559803009033,0.008863509632647038,0.5411171317100525,1.4758087396621704,,,,,
75,model.layers.1.mlp.gate_proj.weight,3584,1024,0.00027901785714285713,0.00025888392701745033,2.872020959854126,0.00016171055904123932,0.23638635873794556,0.00039806863060221076,0.17285385727882385,0.30807068943977356,0.009312378242611885,0.528236448764801,1.5159894227981567,0.00026567894383333623,273.6121826171875,3.1669162126490846e-05,0.00016085490642581135,9.978613525163382e-05,0.2329682558774948,0.2574196457862854,0.009459777735173702,0.511488139629364,1.5216988325119019,,,,0.26578739285469055,0.2534405291080475
75,model.layers.1.mlp.up_proj.weight,3584,1024,0.00027901785714285713,0.0007894606096670032,2.72651743888855,0.0002480765397194773,0.3902788758277893,0.00015097798313945532,0.1623079478740692,0.33407601714134216,0.00820519495755434,0.5163901448249817,1.5139778852462769,0.00028883517370559275,159.25257873535156,6.806916644563898e-05,0.00020010076696053147,9.414268424734473e-05,0.2321780025959015,0.2579991817474365,0.009684967808425426,0.5015963912010193,1.5127819776535034,,,,,
75,model.layers.1.mlp.down_proj.weight,1024,3584,0.00027901785714285713,0.00025161198573186994,4.8922505378723145,0.00025598041247576475,0.386546790599823,0.0007587425061501563,0.1879454255104065,0.28252315521240234,0.013931194320321083,0.5446901917457581,1.4318705797195435,0.00028513543657027185,206.70407104492188,7.776300481054932e-05,0.00020526142907328904,9.660364594310522e-05,0.21975243091583252,0.26990997791290283,0.008553308434784412,0.534853458404541,1.4752668142318726,0.0915578231215477,0.09600111842155457,0.8183977603912354,,
75,model.layers.12.mlp.gate_proj.weight,3584,1024,0.00027901785714285713,0.00023271591635420918,2.655362129211426,-0.00016475515440106392,0.27671951055526733,0.001163229811936617,0.18848541378974915,0.24362458288669586,0.008815659210085869,0.5680578947067261,1.5209442377090454,0.00023841229267418385,157.3949432373047,1.5123444427445065e-05,0.0001714636746328324,0.00012179320037830621,0.21639356017112732,0.2755083441734314,0.007888946682214737,0.5418475270271301,1.5235344171524048,,,,,
75,model.layers.12.mlp.up_proj.weight,3584,1024,0.00027901785714285713,0.00022906536469236016,2.6430838108062744,-0.0003032889508176595,0.44120898842811584,0.0005455247592180967,0.21537116169929504,0.25095605850219727,0.00918474793434143,0.5167698264122009,1.5194824934005737,0.0002632565447129309,119.14590454101562,1.3946258832220337e-06,0.00019563014211598784,0.00011218474537599832,0.2222045511007309,0.2649224102497101,0.0097868163138628,0.5025821924209595,1.5114635229110718,,,,,
75,model.layers.12.mlp.down_proj.weight,1024,3584,0.00027901785714285713,0.0002500501577742398,5.5638813972473145,-0.0003259015502408147,0.4269498288631439,0.00013796730490867049,0.20866167545318604,0.27801117300987244,0.02251780405640602,0.5076124668121338,1.4000260829925537,0.00028194382321089506,113.72323608398438,2.056365156022366e-05,0.00021042047592345625,7.495135650970042e-05,0.19985641539096832,0.29081231355667114,0.008308063261210918,0.5768565535545349,1.5042028427124023,0.09641552716493607,0.0934188961982727,0.8046227097511292,,
75,model.layers.22.mlp.gate_proj.weight,3584,1024,0.00027901785714285713,0.0002165698679164052,2.9743034839630127,-0.0027970531955361366,0.09052784740924835,0.0004515977343544364,0.1685011088848114,0.2771604657173157,0.0054980614222586155,0.5811430811882019,1.5303008556365967,0.00025414887932129204,248.14144897460938,-4.3270720198052e-06,0.0001186631343443878,0.00011063363490393385,0.2244580239057541,0.2650807499885559,0.009227403439581394,0.5318449139595032,1.5227082967758179,,,,0.2260037660598755,0.221543550491333
75,model.layers.22.mlp.up_proj.weight,3584,1024,0.00027901785714285713,0.0004062413063365966,2.924135684967041,-0.0014149976195767522,0.20515158772468567,0.0011075142538174987,0.16573697328567505,0.3058709502220154,0.01430043950676918,0.5833377838134766,1.5125683546066284,0.0002614760596770793,194.4825897216797,3.208206908311695e-05,0.00015449649072252214,0.00011271382390987128,0.23365843296051025,0.25600412487983704,0.010028969496488571,0.5058937072753906,1.5107505321502686,,,,,
75,model.layers.22.mlp.down_proj.weight,1024,3584,0.00027901785714285713,0.00037768768379464746,2.6293249130249023,-0.0015972123946994543,0.19710348546504974,0.00017062347615137696,0.10339978337287903,0.4094775915145874,0.00860325526446104,0.565910279750824,1.4460670948028564,0.00025877266307361424,135.3872833251953,2.8639084121095948e-05,0.00016662503185216337,8.71380980242975e-05,0.22086024284362793,0.2696593105792999,0.008668001741170883,0.5291107296943665,1.469103217124939,0.09863492846488953,0.09485890716314316,0.747037947177887,,
75,model.layers.1.linear_attn.in_proj_qkv.weight,6144,1024,0.00016276041666666666,0.00011433634062996134,2.303584337234497,9.579258039593697e-05,0.20930971205234528,0.001273897010833025,0.18214379251003265,0.2597767412662506,0.009969891048967838,0.5069795250892639,1.5296903848648071,0.00015108463412616402,239.57415771484375,1.8125452697859146e-05,0.00020055253116879612,5.2234998292988166e-05,0.23122058808803558,0.26049137115478516,0.006826937198638916,0.5163657665252686,1.5411592721939087,0.10278167575597763,0.09907536953687668,0.805813193321228,,
75,model.layers.1.linear_attn.out_proj.weight,1024,2048,0.00048828125,0.000830548582598567,1.3365660905838013,0.0003543534257914871,0.4746215045452118,0.0004942253581248224,0.12181684374809265,0.3822583556175232,0.015198268927633762,0.5398984551429749,1.4350937604904175,0.0004438909236341715,140.36219787597656,2.788969322864432e-05,0.00013349740765988827,9.53564522205852e-05,0.2159426361322403,0.27611976861953735,0.008788161911070347,0.5413549542427063,1.4818027019500732,,,,,
75,model.layers.12.linear_attn.in_proj_qkv.weight,6144,1024,0.00016276041666666666,6.7950262746308e-05,2.3928141593933105,-9.685070108389482e-05,0.24403448402881622,0.0005677150329574943,0.15678417682647705,0.2625352442264557,0.0037668535951524973,0.6099121570587158,1.5512349605560303,0.00013054764713160694,165.59901428222656,8.084644832706545e-06,0.00018923153402283788,7.63010248192586e-05,0.21114495396614075,0.28197556734085083,0.006970340386033058,0.5385779142379761,1.5447666645050049,0.08941356837749481,0.08907683193683624,0.7858254313468933,,
75,model.layers.12.linear_attn.out_proj.weight,1024,2048,0.00048828125,0.00030827164300717413,2.4222750663757324,-0.0003098880697507411,0.36550429463386536,5.7482702686684206e-05,0.15718881785869598,0.3458091914653778,0.018643954768776894,0.5410071611404419,1.4044413566589355,0.00046679330989718437,69.97703552246094,5.2563209465006366e-05,0.00014657767314929515,6.737645890098065e-05,0.19218866527080536,0.3013772964477539,0.007785360794514418,0.5829288363456726,1.4964287281036377,,,,,
75,model.layers.21.linear_attn.in_proj_qkv.weight,6144,1024,0.00016276041666666666,0.00012998133024666458,3.2672762870788574,0.00012640608474612236,0.06444086134433746,0.0008809617138467729,0.17987440526485443,0.25896796584129333,0.0056367795914411545,0.5730707049369812,1.543295979499817,0.0001529900182504207,296.33013916015625,4.442393219505902e-06,0.00014366302639245987,7.733841630397364e-05,0.2282586544752121,0.26254910230636597,0.007860205136239529,0.5254316329956055,1.53339684009552,0.08367694914340973,0.08543211221694946,0.8012092709541321,,
75,model.layers.21.linear_attn.out_proj.weight,1024,2048,0.00048828125,0.0003690758312586695,2.8819384574890137,0.0009150926489382982,0.11959700286388397,0.00012900997535325587,0.1419088989496231,0.36311060190200806,0.00759516004472971,0.5512037873268127,1.4609867334365845,0.0004541031375993043,85.43032836914062,1.760010673024226e-05,0.00012083830370102078,7.911822467576712e-05,0.21145868301391602,0.28186511993408203,0.008608135394752026,0.5276573300361633,1.4692758321762085,,,,,
100,model.layers.7.self_attn.q_proj.weight,4096,1024,0.000244140625,0.00010755519906524569,2.685150623321533,-0.0013245709706097841,0.2693040668964386,0.0020342478528618813,0.17053306102752686,0.26242029666900635,0.010895468294620514,0.5526296496391296,1.5366424322128296,0.00019292962679173797,214.95933532714844,9.343799320049584e-06,0.00016558155766688287,8.908825111575425e-05,0.22143611311912537,0.2715266942977905,0.00795381423085928,0.5269261002540588,1.5285383462905884,0.08198149502277374,0.07993265986442566,0.8507329821586609,0.3085102140903473,0.30843105912208557
100,model.layers.7.self_attn.k_proj.weight,512,1024,0.0009765625,0.001103985239751637,2.6612706184387207,9.18519617698621e-06,0.19798949360847473,0.0018396826926618814,0.13084153831005096,0.2853397727012634,0.017385590821504593,0.747651219367981,1.3323739767074585,0.0008992223301902413,84.63479614257812,6.291207682806998e-05,7.07603176124394e-05,0.00011790642747655511,0.20554256439208984,0.28231728076934814,0.00911379512399435,0.5607191920280457,1.4247246980667114,,,,,
100,model.layers.7.self_attn.v_proj.weight,512,1024,0.0009765625,0.0007681709248572588,1.8854055404663086,-0.00017776568711269647,0.382939875125885,0.00031522265635430813,0.1278362274169922,0.2559479773044586,0.0030583760235458612,0.7456620931625366,1.4726861715316772,0.0009400403941981494,79.89632415771484,2.358621486564516e-06,6.917331484146416e-05,8.377869380638003e-05,0.23447084426879883,0.2513682246208191,0.008687458001077175,0.5124508142471313,1.4738776683807373,,,,,
100,model.layers.7.self_attn.o_proj.weight,1024,2048,0.00048828125,0.0002416707866359502,2.083909511566162,-5.8574729337124154e-05,0.6181859374046326,5.147430783836171e-05,0.15149350464344025,0.3455052673816681,0.016865553334355354,0.513621985912323,1.4234189987182617,0.0005079886177554727,66.2503662109375,4.303846799302846e-05,0.0001406254741596058,7.058582559693605e-05,0.18164019286632538,0.31230250000953674,0.006990001071244478,0.6111974716186523,1.5217163562774658,,,,,
100,model.layers.15.self_attn.q_proj.weight,4096,1024,0.000244140625,0.00012162238999735564,2.8183207511901855,0.0001613567437743768,0.27743765711784363,0.000316595658659935,0.21868501603603363,0.23212046921253204,0.003557073650881648,0.439096063375473,1.5479612350463867,0.00021420417760964483,233.56556701660156,1.370652967125352e-06,0.0001509529975010082,6.0003269027220085e-05,0.22223727405071259,0.26956647634506226,0.008175235241651535,0.5064742565155029,1.5264875888824463,0.09004325419664383,0.07843833416700363,0.8394824266433716,,
100,model.layers.15.self_attn.k_proj.weight,512,1024,0.0009765625,0.001098862150683999,3.944680690765381,-1.3048240361968055e-05,0.23332878947257996,0.0004982147365808487,0.2631514072418213,0.22209443151950836,0.005200411658734083,0.523830771446228,1.4316083192825317,0.000943897059187293,61.47042465209961,2.2619415176450275e-05,6.375033990480006e-05,2.907517227868084e-05,0.19995823502540588,0.29641589522361755,0.006490650121122599,0.5819079279899597,1.4792553186416626,,,,,
100,model.layers.15.self_attn.v_proj.weight,512,1024,0.0009765625,0.000836110906675458,1.700726866722107,-0.0017922448460012674,0.23363257944583893,0.00010315014515072107,0.16480417549610138,0.2745119333267212,0.005192792974412441,0.6836889982223511,1.452018141746521,0.0009220359497703612,73.75899505615234,2.1560930690611713e-05,5.078511094325222e-05,0.00010604604904074222,0.22716370224952698,0.2644087076187134,0.007463010028004646,0.5182672739028931,1.480202555656433,,,,0.3246794641017914,0.3311111330986023
100,model.layers.15.self_attn.o_proj.weight,1024,2048,0.00048828125,0.0003703672264236957,1.7302987575531006,-0.0006033552926965058,0.4145650267601013,3.410303543205373e-05,0.08868862688541412,0.44024112820625305,0.011117174290120602,0.5544768571853638,1.449165940284729,0.0004699885321315378,69.63050842285156,2.2315800379146822e-05,0.00011543907021405175,6.581200432265177e-05,0.1956351399421692,0.3018636703491211,0.008031248115003109,0.5773395299911499,1.5128209590911865,,,,,
100,model.layers.19.self_attn.q_proj.weight,4096,1024,0.000244140625,0.00016993313329294324,3.602933883666992,0.00012134415737818927,0.1452673077583313,0.0010068106930702925,0.2243163138628006,0.2340521216392517,0.012622634880244732,0.4369656443595886,1.524590015411377,0.00019373750546947122,230.97523498535156,6.933580152690411e-06,0.00015119554882403463,9.003251034300774e-05,0.21606695652008057,0.27617862820625305,0.008341098204255104,0.5201863050460815,1.5289028882980347,0.07553562521934509,0.07578930258750916,0.8398837447166443,,
100,model.layers.19.self_attn.k_proj.weight,512,1024,0.0009765625,0.0010158218210563064,3.441922426223755,-1.5249045645759907e-05,0.1450735181570053,0.0001215019728988409,0.23578746616840363,0.23726138472557068,0.009874895215034485,0.5799238681793213,1.3879526853561401,0.000988511834293604,81.48480987548828,4.4917280320078135e-05,6.510150706162676e-05,4.831602200283669e-05,0.20399917662143707,0.28565293550491333,0.007467532064765692,0.5689826011657715,1.4743648767471313,,,,,
100,model.layers.19.self_attn.v_proj.weight,512,1024,0.0009765625,0.000968797190580517,1.56037437915802,-0.0021464969031512737,0.12826894223690033,0.0013119700597599149,0.11051744967699051,0.29484695196151733,0.00503253610804677,0.7349873781204224,1.4581974744796753,0.0008808711427263916,63.16640090942383,-3.139255568385124e-05,5.227258225204423e-05,0.0001252175134140998,0.20249831676483154,0.2892639636993408,0.00847161840647459,0.5304608345031738,1.4227436780929565,,,,,
100,model.layers.19.self_attn.o_proj.weight,1024,2048,0.00048828125,0.00045697548193857074,1.378568172454834,-0.0006566618103533983,0.24736441671848297,3.250765075790696e-05,0.055287595838308334,0.5166304111480713,0.005057028494775295,0.6054633855819702,1.4670089483261108,0.00047429255209863186,121.44084930419922,1.781379796739202e-05,0.0001002723874989897,5.815994518343359e-05,0.21194802224636078,0.27942878007888794,0.009131956845521927,0.531561553478241,1.4752352237701416,,,,,
100,model.layers.1.mlp.gate_proj.weight,3584,1024,0.00027901785714285713,0.00027794687775895,2.721733331680298,0.0008444649283774197,0.30574020743370056,0.00047766591887921095,0.17749886214733124,0.3090386390686035,0.010843954980373383,0.527969241142273,1.515581488609314,0.0002616688434500247,276.3866882324219,2.6652485757949762e-05,0.00015845421876292676,7.556154014309868e-05,0.23305462300777435,0.25697994232177734,0.009256329387426376,0.5111142992973328,1.5191771984100342,,,,0.304848313331604,0.29418283700942993
100,model.layers.1.mlp.up_proj.weight,3584,1024,0.00027901785714285713,0.00031724554719403386,2.5145561695098877,1.449909177608788e-06,0.5092684030532837,0.00017556444799993187,0.16463758051395416,0.31072065234184265,0.009798948653042316,0.4925633668899536,1.5099061727523804,0.00027579203015193343,166.67068481445312,5.3926869441056624e-05,0.00019514415180310607,0.0001044507953338325,0.2311752587556839,0.2588035762310028,0.009797854349017143,0.5018172860145569,1.5094302892684937,,,,,
100,model.layers.1.mlp.down_proj.weight,1024,3584,0.00027901785714285713,0.0002658977173268795,4.4228386878967285,-7.94911557022715e-07,0.48823556303977966,0.002135246992111206,0.1925477683544159,0.2718661427497864,0.016509009525179863,0.5300032496452332,1.4346369504928589,0.00027882729773409665,207.4800567626953,3.30057337123435e-05,0.00019996456103399396,9.046679770108312e-05,0.2205677032470703,0.2680976986885071,0.008775257505476475,0.534144401550293,1.4797301292419434,0.08501715213060379,0.08725631982088089,0.8595082759857178,,
100,model.layers.12.mlp.gate_proj.weight,3584,1024,0.00027901785714285713,0.0002018884551944211,2.551788091659546,-0.0008297938038595021,0.3335629105567932,0.00039761135121807456,0.1832515448331833,0.23969237506389618,0.004564110655337572,0.5871859788894653,1.5302342176437378,0.0002544974267948419,181.30731201171875,1.0089299394167028e-05,0.00017121752898674458,7.795550482114777e-05,0.21485497057437897,0.2776709198951721,0.007565882056951523,0.5433887839317322,1.5268745422363281,,,,,
100,model.layers.12.mlp.up_proj.weight,3584,1024,0.00027901785714285713,0.0002546965843066573,2.2000131607055664,-0.0004503130621742457,0.5532343983650208,0.00048027257435023785,0.21446582674980164,0.2508622705936432,0.007735525257885456,0.5316811203956604,1.5127537250518799,0.00025978489429689944,134.92495727539062,4.45115911134053e-05,0.00019459401664789766,9.600016346666962e-05,0.22279593348503113,0.265500545501709,0.009738677181303501,0.5041148662567139,1.5064170360565186,,,,,
100,model.layers.12.mlp.down_proj.weight,1024,3584,0.00027901785714285713,0.0002712829445954412,4.230352878570557,-0.0005099207046441734,0.505237877368927,0.0001533500908408314,0.21773049235343933,0.2660425007343292,0.022603414952754974,0.4823692739009857,1.4016960859298706,0.0002946408640127629,115.98625946044922,5.945761949988082e-05,0.00020707458315882832,9.380772826261818e-05,0.1976841390132904,0.2927347719669342,0.00820252113044262,0.5792120099067688,1.50758695602417,0.08459999412298203,0.08306048065423965,0.8701431155204773,,
100,model.layers.22.mlp.gate_proj.weight,3584,1024,0.00027901785714285713,0.00024898277479223907,3.249965190887451,0.0008003878756426275,0.11805898696184158,0.0008539842674508691,0.1905401647090912,0.2455650418996811,0.007406169548630714,0.543502688407898,1.5229812860488892,0.00024277421471197158,230.0977783203125,1.5377971749330754e-06,0.00012870623322669417,6.288534495979548e-05,0.22411805391311646,0.26633933186531067,0.009470339864492416,0.5324414968490601,1.5254396200180054,,,,0.3256368041038513,0.31649866700172424
100,model.layers.22.mlp.up_proj.weight,3584,1024,0.00027901785714285713,0.0002210836682934314,3.2329163551330566,-9.867655171547085e-05,0.2400246262550354,0.0005030641914345324,0.18128153681755066,0.2913687229156494,0.009861480444669724,0.5796462893486023,1.5169870853424072,0.0002732036809902638,194.3831024169922,-6.748427949787583e-06,0.00016561787924729288,0.00010485793609404936,0.23566804826259613,0.25538358092308044,0.010159100405871868,0.5036965608596802,1.5085161924362183,,,,,
100,model.layers.22.mlp.down_proj.weight,1024,3584,0.00027901785714285713,0.00036972915404476225,2.699793577194214,-0.00011444164556451142,0.23523153364658356,0.00021166252554394305,0.10641501098871231,0.4226591885089874,0.008400503545999527,0.5816675424575806,1.4522684812545776,0.00026264810003340244,129.25953674316406,1.5963589248713106e-05,0.00017675863637123257,8.174425602192059e-05,0.22842423617839813,0.2634371817111969,0.008922651410102844,0.5158905386924744,1.4817289113998413,0.07753189653158188,0.07802457362413406,0.8204724192619324,,
100,model.layers.1.linear_attn.in_proj_qkv.weight,6144,1024,0.00016276041666666666,0.00011238044680794701,2.274770498275757,0.00022471608826890588,0.2683018147945404,0.000606113113462925,0.18793867528438568,0.26374220848083496,0.007135883904993534,0.5163094997406006,1.5347790718078613,0.00015076978888828307,217.07855224609375,2.146707265637815e-05,0.00018889202328864485,7.106246630428359e-05,0.22809027135372162,0.2633803188800812,0.0069402288645505905,0.5200299024581909,1.5395101308822632,0.09262610971927643,0.08891092240810394,0.8460558652877808,,
100,model.layers.1.linear_attn.out_proj.weight,1024,2048,0.00048828125,0.00032325496431440115,1.3899905681610107,3.16275363729801e-05,0.6036654710769653,0.00040896725840866566,0.1321430504322052,0.35125717520713806,0.01531444676220417,0.5053091049194336,1.445752739906311,0.00044502507080323994,125.15592193603516,6.257967015699251e-06,0.00012804415018763393,8.541622082702816e-05,0.2146485596895218,0.2756684124469757,0.008928821422159672,0.5418970584869385,1.486864686012268,,,,,
100,model.layers.12.linear_attn.in_proj_qkv.weight,6144,1024,0.00016276041666666666,5.624286859529093e-05,1.8143384456634521,-0.00012368835450615734,0.33705583214759827,0.00043736721272580326,0.14982420206069946,0.258137047290802,0.0028812543023377657,0.6253759860992432,1.5532900094985962,0.00013119325740262866,185.3566131591797,1.0962945452774875e-05,0.00018540400196798146,7.648719474673271e-05,0.2105276882648468,0.2823297679424286,0.007212365046143532,0.5389956831932068,1.54375422000885,0.08745364844799042,0.09057014435529709,0.8443281054496765,,
100,model.layers.12.linear_attn.out_proj.weight,1024,2048,0.00048828125,0.0002940814883913845,2.137895345687866,0.0010247593745589256,0.43400824069976807,5.061987030785531e-05,0.16487987339496613,0.32081758975982666,0.023368537425994873,0.4975632131099701,1.4371874332427979,0.0004162823024671525,52.773136138916016,2.0356072127469815e-05,0.00014050323807168752,4.425349470693618e-05,0.18864771723747253,0.30570748448371887,0.00740631390362978,0.592873752117157,1.4959819316864014,,,,,
100,model.layers.21.linear_attn.in_proj_qkv.weight,6144,1024,0.00016276041666666666,9.822562424233183e-05,2.889539957046509,-0.0001639366673771292,0.08207672834396362,0.0010625877184793353,0.17365257441997528,0.2623899281024933,0.0066870152950286865,0.6017007231712341,1.542604923248291,0.000149850471643731,325.2850036621094,1.8419750631437637e-06,0.00015048112254589796,6.951495015528053e-05,0.2270021289587021,0.2650032937526703,0.00782552920281887,0.5293681025505066,1.5340440273284912,0.08155728131532669,0.07313504815101624,0.8514026403427124,,
100,model.layers.21.linear_attn.out_proj.weight,1024,2048,0.00048828125,0.000364686333341524,2.9949491024017334,-8.619691652711481e-05,0.14917820692062378,0.00010962153464788571,0.149649515748024,0.35703325271606445,0.008302058093249798,0.5479456186294556,1.4690061807632446,0.00040243833791464567,86.2499008178711,-2.020436340899323e-06,0.00012732490722555667,8.21360808913596e-05,0.2170318216085434,0.2754403054714203,0.008855676278471947,0.5154742002487183,1.476456880569458,,,,,
125,model.layers.7.self_attn.q_proj.weight,4096,1024,0.000244140625,0.00012394876102916896,3.0832066535949707,0.0003327390877529979,0.2975301742553711,0.001311208470724523,0.1757839024066925,0.26078885793685913,0.009523591957986355,0.5291129350662231,1.534035086631775,0.00020250325906090438,231.80909729003906,-9.225015674019232e-06,0.00015345461724791676,8.143976447172463e-05,0.22476686537265778,0.2683992087841034,0.008465115912258625,0.5220772624015808,1.5214468240737915,0.07085258513689041,0.062362439930438995,0.8965919613838196,0.2852259576320648,0.2714231014251709
125,model.layers.7.self_attn.k_proj.weight,512,1024,0.0009765625,0.0011595163960009813,4.130105495452881,9.868332199403085e-06,0.21713872253894806,0.0007609502645209432,0.15740686655044556,0.2634032070636749,0.02576146274805069,0.6981310844421387,1.3230749368667603,0.000977659597992897,102.78836059570312,3.8691734516760334e-05,5.9209509345237166e-05,5.2380702982190996e-05,0.2168177366256714,0.2660893499851227,0.009087780490517616,0.5414770841598511,1.4284379482269287,,,,,
125,model.layers.7.self_attn.v_proj.weight,512,1024,0.0009765625,0.0010329727083444595,2.0206010341644287,-0.0010363318724557757,0.42163223028182983,0.000550093303900212,0.13603505492210388,0.2548676133155823,0.004043980967253447,0.7397626042366028,1.4681832790374756,0.0008878507651388645,62.644073486328125,9.041834709933028e-05,6.501367897726595e-05,0.00011499069660203531,0.23262083530426025,0.254555344581604,0.008254030719399452,0.5185704827308655,1.4585304260253906,,,,,
125,model.layers.7.self_attn.o_proj.weight,1024,2048,0.00048828125,0.00024319540534634143,2.3497989177703857,-0.00034453789703547955,0.6697016358375549,4.393156268633902e-05,0.14710095524787903,0.3578251898288727,0.013251702301204205,0.5353462100028992,1.433392882347107,0.0004795102577190846,59.514434814453125,2.207667967013549e-05,0.00013646227307617664,4.344428452895954e-05,0.17899879813194275,0.3167545199394226,0.006974026095122099,0.6210415959358215,1.5285205841064453,,,,,
125,model.layers.15.self_attn.q_proj.weight,4096,1024,0.000244140625,0.00015850366617087275,3.4356296062469482,-0.00016832085384521633,0.3079434633255005,0.0004842081689275801,0.21788424253463745,0.22495873272418976,0.0041101351380348206,0.42923203110694885,1.5463567972183228,0.00019686050654854625,227.00645446777344,3.4292304462724132e-06,0.00015377205272670835,5.8091743994737044e-05,0.22035956382751465,0.26905038952827454,0.008133620955049992,0.5062074661254883,1.5256373882293701,0.06676800549030304,0.06742853671312332,0.8982203006744385,,
125,model.layers.15.self_attn.k_proj.weight,512,1024,0.0009765625,0.0008579514105804265,5.65797758102417,1.3353531358006876e-05,0.26921841502189636,6.380431295838207e-05,0.26144635677337646,0.23218680918216705,0.0034206341952085495,0.5305211544036865,1.4755724668502808,0.0008981712162494659,73.04901123046875,4.9248050345340744e-05,6.587299139937386e-05,6.927242066012695e-05,0.19807586073875427,0.29569685459136963,0.0065391454845666885,0.5817945599555969,1.4577933549880981,,,,,
125,model.layers.15.self_attn.v_proj.weight,512,1024,0.0009765625,0.0010181630495935678,1.920883059501648,-1.8028378690360114e-05,0.260409414768219,0.000307915237499401,0.19065380096435547,0.2583041787147522,0.005761087406426668,0.6400277614593506,1.4508380889892578,0.0008714621653780341,76.39436340332031,-1.6738213162170723e-05,5.452186451293528e-05,8.888878801371902e-05,0.23307879269123077,0.2559668719768524,0.007498554419726133,0.5043456554412842,1.4648820161819458,,,,0.26590728759765625,0.28354817628860474
125,model.layers.15.self_attn.o_proj.weight,1024,2048,0.00048828125,0.00035791867412626743,1.8627785444259644,-8.42830013425555e-06,0.4918658435344696,1.5164107935561333e-05,0.09176089614629745,0.4664996266365051,0.008645623922348022,0.5959261655807495,1.4567726850509644,0.00047022954095155,62.50717544555664,1.080538822861854e-05,0.0001203873980557546,6.713653419865295e-05,0.1905726194381714,0.3070632517337799,0.007988880388438702,0.589966893196106,1.5168637037277222,,,,,
125,model.layers.19.self_attn.q_proj.weight,4096,1024,0.000244140625,0.0001963446702575311,4.2314019203186035,0.0005584361497312784,0.1790686845779419,0.00018882779113482684,0.22593042254447937,0.2318270355463028,0.007284779101610184,0.4397840201854706,1.5317542552947998,0.0001919246860779822,232.39695739746094,7.983400791999884e-06,0.000154269058839418,7.130965241231024e-05,0.21826450526714325,0.27263468503952026,0.008070637471973896,0.519010066986084,1.5254228115081787,0.05591722950339317,0.060241445899009705,0.8880343437194824,,
125,model.layers.19.self_attn.k_proj.weight,512,1024,0.0009765625,0.0011853541946038604,4.080091953277588,5.406823220255319e-06,0.19038254022598267,0.0002506593882571906,0.24443690478801727,0.23337078094482422,0.011763161979615688,0.556866466999054,1.3817157745361328,0.0009386791498400271,80.5895767211914,9.287395187129732e-06,6.729616143275052e-05,4.7559744416503236e-05,0.2068749964237213,0.2808454930782318,0.008359352126717567,0.5691149830818176,1.4460035562515259,,,,,
125,model.layers.19.self_attn.v_proj.weight,512,1024,0.0009765625,0.0006694647599942982,1.6540186405181885,0.0009376528905704618,0.13089963793754578,0.0011119135888293386,0.12788787484169006,0.2768256366252899,0.005372270476073027,0.7020415663719177,1.4232889413833618,0.0009163242066279054,59.30604934692383,-5.570820576394908e-06,5.218419028096832e-05,9.776552178664133e-05,0.20870360732078552,0.2843515872955322,0.00990346260368824,0.5201010704040527,1.4341638088226318,,,,,
125,model.layers.19.self_attn.o_proj.weight,1024,2048,0.00048828125,0.0005462307599373162,1.38027024269104,0.000261187378782779,0.2794930934906006,4.378503217594698e-05,0.04905015975236893,0.5779029130935669,0.0051956260576844215,0.6766711473464966,1.46202552318573,0.000473629537736997,108.38005065917969,7.161884241213556e-06,0.00010068999836221337,6.078098158468492e-05,0.20724152028560638,0.2872851490974426,0.009108413942158222,0.5428038239479065,1.488402247428894,,,,,
125,model.layers.1.mlp.gate_proj.weight,3584,1024,0.00027901785714285713,0.00031235895585268736,2.9034740924835205,0.0006087083020247519,0.3158241808414459,0.00041317520663142204,0.1797424554824829,0.3051021695137024,0.008945093490183353,0.5306232571601868,1.5114574432373047,0.00025741165154613554,282.4870300292969,1.9289100237074308e-05,0.00013486789248418063,8.47589981276542e-05,0.2320379763841629,0.2571507692337036,0.00904750358313322,0.5104271769523621,1.519654393196106,,,,0.30873069167137146,0.28503474593162537
125,model.layers.1.mlp.up_proj.weight,3584,1024,0.00027901785714285713,0.0004933041054755449,2.761420488357544,0.0003954478306695819,0.5209934711456299,0.0001002903954940848,0.16664989292621613,0.31759148836135864,0.00761382095515728,0.4975193440914154,1.5093363523483276,0.00025608669966459274,151.34275817871094,2.9654172976734117e-05,0.0001692143559921533,0.00010201921395491809,0.23117567598819733,0.25819191336631775,0.010105002671480179,0.5018367767333984,1.5132617950439453,,,,,
125,model.layers.1.mlp.down_proj.weight,1024,3584,0.00027901785714285713,0.0002847938158083707,5.264039993286133,0.00040571228601038456,0.5094203948974609,0.0010154352057725191,0.19572514295578003,0.27618318796157837,0.013039414770901203,0.5411583185195923,1.433586597442627,0.0003026519261766225,244.39707946777344,2.1465973986778408e-05,0.0001726457994664088,8.871532918419689e-05,0.21690857410430908,0.27135831117630005,0.008842498064041138,0.541406512260437,1.4915318489074707,0.07205702364444733,0.06591559201478958,0.9041031002998352,,
125,model.layers.12.mlp.gate_proj.weight,3584,1024,0.00027901785714285713,0.00021398304670583457,3.472677230834961,0.0004343861946836114,0.3449638783931732,0.0009579321485944092,0.1875007450580597,0.2431286871433258,0.007290181703865528,0.5658268928527832,1.5259455442428589,0.000256030005402863,200.5076446533203,1.4990132513048593e-05,0.0001605303114047274,8.56649930938147e-05,0.2158052623271942,0.2760351300239563,0.007507124450057745,0.5412285923957825,1.526080846786499,,,,,
125,model.layers.12.mlp.up_proj.weight,3584,1024,0.00027901785714285713,0.0002781384682748467,3.1473066806793213,0.0005015958449803293,0.5559988617897034,0.00040895858546718955,0.21968941390514374,0.2475825846195221,0.007525620050728321,0.5141699314117432,1.5158121585845947,0.00025620870292186737,154.2366943359375,-6.341364496620372e-06,0.00018436017853673548,8.613587851868942e-05,0.22279876470565796,0.2662353813648224,0.010263007134199142,0.5038052201271057,1.5096479654312134,,,,,
125,model.layers.12.mlp.down_proj.weight,1024,3584,0.00027901785714285713,0.0002507232129573822,5.5736470222473145,0.000517335080076009,0.5545546412467957,0.00012510847591329366,0.20775753259658813,0.2841251790523529,0.01727811060845852,0.5177566409111023,1.4114185571670532,0.00028129550628364086,119.64129638671875,3.583650686778128e-05,0.00019614268967416137,6.209149432834238e-05,0.19730018079280853,0.2941167652606964,0.008437157608568668,0.5822321176528931,1.520807147026062,0.06667245924472809,0.0660763829946518,0.9152560234069824,,
125,model.layers.22.mlp.gate_proj.weight,3584,1024,0.00027901785714285713,0.00023818659246899188,3.070345401763916,0.00046862757881172,0.12985314428806305,0.0010542247910052538,0.18461973965168,0.24340300261974335,0.008596993051469326,0.5435051321983337,1.517203688621521,0.0002337013720534742,246.16773986816406,1.70665152836591e-05,0.0001269977365154773,0.00010516332986298949,0.2237720638513565,0.2670670747756958,0.00938995461910963,0.5320595502853394,1.521966814994812,,,,0.27123796939849854,0.2685794532299042
125,model.layers.22.mlp.up_proj.weight,3584,1024,0.00027901785714285713,0.00024525169283151627,2.8146328926086426,0.0004893935984000564,0.28399965167045593,0.0007713726372458041,0.1735592782497406,0.2961825132369995,0.013737956993281841,0.5812873840332031,1.5057811737060547,0.00027379023958928883,189.38999938964844,2.5629578885855153e-05,0.0001637660461710766,0.00011409060971345752,0.23392300307750702,0.2562343180179596,0.009739745408296585,0.5055848360061646,1.5114898681640625,,,,,
125,model.layers.22.mlp.down_proj.weight,1024,3584,0.00027901785714285713,0.0003648561832960695,2.731510639190674,0.0005744162481278181,0.2626667320728302,0.00016494191368110478,0.11368338018655777,0.3952472507953644,0.0068372925743460655,0.5536052584648132,1.472780466079712,0.00027745612896978855,143.6387176513672,1.967766547750216e-05,0.0001739920990075916,9.15731507120654e-05,0.22900356352329254,0.26062309741973877,0.009090214967727661,0.5143061876296997,1.474317193031311,0.057940516620874405,0.06666060537099838,0.8638376593589783,,
125,model.layers.1.linear_attn.in_proj_qkv.weight,6144,1024,0.00016276041666666666,0.00010230975749436766,2.52764892578125,-0.0005111475475132465,0.27418503165245056,0.0006041183369234204,0.19352540373802185,0.2577880322933197,0.008143586106598377,0.5141950845718384,1.5348191261291504,0.00013554826728068292,225.31869506835938,1.0738167475210503e-05,0.00016919781046453863,6.23938103672117e-05,0.2282426357269287,0.263888955116272,0.006744257174432278,0.5190966725349426,1.5416587591171265,0.06398764252662659,0.06794168055057526,0.8869831562042236,,
125,model.layers.1.linear_attn.out_proj.weight,1024,2048,0.00048828125,0.001709900563582778,1.4083847999572754,-0.0006144244107417762,0.6253067255020142,0.0004058969207108021,0.13409659266471863,0.3524109423160553,0.011869117617607117,0.5083030462265015,1.4445862770080566,0.0004243715084157884,138.5145263671875,1.8137070583179593e-05,0.00011414180335123092,9.213881276082247e-05,0.20976169407367706,0.2817729413509369,0.008314603008329868,0.5509475469589233,1.4873603582382202,,,,,
125,model.layers.12.linear_attn.in_proj_qkv.weight,6144,1024,0.00016276041666666666,6.340257095871493e-05,2.4857077598571777,0.00034612431772984564,0.3241119682788849,0.00024388420570176095,0.14981932938098907,0.2664557099342346,0.0027114010881632566,0.6180660128593445,1.5523217916488647,0.00014315541193354875,214.519775390625,1.3843281521985773e-05,0.00017656813724897802,7.768944487906992e-05,0.21208132803440094,0.27981019020080566,0.007852322421967983,0.5315857529640198,1.5376523733139038,0.07237408310174942,0.0646432563662529,0.8744668960571289,,
125,model.layers.12.linear_attn.out_proj.weight,1024,2048,0.00048828125,0.0003049192309845239,2.5216257572174072,-9.272858005715534e-05,0.4744828939437866,3.7986377719789743e-05,0.15280462801456451,0.3595948815345764,0.01242330577224493,0.547765851020813,1.4360172748565674,0.0004310896620154381,74.0785903930664,1.2669966054090764e-05,0.00013827775546815246,7.094712054822594e-05,0.18872205913066864,0.3054006099700928,0.007448374759405851,0.5953230857849121,1.508519172668457,,,,,
125,model.layers.21.linear_attn.in_proj_qkv.weight,6144,1024,0.00016276041666666666,0.00010426436347188428,3.415154218673706,-0.00013719253183808178,0.08629049360752106,0.0004186150908935815,0.19302386045455933,0.23805461823940277,0.004830686841160059,0.550820529460907,1.544831395149231,0.00013801146997138858,301.87188720703125,4.613060355040943e-06,0.0001463356165913865,8.093531505437568e-05,0.2282821536064148,0.2613126337528229,0.008202733471989632,0.5249792337417603,1.5318961143493652,0.06836948543787003,0.06894885003566742,0.8952484130859375,,
125,model.layers.21.linear_attn.out_proj.weight,1024,2048,0.00048828125,0.00034231055178679526,2.8189640045166016,-0.0008822330855764449,0.15787377953529358,8.588797936681658e-05,0.15414315462112427,0.3457167446613312,0.005812486633658409,0.5305809378623962,1.4829689264297485,0.00041139739914797246,88.1795883178711,2.7049084110331023e-06,0.00012431554205249995,5.6006290833465755e-05,0.2162066549062729,0.2763194143772125,0.00879787839949131,0.5180214047431946,1.4738932847976685,,,,,
150,model.layers.7.self_attn.q_proj.weight,4096,1024,0.000244140625,0.00010817376460181549,2.770113945007324,0.0006939322338439524,0.24763792753219604,0.00041217872058041394,0.16896486282348633,0.270781934261322,0.0057523795403540134,0.5595587491989136,1.537782073020935,0.00019884003268089145,228.61480712890625,-5.0185094551125076e-06,0.0001619401591597125,9.478596621192992e-05,0.22430731356143951,0.2697918117046356,0.008194471709430218,0.5238162875175476,1.5295976400375366,0.07557524740695953,0.0716073215007782,0.8965820074081421,0.27582404017448425,0.2777550220489502
150,model.layers.7.self_attn.k_proj.weight,512,1024,0.0009765625,0.0010748680215328932,3.9476828575134277,2.0865203623543493e-05,0.17857500910758972,0.0012641462963074446,0.14764699339866638,0.269101083278656,0.02873346582055092,0.7107367515563965,1.329647421836853,0.0009777812520042062,89.15476989746094,1.10187841073639e-06,6.727366417180747e-05,0.00010598196240607649,0.206000417470932,0.2818395495414734,0.008917266502976418,0.5598181486129761,1.4020922183990479,,,,,
150,model.layers.7.self_attn.v_proj.weight,512,1024,0.0009765625,0.0008387946872971952,1.9210857152938843,0.0005390912410803139,0.3374408781528473,0.0002888325834646821,0.1399700939655304,0.24494914710521698,0.0030621904879808426,0.7293592691421509,1.4703973531723022,0.0008887178846634924,68.49898529052734,1.5787474694661796e-05,6.572488200617954e-05,8.9143832155969e-05,0.21971283853054047,0.2671966552734375,0.008018977008759975,0.5405831336975098,1.4720243215560913,,,,,
150,model.layers.7.self_attn.o_proj.weight,1024,2048,0.00048828125,0.00022191627067513764,2.0549800395965576,0.0001750054070726037,0.5648012161254883,4.047756374347955e-05,0.15205685794353485,0.34721705317497253,0.014803205616772175,0.5115883946418762,1.4276431798934937,0.000459996605059132,56.28672409057617,2.8213346013217233e-05,0.0001363094779662788,7.32763292035088e-05,0.18023966252803802,0.3161022365093231,0.006799107883125544,0.615013599395752,1.5184005498886108,,,,,
150,model.layers.15.self_attn.q_proj.weight,4096,1024,0.000244140625,0.0001555553899379447,3.2097017765045166,0.00016577895439695567,0.24078954756259918,9.382231655763462e-05,0.21554875373840332,0.23396910727024078,0.0026098729576915503,0.4399476647377014,1.5486195087432861,0.00020166917238384485,204.8505096435547,8.053993951762095e-06,0.00015442150470335037,6.320885586319491e-05,0.2207290381193161,0.26842567324638367,0.00820889975875616,0.5063357949256897,1.529786467552185,0.06797871738672256,0.06633292138576508,0.899707019329071,,
150,model.layers.15.self_attn.k_proj.weight,512,1024,0.0009765625,0.0011601601727306843,3.8857743740081787,1.7190322978422046e-05,0.2060832530260086,0.00019022804917767644,0.24841922521591187,0.2389797568321228,0.004267200827598572,0.5341795682907104,1.4653606414794922,0.0008695905562490225,65.12578582763672,-1.3257274986244738e-05,6.728895095875487e-05,4.987524152966216e-05,0.19688844680786133,0.29754558205604553,0.006880604662001133,0.5826171040534973,1.488130807876587,,,,,
150,model.layers.15.self_attn.v_proj.weight,512,1024,0.0009765625,0.0008861234528012574,1.977035641670227,-0.0006186090759001672,0.20340430736541748,0.00020975184452254325,0.18901129066944122,0.27149131894111633,0.006511402782052755,0.6359272003173828,1.4307409524917603,0.0009291814058087766,65.52442169189453,1.5404102668981068e-05,5.3479121561395004e-05,6.609658885281533e-05,0.22393390536308289,0.2685481309890747,0.006985473912209272,0.5300242304801941,1.4495919942855835,,,,0.2834817171096802,0.2879233658313751
150,model.layers.15.self_attn.o_proj.weight,1024,2048,0.00048828125,0.00034408559440635145,1.8339372873306274,-0.0001961524540092796,0.3767971098423004,3.519107849569991e-05,0.08772981911897659,0.45880740880966187,0.01012180745601654,0.5841476321220398,1.4452351331710815,0.00043531437404453754,105.86136627197266,6.97927680448629e-06,0.0001144424022641033,6.763065175618976e-05,0.19794556498527527,0.29609397053718567,0.008548920042812824,0.5725721120834351,1.499334692955017,,,,,
150,model.layers.19.self_attn.q_proj.weight,4096,1024,0.000244140625,0.00017025929992087185,3.761852264404297,7.031791028566658e-05,0.13906210660934448,0.0003977688029408455,0.2346867173910141,0.2233123630285263,0.010012621060013771,0.4141934812068939,1.5227584838867188,0.00020518952806014568,236.78085327148438,9.179499102174304e-06,0.00015054795949254185,7.920846837805584e-05,0.21897488832473755,0.2721947431564331,0.008357475511729717,0.514723002910614,1.5228747129440308,0.06263390183448792,0.06513498723506927,0.8792105317115784,,
150,model.layers.19.self_attn.k_proj.weight,512,1024,0.0009765625,0.0011758129112422466,4.117502212524414,3.9919145820022095e-06,0.1353868991136551,0.0006400127313099802,0.2610293924808502,0.21802864968776703,0.01492235530167818,0.5433751940727234,1.3654879331588745,0.0008943286375142634,66.40513610839844,3.545598019627505e-06,6.556139851454645e-05,7.303469465114176e-05,0.20334278047084808,0.28149259090423584,0.008031722158193588,0.5710605382919312,1.4589260816574097,,,,,
150,model.layers.19.self_attn.v_proj.weight,512,1024,0.0009765625,0.000764722004532814,1.694033145904541,-0.0010778249707072973,0.10938521474599838,0.0015017519472166896,0.14814871549606323,0.2571924924850464,0.007123082876205444,0.6572160124778748,1.4253498315811157,0.000839573098346591,64.82158660888672,1.9052242350880988e-05,5.072025305707939e-05,0.00014695538266096264,0.21045713126659393,0.2812011241912842,0.009913044981658459,0.5244618058204651,1.448083519935608,,,,,
150,model.layers.19.self_attn.o_proj.weight,1024,2048,0.00048828125,0.0004848073876928538,1.4332220554351807,-0.0003142681089229882,0.22327665984630585,6.351950287353247e-05,0.055705081671476364,0.5274924635887146,0.00794816855341196,0.6358606219291687,1.4621448516845703,0.00044000588241033256,159.8480224609375,1.3083033081784379e-05,0.00010026475501945242,7.658058166271076e-05,0.21093690395355225,0.2784690856933594,0.008731147274374962,0.5349407196044922,1.4752129316329956,,,,,
150,model.layers.1.mlp.gate_proj.weight,3584,1024,0.00027901785714285713,0.0002993856614921242,2.8090312480926514,0.00017776517779566348,0.25426429510116577,0.0007558708311989903,0.17983128130435944,0.29819196462631226,0.011744487099349499,0.5173885822296143,1.5115387439727783,0.00026106962468475103,251.72071838378906,6.547583325300366e-06,0.000152221109601669,0.00010095787729369476,0.23224221169948578,0.2571149170398712,0.009491418488323689,0.5113167762756348,1.5135053396224976,,,,0.2553741931915283,0.2548714578151703
150,model.layers.1.mlp.up_proj.weight,3584,1024,0.00027901785714285713,0.00023938143567647785,2.3616960048675537,0.0006913441466167569,0.43498730659484863,0.0002796516055241227,0.15915241837501526,0.3133116364479065,0.014177924022078514,0.48390495777130127,1.509853482246399,0.00028040740289725363,161.8214111328125,3.385113086551428e-05,0.0001905980025185272,8.992697257781401e-05,0.23276346921920776,0.25728604197502136,0.009949909523129463,0.5025245547294617,1.5076590776443481,,,,,
150,model.layers.1.mlp.down_proj.weight,1024,3584,0.00027901785714285713,0.00024970906088128686,4.009278297424316,0.0007286963518708944,0.4109101891517639,0.001711615244857967,0.19493374228477478,0.2638173997402191,0.015072016045451164,0.5152382850646973,1.4352519512176514,0.00028128817211836576,235.4996337890625,5.3694602684117854e-05,0.000193829633644782,0.0001248334301635623,0.22052255272865295,0.26943206787109375,0.008615323342382908,0.5351906418800354,1.4818603992462158,0.0611908845603466,0.06505460292100906,0.9071404933929443,,
150,model.layers.12.mlp.gate_proj.weight,3584,1024,0.00027901785714285713,0.00020033436885569245,3.1649370193481445,-0.00015809731849003583,0.2576175928115845,0.0008102956926450133,0.18931101262569427,0.24188417196273804,0.006228536367416382,0.5674647092819214,1.530929446220398,0.0002486039593350142,182.44937133789062,2.0103445422137156e-05,0.00016917339235078543,6.938740989426151e-05,0.21380044519901276,0.27834784984588623,0.0074982489459216595,0.5447450876235962,1.5297282934188843,,,,,
150,model.layers.12.mlp.up_proj.weight,3584,1024,0.00027901785714285713,0.0002633511321619153,3.010226011276245,-0.0005800352082587779,0.4168587028980255,0.0003936064022127539,0.22141773998737335,0.24916090071201324,0.008021936751902103,0.5114129185676575,1.5212537050247192,0.00026944157434627414,151.438720703125,3.338100577821024e-05,0.0001918957132147625,8.590979996370152e-05,0.22481480240821838,0.263555109500885,0.00988762266933918,0.503693163394928,1.5087509155273438,,,,,
150,model.layers.12.mlp.down_proj.weight,1024,3584,0.00027901785714285713,0.00025139248464256525,5.660174369812012,-0.0005910860490985215,0.4178414046764374,0.00011766354873543605,0.20113182067871094,0.29269176721572876,0.018409812822937965,0.5329511761665344,1.407130479812622,0.00025712535716593266,150.72079467773438,-6.607887144127744e-07,0.00020228898210916668,6.455527909565717e-05,0.20163066685199738,0.28966224193573,0.008278404362499714,0.5739234685897827,1.512427568435669,0.07583627104759216,0.07075585424900055,0.9135470390319824,,
150,model.layers.22.mlp.gate_proj.weight,3584,1024,0.00027901785714285713,0.00025689834728837013,3.3288137912750244,0.0014705536887049675,0.09054353088140488,0.0008044339483603835,0.184597447514534,0.25294461846351624,0.00818407442420721,0.5503338575363159,1.5175150632858276,0.0002598133578430861,260.0127258300781,1.222870014316868e-05,0.0001271397777600214,0.00011210731463506818,0.2260136902332306,0.26463350653648376,0.009620223194360733,0.5290611386299133,1.5192948579788208,,,,0.2805912494659424,0.28759264945983887
150,model.layers.22.mlp.up_proj.weight,3584,1024,0.00027901785714285713,0.0002298245526617393,3.0582432746887207,0.0005240454920567572,0.20311309397220612,0.000972949608694762,0.18362702429294586,0.28415220975875854,0.014317785389721394,0.5606823563575745,1.5113929510116577,0.00026461551897227764,195.99620056152344,1.4291495972429402e-05,0.0001608941820450127,0.00010387836664449424,0.23544594645500183,0.25523871183395386,0.009920062497258186,0.5037742257118225,1.5167378187179565,,,,,
150,model.layers.22.mlp.down_proj.weight,1024,3584,0.00027901785714285713,0.0004132065805606544,2.732236623764038,0.0005777445039711893,0.20314493775367737,0.00013113785826135427,0.10528704524040222,0.41887491941452026,0.011166907846927643,0.5751869082450867,1.4398307800292969,0.0002591630909591913,137.63442993164062,5.42108500667382e-05,0.00017183039744850248,0.0001033845474012196,0.22519317269325256,0.264573872089386,0.009266938082873821,0.5192137360572815,1.4761759042739868,0.08189699053764343,0.07411054521799088,0.869027316570282,,
150,model.layers.1.linear_attn.in_proj_qkv.weight,6144,1024,0.00016276041666666666,9.885094914352521e-05,2.263990879058838,5.301801138557494e-05,0.21374134719371796,0.0003847127954941243,0.18872332572937012,0.25340771675109863,0.00597095862030983,0.4992496371269226,1.5342886447906494,0.00014795319293625653,254.66677856445312,1.5697651178925298e-05,0.00018012757936958224,5.240993414190598e-05,0.2278137356042862,0.2650046944618225,0.006420056335628033,0.5235423445701599,1.5381981134414673,0.06873565912246704,0.06480192393064499,0.893753170967102,,
150,model.layers.1.linear_attn.out_proj.weight,1024,2048,0.00048828125,0.0016504954546689987,1.3002821207046509,6.444088739954168e-06,0.5342016220092773,0.00039925670716911554,0.11818455159664154,0.3702743649482727,0.012749590910971165,0.5125589966773987,1.4466959238052368,0.00045231933472678065,144.00738525390625,2.3790611521690153e-05,0.00012460953439585865,6.37394841760397e-05,0.21510596573352814,0.2757381200790405,0.00835093017667532,0.5437343716621399,1.4829590320587158,,,,,
150,model.layers.12.linear_attn.in_proj_qkv.weight,6144,1024,0.00016276041666666666,7.442716014338657e-05,2.3199002742767334,0.0002255003637401387,0.25306713581085205,0.0005223613115958869,0.16230063140392303,0.2473725527524948,0.003265948733314872,0.5854134559631348,1.551360011100769,0.00013507541734725237,229.8413543701172,-1.1998745321761817e-06,0.00017725839279592037,6.925930210854858e-05,0.2139831930398941,0.27775099873542786,0.008009147830307484,0.5345108509063721,1.5423237085342407,0.06993340700864792,0.07253073900938034,0.8809249997138977,,
150,model.layers.12.linear_attn.out_proj.weight,1024,2048,0.00048828125,0.0003057490102946758,2.3211472034454346,0.000402849807869643,0.3612011671066284,4.467936378205195e-05,0.15354536473751068,0.34889647364616394,0.022033333778381348,0.5400243997573853,1.4133442640304565,0.0004490049905143678,79.95221710205078,6.590945531570469e-07,0.0001389815442962572,4.653484938899055e-05,0.19413822889328003,0.2993720471858978,0.007722166366875172,0.5805277824401855,1.4896694421768188,,,,,
150,model.layers.21.linear_attn.in_proj_qkv.weight,6144,1024,0.00016276041666666666,9.021279402077198e-05,3.6903111934661865,-7.590737368445843e-05,0.0747370794415474,0.001060529495589435,0.1819876730442047,0.25342151522636414,0.008338670246303082,0.5747299194335938,1.5411195755004883,0.0001438007311662659,321.06524658203125,7.404780262731947e-06,0.00015971300308592618,5.864681224920787e-05,0.22725331783294678,0.26447081565856934,0.007175744511187077,0.531279444694519,1.537340760231018,0.06748657673597336,0.07508740574121475,0.8912466764450073,,
150,model.layers.21.linear_attn.out_proj.weight,1024,2048,0.00048828125,0.00036019441904500127,3.120867967605591,-0.0008844708208926022,0.13091520965099335,0.0001391492405673489,0.1613764762878418,0.334168940782547,0.0063381502404809,0.5202337503433228,1.482824683189392,0.0004421808407641947,104.14498901367188,2.148227758880239e-05,0.00013329229841474444,7.427572563756257e-05,0.22133444249629974,0.2710958421230316,0.009582135826349258,0.5135044455528259,1.4676573276519775,,,,,
175,model.layers.7.self_attn.q_proj.weight,4096,1024,0.000244140625,0.00015271228039637208,2.2324845790863037,-0.00019641756080091,0.3046804964542389,0.0008636953425593674,0.17551454901695251,0.26472508907318115,0.008031817153096199,0.5432312488555908,1.5361236333847046,0.00018293224275112152,211.45188903808594,1.0358176950830966e-05,0.00016253284411504865,7.425161311402917e-05,0.2237551361322403,0.2703436315059662,0.008165658451616764,0.5270823240280151,1.5348163843154907,0.07142692059278488,0.0717046856880188,0.8331623077392578,0.26223528385162354,0.26110270619392395
175,model.layers.7.self_attn.k_proj.weight,512,1024,0.0009765625,0.0011094685178250074,2.0753860473632812,4.220372375129955e-06,0.23538272082805634,0.0010614972561597824,0.11290822923183441,0.27291813492774963,0.015935590490698814,0.7832807302474976,1.3366349935531616,0.0009803196880966425,81.28771209716797,3.599922274588607e-05,6.732976180501282e-05,0.000174982676981017,0.2045256793498993,0.2807310223579407,0.00955161638557911,0.5617919564247131,1.4313992261886597,,,,,
175,model.layers.7.self_attn.v_proj.weight,512,1024,0.0009765625,0.0009200817439705133,1.850585699081421,0.00031313838553614914,0.42278173565864563,0.000397796364268288,0.1324937790632248,0.2522324025630951,0.003313765162602067,0.7453688979148865,1.4580013751983643,0.000916718621738255,49.34050750732422,3.8684829632984474e-05,6.829262565588579e-05,0.00019406875071581453,0.22735506296157837,0.25881803035736084,0.01057092659175396,0.5184997320175171,1.4145163297653198,,,,,
175,model.layers.7.self_attn.o_proj.weight,1024,2048,0.00048828125,0.00024119275622069836,2.0988576412200928,0.00010433661373099312,0.6755989789962769,5.114536907058209e-05,0.14808687567710876,0.3561527729034424,0.017112907022237778,0.5272029638290405,1.4132436513900757,0.00046897001448087394,60.418861389160156,1.550658453197684e-05,0.00013724018936045468,6.215543544385582e-05,0.17594337463378906,0.31834349036216736,0.006919152103364468,0.6228590607643127,1.526803731918335,,,,,
175,model.layers.15.self_attn.q_proj.weight,4096,1024,0.000244140625,0.00011782020010286942,2.8722004890441895,0.0002325854729861021,0.3259246051311493,0.00037358494591899216,0.2100098878145218,0.2385009527206421,0.0039425380527973175,0.4503900706768036,1.5451693534851074,0.0002237693697679788,212.15550231933594,4.194257144263247e-06,0.0001501525694038719,7.150053716031834e-05,0.22106428444385529,0.2712439000606537,0.007801756728440523,0.5089210867881775,1.5299781560897827,0.08323612064123154,0.08477756381034851,0.8413346409797668,,
175,model.layers.15.self_attn.k_proj.weight,512,1024,0.0009765625,0.0011415616609156132,3.824343204498291,-2.531430482122232e-06,0.2855392396450043,0.00010841752373380587,0.24839361011981964,0.23595957458019257,0.0034284074790775776,0.5476169586181641,1.474854588508606,0.0008844374679028988,70.98507690429688,1.810421781556215e-05,6.751975161023438e-05,4.973015529685654e-05,0.19096224009990692,0.3038146197795868,0.0068983896635472775,0.5981824398040771,1.472464919090271,,,,,
175,model.layers.15.self_attn.v_proj.weight,512,1024,0.0009765625,0.000848349358420819,1.7903386354446411,-0.0030394846107810736,0.2731899917125702,0.00023526787117589265,0.1750653088092804,0.2661004662513733,0.004412580747157335,0.6704471111297607,1.445872187614441,0.0009817052632570267,85.80169677734375,2.983378726639785e-05,5.181249071029015e-05,5.6221371778519824e-05,0.22622309625148773,0.26403623819351196,0.01035807654261589,0.5186113119125366,1.3647292852401733,,,,0.28488004207611084,0.27256888151168823
175,model.layers.15.self_attn.o_proj.weight,1024,2048,0.00048828125,0.00040134048322215676,1.811948537826538,-0.00107361632399261,0.46450525522232056,1.7628524801693857e-05,0.0982082188129425,0.43236640095710754,0.011997400783002377,0.5605157017707825,1.4488587379455566,0.0004476297472137958,84.32574462890625,1.2083529327355791e-05,0.00011533642827998847,6.385362212313339e-05,0.19056802988052368,0.30781492590904236,0.007887187413871288,0.5871344804763794,1.5170584917068481,,,,,
175,model.layers.19.self_attn.q_proj.weight,4096,1024,0.000244140625,0.00018436103709973395,3.5652074813842773,-0.00016475172014907002,0.17061622440814972,0.00032345682848244905,0.22930631041526794,0.2303755134344101,0.00835051853209734,0.429092139005661,1.5275547504425049,0.00021237808687146753,202.21080017089844,3.2812010886118514e-06,0.0001491314178565517,6.010582728777081e-05,0.21622176468372345,0.27457061409950256,0.00836081150919199,0.5141457319259644,1.5332269668579102,0.07911847531795502,0.08157938718795776,0.8328980207443237,,
175,model.layers.19.self_attn.k_proj.weight,512,1024,0.0009765625,0.0010659147519618273,4.379636287689209,8.527292266080622e-06,0.16323858499526978,0.00020718776795547456,0.249945268034935,0.21728643774986267,0.012746117077767849,0.5562758445739746,1.3753973245620728,0.0009905750630423427,82.81269073486328,-1.132850957219489e-05,6.399577250704169e-05,0.00010484601807547733,0.20944777131080627,0.278994619846344,0.00837412104010582,0.5555229783058167,1.4590362310409546,,,,,
175,model.layers.19.self_attn.v_proj.weight,512,1024,0.0009765625,0.0006091285031288862,1.5931369066238403,-0.0014404570683836937,0.13155999779701233,0.0008934183861128986,0.12655554711818695,0.27261969447135925,0.004808763042092323,0.7146430015563965,1.4323766231536865,0.0008814684697426856,71.2861557006836,3.0460339985438623e-05,4.752679888042621e-05,5.9166264691157266e-05,0.20407015085220337,0.2877427339553833,0.0076248496770858765,0.5217421054840088,1.467919945716858,,,,,
175,model.layers.19.self_attn.o_proj.weight,1024,2048,0.00048828125,0.0004896975005976856,1.4992849826812744,-0.000477567344205454,0.23719561100006104,5.7026027207029983e-05,0.06348413228988647,0.49742287397384644,0.00533545296639204,0.605534017086029,1.4558428525924683,0.0004466570680961013,123.80693817138672,2.284056790813338e-05,9.633494482841343e-05,7.80002010287717e-05,0.20808647572994232,0.2832530438899994,0.00863378494977951,0.5410538911819458,1.4890607595443726,,,,,
175,model.layers.1.mlp.gate_proj.weight,3584,1024,0.00027901785714285713,0.00025107519468292594,3.0315089225769043,0.00015637085016351193,0.289722740650177,0.0005411338061094284,0.18085968494415283,0.30685439705848694,0.00852935016155243,0.529977560043335,1.5193755626678467,0.00025919717154465616,267.19049072265625,1.6331972801708616e-05,0.00015256021288223565,0.00010371108510298654,0.2329227477312088,0.25708428025245667,0.00921644177287817,0.5110498070716858,1.5184882879257202,,,,0.24970252811908722,0.2585966885089874
175,model.layers.1.mlp.up_proj.weight,3584,1024,0.00027901785714285713,0.0002309159463038668,2.703629970550537,-6.74910334055312e-05,0.4813896715641022,0.00016443533240817487,0.16876104474067688,0.3245096504688263,0.00890497025102377,0.509671151638031,1.5134022235870361,0.00027616400620900095,164.2908935546875,2.2242071281652898e-05,0.00018612579151522368,0.00010713971278164536,0.23208341002464294,0.25712117552757263,0.009737230837345123,0.500275731086731,1.5104340314865112,,,,,
175,model.layers.1.mlp.down_proj.weight,1024,3584,0.00027901785714285713,0.0003056323912460357,5.300817966461182,-6.717824726365507e-05,0.46769580245018005,0.000676252820994705,0.19426605105400085,0.27795252203941345,0.014131812378764153,0.5396317839622498,1.4298666715621948,0.0002684219798538834,208.2447509765625,2.9947790608275682e-05,0.00019195879576727748,7.344493496930227e-05,0.21946552395820618,0.27018988132476807,0.008626430295407772,0.537036657333374,1.4780819416046143,0.06830812245607376,0.0749109759926796,0.8322204947471619,,
175,model.layers.12.mlp.gate_proj.weight,3584,1024,0.00027901785714285713,0.00017961488629225641,2.726290225982666,-0.00014145694149192423,0.3322179615497589,0.0007970229489728808,0.18956761062145233,0.23909248411655426,0.006491202861070633,0.5664514303207397,1.528382420539856,0.00022312504006549716,187.7278289794922,2.0889356164843775e-05,0.00015725150296930224,7.946241385070607e-05,0.2136285901069641,0.2778317630290985,0.007728956174105406,0.5450168251991272,1.5291842222213745,,,,,
175,model.layers.12.mlp.up_proj.weight,3584,1024,0.00027901785714285713,0.0002666678628884256,2.517711877822876,-0.0002415868075331673,0.5450291633605957,0.0004404745704960078,0.2205285280942917,0.24256731569766998,0.007707440759986639,0.5127440690994263,1.5181509256362915,0.0002661608159542084,154.99984741210938,5.693248021998443e-05,0.00017536518862470984,8.377911581192166e-05,0.2240513414144516,0.2646825313568115,0.009813620708882809,0.5036713480949402,1.5108803510665894,,,,,
175,model.layers.12.mlp.down_proj.weight,1024,3584,0.00027901785714285713,0.0002598771534394473,4.644149303436279,-0.00025447297957725823,0.5255818963050842,0.0001250913046533242,0.21917331218719482,0.2686760425567627,0.019083594903349876,0.48797285556793213,1.4105178117752075,0.00025624650879763067,115.0758056640625,3.735965583473444e-05,0.00019542573136277497,6.841170397819951e-05,0.18960605561733246,0.30045512318611145,0.007712909486144781,0.5984623432159424,1.5172046422958374,0.08037173002958298,0.0817728191614151,0.8445985317230225,,
175,model.layers.22.mlp.gate_proj.weight,3584,1024,0.00027901785714285713,0.00022983082453720272,2.9529025554656982,0.0004840864858124405,0.10713779181241989,0.000904042914044112,0.1785537600517273,0.25910329818725586,0.006905302405357361,0.5527383089065552,1.5254029035568237,0.0002340960782021284,242.6048583984375,1.6623673218418844e-05,0.00011806559632532299,7.281573925865814e-05,0.22562184929847717,0.26436764001846313,0.009387846104800701,0.5297453999519348,1.5219650268554688,,,,0.2919189929962158,0.27613189816474915
175,model.layers.22.mlp.up_proj.weight,3584,1024,0.00027901785714285713,0.00030057417461648583,2.833395481109619,-1.05737526610028e-05,0.23263101279735565,0.0008497399394400418,0.17071235179901123,0.30141568183898926,0.01289235707372427,0.5780456066131592,1.5103819370269775,0.0002586431219242513,205.75296020507812,2.3342183339991607e-05,0.00015018598060123622,9.93427456705831e-05,0.23373813927173615,0.2554738223552704,0.009831715375185013,0.5046433806419373,1.5110749006271362,,,,,
175,model.layers.22.mlp.down_proj.weight,1024,3584,0.00027901785714285713,0.0003484443586785346,2.8928864002227783,5.478984235196549e-07,0.21769686043262482,0.00035200591082684696,0.10863476991653442,0.40775060653686523,0.011414733715355396,0.5733194351196289,1.4562475681304932,0.0002859260712284595,125.70365142822266,-1.2364159374556039e-05,0.00016079505439847708,7.67164456192404e-05,0.22483322024345398,0.26569172739982605,0.008760307915508747,0.5203438401222229,1.4747127294540405,0.07719038426876068,0.07655181735754013,0.8204162120819092,,
175,model.layers.1.linear_attn.in_proj_qkv.weight,6144,1024,0.00016276041666666666,9.942043834598735e-05,2.451908826828003,0.00029718014411628246,0.24595797061920166,0.0008734969305805862,0.18825125694274902,0.26895901560783386,0.008782073855400085,0.5289164781570435,1.5352222919464111,0.00015710751176811755,248.13758850097656,1.365639218420256e-05,0.00018229028501082212,6.130867404863238e-05,0.23007285594940186,0.2622382938861847,0.006455015391111374,0.5195695161819458,1.5403486490249634,0.06303556263446808,0.06999479979276657,0.8162416219711304,,
175,model.layers.1.linear_attn.out_proj.weight,1024,2048,0.00048828125,0.0011937469244003296,1.4027774333953857,-0.00024348824808839709,0.5669257044792175,0.00026057474315166473,0.12948718667030334,0.37305712699890137,0.009872420690953732,0.5359805226325989,1.439935564994812,0.00047374318819493055,123.75167846679688,2.088507426378783e-05,0.00012387032620608807,8.091067866189405e-05,0.2118849754333496,0.2795011103153229,0.00833291094750166,0.5502740144729614,1.4863207340240479,,,,,
175,model.layers.12.linear_attn.in_proj_qkv.weight,6144,1024,0.00016276041666666666,6.483570905402303e-05,2.3689591884613037,1.3252371218186454e-06,0.3149261474609375,0.0004677922115661204,0.16910363733768463,0.2464555948972702,0.00346534326672554,0.5849421620368958,1.553068995475769,0.00012941501336172223,229.44140625,1.8652815924724564e-05,0.00016282047727145255,6.758647941751406e-05,0.21224884688854218,0.2798595428466797,0.007129542995244265,0.536881148815155,1.540358304977417,0.07831252366304398,0.06949497014284134,0.8240942358970642,,
175,model.layers.12.linear_attn.out_proj.weight,1024,2048,0.00048828125,0.0003031344967894256,2.220782995223999,0.0008786114049144089,0.44665101170539856,4.579911910695955e-05,0.16308239102363586,0.3340848982334137,0.013380620628595352,0.5159024000167847,1.4391831159591675,0.0004218249814584851,62.51222610473633,1.8511529560782947e-05,0.0001318431313848123,5.9300451539456844e-05,0.183830127120018,0.3119892179965973,0.00731704430654645,0.6028324961662292,1.5055164098739624,,,,,
175,model.layers.21.linear_attn.in_proj_qkv.weight,6144,1024,0.00016276041666666666,0.00010274726810166612,3.4532697200775146,0.0001816839794628322,0.07702157646417618,0.0003966506337746978,0.17232058942317963,0.2666500210762024,0.005030668806284666,0.5912767648696899,1.5425647497177124,0.00015427776088472456,337.1130676269531,3.6768196878256276e-06,0.00014451143215410411,8.445732964901254e-05,0.22997640073299408,0.26149022579193115,0.007979552261531353,0.5244646668434143,1.5295695066452026,0.07954967767000198,0.07616128772497177,0.8338738083839417,,
175,model.layers.21.linear_attn.out_proj.weight,1024,2048,0.00048828125,0.00035868413397111,3.1894025802612305,-0.00037440002779476345,0.13667143881320953,8.465515566058457e-05,0.15663248300552368,0.3401210606098175,0.007463006768375635,0.5277366638183594,1.46871817111969,0.0004258555418346077,83.88970184326172,3.247564018238336e-05,0.00011958338291151449,8.970811177277938e-05,0.21143755316734314,0.28203853964805603,0.008626713417470455,0.5277040004730225,1.476025104522705,,,,,
200,model.layers.7.self_attn.q_proj.weight,4096,1024,0.000244140625,0.0001447495014872402,2.867868185043335,0.00024009411572478712,0.29909563064575195,0.0009448420023545623,0.17480792105197906,0.2744980454444885,0.010201680473983288,0.5446698665618896,1.535315752029419,0.00021468829072546214,247.6132354736328,1.5777315638842992e-05,0.00015661597717553377,7.587722939206287e-05,0.2230546474456787,0.26989200711250305,0.008402294479310513,0.5244044065475464,1.5264438390731812,0.0635661855340004,0.06523920595645905,0.8831217288970947,0.24207143485546112,0.25109025835990906
200,model.layers.7.self_attn.k_proj.weight,512,1024,0.0009765625,0.001094022416509688,3.405050039291382,-1.9264012735220604e-05,0.21706268191337585,0.002210005884990096,0.14403295516967773,0.2638865113258362,0.024457229301333427,0.7123784422874451,1.3212153911590576,0.0009563820203766227,101.8852310180664,-3.333322092657909e-05,6.147086241981015e-05,0.00014438715879805386,0.20765170454978943,0.2808230221271515,0.009577496908605099,0.5563957095146179,1.3958958387374878,,,,,
200,model.layers.7.self_attn.v_proj.weight,512,1024,0.0009765625,0.0007680364069528878,2.013190269470215,-0.0003596663009375334,0.4038037061691284,0.00010327033669454977,0.14346247911453247,0.2503185272216797,0.0025161050725728273,0.7275080680847168,1.469841480255127,0.000978545518592,62.51979064941406,5.162861634744331e-05,6.619883060920984e-05,0.00011181915033375844,0.23368065059185028,0.2508900761604309,0.010691026225686073,0.5123326182365417,1.3537315130233765,,,,,
200,model.layers.7.self_attn.o_proj.weight,1024,2048,0.00048828125,0.0002388492284808308,2.2884724140167236,-0.00011098908726125956,0.6618747711181641,2.988814958371222e-05,0.1567789912223816,0.3438490033149719,0.01169200986623764,0.5114284157752991,1.435068964958191,0.00048407886060886085,61.70528030395508,5.54002690478228e-05,0.00013566427514888346,5.912273263675161e-05,0.18355372548103333,0.31108754873275757,0.0072837332263588905,0.6055430769920349,1.5177431106567383,,,,,
200,model.layers.15.self_attn.q_proj.weight,4096,1024,0.000244140625,0.0001234762166859582,2.4356324672698975,-0.00032433366868644953,0.32492098212242126,0.0002958400291390717,0.20203864574432373,0.23793689906597137,0.003375411033630371,0.4627169966697693,1.5474382638931274,0.00020975944062229246,219.06175231933594,1.3344859326025471e-05,0.00014919314708095044,6.157323514344171e-05,0.22026288509368896,0.2708367705345154,0.007742451969534159,0.5068850517272949,1.5288103818893433,0.07611213624477386,0.06912191957235336,0.8874577879905701,,
200,model.layers.15.self_attn.k_proj.weight,512,1024,0.0009765625,0.0009085388155654073,3.707562208175659,3.6217004435457056e-06,0.2633267641067505,5.258060264168307e-05,0.29070088267326355,0.20311129093170166,0.004108757246285677,0.5096786618232727,1.4662412405014038,0.0008920113323256373,70.14388275146484,3.056324567296542e-05,6.530909013235942e-05,8.695544966030866e-05,0.197804793715477,0.2952847182750702,0.00763980858027935,0.5776803493499756,1.4533895254135132,,,,,
200,model.layers.15.self_attn.v_proj.weight,512,1024,0.0009765625,0.0007314652320928872,1.6023114919662476,-0.0008941700216382742,0.27057719230651855,0.00034684178535826504,0.13133573532104492,0.30757859349250793,0.006169618107378483,0.7388712763786316,1.450366735458374,0.0010083033703267574,87.30675506591797,3.275371273048222e-05,5.044660792918876e-05,7.299184653675184e-05,0.23147661983966827,0.2594270408153534,0.006074027623981237,0.5134584307670593,1.4737129211425781,,,,0.29076945781707764,0.295710027217865
200,model.layers.15.self_attn.o_proj.weight,1024,2048,0.00048828125,0.00037650580634362996,1.843300700187683,-0.000323627726174891,0.44594982266426086,1.543096368550323e-05,0.09126449376344681,0.43991467356681824,0.011433064937591553,0.5598554611206055,1.4385493993759155,0.0004610986798070371,67.35206604003906,1.0918737643805798e-05,0.00011363904195604846,7.877961616031826e-05,0.19825658202171326,0.2993921637535095,0.00793627928942442,0.5721138715744019,1.5056759119033813,,,,,
200,model.layers.19.self_attn.q_proj.weight,4096,1024,0.000244140625,0.00015942298341542482,3.3768527507781982,-0.0008212869288399816,0.15935100615024567,0.0005849245353601873,0.22638128697872162,0.231822669506073,0.008203555829823017,0.4340687692165375,1.529260516166687,0.0002102061262121424,204.2064666748047,1.4280762115959078e-05,0.00014644394104834646,8.218113362090662e-05,0.21742692589759827,0.27503353357315063,0.00828703586012125,0.5172961354255676,1.532369613647461,0.07710082083940506,0.07016678154468536,0.8814312219619751,,
200,model.layers.19.self_attn.k_proj.weight,512,1024,0.0009765625,0.0008394626202061772,3.767983913421631,-1.580305070092436e-05,0.14640623331069946,0.0002424038393655792,0.22722569108009338,0.23938408493995667,0.013161259703338146,0.5798777341842651,1.350420594215393,0.0009341126424260437,78.1966781616211,1.789230555004906e-05,6.087361180107109e-05,9.553867130307481e-05,0.20722118020057678,0.2826641798019409,0.007209988310933113,0.5622215867042542,1.4651652574539185,,,,,
200,model.layers.19.self_attn.v_proj.weight,512,1024,0.0009765625,0.0008337063482031226,1.6203923225402832,-0.00018995071877725422,0.12216084450483322,0.0009449570789001882,0.11402872949838638,0.2879747450351715,0.005130410194396973,0.7370640635490417,1.4240368604660034,0.000758496520575136,49.706443786621094,-9.803649845707696e-06,4.885409362032078e-05,9.333217167295516e-05,0.20477773249149323,0.28771331906318665,0.009358069859445095,0.530093789100647,1.4059607982635498,,,,,
200,model.layers.19.self_attn.o_proj.weight,1024,2048,0.00048828125,0.0005606011254712939,1.3965671062469482,-5.202560350880958e-05,0.2560586631298065,7.022632053121924e-05,0.051899056881666183,0.5371950268745422,0.008974202908575535,0.631841778755188,1.4657524824142456,0.00045027886517345905,127.70902252197266,1.7854394172900356e-05,9.597190364729613e-05,7.096697663655505e-05,0.20487633347511292,0.2873608469963074,0.008843517862260342,0.5412563681602478,1.479872703552246,,,,,
200,model.layers.1.mlp.gate_proj.weight,3584,1024,0.00027901785714285713,0.00024269022105727345,2.939669132232666,7.578509394079447e-05,0.305767297744751,0.00021283733076415956,0.18403176963329315,0.30195894837379456,0.006903192959725857,0.5315685868263245,1.5218113660812378,0.0002705455699469894,212.46034240722656,2.5712539354572073e-05,0.000148716353578493,9.818874968914315e-05,0.23304007947444916,0.25703489780426025,0.009328735992312431,0.5095821619033813,1.515936255455017,,,,0.24639523029327393,0.2293471246957779
200,model.layers.1.mlp.up_proj.weight,3584,1024,0.00027901785714285713,0.0002484435390215367,2.6730380058288574,0.0004447630199138075,0.5087541341781616,0.00010559778456808999,0.17380785942077637,0.3067643940448761,0.007499800529330969,0.4918069541454315,1.5155552625656128,0.00028441500035114586,145.28390502929688,5.096963286632672e-05,0.0001817091106204316,0.00010741985897766426,0.231373593211174,0.25809741020202637,0.009787322022020817,0.5017489790916443,1.5076396465301514,,,,,
200,model.layers.1.mlp.down_proj.weight,1024,3584,0.00027901785714285713,0.00027744274120777845,5.1617207527160645,0.0004477987822610885,0.4954633116722107,0.0008471583714708686,0.19833248853683472,0.2724805772304535,0.012668434530496597,0.5321746468544006,1.4439128637313843,0.0002859625092241913,201.6043701171875,7.318059215322137e-05,0.00018475660181138664,8.082664135145023e-05,0.21930046379566193,0.26830512285232544,0.009020050056278706,0.5354607701301575,1.4790908098220825,0.07262233644723892,0.06783976405858994,0.9023483991622925,,
200,model.layers.12.mlp.gate_proj.weight,3584,1024,0.00027901785714285713,0.00018689325952436775,2.7296247482299805,0.0002862894325517118,0.3356892466545105,0.0009005040628835559,0.19097112119197845,0.2407512664794922,0.006589578464627266,0.5642938613891602,1.5270240306854248,0.00026067657745443285,212.56109619140625,1.6682655768818222e-05,0.00015919387806206942,5.724294169340283e-05,0.2133299857378006,0.2785192131996155,0.0073079378344118595,0.5459484457969666,1.529161810874939,,,,,
200,model.layers.12.mlp.up_proj.weight,3584,1024,0.00027901785714285713,0.0002742645447142422,2.599154472351074,0.00022969624842517078,0.5332064628601074,0.0005106247845105827,0.22543230652809143,0.24107125401496887,0.00961144920438528,0.49827679991722107,1.5138882398605347,0.00028219626983627677,157.24755859375,5.034225250710733e-05,0.00018071266822516918,8.488330786349252e-05,0.2226448357105255,0.26663416624069214,0.009794813580811024,0.5051867961883545,1.5148520469665527,,,,,
200,model.layers.12.mlp.down_proj.weight,1024,3584,0.00027901785714285713,0.0002466124133206904,4.8219194412231445,0.0002460805408190936,0.5175039172172546,0.0001765028719091788,0.21567146480083466,0.2712072730064392,0.019586805254220963,0.4961799681186676,1.3865784406661987,0.0002600587613414973,120.99726104736328,3.447301787673496e-05,0.00019221134425606579,7.630760956089944e-05,0.1990412324666977,0.2913353741168976,0.008025572635233402,0.5772203207015991,1.5204883813858032,0.0713193267583847,0.06996055692434311,0.9044137597084045,,
200,model.layers.22.mlp.gate_proj.weight,3584,1024,0.00027901785714285713,0.0001938808272825554,2.982673406600952,0.0005473790806718171,0.121471107006073,0.0007729966891929507,0.17110446095466614,0.2628163695335388,0.006797228939831257,0.5850268006324768,1.5269815921783447,0.0002275925362482667,206.81927490234375,1.1796284525189549e-05,0.00011997831461485475,9.988627425627783e-05,0.2227717936038971,0.26715418696403503,0.00972225796431303,0.534109890460968,1.517617106437683,,,,0.2632652819156647,0.2616816461086273
200,model.layers.22.mlp.up_proj.weight,3584,1024,0.00027901785714285713,0.0005179643048904836,3.0797853469848633,0.000434130517533049,0.25015899538993835,0.0007709525525569916,0.17772167921066284,0.29103899002075195,0.010825878009200096,0.5760592222213745,1.510554552078247,0.00025995736359618604,210.21031188964844,1.6291814972646534e-05,0.0001530991867184639,0.00012835400411859155,0.2344183772802353,0.2557336688041687,0.009883725084364414,0.505323588848114,1.512481451034546,,,,,
200,model.layers.22.mlp.down_proj.weight,1024,3584,0.00027901785714285713,0.00036515836836770177,2.9368746280670166,0.000503299874253571,0.23636162281036377,0.0001479488128097728,0.10703274607658386,0.42767614126205444,0.007469653617590666,0.5948821306228638,1.466058373451233,0.0002699054020922631,149.22239685058594,4.257708496879786e-05,0.0001638702815398574,8.379159407922998e-05,0.2249186486005783,0.2654241919517517,0.008753967471420765,0.5239680409431458,1.4726556539535522,0.07198668271303177,0.07289743423461914,0.8373181223869324,,
200,model.layers.1.linear_attn.in_proj_qkv.weight,6144,1024,0.00016276041666666666,0.00014083045243751258,2.47725248336792,5.41102508577751e-07,0.2745620310306549,0.0006593175348825753,0.1944064497947693,0.26176875829696655,0.006978394463658333,0.5262973308563232,1.5346096754074097,0.00016018883616197854,220.54275512695312,2.4246441171271726e-05,0.00018233472655992955,7.775145786581561e-05,0.2302618771791458,0.26126956939697266,0.006826659198850393,0.5171214938163757,1.5359795093536377,0.07092064619064331,0.06909436732530594,0.8866361975669861,,
200,model.layers.1.linear_attn.out_proj.weight,1024,2048,0.00048828125,0.0012557244626805186,1.4076398611068726,-0.0004568559234030545,0.5983604192733765,0.00020131704513914883,0.13998140394687653,0.35295066237449646,0.01005164347589016,0.5118046402931213,1.4562335014343262,0.00044103164691478014,130.63905334472656,3.13863783958368e-05,0.00012253386375959963,8.445094135822728e-05,0.2128249853849411,0.27721723914146423,0.008227929472923279,0.5440356731414795,1.4803440570831299,,,,,
200,model.layers.12.linear_attn.in_proj_qkv.weight,6144,1024,0.00016276041666666666,5.779945422546007e-05,2.1663479804992676,-0.00011117586109321564,0.3410429060459137,0.00045559759018942714,0.16138119995594025,0.24953193962574005,0.0033394398633390665,0.5965215563774109,1.5518656969070435,0.0001431124983355403,221.6619415283203,1.0159599696635269e-05,0.00017709238454699516,6.540771573781967e-05,0.21519185602664948,0.2769556939601898,0.007701881695538759,0.5310195684432983,1.537695288658142,0.07121878117322922,0.07672006636857986,0.8716176748275757,,
200,model.layers.12.linear_attn.out_proj.weight,1024,2048,0.00048828125,0.00027620274340733886,2.165032386779785,-8.62203523865901e-05,0.4556899070739746,5.5794913350837305e-05,0.1647140383720398,0.3246053457260132,0.0242652278393507,0.5004721879959106,1.414355993270874,0.00045882861013524234,64.63984680175781,1.2432247785909567e-05,0.000136001079226844,5.9410980611573905e-05,0.1894807666540146,0.3062871992588043,0.007324796169996262,0.592420756816864,1.5058997869491577,,,,,
200,model.layers.21.linear_attn.in_proj_qkv.weight,6144,1024,0.00016276041666666666,0.00010868706158362329,3.2435648441314697,-0.00040705990977585316,0.08780574053525925,0.0006091445684432983,0.18620935082435608,0.24658139050006866,0.004956775810569525,0.5799005627632141,1.5450037717819214,0.0001463137596147135,300.1982116699219,1.4588741770182878e-08,0.000144527482916601,9.58196324063465e-05,0.22957532107830048,0.2624247372150421,0.007804176304489374,0.5253570675849915,1.5376834869384766,0.08202493190765381,0.07172827422618866,0.862154483795166,,
200,model.layers.21.linear_attn.out_proj.weight,1024,2048,0.00048828125,0.00039888540050014853,2.827198028564453,0.0003364281146787107,0.15462057292461395,6.701212987536564e-05,0.14948129653930664,0.3578069806098938,0.006580663379281759,0.5557547211647034,1.4700168371200562,0.00041335722198709846,96.48490905761719,3.29364302160684e-05,0.00012406830501277,7.621394615853205e-05,0.2147446870803833,0.27908122539520264,0.009070825763046741,0.5235137939453125,1.4608118534088135,,,,,
225,model.layers.7.self_attn.q_proj.weight,4096,1024,0.000244140625,0.00014740160258952528,2.9028444290161133,-0.0007391598192043602,0.2614559233188629,0.001679263194091618,0.17362768948078156,0.26576441526412964,0.009564099833369255,0.5323521494865417,1.5386537313461304,0.00019248804892413318,212.05332946777344,1.928071924339747e-06,0.00015392113709822297,7.181648834375665e-05,0.2227126508951187,0.2695152759552002,0.008286521770060062,0.5249435901641846,1.527357578277588,0.05780814588069916,0.06791244447231293,0.8563038110733032,0.269541472196579,0.2775059640407562
225,model.layers.7.self_attn.k_proj.weight,512,1024,0.0009765625,0.0010327415075153112,4.703101634979248,6.489555744337849e-06,0.18745797872543335,0.0017936863005161285,0.17619268596172333,0.2515861988067627,0.027919266372919083,0.6634202003479004,1.3137937784194946,0.0010293425293639302,95.67545318603516,-3.718425068655051e-05,5.896920629311353e-05,9.090340608963743e-05,0.21410909295082092,0.27218392491340637,0.00918522384017706,0.5394774675369263,1.4049538373947144,,,,,
225,model.layers.7.self_attn.v_proj.weight,512,1024,0.0009765625,0.000824619026388973,1.714431881904602,-0.0017767060780897737,0.3950601816177368,0.0004497608169913292,0.13085438311100006,0.2572161555290222,0.0036289338022470474,0.7468178868293762,1.4733368158340454,0.0009613300208002329,64.39647674560547,8.356943908438552e-06,6.646537076449022e-05,7.812088733771816e-05,0.2313559204339981,0.25491130352020264,0.00655184593051672,0.515587568283081,1.4786927700042725,,,,,
225,model.layers.7.self_attn.o_proj.weight,1024,2048,0.00048828125,0.00023421789228450507,2.1617789268493652,-0.0006410328205674887,0.583742618560791,3.716275386977941e-05,0.15353454649448395,0.34208160638809204,0.014042933471500874,0.5066192150115967,1.4329804182052612,0.0004477743059396744,57.03361511230469,4.363352127256803e-05,0.00013563076208811253,6.126072548795491e-05,0.17627309262752533,0.3213670551776886,0.007082437630742788,0.6218736171722412,1.5267683267593384,,,,,
225,model.layers.15.self_attn.q_proj.weight,4096,1024,0.000244140625,0.00013560948718804866,3.689920663833618,-2.9094366254867055e-05,0.26301175355911255,0.0003951374674215913,0.2195582389831543,0.23160459101200104,0.003974742256104946,0.43445372581481934,1.5455379486083984,0.00021638187172356993,219.03770446777344,1.591944419487845e-05,0.00014821805234532803,8.625227928860113e-05,0.2204274833202362,0.2709704637527466,0.008079512044787407,0.5087003707885742,1.525773048400879,0.06214173510670662,0.06758435070514679,0.8791279196739197,,
225,model.layers.15.self_attn.k_proj.weight,512,1024,0.0009765625,0.0009602710488252342,3.8751578330993652,5.580022389040096e-06,0.22786791622638702,8.307340613100678e-05,0.25155046582221985,0.23132742941379547,0.004804682452231646,0.5439071655273438,1.4535669088363647,0.0008977311081252992,32.393287658691406,-1.2346767164217454e-08,6.157960160635412e-05,6.334363570204005e-05,0.1971139758825302,0.2981182634830475,0.007291270885616541,0.5829035043716431,1.4515544176101685,,,,,
225,model.layers.15.self_attn.v_proj.weight,512,1024,0.0009765625,0.0008338156621903181,2.1002190113067627,0.0005675946013070643,0.2056961953639984,9.00307422853075e-05,0.20290762186050415,0.25028133392333984,0.009036113508045673,0.6104260087013245,1.4259662628173828,0.0009472957463003695,80.85963439941406,2.26653919526143e-05,5.171979501028545e-05,4.3416384869487956e-05,0.22800707817077637,0.26368001103401184,0.006611224729567766,0.518452525138855,1.4693330526351929,,,,0.26589760184288025,0.24836649000644684
225,model.layers.15.self_attn.o_proj.weight,1024,2048,0.00048828125,0.0003937967121601105,1.8790122270584106,0.00017795369785744697,0.3985327184200287,2.055643381027039e-05,0.0925477147102356,0.4480306804180145,0.01035332027822733,0.5785648822784424,1.4528124332427979,0.0004522057715803385,89.82632446289062,1.4040529094927479e-05,0.00011227806680835783,6.450992805184796e-05,0.18889875710010529,0.3074836730957031,0.007825581356883049,0.5903278589248657,1.511426568031311,,,,,
225,model.layers.19.self_attn.q_proj.weight,4096,1024,0.000244140625,0.00017788572586141527,3.985156536102295,0.0007237515528686345,0.1434323936700821,0.0004323117609601468,0.23196594417095184,0.2250830978155136,0.008663803339004517,0.4170358180999756,1.5299856662750244,0.0002034102799370885,201.6887969970703,3.2713880955270724e-06,0.00014860245573800057,9.094488632399589e-05,0.21862386167049408,0.2723334729671478,0.008805232122540474,0.5150017142295837,1.5233879089355469,0.06367534399032593,0.06488586217164993,0.8577603101730347,,
225,model.layers.19.self_attn.k_proj.weight,512,1024,0.0009765625,0.0010739939752966166,4.1120805740356445,-8.3604563769768e-06,0.1362253874540329,0.0005755729507654905,0.26099494099617004,0.21224448084831238,0.014462859369814396,0.5357925295829773,1.3466668128967285,0.0010333240497857332,72.80872344970703,3.907123755197972e-05,6.36469922028482e-05,4.956609700457193e-05,0.2066406011581421,0.2833488881587982,0.007720632944256067,0.5636837482452393,1.476050853729248,,,,,
225,model.layers.19.self_attn.v_proj.weight,512,1024,0.0009765625,0.0008657443686388433,1.6162165403366089,-0.0028619153890758753,0.114102303981781,0.0017553115030750632,0.1253717988729477,0.27882102131843567,0.007144840434193611,0.6935929656028748,1.448474407196045,0.000926860433537513,57.85321807861328,2.731192398641724e-05,5.067482197773643e-05,5.5030988733051345e-05,0.20931720733642578,0.2835061550140381,0.008286179974675179,0.5159055590629578,1.4320429563522339,,,,,
225,model.layers.19.self_attn.o_proj.weight,1024,2048,0.00048828125,0.0006543165072798729,1.4402647018432617,-0.0008423441322520375,0.22940637171268463,4.9192785809282213e-05,0.055024653673172,0.5706477761268616,0.009254522621631622,0.680959165096283,1.4643633365631104,0.00047535105841234326,132.41177368164062,1.6606469216640107e-05,9.953199332812801e-05,8.344851084984839e-05,0.2081032395362854,0.28422144055366516,0.00879089254885912,0.537163257598877,1.4819722175598145,,,,,
225,model.layers.1.mlp.gate_proj.weight,3584,1024,0.00027901785714285713,0.0002316158206667751,2.640855073928833,0.0009175144950859249,0.2571568191051483,0.0002981350407935679,0.17985086143016815,0.3008460998535156,0.007944379933178425,0.5182141065597534,1.5180250406265259,0.0002821496163960546,209.58697509765625,2.7832482373923995e-05,0.00015225462266243994,7.408026431221515e-05,0.23546026647090912,0.255337119102478,0.009332876652479172,0.5088382959365845,1.514832615852356,,,,0.27563413977622986,0.26895344257354736
225,model.layers.1.mlp.up_proj.weight,3584,1024,0.00027901785714285713,0.0002475959190633148,2.638014554977417,0.000944040366448462,0.41561102867126465,9.896401752484962e-05,0.16327422857284546,0.3354078531265259,0.0070077418349683285,0.5197082161903381,1.5125058889389038,0.00029292466933839023,175.7430419921875,8.362066728295758e-05,0.00018986742361448705,0.00011013552284566686,0.2339177131652832,0.25717467069625854,0.009833119809627533,0.5012802481651306,1.5145288705825806,,,,,
225,model.layers.1.mlp.down_proj.weight,1024,3584,0.00027901785714285713,0.00025489498511888087,4.618957996368408,0.000953972281422466,0.4070925712585449,0.001615053741261363,0.19111116230487823,0.2788715064525604,0.01486870739609003,0.5413264632225037,1.4429566860198975,0.00025515706511214375,209.8367156982422,7.193798228399828e-05,0.0001925167307490483,8.673289266880602e-05,0.21794208884239197,0.2714290916919708,0.00855104811489582,0.5410574674606323,1.4837985038757324,0.05949942395091057,0.07050453126430511,0.8800204992294312,,
225,model.layers.12.mlp.gate_proj.weight,3584,1024,0.00027901785714285713,0.00018202804494649172,2.8169846534729004,-0.00034712342312559485,0.2954491078853607,0.000911679700948298,0.1943518966436386,0.23769153654575348,0.006486471276730299,0.5595874786376953,1.5311884880065918,0.00022899440955370665,154.5201873779297,2.7598358428804204e-05,0.00016830966342240572,8.12073121778667e-05,0.216419517993927,0.2756204605102539,0.00796881876885891,0.5410337448120117,1.5257902145385742,,,,,
225,model.layers.12.mlp.up_proj.weight,3584,1024,0.00027901785714285713,0.0002857518848031759,2.8444979190826416,-0.0004169702297076583,0.46709516644477844,0.0008712008129805326,0.21955068409442902,0.2456221580505371,0.011844468303024769,0.5094438195228577,1.5206271409988403,0.0002792593149933964,140.83328247070312,2.8862034014309756e-05,0.00018790214380715042,8.782743680058047e-05,0.22375141084194183,0.264721542596817,0.00984729453921318,0.5060227513313293,1.5124907493591309,,,,,
225,model.layers.12.mlp.down_proj.weight,1024,3584,0.00027901785714285713,0.00026180202257819474,5.405744552612305,-0.00043615777394734323,0.45769160985946655,0.0001299516879953444,0.20932988822460175,0.2774312496185303,0.02216300182044506,0.5078532695770264,1.391096830368042,0.0002651422400958836,81.20304870605469,6.334629870252684e-05,0.0002066657179966569,6.861609290353954e-05,0.18715795874595642,0.3041187524795532,0.007806374225765467,0.6024499535560608,1.525734305381775,0.06956462562084198,0.07275968790054321,0.8784027099609375,,
225,model.layers.22.mlp.gate_proj.weight,3584,1024,0.00027901785714285713,0.00021035512327216566,3.006208658218384,-0.0005633550463244319,0.10108260065317154,0.0005258200108073652,0.18992073833942413,0.24796712398529053,0.006406740751117468,0.5407553911209106,1.524614930152893,0.00023185499594546854,203.19815063476562,1.3314808029463165e-06,0.00012871446961071342,0.0001098826396628283,0.2258157730102539,0.26512596011161804,0.009852376766502857,0.5288888812065125,1.518652319908142,,,,0.27496880292892456,0.2721840739250183
225,model.layers.22.mlp.up_proj.weight,3584,1024,0.00027901785714285713,0.00024383727577514946,2.771237850189209,-0.000518112035933882,0.23851770162582397,0.0006403040606528521,0.17047910392284393,0.3020438849925995,0.011891868896782398,0.5901997089385986,1.5131362676620483,0.00027846943703480065,206.77691650390625,2.5329558411613107e-05,0.00016072677681222558,9.442138980375603e-05,0.23500481247901917,0.2540185749530792,0.010088760405778885,0.5044676661491394,1.5093275308609009,,,,,
225,model.layers.22.mlp.down_proj.weight,1024,3584,0.00027901785714285713,0.00032116033253259957,3.017864227294922,-0.0006386999739333987,0.21240253746509552,0.000246210751356557,0.10542997717857361,0.41278722882270813,0.007338250521570444,0.5831610560417175,1.458957314491272,0.0002702248457353562,132.6154327392578,2.8300633857725188e-05,0.0001774837146513164,0.00010507946717552841,0.2253083884716034,0.26618513464927673,0.008549497462809086,0.5210698246955872,1.466471791267395,0.06307042390108109,0.06651195883750916,0.832707405090332,,
225,model.layers.1.linear_attn.in_proj_qkv.weight,6144,1024,0.00016276041666666666,0.0003106517833657563,2.3669135570526123,0.00043443977483548224,0.22095730900764465,0.0007641726988367736,0.191762313246727,0.2649252116680145,0.008993564173579216,0.5133890509605408,1.5324054956436157,0.00014356360770761967,218.1898651123047,2.252695594506804e-05,0.00018006372556556016,5.449751188280061e-05,0.2296135425567627,0.26297232508659363,0.007123006507754326,0.518044650554657,1.5395780801773071,0.06679441034793854,0.06517629325389862,0.8586096167564392,,
225,model.layers.1.linear_attn.out_proj.weight,1024,2048,0.00048828125,0.0006929659866727889,1.4119844436645508,0.00018062909657601267,0.4947826862335205,0.000638255150988698,0.13409844040870667,0.3553498387336731,0.015208442695438862,0.5144620537757874,1.4387710094451904,0.00047230522613972425,122.59856414794922,1.7895226847031154e-05,0.00012354491627775133,0.0001075576656148769,0.2102116495370865,0.2796151638031006,0.008011152036488056,0.5533689260482788,1.494001030921936,,,,,
225,model.layers.12.linear_attn.in_proj_qkv.weight,6144,1024,0.00016276041666666666,6.29882124485448e-05,2.4505748748779297,-0.0003766193112824112,0.27550163865089417,0.0005156910046935081,0.16539297997951508,0.24747584760189056,0.003473611082881689,0.5884647369384766,1.5517114400863647,0.0001450151758035645,186.2903289794922,7.638640454388224e-06,0.00017615073011256754,5.727077223127708e-05,0.21464994549751282,0.2776935398578644,0.007275843992829323,0.5320740342140198,1.5444828271865845,0.06404810398817062,0.06750001758337021,0.8517468571662903,,
225,model.layers.12.linear_attn.out_proj.weight,1024,2048,0.00048828125,0.0002860017993953079,2.3248097896575928,-0.00040836638072505593,0.4017397165298462,5.354721361072734e-05,0.16514715552330017,0.32828158140182495,0.014645788818597794,0.5114633440971375,1.4410202503204346,0.0004489810380619019,62.363887786865234,3.09175047732424e-05,0.0001395942672388628,6.719423981849104e-05,0.18348440527915955,0.3117627799510956,0.007534549105912447,0.6022473573684692,1.5071171522140503,,,,,
225,model.layers.21.linear_attn.in_proj_qkv.weight,6144,1024,0.00016276041666666666,0.0001137155486503616,3.40966796875,8.839200745569542e-05,0.07377298176288605,0.001041715033352375,0.1865108758211136,0.24591164290905,0.00656972685828805,0.580388069152832,1.543028712272644,0.00013663874415215105,288.50933837890625,3.478885673757759e-06,0.00015727740537840873,7.560192898381501e-05,0.22579115629196167,0.266266793012619,0.007131919264793396,0.5323705673217773,1.5373549461364746,0.0715416818857193,0.07379645109176636,0.8776901960372925,,
225,model.layers.21.linear_attn.out_proj.weight,1024,2048,0.00048828125,0.00043489306699484587,3.203660249710083,-0.00032535186619497836,0.13340243697166443,8.904464630177245e-05,0.1438692957162857,0.36343854665756226,0.007057009730488062,0.5601654052734375,1.4687961339950562,0.0004349087248556316,95.21752166748047,1.713108531475882e-06,0.00013013403804507107,6.282309186644852e-05,0.21706321835517883,0.2759753465652466,0.009008930996060371,0.519279420375824,1.4687047004699707,,,,,
250,model.layers.7.self_attn.q_proj.weight,4096,1024,0.000244140625,0.0001347420475212857,2.4628779888153076,-0.0004934192402288318,0.30262285470962524,0.0011494277277961373,0.1712491810321808,0.26777610182762146,0.00807261373847723,0.5368428826332092,1.5359807014465332,0.00021410375484265387,261.1881408691406,2.8908694730489515e-05,0.00015514952247031033,9.795688674785197e-05,0.2236606776714325,0.26862311363220215,0.0087260277941823,0.5216222405433655,1.5284576416015625,0.0630374550819397,0.06851991266012192,0.8864409923553467,0.26289159059524536,0.2846905291080475
250,model.layers.7.self_attn.k_proj.weight,512,1024,0.0009765625,0.0011745711090043187,2.770134687423706,3.5974878755951067e-06,0.21283482015132904,0.0024254375603049994,0.1466676890850067,0.25690001249313354,0.026653435081243515,0.7113103866577148,1.3303512334823608,0.0010261613642796874,95.30189514160156,3.5554061469156295e-05,6.014040991431102e-05,0.0001107743228203617,0.21431683003902435,0.26974305510520935,0.009140838868916035,0.5464714169502258,1.3937526941299438,,,,,
250,model.layers.7.self_attn.v_proj.weight,512,1024,0.0009765625,0.0009488777141086757,1.9906426668167114,-0.00033063755836337805,0.41272246837615967,0.000391515000956133,0.13944262266159058,0.2504293918609619,0.003261168487370014,0.7329425811767578,1.4749386310577393,0.0009486356284469366,80.87370300292969,6.872102676425129e-05,6.595413287868723e-05,0.0001666259195189923,0.22569938004016876,0.2605026960372925,0.00806455034762621,0.524780809879303,1.43746817111969,,,,,
250,model.layers.7.self_attn.o_proj.weight,1024,2048,0.00048828125,0.00022473417629953474,2.133183002471924,-0.00010927091352641582,0.6635090112686157,4.4586267904378474e-05,0.1626337319612503,0.32333144545555115,0.016648998484015465,0.48348137736320496,1.424668550491333,0.0005065425066277385,76.44942474365234,3.967531301896088e-05,0.00013393626431934536,6.943821790628135e-05,0.18335466086864471,0.30963101983070374,0.007365155033767223,0.6061331033706665,1.5149554014205933,,,,,
250,model.layers.15.self_attn.q_proj.weight,4096,1024,0.000244140625,0.0001373246341245249,3.9402661323547363,-0.00027708287234418094,0.2767830193042755,0.00022146386618260294,0.22107478976249695,0.23238979279994965,0.003336793975904584,0.441184401512146,1.54791259765625,0.00021294983162079006,213.15513610839844,5.565225819736952e-06,0.00014844309771433473,7.412070408463478e-05,0.22167588770389557,0.2693769931793213,0.008096694014966488,0.5065915584564209,1.5257738828659058,0.0662153959274292,0.0638604387640953,0.8875261545181274,,
250,model.layers.15.self_attn.k_proj.weight,512,1024,0.0009765625,0.0009592962451279163,5.472713470458984,1.2869019883510191e-05,0.24099035561084747,5.407897333498113e-05,0.2642945647239685,0.23120646178722382,0.003962517250329256,0.5193633437156677,1.4588996171951294,0.0009192809811793268,62.49270248413086,-3.569110049284063e-05,6.241435039555654e-05,5.186000998946838e-05,0.20318084955215454,0.2885018289089203,0.007330182008445263,0.5685847401618958,1.4489262104034424,,,,,
250,model.layers.15.self_attn.v_proj.weight,512,1024,0.0009765625,0.0008606900810264051,2.022839307785034,0.0010833034757524729,0.23198488354682922,0.00030722448718734086,0.18818677961826324,0.26755210757255554,0.005124950315803289,0.6415151953697205,1.4448331594467163,0.0008464569691568613,63.22406005859375,1.7053333067451604e-05,5.540085840038955e-05,8.179856376955286e-05,0.21687161922454834,0.27252909541130066,0.008937220089137554,0.5326827764511108,1.410326361656189,,,,0.2790641784667969,0.28327101469039917
250,model.layers.15.self_attn.o_proj.weight,1024,2048,0.00048828125,0.0004237657121848315,1.9645109176635742,0.0003580025804694742,0.41975992918014526,2.3071652321959846e-05,0.10061419010162354,0.4372820556163788,0.011772931553423405,0.5711227655410767,1.4360363483428955,0.0004622305277734995,58.777767181396484,1.7542639398016036e-05,0.00011545785673661157,7.657981041120365e-05,0.18698208034038544,0.30925700068473816,0.00799767766147852,0.5924169421195984,1.5050733089447021,,,,,
250,model.layers.19.self_attn.q_proj.weight,4096,1024,0.000244140625,0.00017450137238483876,3.5680055618286133,0.0003491459065116942,0.151405930519104,0.00017997040413320065,0.214628666639328,0.24649439752101898,0.007176314014941454,0.44455617666244507,1.5271176099777222,0.00020925815624650568,242.17489624023438,1.124336904467782e-05,0.0001424353540642187,8.646601781947538e-05,0.21604935824871063,0.275448203086853,0.008783956058323383,0.5185349583625793,1.524229884147644,0.072136290371418,0.06701991707086563,0.8794577717781067,,
250,model.layers.19.self_attn.k_proj.weight,512,1024,0.0009765625,0.0010493904119357467,4.5760626792907715,1.851754313975107e-05,0.13704991340637207,0.00047170184552669525,0.25701913237571716,0.22200804948806763,0.013849606737494469,0.5533930063247681,1.3450950384140015,0.000987118692137301,82.7259292602539,2.3408980268868618e-05,5.944563235971145e-05,6.870195647934452e-05,0.20946136116981506,0.2776772677898407,0.00825580395758152,0.5684808492660522,1.4275193214416504,,,,,
250,model.layers.19.self_attn.v_proj.weight,512,1024,0.0009765625,0.0007905530510470271,1.7464330196380615,-6.973434938117862e-05,0.11329760402441025,0.000432992004789412,0.12920446693897247,0.28751784563064575,0.003540555015206337,0.708432674407959,1.4318357706069946,0.0007673123036511242,49.66909408569336,-2.1488933271029964e-05,5.1677299779839814e-05,9.330711327493191e-05,0.20177826285362244,0.29235562682151794,0.008317740634083748,0.5232517719268799,1.4004881381988525,,,,,
250,model.layers.19.self_attn.o_proj.weight,1024,2048,0.00048828125,0.00048590521328151226,1.5197160243988037,-1.935797990881838e-05,0.2202690988779068,5.7442011893726885e-05,0.0597812794148922,0.49776554107666016,0.009930048137903214,0.6043712496757507,1.4724620580673218,0.0005205830675549805,143.73524475097656,9.15083637664793e-06,9.616725583327934e-05,7.410124817397445e-05,0.20967471599578857,0.2817855775356293,0.008781453594565392,0.5366151332855225,1.4792805910110474,,,,,
250,model.layers.1.mlp.gate_proj.weight,3584,1024,0.00027901785714285713,0.0002778169873636216,2.76995587348938,0.0007090263534337282,0.3305288255214691,0.00031127073452807963,0.18223030865192413,0.2973976135253906,0.007446773815900087,0.523880660533905,1.5171175003051758,0.00027631051489152014,232.44142150878906,4.795378845301457e-05,0.00014115028898231685,8.884988346835598e-05,0.2319207340478897,0.2579677104949951,0.009665857069194317,0.5122583508491516,1.511709451675415,,,,0.25846636295318604,0.2729592025279999
250,model.layers.1.mlp.up_proj.weight,3584,1024,0.00027901785714285713,0.00044341624015942216,2.6978914737701416,0.0004295159305911511,0.5398357510566711,0.00012723843974526972,0.17137399315834045,0.31114575266838074,0.008000087924301624,0.4963819086551666,1.5173683166503906,0.00027947791386395693,162.03921508789062,9.332034096587449e-05,0.00017396335897501558,8.426312706433237e-05,0.23318170011043549,0.25718745589256287,0.009727383963763714,0.5007755160331726,1.5084460973739624,,,,,
250,model.layers.1.mlp.down_proj.weight,1024,3584,0.00027901785714285713,0.00027335883351042867,4.656670570373535,0.00044278058339841664,0.5212308168411255,0.0004926419933326542,0.2023095339536667,0.26743894815444946,0.01417841948568821,0.5228703618049622,1.4313234090805054,0.0002486705197952688,215.06668090820312,8.822189556667581e-05,0.000176301269675605,8.12370126368478e-05,0.21766050159931183,0.2707684636116028,0.008689354173839092,0.5407653450965881,1.474744200706482,0.06194113567471504,0.06293871998786926,0.9045124053955078,,
250,model.layers.12.mlp.gate_proj.weight,3584,1024,0.00027901785714285713,0.00020496117940638214,3.05387806892395,-0.0006373518845066428,0.31758877635002136,0.0003968228993471712,0.1937238574028015,0.24053911864757538,0.005059152841567993,0.5669441819190979,1.530745267868042,0.000261808920186013,185.39193725585938,3.721360189956613e-05,0.00015872572839725763,9.70250039245002e-05,0.21646878123283386,0.2763282060623169,0.008276551961898804,0.5395104289054871,1.5188381671905518,,,,,
250,model.layers.12.mlp.up_proj.weight,3584,1024,0.00027901785714285713,0.0002648329536896199,3.0432727336883545,-0.0008443948463536799,0.4968918561935425,0.0004184192803222686,0.22512660920619965,0.24465902149677277,0.007149283308535814,0.506314218044281,1.5175797939300537,0.0002602821623440832,160.92605590820312,3.7022193282609805e-05,0.0001773390977177769,0.00010657597158569843,0.22293318808078766,0.26543235778808594,0.009733487851917744,0.5042707920074463,1.5114144086837769,,,,,
250,model.layers.12.mlp.down_proj.weight,1024,3584,0.00027901785714285713,0.0002448022714816034,5.711925983428955,-0.0008818074129521847,0.4926111698150635,0.00015590063412673771,0.21649038791656494,0.2679588198661804,0.024571159854531288,0.4910634756088257,1.3871251344680786,0.0002801615046337247,130.76016235351562,4.086724584340118e-05,0.00019245593284722418,6.985646177781746e-05,0.19546230137348175,0.29419320821762085,0.008515660651028156,0.5884411334991455,1.5158385038375854,0.06877332180738449,0.06817686557769775,0.9085370898246765,,
250,model.layers.22.mlp.gate_proj.weight,3584,1024,0.00027901785714285713,0.00022023658675607294,2.918843984603882,0.0009704837575554848,0.09935608506202698,0.0004639320832211524,0.17719689011573792,0.2620345950126648,0.005373512860387564,0.5629544854164124,1.5253556966781616,0.00023302902991417795,224.6070556640625,-1.6814030914247269e-06,0.0001210145273944363,8.247448567999527e-05,0.22375549376010895,0.2671925723552704,0.009442441165447235,0.5351245999336243,1.5262342691421509,,,,0.3008299171924591,0.2964986562728882
250,model.layers.22.mlp.up_proj.weight,3584,1024,0.00027901785714285713,0.00021550398378167301,2.869832754135132,0.0010183565318584442,0.22186647355556488,0.0011365680256858468,0.17495295405387878,0.2931581735610962,0.014812592417001724,0.5659381747245789,1.5060216188430786,0.0002694050781428814,190.35986328125,2.7087575290352106e-05,0.0001552893954794854,0.00012323525152169168,0.23381905257701874,0.2563592791557312,0.009925231337547302,0.5046390295028687,1.5155065059661865,,,,,
250,model.layers.22.mlp.down_proj.weight,1024,3584,0.00027901785714285713,0.0003641438961494714,2.8609559535980225,0.0011856626952067018,0.2102941870689392,0.00014162536535877734,0.10940767824649811,0.40952062606811523,0.006671751383692026,0.5757434368133545,1.466357946395874,0.00029022767557762563,136.47650146484375,3.903389369952492e-06,0.00016627280274406075,8.860207162797451e-05,0.2266862541437149,0.2648484408855438,0.009003136307001114,0.5202005505561829,1.4799038171768188,0.06930212676525116,0.06977832317352295,0.8534855246543884,,
250,model.layers.1.linear_attn.in_proj_qkv.weight,6144,1024,0.00016276041666666666,9.97824827209115e-05,2.1557090282440186,3.072122490266338e-05,0.32434582710266113,0.001465640147216618,0.1961972713470459,0.24862346053123474,0.014032671228051186,0.49896907806396484,1.5328913927078247,0.00015685681137256324,249.71649169921875,3.139219916192815e-05,0.00016976511687971652,6.174136797199026e-05,0.23179684579372406,0.2615053355693817,0.006948164664208889,0.5148702263832092,1.539972186088562,0.06479229778051376,0.0675293579697609,0.8877369165420532,,
250,model.layers.1.linear_attn.out_proj.weight,1024,2048,0.00048828125,0.0005247376975603402,1.3915071487426758,0.0002864058187697083,0.654819130897522,0.00015024965978227556,0.13895390927791595,0.36010459065437317,0.00877620093524456,0.5186910033226013,1.4539340734481812,0.00047824939247220755,154.3525390625,6.071709867683239e-05,0.00011503652785904706,6.669922004221007e-05,0.2117868810892105,0.2792589068412781,0.008243518881499767,0.5489100217819214,1.486634373664856,,,,,
250,model.layers.12.linear_attn.in_proj_qkv.weight,6144,1024,0.00016276041666666666,6.525102799059823e-05,2.478342056274414,6.308876618277282e-05,0.3085354268550873,0.0003663756069727242,0.16183777153491974,0.25942322611808777,0.0029778671450912952,0.5971501469612122,1.5516107082366943,0.00013845694775227457,219.97154235839844,1.1025269486708567e-05,0.00017471052706241608,6.0864691477036104e-05,0.21267303824424744,0.2791833281517029,0.007112586405128241,0.5362080931663513,1.5420879125595093,0.06852319836616516,0.06410457193851471,0.8731052279472351,,
250,model.layers.12.linear_attn.out_proj.weight,1024,2048,0.00048828125,0.00028485976508818567,2.602484941482544,0.000311472947942093,0.412558376789093,6.065619891160168e-05,0.17320884764194489,0.31430783867836,0.028797177597880363,0.502068281173706,1.4055660963058472,0.00048149217036552727,84.38471221923828,4.4061751395929605e-05,0.00013315476826392114,6.752070476068184e-05,0.19098573923110962,0.30212733149528503,0.007595788221806288,0.5885607004165649,1.4984767436981201,,,,,
250,model.layers.21.linear_attn.in_proj_qkv.weight,6144,1024,0.00016276041666666666,0.00010962449596263468,3.7163195610046387,0.00021918618585914373,0.07387719303369522,0.00047843329957686365,0.17649412155151367,0.26977038383483887,0.004799870308488607,0.5938618183135986,1.5464234352111816,0.00014584526070393622,266.15478515625,6.0999336710665375e-06,0.00013836687139701098,8.308469841722399e-05,0.22595347464084625,0.26359519362449646,0.008001977577805519,0.5309280157089233,1.5348293781280518,0.06610685586929321,0.06747782230377197,0.8839195370674133,,
250,model.layers.21.linear_attn.out_proj.weight,1024,2048,0.00048828125,0.0004134022747166455,3.093022346496582,-0.0004274690872989595,0.14009661972522736,0.0001336393179371953,0.14986000955104828,0.3582371473312378,0.008384555578231812,0.5523109436035156,1.4720239639282227,0.0004209368780720979,93.36177825927734,3.241447848267853e-05,0.00012064880866091698,6.529766687890515e-05,0.21770305931568146,0.27489644289016724,0.00875005591660738,0.5155514478683472,1.47026789188385,,,,,
275,model.layers.7.self_attn.q_proj.weight,4096,1024,0.000244140625,0.00014394315076060593,2.693842887878418,-0.0007531860028393567,0.36533322930336,0.0030403784476220608,0.17484237253665924,0.2598802447319031,0.014263750053942204,0.5353437662124634,1.534960389137268,0.00021011792705394328,259.4588317871094,-3.259119239373831e-06,0.00015289822476916015,7.47931917430833e-05,0.22466962039470673,0.2674052119255066,0.008319942280650139,0.5214371085166931,1.5213730335235596,0.061327748000621796,0.06318465620279312,0.8544804453849792,0.26440754532814026,0.28943952918052673
275,model.layers.7.self_attn.k_proj.weight,512,1024,0.0009765625,0.0008940666448324919,3.7592599391937256,-2.484290234860964e-06,0.26800861954689026,0.00032838000333867967,0.1576175093650818,0.27851495146751404,0.024161843582987785,0.6930668354034424,1.3190912008285522,0.0009648566483519971,74.10872650146484,6.7102560024068225e-06,6.166641105664894e-05,5.3912859584670514e-05,0.20673075318336487,0.2775331437587738,0.009136194363236427,0.5593765377998352,1.4256739616394043,,,,,
275,model.layers.7.self_attn.v_proj.weight,512,1024,0.0009765625,0.001021308358758688,2.4310359954833984,0.001367388409562409,0.45575007796287537,0.00016502114885952324,0.16545306146144867,0.24396371841430664,0.0031629037111997604,0.6862431764602661,1.4646793603897095,0.0009426202159374952,40.20270538330078,8.515889203408733e-05,6.877440318930894e-05,0.00013014423893764615,0.22828839719295502,0.257781445980072,0.00974791869521141,0.5220442414283752,1.474389910697937,,,,,
275,model.layers.7.self_attn.o_proj.weight,1024,2048,0.00048828125,0.00025289395125582814,2.542468786239624,0.00043298001401126385,0.7774143218994141,3.5132994526065886e-05,0.1581534892320633,0.34438198804855347,0.011570061556994915,0.5238823890686035,1.4243465662002563,0.00045918041723780334,63.835018157958984,4.3436964915599674e-05,0.0001361168542644009,5.751069693360478e-05,0.17544810473918915,0.3198939263820648,0.00689693633466959,0.623176634311676,1.529226541519165,,,,,
275,model.layers.15.self_attn.q_proj.weight,4096,1024,0.000244140625,0.0001409667602274567,3.6953229904174805,-0.00014367542462423444,0.35014963150024414,0.0001555189664941281,0.23744556307792664,0.2066439837217331,0.00270642782561481,0.39980417490005493,1.5492864847183228,0.0002063000138150528,234.4382781982422,9.605086233932525e-06,0.00014845353143755347,8.117746619973332e-05,0.2191695123910904,0.271610826253891,0.007928958162665367,0.5095169544219971,1.5273189544677734,0.0693608969449997,0.0701993778347969,0.8525736927986145,,
275,model.layers.15.self_attn.k_proj.weight,512,1024,0.0009765625,0.0011641167802736163,4.387192249298096,5.12052383783157e-06,0.3098633289337158,0.00021893891971558332,0.2668915092945099,0.22504962980747223,0.005683844909071922,0.5023311972618103,1.4408692121505737,0.0008647396462038159,82.59475708007812,4.0138536860467866e-05,6.251703598536551e-05,8.448982407571748e-05,0.19478286802768707,0.2984708547592163,0.006957223638892174,0.5811142325401306,1.4682692289352417,,,,,
275,model.layers.15.self_attn.v_proj.weight,512,1024,0.0009765625,0.0008517442038282752,2.071918249130249,-0.0009258294594474137,0.28263241052627563,0.0003519234887789935,0.20012643933296204,0.24527603387832642,0.01230574119836092,0.6069428324699402,1.4263455867767334,0.000829473661724478,70.5327377319336,2.710509033931885e-05,5.3513595048571005e-05,9.76180745055899e-05,0.22282163798809052,0.2655409872531891,0.008912364020943642,0.5231563448905945,1.4370532035827637,,,,0.26753032207489014,0.2767530381679535
275,model.layers.15.self_attn.o_proj.weight,1024,2048,0.00048828125,0.0004149675660301,1.9216026067733765,-0.0003104875795543194,0.5040043592453003,3.0295666874735616e-05,0.09702157229185104,0.4404451847076416,0.012392440810799599,0.5713929533958435,1.4329627752304077,0.000492566789034754,85.852294921875,1.7631600712775253e-05,0.00011554342927411199,7.355132402153686e-05,0.1989310383796692,0.2963879108428955,0.008401487953960896,0.5662907361984253,1.4892462491989136,,,,,
275,model.layers.19.self_attn.q_proj.weight,4096,1024,0.000244140625,0.0001746807829476893,3.8911373615264893,-0.0001907447585836053,0.20782116055488586,0.00022470201656688005,0.2351236492395401,0.22330787777900696,0.006105134263634682,0.4270543158054352,1.5337716341018677,0.0002163854514947161,254.1136016845703,-2.0102543203392997e-06,0.00014457105135079473,7.80606351327151e-05,0.21816816926002502,0.27374911308288574,0.008239717222750187,0.5156463980674744,1.5255967378616333,0.0730154886841774,0.07244473695755005,0.8354560136795044,,
275,model.layers.19.self_attn.k_proj.weight,512,1024,0.0009765625,0.0009465185576118529,3.432034492492676,4.63984724774491e-06,0.19819922745227814,0.00034469575621187687,0.2361137419939041,0.2473108470439911,0.01110873930156231,0.5766469836235046,1.3855260610580444,0.0009224140667356551,92.3440170288086,1.6939176930463873e-05,6.156403105705976e-05,6.959863094380125e-05,0.20815379917621613,0.2781204283237457,0.008217443712055683,0.5579739809036255,1.4636586904525757,,,,,
275,model.layers.19.self_attn.v_proj.weight,512,1024,0.0009765625,0.0007010923000052571,1.8683431148529053,0.0009753467165865004,0.14289386570453644,0.0009579709731042385,0.14501263201236725,0.2672591209411621,0.005384379532188177,0.6941664814949036,1.4307169914245605,0.0010064749512821436,62.45305633544922,1.3144656804797705e-05,4.7860525228315964e-05,5.374299144023098e-05,0.19978207349777222,0.29956793785095215,0.007981907576322556,0.5345204472541809,1.4352937936782837,,,,,
275,model.layers.19.self_attn.o_proj.weight,1024,2048,0.00048828125,0.0003735794743988663,1.523027777671814,0.00029241747688502073,0.2825107276439667,7.697377441218123e-05,0.06248733401298523,0.5093367695808411,0.009699121117591858,0.6195359826087952,1.4457100629806519,0.000480093527585268,98.99249267578125,3.487517233224935e-06,9.58917589741759e-05,8.386268018512055e-05,0.2061080038547516,0.2859588861465454,0.008730272762477398,0.543728768825531,1.4885826110839844,,,,,
275,model.layers.1.mlp.gate_proj.weight,3584,1024,0.00027901785714285713,0.0003292202891316265,2.353877544403076,-0.00014485603605862707,0.48828238248825073,0.0003815873060375452,0.18405631184577942,0.295298308134079,0.009267308749258518,0.5156307220458984,1.513384461402893,0.0002695114817470312,251.0989532470703,3.127687159576453e-05,0.00016239145770668983,9.437606058781967e-05,0.2351103276014328,0.25548508763313293,0.009421945549547672,0.508599579334259,1.5083943605422974,,,,0.28115183115005493,0.27334654331207275
275,model.layers.1.mlp.up_proj.weight,3584,1024,0.00027901785714285713,0.0004220277478452772,2.282825469970703,-0.0004371896793600172,0.7908551692962646,0.00030190579127520323,0.1741301566362381,0.3090406358242035,0.011548256501555443,0.4987229108810425,1.5114506483078003,0.00025227564037777483,137.4274444580078,7.534377073170617e-05,0.0002012616314459592,0.00010415713040856645,0.23115143179893494,0.2586076557636261,0.009882623329758644,0.5036773085594177,1.5119259357452393,,,,,
275,model.layers.1.mlp.down_proj.weight,1024,3584,0.00027901785714285713,0.0002734345034696162,3.4688711166381836,-0.0004537517379503697,0.7549431324005127,0.00046189510612748563,0.20044168829917908,0.268310010433197,0.014534404501318932,0.5213515162467957,1.4325872659683228,0.00028570665745064616,186.74868774414062,4.15573813370429e-05,0.00020385984680615366,8.951422205427662e-05,0.221871018409729,0.26812973618507385,0.008619815111160278,0.5322024822235107,1.4770032167434692,0.052087027579545975,0.05195518583059311,0.8179903626441956,,
275,model.layers.12.mlp.gate_proj.weight,3584,1024,0.00027901785714285713,0.00019754967070184648,2.998215436935425,7.347953942371532e-05,0.3893416225910187,0.000576903810724616,0.18597058951854706,0.2493729144334793,0.005662587936967611,0.5861436128616333,1.530677080154419,0.0002532134240027517,160.6180877685547,2.9435232136165723e-05,0.0001667528267716989,7.307925261557102e-05,0.21353679895401,0.27900514006614685,0.007710171397775412,0.5453407168388367,1.5291376113891602,,,,,
275,model.layers.12.mlp.up_proj.weight,3584,1024,0.00027901785714285713,0.00027882304857484996,2.6973390579223633,0.00010946518159471452,0.6285536885261536,0.0005281667690724134,0.2260519564151764,0.23628903925418854,0.008785334415733814,0.4991098642349243,1.5135979652404785,0.0002790811995510012,134.61456298828125,2.631445022416301e-05,0.00018915749387815595,0.00010241915151709691,0.22459667921066284,0.2651115953922272,0.00997620914131403,0.503452718257904,1.5100773572921753,,,,,
275,model.layers.12.mlp.down_proj.weight,1024,3584,0.00027901785714285713,0.00025220116367563605,4.696018218994141,0.0001136978535214439,0.6258629560470581,0.00014285399811342359,0.20940391719341278,0.2811635434627533,0.018905533477663994,0.5172843933105469,1.4079725742340088,0.00025494556757621467,106.94557189941406,2.7371919713914394e-05,0.00020215687982272357,8.125587191898376e-05,0.19379714131355286,0.2955061197280884,0.008379952982068062,0.5878806710243225,1.5106972455978394,0.05729883909225464,0.06310498714447021,0.8645163774490356,,
275,model.layers.22.mlp.gate_proj.weight,3584,1024,0.00027901785714285713,0.00026430340949445963,3.203819751739502,0.0008863068069331348,0.12003213167190552,0.0010135468328371644,0.17341536283493042,0.27429088950157166,0.007663744036108255,0.576294481754303,1.523005485534668,0.00024148599186446518,248.1024169921875,3.7668548884539632e-06,0.00011541946878423914,0.00010194688366027549,0.22660648822784424,0.26382535696029663,0.009527313522994518,0.5284333229064941,1.5172480344772339,,,,0.3057751953601837,0.30117639899253845
275,model.layers.22.mlp.up_proj.weight,3584,1024,0.00027901785714285713,0.000281457876553759,3.504678249359131,0.0006167927058413625,0.2639997899532318,0.0007863083737902343,0.17309825122356415,0.29939472675323486,0.012558680027723312,0.5771144032478333,1.5116080045700073,0.00027607454103417695,210.00811767578125,2.2890439140610397e-05,0.00014813100278843194,0.00013772265810985118,0.23386931419372559,0.25630733370780945,0.009934714995324612,0.5058574080467224,1.509950876235962,,,,,
275,model.layers.22.mlp.down_proj.weight,1024,3584,0.00027901785714285713,0.0003883529279846698,2.482759475708008,0.0006723103579133749,0.2670096755027771,0.0002667803782969713,0.10897481441497803,0.4155207872390747,0.00730206910520792,0.5847620368003845,1.473331332206726,0.00026895920746028423,118.88732147216797,6.122213562775869e-06,0.00016212886839639395,6.822381692472845e-05,0.2208835929632187,0.2708267569541931,0.008255832828581333,0.5298575162887573,1.4705404043197632,0.061370864510536194,0.06836938112974167,0.8303544521331787,,
275,model.layers.1.linear_attn.in_proj_qkv.weight,6144,1024,0.00016276041666666666,0.00011401199299143627,2.223919153213501,0.00041135685751214623,0.41315001249313354,0.0005321036442182958,0.195064514875412,0.26166489720344543,0.005444321781396866,0.5209431648254395,1.5403505563735962,0.000149115250678733,202.53514099121094,1.438091385352891e-05,0.0001927264966070652,7.45308498153463e-05,0.2317584753036499,0.2588564157485962,0.007657722104340792,0.5122928023338318,1.5339865684509277,0.05016651749610901,0.04923151060938835,0.7860432267189026,,
275,model.layers.1.linear_attn.out_proj.weight,1024,2048,0.00048828125,0.0002951539063360542,1.3654589653015137,0.0001439005573047325,0.9766275882720947,0.0004101490485481918,0.14341789484024048,0.33453547954559326,0.015496156178414822,0.4943481981754303,1.4450911283493042,0.00042500541894696653,120.79322052001953,2.293816942255944e-05,0.00013001603656448424,9.486669296165928e-05,0.21545034646987915,0.2747492492198944,0.00840910617262125,0.539772093296051,1.478387713432312,,,,,
275,model.layers.12.linear_attn.in_proj_qkv.weight,6144,1024,0.00016276041666666666,6.190651038195938e-05,2.429151773452759,0.00015097820141818374,0.3494070768356323,0.00039213354466482997,0.16810058057308197,0.24800066649913788,0.00303924479521811,0.5810484290122986,1.552619457244873,0.0001523322134744376,197.05322265625,6.815178494434804e-06,0.00017569895135238767,6.6519329266157e-05,0.2118222862482071,0.28002843260765076,0.007229850627481937,0.5371694564819336,1.545685052871704,0.05619734898209572,0.05640234053134918,0.8476462960243225,,
275,model.layers.12.linear_attn.out_proj.weight,1024,2048,0.00048828125,0.0002841730020008981,2.4119768142700195,0.00014991661009844393,0.5117014050483704,3.613939043134451e-05,0.1618226021528244,0.3386535346508026,0.01681048981845379,0.5327439904212952,1.436426043510437,0.00046422547893598676,70.35401153564453,2.4590333850937895e-05,0.00013721651339437813,5.6852812122087926e-05,0.18864379823207855,0.3058263957500458,0.007613344583660364,0.5916293859481812,1.492960810661316,,,,,
275,model.layers.21.linear_attn.in_proj_qkv.weight,6144,1024,0.00016276041666666666,0.00012719242658931762,3.846285581588745,0.00031081060296855867,0.09559760987758636,0.001011009095236659,0.19489111006259918,0.2536126673221588,0.007992689497768879,0.5548654198646545,1.5395439863204956,0.0001549997105030343,343.56494140625,8.636829079478048e-06,0.0001465303939767182,7.509034185204655e-05,0.22984270751476288,0.26132941246032715,0.0079770153388381,0.5252022743225098,1.5364538431167603,0.07225597649812698,0.07138477265834808,0.8660257458686829,,
275,model.layers.21.linear_attn.out_proj.weight,1024,2048,0.00048828125,0.0003486209025140852,3.1965384483337402,0.0020852049347013235,0.1698903888463974,0.00014074172941036522,0.16048671305179596,0.3378886878490448,0.009442026726901531,0.522395670413971,1.4654589891433716,0.00039918551919981837,105.05416107177734,2.114277594955638e-05,0.00011869955051224679,8.120568963931873e-05,0.21421454846858978,0.2807203531265259,0.008772866800427437,0.5223485827445984,1.4681791067123413,,,,,
300,model.layers.7.self_attn.q_proj.weight,4096,1024,0.000244140625,0.00018190457194577903,3.307504415512085,0.0007098554633557796,0.3778952360153198,0.001310163177549839,0.18120431900024414,0.2604862153530121,0.010281853377819061,0.5362348556518555,1.5293102264404297,0.00020644732285290956,143.15757751464844,1.257602980331285e-05,0.00015409017214551568,9.677514026407152e-05,0.22231072187423706,0.2713032066822052,0.00861701276153326,0.5231778621673584,1.5287967920303345,0.08198511600494385,0.07435273379087448,0.8569023013114929,0.5372061729431152,0.5372712016105652
300,model.layers.7.self_attn.k_proj.weight,512,1024,0.0009765625,0.001500384765677154,2.9515552520751953,4.583070676744683e-06,0.2913409173488617,0.0030746704433113337,0.14583143591880798,0.2773900032043457,0.026884028688073158,0.7090466022491455,1.3161691427230835,0.0009616554016247392,66.67808532714844,0.00012812572822440416,6.758792733307928e-05,0.0002741708012763411,0.20695717632770538,0.279648095369339,0.00935911200940609,0.5607836842536926,1.4090341329574585,,,,,
300,model.layers.7.self_attn.v_proj.weight,512,1024,0.0009765625,0.0009190986165776849,2.3999385833740234,0.00018452441145200282,0.5338138937950134,0.00026123650604858994,0.15034477412700653,0.2514664828777313,0.003468452487140894,0.714915931224823,1.4686338901519775,0.0008841470116749406,77.27161407470703,-1.58322600327665e-05,5.999773202347569e-05,6.645547546213493e-05,0.23020216822624207,0.2577120065689087,0.007825357839465141,0.5254014730453491,1.461490511894226,,,,,
300,model.layers.7.self_attn.o_proj.weight,1024,2048,0.00048828125,0.0002457874361425638,2.501250743865967,5.4354000894818455e-05,0.8786005973815918,3.564357393770479e-05,0.15959365665912628,0.33869668841362,0.014666414819657803,0.5090619921684265,1.4345062971115112,0.00047324589104391634,43.58818817138672,4.258405897417106e-05,0.0001313162938458845,5.767988113802858e-05,0.16838130354881287,0.32762259244918823,0.006356846075505018,0.641059160232544,1.5278891324996948,,,,,
300,model.layers.15.self_attn.q_proj.weight,4096,1024,0.000244140625,0.00013147467689123005,3.9089555740356445,-0.0003449526848271489,0.3614351749420166,0.00014752977585885674,0.20929953455924988,0.2457391768693924,0.003577858442440629,0.4637974202632904,1.546183466911316,0.00021907947666477412,207.0796356201172,7.076013389450964e-06,0.0001536094059702009,6.0090682381996885e-05,0.22002029418945312,0.27130159735679626,0.007366823963820934,0.506798505783081,1.5304597616195679,0.07660681009292603,0.07183018326759338,0.8336185216903687,,
300,model.layers.15.self_attn.k_proj.weight,512,1024,0.0009765625,0.0010544030228629708,4.254927635192871,3.1679974199505523e-06,0.3192980885505676,0.00027627323288470507,0.23274417221546173,0.2481159120798111,0.0058178529143333435,0.5587257146835327,1.4442321062088013,0.0010056555038318038,55.34340286254883,1.683415030129254e-05,6.525853677885607e-05,9.665943071013317e-05,0.1988188922405243,0.29555344581604004,0.007168105337768793,0.578643262386322,1.4743047952651978,,,,,
300,model.layers.15.self_attn.v_proj.weight,512,1024,0.0009765625,0.0009950295789167285,2.285029411315918,0.0002018887607846409,0.28584739565849304,0.0001466181711293757,0.19113655388355255,0.26281827688217163,0.005972792860120535,0.6266632080078125,1.4562551975250244,0.0009567531524226069,65.49476623535156,1.881153366412036e-05,5.381345545174554e-05,3.45167463819962e-05,0.22630277276039124,0.2611367404460907,0.006716977339237928,0.5175888538360596,1.4553025960922241,,,,0.4635300040245056,0.4698330760002136
300,model.layers.15.self_attn.o_proj.weight,1024,2048,0.00048828125,0.0003378758847247809,2.0524561405181885,7.053471199469641e-05,0.5229892730712891,1.986396819120273e-05,0.09286535531282425,0.45434585213661194,0.011933976784348488,0.5900938510894775,1.4441957473754883,0.0004953109892085195,57.01293182373047,2.536224201321602e-05,0.00011625988554442301,5.675126885762438e-05,0.19173990190029144,0.30514347553253174,0.007641403935849667,0.5821574330329895,1.516391634941101,,,,,
300,model.layers.19.self_attn.q_proj.weight,4096,1024,0.000244140625,0.0001749325165292248,3.652954339981079,0.0012296169297769666,0.18335896730422974,0.00038305961061269045,0.22270989418029785,0.2411738634109497,0.007106961216777563,0.45586708188056946,1.5276196002960205,0.00022405112395063043,228.73814392089844,3.296651129858219e-06,0.00014880957314744592,9.689883154351264e-05,0.21811164915561676,0.27389684319496155,0.008251512423157692,0.5152894258499146,1.5238436460494995,0.0685671865940094,0.07442048192024231,0.8281480073928833,,
300,model.layers.19.self_attn.k_proj.weight,512,1024,0.0009765625,0.00097619992448017,4.179382801055908,-1.0101434781972785e-06,0.17871642112731934,0.00027286179829388857,0.2255081832408905,0.2533700466156006,0.014860174618661404,0.5641906261444092,1.3438646793365479,0.0010861046612262726,91.71345520019531,-1.910569699248299e-05,6.383082654792815e-05,6.384621519828215e-05,0.21371030807495117,0.2734905779361725,0.00834139809012413,0.5508112907409668,1.446257472038269,,,,,
300,model.layers.19.self_attn.v_proj.weight,512,1024,0.0009765625,0.0007181600667536259,1.9491950273513794,0.0015355602372437716,0.13899606466293335,0.000409118045354262,0.12035997211933136,0.3075559735298157,0.003712298348546028,0.7182206511497498,1.443584680557251,0.000836508406791836,81.41818237304688,-2.260736664538854e-06,4.835885192733258e-05,7.206610462162644e-05,0.20975790917873383,0.2838127613067627,0.008621836081147194,0.5175777077674866,1.417564034461975,,,,,
300,model.layers.19.self_attn.o_proj.weight,1024,2048,0.00048828125,0.0005110484198667109,1.6892926692962646,0.0004733549722004682,0.2715572714805603,5.070639599580318e-05,0.0642155334353447,0.5358297824859619,0.008432785980403423,0.6559559106826782,1.470956802368164,0.00042001507245004177,119.2935791015625,7.899147931311745e-06,0.00010081262735184282,6.314063648460433e-05,0.20312947034835815,0.28960728645324707,0.008746926672756672,0.5461984276771545,1.478186011314392,,,,,
300,model.layers.1.mlp.gate_proj.weight,3584,1024,0.00027901785714285713,0.00033131675445474684,2.6534125804901123,0.00026748102391138673,0.48571082949638367,0.0004435985756572336,0.18093165755271912,0.30784398317337036,0.008257884532213211,0.536612868309021,1.5183416604995728,0.00029129296308383346,264.9276428222656,3.431325967540033e-05,0.00012640941713470966,0.00011199367145309225,0.23367318511009216,0.25812458992004395,0.009260199032723904,0.5109279155731201,1.5180786848068237,,,,0.6184303760528564,0.6392473578453064
300,model.layers.1.mlp.up_proj.weight,3584,1024,0.00027901785714285713,0.00022117188200354576,2.479321241378784,0.00019388656073715538,0.7945695519447327,0.00025997168268077075,0.17324478924274445,0.31349754333496094,0.010490888729691505,0.5015100240707397,1.5096873044967651,0.0002681715996004641,152.0922088623047,5.7327066315338016e-05,0.00015748485748190433,0.00011181664740433916,0.22969892621040344,0.25996503233909607,0.00996499601751566,0.5023716688156128,1.5122852325439453,,,,,
300,model.layers.1.mlp.down_proj.weight,1024,3584,0.00027901785714285713,0.0002874068741220981,4.221349716186523,0.00019369152141734958,0.7850221991539001,0.0005732551217079163,0.19853049516677856,0.2741504907608032,0.010411283932626247,0.5380068421363831,1.4488075971603394,0.00026736248400993645,196.7437744140625,7.128889410523698e-05,0.000163490156410262,8.051367331063375e-05,0.21155862510204315,0.27814728021621704,0.00862451083958149,0.5537557601928711,1.4958614110946655,0.08165623992681503,0.08067850768566132,0.8241207003593445,,
300,model.layers.12.mlp.gate_proj.weight,3584,1024,0.00027901785714285713,0.00020107779710087925,3.4946930408477783,0.0001314750115852803,0.41073399782180786,0.0005702712223865092,0.18249233067035675,0.2578863501548767,0.005513640120625496,0.5871567726135254,1.531114101409912,0.00023062992841005325,198.11044311523438,1.742109816404991e-05,0.0001577923248987645,5.5951852118596435e-05,0.21366149187088013,0.2778163552284241,0.007360935676842928,0.5439001321792603,1.5328855514526367,,,,,
300,model.layers.12.mlp.up_proj.weight,3584,1024,0.00027901785714285713,0.00025176111375913024,3.361886739730835,2.9138382160454057e-05,0.6288557052612305,0.00040372705552726984,0.22002176940441132,0.25176769495010376,0.007322563789784908,0.5113307237625122,1.5205966234207153,0.00028296804521232843,155.535400390625,4.58887116110418e-05,0.00017785544332582504,8.145557512762025e-05,0.22279143333435059,0.26632949709892273,0.009576812386512756,0.5039687752723694,1.5040028095245361,,,,,
300,model.layers.12.mlp.down_proj.weight,1024,3584,0.00027901785714285713,0.000246166717261076,6.6806535720825195,3.179578561685048e-05,0.6412585377693176,0.00018021202413365245,0.2053608000278473,0.2843463718891144,0.022256942465901375,0.5243955254554749,1.3925831317901611,0.00024841196136549115,92.97916412353516,6.318635132629424e-05,0.00019150720618199557,6.160047632874921e-05,0.19349141418933868,0.29737937450408936,0.007765838410705328,0.5909587740898132,1.519054889678955,0.06884321570396423,0.07360653579235077,0.8540732264518738,,
300,model.layers.22.mlp.gate_proj.weight,3584,1024,0.00027901785714285713,0.0004963194951415062,3.321465492248535,0.0011649054940789938,0.12155133485794067,0.0004986803396604955,0.18564395606517792,0.2585797607898712,0.005747354589402676,0.5583899617195129,1.5305439233779907,0.000221601381781511,247.35580444335938,4.6718491830688436e-06,0.00011983919830527157,8.831547165755183e-05,0.2266545444726944,0.2650265097618103,0.009849627502262592,0.5289833545684814,1.512766718864441,,,,0.4969737231731415,0.4976714253425598
300,model.layers.22.mlp.up_proj.weight,3584,1024,0.00027901785714285713,0.00024813986965455115,3.5108118057250977,0.0012421340215951204,0.24669881165027618,0.0006626566755585372,0.16495978832244873,0.31178656220436096,0.01193284709006548,0.5954266786575317,1.512195348739624,0.00029344341601245105,205.07748413085938,2.8361069780658e-05,0.00014857611677143723,0.00010672377538867295,0.23426738381385803,0.25625038146972656,0.010069172829389572,0.5049774050712585,1.5054571628570557,,,,,
300,model.layers.22.mlp.down_proj.weight,1024,3584,0.00027901785714285713,0.0003787199966609478,3.04998779296875,0.001433953526429832,0.23495885729789734,0.00014927095617167652,0.10733111947774887,0.4225667715072632,0.0058662015944719315,0.5986595153808594,1.470664381980896,0.00027064993628300726,128.5605010986328,1.5778656234033406e-05,0.00016443028289359063,9.492669778410345e-05,0.22183935344219208,0.2684609293937683,0.00894466508179903,0.5265242457389832,1.4799314737319946,0.06092740595340729,0.06710948795080185,0.8247133493423462,,
300,model.layers.1.linear_attn.in_proj_qkv.weight,6144,1024,0.00016276041666666666,0.00012134213466197252,2.3015713691711426,0.00032966845901682973,0.42271313071250916,0.0006212720763869584,0.18952533602714539,0.27019956707954407,0.006926072761416435,0.536547839641571,1.5363224744796753,0.00014128129987511784,256.5428771972656,2.2363370590028353e-05,0.0001540433004265651,6.21620929450728e-05,0.22825412452220917,0.26441702246665955,0.006725391373038292,0.5209639072418213,1.5426830053329468,0.08526057749986649,0.07858581840991974,0.8222635388374329,,
300,model.layers.1.linear_attn.out_proj.weight,1024,2048,0.00048828125,0.0009869660716503859,1.458793044090271,0.00033503875602036715,0.9230981469154358,0.00029934823396615684,0.145849347114563,0.3392418920993805,0.012503429315984249,0.5031746029853821,1.4489144086837769,0.00043616798939183354,146.92333984375,3.31069459207356e-05,0.0001057132103596814,8.783756493357942e-05,0.2048056721687317,0.2870282828807831,0.008579057641327381,0.5615687966346741,1.5031126737594604,,,,,
300,model.layers.12.linear_attn.in_proj_qkv.weight,6144,1024,0.00016276041666666666,6.554568972205743e-05,2.350874185562134,-0.00012526579666882753,0.4038512110710144,0.00028420856688171625,0.15385769307613373,0.26058948040008545,0.0024931789375841618,0.6257289052009583,1.5532783269882202,0.00013972321175970137,188.70916748046875,5.513229552889243e-06,0.00017176088294945657,6.0731981648132205e-05,0.21442574262619019,0.27929800748825073,0.007218039128929377,0.5306131839752197,1.5408830642700195,0.0691416934132576,0.06781941652297974,0.8452126979827881,,
300,model.layers.12.linear_attn.out_proj.weight,1024,2048,0.00048828125,0.0002771037397906184,2.636075496673584,0.0005742493085563183,0.5291358828544617,7.140337402233854e-05,0.16726677119731903,0.3281455338001251,0.021628258749842644,0.5158182382583618,1.4146389961242676,0.0004395751457195729,57.693260192871094,4.895071833743714e-05,0.00013213304919190705,6.704344559693709e-05,0.1840708702802658,0.31095656752586365,0.007225955370813608,0.604216456413269,1.5135353803634644,,,,,
300,model.layers.21.linear_attn.in_proj_qkv.weight,6144,1024,0.00016276041666666666,0.00012491439701989293,3.27173113822937,-0.00019806294585578144,0.11760764569044113,0.0006825514137744904,0.20030225813388824,0.2353876680135727,0.005940713454037905,0.5574074387550354,1.5383071899414062,0.00013973540626466274,311.6181640625,2.5176739200105658e-06,0.00015361385885626078,8.582411101087928e-05,0.2290371209383011,0.26201698184013367,0.007750374265015125,0.5260552167892456,1.5342870950698853,0.08919641375541687,0.08922722935676575,0.7964451313018799,,
300,model.layers.21.linear_attn.out_proj.weight,1024,2048,0.00048828125,0.00039869797183200717,4.438378810882568,-0.0010412423871457577,0.1875239461660385,0.0004450747510418296,0.15527455508708954,0.3376176059246063,0.03541796654462814,0.5382035374641418,1.4198989868164062,0.0004489864513743669,92.42715454101562,3.8124286220408976e-05,0.00012485659681260586,6.499414303107187e-05,0.2141203135251999,0.2782813012599945,0.00892605260014534,0.5266368389129639,1.4681978225708008,,,,,
325,model.layers.7.self_attn.q_proj.weight,4096,1024,0.000244140625,0.00016063242219388485,2.577188014984131,0.0014717573067173362,1.10151207447052,0.0010422912891954184,0.18182113766670227,0.250123530626297,0.00878136232495308,0.5317042469978333,1.5307726860046387,0.0001877662434708327,246.04727172851562,2.022265107370913e-05,0.0001406603551004082,8.573661762056872e-05,0.22323429584503174,0.2693406343460083,0.008584579452872276,0.522186815738678,1.5254383087158203,0.21641968190670013,0.20598791539669037,0.5409340858459473,0.25374552607536316,0.24302877485752106
325,model.layers.7.self_attn.k_proj.weight,512,1024,0.0009765625,0.0012226979015395045,3.6282997131347656,2.327143420188804e-06,0.787152111530304,0.0012382505228742957,0.13259293138980865,0.2823588252067566,0.017061889171600342,0.742308497428894,1.3429464101791382,0.0008945392910391092,99.65220642089844,4.535103653324768e-05,5.5818429245846346e-05,6.317685620160773e-05,0.21792319416999817,0.2653564214706421,0.008358730934560299,0.5382206439971924,1.4189252853393555,,,,,
325,model.layers.7.self_attn.v_proj.weight,512,1024,0.0009765625,0.0009791358606889844,1.7046016454696655,-0.0027286282274872065,1.7832506895065308,4.33894238085486e-05,0.11700724810361862,0.26759031414985657,0.0012292254250496626,0.7749489545822144,1.4746384620666504,0.000841389992274344,60.56210708618164,3.9504931919509545e-05,6.0040783864678815e-05,9.33623596210964e-05,0.22920739650726318,0.2593826353549957,0.007261051330715418,0.5237866044044495,1.4655036926269531,,,,,
325,model.layers.7.self_attn.o_proj.weight,1024,2048,0.00048828125,0.00025843619368970394,1.925127387046814,-0.0010095478501170874,2.5583550930023193,3.608746192185208e-05,0.16625992953777313,0.33252617716789246,0.017011823132634163,0.5091204643249512,1.4430629014968872,0.000493427156470716,73.56926727294922,4.9075142669607885e-06,0.00012072936078766361,6.166794628370553e-05,0.173553928732872,0.3230922222137451,0.006766532082110643,0.631677508354187,1.5259250402450562,,,,,
325,model.layers.15.self_attn.q_proj.weight,4096,1024,0.000244140625,0.00014076092338655144,2.3811421394348145,0.00031276990193873644,1.1742874383926392,0.00021859569824300706,0.21887794137001038,0.2179810106754303,0.0032052008900791407,0.41586005687713623,1.5412038564682007,0.00021104951156303287,225.01031494140625,5.185648660699371e-06,0.00014434478362090886,6.542422488564625e-05,0.22318583726882935,0.26729539036750793,0.007891182787716389,0.5035025477409363,1.5296274423599243,0.22946296632289886,0.2256511151790619,0.5182968378067017,,
325,model.layers.15.self_attn.k_proj.weight,512,1024,0.0009765625,0.001126614399254322,3.16019606590271,1.6341595028279698e-06,0.9291819930076599,3.1623869290342554e-05,0.3017079830169678,0.2017369568347931,0.004286627750843763,0.4781005084514618,1.4493993520736694,0.0008723246864974499,69.75576782226562,2.3716542273177765e-05,6.251756713027135e-05,9.062769095180556e-05,0.19871097803115845,0.2942187488079071,0.0069440146908164024,0.5799948573112488,1.4613158702850342,,,,,
325,model.layers.15.self_attn.v_proj.weight,512,1024,0.0009765625,0.0009121414041146636,1.6790493726730347,-0.002567236078903079,0.784553050994873,0.00014161480066832155,0.1898304522037506,0.25427117943763733,0.00851097609847784,0.6379014253616333,1.4351553916931152,0.0009035718394443393,73.276123046875,2.033905275311554e-06,4.775152774527669e-05,0.000111961635411717,0.23030957579612732,0.25655606389045715,0.007793649099767208,0.5165185928344727,1.46219003200531,,,,0.23071324825286865,0.2302509844303131
325,model.layers.15.self_attn.o_proj.weight,1024,2048,0.00048828125,0.00039892244967631996,1.5432358980178833,-0.0007432615384459496,1.6271922588348389,1.5023204468889162e-05,0.08856584876775742,0.4752487540245056,0.007873077876865864,0.6097081303596497,1.4521328210830688,0.000480400602100417,78.74459838867188,2.1754995032097213e-05,0.00010708870104281232,7.142758840927854e-05,0.1930931657552719,0.30256977677345276,0.008160102181136608,0.582076370716095,1.4952852725982666,,,,,
325,model.layers.19.self_attn.q_proj.weight,4096,1024,0.000244140625,0.00016038664034567773,2.2709743976593018,-0.000386117200832814,0.5776095986366272,0.0003864237805828452,0.21703258156776428,0.24268732964992523,0.007868523709475994,0.458418071269989,1.527875304222107,0.00021192384883761406,225.56295776367188,6.689871042908635e-06,0.0001397683226969093,8.365455869352445e-05,0.21736770868301392,0.2746337056159973,0.008847934193909168,0.5180538892745972,1.5233138799667358,0.22968046367168427,0.2159062922000885,0.5493895411491394,,
325,model.layers.19.self_attn.k_proj.weight,512,1024,0.0009765625,0.0009550467948429286,2.2917275428771973,-1.1170019206474535e-05,0.6562684178352356,0.00028975331224501133,0.23140963912010193,0.2277633249759674,0.01604163832962513,0.6064208745956421,1.3323049545288086,0.0009424457093700767,70.23129272460938,9.901616067509167e-06,6.217406189534813e-05,6.667482375632972e-05,0.1973903626203537,0.2922303378582001,0.007222699001431465,0.5845785737037659,1.4743732213974,,,,,
325,model.layers.19.self_attn.v_proj.weight,512,1024,0.0009765625,0.0007127717835828662,1.4832857847213745,-0.0012903523165732622,0.4302915036678314,0.0010588312288746238,0.1309981644153595,0.27972283959388733,0.0042615728452801704,0.6895184516906738,1.4332746267318726,0.0008782601798884571,64.19325256347656,-1.0902190297201741e-06,4.635405639419332e-05,0.00010342716996092349,0.21243508160114288,0.2784799039363861,0.008871235884726048,0.508819580078125,1.4062477350234985,,,,,
325,model.layers.19.self_attn.o_proj.weight,1024,2048,0.00048828125,0.00046712710172869265,1.4708365201950073,-0.00041431959834881127,0.7958449125289917,7.919930794741958e-05,0.061608731746673584,0.5111870169639587,0.01004935335367918,0.6169312596321106,1.4621580839157104,0.0005017605144530535,140.1263885498047,1.0656204722181428e-05,9.154564031632617e-05,8.477712981402874e-05,0.21394410729408264,0.278007835149765,0.008973724208772182,0.5301967859268188,1.4660450220108032,,,,,
325,model.layers.1.mlp.gate_proj.weight,3584,1024,0.00027901785714285713,0.00027453876100480556,2.0513176918029785,0.00024574645794928074,1.5815211534500122,0.00029650071519427,0.17663665115833282,0.3142048120498657,0.008016487583518028,0.5370251536369324,1.5211411714553833,0.00027414740179665387,226.0554962158203,1.2308719306020066e-05,0.00012053843238390982,9.6729832876008e-05,0.23153966665267944,0.2592806816101074,0.009244658052921295,0.512334942817688,1.511331558227539,,,,0.29100391268730164,0.28913894295692444
325,model.layers.1.mlp.up_proj.weight,3584,1024,0.00027901785714285713,0.0005403623217716813,2.147829055786133,0.0007074084132909775,2.4889206886291504,0.00020901467360090464,0.18132801353931427,0.29570382833480835,0.008119944483041763,0.4797646999359131,1.5122430324554443,0.0002540562127251178,181.28512573242188,2.646115535753779e-05,0.0001490780123276636,9.14914344321005e-05,0.231011763215065,0.25899738073349,0.00983597245067358,0.5008980631828308,1.5080221891403198,,,,,
325,model.layers.1.mlp.down_proj.weight,1024,3584,0.00027901785714285713,0.0002748819824773818,2.940579891204834,0.0007207013550214469,2.4251744747161865,0.0006108747329562902,0.2027670294046402,0.2664627134799957,0.01602480188012123,0.5192154049873352,1.4427295923233032,0.000263731402810663,184.91259765625,1.2078918189217802e-05,0.00015385117148980498,0.0001007489554467611,0.21212022006511688,0.27608051896095276,0.008761760778725147,0.551767110824585,1.4870182275772095,0.20402221381664276,0.20039764046669006,0.5171412229537964,,
325,model.layers.12.mlp.gate_proj.weight,3584,1024,0.00027901785714285713,0.00021481055591721088,2.7183828353881836,-0.0002569356875028461,1.1874001026153564,0.000571846729144454,0.19536808133125305,0.2441469132900238,0.00499647855758667,0.5733007788658142,1.528784990310669,0.00025115101016126573,205.98138427734375,1.1056326911784708e-05,0.00015052950766403228,9.646650869399309e-05,0.21345330774784088,0.2796463072299957,0.007764218375086784,0.545536994934082,1.5261552333831787,,,,,
325,model.layers.12.mlp.up_proj.weight,3584,1024,0.00027901785714285713,0.0002754279412329197,2.521270513534546,-0.000396004063077271,1.8914361000061035,0.0005297322059050202,0.2161465585231781,0.2482198029756546,0.008636211976408958,0.5294188857078552,1.5086289644241333,0.00027133632102049887,180.97166442871094,2.0732146367663518e-05,0.0001688470656517893,0.00012171338312327862,0.22329509258270264,0.26575011014938354,0.009907442145049572,0.5052688121795654,1.5099668502807617,,,,,
325,model.layers.12.mlp.down_proj.weight,1024,3584,0.00027901785714285713,0.0002501487033441663,3.4861204624176025,-0.0003977069281972945,1.9580367803573608,9.420944843441248e-05,0.21437522768974304,0.27705636620521545,0.012915453873574734,0.5136610865592957,1.4328303337097168,0.00023988666362129152,146.10733032226562,2.9048263968434185e-05,0.00018153937708120793,6.712041795253754e-05,0.1985611766576767,0.2916378676891327,0.008131385780870914,0.5792527198791504,1.5006779432296753,0.18656916916370392,0.1906292885541916,0.5275239944458008,,
325,model.layers.22.mlp.gate_proj.weight,3584,1024,0.00027901785714285713,0.00024307698186021298,2.050098419189453,-0.0007260419661179185,0.4043443202972412,0.000705162703525275,0.2045484185218811,0.23390676081180573,0.006317757070064545,0.5202551484107971,1.5243141651153564,0.00025481177726760507,254.9217071533203,6.251750619412633e-06,0.00011643657489912584,8.345452806679532e-05,0.22573070228099823,0.26358214020729065,0.009576495736837387,0.5289240479469299,1.5134649276733398,,,,0.2152174413204193,0.20695799589157104
325,model.layers.22.mlp.up_proj.weight,3584,1024,0.00027901785714285713,0.00020276452414691448,2.3713629245758057,-0.00035016221227124333,0.782421886920929,0.0004610493197105825,0.19342432916164398,0.27384331822395325,0.008294160477817059,0.5476968884468079,1.5151878595352173,0.00028032236150465906,216.6986846923828,-9.817674708756385e-07,0.00014666067727375776,8.538683323422447e-05,0.23586100339889526,0.2539692223072052,0.00974568072706461,0.504085123538971,1.5078918933868408,,,,,
325,model.layers.22.mlp.down_proj.weight,1024,3584,0.00027901785714285713,0.00030991475796326995,2.293250799179077,-0.0004240513371769339,0.7001416087150574,0.00032744198688305914,0.12344426661729813,0.35865068435668945,0.007629688363522291,0.520963728427887,1.4787038564682007,0.0002889519673772156,150.25767517089844,8.884736416803207e-06,0.0001558448711875826,7.737870328128338e-05,0.22695855796337128,0.2633154094219208,0.008715863339602947,0.5205207467079163,1.4722399711608887,0.19715209305286407,0.19320839643478394,0.5586132407188416,,
325,model.layers.1.linear_attn.in_proj_qkv.weight,6144,1024,0.00016276041666666666,0.00010969183495035395,1.9491223096847534,-0.00011774619633797556,1.3974589109420776,0.0004298510029911995,0.19282753765583038,0.2603864371776581,0.0051707616075873375,0.5280711650848389,1.538352608680725,0.0001461450447095558,238.2520751953125,1.0373064469604287e-05,0.00014669883239548653,8.264070493169129e-05,0.22971297800540924,0.2636326849460602,0.006916801445186138,0.5191213488578796,1.5433050394058228,0.1947953701019287,0.20017492771148682,0.5168891549110413,,
325,model.layers.1.linear_attn.out_proj.weight,1024,2048,0.00048828125,0.0004063030064571649,1.322314977645874,3.8908001442905515e-06,3.2109508514404297,0.0003055565757676959,0.1468898057937622,0.3391339182853699,0.01022291835397482,0.5035344958305359,1.4537471532821655,0.00047227926552295685,133.97579956054688,-6.935113106010249e-06,9.941141615854576e-05,0.00010766941704787314,0.20738989114761353,0.2839805781841278,0.008410713635385036,0.5574650168418884,1.4831956624984741,,,,,
325,model.layers.12.linear_attn.in_proj_qkv.weight,6144,1024,0.00016276041666666666,7.298814307432622e-05,2.2797679901123047,3.1837284041102976e-05,1.103201985359192,0.00022813156829215586,0.16883087158203125,0.2482704371213913,0.0024088488426059484,0.6029282808303833,1.551445484161377,0.00015977383009158075,215.30126953125,1.6742567822802812e-05,0.00016831870016176254,7.824275235179812e-05,0.2139953374862671,0.27700498700141907,0.007334316615015268,0.531697154045105,1.541547417640686,0.20543117821216583,0.20083914697170258,0.5489775538444519,,
325,model.layers.12.linear_attn.out_proj.weight,1024,2048,0.00048828125,0.00030676546157337725,2.0561306476593018,-6.0986738390056416e-05,1.598784327507019,3.414678212720901e-05,0.16718876361846924,0.33016660809516907,0.014784229919314384,0.5146395564079285,1.427464485168457,0.0004218578978907317,90.33234405517578,1.8462969819665886e-05,0.00012891090591438115,7.18191295163706e-05,0.18955378234386444,0.3033420741558075,0.007762090768665075,0.59156334400177,1.5099098682403564,,,,,
325,model.layers.21.linear_attn.in_proj_qkv.weight,6144,1024,0.00016276041666666666,0.00010038745676865801,2.8435237407684326,-7.863829523557797e-05,0.27369004487991333,0.00047764970804564655,0.1803082376718521,0.2663792073726654,0.005051885265856981,0.5760910511016846,1.5432403087615967,0.00015665178943891078,314.19903564453125,-5.119213710713666e-07,0.00012815502122975886,7.369473314611241e-05,0.22969727218151093,0.261229932308197,0.00861235149204731,0.5238586664199829,1.5331529378890991,0.19358699023723602,0.18533119559288025,0.5645092725753784,,
325,model.layers.21.linear_attn.out_proj.weight,1024,2048,0.00048828125,0.0003831013455055654,2.3233978748321533,0.00034867197973653674,0.4602098762989044,9.105629578698426e-05,0.172605961561203,0.3184677064418793,0.00749683054164052,0.4987510144710541,1.4689977169036865,0.00040129583794623613,100.67658233642578,-1.84606687980704e-06,0.00010876727901631966,5.060622424934991e-05,0.2166512906551361,0.2760753333568573,0.008517391979694366,0.5176190733909607,1.4720896482467651,,,,,
350,model.layers.7.self_attn.q_proj.weight,4096,1024,0.000244140625,0.00013973840395919979,2.472057819366455,-0.0003176176978740841,0.5134376883506775,0.0007507496629841626,0.17748472094535828,0.255433052778244,0.0068871453404426575,0.5272750854492188,1.5346139669418335,0.00021500133152585477,218.68165588378906,1.594259992998559e-05,0.0001548679720144719,9.945828787749633e-05,0.22361722588539124,0.2691604793071747,0.0083781061694026,0.5248073935508728,1.5249794721603394,0.07025968283414841,0.07291761040687561,0.8276552557945251,0.31610411405563354,0.3031633496284485
350,model.layers.7.self_attn.k_proj.weight,512,1024,0.0009765625,0.0011910483008250594,2.9770305156707764,1.1729218840628164e-06,0.37829646468162537,0.0012355290818959475,0.1546168327331543,0.24663381278514862,0.033614806830883026,0.678192675113678,1.3412216901779175,0.0009655579924583435,99.76615905761719,-3.6025161534780636e-05,6.205962563399225e-05,9.654965833760798e-05,0.21579241752624512,0.2709418535232544,0.008255092427134514,0.5381540060043335,1.4342942237854004,,,,,
350,model.layers.7.self_attn.v_proj.weight,512,1024,0.0009765625,0.0008577421540394425,2.2164738178253174,-0.0001468108966946602,0.6871705055236816,0.00010194083006354049,0.15421214699745178,0.24341264367103577,0.0018909918144345284,0.7011273503303528,1.4878438711166382,0.0008681493927724659,80.74390411376953,5.1896029617637396e-05,6.42102095298469e-05,4.952639574185014e-05,0.23089006543159485,0.2573421001434326,0.007236827164888382,0.5182210803031921,1.4634740352630615,,,,,
350,model.layers.7.self_attn.o_proj.weight,1024,2048,0.00048828125,0.00025432222173549235,2.2123453617095947,-3.306569124106318e-05,1.192984700202942,2.618798680487089e-05,0.15780054032802582,0.34368976950645447,0.009703238494694233,0.5205995440483093,1.4462072849273682,0.0004660574777517468,70.57709503173828,4.490496576181613e-05,0.0001347531797364354,7.25395220797509e-05,0.1767619550228119,0.31682348251342773,0.0066625019535422325,0.6191244125366211,1.5273256301879883,,,,,
350,model.layers.15.self_attn.q_proj.weight,4096,1024,0.000244140625,0.00014034862397238612,3.3582663536071777,0.0004781339375767857,0.48076924681663513,0.0002811987651512027,0.2135951817035675,0.23130817711353302,0.003505989909172058,0.44508427381515503,1.5450748205184937,0.0002055801887763664,216.1181182861328,3.4798524666257435e-06,0.00014630398072768003,7.482845830963925e-05,0.2243407666683197,0.2658582627773285,0.007936329580843449,0.5027727484703064,1.5302636623382568,0.07448270171880722,0.08124855905771255,0.8324798345565796,,
350,model.layers.15.self_attn.k_proj.weight,512,1024,0.0009765625,0.0010081868385896087,5.678835391998291,7.167642252170481e-06,0.4116898775100708,0.0001697325351415202,0.285905659198761,0.20522041618824005,0.00422710133716464,0.4957040548324585,1.4705547094345093,0.0008108288748189807,52.749977111816406,2.4081944047793513e-06,6.302594556473196e-05,6.039676009095274e-05,0.19770768284797668,0.2968176603317261,0.007077032700181007,0.5804253220558167,1.475852608680725,,,,,
350,model.layers.15.self_attn.v_proj.weight,512,1024,0.0009765625,0.0008290547993965447,1.6859477758407593,-7.595989882247522e-05,0.40789487957954407,0.00037096202140673995,0.17418408393859863,0.2700279653072357,0.004423744510859251,0.6581345796585083,1.439548373222351,0.0008890655590221286,71.60692596435547,1.5728505786682945e-06,5.0166061555501074e-05,3.610153362387791e-05,0.22586889564990997,0.2624742388725281,0.008631579577922821,0.5173825621604919,1.4425417184829712,,,,0.23823349177837372,0.24934396147727966
350,model.layers.15.self_attn.o_proj.weight,1024,2048,0.00048828125,0.00033627342781983316,1.8370108604431152,-2.2649848688161e-05,0.6728615760803223,3.5728535294765607e-05,0.10065067559480667,0.4090522825717926,0.01968330331146717,0.5336301326751709,1.4417914152145386,0.0004917520564049482,95.03137969970703,-1.594340574229136e-05,0.00010617046791594476,8.847978460835293e-05,0.1984483152627945,0.2963002920150757,0.00812190119177103,0.5722751617431641,1.502241849899292,,,,,
350,model.layers.19.self_attn.q_proj.weight,4096,1024,0.000244140625,0.00019447228987701237,2.7560136318206787,-0.0008356989128515124,0.28135818243026733,0.0008434462361037731,0.2334265261888504,0.2172674536705017,0.0111060356721282,0.40097692608833313,1.5306980609893799,0.0002068251051241532,226.5347137451172,1.3378169569477905e-05,0.00013891536218579859,6.177475734148175e-05,0.2184285670518875,0.27323201298713684,0.008557958528399467,0.5169695019721985,1.5302306413650513,0.09021447598934174,0.08757197111845016,0.8170658946037292,,
350,model.layers.19.self_attn.k_proj.weight,512,1024,0.0009765625,0.0009347811574116349,3.0195930004119873,1.751110357872676e-05,0.27692070603370667,0.0009608414256945252,0.24482257664203644,0.2075665146112442,0.01542651280760765,0.5740020275115967,1.3310985565185547,0.0008780346834100783,73.42189025878906,2.4911541913752444e-05,5.937982859904878e-05,9.821564162848517e-05,0.20736218988895416,0.28234943747520447,0.007770317606627941,0.5687726736068726,1.4609081745147705,,,,,
350,model.layers.19.self_attn.v_proj.weight,512,1024,0.0009765625,0.0007111839950084686,1.7638849020004272,0.0018323648255318403,0.1837051808834076,0.0010979129001498222,0.15435020625591278,0.26130813360214233,0.005907434970140457,0.6842021346092224,1.4356975555419922,0.0009171102428808808,63.51007843017578,2.485289951437153e-05,4.660223930841312e-05,9.547911759000272e-05,0.2043718695640564,0.2880631983280182,0.009118674322962761,0.5253586173057556,1.434464454650879,,,,,
350,model.layers.19.self_attn.o_proj.weight,1024,2048,0.00048828125,0.0004627944726962596,1.466780662536621,0.0005633652908727527,0.35603082180023193,5.8615394664229825e-05,0.07003528624773026,0.493728905916214,0.006276774685829878,0.5983959436416626,1.4543768167495728,0.0004901523934677243,119.35942077636719,1.736148988129571e-05,8.993247320177034e-05,9.654076711740345e-05,0.2080431580543518,0.2841736078262329,0.009575195610523224,0.5351804494857788,1.4739594459533691,,,,,
350,model.layers.1.mlp.gate_proj.weight,3584,1024,0.00027901785714285713,0.00038569376920349896,2.56687331199646,-7.474781159544364e-05,0.6614181995391846,0.00032255324185825884,0.1827542781829834,0.3023173213005066,0.008676021359860897,0.524909257888794,1.5149774551391602,0.0002742017968557775,253.31130981445312,-5.671292910847114e-06,0.00014889657904859632,9.666900587035343e-05,0.232560396194458,0.25694790482521057,0.009674384258687496,0.5104557275772095,1.507000207901001,,,,0.2445896863937378,0.26124921441078186
350,model.layers.1.mlp.up_proj.weight,3584,1024,0.00027901785714285713,0.0010000690817832947,2.517763614654541,-0.00022952027211431414,1.0688502788543701,0.00019389741646591574,0.17914420366287231,0.3094428777694702,0.009408470243215561,0.5036466121673584,1.5116097927093506,0.00026822593645192683,154.2995147705078,-2.5060975531232543e-05,0.0001846585946623236,7.612410263391212e-05,0.23144811391830444,0.2590312659740448,0.00940429512411356,0.5011759400367737,1.5155203342437744,,,,,
350,model.layers.1.mlp.down_proj.weight,1024,3584,0.00027901785714285713,0.0002697851450648159,3.9528472423553467,-0.00023346050875261426,1.0427261590957642,0.0007734397077001631,0.20254164934158325,0.2687334418296814,0.01367297861725092,0.5258616805076599,1.4306715726852417,0.00028378513525240123,185.38124084472656,-2.3900988708192017e-06,0.0001891364372568205,9.391579806106165e-05,0.21791239082813263,0.2709808945655823,0.00862153060734272,0.5413273572921753,1.483778953552246,0.048988714814186096,0.05568316951394081,0.8537930250167847,,
350,model.layers.12.mlp.gate_proj.weight,3584,1024,0.00027901785714285713,0.00021444859157782048,2.714388370513916,0.0015650688437744975,0.5787448883056641,0.0006405822932720184,0.1874730885028839,0.2437097132205963,0.0060217841528356075,0.5837258100509644,1.5256526470184326,0.00024706526892259717,185.66893005371094,8.707748747838195e-06,0.00016867296653799713,6.45574473310262e-05,0.21717599034309387,0.2749212682247162,0.007851324044167995,0.5401014089584351,1.527212381362915,,,,,
350,model.layers.12.mlp.up_proj.weight,3584,1024,0.00027901785714285713,0.0002504332805983722,2.4501900672912598,0.0011715060099959373,0.9404795169830322,0.0004450836859177798,0.21690203249454498,0.24311703443527222,0.007296048570424318,0.5258936882019043,1.5176900625228882,0.0002610883966553956,151.1587677001953,3.779802500503138e-05,0.00019274682563263923,9.085399506147951e-05,0.22337542474269867,0.2650514543056488,0.009753108024597168,0.5055451989173889,1.5098482370376587,,,,,
350,model.layers.12.mlp.down_proj.weight,1024,3584,0.00027901785714285713,0.00025257508968934417,4.404005527496338,0.0012753191404044628,0.8913488388061523,0.00019890675321221352,0.21676373481750488,0.26495447754859924,0.03015771508216858,0.49121254682540894,1.3911818265914917,0.000244764843955636,117.64445495605469,2.356075492571108e-05,0.00020419944485183805,7.280636054929346e-05,0.20034390687942505,0.2898217439651489,0.008347024209797382,0.5758876204490662,1.4918726682662964,0.06837515532970428,0.07387591153383255,0.8507372140884399,,
350,model.layers.22.mlp.gate_proj.weight,3584,1024,0.00027901785714285713,0.0003018414427060634,2.8383827209472656,0.00024931103689596057,0.1447598934173584,0.0014592934167012572,0.17192421853542328,0.2684372663497925,0.009845214895904064,0.5642367601394653,1.5242549180984497,0.0002473319764249027,183.0291748046875,4.051678843097761e-06,0.00011948798055527732,8.629512740299106e-05,0.22740063071250916,0.26474249362945557,0.009578844532370567,0.5260905623435974,1.5209892988204956,,,,0.24336564540863037,0.248366117477417
350,model.layers.22.mlp.up_proj.weight,3584,1024,0.00027901785714285713,0.0002538053086027503,2.9375696182250977,0.00021137780277058482,0.3183809518814087,0.0010316534899175167,0.17896154522895813,0.2918815016746521,0.0139385387301445,0.5623689889907837,1.5064843893051147,0.0002677109732758254,196.44435119628906,7.226744401123142e-06,0.00014943235146347433,0.00012715037155430764,0.23505054414272308,0.25501343607902527,0.00986845325678587,0.5038468837738037,1.5158112049102783,,,,,
350,model.layers.22.mlp.down_proj.weight,1024,3584,0.00027901785714285713,0.00039104142342694104,2.4739441871643066,0.0002137951523764059,0.33754992485046387,0.00014324550284072757,0.1064525917172432,0.4127543270587921,0.007249119691550732,0.5736230611801147,1.4671562910079956,0.00027877482352778316,100.70682525634766,1.9761264411499724e-05,0.00016445122309960425,8.499990508425981e-05,0.22426027059555054,0.267577201128006,0.008747669868171215,0.5211056470870972,1.482256293296814,0.07966691255569458,0.08185997605323792,0.7943563461303711,,
350,model.layers.1.linear_attn.in_proj_qkv.weight,6144,1024,0.00016276041666666666,0.0001260403369087726,2.2400941848754883,0.00018501227896194905,0.5691064596176147,0.0004014498263131827,0.20542709529399872,0.24937820434570312,0.005580989643931389,0.49896979331970215,1.5390748977661133,0.0001482002408010885,198.70970153808594,-9.025223334901966e-06,0.0001766792411217466,7.595367060275748e-05,0.23088645935058594,0.26072508096694946,0.007236354053020477,0.5149437785148621,1.5357493162155151,0.04728487879037857,0.05425150692462921,0.8397536873817444,,
350,model.layers.1.linear_attn.out_proj.weight,1024,2048,0.00048828125,0.0004892970900982618,1.4067471027374268,0.0004707018379122019,1.2850531339645386,0.00025966871180571616,0.14244115352630615,0.3564946949481964,0.010726815089583397,0.5226107835769653,1.4449049234390259,0.0004545354750007391,114.93827819824219,-1.0347607712901663e-05,0.00012311179307289422,9.032210800796747e-05,0.2104024440050125,0.2807495892047882,0.008580987341701984,0.5480831861495972,1.4827991724014282,,,,,
350,model.layers.12.linear_attn.in_proj_qkv.weight,6144,1024,0.00016276041666666666,6.390725320670754e-05,2.10414981842041,-0.0002299077605130151,0.5718680024147034,0.0004343667533248663,0.1635037064552307,0.25085416436195374,0.0029049778822809458,0.6080470085144043,1.5528844594955444,0.00013614597264677286,204.27163696289062,1.2825185876863543e-05,0.00017819822824094445,5.260547550278716e-05,0.20966096222400665,0.2817673087120056,0.007188878487795591,0.5373152494430542,1.5398200750350952,0.0682489350438118,0.070490762591362,0.8096093535423279,,
350,model.layers.12.linear_attn.out_proj.weight,1024,2048,0.00048828125,0.00029551686020568013,2.0855746269226074,-0.0004074002499692142,0.7572941780090332,7.660939445486292e-05,0.1747301071882248,0.310516893863678,0.020597020164132118,0.4857375919818878,1.4221346378326416,0.0004199584072921425,87.0918197631836,-1.5068471839185804e-06,0.00013773479440715164,4.8639896704116836e-05,0.19828112423419952,0.2965833246707916,0.007963605225086212,0.5748113393783569,1.4943283796310425,,,,,
350,model.layers.21.linear_attn.in_proj_qkv.weight,6144,1024,0.00016276041666666666,0.00011113240907434374,3.4764347076416016,-1.1777208783314563e-05,0.11868661642074585,0.0006029285141266882,0.17563454806804657,0.2730666697025299,0.005503783468157053,0.6031469702720642,1.5446703433990479,0.0001414507714798674,289.1455078125,2.8928964184160577e-06,0.0001462166546843946,6.506090721813962e-05,0.2264188528060913,0.26479411125183105,0.007420173846185207,0.5304462909698486,1.5350297689437866,0.08648701012134552,0.09030957520008087,0.812629759311676,,
350,model.layers.21.linear_attn.out_proj.weight,1024,2048,0.00048828125,0.0004280983121134341,3.0000643730163574,-0.0011254415148869157,0.2165614515542984,0.00015802566485945135,0.14808471500873566,0.36348041892051697,0.00835619866847992,0.5619716644287109,1.4728437662124634,0.00042761111399158835,95.9930648803711,2.6470135708223097e-05,0.00012359523680061102,8.486428851028904e-05,0.2183171659708023,0.2728707790374756,0.010066821239888668,0.5157867074012756,1.4620683193206787,,,,,
375,model.layers.7.self_attn.q_proj.weight,4096,1024,0.000244140625,0.0001171418625744991,3.216299533843994,0.0002701392804738134,0.3540227711200714,0.0008800622308626771,0.1791181117296219,0.26262083649635315,0.008809483610093594,0.5453650951385498,1.536102294921875,0.00020456423226278275,264.15142822265625,1.7903583284351043e-05,0.00014307108358480036,8.317928586620837e-05,0.225486159324646,0.26724907755851746,0.008513160981237888,0.5205553770065308,1.529968500137329,0.06121085211634636,0.06256787478923798,0.8658990263938904,0.24924243986606598,0.25078660249710083
375,model.layers.7.self_attn.k_proj.weight,512,1024,0.0009765625,0.0011713788844645023,4.964089393615723,1.3236450513431919e-06,0.2440507411956787,0.0006882960442453623,0.16059434413909912,0.2671804130077362,0.02031753957271576,0.6931724548339844,1.3274002075195312,0.0010235179215669632,97.9182357788086,-1.4719717000843957e-05,5.6342032621614635e-05,0.00013949762796983123,0.2139488160610199,0.27310270071029663,0.00980065856128931,0.5476639866828918,1.4003350734710693,,,,,
375,model.layers.7.self_attn.v_proj.weight,512,1024,0.0009765625,0.0008463140693493187,1.7957749366760254,-0.0010051956633105874,0.5271565914154053,0.00017688343359623104,0.14906945824623108,0.24283765256404877,0.002558947540819645,0.7197737097740173,1.4777569770812988,0.0008311229757964611,54.74204635620117,4.651460767490789e-05,6.105611828388646e-05,6.546542135765776e-05,0.22841547429561615,0.2595308721065521,0.009423247538506985,0.5262292623519897,1.4563595056533813,,,,,
375,model.layers.7.self_attn.o_proj.weight,1024,2048,0.00048828125,0.00023537930974271148,2.081505060195923,-0.00033891465864144266,0.8481899499893188,4.339441147749312e-05,0.1638668179512024,0.32770228385925293,0.012467285618185997,0.4918448030948639,1.4371511936187744,0.0004787325160577893,62.42002868652344,-2.6511266696616076e-05,0.00013025749649386853,4.460647687665187e-05,0.17147240042686462,0.32436802983283997,0.006519569084048271,0.6347213387489319,1.5305732488632202,,,,,
375,model.layers.15.self_attn.q_proj.weight,4096,1024,0.000244140625,0.00011699456081259996,2.7052547931671143,-0.00019505074305925518,0.39842501282691956,0.00035187549656257033,0.21985751390457153,0.22661200165748596,0.003271513618528843,0.44167107343673706,1.5479450225830078,0.00020194865646772087,233.81338500976562,9.734103514347225e-06,0.0001498677156632766,7.746906339889392e-05,0.22296962141990662,0.26787230372428894,0.007860277779400349,0.5061266422271729,1.5294936895370483,0.07152160257101059,0.07106194645166397,0.8543294668197632,,
375,model.layers.15.self_attn.k_proj.weight,512,1024,0.0009765625,0.000967556145042181,4.705259799957275,-3.7939787489449373e-06,0.3139403760433197,7.639236719114706e-05,0.28417354822158813,0.21154773235321045,0.0045602768659591675,0.5023970603942871,1.4660438299179077,0.0009762331610545516,49.53828048706055,3.830808782367967e-05,6.407455657608807e-05,7.082106458256021e-05,0.1943773627281189,0.29970863461494446,0.007097089197486639,0.5863096117973328,1.4612528085708618,,,,,
375,model.layers.15.self_attn.v_proj.weight,512,1024,0.0009765625,0.0008654447156004608,1.6615558862686157,-3.871594890370034e-05,0.3213183581829071,8.934260404203087e-05,0.18112699687480927,0.274689257144928,0.006046251859515905,0.6475335955619812,1.4501256942749023,0.0009573888964951038,49.77091598510742,4.9579939513932914e-05,5.191907985135913e-05,5.827903078170493e-05,0.2267269492149353,0.262723833322525,0.006740162614732981,0.5185245275497437,1.4540952444076538,,,,0.2892244756221771,0.3008590042591095
375,model.layers.15.self_attn.o_proj.weight,1024,2048,0.00048828125,0.00040731256012804806,1.7859526872634888,-9.727123142511118e-06,0.557073175907135,2.0933370251441374e-05,0.09653341770172119,0.43703028559684753,0.01664670556783676,0.5654665231704712,1.4577053785324097,0.00043460464803501964,81.4627456665039,2.267823765578214e-05,0.00011603209713939577,5.3377072617877275e-05,0.18898242712020874,0.30819228291511536,0.007834128104150295,0.5902478098869324,1.5074350833892822,,,,,
375,model.layers.19.self_attn.q_proj.weight,4096,1024,0.000244140625,0.0001538337382953614,2.5965487957000732,0.0006109836394898593,0.2096182405948639,0.0003836990217678249,0.2292088121175766,0.22771725058555603,0.00751884700730443,0.44389209151268005,1.5265308618545532,0.00022775625984650105,180.89309692382812,7.729738172201905e-06,0.0001491346483817324,8.657319995108992e-05,0.2168484330177307,0.2758323848247528,0.008652144111692905,0.5194808840751648,1.5261181592941284,0.06362000852823257,0.07005751132965088,0.8288593292236328,,
375,model.layers.19.self_attn.k_proj.weight,512,1024,0.0009765625,0.000994076137430966,2.7749667167663574,1.3674719411937986e-05,0.21740826964378357,0.00019293793593533337,0.22967608273029327,0.23516453802585602,0.010103865526616573,0.5989891886711121,1.3985309600830078,0.0009207047987729311,58.48130416870117,2.996813054778613e-05,6.539325841004029e-05,4.9882557505043224e-05,0.2056005597114563,0.2826956808567047,0.007782802917063236,0.5648277997970581,1.4598408937454224,,,,,
375,model.layers.19.self_attn.v_proj.weight,512,1024,0.0009765625,0.0006960401660762727,1.3735027313232422,-5.2659706852864474e-05,0.17845924198627472,0.001552095403894782,0.11199118196964264,0.2708419859409332,0.005617058835923672,0.7035906314849854,1.4246634244918823,0.0009025587933138013,58.2059440612793,-2.1261899746605195e-05,5.3087689593667164e-05,0.00010510528227314353,0.20892100036144257,0.2846531271934509,0.006846695672720671,0.5271421074867249,1.4446016550064087,,,,,
375,model.layers.19.self_attn.o_proj.weight,1024,2048,0.00048828125,0.00044276489643380046,1.395434021949768,-1.9281393178971484e-05,0.30473870038986206,0.0001854809233918786,0.05681772902607918,0.49063873291015625,0.028193894773721695,0.5879248976707458,1.4762061834335327,0.00042827025754377246,111.32647705078125,1.1892267139046453e-05,0.00010052767174784094,6.543454219354317e-05,0.20825277268886566,0.2835797071456909,0.008921651169657707,0.5380615592002869,1.482093095779419,,,,,
375,model.layers.1.mlp.gate_proj.weight,3584,1024,0.00027901785714285713,0.0003622515359893441,2.8271591663360596,-0.0006951970281079412,0.41654476523399353,0.0003420865978114307,0.18498551845550537,0.2891553044319153,0.008410018868744373,0.5183815956115723,1.5145580768585205,0.00025968957925215364,264.127685546875,1.5400388292619027e-05,0.00011997658293694258,8.98713042261079e-05,0.23181916773319244,0.2588886618614197,0.009049765765666962,0.5110293030738831,1.5199376344680786,,,,0.24344827234745026,0.24569912254810333
375,model.layers.1.mlp.up_proj.weight,3584,1024,0.00027901785714285713,0.000596815487369895,2.7609524726867676,-0.0008997378754429519,0.6805018186569214,0.00014590950740966946,0.16703370213508606,0.33244869112968445,0.008563858456909657,0.5290675759315491,1.5112459659576416,0.0002740758645813912,180.5851287841797,2.520478119549807e-05,0.00014925524010322988,7.750780787318945e-05,0.2308131754398346,0.260355144739151,0.009607905521988869,0.5013519525527954,1.5100359916687012,,,,,
375,model.layers.1.mlp.down_proj.weight,1024,3584,0.00027901785714285713,0.00023351154231932014,4.699676990509033,-0.0009158294997178018,0.6651536226272583,0.0012651500292122364,0.2002047449350357,0.26938092708587646,0.016798142343759537,0.5243646502494812,1.431096076965332,0.0002741137577686459,206.47088623046875,3.441626176936552e-05,0.00015389840700663626,7.767581701045856e-05,0.2079343944787979,0.28146421909332275,0.008392995223402977,0.557835042476654,1.4923341274261475,0.056912440806627274,0.057778194546699524,0.8749476075172424,,
375,model.layers.12.mlp.gate_proj.weight,3584,1024,0.00027901785714285713,0.00020898513321299106,2.9508354663848877,5.865068669663742e-05,0.39630118012428284,0.0003446516930125654,0.19194671511650085,0.2396164983510971,0.005092013161629438,0.5658802390098572,1.5288220643997192,0.0002403239777777344,189.96258544921875,1.850699663918931e-05,0.00015847902977839112,8.09963748906739e-05,0.2150091826915741,0.2783905565738678,0.007517356891185045,0.5440295934677124,1.526669979095459,,,,,
375,model.layers.12.mlp.up_proj.weight,3584,1024,0.00027901785714285713,0.00026485847774893045,2.8802719116210938,0.00011946725862799212,0.6303370594978333,0.0005585758481174707,0.22566606104373932,0.24104884266853333,0.010087785311043262,0.49968570470809937,1.5119227170944214,0.0002887286536861211,144.6384735107422,6.00941784796305e-05,0.0001807189401006326,8.681083272676915e-05,0.22237971425056458,0.26585525274276733,0.009880248457193375,0.5044359564781189,1.5164531469345093,,,,,
375,model.layers.12.mlp.down_proj.weight,1024,3584,0.00027901785714285713,0.00024378155649174005,6.106629848480225,0.00012453824456315488,0.623878002166748,0.00019972109294030815,0.21784043312072754,0.2705787122249603,0.022505715489387512,0.499713659286499,1.3906956911087036,0.000279720377875492,118.90897369384766,5.667303776135668e-05,0.00019210691971238703,8.457692456431687e-05,0.19348879158496857,0.29721447825431824,0.007926477119326591,0.5916832089424133,1.5143202543258667,0.060787882655858994,0.06352759897708893,0.8829818367958069,,
375,model.layers.22.mlp.gate_proj.weight,3584,1024,0.00027901785714285713,0.0002809625875670463,2.5474321842193604,-0.0031569094862788916,0.1253145933151245,0.0009710617014206946,0.17836588621139526,0.25704753398895264,0.0069983648136258125,0.5513374209403992,1.5228564739227295,0.00025545674725435674,237.1728973388672,1.3143969226803165e-05,0.0001276939728995785,7.946508412715048e-05,0.22398614883422852,0.2665402591228485,0.009453383274376392,0.5316055417060852,1.5196431875228882,,,,0.2687917947769165,0.26238057017326355
375,model.layers.22.mlp.up_proj.weight,3584,1024,0.00027901785714285713,0.0002604219480417669,2.3326222896575928,-0.0014720464823767543,0.3085232973098755,0.0013095607282593846,0.1741657704114914,0.28994691371917725,0.015311694703996181,0.5624961256980896,1.5025253295898438,0.0002631208044476807,195.3646697998047,-1.891475767479278e-05,0.00016418247832916677,9.610866254661232e-05,0.23571400344371796,0.254184752702713,0.009782525710761547,0.5036738514900208,1.515864610671997,,,,,
375,model.layers.22.mlp.down_proj.weight,1024,3584,0.00027901785714285713,0.0003995136357843876,2.4836556911468506,-0.0018148444360122085,0.27294495701789856,0.0003732192562893033,0.10777831822633743,0.40572619438171387,0.011298813857138157,0.568230926990509,1.4748932123184204,0.0002788312267512083,128.31976318359375,-4.360973889561137e-06,0.00017679674783721566,9.497594146523625e-05,0.22712576389312744,0.26347190141677856,0.009068869985640049,0.5168954730033875,1.4705384969711304,0.07267051935195923,0.07098939269781113,0.8093985319137573,,
375,model.layers.1.linear_attn.in_proj_qkv.weight,6144,1024,0.00016276041666666666,0.0001094673280022107,2.459984302520752,-0.00017824240785557777,0.3554779589176178,0.0008978473488241434,0.19100446999073029,0.26537826657295227,0.009061808697879314,0.523331344127655,1.5356608629226685,0.00014295811706688255,256.6051940917969,1.348060595773859e-05,0.00014189355715643615,6.0136313550174236e-05,0.22815276682376862,0.26480183005332947,0.007048759609460831,0.520076334476471,1.5360298156738281,0.06170658767223358,0.05814877897500992,0.8584824204444885,,
375,model.layers.1.linear_attn.out_proj.weight,1024,2048,0.00048828125,0.002560557099059224,1.4255834817886353,0.00014906417345628142,0.8116110563278198,0.0004475228488445282,0.13906115293502808,0.35353562235832214,0.012838986702263355,0.5168209671974182,1.4447743892669678,0.00045227285590954125,122.33731842041016,8.647150025353767e-06,0.00010080999345518649,9.429737838217989e-05,0.20470495522022247,0.2881229817867279,0.008119839243590832,0.5622051358222961,1.5060781240463257,,,,,
375,model.layers.12.linear_attn.in_proj_qkv.weight,6144,1024,0.00016276041666666666,6.683010724373162e-05,2.419619560241699,-1.2352703379292507e-05,0.3989943861961365,0.00032025217660702765,0.16473034024238586,0.25005632638931274,0.002931511728093028,0.5904030799865723,1.553584098815918,0.0001447395043214783,195.06288146972656,1.58326201926684e-05,0.00017467181896790862,6.816072709625587e-05,0.21061649918556213,0.2816930115222931,0.00728821475058794,0.5346155166625977,1.5419002771377563,0.05807902291417122,0.0648815929889679,0.848082959651947,,
375,model.layers.12.linear_attn.out_proj.weight,1024,2048,0.00048828125,0.0003345330769661814,2.3930819034576416,0.00039471726631745696,0.5396825671195984,4.532949606073089e-05,0.172372505068779,0.32120463252067566,0.016901468858122826,0.5077553987503052,1.4291577339172363,0.000461862568045035,76.81098175048828,-7.580981218779925e-06,0.0001338505098829046,6.056063648429699e-05,0.18249161541461945,0.3131265640258789,0.007145453244447708,0.6085812449455261,1.5203721523284912,,,,,
375,model.layers.21.linear_attn.in_proj_qkv.weight,6144,1024,0.00016276041666666666,8.759205229580402e-05,3.144636392593384,-0.0004217342066112906,0.09124349802732468,0.00040771884960122406,0.1641772985458374,0.2793808579444885,0.004282507114112377,0.6061732769012451,1.5461301803588867,0.00013845720968674868,309.19085693359375,5.096576842333889e-06,0.00014489635941572487,5.87349095440004e-05,0.22694289684295654,0.26332029700279236,0.007911856286227703,0.5297517776489258,1.5396969318389893,0.057969316840171814,0.056583281606435776,0.866259753704071,,
375,model.layers.21.linear_attn.out_proj.weight,1024,2048,0.00048828125,0.00041884093661792576,2.782465934753418,-0.0004493319138418883,0.17124566435813904,8.278829045593739e-05,0.14606255292892456,0.3574010729789734,0.0072184717282652855,0.5459925532341003,1.4661036729812622,0.00045044877333566546,94.44715118408203,3.9598162402398884e-05,0.00012167375825811177,6.937306898180395e-05,0.2171076536178589,0.27612537145614624,0.00895398948341608,0.5156729817390442,1.4650092124938965,,,,,
400,model.layers.7.self_attn.q_proj.weight,4096,1024,0.000244140625,0.00013178889639675617,3.517434597015381,0.0006953448173590004,0.38661232590675354,0.0016961564542725682,0.1756705343723297,0.26043692231178284,0.011536330915987492,0.5467401742935181,1.5324949026107788,0.00020640884758904576,253.88829040527344,1.7552107237861492e-05,0.00014739870675839484,8.856568456394598e-05,0.22530750930309296,0.2663562595844269,0.008493205532431602,0.5194042921066284,1.5289987325668335,0.07891104370355606,0.0921488106250763,0.8281269073486328,0.3172845244407654,0.34434324502944946
400,model.layers.7.self_attn.k_proj.weight,512,1024,0.0009765625,0.0013654092326760292,4.436324119567871,-1.1974755580013152e-05,0.2907082438468933,0.004328846465796232,0.14173410832881927,0.2637028396129608,0.02699960581958294,0.71494060754776,1.312817931175232,0.000952585251070559,97.86235809326172,2.6200563297607005e-05,5.8502664614934474e-05,8.151335350703448e-05,0.21835382282733917,0.26868441700935364,0.009414003230631351,0.5399360656738281,1.4106961488723755,,,,,
400,model.layers.7.self_attn.v_proj.weight,512,1024,0.0009765625,0.000868519302457571,2.2648892402648926,0.00018114787235390395,0.5510132908821106,0.0002476322988513857,0.1498088538646698,0.25347715616226196,0.0035275344271212816,0.7141427397727966,1.4811315536499023,0.0009881143923848867,44.88468933105469,8.321339555550367e-05,6.077533544157632e-05,7.116348569979891e-05,0.23834474384784698,0.24835340678691864,0.007650557439774275,0.5079584121704102,1.4866665601730347,,,,,
400,model.layers.7.self_attn.o_proj.weight,1024,2048,0.00048828125,0.0002681514306459576,2.259070634841919,5.976125248707831e-05,0.9249860644340515,2.1410178305814043e-05,0.16147559881210327,0.3349641263484955,0.015074123628437519,0.5062018036842346,1.4119566679000854,0.000413244852097705,73.9603271484375,5.7223591284127906e-05,0.0001271945657208562,5.630459054373205e-05,0.1802569180727005,0.31473344564437866,0.0070172944106161594,0.6173140406608582,1.5326465368270874,,,,,
400,model.layers.15.self_attn.q_proj.weight,4096,1024,0.000244140625,0.00012034842802677304,2.563058614730835,0.00012800630065612495,0.3802761733531952,0.0003624496457632631,0.21406131982803345,0.2331751435995102,0.0041929977014660835,0.4463733732700348,1.5456132888793945,0.00021188870596233755,246.17291259765625,8.788909326540306e-06,0.00014057532825972885,6.714416667819023e-05,0.22045443952083588,0.2697303891181946,0.007942977361381054,0.5091403126716614,1.5299443006515503,0.0777885764837265,0.07586485147476196,0.8680728077888489,,
400,model.layers.15.self_attn.k_proj.weight,512,1024,0.0009765625,0.000928651774302125,3.7011795043945312,1.0840289178304374e-05,0.3101584315299988,3.634920358308591e-05,0.2578338086605072,0.2208525389432907,0.00415878975763917,0.5397652387619019,1.4571037292480469,0.0009251435403712094,54.33310317993164,1.4174243915476836e-05,6.1294726037886e-05,6.674377800663933e-05,0.1910191923379898,0.3037680685520172,0.006551743485033512,0.5932149887084961,1.4674280881881714,,,,,
400,model.layers.15.self_attn.v_proj.weight,512,1024,0.0009765625,0.0010163411498069763,1.7330877780914307,0.00020847453561145812,0.28927963972091675,0.00014672151883132756,0.17173030972480774,0.27126553654670715,0.004496080335229635,0.6685572862625122,1.4213263988494873,0.0010286996839568019,71.0459213256836,7.367869784502545e-06,4.9470658268546686e-05,5.128610791871324e-05,0.2267710566520691,0.2636096775531769,0.00677985604852438,0.5270466804504395,1.4554688930511475,,,,0.31258219480514526,0.2956903874874115
400,model.layers.15.self_attn.o_proj.weight,1024,2048,0.00048828125,0.0003803515573963523,1.7945141792297363,6.141500489320606e-05,0.5465271472930908,1.6189111192943528e-05,0.09103543311357498,0.4541422724723816,0.007890205830335617,0.5846307277679443,1.4559322595596313,0.00044923083623871207,68.03765106201172,1.6969312127912417e-05,0.00010785293852677569,6.937263970030472e-05,0.19334100186824799,0.3029959499835968,0.00798475556075573,0.5827873945236206,1.5230220556259155,,,,,
400,model.layers.19.self_attn.q_proj.weight,4096,1024,0.000244140625,0.00015540505410172045,3.3404619693756104,-0.0003768184978980571,0.18769720196723938,0.000271585799055174,0.22302687168121338,0.23766908049583435,0.007360650692135096,0.43938758969306946,1.5271778106689453,0.00021169427782297134,256.0408630371094,-1.7896047665999504e-06,0.00013424825738184154,8.961912681115791e-05,0.21754896640777588,0.2735241949558258,0.00872034952044487,0.5195220708847046,1.527272343635559,0.08750928193330765,0.08487332612276077,0.8630328178405762,,
400,model.layers.19.self_attn.k_proj.weight,512,1024,0.0009765625,0.0010555615881457925,4.213373184204102,1.4005225239088759e-05,0.19072315096855164,0.0006423074519261718,0.22995209693908691,0.23981568217277527,0.011899597011506557,0.5818471312522888,1.376015543937683,0.0009262847015634179,76.54705810546875,2.9796869057463482e-05,5.6539985962444916e-05,4.552755126496777e-05,0.2120114266872406,0.2744911015033722,0.008456382900476456,0.5556056499481201,1.4389896392822266,,,,,
400,model.layers.19.self_attn.v_proj.weight,512,1024,0.0009765625,0.0007515641627833247,1.686651349067688,0.0005261788028292358,0.14109107851982117,0.0004930255236104131,0.12911376357078552,0.2820320427417755,0.0041932836174964905,0.7063190937042236,1.43122398853302,0.0009470824734307826,83.19501495361328,1.8170861949329264e-05,4.4043488742318004e-05,5.9143287217011675e-05,0.21120162308216095,0.2874471843242645,0.008052111603319645,0.509967029094696,1.4531924724578857,,,,,
400,model.layers.19.self_attn.o_proj.weight,1024,2048,0.00048828125,0.00041539949597790837,1.5256165266036987,0.0001687623152974993,0.2681698799133301,6.522098556160927e-05,0.059793949127197266,0.5147876143455505,0.006482040509581566,0.626828134059906,1.4649546146392822,0.00045009207678958774,141.327880859375,2.1880041458643973e-05,9.181089262710884e-05,9.344545833300799e-05,0.2096235156059265,0.28206223249435425,0.008859891444444656,0.5351204872131348,1.4774450063705444,,,,,
400,model.layers.1.mlp.gate_proj.weight,3584,1024,0.00027901785714285713,0.00048918800894171,2.47857403755188,-0.0004835909348912537,0.5423885583877563,0.0002937988319899887,0.17777350544929504,0.3098931908607483,0.006620348431169987,0.5334947109222412,1.517811894416809,0.00027726904954761267,267.54266357421875,3.546377411112189e-05,0.00013058472541160882,8.401775266975164e-05,0.23206673562526703,0.258550763130188,0.009526842273771763,0.5118601322174072,1.5121968984603882,,,,0.41590559482574463,0.41822510957717896
400,model.layers.1.mlp.up_proj.weight,3584,1024,0.00027901785714285713,0.0002270509721711278,2.344602346420288,-0.0004666511667892337,0.8822382688522339,7.948085112730041e-05,0.16117437183856964,0.3401050865650177,0.005978994537144899,0.5258907675743103,1.5155560970306396,0.00027191833942197263,154.8878936767578,1.9428063751547597e-05,0.00016301892173942178,9.52666305238381e-05,0.23081791400909424,0.2598874270915985,0.00979422777891159,0.5011798143386841,1.5082200765609741,,,,,
400,model.layers.1.mlp.down_proj.weight,1024,3584,0.00027901785714285713,0.0002794055035337806,3.7071855068206787,-0.00046426482731476426,0.8650694489479065,0.0008290228433907032,0.20088838040828705,0.2622714638710022,0.011931543238461018,0.5140216946601868,1.4384523630142212,0.00027171088731847703,189.6237030029297,4.729309512185864e-05,0.00016738820704631507,0.0001025846868287772,0.21648040413856506,0.27289286255836487,0.008131209760904312,0.5425195097923279,1.4858009815216064,0.09703768044710159,0.0976991057395935,0.7910354137420654,,
400,model.layers.12.mlp.gate_proj.weight,3584,1024,0.00027901785714285713,0.0001903209340525791,2.615933895111084,0.0003153835132252425,0.42735400795936584,0.000929084257222712,0.19407348334789276,0.23994672298431396,0.007176660466939211,0.5682716965675354,1.524429440498352,0.00024509496870450675,193.09146118164062,2.1892687072977424e-05,0.00015224410162772983,7.362569886026904e-05,0.21578934788703918,0.27769234776496887,0.00792284682393074,0.5426740646362305,1.5244721174240112,,,,,
400,model.layers.12.mlp.up_proj.weight,3584,1024,0.00027901785714285713,0.00028932373970746994,2.514373302459717,0.0005712077836506069,0.695185661315918,0.00045695999870076776,0.21354663372039795,0.2462117224931717,0.008453994989395142,0.5324368476867676,1.5091030597686768,0.00028937868773937225,170.24163818359375,5.753873847424984e-05,0.00017139535339083523,9.930667147273198e-05,0.2235502153635025,0.26502129435539246,0.00970135722309351,0.5059121251106262,1.5159764289855957,,,,,
400,model.layers.12.mlp.down_proj.weight,1024,3584,0.00027901785714285713,0.0002677244192454964,3.828796863555908,0.0006167056853882968,0.6656035780906677,0.00016970699653029442,0.2162613719701767,0.27160173654556274,0.02145351655781269,0.5044558048248291,1.3889715671539307,0.00026064738631248474,113.6284408569336,5.5864376918179914e-05,0.0001852501736721024,5.565464743995108e-05,0.1941308230161667,0.2963598668575287,0.007943961769342422,0.5897510647773743,1.5116257667541504,0.07802826166152954,0.08502622693777084,0.8769975304603577,,
400,model.layers.22.mlp.gate_proj.weight,3584,1024,0.00027901785714285713,0.00026345683727413416,2.764483690261841,-0.0009552505798637867,0.12084472924470901,0.0012906925985589623,0.1733817309141159,0.266381174325943,0.008742950856685638,0.5627316832542419,1.5247825384140015,0.00022449657262768596,247.9524688720703,4.261017238604836e-06,0.000107656727777794,8.847148274071515e-05,0.22429198026657104,0.2661130130290985,0.009410625323653221,0.5312642455101013,1.520970344543457,,,,0.32138577103614807,0.3219134509563446
400,model.layers.22.mlp.up_proj.weight,3584,1024,0.00027901785714285713,0.00020525111176539212,2.962606430053711,-0.00026949981111101806,0.249164417386055,0.0008439027587883174,0.17152239382266998,0.3038173019886017,0.014234207570552826,0.5800233483314514,1.5096710920333862,0.0002639297745190561,192.12332153320312,1.4017090506968088e-05,0.00014210159133654088,0.00010922933870460838,0.23366671800613403,0.2560506761074066,0.009798363782465458,0.506019651889801,1.5160797834396362,,,,,
400,model.layers.22.mlp.down_proj.weight,1024,3584,0.00027901785714285713,0.0003169815754517913,2.692302942276001,-0.00030860360129736364,0.24164029955863953,0.00012403687287587672,0.1117626503109932,0.39717793464660645,0.0060559967532753944,0.5646678805351257,1.4775980710983276,0.00027955955010838807,148.2882080078125,1.9268896721769124e-05,0.00015083537437021732,8.659028389956802e-05,0.22546181082725525,0.26698586344718933,0.008793905377388,0.5239533185958862,1.4761455059051514,0.07429517805576324,0.07684676349163055,0.819307804107666,,
400,model.layers.1.linear_attn.in_proj_qkv.weight,6144,1024,0.00016276041666666666,0.0001026252648443915,2.358185291290283,-0.00025290483608841896,0.46396395564079285,0.0006426150212064385,0.19648484885692596,0.25604942440986633,0.00907961092889309,0.5138901472091675,1.5336800813674927,0.00014983136497903615,227.36920166015625,1.0828491213032976e-05,0.00015373436326626688,6.158383621368557e-05,0.22988705337047577,0.2614630460739136,0.007765819784253836,0.5167754292488098,1.5322376489639282,0.09191841632127762,0.09807875007390976,0.7853239178657532,,
400,model.layers.1.linear_attn.out_proj.weight,1024,2048,0.00048828125,0.0014242847682908177,1.362756609916687,0.00022969073324929923,1.078708529472351,0.0002948272740468383,0.13534314930438995,0.36077120900154114,0.009143860079348087,0.5180031061172485,1.44701087474823,0.00042709734407253563,115.26728057861328,1.7636813936405815e-05,0.00010766655759653077,9.467509516980499e-05,0.2069498747587204,0.28463616967201233,0.008615504018962383,0.5578174591064453,1.48520028591156,,,,,
400,model.layers.12.linear_attn.in_proj_qkv.weight,6144,1024,0.00016276041666666666,7.908960833447054e-05,2.502139091491699,9.821444109547883e-05,0.4059884548187256,0.0003654163156170398,0.1683562844991684,0.24977566301822662,0.002951581496745348,0.5980761647224426,1.5516074895858765,0.00014368457777891308,218.16140747070312,2.2253392671700567e-05,0.00016242891433648765,7.664346776437014e-05,0.21330209076404572,0.2787870466709137,0.006895560771226883,0.5345191955566406,1.5435577630996704,0.09877520054578781,0.08988459408283234,0.8297439217567444,,
400,model.layers.12.linear_attn.out_proj.weight,1024,2048,0.00048828125,0.0003282357647549361,2.2345449924468994,-5.1923776481999084e-05,0.5648665428161621,3.987538002547808e-05,0.17727938294410706,0.31148332357406616,0.013604758307337761,0.49209484457969666,1.444530963897705,0.0004665011656470597,81.41481018066406,3.6995836126152426e-05,0.0001263162848772481,5.667033474310301e-05,0.18783631920814514,0.3076784908771515,0.007377335801720619,0.5986005663871765,1.521179437637329,,,,,
400,model.layers.21.linear_attn.in_proj_qkv.weight,6144,1024,0.00016276041666666666,0.00011188380449311808,3.276308536529541,0.000522848276887089,0.0961613804101944,0.0005472498014569283,0.18484248220920563,0.2533155381679535,0.005318746902048588,0.5790116786956787,1.5422214269638062,0.00014673633268103004,272.7536315917969,6.393696367013035e-06,0.00012702611275017262,8.07342876214534e-05,0.23034724593162537,0.260179728269577,0.008803272619843483,0.5214581489562988,1.528605341911316,0.09119154512882233,0.08831913024187088,0.8454679250717163,,
400,model.layers.21.linear_attn.out_proj.weight,1024,2048,0.00048828125,0.0003599234332796186,2.7310380935668945,0.000602765881922096,0.14994966983795166,0.00022227485897019506,0.16077306866645813,0.3336397409439087,0.009962928481400013,0.5183019042015076,1.4693011045455933,0.0004178076924290508,97.95764923095703,2.803177085297648e-05,0.00010508732520975173,8.662223990540951e-05,0.21474267542362213,0.2783220708370209,0.00878941174596548,0.5182286500930786,1.4743578433990479,,,,,
425,model.layers.7.self_attn.q_proj.weight,4096,1024,0.000244140625,0.00011576292308745906,3.1580324172973633,-0.0006179035408422351,0.31897592544555664,0.0004750420048367232,0.1776399463415146,0.2643890976905823,0.006839472334831953,0.5359652638435364,1.5361753702163696,0.00019714355585165322,226.4928741455078,1.8526066924096085e-05,0.00015340573736466467,7.917304901639e-05,0.2247813493013382,0.2679508626461029,0.008408122695982456,0.5231804847717285,1.5292747020721436,0.10498182475566864,0.09385808557271957,0.7754682898521423,0.3786240518093109,0.36493706703186035
425,model.layers.7.self_attn.k_proj.weight,512,1024,0.0009765625,0.0013143721735104918,3.925093173980713,-3.0317705750348978e-06,0.22303681075572968,0.002501243259757757,0.15481550991535187,0.2543388605117798,0.03049863688647747,0.6929888129234314,1.306944727897644,0.0008894521743059158,95.73480224609375,3.4201788366772234e-05,5.979078923701309e-05,4.5868277084082365e-05,0.21024742722511292,0.27744072675704956,0.008178363554179668,0.5611820220947266,1.4204471111297607,,,,,
425,model.layers.7.self_attn.v_proj.weight,512,1024,0.0009765625,0.0010069917188957334,1.9538921117782593,-0.0005475336220115423,0.4475986659526825,0.0004161175456829369,0.16051842272281647,0.23999468982219696,0.0037408843636512756,0.6941490173339844,1.4762777090072632,0.0008355585741810501,73.05590057373047,3.3134019759017974e-05,6.171542190713808e-05,0.00010302472219336778,0.2373749315738678,0.2507551312446594,0.00820621196180582,0.5112310647964478,1.4739478826522827,,,,,
425,model.layers.7.self_attn.o_proj.weight,1024,2048,0.00048828125,0.00024521490558981895,2.180171489715576,-0.00017843791283667088,0.7341759204864502,4.998628719476983e-05,0.16659553349018097,0.3193979263305664,0.017402606084942818,0.47882118821144104,1.4252310991287231,0.0004011032870039344,65.46481323242188,2.583327477623243e-05,0.00013500553905032575,6.716929783578962e-05,0.17983666062355042,0.3165503740310669,0.006900315172970295,0.6161946058273315,1.5169256925582886,,,,,
425,model.layers.15.self_attn.q_proj.weight,4096,1024,0.000244140625,0.00013307238987181336,3.233752965927124,0.0006007725023664534,0.289046049118042,0.0004431234847288579,0.2162574678659439,0.23422937095165253,0.0046233064495027065,0.4462048411369324,1.5463743209838867,0.00020972326456103474,212.26889038085938,-2.146537553926464e-06,0.00014573222142644227,6.162544013932347e-05,0.2208254188299179,0.2703896164894104,0.008096705190837383,0.5082268714904785,1.529915452003479,0.07881319522857666,0.0806613340973854,0.7769619226455688,,
425,model.layers.15.self_attn.k_proj.weight,512,1024,0.0009765625,0.0010863005882129073,3.6192471981048584,2.4090777515084483e-05,0.24008533358573914,0.000350549875292927,0.2573256492614746,0.2293999195098877,0.0048829843290150166,0.5322999954223633,1.4533573389053345,0.0008967359317466617,42.31897735595703,1.0364658919570502e-05,6.200208736117929e-05,8.619448635727167e-05,0.19285202026367188,0.3027365803718567,0.006724604871124029,0.5910143852233887,1.483508586883545,,,,,
425,model.layers.15.self_attn.v_proj.weight,512,1024,0.0009765625,0.0008226076024584472,1.859034538269043,-0.003826155560091138,0.22859174013137817,0.00012160509504610673,0.18365590274333954,0.26983529329299927,0.004628775175660849,0.6511046886444092,1.4522649049758911,0.0008907896117307246,85.4838638305664,1.5089446605998091e-05,5.198017242946662e-05,8.682395855430514e-05,0.21650856733322144,0.2709677219390869,0.009872167371213436,0.5320395231246948,1.3827190399169922,,,,0.32180994749069214,0.3166395425796509
425,model.layers.15.self_attn.o_proj.weight,1024,2048,0.00048828125,0.0003921236493624747,1.9448332786560059,-0.001286291517317295,0.40694302320480347,2.5763685698620975e-05,0.09909207373857498,0.43872320652008057,0.012545714154839516,0.5716332197189331,1.4392833709716797,0.00050656299572438,74.01648712158203,1.983712900255341e-05,0.00011296072625555098,9.987207886297256e-05,0.1937854140996933,0.30203887820243835,0.007975999265909195,0.5796801447868347,1.5172147750854492,,,,,
425,model.layers.19.self_attn.q_proj.weight,4096,1024,0.000244140625,0.00015860995335970074,3.470417022705078,-0.0004815958091057837,0.15568892657756805,0.0010309488279744983,0.23231109976768494,0.22527378797531128,0.011092441156506538,0.4200334846973419,1.5304591655731201,0.0002116658870363608,204.9776611328125,3.0901769605407026e-06,0.0001490455906605348,9.242694068234414e-05,0.21655185520648956,0.2751123905181885,0.00829215720295906,0.5188324451446533,1.528253197669983,0.07010815292596817,0.07466071099042892,0.7878807187080383,,
425,model.layers.19.self_attn.k_proj.weight,512,1024,0.0009765625,0.0011673675617203116,3.2677953243255615,-1.3440418115351349e-05,0.15740303695201874,0.0009882787708193064,0.2481379508972168,0.22336186468601227,0.014132282696664333,0.5553417205810547,1.3405205011367798,0.0008945871377363801,89.076416015625,-1.5386700397357345e-05,6.320155080175027e-05,0.00010060437489300966,0.210269957780838,0.27722758054733276,0.00915275514125824,0.5507038831710815,1.4189889430999756,,,,,
425,model.layers.19.self_attn.v_proj.weight,512,1024,0.0009765625,0.0006940042949281633,1.5968148708343506,0.0018026240868493915,0.1167658120393753,0.000438715738710016,0.1228015124797821,0.2915584146976471,0.004045137204229832,0.7073773145675659,1.440576434135437,0.0008110547787509859,61.63254165649414,2.099936864397023e-05,4.902668661088683e-05,8.449984306935221e-05,0.2171708047389984,0.27653366327285767,0.010065498761832714,0.5180146098136902,1.4115287065505981,,,,,
425,model.layers.19.self_attn.o_proj.weight,1024,2048,0.00048828125,0.00039357590139843524,1.4299836158752441,0.0005727848038077354,0.21849176287651062,5.550053174374625e-05,0.05902181565761566,0.4992416501045227,0.009987471625208855,0.5970793962478638,1.4551143646240234,0.00046952450065873563,144.88865661621094,-2.4179510091926204e-06,9.623839287087321e-05,7.562207611044869e-05,0.21043212711811066,0.28173020482063293,0.008907368406653404,0.5371620059013367,1.4760422706604004,,,,,
425,model.layers.1.mlp.gate_proj.weight,3584,1024,0.00027901785714285713,0.0005074035143479705,2.5463218688964844,-0.0005650708917528391,0.3577089011669159,0.0003452282107900828,0.18813548982143402,0.2981678545475006,0.009048745036125183,0.5197914242744446,1.5146738290786743,0.0002735478919930756,288.7504577636719,2.1908175767748617e-05,0.00013122336531523615,9.757091902429238e-05,0.23465745151042938,0.2545625865459442,0.009453977458178997,0.5077178478240967,1.5133743286132812,,,,0.37886476516723633,0.38185974955558777
425,model.layers.1.mlp.up_proj.weight,3584,1024,0.00027901785714285713,0.0003878016141243279,2.517646312713623,-0.00022357083798851818,0.5918405055999756,0.00018077684217132628,0.1676209419965744,0.31146785616874695,0.008708605542778969,0.4993090331554413,1.5129071474075317,0.00027478215633891523,174.9706268310547,4.7573568735970184e-05,0.00016211203183047473,9.744840644998476e-05,0.23205068707466125,0.25811341404914856,0.009900682605803013,0.5013526082038879,1.5166000127792358,,,,,
425,model.layers.1.mlp.down_proj.weight,1024,3584,0.00027901785714285713,0.00027966551715508103,4.148528575897217,-0.0002311346324859187,0.5698941946029663,0.0007058631163090467,0.19924455881118774,0.27091848850250244,0.015141639858484268,0.5260491371154785,1.4249099493026733,0.00027465273160487413,224.2898712158203,5.929336111876182e-05,0.00016747326299082488,8.359252387890592e-05,0.2160465270280838,0.27316713333129883,0.008233470842242241,0.5444595813751221,1.4960815906524658,0.10481644421815872,0.09629122167825699,0.6807799339294434,,
425,model.layers.12.mlp.gate_proj.weight,3584,1024,0.00027901785714285713,0.00020775894518010318,2.857597589492798,-0.0012038972927257419,0.34231969714164734,0.001183259766548872,0.1918516308069229,0.23990878462791443,0.007074008230119944,0.5650407671928406,1.5288406610488892,0.00023935172066558152,192.63661193847656,3.761835250770673e-05,0.0001613688946235925,0.00010521365766180679,0.21483270823955536,0.27651602029800415,0.007746156770735979,0.5421203374862671,1.5193548202514648,,,,,
425,model.layers.12.mlp.up_proj.weight,3584,1024,0.00027901785714285713,0.0003097988374065608,2.932757616043091,-0.001236184500157833,0.5348544120788574,0.0005569947534240782,0.227627232670784,0.23961511254310608,0.008807359263300896,0.5018743276596069,1.5133260488510132,0.0002701162011362612,166.635498046875,6.246048997127218e-06,0.00018156005535274744,9.328352462034672e-05,0.22228163480758667,0.26569753885269165,0.00982944667339325,0.5059667825698853,1.514949917793274,,,,,
425,model.layers.12.mlp.down_proj.weight,1024,3584,0.00027901785714285713,0.0002560070715844631,5.613248825073242,-0.0013354296097531915,0.5119315981864929,0.00019404114573262632,0.22819378972053528,0.25043985247612,0.03198942914605141,0.466303288936615,1.3752492666244507,0.0002483032294549048,119.95352172851562,1.5790659745107405e-05,0.00019635191711131483,6.459577707573771e-05,0.1945415586233139,0.2959160804748535,0.007982754148542881,0.5880321264266968,1.518858551979065,0.08456829190254211,0.09440004825592041,0.779407262802124,,
425,model.layers.22.mlp.gate_proj.weight,3584,1024,0.00027901785714285713,0.0003305319987703115,2.9063072204589844,-0.0012039379216730595,0.09145248681306839,0.0011439942754805088,0.17166462540626526,0.2680913209915161,0.007931514643132687,0.5667930841445923,1.5242762565612793,0.00024163522175513208,238.2612762451172,2.792952727759257e-06,0.00012162377970525995,0.00011034845374524593,0.2233515977859497,0.2679138779640198,0.009272140450775623,0.5345213413238525,1.5200799703598022,,,,0.29339319467544556,0.3012329041957855
425,model.layers.22.mlp.up_proj.weight,3584,1024,0.00027901785714285713,0.00036766892299056053,3.038259506225586,-0.00036532917874865234,0.19905145466327667,0.0005960561102256179,0.18181535601615906,0.2898890972137451,0.011297122575342655,0.5635901689529419,1.514083743095398,0.0002557897532824427,192.15286254882812,-2.8072361146769254e-07,0.0001562774123158306,0.00010218403622275218,0.2351263016462326,0.25468215346336365,0.00944021437317133,0.5047474503517151,1.5146358013153076,,,,,
425,model.layers.22.mlp.down_proj.weight,1024,3584,0.00027901785714285713,0.0004261017020326108,2.3914334774017334,-0.00041452638106420636,0.19680842757225037,0.00025847312645055354,0.1063833087682724,0.4133809506893158,0.008225715719163418,0.5775928497314453,1.4692916870117188,0.00026371824787929654,114.73101043701172,5.715409770346014e-06,0.0001693258382147178,8.024027192732319e-05,0.2246617078781128,0.2662932872772217,0.008522313088178635,0.5231703519821167,1.4661301374435425,0.07627922296524048,0.08177356421947479,0.7872067093849182,,
425,model.layers.1.linear_attn.in_proj_qkv.weight,6144,1024,0.00016276041666666666,0.00011635325063252822,2.2494957447052,-0.000260897766565904,0.32061779499053955,0.0007757418206892908,0.19646531343460083,0.26199406385421753,0.009835870936512947,0.5225916504859924,1.5302095413208008,0.00016108332783915102,253.89373779296875,1.9509863705025055e-05,0.00016199852689169347,7.633091445313767e-05,0.2306649535894394,0.26221880316734314,0.006830147467553616,0.5186763405799866,1.5356125831604004,0.10211820900440216,0.1008264422416687,0.6466487050056458,,
425,model.layers.1.linear_attn.out_proj.weight,1024,2048,0.00048828125,0.0007901900680735707,1.401373028755188,-0.0004450591513887048,0.7112031579017639,0.0002542118018027395,0.1407049298286438,0.3515482544898987,0.01232127845287323,0.5137388110160828,1.4361997842788696,0.00045882671838626266,132.10659790039062,4.443140278453939e-05,0.00010746937186922878,5.423782567959279e-05,0.21208718419075012,0.280356228351593,0.00832323171198368,0.5495116710662842,1.4819239377975464,,,,,
425,model.layers.12.linear_attn.in_proj_qkv.weight,6144,1024,0.00016276041666666666,5.889834210393019e-05,2.150853395462036,0.00026235307450406253,0.36798787117004395,0.001029597013257444,0.15646208822727203,0.26036641001701355,0.005136138293892145,0.6074395775794983,1.5520204305648804,0.00013276690151542425,202.71119689941406,1.2993757081858348e-05,0.00017621470033191144,7.709473720751703e-05,0.21186520159244537,0.27889931201934814,0.007631809916347265,0.5329943895339966,1.5432062149047852,0.0971226617693901,0.09384480118751526,0.7220399379730225,,
425,model.layers.12.linear_attn.out_proj.weight,1024,2048,0.00048828125,0.00028703975840471685,2.461953639984131,0.0006999140023253858,0.44471755623817444,9.820757259149104e-05,0.1762220561504364,0.30723342299461365,0.03429543226957321,0.49063751101493835,1.3922996520996094,0.00041569856693968177,87.20323181152344,1.736926060402766e-05,0.0001316763664362952,7.153400656534359e-05,0.19050775468349457,0.3028954565525055,0.007495079189538956,0.5901948809623718,1.4993788003921509,,,,,
425,model.layers.21.linear_attn.in_proj_qkv.weight,6144,1024,0.00016276041666666666,0.00010038675100076944,3.269756317138672,6.638198101427406e-05,0.07599765807390213,0.0006257444620132446,0.16134025156497955,0.28280842304229736,0.0048025427386164665,0.6149104833602905,1.5469295978546143,0.00013777731510344893,276.6839599609375,1.1226453352719545e-05,0.00015023867308627814,6.663112435489893e-05,0.2269129604101181,0.263832151889801,0.007825639098882675,0.529130220413208,1.5350689888000488,0.0989205613732338,0.09708911925554276,0.7753002643585205,,
425,model.layers.21.linear_attn.out_proj.weight,1024,2048,0.00048828125,0.00035537852090783417,2.7758402824401855,-0.0008424044353887439,0.12487227469682693,0.00013622231199406087,0.14861927926540375,0.3508228659629822,0.007595926523208618,0.5409910678863525,1.4748039245605469,0.00040950390393845737,90.213134765625,6.147559361124877e-06,0.0001211010676342994,8.13398219179362e-05,0.21777118742465973,0.27403146028518677,0.009182164445519447,0.518099844455719,1.4832305908203125,,,,,
450,model.layers.7.self_attn.q_proj.weight,4096,1024,0.000244140625,0.00013600150123238564,3.008565902709961,0.0011358860647305846,0.43747180700302124,0.0008022579713724554,0.18554171919822693,0.2492048293352127,0.008029316551983356,0.5231574177742004,1.5336970090866089,0.00019744424207601696,195.2238006591797,1.0654460311343428e-05,0.00015594779688399285,8.810333383735269e-05,0.2212199717760086,0.27078691124916077,0.0087734404951334,0.5248859524726868,1.530664324760437,0.07818638533353806,0.07362114638090134,0.876404345035553,0.3407347500324249,0.32313668727874756
450,model.layers.7.self_attn.k_proj.weight,512,1024,0.0009765625,0.0009299718076363206,3.548741579055786,4.557921783998609e-06,0.30506712198257446,0.000582924229092896,0.1605035960674286,0.2504769563674927,0.028816934674978256,0.6903092265129089,1.329453706741333,0.0009423076990060508,86.4446029663086,-2.8107660909881815e-05,6.304115959210321e-05,0.00011893285409314558,0.2059374898672104,0.27970829606056213,0.00971958041191101,0.5584179759025574,1.4127463102340698,,,,,
450,model.layers.7.self_attn.v_proj.weight,512,1024,0.0009765625,0.0009422968723811209,2.3018622398376465,0.0020451496820896864,0.6712613701820374,0.00036087463377043605,0.13741089403629303,0.2526801526546478,0.0034334883093833923,0.7426795959472656,1.487595796585083,0.0008879653178155422,48.16155242919922,4.728066414827481e-05,6.679286889266223e-05,0.00013705878518521786,0.2241946905851364,0.2609950602054596,0.010216929018497467,0.5264036059379578,1.464286208152771,,,,,
450,model.layers.7.self_attn.o_proj.weight,1024,2048,0.00048828125,0.00023301554028876126,2.165715456008911,0.0007305514882318676,0.9947569966316223,4.9955669965129346e-05,0.15977518260478973,0.3286146819591522,0.01900484971702099,0.4918414056301117,1.4176596403121948,0.00044959966908209026,69.55897521972656,1.5092023204488214e-05,0.00013392455002758652,5.550392597797327e-05,0.18125806748867035,0.3160085380077362,0.007161183748394251,0.6118265390396118,1.5110082626342773,,,,,
450,model.layers.15.self_attn.q_proj.weight,4096,1024,0.000244140625,0.00013517226034309715,3.439460039138794,-0.0003208300331607461,0.40833085775375366,0.00019311471260152757,0.21510590612888336,0.23327575623989105,0.003913384396582842,0.4479057490825653,1.5451802015304565,0.00021117525466252118,229.27992248535156,9.387433237861842e-06,0.0001545069826534018,6.139656761661172e-05,0.22148051857948303,0.26839566230773926,0.007814601995050907,0.5041287541389465,1.531652808189392,0.06679841876029968,0.060899361968040466,0.8766254782676697,,
450,model.layers.15.self_attn.k_proj.weight,512,1024,0.0009765625,0.0010802055476233363,5.743365287780762,-5.139539211995725e-07,0.3479820787906647,0.00010784214828163385,0.27679145336151123,0.2299867868423462,0.00390105159021914,0.5048438310623169,1.4692624807357788,0.0008716478478163481,94.59465026855469,2.2384667317965068e-05,6.505399505840614e-05,5.0870090490207076e-05,0.1940198689699173,0.3004164397716522,0.00619959831237793,0.5909835696220398,1.481089472770691,,,,,
450,model.layers.15.self_attn.v_proj.weight,512,1024,0.0009765625,0.0009408221812918782,1.819650650024414,0.00017725089855957776,0.3395886719226837,0.00011908114538528025,0.1844538301229477,0.26124468445777893,0.002459538634866476,0.6552726030349731,1.4564026594161987,0.0009455757681280375,73.22599792480469,4.4079788494855165e-05,5.31020705238916e-05,5.3620085964212194e-05,0.22906512022018433,0.2613452076911926,0.006824363023042679,0.5147345662117004,1.4722567796707153,,,,0.3084792196750641,0.32085368037223816
450,model.layers.15.self_attn.o_proj.weight,1024,2048,0.00048828125,0.00037378750857897103,1.848569393157959,6.358845712384209e-05,0.6083118319511414,2.976391806441825e-05,0.09561296552419662,0.440189391374588,0.012633908540010452,0.5614538788795471,1.4426851272583008,0.0004707380139734596,102.23970794677734,-2.4546366148570087e-06,0.00011359993368387222,7.063013617880642e-05,0.1961863785982132,0.2992904782295227,0.008145034313201904,0.5759549140930176,1.5062341690063477,,,,,
450,model.layers.19.self_attn.q_proj.weight,4096,1024,0.000244140625,0.00014652502431999892,3.2463669776916504,0.00044603474088944495,0.2234582006931305,0.0003364030853845179,0.21383832395076752,0.24335135519504547,0.007538324687629938,0.4731922447681427,1.5316046476364136,0.00020904843404423445,237.0203094482422,-2.8907181786053116e-06,0.00015560819883830845,7.28753802832216e-05,0.22092433273792267,0.27029508352279663,0.008822129108011723,0.512851893901825,1.5247455835342407,0.06598015129566193,0.06465639919042587,0.8702216744422913,,
450,model.layers.19.self_attn.k_proj.weight,512,1024,0.0009765625,0.0008662244072183967,4.3058085441589355,9.922647222992964e-06,0.21953068673610687,4.8136011173482984e-05,0.2423286736011505,0.22268684208393097,0.009153339080512524,0.5791493058204651,1.3941649198532104,0.0010535732144489884,65.89291381835938,-2.7728643544833176e-05,6.57469208817929e-05,7.197439845185727e-05,0.2060607224702835,0.2823212444782257,0.007707284297794104,0.5696434378623962,1.456068992614746,,,,,
450,model.layers.19.self_attn.v_proj.weight,512,1024,0.0009765625,0.0007907474646344781,1.7023166418075562,0.001642826246097684,0.16156578063964844,0.0007753638783469796,0.14011351764202118,0.26390424370765686,0.0042258212342858315,0.6824623346328735,1.4457931518554688,0.000984622398391366,63.64945602416992,-3.517807726893807e-06,5.151476580067538e-05,6.360617408063263e-05,0.21549737453460693,0.27453023195266724,0.008361260406672955,0.5078002214431763,1.4379180669784546,,,,,
450,model.layers.19.self_attn.o_proj.weight,1024,2048,0.00048828125,0.0003556308802217245,1.6303198337554932,0.00048348255222663283,0.3291134834289551,6.362678686855361e-05,0.07983078062534332,0.46869927644729614,0.005901502911001444,0.5827287435531616,1.4742431640625,0.0004461340431589633,123.50196838378906,2.1226089302217588e-05,0.00010395497520221397,6.353388744173571e-05,0.21016240119934082,0.2827775776386261,0.00860405620187521,0.5338019728660583,1.4763109683990479,,,,,
450,model.layers.1.mlp.gate_proj.weight,3584,1024,0.00027901785714285713,0.00026736699510365725,2.780573606491089,0.00030169845558702946,0.507350742816925,0.00021013237710576504,0.18694208562374115,0.2927783131599426,0.0075730145908892155,0.5181229710578918,1.5188111066818237,0.000246445182710886,249.21775817871094,-5.782197149528656e-06,0.00011475965584395453,9.72346679191105e-05,0.23110423982143402,0.2609196901321411,0.009339483454823494,0.5122043490409851,1.51380455493927,,,,0.2918725311756134,0.28765255212783813
450,model.layers.1.mlp.up_proj.weight,3584,1024,0.00027901785714285713,0.00023504489217884839,2.709977626800537,0.0005482214037328959,0.8208802342414856,0.00011318395263515413,0.1783347725868225,0.31891411542892456,0.0070003001019358635,0.5027512907981873,1.5095690488815308,0.00028917589224874973,164.76258850097656,-1.6307334590237588e-05,0.00014231159002520144,9.201798093272373e-05,0.22783812880516052,0.26227593421936035,0.010044064372777939,0.5029231905937195,1.509698510169983,,,,,
450,model.layers.1.mlp.down_proj.weight,1024,3584,0.00027901785714285713,0.0002666602376848459,5.059323310852051,0.000558092026039958,0.7998532652854919,0.001098550041206181,0.20360858738422394,0.26869019865989685,0.013534017838537693,0.5234320759773254,1.4390487670898438,0.0002588961797300726,240.1846160888672,-3.4439610317349434e-05,0.00014625664334744215,7.941737567307428e-05,0.2114522010087967,0.2775656580924988,0.008300971239805222,0.5527552366256714,1.4856594800949097,0.06779839098453522,0.06206231564283371,0.8846225142478943,,
450,model.layers.12.mlp.gate_proj.weight,3584,1024,0.00027901785714285713,0.00022061177878640592,3.128803014755249,0.0003938662412110716,0.4635156989097595,0.0010368404909968376,0.1850735992193222,0.2453189343214035,0.007684851996600628,0.57582026720047,1.5250061750411987,0.00023750621767248958,221.29534912109375,1.695436549198348e-05,0.00015407249156851321,8.396188059123233e-05,0.21500790119171143,0.2766469717025757,0.008001787588000298,0.5415331721305847,1.5232123136520386,,,,,
450,model.layers.12.mlp.up_proj.weight,3584,1024,0.00027901785714285713,0.00027768799918703735,2.9536640644073486,0.00013109011342749,0.7410065531730652,0.0006031992961652577,0.2224654257297516,0.24454393982887268,0.008892981335520744,0.4989076554775238,1.5154428482055664,0.00026850661379285157,171.55213928222656,6.254120762605453e-06,0.00017706597282085568,0.00011371042637620121,0.22364871203899384,0.2663383185863495,0.009826861321926117,0.5033599138259888,1.509049415588379,,,,,
450,model.layers.12.mlp.down_proj.weight,1024,3584,0.00027901785714285713,0.0002728477993514389,5.746037006378174,0.00014461005048360676,0.716396152973175,0.0001647935132496059,0.2158031463623047,0.2689455449581146,0.024664152413606644,0.5019789338111877,1.368061900138855,0.0002751127758529037,143.59597778320312,2.7218638933845796e-05,0.00018717949569690973,8.362381777260453e-05,0.19656063616275787,0.2948389947414398,0.00826866365969181,0.5846526622772217,1.515558123588562,0.07892647385597229,0.06805787235498428,0.8967932462692261,,
450,model.layers.22.mlp.gate_proj.weight,3584,1024,0.00027901785714285713,0.00022802213788963854,2.8610572814941406,0.0014153195079416037,0.14734357595443726,0.0009422923903912306,0.21469974517822266,0.23189984261989594,0.006626653950661421,0.504527747631073,1.525445580482483,0.0002495153748895973,264.67669677734375,2.0378891349537298e-05,0.00012763706035912037,9.935938578564674e-05,0.22710521519184113,0.26300203800201416,0.009685051627457142,0.5251150727272034,1.5158910751342773,,,,0.36478132009506226,0.37744125723838806
450,model.layers.22.mlp.up_proj.weight,3584,1024,0.00027901785714285713,0.00021602719789370894,3.4829812049865723,0.0008684659260325134,0.27036696672439575,0.0010323560563847423,0.18210884928703308,0.2874286472797394,0.012662308290600777,0.5585618615150452,1.5109580755233765,0.0002743710938375443,230.18373107910156,5.056351255916525e-06,0.00015843199798837304,9.84329089988023e-05,0.2360297441482544,0.25383487343788147,0.010344287380576134,0.5045080780982971,1.5012990236282349,,,,,
450,model.layers.22.mlp.down_proj.weight,1024,3584,0.00027901785714285713,0.0004008034593425691,2.5714902877807617,0.0009481277083978057,0.2709701359272003,0.00015594031719956547,0.11424757540225983,0.3939019441604614,0.007951626554131508,0.5563800930976868,1.4636472463607788,0.0002760328643489629,149.6191864013672,-1.049626007443294e-05,0.00016484566731378436,9.509309165878221e-05,0.22755087912082672,0.26351749897003174,0.009181170724332333,0.5184815526008606,1.4807395935058594,0.07135884463787079,0.06645843386650085,0.8548374772071838,,
450,model.layers.1.linear_attn.in_proj_qkv.weight,6144,1024,0.00016276041666666666,0.00012105355563107878,2.5441997051239014,0.000143706492963247,0.44013988971710205,0.00045412135659717023,0.19896021485328674,0.2565731108188629,0.007828010246157646,0.5148482322692871,1.5324734449386597,0.00013802693865727633,234.03955078125,7.425925559800817e-06,0.00014054645725991577,7.242147694341838e-05,0.22880496084690094,0.2628227472305298,0.007045095320791006,0.5194952487945557,1.5368534326553345,0.059416234493255615,0.06077888607978821,0.8606402277946472,,
450,model.layers.1.linear_attn.out_proj.weight,1024,2048,0.00048828125,0.000463351869257167,1.4691028594970703,5.44675494893454e-05,0.9404150247573853,0.0003144094080198556,0.145819291472435,0.3410224914550781,0.010929079726338387,0.5084812641143799,1.4425915479660034,0.0004601083055604249,136.90997314453125,3.5183488762413617e-06,9.834059892455116e-05,9.646488615544513e-05,0.20609648525714874,0.2838689684867859,0.00833588745445013,0.5593471527099609,1.4889992475509644,,,,,
450,model.layers.12.linear_attn.in_proj_qkv.weight,6144,1024,0.00016276041666666666,8.691466064192355e-05,2.854396104812622,-9.369599138153717e-05,0.4401490390300751,0.0007234890945255756,0.16452331840991974,0.2530410885810852,0.004535018932074308,0.5882254242897034,1.5512266159057617,0.00013545707042794675,192.54632568359375,1.4547280443366617e-05,0.0001714231912046671,6.982312334002927e-05,0.21073423326015472,0.28224438428878784,0.007552855648100376,0.5323247909545898,1.5413483381271362,0.06675485521554947,0.06602158397436142,0.8636528253555298,,
450,model.layers.12.linear_attn.out_proj.weight,1024,2048,0.00048828125,0.00032773613929748535,2.3222036361694336,0.0011809846619144082,0.6159155368804932,4.050670031574555e-05,0.16127325594425201,0.3356482684612274,0.019627995789051056,0.516286313533783,1.4133970737457275,0.0004013526195194572,80.25890350341797,4.920748324366286e-06,0.00013139973452780396,6.745569407939911e-05,0.18947027623653412,0.30349189043045044,0.007258479483425617,0.5936532020568848,1.4983552694320679,,,,,
450,model.layers.21.linear_attn.in_proj_qkv.weight,6144,1024,0.00016276041666666666,0.00010380137246102095,3.4448599815368652,0.0002926766173914075,0.11596634238958359,0.0007359596784226596,0.17996151745319366,0.2602846622467041,0.006425652652978897,0.5771006941795349,1.5411733388900757,0.00013909039262216538,261.9353332519531,-1.97805411517038e-06,0.00014601224393118173,8.155962132150307e-05,0.22695083916187286,0.26381900906562805,0.007917594164609909,0.5297043323516846,1.5397084951400757,0.0762302502989769,0.07834833115339279,0.8588435053825378,,
450,model.layers.21.linear_attn.out_proj.weight,1024,2048,0.00048828125,0.0003071500104852021,3.0559210777282715,0.0014595192624256015,0.1974005252122879,0.00013296825636643916,0.16696284711360931,0.3300723433494568,0.009294465184211731,0.5154727101325989,1.459433913230896,0.0004320621374063194,101.3351821899414,-4.380588507046923e-06,0.00012802080891560763,6.7194938310422e-05,0.2211083322763443,0.2704458236694336,0.008837767876684666,0.5144789218902588,1.4782108068466187,,,,,
475,model.layers.7.self_attn.q_proj.weight,4096,1024,0.000244140625,0.00013836896687280387,2.1752703189849854,0.00021551827376242727,0.6905220150947571,0.0009387551108375192,0.1746092587709427,0.2653892934322357,0.008805830962955952,0.545185923576355,1.533315896987915,0.00020401462097652256,241.53660583496094,-2.1965890937281074e-06,0.0001552270259708166,8.678681479068473e-05,0.2215520590543747,0.2715202867984772,0.008415781892836094,0.525090754032135,1.5309464931488037,0.06999996304512024,0.07591774314641953,0.8308898210525513,0.2031230926513672,0.2079439014196396
475,model.layers.7.self_attn.k_proj.weight,512,1024,0.0009765625,0.0010994680924341083,2.3636159896850586,-4.0149129745259415e-06,0.5295571684837341,0.004072433337569237,0.127723827958107,0.25359782576560974,0.03166015073657036,0.7344704866409302,1.3438433408737183,0.0008426556596532464,97.49005889892578,1.8357080762143596e-06,6.168227992020547e-05,8.75163241289556e-05,0.20550377666950226,0.2802408039569855,0.008515425026416779,0.5551272034645081,1.430181860923767,,,,,
475,model.layers.7.self_attn.v_proj.weight,512,1024,0.0009765625,0.0009431199287064373,1.9405272006988525,0.00020844204118475318,0.9614320397377014,0.0008341324864886701,0.13544276356697083,0.24365389347076416,0.005732293240725994,0.7440692186355591,1.4550597667694092,0.000999344396404922,61.011138916015625,-6.582256901310757e-05,6.466909690061584e-05,0.00010309628851246089,0.2273944914340973,0.2578277885913849,0.00797563698142767,0.522575318813324,1.452429175376892,,,,,
475,model.layers.7.self_attn.o_proj.weight,1024,2048,0.00048828125,0.00021397096861619502,1.8178455829620361,7.639855903107673e-05,1.507728099822998,6.312094774330035e-05,0.17101474106311798,0.30832639336586,0.022066885605454445,0.4641188383102417,1.3978464603424072,0.000454686873126775,78.97920227050781,-7.3191804403904825e-06,0.00013122556265443563,6.973560812184587e-05,0.1807999163866043,0.3131600320339203,0.007509801536798477,0.6117327809333801,1.5171387195587158,,,,,
475,model.layers.15.self_attn.q_proj.weight,4096,1024,0.000244140625,0.00013186063733883202,2.7790756225585938,0.00046004372416064143,0.6310929656028748,0.00011481515684863552,0.21172337234020233,0.2302076369524002,0.002340445527806878,0.4380940794944763,1.5474853515625,0.0002148105122614652,238.08084106445312,-1.2737000361084938e-05,0.00015091057866811752,5.969924677629024e-05,0.2214183658361435,0.2695988416671753,0.007691010367125273,0.5075791478157043,1.5312081575393677,0.08791390061378479,0.08271507918834686,0.816885232925415,,
475,model.layers.15.self_attn.k_proj.weight,512,1024,0.0009765625,0.0009570570546202362,4.286488056182861,6.350236162688816e-06,0.514892041683197,2.9248498321976513e-05,0.25840330123901367,0.2251744270324707,0.003922521136701107,0.5372765064239502,1.458936095237732,0.0009279082878492773,55.36656188964844,-5.033347770222463e-05,6.638775084866211e-05,0.0001104735056287609,0.1943110227584839,0.2972365915775299,0.007327607367187738,0.5868523716926575,1.471808671951294,,,,,
475,model.layers.15.self_attn.v_proj.weight,512,1024,0.0009765625,0.0006811191560700536,1.6639775037765503,-0.0027550228405743837,0.5089101195335388,6.75164264976047e-05,0.17397090792655945,0.2654268145561218,0.007335215341299772,0.6765798926353455,1.4358856678009033,0.0009552277042530477,77.03270721435547,1.6087646145024337e-05,5.4260959586827084e-05,7.114381151041016e-05,0.23123697936534882,0.2585567235946655,0.007770921569317579,0.4995622932910919,1.439578652381897,,,,0.23074519634246826,0.2252442091703415
475,model.layers.15.self_attn.o_proj.weight,1024,2048,0.00048828125,0.00039378818473778665,1.6356709003448486,-0.0009309943998232484,0.9033647179603577,3.875110633089207e-05,0.09871415048837662,0.4372042715549469,0.01739295944571495,0.5611438155174255,1.4376085996627808,0.0004363293410278857,68.00090026855469,-2.6560164769762196e-06,0.00011150860518682748,7.50720573705621e-05,0.20077526569366455,0.2932599186897278,0.008457454852759838,0.5668488144874573,1.4944804906845093,,,,,
475,model.layers.19.self_attn.q_proj.weight,4096,1024,0.000244140625,0.00016940414207056165,2.54793381690979,0.0005078475223854184,0.32838743925094604,0.0002783235686365515,0.2578132450580597,0.20579293370246887,0.006152046844363213,0.39331188797950745,1.5298529863357544,0.00018162101332563907,223.96005249023438,2.496886736480519e-06,0.0001524717954453081,7.113652100088075e-05,0.2170281857252121,0.2743842601776123,0.008355206809937954,0.5155532956123352,1.5284043550491333,0.072148896753788,0.07871637493371964,0.8168148398399353,,
475,model.layers.19.self_attn.k_proj.weight,512,1024,0.0009765625,0.0009615679155103862,2.2881877422332764,4.5238104462441697e-07,0.37390002608299255,0.0006811601342633367,0.23988154530525208,0.23051831126213074,0.01305452361702919,0.5704812407493591,1.3750511407852173,0.0009418514091521502,81.16620635986328,8.426967542618513e-05,6.47963970550336e-05,5.4391603043768555e-05,0.21094343066215515,0.27797287702560425,0.007891366258263588,0.5533168315887451,1.4454233646392822,,,,,
475,model.layers.19.self_attn.v_proj.weight,512,1024,0.0009765625,0.0006709247827529907,1.3961461782455444,0.0010063978843390942,0.2487780600786209,0.0009002128499560058,0.11090780049562454,0.2916599214076996,0.00379366846755147,0.7188716530799866,1.4423936605453491,0.0009104085038416088,68.90625,8.660480489197653e-06,5.100222188048065e-05,0.00011140512651763856,0.2110908031463623,0.28353264927864075,0.008299930952489376,0.5204575061798096,1.4389781951904297,,,,,
475,model.layers.19.self_attn.o_proj.weight,1024,2048,0.00048828125,0.0004322136228438467,1.3049488067626953,0.0003085583739448339,0.4851999878883362,9.015198884299025e-05,0.05534150078892708,0.5184024572372437,0.0119393952190876,0.6173050999641418,1.4645349979400635,0.0004438377800397575,124.7430648803711,9.4604611149407e-06,9.731810132507235e-05,8.642964530736208e-05,0.20840778946876526,0.28214818239212036,0.009071437641978264,0.5366528630256653,1.4844692945480347,,,,,
475,model.layers.1.mlp.gate_proj.weight,3584,1024,0.00027901785714285713,0.0002638950536493212,2.5707128047943115,0.0006105764186941087,0.7097737789154053,0.0006032767705619335,0.1735418736934662,0.3196572959423065,0.011144201271235943,0.5462746620178223,1.5226144790649414,0.00029018346685916185,240.21690368652344,-3.961648872063961e-06,0.00013903231592848897,9.093370317714289e-05,0.23328252136707306,0.2580842077732086,0.009317656047642231,0.5100031495094299,1.5143158435821533,,,,0.209481880068779,0.21321114897727966
475,model.layers.1.mlp.up_proj.weight,3584,1024,0.00027901785714285713,0.00024673709413036704,2.545747995376587,0.0005843100370839238,1.1506869792938232,0.00016592536121606827,0.16953721642494202,0.32656991481781006,0.00666934996843338,0.5252436995506287,1.520463228225708,0.0002770894789136946,160.18350219726562,-4.1670067730592564e-05,0.00017202897288370878,8.919514220906422e-05,0.23165740072727203,0.2586579918861389,0.010233728215098381,0.5012030601501465,1.5054854154586792,,,,,
475,model.layers.1.mlp.down_proj.weight,1024,3584,0.00027901785714285713,0.0002989094937220216,4.8068461418151855,0.0006180956843309104,1.094269871711731,0.0013128462014719844,0.20495928823947906,0.26300787925720215,0.01838511973619461,0.5164766907691956,1.4319475889205933,0.00027466300525702536,199.3279571533203,-1.4552107131748926e-05,0.0001738849823595956,6.936448335181922e-05,0.21825137734413147,0.2704160213470459,0.008427533321082592,0.5394594073295593,1.49398672580719,0.07481606304645538,0.07954984903335571,0.8475916981697083,,
475,model.layers.12.mlp.gate_proj.weight,3584,1024,0.00027901785714285713,0.00019964501552749425,2.4729785919189453,-0.0009927853243425488,0.6931141018867493,0.0011435904307290912,0.19655467569828033,0.23363104462623596,0.0075733959674835205,0.5521071553230286,1.5254195928573608,0.00024062881129793823,209.7349853515625,-1.6996492604448576e-06,0.00016265144222415984,8.643459295853972e-05,0.2173217087984085,0.27532047033309937,0.007926620543003082,0.538072407245636,1.5235878229141235,,,,,
475,model.layers.12.mlp.up_proj.weight,3584,1024,0.00027901785714285713,0.00026586471358314157,2.2823009490966797,-0.0006320966640487313,1.1671180725097656,0.000710722932126373,0.21682195365428925,0.24796456098556519,0.009726027026772499,0.5144795775413513,1.5163288116455078,0.00025685710716061294,171.2884063720703,2.4383312847930938e-05,0.0001843287900555879,8.824349060887471e-05,0.22464613616466522,0.2647172212600708,0.009713049046695232,0.5029808878898621,1.5185418128967285,,,,,
475,model.layers.12.mlp.down_proj.weight,1024,3584,0.00027901785714285713,0.00026799552142620087,4.283034324645996,-0.0007276279502548277,1.0494709014892578,0.00013949965068604797,0.22652524709701538,0.2561359107494354,0.025594744831323624,0.4756898581981659,1.384628176689148,0.00026071726460941136,122.13666534423828,6.321001364995027e-06,0.00019613180484157056,7.246018503792584e-05,0.19661478698253632,0.2923465371131897,0.008254237473011017,0.5819851756095886,1.505179524421692,0.09217865020036697,0.08019158244132996,0.8396341800689697,,
475,model.layers.22.mlp.gate_proj.weight,3584,1024,0.00027901785714285713,0.00020820624195039272,2.527096748352051,0.0005738367326557636,0.17805291712284088,0.0007953748572617769,0.16208648681640625,0.2814796268939972,0.00652712257578969,0.5736717581748962,1.5301049947738647,0.00022996182087808847,233.61962890625,1.171212443296099e-05,0.00012167936802143231,7.457484025508165e-05,0.22638490796089172,0.26577234268188477,0.009222948923707008,0.5283692479133606,1.523053526878357,,,,0.17838378250598907,0.18670490384101868
475,model.layers.22.mlp.up_proj.weight,3584,1024,0.00027901785714285713,0.00021474728418979794,2.558885097503662,4.8533907829551026e-05,0.43602797389030457,0.0003204157983418554,0.18297448754310608,0.28934037685394287,0.009048537351191044,0.5553221106529236,1.5147231817245483,0.00028047768864780664,191.81048583984375,1.281250843021553e-05,0.00015779639943502843,8.368360431632027e-05,0.23496733605861664,0.25549834966659546,0.009647289291024208,0.5044600963592529,1.5165237188339233,,,,,
475,model.layers.22.mlp.down_proj.weight,1024,3584,0.00027901785714285713,0.00038813872379250824,2.2770743370056152,5.503704960574396e-05,0.39887210726737976,0.0002959561243187636,0.11033023148775101,0.37955978512763977,0.006747480947524309,0.5386484265327454,1.4747133255004883,0.0002841328096110374,130.8407440185547,1.921776492963545e-05,0.00017169902275782079,9.375283843837678e-05,0.22324712574481964,0.26778608560562134,0.009522550739347935,0.525806188583374,1.4782346487045288,0.08092565089464188,0.07682544738054276,0.801303505897522,,
475,model.layers.1.linear_attn.in_proj_qkv.weight,6144,1024,0.00016276041666666666,0.00013981369556859136,2.3102035522460938,0.00043049550731666386,0.6150821447372437,0.0017709062667563558,0.19947801530361176,0.250652939081192,0.014632413163781166,0.5018795728683472,1.5315170288085938,0.000147287268191576,258.43499755859375,-7.75697026256239e-06,0.00016553705791011453,5.667014920618385e-05,0.22964468598365784,0.26300472021102905,0.006554403342306614,0.5200799107551575,1.5396103858947754,0.09096340835094452,0.08606770634651184,0.8365916013717651,,
475,model.layers.1.linear_attn.out_proj.weight,1024,2048,0.00048828125,0.0011579919373616576,1.425014853477478,0.00020273250993341208,1.3107306957244873,0.0007429694524034858,0.14518119394779205,0.33748888969421387,0.02052702195942402,0.49939268827438354,1.4521740674972534,0.0004555877239909023,124.06590270996094,-1.5121802334761014e-06,0.00011491637997096404,7.742610614513978e-05,0.21290139853954315,0.27724799513816833,0.008693281561136246,0.5449877381324768,1.4868853092193604,,,,,
475,model.layers.12.linear_attn.in_proj_qkv.weight,6144,1024,0.00016276041666666666,6.537689478136599e-05,2.0948426723480225,-0.00014695848221890628,0.7311662435531616,0.0006298537482507527,0.1739572435617447,0.23907993733882904,0.003894621506333351,0.5663712024688721,1.552249789237976,0.00014641751477029175,223.68003845214844,1.2890252946817782e-05,0.0001722593733575195,5.877421790501103e-05,0.21214833855628967,0.2790932059288025,0.007157033775001764,0.533878743648529,1.540398359298706,0.07777528464794159,0.07992705702781677,0.8035194277763367,,
475,model.layers.12.linear_attn.out_proj.weight,1024,2048,0.00048828125,0.00029373925644904375,1.9886631965637207,0.0006515923887491226,0.9536344408988953,6.940924504306167e-05,0.16711005568504333,0.32631778717041016,0.020889591425657272,0.5060343742370605,1.419953465461731,0.0004456803435459733,83.52071380615234,2.9438910132739693e-05,0.0001344054617220536,6.237268826225773e-05,0.19050832092761993,0.30515915155410767,0.007355529814958572,0.5907606482505798,1.5064572095870972,,,,,
475,model.layers.21.linear_attn.in_proj_qkv.weight,6144,1024,0.00016276041666666666,0.00010597851360216737,2.689873456954956,-0.00041788636008277535,0.16641506552696228,0.001104121096432209,0.182687908411026,0.25647667050361633,0.007742677349597216,0.560900866985321,1.5386178493499756,0.00015364492719527334,303.49835205078125,1.5153354979702272e-06,0.00014885333075653762,7.547537825303152e-05,0.23100748658180237,0.2592844069004059,0.008604566566646099,0.5189186930656433,1.5269440412521362,0.0782160758972168,0.08100981265306473,0.8164582848548889,,
475,model.layers.21.linear_attn.out_proj.weight,1024,2048,0.00048828125,0.00039331326843239367,2.2977683544158936,-0.0014060235116630793,0.2538497745990753,0.0002724028890952468,0.15258215367794037,0.3402743935585022,0.009777220897376537,0.5189216136932373,1.4638912677764893,0.0004097239871043712,93.51058197021484,3.9383492548950016e-05,0.00012173280993010849,5.7286164519609883e-05,0.2150101214647293,0.2782720625400543,0.008634377270936966,0.5209028720855713,1.4822560548782349,,,,,
500,model.layers.7.self_attn.q_proj.weight,4096,1024,0.000244140625,0.00014867674326524138,3.0758354663848877,0.00012948019139003009,0.435393363237381,0.0010854481952264905,0.18158985674381256,0.2598824203014374,0.008798292838037014,0.5271930694580078,1.5317732095718384,0.00020566824241541326,240.0073699951172,2.231948747066781e-05,0.00015643733786419034,6.543385825352743e-05,0.22235390543937683,0.2706608176231384,0.00842331163585186,0.5251542925834656,1.5303107500076294,0.07552162557840347,0.07434755563735962,0.8612585663795471,0.3132322132587433,0.3116125762462616
500,model.layers.7.self_attn.k_proj.weight,512,1024,0.0009765625,0.0011862042592838407,3.565431594848633,-5.587933173956117e-07,0.3201322853565216,0.0011252941330894828,0.15813207626342773,0.26015105843544006,0.04047718644142151,0.672473669052124,1.3354551792144775,0.0009865028550848365,98.52389526367188,1.8159567844122648e-05,6.428081542253494e-05,9.686619159765542e-05,0.2165098339319229,0.27011972665786743,0.008780939504504204,0.5425158143043518,1.4262694120407104,,,,,
500,model.layers.7.self_attn.v_proj.weight,512,1024,0.0009765625,0.0007320087170228362,2.182734251022339,-0.0008813012391328812,0.6097699403762817,0.0002867293660528958,0.14591450989246368,0.2504923641681671,0.0042458754032850266,0.727114737033844,1.4571030139923096,0.0008858306682668626,70.73148345947266,2.1802587070851587e-05,6.552488775923848e-05,0.00011673446715576574,0.2339567095041275,0.2507418096065521,0.009569700807332993,0.5099133253097534,1.412614345550537,,,,,
500,model.layers.7.self_attn.o_proj.weight,1024,2048,0.00048828125,0.000255867576925084,2.1225528717041016,-0.0002791790175251663,1.0373207330703735,4.73315485578496e-05,0.15501312911510468,0.3462623655796051,0.015070074237883091,0.5218650698661804,1.4281843900680542,0.0004919356433674693,60.35020065307617,4.0394883399130777e-05,0.00013869600661564618,5.6542252423241735e-05,0.1793736219406128,0.31589755415916443,0.006792072672396898,0.6183635592460632,1.520462989807129,,,,,
500,model.layers.15.self_attn.q_proj.weight,4096,1024,0.000244140625,0.00012616348976735026,3.008087158203125,-0.0003635957546066493,0.45992034673690796,0.00039767491398379207,0.21013538539409637,0.23700761795043945,0.0038293253164738417,0.43959271907806396,1.5471197366714478,0.0002171561645809561,244.6776885986328,1.284467816731194e-05,0.0001454850862501189,6.582459900528193e-05,0.22137300670146942,0.27010446786880493,0.007880128920078278,0.5042159557342529,1.5274819135665894,0.07133815437555313,0.07616374641656876,0.8362468481063843,,
500,model.layers.15.self_attn.k_proj.weight,512,1024,0.0009765625,0.0010265298187732697,4.51896333694458,5.514102667802945e-06,0.38783031702041626,5.9086698456667364e-05,0.26565778255462646,0.2167675495147705,0.0041953930631279945,0.5095070004463196,1.4603861570358276,0.0010110100265592337,73.89239501953125,-2.1266470866976306e-05,6.102921543060802e-05,6.783046410419047e-05,0.2013087421655655,0.29374751448631287,0.007100863382220268,0.5735222101211548,1.4596593379974365,,,,,
500,model.layers.15.self_attn.v_proj.weight,512,1024,0.0009765625,0.0008863097173161805,1.902942419052124,0.0006944898632355034,0.37460196018218994,0.00019437995797488838,0.18301936984062195,0.2729587256908417,0.006800078321248293,0.6493853330612183,1.4320471286773682,0.001004197052679956,44.32319259643555,1.1545210327312816e-05,5.089776459499262e-05,4.0042206819634885e-05,0.22999154031276703,0.25871750712394714,0.006715784315019846,0.5097807049751282,1.4729042053222656,,,,0.2890720069408417,0.3029322922229767
500,model.layers.15.self_attn.o_proj.weight,1024,2048,0.00048828125,0.00032989244209602475,1.9339948892593384,0.00023454503389075398,0.6732366681098938,2.5504701625322923e-05,0.10410364717245102,0.42604029178619385,0.010467536747455597,0.564288854598999,1.4409757852554321,0.0004642853746190667,89.9161376953125,2.2661357434117235e-05,0.00011233421537326649,7.009129330981523e-05,0.19635874032974243,0.29974785447120667,0.007946586236357689,0.5760501027107239,1.5025125741958618,,,,,
500,model.layers.19.self_attn.q_proj.weight,4096,1024,0.000244140625,0.00017005056724883616,3.512941360473633,-0.00031232053879648447,0.23270761966705322,0.00027312993188388646,0.22205398976802826,0.23398374021053314,0.007453510537743568,0.42936971783638,1.527758002281189,0.00020112564379815012,231.52455139160156,2.9359839572862256e-06,0.0001475450408179313,6.598718755412847e-05,0.2184111773967743,0.27315524220466614,0.008199815638363361,0.5168222784996033,1.5246609449386597,0.07611654698848724,0.06957066059112549,0.8536373972892761,,
500,model.layers.19.self_attn.k_proj.weight,512,1024,0.0009765625,0.0009147796663455665,4.055357933044434,-2.0378525732667185e-05,0.2346683293581009,0.00017926970031112432,0.24909566342830658,0.22141942381858826,0.011123974807560444,0.5579875111579895,1.3950409889221191,0.0008840661612339318,66.03144073486328,-4.48123444130033e-07,6.572063284693286e-05,6.479535659309477e-05,0.20367375016212463,0.2868679165840149,0.007940314710140228,0.5719166398048401,1.443985104560852,,,,,
500,model.layers.19.self_attn.v_proj.weight,512,1024,0.0009765625,0.0010390491224825382,1.8142188787460327,-0.0006856481777504086,0.17227013409137726,0.0014012702740728855,0.14093849062919617,0.271266371011734,0.006004856433719397,0.6829041242599487,1.4281013011932373,0.0009131359402090311,66.79576873779297,4.21338791056769e-06,4.8095669626491144e-05,8.662270556669682e-05,0.2073427438735962,0.2903824746608734,0.007744411006569862,0.5200194716453552,1.4335038661956787,,,,,
500,model.layers.19.self_attn.o_proj.weight,1024,2048,0.00048828125,0.0007442180649377406,1.4658986330032349,-0.0001909495476866141,0.3599720001220703,6.625635433010757e-05,0.055580880492925644,0.5592274069786072,0.007653951179236174,0.6763043999671936,1.463671088218689,0.00043082277989014983,135.52377319335938,-8.017122127057519e-06,9.708137804409489e-05,5.989337296341546e-05,0.20947089791297913,0.28463032841682434,0.008737961761653423,0.5366177558898926,1.476519227027893,,,,,
500,model.layers.1.mlp.gate_proj.weight,3584,1024,0.00027901785714285713,0.0002641641767695546,2.4758565425872803,0.0003605482052080333,0.5405057668685913,0.00024106061027850956,0.17852236330509186,0.30546995997428894,0.008057881146669388,0.5258340835571289,1.5158910751342773,0.00025333769735880196,199.87286376953125,4.9402824515709653e-05,0.00015427680045831949,0.0001195233708131127,0.23257558047771454,0.2569085359573364,0.009623278863728046,0.5116099119186401,1.5130618810653687,,,,0.3110901117324829,0.31362104415893555
500,model.layers.1.mlp.up_proj.weight,3584,1024,0.00027901785714285713,0.00035485762055031955,2.4739139080047607,0.00043387323967181146,0.8717027306556702,0.0002121873403666541,0.16891427338123322,0.3159811794757843,0.009063019417226315,0.5002342462539673,1.5068445205688477,0.00025857510627247393,147.4806365966797,0.00010462503996677697,0.00019193222397007048,9.625164966564626e-05,0.22997432947158813,0.2587015926837921,0.009928426705300808,0.5038372278213501,1.5106925964355469,,,,,
500,model.layers.1.mlp.down_proj.weight,1024,3584,0.00027901785714285713,0.00024350632156711072,4.079098701477051,0.0004399414174258709,0.8497406244277954,0.0009281938546337187,0.19761522114276886,0.26912304759025574,0.015215602703392506,0.5256862044334412,1.4346427917480469,0.0002581817680038512,174.92198181152344,7.088416168699041e-05,0.00019387474458198994,9.428696648683399e-05,0.22106896340847015,0.26774540543556213,0.008627379313111305,0.5334087014198303,1.4737595319747925,0.07055254280567169,0.07847423106431961,0.8632614016532898,,
500,model.layers.12.mlp.gate_proj.weight,3584,1024,0.00027901785714285713,0.0001959006767719984,3.0056354999542236,0.0006125106010586023,0.4835076332092285,0.00038700521690770984,0.18429189920425415,0.2508712708950043,0.004854070954024792,0.5849843621253967,1.5278990268707275,0.00022950838319957256,188.2276611328125,2.0047047655680217e-05,0.0001552507746964693,8.802133379504085e-05,0.21580159664154053,0.27712082862854004,0.007632753811776638,0.5435535907745361,1.5279737710952759,,,,,
500,model.layers.12.mlp.up_proj.weight,3584,1024,0.00027901785714285713,0.00023725251958239824,2.6984057426452637,0.0001680364803178236,0.7749915719032288,0.0005879570380784571,0.2242479920387268,0.24109305441379547,0.0082595469430089,0.496261328458786,1.516452670097351,0.00024961031158454716,138.89144897460938,4.1859628254314885e-05,0.00017989134357776493,9.764764399733394e-05,0.22243960201740265,0.2646048367023468,0.00993497483432293,0.503755509853363,1.5126665830612183,,,,,
500,model.layers.12.mlp.down_proj.weight,1024,3584,0.00027901785714285713,0.0002472723135724664,5.010666847229004,0.00017224221664946526,0.7617670893669128,0.00016751777729950845,0.21697892248630524,0.2701926529407501,0.022687360644340515,0.5032444000244141,1.4054059982299805,0.0002859863161575049,124.525390625,3.215476681361906e-05,0.00019199341477360576,7.86757082096301e-05,0.19823330640792847,0.29095470905303955,0.007945165038108826,0.5800239443778992,1.4962204694747925,0.07534878700971603,0.07536589354276657,0.8535163998603821,,
500,model.layers.22.mlp.gate_proj.weight,3584,1024,0.00027901785714285713,0.00020670636149588972,2.7631659507751465,-0.0005889195017516613,0.14053553342819214,0.0007995133055374026,0.17145659029483795,0.27105712890625,0.0067796651273965836,0.5655231475830078,1.5250747203826904,0.00023470948508474976,241.34034729003906,6.307061994448304e-06,0.00011862623068736866,7.622923294547945e-05,0.2265848070383072,0.2647418975830078,0.009406729601323605,0.5265052318572998,1.517520546913147,,,,0.30497822165489197,0.31727996468544006
500,model.layers.22.mlp.up_proj.weight,3584,1024,0.00027901785714285713,0.00020969290926586837,2.7077696323394775,-0.00017303759523201734,0.31520509719848633,0.0007603135309182107,0.16445724666118622,0.30775925517082214,0.012297701090574265,0.5898560285568237,1.5096362829208374,0.0002683342609088868,202.03823852539062,1.0967476555379108e-05,0.00015279490617103875,0.00010743382154032588,0.23391743004322052,0.25587424635887146,0.009608210995793343,0.5041339993476868,1.5188679695129395,,,,,
500,model.layers.22.mlp.down_proj.weight,1024,3584,0.00027901785714285713,0.0003624488599598408,2.519169569015503,-0.0002008420560741797,0.2931240200996399,0.00015970559616107494,0.11830159276723862,0.38468584418296814,0.0061027174815535545,0.5441645383834839,1.4666541814804077,0.00027961304294876754,135.82846069335938,1.6623484043520875e-05,0.00016162397514563054,7.704347081016749e-05,0.2275090217590332,0.2622770369052887,0.008482826873660088,0.5181700587272644,1.4922140836715698,0.07658009231090546,0.07030817121267319,0.8304510712623596,,
500,model.layers.1.linear_attn.in_proj_qkv.weight,6144,1024,0.00016276041666666666,0.0001225277519552037,2.461937189102173,-0.0004064850218128413,0.44467893242836,0.0002874003548640758,0.19928628206253052,0.2585168480873108,0.0049313888885080814,0.5126955509185791,1.5384639501571655,0.00015617598546668887,241.192626953125,3.7694964703405276e-05,0.0001905457756947726,7.805465429555625e-05,0.23039290308952332,0.26280584931373596,0.006743667181581259,0.5182259678840637,1.5380375385284424,0.06594435125589371,0.07233522832393646,0.8570314049720764,,
500,model.layers.1.linear_attn.out_proj.weight,1024,2048,0.00048828125,0.000673602509777993,1.394593358039856,-0.0005679168389178813,1.0351210832595825,0.00044524797704070807,0.1404736489057541,0.3510565161705017,0.014133904129266739,0.5156654715538025,1.4522136449813843,0.00044696853728964925,127.42256164550781,3.824737359536812e-05,0.00012747792061418295,9.584848157828674e-05,0.21749211847782135,0.274389386177063,0.008313988335430622,0.5388743281364441,1.4881707429885864,,,,,
500,model.layers.12.linear_attn.in_proj_qkv.weight,6144,1024,0.00016276041666666666,6.99182492098771e-05,2.3332772254943848,4.1384209907846525e-05,0.4706742465496063,0.00042700220365077257,0.16600452363491058,0.25343748927116394,0.0031382956076413393,0.5945338606834412,1.5516976118087769,0.0001401197660015896,160.5289764404297,2.936417695309501e-05,0.0001787033397704363,7.111070590326563e-05,0.2112901359796524,0.282824844121933,0.00700037507340312,0.5352258086204529,1.5429795980453491,0.06628604233264923,0.06723225861787796,0.841917097568512,,
500,model.layers.12.linear_attn.out_proj.weight,1024,2048,0.00048828125,0.00029871691367588937,2.0950732231140137,-0.00035009783459827304,0.6773016452789307,5.797991616418585e-05,0.16710509359836578,0.3243310749530792,0.020662685856223106,0.5087080597877502,1.413641333580017,0.0004257075779605657,74.00094604492188,3.86813044315204e-05,0.0001317938294960186,6.174746522447094e-05,0.19316218793392181,0.30140575766563416,0.007875396870076656,0.5837165117263794,1.4903230667114258,,,,,
500,model.layers.21.linear_attn.in_proj_qkv.weight,6144,1024,0.00016276041666666666,9.944165503839031e-05,3.2223973274230957,-0.00010682634456316009,0.10779785364866257,0.0006435037357732654,0.1956983208656311,0.24110852181911469,0.006039828527718782,0.536101758480072,1.5413347482681274,0.00014603552699554712,313.5335693359375,5.0770877351169474e-06,0.00013585563283413649,8.283242641482502e-05,0.23169749975204468,0.25748348236083984,0.008608127012848854,0.5190576314926147,1.5338577032089233,0.07060670107603073,0.07677365094423294,0.8531205058097839,,
500,model.layers.21.linear_attn.out_proj.weight,1024,2048,0.00048828125,0.000361598446033895,2.9258995056152344,0.0009764242568053305,0.18899992108345032,0.00014085213479120284,0.1568097621202469,0.33903858065605164,0.007977249100804329,0.5241338610649109,1.4658558368682861,0.00046295556239783764,96.48563385009766,2.4661401766934432e-05,0.00011613828246481717,8.319084736285731e-05,0.21735849976539612,0.2742333710193634,0.009020606055855751,0.5153663754463196,1.478761076927185,,,,,
