step,matrix,m,n,r_null,G_r_spectrum,G_stable_rank_G,G_alignment_GW,G_G_fro,G_energy_top,G_energy_mid,G_energy_tail,G_energy_top_rows,G_energy_tail_rows,G_pangle_Gtop_Wtop_mean,H_r_spectrum,H_stable_rank_G,H_alignment_GW,H_G_fro,H_energy_top,H_energy_mid,H_energy_tail,H_energy_top_rows,H_energy_tail_rows,H_pangle_Gtop_Wtop_mean,n_microbatch,snr_diag_median,snr_offdiag_median,spearman_absC_snr,sig_energy_diag,sig_energy_total,noise_energy,R_sigma_cross,snr_cross_diag_median,snr_cross_offdiag_median,spearman_absC_snr_cross,spearman_absC_split
20,model.layers.7.self_attn.q_proj.weight,4096,1024,0.000244140625,0.00011870121670654044,2.24587082862854,-0.00019523252558428794,0.9180571436882019,0.0004486202960833907,0.19262906908988953,0.25154152512550354,0.006571498233824968,0.5183560252189636,1.5279966592788696,0.00023454235633835196,7.730621814727783,0.0010363941546529531,0.0017905068816617131,0.00045373974717222154,0.2664058804512024,0.20429004728794098,0.01074946392327547,0.4887690246105194,1.5097111463546753,8.0,0.07983751595020294,0.08333177864551544,0.8202040791511536,5.259867066342849e-07,0.009643087163567543,0.946132242679596,5.45454684493064e-05,0.002216269029304385,0.002661284524947405,0.006952989846467972,0.0640977993607521
20,model.layers.7.self_attn.k_proj.weight,512,1024,0.0009765625,0.0012799699325114489,3.6236894130706787,1.2719747246592306e-05,0.6799711585044861,0.003049019258469343,0.1425594538450241,0.2645769715309143,0.025188397616147995,0.7074649930000305,1.3258553743362427,0.0012144009815528989,8.690069198608398,-0.005141428671777248,0.0006301431567408144,0.0005781771033070982,0.27101394534111023,0.19268691539764404,0.015815293416380882,0.5135480761528015,1.347016453742981,,,,,,,,,,,,
20,model.layers.7.self_attn.v_proj.weight,512,1024,0.0009765625,0.0008702621562406421,1.79081392288208,-0.001321390038356185,1.3949692249298096,0.0002741963544394821,0.13811007142066956,0.2478133738040924,0.0025600099470466375,0.7364435195922852,1.4599931240081787,0.0012578964233398438,4.7421135902404785,0.0026978591922670603,0.00063684320775792,0.0005611191154457629,0.184423565864563,0.22612355649471283,0.008235047571361065,0.6692880392074585,1.4154908657073975,,,,,,,,,,,,
20,model.layers.7.self_attn.o_proj.weight,1024,2048,0.00048828125,0.00023283636255655438,1.9475042819976807,-0.0004194121283944696,2.289440393447876,4.7150373575277627e-05,0.13294532895088196,0.3833339512348175,0.016179492697119713,0.5714869499206543,1.4164130687713623,0.0002966550528071821,4.3475213050842285,0.0009547361987642944,0.001287743914872408,0.000144121702760458,0.1909058541059494,0.2907381057739258,0.01986236870288849,0.4750250577926636,1.4124062061309814,,,,,,,,,,,,
20,model.layers.15.self_attn.q_proj.weight,4096,1024,0.000244140625,0.00015997042646631598,2.929473876953125,0.0009118124144151807,1.0620225667953491,0.0006192600703798234,0.20350661873817444,0.25442320108413696,0.008216530084609985,0.4676116704940796,1.5379630327224731,0.00024190492695197463,7.083537578582764,0.000737531459890306,0.0019055563025176525,0.0005544411251321435,0.24777574837207794,0.2227194458246231,0.014523893594741821,0.4510284960269928,1.502204179763794,8.0,0.07064110040664673,0.07841207087039948,0.8365567922592163,-2.099572157021612e-06,0.0006310286116786301,1.5128109455108643,-0.0033272218060547798,0.000121509307064116,0.00019161973614245653,-0.009022616781294346,0.04913487285375595
20,model.layers.15.self_attn.k_proj.weight,512,1024,0.0009765625,0.0010138517245650291,3.6405603885650635,1.112122572521912e-05,0.9694090485572815,8.800143405096605e-05,0.22549162805080414,0.2659063935279846,0.003472839714959264,0.590027391910553,1.4603748321533203,0.0010138897923752666,8.36872673034668,0.0023042254615575075,0.0006647763075307012,3.920893868780695e-05,0.2788477838039398,0.21858881413936615,0.007366143632680178,0.4821629822254181,1.432510256767273,,,,,,,,,,,,
20,model.layers.15.self_attn.v_proj.weight,512,1024,0.0009765625,0.0009133941493928432,1.8175725936889648,-0.0021737313363701105,0.9124301075935364,0.00018221078789792955,0.2212555855512619,0.23321092128753662,0.005774220451712608,0.6111443042755127,1.4806573390960693,0.001181261264719069,4.189208030700684,0.0013692219508811831,0.000657399941701442,0.0009245286928489804,0.21953164041042328,0.23771487176418304,0.007887973450124264,0.5867524147033691,1.4199844598770142,,,,,,,,,,,,
20,model.layers.15.self_attn.o_proj.weight,1024,2048,0.00048828125,0.0004585790156852454,1.6769706010818481,-0.0006518012378364801,1.8156936168670654,3.870291038765572e-05,0.08371653407812119,0.47305163741111755,0.012601572088897228,0.6020359992980957,1.4417742490768433,0.00043020668090321124,4.399126052856445,0.0008575294050388038,0.0013378254370763898,8.593864913564175e-05,0.19751150906085968,0.29738232493400574,0.015503018163144588,0.5192649364471436,1.4210869073867798,,,,,,,,,,,,
20,model.layers.19.self_attn.q_proj.weight,4096,1024,0.000244140625,0.0001883286313386634,2.2733876705169678,-0.00022795971017330885,0.7874202728271484,0.0008712804410606623,0.19592449069023132,0.2583514153957367,0.009673052467405796,0.4687616229057312,1.525647521018982,0.00024864327860996127,6.557199478149414,-0.0005306671373546124,0.001912403735332191,0.0008038972737267613,0.23789151012897491,0.237120121717453,0.01865849457681179,0.46207618713378906,1.494813084602356,8.0,0.07561860233545303,0.08329097181558609,0.7742842435836792,-1.2697007150563877e-05,-0.004115647170692682,0.9245439767837524,,-0.001980819506570697,-0.0005952236242592335,-0.009419240988790989,0.0781124085187912
20,model.layers.19.self_attn.k_proj.weight,512,1024,0.0009765625,0.0010144728003069758,2.3128201961517334,8.287960554298479e-06,0.7216309309005737,0.0003629499697126448,0.26116102933883667,0.19156628847122192,0.01786632277071476,0.5634549856185913,1.3432824611663818,0.001024708733893931,8.569363594055176,-0.0011745273368433118,0.0006640942883677781,0.0003598408948164433,0.28378793597221375,0.20100300014019012,0.02081003226339817,0.45952457189559937,1.3493276834487915,,,,,,,,,,,,
20,model.layers.19.self_attn.v_proj.weight,512,1024,0.0009765625,0.0009266996057704091,1.6258889436721802,0.0015593027928844094,0.6267357468605042,0.0026751200202852488,0.18989983201026917,0.21576808393001556,0.014866405166685581,0.5576359033584595,1.4056472778320312,0.0011577819241210818,4.310981273651123,0.0011287202360108495,0.0006691409507766366,0.000469298247480765,0.21573619544506073,0.27272894978523254,0.00849628821015358,0.587202787399292,1.416791558265686,,,,,,,,,,,,
20,model.layers.19.self_attn.o_proj.weight,1024,2048,0.00048828125,0.00037594386958517134,1.4003630876541138,0.0004651145136449486,1.2543855905532837,8.268577221315354e-05,0.0767723098397255,0.4743002951145172,0.012654378078877926,0.5709438323974609,1.4613382816314697,0.00039168784860521555,5.713188648223877,0.0008745369268581271,0.0013575925258919597,0.00015939789591357112,0.19428342580795288,0.299587219953537,0.012584580108523369,0.5512102842330933,1.440016746520996,,,,,,,,,,,,
20,model.layers.1.mlp.gate_proj.weight,3584,1024,0.00027901785714285713,0.00045794452307745814,2.2200064659118652,8.191219239961356e-05,0.8366413116455078,0.00028636347269639373,0.2035505771636963,0.2799834907054901,0.007798433769494295,0.526778519153595,1.5152523517608643,0.0003218534984625876,9.206648826599121,-0.0007606709841638803,0.0015762937255203724,0.0001965538103831932,0.2600742280483246,0.22456669807434082,0.009485962800681591,0.499239057302475,1.5114266872406006,,,,,,,,,,,,
20,model.layers.1.mlp.up_proj.weight,3584,1024,0.00027901785714285713,0.0003530033864080906,2.2878241539001465,4.823928975383751e-05,1.4699926376342773,0.00015840331616345793,0.16548395156860352,0.32803285121917725,0.012007036246359348,0.5067848563194275,1.5065405368804932,0.0002744937955867499,8.193216323852539,0.0007854605792090297,0.0015859889099374413,0.0001174683275166899,0.25633704662323,0.23270070552825928,0.008814261294901371,0.4955585300922394,1.5131438970565796,,,,,,,,,,,,
20,model.layers.1.mlp.down_proj.weight,1024,3584,0.00027901785714285713,0.0002926752786152065,2.5834577083587646,5.438630614662543e-05,1.544440746307373,0.0010603837436065078,0.17644013464450836,0.3025168180465698,0.013543614186346531,0.5775184035301208,1.4530032873153687,0.0003044438490178436,8.629152297973633,-4.6168530388968065e-05,0.0015937951393425465,0.0005223751650191844,0.22959895431995392,0.2525467276573181,0.014054286293685436,0.5085856318473816,1.4278995990753174,8.0,0.09193167835474014,0.08864983171224594,0.7959625720977783,-2.87977782136295e-05,0.04337393864989281,5.026944160461426,-0.0006639419686111597,0.0028283407445997,0.002279082778841257,-0.0036825058050453663,0.0555151104927063
20,model.layers.12.mlp.gate_proj.weight,3584,1024,0.00027901785714285713,0.0002477340749464929,2.710820198059082,3.671645754366182e-05,1.0504403114318848,0.0007124976837076247,0.19146820902824402,0.24616053700447083,0.006448908243328333,0.5599252581596375,1.527455449104309,0.0002795665059238672,6.35618257522583,0.0006557885790243745,0.0017532570054754615,0.0004597200604621321,0.2567993402481079,0.21677178144454956,0.010144257918000221,0.4937359094619751,1.509099006652832,,,,,,,,,,,,
20,model.layers.12.mlp.up_proj.weight,3584,1024,0.00027901785714285713,0.00023745845828671008,2.8375728130340576,-0.00011712217383319512,1.7359579801559448,0.0005114633240737021,0.2284383326768875,0.24011792242527008,0.010166156105697155,0.48806536197662354,1.5156863927841187,0.0003102957271039486,5.671668529510498,0.0010018250904977322,0.0017702959012240171,0.0003193574957549572,0.26098278164863586,0.21781885623931885,0.010361239314079285,0.4961948096752167,1.5106630325317383,,,,,,,,,,,,
20,model.layers.12.mlp.down_proj.weight,1024,3584,0.00027901785714285713,0.000254405866144225,4.458805084228516,-0.00011555411037988961,1.8171899318695068,0.00011684739001793787,0.19594532251358032,0.2980262339115143,0.017253296449780464,0.5522494912147522,1.4204809665679932,0.000273692246992141,7.493725776672363,0.0011680183233693242,0.001757697551511228,0.00013971887528896332,0.2350272834300995,0.2518710196018219,0.019016383215785027,0.4950658977031708,1.3858479261398315,8.0,0.07963698357343674,0.08215626329183578,0.8303667902946472,-3.308641680632718e-06,0.03743608295917511,6.900673866271973,-8.838108635032319e-05,-0.0007525035180151463,0.001341572729870677,-0.00808601826429367,0.02515571005642414
20,model.layers.22.mlp.gate_proj.weight,3584,1024,0.00027901785714285713,0.00024282681988552213,2.2828257083892822,0.0015075652627274394,0.4679686725139618,0.001267523504793644,0.19861680269241333,0.22513538599014282,0.008814049884676933,0.4740890562534332,1.5182571411132812,0.0002630690869409591,6.459135055541992,-0.0007948947022669017,0.0017891816096380353,0.0005647344514727592,0.229059636592865,0.23363830149173737,0.010124295949935913,0.5022835731506348,1.5057352781295776,,,,,,,,,,,,
20,model.layers.22.mlp.up_proj.weight,3584,1024,0.00027901785714285713,0.00023124842846300453,2.017125368118286,0.001227006665430963,1.1153589487075806,0.0010303750168532133,0.16178523004055023,0.3049618899822235,0.01323785725980997,0.5804617404937744,1.5105727910995483,0.00028037058655172586,6.10639762878418,0.000995596288703382,0.0017906010616570711,0.0006302736001089215,0.22034680843353271,0.2514551877975464,0.01620713621377945,0.4972556531429291,1.4912023544311523,,,,,,,,,,,,
20,model.layers.22.mlp.down_proj.weight,1024,3584,0.00027901785714285713,0.0003750192408915609,2.2417593002319336,0.0014643911272287369,1.01860511302948,0.00019081399659626186,0.11344917863607407,0.38904839754104614,0.009319846518337727,0.5431802272796631,1.4723515510559082,0.00028678629314526916,5.808804512023926,0.0002075143565889448,0.001774623291566968,0.0003495752753224224,0.20885933935642242,0.2740769684314728,0.011141742579638958,0.5410820245742798,1.456459403038025,8.0,0.0806054100394249,0.07922855019569397,0.8292051553726196,-1.9153976609231904e-05,0.05384032428264618,2.636923313140869,-0.000355755223699602,0.002526970347389579,0.005582233890891075,0.0008837289642542601,0.11419936269521713
20,model.layers.1.linear_attn.in_proj_qkv.weight,6144,1024,0.00016276041666666666,9.725438576424494e-05,2.1703338623046875,-0.00026280968450009823,0.6636984944343567,0.0005816724733449519,0.1644860953092575,0.2796921730041504,0.0064742472022771835,0.5200425982475281,1.5345321893692017,0.00014547843602485955,14.80070686340332,0.0007460704655386508,0.002102750353515148,0.0005209711962379515,0.24873478710651398,0.22547632455825806,0.011317220516502857,0.5042716264724731,1.5220069885253906,8.0,0.0800599604845047,0.0832376629114151,0.8134188652038574,-4.596997314365581e-06,0.003347767051309347,0.439026415348053,-0.0013731532821459743,-0.0019508666591718793,0.0016972962766885757,0.003206315916031599,0.04790583252906799
20,model.layers.1.linear_attn.out_proj.weight,1024,2048,0.00048828125,0.0005258941673673689,1.580092430114746,-1.2591858649102505e-05,2.080526351928711,0.00041759543819352984,0.11945235729217529,0.38475361466407776,0.014616372063755989,0.545358419418335,1.440895438194275,0.0005825315602123737,11.816329956054688,0.00101756420917809,0.0012319658417254686,0.0006323918933048844,0.23338593542575836,0.2470967173576355,0.01703164167702198,0.5130577087402344,1.4331247806549072,,,,,,,,,,,,
20,model.layers.12.linear_attn.in_proj_qkv.weight,6144,1024,0.00016276041666666666,8.592936501372606e-05,2.560659170150757,0.0003086446085944772,0.9800403118133545,0.0004567141877487302,0.1703612059354782,0.26565587520599365,0.0034196502529084682,0.5854769349098206,1.550848364830017,0.00013565237168222666,6.898922920227051,-0.0005824675317853689,0.0023088576272130013,0.0004940088256262243,0.2480802685022354,0.22048316895961761,0.009270746260881424,0.5103124380111694,1.5343941450119019,8.0,0.08257513493299484,0.07839550077915192,0.7974494695663452,1.2660069842240773e-05,-0.0040153274312615395,0.6977639198303223,,-0.0013755477266386151,-0.0007337373099289834,-0.019144689664244652,0.06909393519163132
20,model.layers.12.linear_attn.out_proj.weight,1024,2048,0.00048828125,0.0003012782835867256,2.5742828845977783,-4.639704457076732e-06,1.4209437370300293,6.178844341775402e-05,0.17044523358345032,0.3361676037311554,0.020345404744148254,0.5608360767364502,1.4153703451156616,0.0004695947573054582,5.468343734741211,0.001439517131075263,0.0013244174188002944,0.0001682265428826213,0.22792384028434753,0.2616933584213257,0.01887255720794201,0.5147473216056824,1.3967620134353638,,,,,,,,,,,,
20,model.layers.21.linear_attn.in_proj_qkv.weight,6144,1024,0.00016276041666666666,0.00010561664385022596,2.199064254760742,0.0003309986786916852,0.35518908500671387,0.0006462663295678794,0.18726734817028046,0.2478667050600052,0.006868692114949226,0.555147111415863,1.5349500179290771,0.000146576770930551,7.318846225738525,-0.0008256619912572205,0.0023037916980683804,0.0006849072524346411,0.23086567223072052,0.2372114360332489,0.012922162190079689,0.49196377396583557,1.5198267698287964,8.0,0.08704960346221924,0.08658172190189362,0.8163229823112488,2.5873907816276187e-06,0.0018988577648997307,0.09915153682231903,0.0013626037871057952,0.006725826300680637,0.005218748468905687,-0.006662484724074602,0.06609730422496796
20,model.layers.21.linear_attn.out_proj.weight,1024,2048,0.00048828125,0.000332027644617483,2.0796754360198975,0.00044865315430797637,0.7450074553489685,0.00010744028986664489,0.14289093017578125,0.3532913625240326,0.006143419072031975,0.5285269021987915,1.4802907705307007,0.0005270542460493743,3.91619873046875,0.0002096101234201342,0.0013274814700707793,0.00021113440743647516,0.21219319105148315,0.2750285565853119,0.009228582493960857,0.5336529612541199,1.4770395755767822,,,,,,,,,,,,
40,model.layers.7.self_attn.q_proj.weight,4096,1024,0.000244140625,0.0002261192275909707,2.309762954711914,0.00010531961015658453,0.5528055429458618,0.000366369349649176,0.17950570583343506,0.27772068977355957,0.0050110239535570145,0.548143208026886,1.5394108295440674,0.0001985779235837981,6.904080390930176,-0.0006754673668183386,0.0015499992296099663,0.00040357798570767045,0.2674601972103119,0.20592261850833893,0.009832223877310753,0.4958651065826416,1.5153888463974,8.0,0.07099750638008118,0.06753062456846237,0.8529006838798523,1.5719137081759982e-05,-0.0062895650044083595,0.40868282318115234,,-0.0005587387713603675,-0.0018879910930991173,-0.007482296787202358,0.06200835853815079
40,model.layers.7.self_attn.k_proj.weight,512,1024,0.0009765625,0.0008589125354774296,2.9150311946868896,-1.2514886975623085e-06,0.4211304485797882,0.00019825590425170958,0.13507217168807983,0.2841687500476837,0.01731649786233902,0.7383272051811218,1.3641384840011597,0.0012102662585675716,9.953461647033691,-0.002912897616624832,0.0005389412399381399,0.0004213100764900446,0.27563872933387756,0.19388417899608612,0.0141252176836133,0.5142964124679565,1.3582605123519897,,,,,,,,,,,,
40,model.layers.7.self_attn.v_proj.weight,512,1024,0.0009765625,0.0008914627251215279,1.7301565408706665,6.834295345470309e-05,0.8453752994537354,0.0005284397047944367,0.1311582326889038,0.2416549175977707,0.005379547830671072,0.7598941922187805,1.4538450241088867,0.0009625866077840328,5.059062480926514,0.0017754543805494905,0.0005479033570736647,0.00037423637695610523,0.17941954731941223,0.2254084199666977,0.006586520466953516,0.6893647313117981,1.435338020324707,,,,,,,,,,,,
40,model.layers.7.self_attn.o_proj.weight,1024,2048,0.00048828125,0.00026745928335003555,1.8328583240509033,2.5137887860182673e-05,1.4957764148712158,5.813739699078724e-05,0.1084156334400177,0.43988919258117676,0.013142253272235394,0.6485631465911865,1.4328502416610718,0.0003135847218800336,4.215945720672607,0.0007843183702789247,0.0011211876990273595,0.00012002968287561089,0.18842348456382751,0.2961617112159729,0.02060222625732422,0.4741154611110687,1.3940315246582031,,,,,,,,,,,,
40,model.layers.15.self_attn.q_proj.weight,4096,1024,0.000244140625,0.00017650509835220873,1.4944438934326172,-4.1092384890362155e-06,1.0361109972000122,0.0006764708668924868,0.28921180963516235,0.15974177420139313,0.0052887629717588425,0.39093494415283203,1.54314386844635,0.0002769799903035164,6.9320244789123535,0.0005250326939858496,0.0016525513492524624,0.0005343504599295557,0.25508537888526917,0.21713338792324066,0.01362322922796011,0.44917941093444824,1.5066792964935303,8.0,0.08853467553853989,0.08726760745048523,0.7661069631576538,-2.2099617126514204e-05,0.0005547306500375271,1.653270959854126,-0.03983846417179073,-0.0005692492122761905,0.0002281088673043996,-0.004018800798803568,0.04688414931297302
40,model.layers.15.self_attn.k_proj.weight,512,1024,0.0009765625,0.0008538321126252413,1.2857983112335205,1.5487137716263533e-05,1.509399175643921,3.8068385038059205e-05,0.15300874412059784,0.36100006103515625,0.003126744646579027,0.6842893362045288,1.4392379522323608,0.0009707341087050736,4.41982364654541,-6.272189784795046e-05,0.0006257726927287877,5.087816680315882e-05,0.26627883315086365,0.2319497913122177,0.007713504135608673,0.48877084255218506,1.4322746992111206,,,,,,,,,,,,
40,model.layers.15.self_attn.v_proj.weight,512,1024,0.0009765625,0.0009308255393989384,1.5290968418121338,0.0015684188110753894,0.8308806419372559,0.0001583680568728596,0.2886906862258911,0.19759654998779297,0.004376980941742659,0.5079454183578491,1.4394445419311523,0.001056909211911261,4.3834052085876465,-0.0013868612004444003,0.0005705247749574482,0.00040570960845798254,0.21407106518745422,0.24998807907104492,0.006223124917596579,0.6076645851135254,1.4217621088027954,,,,,,,,,,,,
40,model.layers.15.self_attn.o_proj.weight,1024,2048,0.00048828125,0.00047631326015107334,1.8609591722488403,0.0006557836313731968,1.2007935047149658,2.8886111977044493e-05,0.12616439163684845,0.3732415437698364,0.013380631804466248,0.5096524357795715,1.430058479309082,0.0004008648975286633,5.100159645080566,-8.920497930375859e-05,0.0011552368523553014,9.887736814562231e-05,0.19735118746757507,0.2970654368400574,0.019349126145243645,0.5203490853309631,1.4100621938705444,,,,,,,,,,,,
40,model.layers.19.self_attn.q_proj.weight,4096,1024,0.000244140625,0.00019206124125048518,2.7714405059814453,0.00037691599573008716,0.47534188628196716,0.0005572527879849076,0.22524482011795044,0.21751749515533447,0.006651770789176226,0.433012455701828,1.5301601886749268,0.0002190454542869702,6.1744160652160645,0.0011414240580052137,0.0016197827644646168,0.0003268735599704087,0.2396288961172104,0.23566891252994537,0.016528839245438576,0.46361085772514343,1.4953136444091797,8.0,0.06355812400579453,0.07603966444730759,0.8321568369865417,2.8843078325735405e-06,0.0007274270756170154,0.3824474811553955,0.003965081764556295,-0.0012129901442676783,-0.00013483079965226352,-0.005480605643242598,0.06007896736264229
40,model.layers.19.self_attn.k_proj.weight,512,1024,0.0009765625,0.0009561594342812896,2.5008530616760254,5.504603905137628e-06,0.47068729996681213,0.0004046268295496702,0.26144933700561523,0.20350141823291779,0.014091416262090206,0.5582184195518494,1.3458462953567505,0.000992878689430654,8.993650436401367,0.0004872322897426784,0.000571846030652523,0.00020493913325481117,0.27432453632354736,0.2058717906475067,0.01670362614095211,0.45928171277046204,1.3458667993545532,,,,,,,,,,,,
40,model.layers.19.self_attn.v_proj.weight,512,1024,0.0009765625,0.0007932641310617328,1.6243497133255005,-0.0019404251361265779,0.3635551333427429,0.001498164958320558,0.17318835854530334,0.2361132949590683,0.00895974412560463,0.6327897906303406,1.395989179611206,0.001019145012833178,3.2887861728668213,0.0007508597918786108,0.0005902494303882122,0.0003417030966375023,0.19888287782669067,0.28705665469169617,0.006757677998393774,0.6123931407928467,1.4018794298171997,,,,,,,,,,,,
40,model.layers.19.self_attn.o_proj.weight,1024,2048,0.00048828125,0.0004172790504526347,1.4869484901428223,-0.0006219270289875567,0.678934633731842,0.00012102408800274134,0.07828658074140549,0.4574684202671051,0.012934009544551373,0.5708078742027283,1.448420524597168,0.0004397268348839134,5.807852745056152,0.0003023070457857102,0.0011421710951253772,0.00029906033887527883,0.1825307160615921,0.30664217472076416,0.01897357776761055,0.5726259350776672,1.4268842935562134,,,,,,,,,,,,
40,model.layers.1.mlp.gate_proj.weight,3584,1024,0.00027901785714285713,0.0003771009505726397,3.111992120742798,-0.0005549772176891565,0.42770451307296753,0.00022001117758918554,0.17274069786071777,0.3137860894203186,0.006793924141675234,0.5475413203239441,1.521605372428894,0.0002720316406339407,13.646336555480957,-0.0001889173436211422,0.0013267184840515256,0.00022768788039684296,0.2535741925239563,0.23056091368198395,0.009578820317983627,0.50382000207901,1.5140492916107178,,,,,,,,,,,,
40,model.layers.1.mlp.up_proj.weight,3584,1024,0.00027901785714285713,0.0007785662310197949,2.4411587715148926,0.0001148890660260804,0.8053099513053894,8.487776358379051e-05,0.1492024064064026,0.35596907138824463,0.008355154655873775,0.5234608054161072,1.5101913213729858,0.00029445148538798094,11.645669937133789,0.0005378026980906725,0.0013451098930090666,0.00013058872718829662,0.25002601742744446,0.2367066890001297,0.009603134356439114,0.5043255686759949,1.5088611841201782,,,,,,,,,,,,
40,model.layers.1.mlp.down_proj.weight,1024,3584,0.00027901785714285713,0.000291758100502193,5.2659010887146,0.00012098447041353211,0.7943730354309082,0.0006902872119098902,0.15506219863891602,0.3341945707798004,0.012890784069895744,0.6314127445220947,1.4427322149276733,0.00030035778763704,14.961271286010742,0.00014492352784145623,0.00134575879201293,0.00047599844401702285,0.22243979573249817,0.2622835338115692,0.014852255582809448,0.5211490988731384,1.431686520576477,8.0,0.07705831527709961,0.0690910592675209,0.8802807331085205,7.836033546482213e-06,-0.006925293710082769,1.433449625968933,,0.0018036386463791132,-0.0012387161841616035,0.0029522771947085857,0.04705878347158432
40,model.layers.12.mlp.gate_proj.weight,3584,1024,0.00027901785714285713,0.000210578044061549,2.448230504989624,8.833791798679158e-05,0.6714445352554321,0.0007685348973609507,0.17574293911457062,0.2591056823730469,0.0063215200789272785,0.5626398324966431,1.5257221460342407,0.00028362523880787194,6.237435817718506,0.0006522483890876174,0.0015012554358690977,0.0003149539406877011,0.24816416203975677,0.22290435433387756,0.009658075869083405,0.5062112212181091,1.5080530643463135,,,,,,,,,,,,
40,model.layers.12.mlp.up_proj.weight,3584,1024,0.00027901785714285713,0.0002496328961569816,2.4137237071990967,-0.0001859179319581017,1.1207525730133057,0.0004739481082651764,0.196079283952713,0.27933087944984436,0.008659394457936287,0.5186988711357117,1.5153570175170898,0.0002801450318656862,6.060878276824951,0.0006530408863909543,0.00152202183380723,0.0004228539182804525,0.25827544927597046,0.2194787561893463,0.010254845023155212,0.49457690119743347,1.5092781782150269,,,,,,,,,,,,
40,model.layers.12.mlp.down_proj.weight,1024,3584,0.00027901785714285713,0.00023895071353763342,3.0970396995544434,-0.00016846548533067107,1.2444220781326294,0.00014091627963352948,0.17200970649719238,0.32788223028182983,0.016912445425987244,0.6020231246948242,1.4352514743804932,0.0002686158986762166,7.494164943695068,0.0010126725537702441,0.001523917424492538,0.00021854056103620678,0.2280629575252533,0.2594548761844635,0.021277928724884987,0.5082248449325562,1.3958799839019775,8.0,0.0744195505976677,0.07710930705070496,0.8503839373588562,2.2402502509066835e-05,0.006974558345973492,3.170548915863037,0.0032120317011900988,0.0009826690657064319,0.00032115340582095087,0.0018564361380413175,0.024478798732161522
40,model.layers.22.mlp.gate_proj.weight,3584,1024,0.00027901785714285713,0.0002323787339264527,2.4670298099517822,0.0012251394800841808,0.256786972284317,0.001851936336606741,0.17052263021469116,0.2595205008983612,0.012371869757771492,0.5462716221809387,1.517112135887146,0.00027681211940944195,6.079411029815674,0.0004929924616590142,0.0014521185075864196,0.0006027456256560981,0.2304273396730423,0.23438861966133118,0.009904799982905388,0.4966242015361786,1.505867600440979,,,,,,,,,,,,
40,model.layers.22.mlp.up_proj.weight,3584,1024,0.00027901785714285713,0.00033932237420231104,2.3085031509399414,0.00048518794937990606,0.5786981582641602,0.0007968313875608146,0.1657993048429489,0.30573534965515137,0.013705024495720863,0.579777717590332,1.5031235218048096,0.0002808262943290174,5.639040470123291,0.00019664739375002682,0.0014856347115710378,0.0005205170600675046,0.22042636573314667,0.25154227018356323,0.014689968898892403,0.5006328821182251,1.4973071813583374,,,,,,,,,,,,
40,model.layers.22.mlp.down_proj.weight,1024,3584,0.00027901785714285713,0.00043734279461205006,1.9318516254425049,0.0005172069650143385,0.5905594229698181,0.0002176258567487821,0.09769699722528458,0.4046858549118042,0.007552537601441145,0.5446020364761353,1.470554232597351,0.0003038649447262287,5.444864273071289,-0.0005642578471451998,0.001496732933446765,0.00030719523783773184,0.20624934136867523,0.27712956070899963,0.009585339576005936,0.5453276038169861,1.4614205360412598,8.0,0.06653834879398346,0.06781356781721115,0.8555791974067688,4.065362736582756e-05,0.014510777778923512,0.9475885033607483,0.0028016160115742236,0.0032413306180387735,0.0012323741102591157,-0.004172020126134157,0.14136579632759094
40,model.layers.1.linear_attn.in_proj_qkv.weight,6144,1024,0.00016276041666666666,8.734952280065045e-05,2.4409027099609375,4.915614772471599e-05,0.38767072558403015,0.0005779388593509793,0.16893106698989868,0.28903284668922424,0.00783850159496069,0.5288069248199463,1.5348728895187378,0.00015399006952065974,15.832887649536133,0.000991894630715251,0.0017995694652199745,0.00047868542606011033,0.2506980895996094,0.22452914714813232,0.010514897294342518,0.49799346923828125,1.5221384763717651,8.0,0.06437712162733078,0.06867558509111404,0.8876792788505554,-1.4849052831777954e-06,-0.0012716749915853143,0.1388845145702362,,-0.003559278789907694,-0.0014224014012143016,0.0018671632278710604,0.04612746089696884
40,model.layers.1.linear_attn.out_proj.weight,1024,2048,0.00048828125,0.00017160933930426836,1.393737554550171,-8.234772394644096e-05,0.9389537572860718,0.0004624721477739513,0.09894856810569763,0.4159873425960541,0.01683828979730606,0.5893340110778809,1.4281195402145386,0.0005449281306937337,13.086433410644531,-0.0010858632158488035,0.0010448158718645573,0.0003679434594232589,0.228656604886055,0.24863432347774506,0.01895853877067566,0.5174174904823303,1.3919353485107422,,,,,,,,,,,,
40,model.layers.12.linear_attn.in_proj_qkv.weight,6144,1024,0.00016276041666666666,7.453424768755212e-05,2.2892699241638184,0.00048663641791790724,0.5832079648971558,0.0006553601124323905,0.15375950932502747,0.27761292457580566,0.004569948650896549,0.6044037342071533,1.5498777627944946,0.00012701675586868078,6.216930866241455,0.00027611630503088236,0.0019713141955435276,0.0004867848183494061,0.24976640939712524,0.21921972930431366,0.0093623585999012,0.5095950961112976,1.531535029411316,8.0,0.07366307824850082,0.07098770886659622,0.8666892647743225,5.965415539321839e-07,-0.0015208711847662926,0.22267967462539673,,-0.007264676969498396,-0.0009628394618630409,-0.004858681000769138,0.08454965800046921
40,model.layers.12.linear_attn.out_proj.weight,1024,2048,0.00048828125,0.0002767603727988899,2.1856300830841064,-8.229212107835338e-05,1.030207633972168,3.52464230672922e-05,0.13917423784732819,0.3856889307498932,0.010295974090695381,0.6339690685272217,1.4455946683883667,0.0004422822967171669,5.466348648071289,0.002874857047572732,0.001156008685939014,0.00018982778419740498,0.21783240139484406,0.2697685658931732,0.021183952689170837,0.5319212079048157,1.4081840515136719,,,,,,,,,,,,
40,model.layers.21.linear_attn.in_proj_qkv.weight,6144,1024,0.00016276041666666666,8.962859283201396e-05,2.5091559886932373,-3.999750333605334e-05,0.152948796749115,0.0006679007201455534,0.15696045756340027,0.2800513207912445,0.005755183752626181,0.5736549496650696,1.5469017028808594,0.0001468077680328861,7.161810398101807,-0.0005781496874988079,0.0018703684909269214,0.00034188508288934827,0.22906462848186493,0.24142257869243622,0.010671448893845081,0.48855796456336975,1.5275533199310303,8.0,0.06170475482940674,0.06205518916249275,0.8854687213897705,-9.530845090921503e-08,-0.00015919888392090797,0.018117403611540794,,-0.0010046792449429631,-0.0017246479401364923,-0.005008084233850241,0.053309228271245956
40,model.layers.21.linear_attn.out_proj.weight,1024,2048,0.00048828125,0.0003948767262045294,2.0536420345306396,-0.0007463217480108142,0.35437682271003723,0.0003754269564524293,0.13282129168510437,0.3664655387401581,0.009578484110534191,0.5457972884178162,1.473593831062317,0.0004964307881891727,3.7708210945129395,-0.0005493256612680852,0.0010995222255587578,0.00020736103761009872,0.2116241753101349,0.2746473252773285,0.008157758973538876,0.531086802482605,1.4712631702423096,,,,,,,,,,,,
60,model.layers.7.self_attn.q_proj.weight,4096,1024,0.000244140625,0.00011867612192872912,2.0690643787384033,0.0008012053440324962,0.7475226521492004,0.0006665570545010269,0.18063314259052277,0.2663162350654602,0.007023187354207039,0.5254704356193542,1.5329378843307495,0.00023121674894355237,7.5945940017700195,-0.000912040937691927,0.0015227823751047254,0.0005802642554044724,0.2659406363964081,0.20450173318386078,0.010139144025743008,0.49809348583221436,1.5184568166732788,8.0,0.06495516002178192,0.07398293167352676,0.8567718267440796,5.8327391343482304e-06,-0.002289476804435253,0.6005845665931702,,-0.001469818758778274,-0.0002241346228402108,0.005564867053180933,0.05548693612217903
60,model.layers.7.self_attn.k_proj.weight,512,1024,0.0009765625,0.0010271003702655435,3.776365280151367,3.4039205729641253e-06,0.5422046780586243,0.0006583179929293692,0.18108922243118286,0.25915205478668213,0.027461843565106392,0.6547878384590149,1.3446592092514038,0.001317622372880578,8.630071640014648,-0.004213753156363964,0.0005548024200834334,0.000490262231323868,0.29143911600112915,0.18449890613555908,0.016148975118994713,0.497806191444397,1.3692790269851685,,,,,,,,,,,,
60,model.layers.7.self_attn.v_proj.weight,512,1024,0.0009765625,0.0007636619848199189,1.7931888103485107,-0.0010731626534834504,0.9936420917510986,0.0002155102411052212,0.13884837925434113,0.25316447019577026,0.0036283889785408974,0.7459179759025574,1.4778114557266235,0.001163498149253428,5.384207248687744,0.0014610674697905779,0.0005205554771237075,0.0004223799332976341,0.18458278477191925,0.21838274598121643,0.0065695056691765785,0.6856837868690491,1.4422420263290405,,,,,,,,,,,,
60,model.layers.7.self_attn.o_proj.weight,1024,2048,0.00048828125,0.00024281427613459527,2.193847417831421,-0.00035330033279024065,1.6069613695144653,4.6620581997558475e-05,0.1291436403989792,0.3933861553668976,0.014129698276519775,0.5782483816146851,1.4420114755630493,0.0003100841713603586,5.097476959228516,0.00106869509909302,0.0010567656718194485,0.00013074376329313964,0.1873164176940918,0.29427120089530945,0.020297255367040634,0.47321826219558716,1.3911364078521729,,,,,,,,,,,,
60,model.layers.15.self_attn.q_proj.weight,4096,1024,0.000244140625,0.00015670583525206894,3.1700785160064697,-5.658140798914246e-05,0.804633378982544,0.00023691420210525393,0.19239629805088043,0.255569726228714,0.003557695774361491,0.4472668468952179,1.5420688390731812,0.0002651147951837629,7.215062141418457,0.0011389045976102352,0.0015483521856367588,0.0005989932687953115,0.24114938080310822,0.22896380722522736,0.013325875625014305,0.4549872577190399,1.5020779371261597,8.0,0.08513660728931427,0.0757085531949997,0.8669085502624512,1.531459201942198e-05,0.012166516855359077,0.821283221244812,0.0012587490899399235,0.008987468667328358,0.0030905790627002716,0.007448835764080286,0.0822925791144371
60,model.layers.15.self_attn.k_proj.weight,512,1024,0.0009765625,0.00108159554656595,3.4669084548950195,3.2584396194579313e-06,0.7888842225074768,0.00047545236884616315,0.20157428085803986,0.28862833976745605,0.004978037439286709,0.6002904176712036,1.4439549446105957,0.0009649191633798182,10.30256175994873,0.0021757520735263824,0.0005181346205063164,7.014071161393076e-05,0.2770410180091858,0.21637645363807678,0.007294905371963978,0.47433921694755554,1.4363327026367188,,,,,,,,,,,,
60,model.layers.15.self_attn.v_proj.weight,512,1024,0.0009765625,0.0009014970855787396,1.8500417470932007,-0.0009078782168217003,0.655841052532196,0.00019735665409825742,0.20771963894367218,0.25063788890838623,0.004921572748571634,0.6226457357406616,1.456743836402893,0.0009717752109281719,4.49359655380249,0.00011679079761961475,0.0005609120125882328,0.00027958801365457475,0.21369974315166473,0.24027849733829498,0.007318413816392422,0.6077190637588501,1.4267085790634155,,,,,,,,,,,,
60,model.layers.15.self_attn.o_proj.weight,1024,2048,0.00048828125,0.0004771839012391865,1.7323898077011108,-0.00028518366161733866,1.2577745914459229,2.7402966225054115e-05,0.08283370733261108,0.48010730743408203,0.008187842555344105,0.6051307916641235,1.4509915113449097,0.00044194856309331954,5.045668601989746,0.00046708944137208164,0.0011192768579348922,9.234686149284244e-05,0.2015659660100937,0.28727948665618896,0.022488093003630638,0.5063487887382507,1.4132074117660522,,,,,,,,,,,,
60,model.layers.19.self_attn.q_proj.weight,4096,1024,0.000244140625,0.0001760942832333967,2.885876417160034,-0.0010100486688315868,0.5583177804946899,0.0006593816797249019,0.1976654827594757,0.25804224610328674,0.009389210492372513,0.44550058245658875,1.530927300453186,0.00025868439115583897,6.742736339569092,0.002876864979043603,0.0015994434943422675,0.0011009455192834139,0.23467031121253967,0.23603753745555878,0.024533625692129135,0.4611642360687256,1.4890415668487549,8.0,0.0736970603466034,0.07217295467853546,0.860951840877533,8.567014447180554e-06,0.004924612119793892,0.42913398146629333,0.0017396323281475225,0.000937831646297127,0.002156029688194394,-0.008520158007740974,0.07167398184537888
60,model.layers.19.self_attn.k_proj.weight,512,1024,0.0009765625,0.0009763755369931459,3.740382194519043,9.61149089562241e-06,0.564491331577301,0.0005857257638126612,0.21736156940460205,0.2581314444541931,0.011290200054645538,0.5993595123291016,1.3379534482955933,0.001112242927774787,9.128721237182617,-0.0014969798503443599,0.0005446391296572983,0.0011957456590607762,0.29261210560798645,0.1953486055135727,0.023000923916697502,0.43539854884147644,1.309308409690857,,,,,,,,,,,,
60,model.layers.19.self_attn.v_proj.weight,512,1024,0.0009765625,0.0006456280243583024,1.6736395359039307,0.0027837823145091534,0.4238719344139099,0.0009956650901585817,0.16395965218544006,0.2487209588289261,0.006890097167342901,0.6336206197738647,1.4037787914276123,0.00124540354590863,4.597803592681885,-0.0038959605153650045,0.0005608065985143185,0.0006516789435409009,0.21622444689273834,0.2729965150356293,0.010315291583538055,0.5892080068588257,1.3733547925949097,,,,,,,,,,,,
60,model.layers.19.self_attn.o_proj.weight,1024,2048,0.00048828125,0.0004781809984706342,1.4216158390045166,0.000837840314488858,0.8419855833053589,7.04322155797854e-05,0.07146762311458588,0.48265111446380615,0.01405208557844162,0.5915228128433228,1.447007656097412,0.00041086028795689344,6.514259338378906,-0.000628273468464613,0.0011214130790904164,0.00018222910875920206,0.18373258411884308,0.30945760011672974,0.01348843239247799,0.5703787803649902,1.4377082586288452,,,,,,,,,,,,
60,model.layers.1.mlp.gate_proj.weight,3584,1024,0.00027901785714285713,0.0002468022285029292,2.873779058456421,-0.0001271202345378697,0.5683962106704712,0.00035843331716023386,0.20324735343456268,0.2790640592575073,0.007540199439972639,0.5113484263420105,1.5114692449569702,0.00027616877923719585,15.187434196472168,0.0007602921104989946,0.001381249399855733,0.00019169898587279022,0.2561417818069458,0.2253398597240448,0.008921750821173191,0.5014103055000305,1.5149725675582886,,,,,,,,,,,,
60,model.layers.1.mlp.up_proj.weight,3584,1024,0.00027901785714285713,0.0002670081448741257,2.630112648010254,-0.0003812598006334156,1.0075806379318237,8.155025716405362e-05,0.16463056206703186,0.3277297914028168,0.007869201712310314,0.5020948648452759,1.5118533372879028,0.0002994418318849057,13.223814964294434,0.0013493637088686228,0.0013953972375020385,0.00013182012480683625,0.2532574534416199,0.23471233248710632,0.010610370896756649,0.4980517327785492,1.5029306411743164,,,,,,,,,,,,
60,model.layers.1.mlp.down_proj.weight,1024,3584,0.00027901785714285713,0.00028855539858341217,3.986149787902832,-0.00036922519211657345,1.0306782722473145,0.0010844768257811666,0.17544206976890564,0.30125901103019714,0.016289230436086655,0.5726370215415955,1.4390171766281128,0.0002798639761749655,13.301728248596191,0.0008174754329957068,0.0013940779026597738,0.00022406461357604712,0.22330524027347565,0.25999921560287476,0.01470997929573059,0.5172703862190247,1.4233789443969727,8.0,0.08308012783527374,0.07804426550865173,0.8573841452598572,1.97810022655176e-05,-0.0023665453772991896,2.2535219192504883,,0.0009042352321557701,-0.000271818891633302,0.005223686341196299,0.042734723538160324
60,model.layers.12.mlp.gate_proj.weight,3584,1024,0.00027901785714285713,0.00021739912335760891,2.8555994033813477,0.0001507686247350648,0.7671615481376648,0.0012911197263747454,0.1868225634098053,0.24835780262947083,0.008072256110608578,0.5603080987930298,1.5257318019866943,0.0003103827475570142,7.2532854080200195,0.0006185918464325368,0.0014571583596989512,0.0006256623892113566,0.25312572717666626,0.21883471310138702,0.010908083990216255,0.49789032340049744,1.5084033012390137,,,,,,,,,,,,
60,model.layers.12.mlp.up_proj.weight,3584,1024,0.00027901785714285713,0.0002560218854341656,2.7381691932678223,0.0006543678464367986,1.2710853815078735,0.00033002288546413183,0.21512767672538757,0.2592305839061737,0.007634010165929794,0.5072479844093323,1.5166616439819336,0.0002870241296477616,6.766826152801514,0.0008322206558659673,0.001452531898394227,0.00017381655925419182,0.2607530355453491,0.21946635842323303,0.008655576966702938,0.4959605932235718,1.511536955833435,,,,,,,,,,,,
60,model.layers.12.mlp.down_proj.weight,1024,3584,0.00027901785714285713,0.000268326053628698,5.769822597503662,0.0006732630426995456,1.2781902551651,0.00023386694374494255,0.201283797621727,0.2857300937175751,0.024578910320997238,0.523966908454895,1.402418613433838,0.0002759485796559602,8.832401275634766,0.0008186109480448067,0.0014518041862174869,0.00015135921421460807,0.22704139351844788,0.2609366774559021,0.017775466665625572,0.5087613463401794,1.4002678394317627,8.0,0.06691401451826096,0.07314618676900864,0.8876402974128723,3.992529309471138e-05,0.014438551850616932,3.3924429416656494,0.0027651868073601473,0.00013255201338324696,0.0008636037237010896,0.02782832644879818,0.04548998549580574
60,model.layers.22.mlp.gate_proj.weight,3584,1024,0.00027901785714285713,0.000217084598261863,2.505197048187256,0.00010713308438425884,0.3635391592979431,0.000507503398694098,0.1768481582403183,0.2572174370288849,0.005268377251923084,0.5436222553253174,1.527521014213562,0.0002901562547776848,6.273487091064453,0.0004279586428310722,0.0014525962760671973,0.0005115302628837526,0.22451680898666382,0.23933443427085876,0.010384283028542995,0.5046665668487549,1.5014222860336304,,,,,,,,,,,,
60,model.layers.22.mlp.up_proj.weight,3584,1024,0.00027901785714285713,0.00024652353022247553,2.5669755935668945,-0.0006804175791330636,0.8043742775917053,0.0008351844153366983,0.17593689262866974,0.2947647273540497,0.014168226160109043,0.554093599319458,1.504297137260437,0.000291047734208405,5.6650390625,0.0004719994030892849,0.0015062136808410287,0.0006902756285853684,0.2191852331161499,0.2525038421154022,0.014013038948178291,0.5042080283164978,1.4990147352218628,,,,,,,,,,,,
60,model.layers.22.mlp.down_proj.weight,1024,3584,0.00027901785714285713,0.0003078240843024105,2.255619764328003,-0.0007553828763775527,0.7968722581863403,0.0002891036856453866,0.10927486419677734,0.39244723320007324,0.010746805928647518,0.5411081314086914,1.471840739250183,0.0002614004479255527,5.730492115020752,0.0005960080306977034,0.0014988369075581431,0.00041371327824890614,0.2095641940832138,0.27234283089637756,0.010823019780218601,0.538159191608429,1.4645216464996338,8.0,0.06358618289232254,0.06913064420223236,0.8431485891342163,-1.6391073586419225e-05,0.018566250801086426,1.8345917463302612,-0.0008828424091664259,-0.001328057493083179,0.0016301290597766638,-0.0025927135720849037,0.1182049810886383
60,model.layers.1.linear_attn.in_proj_qkv.weight,6144,1024,0.00016276041666666666,0.00012558960588648915,2.4558897018432617,-0.00011093641660409048,0.47160395979881287,0.001180322258733213,0.1690344512462616,0.2737046480178833,0.009419233538210392,0.5016415119171143,1.5348609685897827,0.00014520490367431194,20.41007423400879,0.0003721571702044457,0.0017870868323370814,0.0004296090337447822,0.24711747467517853,0.2291291356086731,0.01017987634986639,0.5017436146736145,1.5273910760879517,8.0,0.08231617510318756,0.07361786812543869,0.857498049736023,-2.4840242076606955e-06,-0.0011852615280076861,0.21141445636749268,,-0.00036215074942447245,-0.00189120601862669,0.011575060896575451,0.049789879471063614
60,model.layers.1.linear_attn.out_proj.weight,1024,2048,0.00048828125,0.00017707530059851706,1.6173810958862305,4.646750312531367e-05,1.2786973714828491,0.0005638152942992747,0.10969017446041107,0.39691489934921265,0.013899233192205429,0.5573822259902954,1.4381977319717407,0.000529431679751724,13.979571342468262,-0.0006841994472779334,0.001061264774762094,0.0005441170069389045,0.2284097820520401,0.25277382135391235,0.015714062377810478,0.5226280093193054,1.4205349683761597,,,,,,,,,,,,
60,model.layers.12.linear_attn.in_proj_qkv.weight,6144,1024,0.00016276041666666666,7.163495320128277e-05,2.257309913635254,0.0003419645654503256,0.7791035771369934,0.00035704963374882936,0.15366660058498383,0.27849239110946655,0.00294084963388741,0.6083249449729919,1.553457260131836,0.00013523439702112228,7.551235198974609,0.0005586181068792939,0.0018940595909953117,0.0003532438422553241,0.24974790215492249,0.2223883718252182,0.007660960778594017,0.5107855200767517,1.5379503965377808,8.0,0.07427196204662323,0.07760833948850632,0.8479036688804626,3.680435384012526e-06,0.0024981354363262653,0.3722016215324402,0.0014732729581006785,-0.0008433146867901087,0.0011954709189012647,-0.0022275217343121767,0.0832555890083313
60,model.layers.12.linear_attn.out_proj.weight,1024,2048,0.00048828125,0.00032881274819374084,2.7617990970611572,0.00026104311109520495,1.056977391242981,0.00011419087968533859,0.17657719552516937,0.3246796727180481,0.02473309263586998,0.5385802984237671,1.4225717782974243,0.0004686409083660692,6.3782453536987305,-0.0006156445015221834,0.0010972851887345314,0.00015391460328828543,0.22447119653224945,0.2652890086174011,0.017581172287464142,0.5238583087921143,1.4103695154190063,,,,,,,,,,,,
60,model.layers.21.linear_attn.in_proj_qkv.weight,6144,1024,0.00016276041666666666,0.00010746878979261965,2.940999984741211,0.0003469043003860861,0.21840067207813263,0.000848843774292618,0.1892774999141693,0.2445066124200821,0.006987975910305977,0.5257161855697632,1.538977026939392,0.00012712337775155902,7.579092502593994,0.0009830722119659185,0.0018886218313127756,0.00035841530188918114,0.2275880128145218,0.24228549003601074,0.010888741351664066,0.49076342582702637,1.5255759954452515,8.0,0.07555703073740005,0.07442823052406311,0.8795300722122192,1.864609089352598e-07,0.0010110547300428152,0.042127575725317,0.00018442217161415556,0.009474718011915684,0.004959950689226389,0.0018650518031790853,0.05017416179180145
60,model.layers.21.linear_attn.out_proj.weight,1024,2048,0.00048828125,0.0003392930084373802,2.157248020172119,-5.0710677896859124e-05,0.49157437682151794,8.872863691067323e-05,0.12832722067832947,0.3809432089328766,0.005978916771709919,0.5618629455566406,1.4779133796691895,0.0004692680377047509,3.6723785400390625,-0.00036794861080124974,0.001096944441087544,0.00013052774011157453,0.21575778722763062,0.2692345380783081,0.007224514149129391,0.5263169407844543,1.4786580801010132,,,,,,,,,,,,
80,model.layers.7.self_attn.q_proj.weight,4096,1024,0.000244140625,0.0001223917060997337,1.6664950847625732,0.0004031005082651973,0.7085264921188354,0.0003067928191740066,0.18739740550518036,0.26309430599212646,0.004160129930824041,0.5258930325508118,1.5360965728759766,0.0002330731222173199,7.115434646606445,-0.0010452218120917678,0.0015271753072738647,0.0010041495552286506,0.266080379486084,0.2044963538646698,0.0120094520971179,0.4972984492778778,1.511087417602539,8.0,0.08338427543640137,0.07942993193864822,0.8132296800613403,-7.140801244531758e-06,0.001289866166189313,0.569189190864563,-0.005536079193105765,0.00043771773925982416,0.0006175276357680559,-0.005024770274758339,0.05979413166642189
80,model.layers.7.self_attn.k_proj.weight,512,1024,0.0009765625,0.0010223058052361012,2.123216390609741,1.3426569012153777e-07,0.5378291606903076,0.0009724933770485222,0.24622642993927002,0.209644615650177,0.02132207155227661,0.5770710706710815,1.3369673490524292,0.001212247065268457,5.321515083312988,0.0014648979995399714,0.0005472610355354846,0.0005525485030375421,0.29436972737312317,0.17996828258037567,0.015611007809638977,0.49269968271255493,1.3398572206497192,,,,,,,,,,,,
80,model.layers.7.self_attn.v_proj.weight,512,1024,0.0009765625,0.0008546782191842794,1.5476601123809814,0.00029615580569952726,0.8027330636978149,0.00021317841310519725,0.1312686949968338,0.24296891689300537,0.0024472298100590706,0.7596936821937561,1.4610207080841064,0.0011418592184782028,4.029964923858643,0.0007853178540244699,0.000543132540769875,0.0004417658783495426,0.17965249717235565,0.22373247146606445,0.007934978231787682,0.6953076720237732,1.4234203100204468,,,,,,,,,,,,
80,model.layers.7.self_attn.o_proj.weight,1024,2048,0.00048828125,0.00022936980531085283,1.8137729167938232,9.443103772355244e-05,1.3041362762451172,4.482065560296178e-05,0.1401279717683792,0.37369969487190247,0.012988581322133541,0.5560221076011658,1.441828966140747,0.0003107289376202971,4.192309856414795,0.0012143547646701336,0.0010811646934598684,8.291734411614016e-05,0.1933089643716812,0.29015013575553894,0.01765880361199379,0.46755850315093994,1.3991143703460693,,,,,,,,,,,,
80,model.layers.15.self_attn.q_proj.weight,4096,1024,0.000244140625,0.00012388934555929154,2.7695486545562744,9.655906615080312e-05,0.6826842427253723,0.00028024063794873655,0.2046196311712265,0.24330124258995056,0.003606302896514535,0.44418346881866455,1.5467212200164795,0.0002519765985198319,6.9392828941345215,-2.4539045625715517e-05,0.0015443466836586595,0.0007518972852267325,0.24483267962932587,0.22439193725585938,0.01579901948571205,0.45308172702789307,1.5032919645309448,8.0,0.0735931396484375,0.07071658223867416,0.8848611116409302,2.9062355224596104e-06,0.0009273436735384166,0.5056714415550232,0.0031339357838830557,0.001990764169022441,0.0005661778268404305,-0.0022183360997587442,0.053573474287986755
80,model.layers.15.self_attn.k_proj.weight,512,1024,0.0009765625,0.0009595939773134887,2.8902769088745117,-1.0264448064845055e-05,0.5993502140045166,0.00021621599444188178,0.22194097936153412,0.27442172169685364,0.003816143376752734,0.5949691534042358,1.4480735063552856,0.0009663060191087425,8.065083503723145,0.001991315744817257,0.0005197256105020642,9.047050843946636e-05,0.2726159989833832,0.22296090424060822,0.00790461990982294,0.49346041679382324,1.418898105621338,,,,,,,,,,,,
80,model.layers.15.self_attn.v_proj.weight,512,1024,0.0009765625,0.0009151860722340643,1.7193858623504639,0.0009196794708259404,0.5827544927597046,0.0001257164403796196,0.22184528410434723,0.24500034749507904,0.0048165577463805676,0.6023386716842651,1.468260645866394,0.0010557956993579865,4.695987701416016,0.0003729276068042964,0.0005546425236389041,0.00011916377843590453,0.21048185229301453,0.24377770721912384,0.005670938175171614,0.6148164868354797,1.4458551406860352,,,,,,,,,,,,
80,model.layers.15.self_attn.o_proj.weight,1024,2048,0.00048828125,0.0004332573735155165,1.7877713441848755,0.0003122003981843591,1.0237808227539062,2.219670386693906e-05,0.09468761831521988,0.4528174102306366,0.006962260697036982,0.5810814499855042,1.4542734622955322,0.00040029501542449,4.672275066375732,-0.00014188094064593315,0.0011109962360933423,8.269029785878956e-05,0.20410747826099396,0.2846623659133911,0.018279340118169785,0.4983256459236145,1.4029310941696167,,,,,,,,,,,,
80,model.layers.19.self_attn.q_proj.weight,4096,1024,0.000244140625,0.00019192231411579996,2.4213874340057373,6.8386820203159e-05,0.4324156641960144,0.0005823455867357552,0.22694171965122223,0.21486523747444153,0.008137261494994164,0.3845018446445465,1.5320844650268555,0.00025773924426175654,6.5470194816589355,-0.0003144964575767517,0.0015467054909095168,0.0005281299236230552,0.24350012838840485,0.23158608376979828,0.017297616228461266,0.4565433859825134,1.4943917989730835,8.0,0.07280642539262772,0.07296957820653915,0.8742555379867554,8.395993972953875e-06,0.006112974137067795,0.23894542455673218,0.0013734712080724055,0.0035750302486121655,0.0029745767824351788,-0.0020154158119112253,0.09336305409669876
80,model.layers.19.self_attn.k_proj.weight,512,1024,0.0009765625,0.000974000955466181,2.204009771347046,1.072957820724696e-05,0.4716878831386566,0.0005900819087401032,0.24091362953186035,0.21453949809074402,0.008768669329583645,0.5959310531616211,1.3720190525054932,0.0010547945275902748,6.79922342300415,9.43018967518583e-05,0.0005476854857988656,0.0001831984700402245,0.2815200984477997,0.20320284366607666,0.01899862103164196,0.4655556380748749,1.3023103475570679,,,,,,,,,,,,
80,model.layers.19.self_attn.v_proj.weight,512,1024,0.0009765625,0.0007257371325977147,1.548811674118042,0.002586143556982279,0.3566254675388336,0.000917007913812995,0.18628907203674316,0.21981115639209747,0.00585308438166976,0.6056205630302429,1.4377163648605347,0.0011464832350611687,4.603328227996826,7.223322609206662e-05,0.0005363330128602684,0.0003336503868922591,0.21611909568309784,0.272502601146698,0.00693055335432291,0.6008200645446777,1.4222983121871948,,,,,,,,,,,,
80,model.layers.19.self_attn.o_proj.weight,1024,2048,0.00048828125,0.00044533985783346,1.475126028060913,0.0007893570582382381,0.6964358687400818,0.00012813491048291326,0.07379955053329468,0.5113896727561951,0.009334479458630085,0.6492695212364197,1.4573630094528198,0.00040947095840238035,6.955709934234619,-0.00020832600421272218,0.0011059988755732775,0.00011709511454682797,0.18230529129505157,0.3137339949607849,0.01267747487872839,0.5828553438186646,1.445155143737793,,,,,,,,,,,,
80,model.layers.1.mlp.gate_proj.weight,3584,1024,0.00027901785714285713,0.0004105853149667382,2.6324524879455566,0.0003041157906409353,0.4705502986907959,0.00040595862083137035,0.17461490631103516,0.2975614368915558,0.007462841924279928,0.5145675539970398,1.5213762521743774,0.0002986227336805314,14.30944538116455,-0.000810990808531642,0.0014396758051589131,0.00021553240367211401,0.25616583228111267,0.2284960150718689,0.00943051278591156,0.4984987676143646,1.5097023248672485,,,,,,,,,,,,
80,model.layers.1.mlp.up_proj.weight,3584,1024,0.00027901785714285713,0.0003389058110769838,2.275702476501465,-0.00018452815129421651,0.8680895566940308,0.00010635828220983967,0.15003590285778046,0.35267162322998047,0.011586577631533146,0.5295054316520691,1.511244773864746,0.00029921074747107923,12.023537635803223,0.0003670374280773103,0.0014526386512443423,0.00011226138303754851,0.24988339841365814,0.23825684189796448,0.01029151026159525,0.5025447010993958,1.5082181692123413,,,,,,,,,,,,
80,model.layers.1.mlp.down_proj.weight,1024,3584,0.00027901785714285713,0.00029447179986163974,4.188641548156738,-0.000189013677299954,0.8576686978340149,0.0007036671740934253,0.16136783361434937,0.3274242877960205,0.012373557314276695,0.6097564697265625,1.44674813747406,0.00030509696807712317,15.249999046325684,-3.0133074687910266e-05,0.0014502445701509714,0.000582950480747968,0.22382745146751404,0.26032906770706177,0.01532108336687088,0.516345739364624,1.4183495044708252,8.0,0.0771264135837555,0.07583916932344437,0.8518899083137512,1.758862163114827e-05,0.0045070406049489975,1.7003564834594727,0.003902476851847069,-0.00037624494871124625,0.00047800116590224206,0.002225280739367008,0.04111545532941818
80,model.layers.12.mlp.gate_proj.weight,3584,1024,0.00027901785714285713,0.00020656264678109437,2.683410167694092,-4.859876571572386e-05,0.5266714096069336,0.0005960983689874411,0.1748465597629547,0.2635405361652374,0.005680945701897144,0.5767565369606018,1.5277938842773438,0.00027505113393999636,6.37990665435791,0.00019278109539300203,0.0014474795898422599,0.000333524018060416,0.2479807585477829,0.22307586669921875,0.010424616746604443,0.5060663819313049,1.5072218179702759,,,,,,,,,,,,
80,model.layers.12.mlp.up_proj.weight,3584,1024,0.00027901785714285713,0.00027042118017561734,2.568742036819458,9.876472904579714e-05,0.8929200768470764,0.00026938191149383783,0.20059308409690857,0.2816108167171478,0.007375706452876329,0.519368588924408,1.5128612518310547,0.00026577559765428305,5.810555934906006,0.0003905241028405726,0.0014552847715094686,0.00038594164652749896,0.255899041891098,0.22194324433803558,0.011015994474291801,0.4974258244037628,1.5096982717514038,,,,,,,,,,,,
80,model.layers.12.mlp.down_proj.weight,1024,3584,0.00027901785714285713,0.00026409965357743204,4.806010723114014,0.00010028148972196504,0.8996567726135254,9.178341133520007e-05,0.18830887973308563,0.30995476245880127,0.0147347841411829,0.5595348477363586,1.4212127923965454,0.00026864706887863576,7.576766490936279,0.00014993248623795807,0.001444254769012332,0.00019389351655263454,0.23369070887565613,0.25314950942993164,0.018303710967302322,0.4928800165653229,1.3994495868682861,8.0,0.07918417453765869,0.06985481828451157,0.906889796257019,8.353746125067119e-06,0.005233709700405598,1.6232218742370605,0.0015961424311363174,0.00727430684491992,0.00021732390450779349,0.004239593166857958,0.040148548781871796
80,model.layers.22.mlp.gate_proj.weight,3584,1024,0.00027901785714285713,0.00025456261937506497,2.367576837539673,0.0010024093789979815,0.3022383153438568,0.0012187521206215024,0.16147741675376892,0.27330419421195984,0.008240691386163235,0.5818239450454712,1.524038553237915,0.0002904986613430083,6.811607360839844,0.0007119006477296352,0.0014346933458000422,0.0004353531985543668,0.23164322972297668,0.23411825299263,0.009163687005639076,0.4975644648075104,1.5066677331924438,,,,,,,,,,,,
80,model.layers.22.mlp.up_proj.weight,3584,1024,0.00027901785714285713,0.0003600606869440526,2.7365007400512695,0.0009295683121308684,0.6134585738182068,0.0016113364836201072,0.16864784061908722,0.30007266998291016,0.019274940714240074,0.5690503120422363,1.5044411420822144,0.0002821238595061004,6.145847320556641,0.00034331087954342365,0.0014390156138688326,0.001119900611229241,0.22151492536067963,0.2491975724697113,0.017189139500260353,0.49682873487472534,1.4917789697647095,,,,,,,,,,,,
80,model.layers.22.mlp.down_proj.weight,1024,3584,0.00027901785714285713,0.0003759835963137448,2.141899585723877,0.001037649461068213,0.600963830947876,0.00031172597664408386,0.09916061162948608,0.41671064496040344,0.0095222108066082,0.5636360049247742,1.4671138525009155,0.00027593053528107703,5.998757362365723,8.367365080630407e-05,0.0014458675868809223,0.00026174719096161425,0.2065720558166504,0.2770909368991852,0.008501422591507435,0.5485113263130188,1.463934302330017,8.0,0.06279051303863525,0.06939036399126053,0.8519301414489746,-1.93946179933846e-05,-0.0012413932709023356,0.9746748805046082,,-0.0066985744051635265,0.0004848034877795726,-0.0137477470561862,0.13510762155056
80,model.layers.1.linear_attn.in_proj_qkv.weight,6144,1024,0.00016276041666666666,0.00011941030970774591,2.1500039100646973,-0.0005097317043691874,0.4361281991004944,0.00179940031375736,0.16379414498806,0.28368449211120605,0.013225600123405457,0.5120463371276855,1.5363892316818237,0.00017194155952893198,16.746253967285156,0.0004946020781062543,0.0018535746494308114,0.00047067011473700404,0.24822381138801575,0.22749629616737366,0.010551391169428825,0.5023897886276245,1.5247853994369507,8.0,0.08022753894329071,0.07762834429740906,0.8502398133277893,-1.4074142200115602e-05,-0.0001750003721099347,0.18112921714782715,,-3.667332566692494e-05,-0.0005332913715392351,0.006156446412205696,0.05601530522108078
80,model.layers.1.linear_attn.out_proj.weight,1024,2048,0.00048828125,0.0017348573310300708,1.3104227781295776,-0.00026950344908982515,1.0346741676330566,0.0006487750797532499,0.09876184165477753,0.42738106846809387,0.02046900801360607,0.5938766002655029,1.4270846843719482,0.0004680198326241225,11.988187789916992,0.0004375314456410706,0.0010744774481281638,0.0003541921323630959,0.2331562042236328,0.24709047377109528,0.01816602237522602,0.5134832859039307,1.393074870109558,,,,,,,,,,,,
80,model.layers.12.linear_attn.in_proj_qkv.weight,6144,1024,0.00016276041666666666,6.913979450473562e-05,2.559617757797241,-0.00019297674589324743,0.5289438962936401,0.00019568031711969525,0.15872985124588013,0.2662288546562195,0.002837006002664566,0.5842286348342896,1.551274299621582,0.00012410020281095058,6.919327259063721,-0.00016269517072942108,0.0018741384847089648,0.0003854375390801579,0.2523479461669922,0.21867318451404572,0.00802862923592329,0.5054128170013428,1.5311883687973022,8.0,0.06616180390119553,0.07298380881547928,0.8809054493904114,1.2459378240237129e-06,0.0030517554841935635,0.17797031998634338,0.0004082692176607839,-0.002681682351976633,0.002521405229344964,0.0006223022355698049,0.07571826130151749
80,model.layers.12.linear_attn.out_proj.weight,1024,2048,0.00048828125,0.00029187300242483616,2.467590808868408,0.0005560413119383156,0.7695403695106506,5.3063256927998737e-05,0.1601499766111374,0.3531131148338318,0.015001077204942703,0.5716140866279602,1.4365841150283813,0.00044523528777062893,5.1666083335876465,7.465659291483462e-05,0.001094738719984889,0.00011066757724620402,0.2270290106534958,0.26427164673805237,0.01491293590515852,0.5187675952911377,1.4146969318389893,,,,,,,,,,,,
80,model.layers.21.linear_attn.in_proj_qkv.weight,6144,1024,0.00016276041666666666,0.00011907539737876505,2.4340906143188477,6.840299465693533e-05,0.1978130042552948,0.0010315540712326765,0.17882037162780762,0.2557260990142822,0.008288323879241943,0.5341339707374573,1.542296051979065,0.00014233046385925263,6.997137069702148,-8.035280188778415e-05,0.0018773663323372602,0.0005436359206214547,0.2245183140039444,0.2446129322052002,0.01178752537816763,0.4936859905719757,1.5221977233886719,8.0,0.07559061050415039,0.073318712413311,0.8774480223655701,1.0978173747844266e-07,-1.778614750946872e-05,0.029498176649212837,,0.001019708113744855,0.00018313266627956182,0.007960801012814045,0.06208508089184761
80,model.layers.21.linear_attn.out_proj.weight,1024,2048,0.00048828125,0.0003404240997042507,2.310023307800293,0.0006932568503543735,0.39139217138290405,0.00016156671335920691,0.1306704431772232,0.3743809461593628,0.006399619858711958,0.5479674935340881,1.4774366617202759,0.0004990777233615518,4.131889820098877,-0.0014236875576898456,0.0010828501544892788,0.00016506151587236673,0.2133668214082718,0.27426132559776306,0.008216733112931252,0.5367803573608398,1.4694483280181885,,,,,,,,,,,,
100,model.layers.7.self_attn.q_proj.weight,4096,1024,0.000244140625,0.0002843599359039217,1.9910528659820557,-0.0009412199724465609,0.7739853262901306,0.0010423813946545124,0.1879100501537323,0.2592434287071228,0.009045423939824104,0.5158045291900635,1.5362447500228882,0.00022730621276423335,7.131122589111328,0.0003140379558317363,0.0014770274283364415,0.0003493523981887847,0.26824483275413513,0.2031434029340744,0.009810085408389568,0.49613887071609497,1.5157368183135986,8.0,0.06510459631681442,0.07613013684749603,0.8528739809989929,5.4875163186807185e-05,0.007765692193061113,0.7867817282676697,0.007066358261770901,-0.0034746089950203896,0.0007606674334965646,-0.0013368093641474843,0.05814584344625473
100,model.layers.7.self_attn.k_proj.weight,512,1024,0.0009765625,0.0009451818186789751,4.181459426879883,-7.046463906590361e-06,0.5584921836853027,0.0006371739436872303,0.1953405737876892,0.2338624745607376,0.03216172754764557,0.6388225555419922,1.3196463584899902,0.0013023827923461795,8.161035537719727,0.0007232990465126932,0.0005256509175524116,0.0006392832729034126,0.27758198976516724,0.18502062559127808,0.015690868720412254,0.5152255296707153,1.340384602546692,,,,,,,,,,,,
100,model.layers.7.self_attn.v_proj.weight,512,1024,0.0009765625,0.0009340097894892097,1.6268850564956665,-0.000393758004065603,1.1573050022125244,0.00039673654828220606,0.14526395499706268,0.2380993515253067,0.0038141196127980947,0.7360984086990356,1.4413775205612183,0.0009719578665681183,5.0204925537109375,0.0007273591472767293,0.0005145994946360588,0.00037729903124272823,0.18896394968032837,0.21672436594963074,0.0073204925283789635,0.6772521734237671,1.4303362369537354,,,,,,,,,,,,
100,model.layers.7.self_attn.o_proj.weight,1024,2048,0.00048828125,0.00021267213742248714,1.8302826881408691,-0.00011978270049439743,1.8454859256744385,5.5997596064116806e-05,0.11867743730545044,0.4085533618927002,0.013878465630114079,0.5841508507728577,1.441367506980896,0.0003167722898069769,4.7273454666137695,0.0006410882342606783,0.0010419618338346481,0.00012969151430297643,0.18895909190177917,0.29410624504089355,0.017521874979138374,0.46970516443252563,1.4254777431488037,,,,,,,,,,,,
100,model.layers.15.self_attn.q_proj.weight,4096,1024,0.000244140625,0.00016117107588797808,1.535365104675293,0.00013716974353883415,1.2735261917114258,0.0002818583743646741,0.27452734112739563,0.1724545806646347,0.003071974264457822,0.40601685643196106,1.542850136756897,0.00024329496955033392,8.023272514343262,0.001086914329789579,0.0014761873753741384,0.0004435679584275931,0.2414615899324417,0.2300729751586914,0.01268368773162365,0.46152111887931824,1.5065020322799683,8.0,0.08195065706968307,0.08324119448661804,0.7822259664535522,-1.738843639031984e-05,-0.0017392328009009361,2.415493965148926,,-0.0004293011734262109,0.0001699967688182369,-0.012289184145629406,0.04342891275882721
100,model.layers.15.self_attn.k_proj.weight,512,1024,0.0009765625,0.0008361550280824304,1.9770970344543457,5.2748418966075405e-06,1.2201035022735596,3.945608841604553e-05,0.2335384637117386,0.25334632396698,0.0027060455176979303,0.5582941770553589,1.460343599319458,0.0008757833857089281,6.058769226074219,0.0007575252675451338,0.0005358593771234155,2.0744866560562514e-05,0.27856534719467163,0.2196701020002365,0.005651397164911032,0.4838453233242035,1.4539003372192383,,,,,,,,,,,,
100,model.layers.15.self_attn.v_proj.weight,512,1024,0.0009765625,0.0010655634105205536,1.7419192790985107,0.0020351484417915344,0.8318562507629395,5.853461698279716e-05,0.28084978461265564,0.1952444314956665,0.004258669447153807,0.5182529091835022,1.460410714149475,0.0010102501837536693,4.818509578704834,-0.0022884486243128777,0.0005219071754254401,0.000342283834470436,0.2186247706413269,0.2406115084886551,0.006264183204621077,0.5983960628509521,1.4517860412597656,,,,,,,,,,,,
100,model.layers.15.self_attn.o_proj.weight,1024,2048,0.00048828125,0.000412069697631523,1.803829312324524,0.0008334443555213511,1.216486930847168,3.5116045182803646e-05,0.10303331166505814,0.42152050137519836,0.011478303000330925,0.5358497500419617,1.437326192855835,0.00038646667962893844,4.823673248291016,-0.0004670504422392696,0.0010578761575743556,8.244926721090451e-05,0.19871148467063904,0.29648950695991516,0.018095260486006737,0.5110443830490112,1.4084759950637817,,,,,,,,,,,,
100,model.layers.19.self_attn.q_proj.weight,4096,1024,0.000244140625,0.00019402771431487054,2.6779556274414062,-0.0009705732227303088,0.47373446822166443,0.00033086564508266747,0.21097078919410706,0.24012957513332367,0.0071959118358790874,0.43060028553009033,1.5294536352157593,0.000272160250460729,6.140173435211182,-0.00067668198607862,0.0015195423038676381,0.0010277419351041317,0.2323531061410904,0.23885278403759003,0.02094312012195587,0.4649881422519684,1.4909981489181519,8.0,0.05906324461102486,0.06684793531894684,0.8830406069755554,2.766757916106144e-06,-0.0012844355078414083,0.31721246242523193,,-0.002163961296901107,-0.0004316726408433169,-0.0009507043869234622,0.07105621695518494
100,model.layers.19.self_attn.k_proj.weight,512,1024,0.0009765625,0.0012008383637294173,3.390681743621826,4.182237717031967e-06,0.44054290652275085,7.667873433092609e-05,0.25750309228897095,0.21381355822086334,0.007657368667423725,0.5596300363540649,1.396096110343933,0.0010862087365239859,6.491870880126953,0.0005676209693774581,0.0005385622498579323,0.0013123495737090707,0.28145402669906616,0.19980444014072418,0.025469129905104637,0.4605393707752228,1.3060272932052612,,,,,,,,,,,,
100,model.layers.19.self_attn.v_proj.weight,512,1024,0.0009765625,0.0006555916042998433,1.5420198440551758,0.0006239197100512683,0.41137683391571045,0.00034214946208521724,0.17303188145160675,0.22724738717079163,0.005061688367277384,0.616624653339386,1.4117149114608765,0.00118132377974689,4.580821514129639,0.004217077046632767,0.0005498465616255999,0.0007806295179761946,0.2129666954278946,0.27219074964523315,0.00968919787555933,0.6045717597007751,1.4060600996017456,,,,,,,,,,,,
100,model.layers.19.self_attn.o_proj.weight,1024,2048,0.00048828125,0.0005629203515127301,1.4821224212646484,0.0001874171575764194,0.8058367371559143,0.00010132443276233971,0.0729617029428482,0.49109122157096863,0.012037179432809353,0.6072753667831421,1.4599733352661133,0.0004030124400742352,6.585665225982666,0.0018422394059598446,0.0011014631018042564,0.00012423924636095762,0.1898016780614853,0.3058363199234009,0.013861100189387798,0.5704113841056824,1.4372780323028564,,,,,,,,,,,,
100,model.layers.1.mlp.gate_proj.weight,3584,1024,0.00027901785714285713,0.00034195755142718554,2.9605183601379395,0.0002641641185618937,0.578403115272522,0.0006674841279163957,0.16845355927944183,0.3084429204463959,0.009053354151546955,0.5254830121994019,1.520105004310608,0.00028089023544453084,19.82577133178711,-0.00012541646719910204,0.0014165808679535985,0.00022472393175121397,0.2524021565914154,0.23160475492477417,0.010125176049768925,0.4990958273410797,1.5109790563583374,,,,,,,,,,,,
100,model.layers.1.mlp.up_proj.weight,3584,1024,0.00027901785714285713,0.00022493454162031412,2.2864115238189697,0.0003307196602690965,1.0999507904052734,8.348068513441831e-05,0.13661685585975647,0.37157613039016724,0.007348034996539354,0.5316078662872314,1.5123460292816162,0.00027921219589188695,16.11057472229004,0.0004904258530586958,0.0014208838110789657,0.0001294427493121475,0.24919292330741882,0.23962213099002838,0.009834886528551579,0.5005088448524475,1.5151256322860718,,,,,,,,,,,,
100,model.layers.1.mlp.down_proj.weight,1024,3584,0.00027901785714285713,0.00025601842207834125,4.920854568481445,0.0003448372590355575,1.0513052940368652,0.0005750979180447757,0.1672731339931488,0.31719353795051575,0.012086252681910992,0.593754768371582,1.4528242349624634,0.0002760597853921354,24.03502082824707,0.0006265502306632698,0.001414654077962041,0.00027391788898967206,0.22881725430488586,0.2571505010128021,0.015137465670704842,0.5099368095397949,1.397504448890686,8.0,0.06668273359537125,0.06818487495183945,0.8960429430007935,3.912366082658991e-06,-0.0001720646396279335,2.4102325439453125,,0.0006680726655758917,-0.00016559238429181278,-0.002459748415276408,0.03397553414106369
100,model.layers.12.mlp.gate_proj.weight,3584,1024,0.00027901785714285713,0.00021777204528916627,2.7935314178466797,0.0006824290030635893,0.8213939070701599,0.0007912552100606263,0.17768798768520355,0.2547535300254822,0.006504441611468792,0.5672362446784973,1.527681589126587,0.0002649715752340853,6.838346481323242,0.0005314556765370071,0.0014219233999028802,0.0003491196548566222,0.2507636249065399,0.22153551876544952,0.009625366888940334,0.5040889382362366,1.5056246519088745,,,,,,,,,,,,
100,model.layers.12.mlp.up_proj.weight,3584,1024,0.00027901785714285713,0.00026653744862414896,2.580033540725708,0.000853487872518599,1.4121829271316528,0.0004913999582640827,0.20590467751026154,0.2686178684234619,0.009356620721518993,0.49546921253204346,1.5155972242355347,0.00028306443709880114,6.429757118225098,-0.0002018303202930838,0.0014235131675377488,0.0002835603372659534,0.2579771876335144,0.22221487760543823,0.009428300894796848,0.49475356936454773,1.5095369815826416,,,,,,,,,,,,
100,model.layers.12.mlp.down_proj.weight,1024,3584,0.00027901785714285713,0.0002462069096509367,4.450301647186279,0.0008137142285704613,1.5305709838867188,8.131075446726754e-05,0.1936749666929245,0.2997893989086151,0.011327027343213558,0.5527009963989258,1.4305188655853271,0.00025918218307197094,8.315940856933594,-0.00018707705021370202,0.0014283147174865007,0.00015153556887526065,0.22857747972011566,0.25996312499046326,0.017076797783374786,0.5051889419555664,1.3971017599105835,8.0,0.07639993727207184,0.07540318369865417,0.8726204633712769,-9.596669769962318e-06,0.01898595318198204,4.806607723236084,-0.0005054615735105522,-0.0002767305413726717,0.0004521562368609011,0.0024781872052699327,0.02601870708167553
100,model.layers.22.mlp.gate_proj.weight,3584,1024,0.00027901785714285713,0.0002219101443188265,2.5178723335266113,0.0014696117723360658,0.33583909273147583,0.0009798409882932901,0.18003614246845245,0.25092050433158875,0.007815936580300331,0.5412167906761169,1.5209258794784546,0.00028353522066026926,6.2993621826171875,0.0001128009389503859,0.0014486280269920826,0.000784407660830766,0.2259116768836975,0.23685768246650696,0.010674302466213703,0.50380539894104,1.5039119720458984,,,,,,,,,,,,
100,model.layers.22.mlp.up_proj.weight,3584,1024,0.00027901785714285713,0.0002360395883442834,2.8040506839752197,0.0012241406366229057,0.7755684852600098,0.0014490390894934535,0.1775398850440979,0.2877373993396759,0.01756695657968521,0.561623215675354,1.5040525197982788,0.00030204065842553973,6.003559112548828,0.0007876090239733458,0.0014696596190333366,0.000684068538248539,0.2234613597393036,0.24829810857772827,0.015315866097807884,0.4993661046028137,1.4920151233673096,,,,,,,,,,,,
100,model.layers.22.mlp.down_proj.weight,1024,3584,0.00027901785714285713,0.00046345809823833406,2.104954481124878,0.0013437570305541158,0.7730907201766968,0.00023377464094664901,0.09898149967193604,0.40654778480529785,0.007792624179273844,0.5528126955032349,1.4704869985580444,0.0002903078275267035,5.701503753662109,-0.00047303971950896084,0.0014721369370818138,0.00045960373245179653,0.2122820019721985,0.26781854033470154,0.011415467597544193,0.5316917300224304,1.4542499780654907,8.0,0.06530100107192993,0.06783933937549591,0.8503634333610535,6.027528797858395e-05,0.003782365471124649,1.6590526103973389,0.01593587093546031,0.0006045341724529862,-2.8555700737342704e-06,0.019570132717490196,0.14106032252311707
100,model.layers.1.linear_attn.in_proj_qkv.weight,6144,1024,0.00016276041666666666,0.00028278061654418707,2.349917411804199,-1.7698210967864725e-06,0.49444112181663513,0.0003236565971747041,0.16360878944396973,0.291136234998703,0.005733414553105831,0.5221567749977112,1.5380887985229492,0.00015660005738027394,19.272216796875,0.00035431463038548827,0.0018051950028166175,0.00031591238803230226,0.24710306525230408,0.2304873764514923,0.010384155437350273,0.5050974488258362,1.524433970451355,8.0,0.0657561793923378,0.06712212413549423,0.8872792720794678,4.220105256536044e-05,-0.0023209620267152786,0.2593914270401001,,-0.0021338555961847305,-0.0017948303138837218,-0.0002325252426089719,0.04461579769849777
100,model.layers.1.linear_attn.out_proj.weight,1024,2048,0.00048828125,0.0006812371429987252,1.2967660427093506,-4.523809548118152e-05,1.2867540121078491,0.0005446573486551642,0.08566877245903015,0.42913100123405457,0.015393482521176338,0.5914182066917419,1.4298534393310547,0.0004996524075977504,15.907135963439941,8.286062075057998e-05,0.0010547979036346078,0.00034898947342298925,0.2308511584997177,0.24984554946422577,0.015657229349017143,0.5188490152359009,1.4228922128677368,,,,,,,,,,,,
100,model.layers.12.linear_attn.in_proj_qkv.weight,6144,1024,0.00016276041666666666,7.419593021040782e-05,2.486051321029663,0.00018702993111219257,0.7660812735557556,0.00024674180895090103,0.15888454020023346,0.27404943108558655,0.0025286786258220673,0.5865136384963989,1.5523451566696167,0.00011558579717529938,7.698893070220947,0.00014334372826851904,0.0017898427322506905,0.00032867066329345107,0.24767546355724335,0.2234235405921936,0.008066893555223942,0.5118339657783508,1.5359247922897339,8.0,0.070741206407547,0.07232058048248291,0.8648638725280762,-8.368420481019712e-07,0.0028694365173578262,0.399428129196167,-0.0002916398543894375,0.0005131946527399123,0.000720400654245168,0.000527070602402091,0.07894241809844971
100,model.layers.12.linear_attn.out_proj.weight,1024,2048,0.00048828125,0.0003032806853298098,2.83111834526062,0.00010768161882879212,1.1933106184005737,5.765052992501296e-05,0.15887156128883362,0.3541233241558075,0.013300217688083649,0.5795896649360657,1.4400986433029175,0.00048426687135361135,5.324983596801758,0.0011693646665662527,0.0010657840175554156,0.00012069287186022848,0.22447596490383148,0.26594430208206177,0.014371993020176888,0.5236729979515076,1.4176353216171265,,,,,,,,,,,,
100,model.layers.21.linear_attn.in_proj_qkv.weight,6144,1024,0.00016276041666666666,0.00012746882566716522,2.7124884128570557,-5.289895852911286e-05,0.20375972986221313,0.0009439707500860095,0.17409175634384155,0.26615482568740845,0.007233235519379377,0.5637466907501221,1.5404874086380005,0.0001461957290302962,8.036100387573242,0.0004658418765757233,0.0018178517930209637,0.0006559891626238823,0.22766803205013275,0.2422209531068802,0.012137334793806076,0.4874720573425293,1.5227117538452148,8.0,0.07397636026144028,0.07206133008003235,0.8889099359512329,1.318793465543422e-06,0.0001915633911266923,0.03436876833438873,0.006884371057470084,0.0031667547300457954,0.0006124188657850027,0.0019252074416726828,0.04927949979901314
100,model.layers.21.linear_attn.out_proj.weight,1024,2048,0.00048828125,0.00040069129317998886,2.5625357627868652,0.0004498591588344425,0.47102823853492737,0.0002925400040112436,0.1320296972990036,0.3810858726501465,0.00892816111445427,0.5687341690063477,1.4673179388046265,0.0005042589618824422,3.8578498363494873,0.00011748872930184007,0.0010780658340081573,0.00014291070692706853,0.21029184758663177,0.27558833360671997,0.008232559077441692,0.5376309156417847,1.4666416645050049,,,,,,,,,,,,
120,model.layers.7.self_attn.q_proj.weight,4096,1024,0.000244140625,0.00013929697161074728,2.60221004486084,-2.8792164812330157e-05,0.5727831125259399,0.0008535711676813662,0.18346010148525238,0.26431480050086975,0.0081478888168931,0.5269926190376282,1.5362046957015991,0.0002232865954283625,6.944906711578369,0.0013598434161394835,0.001552709611132741,0.0005316101014614105,0.26636800169944763,0.20139078795909882,0.011458942666649818,0.49608972668647766,1.5162461996078491,8.0,0.06866486370563507,0.07456566393375397,0.845431923866272,6.018701242282987e-06,-0.000998353585600853,0.3579561710357666,,-0.003015638794749975,-0.00014543207362294197,-0.0031399508006870747,0.054516009986400604
120,model.layers.7.self_attn.k_proj.weight,512,1024,0.0009765625,0.0012445116881281137,4.0811333656311035,3.954936801164877e-06,0.45226913690567017,0.0009562192135490477,0.16209523379802704,0.2776316702365875,0.027596794068813324,0.6757689118385315,1.3496925830841064,0.001226839143782854,6.062951564788818,-0.005322786048054695,0.0005687468801625073,0.0008717284072190523,0.259220153093338,0.1961350440979004,0.01836335100233555,0.5368767976760864,1.3466562032699585,,,,,,,,,,,,
120,model.layers.7.self_attn.v_proj.weight,512,1024,0.0009765625,0.0008073063218034804,1.8504021167755127,0.0009020635043270886,0.7786442041397095,0.0004972423193976283,0.14512255787849426,0.24453485012054443,0.0051984540186822414,0.7271358966827393,1.4652163982391357,0.001109796459786594,5.190753936767578,0.0003915467532351613,0.0005356836481951177,0.00044118723599240184,0.18591547012329102,0.2240813970565796,0.007990340702235699,0.6770190596580505,1.432592749595642,,,,,,,,,,,,
120,model.layers.7.self_attn.o_proj.weight,1024,2048,0.00048828125,0.0002520403650123626,1.898082971572876,0.00027422167477197945,1.3619494438171387,4.677343167713843e-05,0.12090349197387695,0.4161028265953064,0.011930515058338642,0.6154465079307556,1.4404345750808716,0.00034932466223835945,4.20003604888916,0.0005478847306221724,0.0010825054487213492,0.0001368809025734663,0.1884833574295044,0.29293185472488403,0.019941819831728935,0.47661417722702026,1.3994230031967163,,,,,,,,,,,,
120,model.layers.15.self_attn.q_proj.weight,4096,1024,0.000244140625,0.00014308973914012313,2.642758846282959,-0.00012642235378734767,0.6258867383003235,0.0004355822457000613,0.19133681058883667,0.24936823546886444,0.004098313394933939,0.44133275747299194,1.5447800159454346,0.0002549088967498392,6.8232316970825195,0.001380567904561758,0.0014660874148830771,0.00044517056085169315,0.24058425426483154,0.23209966719150543,0.012770481407642365,0.4622364044189453,1.5054422616958618,8.0,0.0854862779378891,0.07332921773195267,0.872093141078949,5.190188403503271e-06,0.0034962771460413933,0.46097174286842346,0.001484489983690161,0.0022904800716787577,0.0005908205639570951,-0.008408471941947937,0.04842574894428253
120,model.layers.15.self_attn.k_proj.weight,512,1024,0.0009765625,0.000992062035948038,4.185442924499512,-6.155473784019705e-06,0.5372689366340637,9.462146408623084e-05,0.22947950661182404,0.24715881049633026,0.004084390122443438,0.5747273564338684,1.4586265087127686,0.001002933015115559,9.53432846069336,0.00014380700304172933,0.0005136548425070941,0.00023359080660156906,0.278422087430954,0.21729139983654022,0.008164647966623306,0.47703349590301514,1.4351450204849243,,,,,,,,,,,,
120,model.layers.15.self_attn.v_proj.weight,512,1024,0.0009765625,0.0008890880853869021,1.515535593032837,0.0008845903794281185,0.5431052446365356,0.00010109125287272036,0.19576576352119446,0.25778019428253174,0.005717220716178417,0.6361005902290344,1.4559342861175537,0.0012470782967284322,4.277775287628174,0.0023843920789659023,0.0005239443853497505,0.0006241599330678582,0.2076246589422226,0.24673770368099213,0.007200639229267836,0.6100793480873108,1.4288538694381714,,,,,,,,,,,,
120,model.layers.15.self_attn.o_proj.weight,1024,2048,0.00048828125,0.000434562040027231,1.63761305809021,0.00029065567650832236,0.9965876340866089,2.514602783776354e-05,0.07651451975107193,0.47065120935440063,0.00942210853099823,0.5885546803474426,1.4415218830108643,0.00040949363028630614,4.9581828117370605,0.0004848223179578781,0.0010341343004256487,7.694205123698339e-05,0.19787755608558655,0.29182007908821106,0.017687592655420303,0.511529266834259,1.403082251548767,,,,,,,,,,,,
120,model.layers.19.self_attn.q_proj.weight,4096,1024,0.000244140625,0.00016191396571230143,2.3584787845611572,-0.00015308560978155583,0.45521000027656555,0.00043520951294340193,0.20785807073116302,0.23666025698184967,0.007746668998152018,0.4182317852973938,1.52550208568573,0.00025201941025443375,7.2198920249938965,0.0009302091784775257,0.00146942725405097,0.0006938553415238857,0.23312515020370483,0.23626385629177094,0.01920025236904621,0.4603344798088074,1.4871454238891602,8.0,0.07190485298633575,0.07286537438631058,0.8423374891281128,-1.0219644536846317e-05,-0.0029451779555529356,0.3145132064819336,,-0.0071863033808767796,-0.001289375708438456,0.0013734754174947739,0.08356942981481552
120,model.layers.19.self_attn.k_proj.weight,512,1024,0.0009765625,0.001026025041937828,2.3623790740966797,2.1539931367442477e-06,0.4972987473011017,0.000672517460770905,0.226803719997406,0.2384980022907257,0.015382673591375351,0.5878444910049438,1.2836898565292358,0.0009625035454519093,7.447646617889404,0.0009125149226747453,0.0005220142193138599,0.0010078776394948363,0.275448203086853,0.20240220427513123,0.025698790326714516,0.46093299984931946,1.2576724290847778,,,,,,,,,,,,
120,model.layers.19.self_attn.v_proj.weight,512,1024,0.0009765625,0.0006728929001837969,1.514827847480774,0.0013210814213380218,0.4088398218154907,0.0011598923010751605,0.19269175827503204,0.21142379939556122,0.005798778962343931,0.5773593187332153,1.4365423917770386,0.0013177512446418405,4.809947490692139,-0.0019803675822913647,0.0005114901578053832,0.0009151166304945946,0.2170514017343521,0.271609902381897,0.009628531523048878,0.5894120335578918,1.4162788391113281,,,,,,,,,,,,
120,model.layers.19.self_attn.o_proj.weight,1024,2048,0.00048828125,0.0005138301057741046,1.4026362895965576,0.0004211525374557823,0.7656685709953308,6.274897896219045e-05,0.07634738087654114,0.513835072517395,0.006740938872098923,0.6344015598297119,1.4578872919082642,0.00040894493577070534,7.255574703216553,-0.00011347964755259454,0.0010442943312227726,0.00015595807053614408,0.18861058354377747,0.30417126417160034,0.012295480817556381,0.5803850889205933,1.4379130601882935,,,,,,,,,,,,
120,model.layers.1.mlp.gate_proj.weight,3584,1024,0.00027901785714285713,0.0002309272822458297,2.388627290725708,0.00017776059394236654,0.4932306110858917,0.0005317055038176477,0.16202312707901,0.32498589158058167,0.008580552414059639,0.5455634593963623,1.5203136205673218,0.0002621008607093245,15.772185325622559,0.0005327893304638565,0.0014334245352074504,0.00019971263827756047,0.25655364990234375,0.22727516293525696,0.01076838094741106,0.5000935792922974,1.5069811344146729,,,,,,,,,,,,
120,model.layers.1.mlp.up_proj.weight,3584,1024,0.00027901785714285713,0.00027805514400824904,1.9815350770950317,0.00018982458277605474,0.934943675994873,7.64564611017704e-05,0.1251145750284195,0.38803717494010925,0.009089193306863308,0.5400633215904236,1.5103352069854736,0.0002777542104013264,12.242469787597656,0.0005710827535949647,0.0014491082401946187,0.00012105021596653387,0.250279039144516,0.2379823625087738,0.010150943882763386,0.5019047260284424,1.5070394277572632,,,,,,,,,,,,
120,model.layers.1.mlp.down_proj.weight,1024,3584,0.00027901785714285713,0.0002900346298702061,3.0524532794952393,0.00019480049377307296,0.9089418649673462,0.002320388564839959,0.15053054690361023,0.3308015465736389,0.01982988975942135,0.6085941791534424,1.4166802167892456,0.0002954474766738713,16.048118591308594,0.000362763850716874,0.0014457235811278224,0.00025367882335558534,0.22808687388896942,0.2555910348892212,0.014838225208222866,0.5060771703720093,1.4252694845199585,8.0,0.0862451121211052,0.08136589080095291,0.8277671933174133,1.5034447642392479e-06,-0.0028039708267897367,1.6777477264404297,,0.0006147890235297382,3.154887235723436e-05,-0.003848865395411849,0.03957456722855568
120,model.layers.12.mlp.gate_proj.weight,3584,1024,0.00027901785714285713,0.00021880707936361432,2.4541757106781006,0.00128462677821517,0.6081229448318481,0.0017378292977809906,0.17954552173614502,0.2510431706905365,0.009842827916145325,0.5632079243659973,1.5248960256576538,0.00031731330091133714,6.229947566986084,-0.0011994766537100077,0.0014397735940292478,0.0008809677674435079,0.25495368242263794,0.21670889854431152,0.012494641356170177,0.4952290952205658,1.504175066947937,,,,,,,,,,,,
120,model.layers.12.mlp.up_proj.weight,3584,1024,0.00027901785714285713,0.0003649340942502022,2.450474262237549,0.000806012365501374,1.0378894805908203,0.000349367008311674,0.2007937878370285,0.2788568139076233,0.0077806506305933,0.5257515907287598,1.5233638286590576,0.00030959013383835554,5.8992085456848145,-0.00013100549404043704,0.0014267009682953358,0.00031452139955945313,0.2607502341270447,0.21730205416679382,0.009830266237258911,0.49697571992874146,1.5100654363632202,,,,,,,,,,,,
120,model.layers.12.mlp.down_proj.weight,1024,3584,0.00027901785714285713,0.0002476885565556586,4.823710918426514,0.0008584897150285542,1.0096440315246582,0.00013409764505922794,0.18948853015899658,0.30433911085128784,0.01836356893181801,0.5483102798461914,1.3916383981704712,0.00027270588907413185,7.338621616363525,-0.00019565703405532986,0.0014223316684365273,0.00016473954019602388,0.23080946505069733,0.2531704604625702,0.018977785483002663,0.4928736090660095,1.3779960870742798,8.0,0.0650259479880333,0.07656323909759521,0.8752593398094177,-5.004008016840089e-07,0.012279506772756577,2.029705047607422,-4.0750887714334144e-05,-0.00043255576747469604,0.0010086845140904188,0.015793539583683014,0.04676900431513786
120,model.layers.22.mlp.gate_proj.weight,3584,1024,0.00027901785714285713,0.0002500797563698143,2.5033295154571533,0.0012768730521202087,0.32106098532676697,0.0009218779159709811,0.1694679707288742,0.2694541811943054,0.00818725861608982,0.5734717845916748,1.517720341682434,0.0002817205968312919,6.694599628448486,-0.001102497335523367,0.001382926944643259,0.0015107747167348862,0.22529606521129608,0.2374572604894638,0.01291598379611969,0.5029391050338745,1.5046701431274414,,,,,,,,,,,,
120,model.layers.22.mlp.up_proj.weight,3584,1024,0.00027901785714285713,0.00029861810617148876,2.6027231216430664,0.0003534321440383792,0.6767735481262207,0.0009636232862249017,0.16568461060523987,0.31027984619140625,0.014242247678339481,0.5824258923530579,1.5104398727416992,0.0002803155221045017,6.617611885070801,0.0005219949525780976,0.001386052230373025,0.0005073390202596784,0.22181689739227295,0.252297043800354,0.013489769771695137,0.5008502006530762,1.4968746900558472,,,,,,,,,,,,
120,model.layers.22.mlp.down_proj.weight,1024,3584,0.00027901785714285713,0.00036203497438691556,2.156088352203369,0.0003797069366555661,0.678984522819519,0.0002355396718485281,0.09365757554769516,0.43126922845840454,0.009411090984940529,0.5789265036582947,1.4592578411102295,0.00028539326740428805,6.108516693115234,7.943798118503764e-05,0.0013940337812528014,0.000251046905759722,0.20806655287742615,0.2764453887939453,0.009285044856369495,0.5444681644439697,1.4644485712051392,8.0,0.07071396708488464,0.07236732542514801,0.8414193391799927,-5.197327118366957e-05,0.0034459582529962063,1.246002197265625,-0.01508238561464859,-0.001948480261489749,0.00014840249787084758,0.006595677230507135,0.12663578987121582
120,model.layers.1.linear_attn.in_proj_qkv.weight,6144,1024,0.00016276041666666666,0.00015760783571749926,2.185885429382324,0.0003704406844917685,0.4524236023426056,0.0008990514324977994,0.1722063422203064,0.2771695554256439,0.00839973334223032,0.5162463188171387,1.5332212448120117,0.0001536102790851146,19.676666259765625,0.000800127862021327,0.0019145976984873414,0.0003637618792708963,0.24962218105793,0.22711706161499023,0.009803468361496925,0.5037329196929932,1.524993658065796,8.0,0.10260729491710663,0.08714218437671661,0.8214820027351379,1.2819787116313819e-05,0.0025067657697945833,0.18673235177993774,0.005114074585981097,0.00503515126183629,0.0027862689457833767,-0.0036082775332033634,0.040179185569286346
120,model.layers.1.linear_attn.out_proj.weight,1024,2048,0.00048828125,0.0004539342480711639,1.3227307796478271,0.0005009301821701229,1.0419875383377075,0.0007331904489547014,0.08832354843616486,0.42816436290740967,0.018358241766691208,0.5863218903541565,1.4418163299560547,0.0004991874448023736,12.357460975646973,-0.00014529757027048618,0.0010888734832406044,0.00042134884279221296,0.23508965969085693,0.24660882353782654,0.015249374322593212,0.5067394971847534,1.4242111444473267,,,,,,,,,,,,
120,model.layers.12.linear_attn.in_proj_qkv.weight,6144,1024,0.00016276041666666666,7.221039413707331e-05,2.0022144317626953,1.669160155870486e-05,0.6439493894577026,0.00031612039310857654,0.1589260697364807,0.26213309168815613,0.0028399787843227386,0.5806947350502014,1.5526431798934937,0.00012442804290913045,6.597011566162109,0.0005712812417186797,0.0019043070496991277,0.00022186076967045665,0.2474471628665924,0.2208545207977295,0.00763404555618763,0.515448272228241,1.5363261699676514,8.0,0.08448901772499084,0.08253373950719833,0.8444396257400513,6.156414656288689e-06,0.002173306653276086,0.22216692566871643,0.0028327409052046966,0.006568677723407745,0.001958955079317093,-0.002864175010472536,0.07600100338459015
120,model.layers.12.linear_attn.out_proj.weight,1024,2048,0.00048828125,0.0003433500532992184,2.297572135925293,-0.00033676615566946566,0.8929024338722229,8.06013704277575e-05,0.15606775879859924,0.3551540672779083,0.0173807293176651,0.5726851224899292,1.442181944847107,0.0004893163568340242,5.061091423034668,0.0019702024292200804,0.0010841847397387028,0.00011672627442749217,0.22942468523979187,0.2593008577823639,0.017900658771395683,0.5111793875694275,1.393764853477478,,,,,,,,,,,,
120,model.layers.21.linear_attn.in_proj_qkv.weight,6144,1024,0.00016276041666666666,0.0001357497094431892,2.5935020446777344,0.00013269872579257935,0.17490462958812714,0.0021029904019087553,0.17681869864463806,0.25034815073013306,0.012488135136663914,0.5279207229614258,1.536779761314392,0.00015257805353030562,8.08983039855957,-0.0003086062497459352,0.0018468586495146155,0.0005787633126601577,0.22168897092342377,0.24859774112701416,0.011920775286853313,0.4985482096672058,1.5257112979888916,8.0,0.09275367110967636,0.07759872823953629,0.8691192269325256,1.2547534424811602e-06,0.0004676760290749371,0.02554941549897194,0.002682954362580998,0.0066470736637711525,0.003011374967172742,0.0009071083040907979,0.05767021328210831
120,model.layers.21.linear_attn.out_proj.weight,1024,2048,0.00048828125,0.0004738095449283719,2.0931942462921143,-1.179117043648148e-05,0.3716927468776703,0.00029260889277793467,0.12992870807647705,0.37643730640411377,0.007320039439946413,0.5598326921463013,1.4848692417144775,0.0005052164196968079,3.993321180343628,0.0006498951115645468,0.001049467478878796,0.00021843536524102092,0.20873451232910156,0.27751272916793823,0.009380120784044266,0.5432641506195068,1.4663100242614746,,,,,,,,,,,,
140,model.layers.7.self_attn.q_proj.weight,4096,1024,0.000244140625,0.0001301224110648036,1.7793958187103271,0.0006967656081542373,0.6095811128616333,0.0011301541235297918,0.16737094521522522,0.280492901802063,0.008361180312931538,0.5436540842056274,1.5329965353012085,0.00024038576520979404,7.989200592041016,0.0007517829071730375,0.0015383439604192972,0.0007637147791683674,0.2657691240310669,0.20332346856594086,0.012228760868310928,0.496883749961853,1.5132898092269897,8.0,0.08875389397144318,0.07517143338918686,0.8778657913208008,2.772725565591827e-06,0.006288975011557341,0.32008934020996094,0.00044088672009291643,0.005106673575937748,0.0020001346711069345,-0.0018986760405823588,0.062126897275447845
140,model.layers.7.self_attn.k_proj.weight,512,1024,0.0009765625,0.0009233416640199721,2.282517671585083,2.5727720185386715e-06,0.4467604458332062,0.00048062900896184146,0.13085739314556122,0.25836294889450073,0.016340991482138634,0.7540024518966675,1.344481110572815,0.0012477315030992031,11.32076358795166,0.003006936516612768,0.0005342144868336618,0.000528789300005883,0.2801761031150818,0.18612268567085266,0.015855440869927406,0.5103790760040283,1.351440668106079,,,,,,,,,,,,
140,model.layers.7.self_attn.v_proj.weight,512,1024,0.0009765625,0.0010388735681772232,1.4973057508468628,-0.00041219251579605043,0.867264986038208,0.0007413451676256955,0.1288170963525772,0.24801556766033173,0.005034125875681639,0.7640688419342041,1.4466112852096558,0.001321400166489184,5.417688846588135,0.0017115712398663163,0.000529664393980056,0.0012737576616927981,0.1825382560491562,0.2177220582962036,0.009245207533240318,0.6884782314300537,1.4269144535064697,,,,,,,,,,,,
140,model.layers.7.self_attn.o_proj.weight,1024,2048,0.00048828125,0.00019446422811597586,1.8022630214691162,-0.0001436361635569483,1.3022246360778809,6.589328404515982e-05,0.1339741051197052,0.3773629665374756,0.013582730665802956,0.5541741251945496,1.4296283721923828,0.00032965344144031405,5.21918249130249,0.0010474305599927902,0.0010704415617510676,9.037549170898274e-05,0.19062988460063934,0.28969046473503113,0.019720332697033882,0.4655323922634125,1.3849610090255737,,,,,,,,,,,,
140,model.layers.15.self_attn.q_proj.weight,4096,1024,0.000244140625,0.0001531158050056547,3.198301076889038,9.534956188872457e-05,0.7322003841400146,0.0006343993591144681,0.2356211245059967,0.21435679495334625,0.004448109306395054,0.4200901687145233,1.5461962223052979,0.0002470646577421576,7.623169422149658,0.0003397705440875143,0.0015778838424012065,0.00045562672312371433,0.24203835427761078,0.22875085473060608,0.012703821994364262,0.46826523542404175,1.5018458366394043,8.0,0.0721403956413269,0.07203617691993713,0.8711797595024109,4.060212631884497e-06,0.0053161983378231525,0.6911005973815918,0.0007637436329260526,0.004676640499383211,0.0009280922822654247,-0.004566247574985027,0.04569191113114357
140,model.layers.15.self_attn.k_proj.weight,512,1024,0.0009765625,0.000816988991573453,2.2003283500671387,7.149490556912497e-06,0.7885208129882812,5.9141511883353814e-05,0.20957621932029724,0.2893630266189575,0.0028840131126344204,0.6001501083374023,1.4754993915557861,0.0008312829304486513,7.375716209411621,0.00012665889516938478,0.0005607196944765747,4.138923395657912e-05,0.2779959738254547,0.21434812247753143,0.007090376690030098,0.47946009039878845,1.4399865865707397,,,,,,,,,,,,
140,model.layers.15.self_attn.v_proj.weight,512,1024,0.0009765625,0.001066829776391387,1.8442375659942627,0.0012019588612020016,0.6043964624404907,0.00010007176024373621,0.22468775510787964,0.23600758612155914,0.004891838878393173,0.6076149940490723,1.4731029272079468,0.0009605751256458461,5.045656204223633,0.0006973661365918815,0.000555215694475919,0.0003064858610741794,0.21789248287677765,0.23602592945098877,0.005894806236028671,0.5994176864624023,1.4469355344772339,,,,,,,,,,,,
140,model.layers.15.self_attn.o_proj.weight,1024,2048,0.00048828125,0.00044625959708355367,1.8156495094299316,0.0004470236599445343,0.9789841175079346,7.152281614253297e-05,0.09989721328020096,0.4290873408317566,0.024658117443323135,0.556132972240448,1.4173829555511475,0.00039807174471206963,5.084915637969971,0.0005140216671861708,0.001103747054003179,0.00010425969230709597,0.1998097002506256,0.28947117924690247,0.02377791330218315,0.5087045431137085,1.3891831636428833,,,,,,,,,,,,
140,model.layers.19.self_attn.q_proj.weight,4096,1024,0.000244140625,0.00021833799837622792,2.480881452560425,-0.0015690178843215108,0.4394650161266327,0.001110587501898408,0.19914643466472626,0.24917453527450562,0.011949514038860798,0.4416775405406952,1.5301017761230469,0.00024298278731293976,6.972162246704102,0.0005423910333774984,0.0015485688345506787,0.000587726361118257,0.2400895059108734,0.2331482470035553,0.018783029168844223,0.46079620718955994,1.4940605163574219,8.0,0.07559274137020111,0.07170157134532928,0.871094822883606,2.9369407457124908e-06,0.002909194678068161,0.262145459651947,0.0010095373705491426,0.0034779533743858337,0.0008604808244854212,0.0029859549831598997,0.08374383300542831
140,model.layers.19.self_attn.k_proj.weight,512,1024,0.0009765625,0.0012152718845754862,3.264760732650757,3.128870048385579e-06,0.4765424132347107,0.0006105643115006387,0.21340034902095795,0.2525251805782318,0.009862266480922699,0.6100190281867981,1.3724409341812134,0.0010389137314632535,8.774658203125,0.002184370532631874,0.0005641112802550197,0.0009364783763885498,0.2752346098423004,0.2057856321334839,0.020048992708325386,0.45583823323249817,1.307921290397644,,,,,,,,,,,,
140,model.layers.19.self_attn.v_proj.weight,512,1024,0.0009765625,0.0006618055631406605,1.4043395519256592,0.0013460326008498669,0.3929344117641449,0.001286148908548057,0.15604987740516663,0.24178017675876617,0.0064572524279356,0.6515840291976929,1.399043321609497,0.0008884012931957841,4.621962547302246,-0.001085705473087728,0.0005367421545088291,0.0004133832117076963,0.22002913057804108,0.26689982414245605,0.0076191602274775505,0.5847344398498535,1.4080291986465454,,,,,,,,,,,,
140,model.layers.19.self_attn.o_proj.weight,1024,2048,0.00048828125,0.0005314366426318884,1.4065990447998047,0.00046710745664313436,0.6771494746208191,0.00010793835099320859,0.07950025796890259,0.4707322120666504,0.015505976043641567,0.5752631425857544,1.4396530389785767,0.00041190264164470136,6.61025333404541,-4.7707075282232836e-05,0.001090961042791605,0.00016394900740124285,0.1898786425590515,0.30586668848991394,0.012829343788325787,0.571232795715332,1.4299707412719727,,,,,,,,,,,,
140,model.layers.1.mlp.gate_proj.weight,3584,1024,0.00027901785714285713,0.0009241608786396682,2.816927433013916,-0.00010147772991331294,0.3781897723674774,0.000432435394031927,0.17000292241573334,0.30259403586387634,0.007863028906285763,0.5219582319259644,1.5197372436523438,0.00026762476773001254,18.75697898864746,0.0002329138369532302,0.0014298747992143035,0.000256389903370291,0.2527821660041809,0.23140069842338562,0.009846258908510208,0.5017354488372803,1.5089349746704102,,,,,,,,,,,,
140,model.layers.1.mlp.up_proj.weight,3584,1024,0.00027901785714285713,0.0006370343035086989,2.3497581481933594,0.0002922153507824987,0.6987213492393494,9.076917922357097e-05,0.14674387872219086,0.35578882694244385,0.00876324251294136,0.5174100995063782,1.5146549940109253,0.0002799213398247957,14.729716300964355,0.0008657600847072899,0.0014226080384105444,0.0001413955178577453,0.24973668158054352,0.238258957862854,0.010303698480129242,0.5026215314865112,1.5073715448379517,,,,,,,,,,,,
140,model.layers.1.mlp.down_proj.weight,1024,3584,0.00027901785714285713,0.0002911234914790839,4.659215450286865,0.00028564786771312356,0.7154363393783569,0.000546353287063539,0.1588832437992096,0.32565852999687195,0.012090654112398624,0.6168392300605774,1.449540376663208,0.00031584277166984975,21.516008377075195,0.0008643403998576105,0.0014226880157366395,0.00020510260947048664,0.22648563981056213,0.2578549087047577,0.013718564063310623,0.5102902054786682,1.4343544244766235,8.0,0.05854857340455055,0.06864664703607559,0.8938328623771667,1.8212962459074333e-05,-0.0006898099090903997,1.0856456756591797,,-0.004673771094530821,-0.0001545936829643324,-0.0012914264807477593,0.04745328426361084
140,model.layers.12.mlp.gate_proj.weight,3584,1024,0.00027901785714285713,0.00021039207058493048,2.776676893234253,-0.00042966980254277587,0.5564802289009094,0.0013539922656491399,0.18318310379981995,0.24470792710781097,0.008493360131978989,0.5536625981330872,1.5225934982299805,0.00027847790624946356,6.985664367675781,0.002263411646708846,0.0014275058638304472,0.0005899016396142542,0.24958091974258423,0.22177502512931824,0.011208695359528065,0.5047067403793335,1.5066214799880981,,,,,,,,,,,,
140,model.layers.12.mlp.up_proj.weight,3584,1024,0.00027901785714285713,0.0002787476114463061,2.6387112140655518,-0.00047987711150199175,0.9272856712341309,0.0004806783690582961,0.20567183196544647,0.2699863314628601,0.009141531772911549,0.5122906565666199,1.5190509557724,0.0002838832442648709,6.5245819091796875,0.001379675348289311,0.001428864081390202,0.0003439809079281986,0.25233474373817444,0.22292083501815796,0.010661772452294827,0.5000700354576111,1.5083057880401611,,,,,,,,,,,,
140,model.layers.12.mlp.down_proj.weight,1024,3584,0.00027901785714285713,0.00026199614512734115,5.42087984085083,-0.0004834646242670715,0.9562340378761292,0.00019369945221114904,0.19541431963443756,0.30089208483695984,0.020654506981372833,0.5501571893692017,1.421185851097107,0.0002822594833560288,9.18429183959961,0.0015032219234853983,0.0014197379350662231,0.0001526088744867593,0.23258955776691437,0.25604164600372314,0.019738199189305305,0.4969348609447479,1.376387596130371,8.0,0.06513013690710068,0.06720968335866928,0.9082866907119751,2.274354119435884e-05,0.00584212364628911,1.8715218305587769,0.0038930263327797646,0.004201714880764484,0.00040156577597372234,-0.0005793592426925898,0.03673972189426422
140,model.layers.22.mlp.gate_proj.weight,3584,1024,0.00027901785714285713,0.0003495494893286377,2.036696434020996,0.0021946870256215334,0.28632208704948425,0.0019504149677231908,0.16050876677036285,0.28053465485572815,0.011669211089611053,0.5672845244407654,1.5187104940414429,0.0002747511025518179,6.612253665924072,0.001769449794664979,0.0014022289542481303,0.0005493824137374759,0.22509190440177917,0.23957523703575134,0.010285702534019947,0.5033103227615356,1.5069936513900757,,,,,,,,,,,,
140,model.layers.22.mlp.up_proj.weight,3584,1024,0.00027901785714285713,0.00022740408894605935,1.8319295644760132,0.001961339730769396,0.6681964993476868,0.0015364437131211162,0.17138603329658508,0.289824903011322,0.019680405035614967,0.5361461043357849,1.5078896284103394,0.0003195391327608377,5.972720623016357,9.727241558721289e-05,0.001417874009348452,0.00085793761536479,0.2161480039358139,0.2545505464076996,0.015277418307960033,0.5116599202156067,1.4992046356201172,,,,,,,,,,,,
140,model.layers.22.mlp.down_proj.weight,1024,3584,0.00027901785714285713,0.0005575063987635076,2.0100276470184326,0.002280676504597068,0.6297438740730286,0.0002670047397259623,0.09737535566091537,0.4172919690608978,0.007821304723620415,0.5699293613433838,1.4563751220703125,0.00031623069662600756,5.695847511291504,0.0001561057142680511,0.0014269457897171378,0.0001770254602888599,0.20773197710514069,0.27552706003189087,0.008085725829005241,0.5439432263374329,1.468605875968933,8.0,0.07314658164978027,0.07187195122241974,0.8621000647544861,7.514796016039327e-05,0.025234948843717575,0.9745670557022095,0.002977931939778903,0.0032935026101768017,0.0031298352405428886,0.0038790572434663773,0.12956731021404266
140,model.layers.1.linear_attn.in_proj_qkv.weight,6144,1024,0.00016276041666666666,9.327354928245768e-05,2.392404317855835,0.0004037267353851348,0.32392042875289917,0.0007912311120890081,0.16938519477844238,0.28120580315589905,0.008919676765799522,0.5221390724182129,1.5363481044769287,0.0001483196538174525,18.853975296020508,0.0010373949771746993,0.0018382305279374123,0.0005311486893333495,0.2432575821876526,0.2295626401901245,0.010903632268309593,0.5086387991905212,1.522266149520874,8.0,0.06416057050228119,0.06901122629642487,0.9007284045219421,-4.797559086000547e-06,-0.00011711301340255886,0.09624798595905304,,-0.0010384685592725873,-0.0003149480326101184,0.00686263432726264,0.05344904214143753
140,model.layers.1.linear_attn.out_proj.weight,1024,2048,0.00048828125,0.0008073181961663067,1.2629432678222656,0.0005647746729664505,0.8927457928657532,0.00037973784492351115,0.08573908358812332,0.43891817331314087,0.011462414637207985,0.5970668792724609,1.4425324201583862,0.0005978391272947192,15.64240837097168,0.002295383485034108,0.001066295662894845,0.0005226287757977843,0.23207558691501617,0.24789012968540192,0.015878433361649513,0.516822099685669,1.4300538301467896,,,,,,,,,,,,
140,model.layers.12.linear_attn.in_proj_qkv.weight,6144,1024,0.00016276041666666666,6.52262315270491e-05,2.10345458984375,-0.00035574077628552914,0.5578147172927856,0.0003466084017418325,0.1613283008337021,0.2636021375656128,0.0029111788608133793,0.5716918110847473,1.5529106855392456,0.00011975670349784195,7.667752742767334,0.0005110463825985789,0.001856117625720799,0.0005628537037409842,0.25420740246772766,0.2163119614124298,0.009729668498039246,0.5002972483634949,1.5319360494613647,8.0,0.07026413828134537,0.07211506366729736,0.8850728273391724,2.8891091119476187e-07,0.0019383886829018593,0.17440643906593323,0.00014904694488942672,0.0010927366092801094,0.0012028870405629277,0.004894136916846037,0.08564458787441254
140,model.layers.12.linear_attn.out_proj.weight,1024,2048,0.00048828125,0.00033290431019850075,2.660674810409546,-0.0001846067316364497,0.7841896414756775,7.950775034260005e-05,0.15511414408683777,0.3529960513114929,0.02413615770637989,0.5856625437736511,1.4311126470565796,0.00046128261601552367,6.579968452453613,0.0008601794834248722,0.0010623028501868248,0.00011721772170858458,0.22390270233154297,0.264110267162323,0.01793946698307991,0.5190201997756958,1.3971631526947021,,,,,,,,,,,,
140,model.layers.21.linear_attn.in_proj_qkv.weight,6144,1024,0.00016276041666666666,0.00010195871436735615,2.734562397003174,-0.00035138201201334596,0.14974245429039001,0.0006534313433803618,0.16358232498168945,0.27506160736083984,0.005796374287456274,0.5666977167129517,1.5435419082641602,0.00013143439718987793,7.534155368804932,0.0006469719810411334,0.001849885331466794,0.0003584889054764062,0.22290511429309845,0.24519990384578705,0.010441627353429794,0.4957635700702667,1.5259157419204712,8.0,0.06539735943078995,0.06530775129795074,0.8968839645385742,-3.627808098372043e-08,-6.589181430172175e-05,0.02016260102391243,,0.00015248061390593648,-0.00022760735009796917,0.014854608103632927,0.07074619084596634
140,model.layers.21.linear_attn.out_proj.weight,1024,2048,0.00048828125,0.00038033275632187724,2.218928337097168,0.0006785333389416337,0.35578423738479614,0.0002387740241829306,0.1319490373134613,0.3657684326171875,0.009096777066588402,0.5421185493469238,1.458450198173523,0.00048011873150244355,4.063836097717285,-0.00030588876688852906,0.0010651444317772985,0.00019442493794485927,0.21160776913166046,0.27482905983924866,0.00908201839774847,0.537195086479187,1.4593309164047241,,,,,,,,,,,,
160,model.layers.7.self_attn.q_proj.weight,4096,1024,0.000244140625,0.00012830850027967244,2.05132794380188,-0.00016555118781980127,0.5012895464897156,0.0006506397621706128,0.17496828734874725,0.2665250599384308,0.006651218980550766,0.5274222493171692,1.539917230606079,0.0002235313004348427,7.077965259552002,0.0010494658490642905,0.0015434802044183016,0.000708164123352617,0.27457791566848755,0.19830186665058136,0.011565995402634144,0.48569709062576294,1.5169733762741089,8.0,0.06856546550989151,0.06865348666906357,0.893187403678894,9.315992429037578e-06,0.0011595922987908125,0.23464959859848022,0.00803385158624459,0.0037486236542463303,0.00042789094732142985,0.0014205481857061386,0.06676556169986725
160,model.layers.7.self_attn.k_proj.weight,512,1024,0.0009765625,0.0011316378368064761,2.5649147033691406,8.675393473822623e-06,0.3621695339679718,0.0017409557476639748,0.1538870632648468,0.2360488772392273,0.03109455667436123,0.7059429287910461,1.3060200214385986,0.0011954429792240262,9.938740730285645,0.0022100487258285284,0.0005358053022064269,0.0002626043278723955,0.2931590974330902,0.1824786216020584,0.0162223931401968,0.48999133706092834,1.371498703956604,,,,,,,,,,,,
160,model.layers.7.self_attn.v_proj.weight,512,1024,0.0009765625,0.0009202870423905551,1.7213181257247925,3.67763641406782e-05,0.6424476504325867,0.0002910120238084346,0.12204719334840775,0.24676178395748138,0.00321089755743742,0.78376704454422,1.4572316408157349,0.0010347355855628848,3.9263243675231934,0.002992406254634261,0.0005524430307559669,0.0003900440933648497,0.17628684639930725,0.21987773478031158,0.007224780507385731,0.7043504118919373,1.4307211637496948,,,,,,,,,,,,
160,model.layers.7.self_attn.o_proj.weight,1024,2048,0.00048828125,0.00023074651835486293,2.154636859893799,1.2302974027988967e-05,1.0272717475891113,5.1304854423506185e-05,0.12911391258239746,0.39520248770713806,0.01814660243690014,0.5860223174095154,1.425338625907898,0.00029582911520265043,4.506552696228027,0.0009274167823605239,0.0010907561518251896,0.00019744799647014588,0.19034656882286072,0.2822534441947937,0.03305753320455551,0.45425137877464294,1.355100154876709,,,,,,,,,,,,
160,model.layers.15.self_attn.q_proj.weight,4096,1024,0.000244140625,0.00014509036554954946,3.1198627948760986,6.625643436564133e-05,0.533769965171814,0.0004862952046096325,0.19918285310268402,0.25198325514793396,0.0056332857348024845,0.4516812264919281,1.543436884880066,0.00025411215028725564,7.382815837860107,0.0011231671087443829,0.0015169329708442092,0.0006269311415962875,0.24004043638706207,0.2323264181613922,0.014228795655071735,0.4622848927974701,1.5086671113967896,8.0,0.07720102369785309,0.06986899673938751,0.8922356963157654,6.7970231611980125e-06,0.0020003989338874817,0.31534239649772644,0.0033978338250705803,0.0016360754380002618,0.00080962193896994,-0.003923980053514242,0.04800806939601898
160,model.layers.15.self_attn.k_proj.weight,512,1024,0.0009765625,0.0009523127228021622,4.2352752685546875,-4.419734068505932e-06,0.44757699966430664,0.0002123943268088624,0.226925790309906,0.2492411881685257,0.0047630975022912025,0.5905193090438843,1.4559653997421265,0.0009903006721287966,10.225702285766602,0.0016231364570558071,0.0005205973866395652,7.202712731668726e-05,0.28335705399513245,0.21345768868923187,0.007368395105004311,0.4806019365787506,1.4235140085220337,,,,,,,,,,,,
160,model.layers.15.self_attn.v_proj.weight,512,1024,0.0009765625,0.0009126701042987406,1.6527607440948486,0.0008502309210598469,0.4660525918006897,0.00014451351307798177,0.17089536786079407,0.27619826793670654,0.0054267034865915775,0.6748579144477844,1.4461826086044312,0.0009939197916537523,4.336983680725098,-0.0010421138722449541,0.0005503498250618577,0.00025558716151863337,0.20728659629821777,0.24203696846961975,0.006199030205607414,0.6131443977355957,1.424160361289978,,,,,,,,,,,,
160,model.layers.15.self_attn.o_proj.weight,1024,2048,0.00048828125,0.00041882050572894514,1.6491643190383911,0.0002797940105665475,0.8555423617362976,3.371280035935342e-05,0.0789160504937172,0.47568970918655396,0.014923310838639736,0.5914974212646484,1.4367412328720093,0.0003881262964569032,4.830552577972412,-0.00020739126193802804,0.0011071439366787672,9.2042435426265e-05,0.20007362961769104,0.29173123836517334,0.016044005751609802,0.5086361169815063,1.4045339822769165,,,,,,,,,,,,
160,model.layers.19.self_attn.q_proj.weight,4096,1024,0.000244140625,0.00015473287203349173,2.062079906463623,0.0005549352499656379,0.38616541028022766,0.000714879366569221,0.22516947984695435,0.21513426303863525,0.00952993892133236,0.3840990960597992,1.5247358083724976,0.00025448479573242366,6.836413860321045,-0.0003988316748291254,0.0015399821568280458,0.0006536258733831346,0.23781204223632812,0.2371126413345337,0.017712557688355446,0.4643571376800537,1.4962807893753052,8.0,0.06545142084360123,0.07141648977994919,0.8607394099235535,-2.9721795726800337e-06,-0.001246999716386199,0.1855553686618805,,-0.0029924383852630854,-0.0004399942117743194,0.001133161480538547,0.09496130049228668
160,model.layers.19.self_attn.k_proj.weight,512,1024,0.0009765625,0.0010587774449959397,2.118732452392578,-8.68823690325371e-07,0.41861867904663086,0.0004938776837661862,0.22797778248786926,0.22435560822486877,0.010691800154745579,0.6183339357376099,1.3424698114395142,0.0011198276188224554,8.231821060180664,0.00419163191691041,0.0005378983914852142,0.00039450693293474615,0.2843565344810486,0.20148497819900513,0.019381610676646233,0.45719242095947266,1.3422906398773193,,,,,,,,,,,,
160,model.layers.19.self_attn.v_proj.weight,512,1024,0.0009765625,0.0006514727137982845,1.5447652339935303,-0.0014710191171616316,0.31162115931510925,0.0016101867659017444,0.16420364379882812,0.23181697726249695,0.008087779395282269,0.6156917214393616,1.4158697128295898,0.0010319442953914404,4.774238109588623,0.0017292387783527374,0.0005409176228567958,0.0004966798005625606,0.22247853875160217,0.2641439735889435,0.008967289701104164,0.5832828879356384,1.3962702751159668,,,,,,,,,,,,
160,model.layers.19.self_attn.o_proj.weight,1024,2048,0.00048828125,0.0004022556240670383,1.4148035049438477,-0.00048017915105447173,0.5699227452278137,8.640450687380508e-05,0.07231509685516357,0.49390214681625366,0.01006820984184742,0.6041231155395508,1.4479326009750366,0.00040768960025161505,6.872440338134766,0.0012410151539370418,0.0010854791617020965,0.0001462403597543016,0.190321683883667,0.30251091718673706,0.01635686680674553,0.5689331889152527,1.4255926609039307,,,,,,,,,,,,
160,model.layers.1.mlp.gate_proj.weight,3584,1024,0.00027901785714285713,0.0002187974750995636,3.010315418243408,0.00025985713000409305,0.32308441400527954,0.00017517841479275376,0.17275598645210266,0.29881560802459717,0.0070360503159463406,0.5173543095588684,1.5161634683609009,0.00028858002042397857,16.100486755371094,0.0010435732547193766,0.0014172968221828341,0.00023756464361213148,0.2552713453769684,0.22791741788387299,0.010764328762888908,0.496451735496521,1.5047541856765747,,,,,,,,,,,,
160,model.layers.1.mlp.up_proj.weight,3584,1024,0.00027901785714285713,0.0007511869771406054,2.4686548709869385,0.00020852692250628024,0.5972936153411865,8.281092596007511e-05,0.1486874222755432,0.3445875644683838,0.009435896761715412,0.5093971490859985,1.5075056552886963,0.00026706146309152246,13.163054466247559,0.0012492211535573006,0.0014206516789272428,0.00015498478023801,0.25153613090515137,0.23621441423892975,0.010964851826429367,0.4991299510002136,1.5001518726348877,,,,,,,,,,,,
160,model.layers.1.mlp.down_proj.weight,1024,3584,0.00027901785714285713,0.00027651683194562793,4.780221939086914,0.00020390427380334586,0.6038116216659546,0.001151064527221024,0.16551324725151062,0.31268733739852905,0.013727019540965557,0.6060518026351929,1.4393705129623413,0.0002814911713358015,19.705890655517578,0.0008595597464591265,0.0014214826514944434,0.0002876390644814819,0.22789733111858368,0.2572237551212311,0.013737455010414124,0.510865330696106,1.4251413345336914,8.0,0.0712173581123352,0.06885688751935959,0.9074460864067078,7.160346285672858e-06,0.006576195824891329,0.7363144755363464,0.001088828020992088,0.0015038594137877226,0.0010027551325038075,0.0014832179294899106,0.04419844225049019
160,model.layers.12.mlp.gate_proj.weight,3584,1024,0.00027901785714285713,0.00018184467626269907,2.6333563327789307,2.36011123888602e-06,0.43124276399612427,0.0004291570803616196,0.1686307191848755,0.26919493079185486,0.004863285925239325,0.5966077446937561,1.5284881591796875,0.00028408903745003045,6.646243095397949,-0.00015548209194093943,0.0014202863676473498,0.00040734943468123674,0.2537204921245575,0.21870557963848114,0.009221607819199562,0.50095134973526,1.5116623640060425,,,,,,,,,,,,
160,model.layers.12.mlp.up_proj.weight,3584,1024,0.00027901785714285713,0.00028690689941868186,2.5786144733428955,-0.0003026737249456346,0.7424529194831848,0.0002545477473177016,0.2018646001815796,0.27545058727264404,0.007673248648643494,0.51195228099823,1.5133631229400635,0.0002800121146719903,6.029650688171387,0.0008916625520214438,0.0014331015991047025,0.0003072903782594949,0.25743505358695984,0.220953568816185,0.00997831393033266,0.49577346444129944,1.5073719024658203,,,,,,,,,,,,
160,model.layers.12.mlp.down_proj.weight,1024,3584,0.00027901785714285713,0.00024657329777255654,4.9600019454956055,-0.0003053043910767883,0.7589532136917114,0.00012374653306324035,0.19075162708759308,0.30623847246170044,0.0168378297239542,0.55586177110672,1.4143933057785034,0.0002829106233548373,8.305008888244629,0.0010839954484254122,0.0014285335782915354,0.00015604228246957064,0.23241139948368073,0.25607725977897644,0.01788170449435711,0.4978240132331848,1.4048843383789062,8.0,0.06249251589179039,0.06912920624017715,0.9090614914894104,-3.894630026479717e-06,0.00751913245767355,1.1624494791030884,-0.0005179626836477797,-0.003028826555237174,0.0008882270776666701,0.00080344348680228,0.0356995090842247
160,model.layers.22.mlp.gate_proj.weight,3584,1024,0.00027901785714285713,0.00032708095386624336,2.7665817737579346,0.0006105220527388155,0.26111263036727905,0.0007761181914247572,0.19093532860279083,0.2379627674818039,0.007159349974244833,0.5209935903549194,1.5193670988082886,0.00027146918000653386,6.581149578094482,0.0010023837676271796,0.0014591616345569491,0.0003641913353931159,0.23088204860687256,0.23161561787128448,0.00889088585972786,0.4974716603755951,1.5106279850006104,,,,,,,,,,,,
160,model.layers.22.mlp.up_proj.weight,3584,1024,0.00027901785714285713,0.00022227675071917474,2.948986530303955,0.0003823446750175208,0.5557148456573486,0.0009074831614270806,0.17342084646224976,0.2977476119995117,0.014522519893944263,0.5748012661933899,1.504473328590393,0.0002787156554404646,6.470780372619629,0.00013615351053886116,0.0014526763698086143,0.00043637267663143575,0.2233031541109085,0.24851450324058533,0.01398609858006239,0.5025018453598022,1.4947007894515991,,,,,,,,,,,,
160,model.layers.22.mlp.down_proj.weight,1024,3584,0.00027901785714285713,0.00048101189895533025,2.3493902683258057,0.0004145559505559504,0.5551796555519104,9.011701331473887e-05,0.10565021634101868,0.41517174243927,0.005982803646475077,0.575970470905304,1.4708629846572876,0.0003049424267373979,5.991211414337158,-3.185261084581725e-05,0.0014615540858358145,0.00023650946968700737,0.2091732621192932,0.2751155495643616,0.00925902184098959,0.5421957969665527,1.4624792337417603,8.0,0.073442243039608,0.06556224822998047,0.8534424304962158,1.455416077078553e-05,-0.010020126588642597,0.9039778709411621,,-0.0010282613802701235,-0.0014290965627878904,-0.011133270338177681,0.12420157343149185
160,model.layers.1.linear_attn.in_proj_qkv.weight,6144,1024,0.00016276041666666666,0.00014547842147294432,2.4720544815063477,0.000574234698433429,0.29253119230270386,0.0005230753449723125,0.17154712975025177,0.276865690946579,0.0064064208418130875,0.5136889219284058,1.5412527322769165,0.00016665732255205512,19.728351593017578,0.0012071918463334441,0.001861787517555058,0.00023563943977933377,0.24635902047157288,0.22816848754882812,0.010009042918682098,0.5064480900764465,1.525954246520996,8.0,0.06555316597223282,0.06560108810663223,0.9039755463600159,-1.7798486169340322e-06,0.00017735190340317786,0.08358543366193771,-0.010035689399328657,-0.004810338374227285,-3.0285746106528677e-05,-0.004908382892608643,0.04499654099345207
160,model.layers.1.linear_attn.out_proj.weight,1024,2048,0.00048828125,0.0020286415237933397,1.2806856632232666,-0.00031429127557203174,0.747331976890564,0.00048688045353628695,0.08888773620128632,0.43193450570106506,0.014384772628545761,0.5885013937950134,1.4260008335113525,0.0005740484339185059,13.753273963928223,0.002330030081793666,0.0010582812828943133,0.0007100921939127147,0.22876660525798798,0.2499203234910965,0.01984129473567009,0.5171412825584412,1.371721625328064,,,,,,,,,,,,
160,model.layers.12.linear_attn.in_proj_qkv.weight,6144,1024,0.00016276041666666666,6.943021435290575e-05,2.309485912322998,-1.1308561624900904e-05,0.46736446022987366,0.0004375174466986209,0.15844888985157013,0.2655433118343353,0.0037074184510856867,0.5956802368164062,1.551254153251648,0.00012190627603558823,7.06035041809082,-0.0002968328772112727,0.0018756964709609747,0.00033351421006955206,0.25012466311454773,0.21991035342216492,0.00801396369934082,0.5086010098457336,1.5366843938827515,8.0,0.07209965586662292,0.06840597093105316,0.8857334852218628,7.653325724277238e-07,0.0008071419433690608,0.1381443738937378,0.0009482007207222784,0.005025537684559822,0.0002896719961427152,-0.005346997175365686,0.08211711049079895
160,model.layers.12.linear_attn.out_proj.weight,1024,2048,0.00048828125,0.0002987344632856548,2.412862777709961,-5.160076398169622e-05,0.6663756370544434,8.946027082856745e-05,0.1538373976945877,0.3634646534919739,0.014720143750309944,0.589751660823822,1.423012137413025,0.00046159280464053154,6.035762786865234,0.00048818887444213033,0.001080778194591403,0.0001369080855511129,0.22500015795230865,0.265798419713974,0.016188643872737885,0.5223666429519653,1.4108680486679077,,,,,,,,,,,,
160,model.layers.21.linear_attn.in_proj_qkv.weight,6144,1024,0.00016276041666666666,0.00010352668323321268,2.549133777618408,0.00034786848118528724,0.1797553449869156,0.00045382208190858364,0.1895674467086792,0.23972520232200623,0.004439403302967548,0.5190508961677551,1.5446723699569702,0.00014270516112446785,8.046618461608887,0.0009480261360295117,0.0018811573972925544,0.0008983971201814711,0.2239648699760437,0.24508365988731384,0.013675217516720295,0.48965945839881897,1.5206154584884644,8.0,0.0738883838057518,0.07421990483999252,0.8770155906677246,4.5694397954321175e-07,0.0009053822141140699,0.02733120322227478,0.0005046973227658755,0.005642300937324762,0.007152489852160215,0.009556981734931469,0.0704791471362114
160,model.layers.21.linear_attn.out_proj.weight,1024,2048,0.00048828125,0.0003411554789636284,2.5503623485565186,0.0008965218439698219,0.3413844704627991,0.00014083900896366686,0.13359634578227997,0.36773616075515747,0.0062350197695195675,0.5406713485717773,1.4779773950576782,0.0005244335043244064,4.037824630737305,0.00028667142032645643,0.0010848146630451083,0.00018687752890400589,0.2083001583814621,0.2795639932155609,0.007788988295942545,0.5437998175621033,1.4712895154953003,,,,,,,,,,,,
180,model.layers.7.self_attn.q_proj.weight,4096,1024,0.000244140625,0.0001373404957121238,1.9653419256210327,-0.0009459665161557496,0.8813393115997314,0.0011680747848004103,0.16924616694450378,0.2762982249259949,0.008753824047744274,0.5429154634475708,1.536324381828308,0.00022119957429822534,7.1089768409729,-0.0011237040162086487,0.0015594353899359703,0.000583503395318985,0.2704581618309021,0.20224574208259583,0.010172491893172264,0.49099451303482056,1.5210472345352173,8.0,0.07986773550510406,0.0791945606470108,0.8575404286384583,2.7833657441078685e-05,0.010131711140275002,0.6894935369491577,0.0027471822928740947,0.007247731555253267,0.0016835544956848025,-0.004463050980120897,0.05872027948498726
180,model.layers.7.self_attn.k_proj.weight,512,1024,0.0009765625,0.0009760865359567106,3.337190628051758,-6.73327258482459e-06,0.7132747769355774,0.000803520786575973,0.13820604979991913,0.27187690138816833,0.018822571262717247,0.7301649451255798,1.381111741065979,0.0012119989842176437,8.467646598815918,0.0013370969099923968,0.0005565642495639622,0.0006641297368332744,0.28188347816467285,0.18996602296829224,0.014283725060522556,0.5133486986160278,1.376245379447937,,,,,,,,,,,,
180,model.layers.7.self_attn.v_proj.weight,512,1024,0.0009765625,0.000739938230253756,1.6418341398239136,0.0021520270965993404,1.0521541833877563,0.0003459442814346403,0.13294988870620728,0.2536584734916687,0.0030548879876732826,0.7576572895050049,1.4496318101882935,0.0009824683656916022,4.162338733673096,0.00029493164038285613,0.000556949176825583,0.000502678332850337,0.17590968310832977,0.22316096723079681,0.007507840171456337,0.7005783319473267,1.4308977127075195,,,,,,,,,,,,
180,model.layers.7.self_attn.o_proj.weight,1024,2048,0.00048828125,0.00022767695190850645,1.7150720357894897,0.0007322446326725185,1.6506606340408325,9.355989459436387e-05,0.13975003361701965,0.37140727043151855,0.01693359762430191,0.5463376641273499,1.4237979650497437,0.00033115074620582163,4.159780502319336,0.000559643201995641,0.0011045319261029363,0.00015249689749907702,0.1914181113243103,0.286424458026886,0.02164679951965809,0.46337518095970154,1.4051361083984375,,,,,,,,,,,,
180,model.layers.15.self_attn.q_proj.weight,4096,1024,0.000244140625,0.00012864134623669088,2.5672664642333984,-4.7793488192837685e-05,0.8839759826660156,0.00017608994676265866,0.20338843762874603,0.23865047097206116,0.0034974529407918453,0.42446720600128174,1.5437601804733276,0.00025514443404972553,7.678945064544678,0.00028998820926062763,0.0015312767354771495,0.0003623068332672119,0.24050752818584442,0.22919300198554993,0.012507056817412376,0.45749616622924805,1.502813696861267,8.0,0.07960524410009384,0.07353124767541885,0.8640216588973999,6.168219897517702e-06,0.004436802119016647,0.8752140998840332,0.0013902400269509422,0.0022912779822945595,0.0006121353362686932,0.0007712051155976951,0.07632745802402496
180,model.layers.15.self_attn.k_proj.weight,512,1024,0.0009765625,0.0009113888372667134,3.145695686340332,6.5938857005676255e-06,0.7674059271812439,0.0001487679546698928,0.223610058426857,0.2536337077617645,0.002846792805939913,0.603410542011261,1.4762669801712036,0.0008919680840335786,10.283705711364746,0.0004054027085658163,0.0005443638656288385,5.495571895153262e-05,0.28266414999961853,0.21250297129154205,0.007285517640411854,0.4754388630390167,1.4507867097854614,,,,,,,,,,,,
180,model.layers.15.self_attn.v_proj.weight,512,1024,0.0009765625,0.000844007299747318,1.6097803115844727,0.0013131427112966776,0.6495640873908997,0.00021763559198006988,0.16994117200374603,0.27030056715011597,0.00425086822360754,0.6729363799095154,1.4400032758712769,0.0009604548686183989,4.997087001800537,0.001605575205758214,0.0005368980928324163,0.00023740396136417985,0.21685311198234558,0.23220768570899963,0.006359037011861801,0.5996271967887878,1.424756407737732,,,,,,,,,,,,
180,model.layers.15.self_attn.o_proj.weight,1024,2048,0.00048828125,0.0004770775849465281,1.6343591213226318,0.00044265500036999583,1.1577045917510986,2.7021646019420587e-05,0.08456505835056305,0.4565441310405731,0.014485761523246765,0.5766227841377258,1.4270210266113281,0.00043331776396371424,5.042011260986328,0.0014755482552573085,0.0010873479768633842,7.687538163736463e-05,0.20091968774795532,0.29240933060646057,0.01830754242837429,0.513841450214386,1.4157092571258545,,,,,,,,,,,,
180,model.layers.19.self_attn.q_proj.weight,4096,1024,0.000244140625,0.0001960704248631373,2.2931535243988037,0.0001479066559113562,0.582772433757782,0.0005564751918427646,0.22434170544147491,0.21301381289958954,0.00675712525844574,0.38349059224128723,1.529812216758728,0.0002560455759521574,7.526288032531738,-0.0007361022871918976,0.0015605833614245057,0.00035027862759307027,0.23782499134540558,0.23703713715076447,0.01603703945875168,0.4649597108364105,1.4974467754364014,8.0,0.07446335256099701,0.07233686000108719,0.8570934534072876,-1.988260009966325e-06,0.002307416405528784,0.4621445834636688,-0.0008616823583304121,-0.0014851351734250784,-6.715020845149411e-06,0.016220934689044952,0.1084989458322525
180,model.layers.19.self_attn.k_proj.weight,512,1024,0.0009765625,0.0009114261483773589,2.0240371227264404,-3.8016730741219362e-06,0.7103365063667297,0.00013377411232795566,0.24567349255084991,0.21136246621608734,0.011547509580850601,0.5859202742576599,1.3158303499221802,0.001135302591137588,8.477293014526367,-0.0009978516027331352,0.0005705407820641994,0.0002587745839264244,0.28364282846450806,0.2024102658033371,0.016753384843468666,0.45482707023620605,1.3690637350082397,,,,,,,,,,,,
180,model.layers.19.self_attn.v_proj.weight,512,1024,0.0009765625,0.0008604897884652019,1.3822543621063232,0.002274843165650964,0.5552461743354797,0.001564205507747829,0.1599886566400528,0.2326911985874176,0.0069519835524261,0.626314640045166,1.3973839282989502,0.0010914772283285856,4.435243129730225,0.0010633866768330336,0.000553031568415463,0.0005566225154325366,0.21638484299182892,0.26513591408729553,0.007544094230979681,0.5976754426956177,1.4163298606872559,,,,,,,,,,,,
180,model.layers.19.self_attn.o_proj.weight,1024,2048,0.00048828125,0.0005081695271655917,1.4197577238082886,0.0008561829454265535,0.8786229491233826,0.00023138793767429888,0.09426141530275345,0.43278247117996216,0.019842082634568214,0.5504275560379028,1.4536724090576172,0.00039621000178158283,6.683896064758301,0.000753820757381618,0.0010977243073284626,0.00017520155233796686,0.19810909032821655,0.2951933443546295,0.012470384128391743,0.5559879541397095,1.4371734857559204,,,,,,,,,,,,
180,model.layers.1.mlp.gate_proj.weight,3584,1024,0.00027901785714285713,0.00021621608175337315,3.034058094024658,-0.0007867933018133044,0.46583786606788635,0.00040263048140332103,0.17124225199222565,0.298745334148407,0.00815184973180294,0.5191773772239685,1.5151058435440063,0.0002679993922356516,16.514095306396484,0.00016420079919043928,0.0014352182624861598,0.00012570676335599273,0.2545850872993469,0.22964800894260406,0.009505456313490868,0.5000781416893005,1.508689522743225,,,,,,,,,,,,
180,model.layers.1.mlp.up_proj.weight,3584,1024,0.00027901785714285713,0.0003476435085758567,2.4057681560516357,-0.0010350822703912854,0.844850480556488,7.957616617204621e-05,0.1426757276058197,0.3727623522281647,0.007830938324332237,0.537540853023529,1.5116373300552368,0.00027528894133865833,12.834344863891602,0.000633913732599467,0.0014279440511018038,0.00013061404752079397,0.2502221167087555,0.23696176707744598,0.009921818040311337,0.5026469230651855,1.5121525526046753,,,,,,,,,,,,
180,model.layers.1.mlp.down_proj.weight,1024,3584,0.00027901785714285713,0.00024233451404143125,4.240636348724365,-0.0010016702581197023,0.8684625625610352,0.0012105251662433147,0.16081678867340088,0.3172927796840668,0.014467376284301281,0.6033504009246826,1.4438365697860718,0.0002737815084401518,18.38636016845703,0.000625403190497309,0.0014271229738369584,0.0005977972759865224,0.22552365064620972,0.257556289434433,0.015794912353157997,0.5115187764167786,1.4220702648162842,8.0,0.07345201820135117,0.07548104971647263,0.8770685195922852,-1.6432015399914235e-05,0.004700908437371254,1.5281345844268799,-0.003495497863622081,-0.0004575975763145834,0.00027866201708093286,-0.003325660713016987,0.04728157818317413
180,model.layers.12.mlp.gate_proj.weight,3584,1024,0.00027901785714285713,0.0002120724384440109,2.174520254135132,0.0005606741760857403,0.761986255645752,0.0010609166929498315,0.1914302408695221,0.23815909028053284,0.007098629605025053,0.5379812121391296,1.5290664434432983,0.00028081287746317685,6.659669399261475,0.0009472291567362845,0.0014413821045309305,0.000539705331902951,0.25022438168525696,0.2208983451128006,0.010632907040417194,0.5021774172782898,1.5120117664337158,,,,,,,,,,,,
180,model.layers.12.mlp.up_proj.weight,3584,1024,0.00027901785714285713,0.0002653342380654067,2.061880350112915,0.00011293619172647595,1.2968688011169434,0.00016898152534849942,0.20288889110088348,0.275343656539917,0.005571776535362005,0.5237497687339783,1.5197428464889526,0.0002794641477521509,5.968294620513916,0.0013279594713822007,0.0014513485366478562,0.00020944932475686073,0.254129022359848,0.22366578876972198,0.00923281442373991,0.4991149604320526,1.5150686502456665,,,,,,,,,,,,
180,model.layers.12.mlp.down_proj.weight,1024,3584,0.00027901785714285713,0.0002649564703460783,3.6717123985290527,0.00012419343693181872,1.22681725025177,0.00038101401878520846,0.20874539017677307,0.2748725414276123,0.03416174277663231,0.5026317834854126,1.3968080282211304,0.00026438411441631615,7.148833751678467,0.0011065086582675576,0.001448754919692874,0.00021428744366858155,0.22950735688209534,0.25594672560691833,0.022844042629003525,0.4998355209827423,1.371833086013794,8.0,0.06848568469285965,0.07795452326536179,0.8699628710746765,2.188189137086738e-05,0.020609386265277863,3.035813808441162,0.0010617439592431434,-0.0011001351522281766,0.0010174321942031384,-0.004467319697141647,0.03179723396897316
180,model.layers.22.mlp.gate_proj.weight,3584,1024,0.00027901785714285713,0.000215749692870304,2.2354812622070312,-0.0012535405112430453,0.34186169505119324,0.000553438498172909,0.16882552206516266,0.2666158974170685,0.005167837720364332,0.5709872841835022,1.5306202173233032,0.00029418946360237896,6.632829189300537,-0.0008442889666184783,0.001403524656780064,0.0008051204495131969,0.22880277037620544,0.23477794229984283,0.011955278925597668,0.49853503704071045,1.4979890584945679,,,,,,,,,,,,
180,model.layers.22.mlp.up_proj.weight,3584,1024,0.00027901785714285713,0.0003105364739894867,2.1752500534057617,-0.00045360956573858857,0.7516130805015564,0.001414359430782497,0.16707909107208252,0.30255624651908875,0.016994459554553032,0.5792655348777771,1.509476900100708,0.0002916106313932687,6.300397872924805,-0.00010400578321423382,0.0014097554376348853,0.0005804215325042605,0.21382123231887817,0.2588653564453125,0.013984747231006622,0.5112435221672058,1.497423768043518,,,,,,,,,,,,
180,model.layers.22.mlp.down_proj.weight,1024,3584,0.00027901785714285713,0.0006015750695951283,1.833524465560913,-0.00045536854304373264,0.8141838312149048,0.0002599642029963434,0.08213099092245102,0.4653484523296356,0.007470555137842894,0.6164941787719727,1.4822943210601807,0.00028423595358617604,6.073883056640625,-3.686451236717403e-05,0.0014127612812444568,0.0002435774076730013,0.2039727121591568,0.2818847596645355,0.008592795580625534,0.5539032816886902,1.4743746519088745,8.0,0.0642332062125206,0.06954928487539291,0.8349173665046692,7.117223140085116e-05,0.00048521230928599834,1.8067514896392822,0.1466826583719255,0.0011325067607685924,-0.00047862500650808215,0.012411716394126415,0.15952011942863464
180,model.layers.1.linear_attn.in_proj_qkv.weight,6144,1024,0.00016276041666666666,0.00026363407960161567,2.6337976455688477,6.319177191471681e-05,0.3800995647907257,0.0012447055196389556,0.17044726014137268,0.28142568469047546,0.009433473460376263,0.5305199027061462,1.5373142957687378,0.0001557450304972008,17.073163986206055,-0.0003533140697982162,0.0018900613067671657,0.00035455141915008426,0.2479206621646881,0.22972460091114044,0.009791550226509571,0.5048102736473083,1.5278170108795166,8.0,0.07320667058229446,0.07538270205259323,0.8811821937561035,1.9277260435046628e-05,0.0010989323491230607,0.1336633265018463,0.01754180814718006,-0.00021408429893199354,0.0009845081949606538,-0.010392408818006516,0.04150085523724556
180,model.layers.1.linear_attn.out_proj.weight,1024,2048,0.00048828125,0.00031325253075920045,1.2842222452163696,-0.00044177923700772226,1.1022135019302368,0.0021613824646919966,0.08917440474033356,0.41385939717292786,0.04207880049943924,0.5716177225112915,1.429741621017456,0.0004907575785182416,12.867865562438965,0.0007064511883072555,0.0010908169206231833,0.0005582093144766986,0.23325425386428833,0.24632473289966583,0.01627836748957634,0.5130784511566162,1.4143701791763306,,,,,,,,,,,,
180,model.layers.12.linear_attn.in_proj_qkv.weight,6144,1024,0.00016276041666666666,7.078359340084717e-05,2.2804806232452393,8.029136370168999e-05,0.7604580521583557,0.0003484169137664139,0.1573156863451004,0.2725379168987274,0.002970578847452998,0.5908671021461487,1.5527516603469849,0.00013821561879012734,7.47602653503418,0.0004984303959645331,0.0018743558321148157,0.00034241442335769534,0.245766282081604,0.2229185551404953,0.008180364035069942,0.5181136727333069,1.5325101613998413,8.0,0.07238753139972687,0.078534796833992,0.8415731191635132,-9.555116776027717e-06,0.0011654689442366362,0.3841414153575897,-0.008198516848757534,-0.0075920880772173405,-6.582189962500706e-05,0.001362575450912118,0.08162543922662735
180,model.layers.12.linear_attn.out_proj.weight,1024,2048,0.00048828125,0.00030835968209430575,2.3184618949890137,-5.6117434724001214e-05,1.0372353792190552,4.416544106788933e-05,0.18493357300758362,0.32386061549186707,0.010869137942790985,0.5306843519210815,1.4375402927398682,0.00046838412526994944,5.424595832824707,0.0002729046100284904,0.0010945311514660716,0.00010144105181097984,0.22833742201328278,0.263791024684906,0.014742427505552769,0.5166512727737427,1.4090837240219116,,,,,,,,,,,,
180,model.layers.21.linear_attn.in_proj_qkv.weight,6144,1024,0.00016276041666666666,0.00012945590424351394,2.4039955139160156,-0.00020766782108694315,0.22624480724334717,0.001570214400999248,0.15497702360153198,0.2823977470397949,0.008794635534286499,0.5841965675354004,1.5424026250839233,0.00014659162843599916,7.273407459259033,0.001027321326546371,0.0018208934925496578,0.0007540184305980802,0.22295884788036346,0.24512329697608948,0.01366827730089426,0.4835525453090668,1.5198577642440796,8.0,0.06628204882144928,0.07047420740127563,0.8627128005027771,6.214961558725918e-07,0.00024072076485026628,0.04767031967639923,0.002581813647273746,0.0026698242872953415,0.0006687926361337304,-0.011521724984049797,0.05679294466972351
180,model.layers.21.linear_attn.out_proj.weight,1024,2048,0.00048828125,0.0004671359492931515,1.9607281684875488,-2.4243530788226053e-05,0.4963127374649048,0.00023904087720438838,0.12529468536376953,0.388927161693573,0.00890097301453352,0.5705390572547913,1.4594193696975708,0.00048439024249091744,4.139653205871582,-0.00041238171979784966,0.0010515572503209114,0.00032689873478375375,0.2100176215171814,0.2765427827835083,0.010405282489955425,0.5382366180419922,1.4601515531539917,,,,,,,,,,,,
200,model.layers.7.self_attn.q_proj.weight,4096,1024,0.000244140625,0.0001258483243873343,2.4512321949005127,0.00016469450201839209,0.4853329360485077,0.0005502474959939718,0.17961812019348145,0.2714836299419403,0.005646147765219212,0.5273288488388062,1.5398722887039185,0.00022774358512833714,7.735821723937988,0.0001925588003359735,0.0015096901915967464,0.0008078421815298498,0.265121191740036,0.20370906591415405,0.011878883466124535,0.49576690793037415,1.5134868621826172,8.0,0.07185313105583191,0.0691182017326355,0.8841133713722229,9.218615559802856e-07,-0.002110562054440379,0.26459649205207825,,0.0008613290847279131,-0.0003848561900667846,-0.003038633381947875,0.06078832224011421
200,model.layers.7.self_attn.k_proj.weight,512,1024,0.0009765625,0.0010150622110813856,3.5372190475463867,1.0389587259851396e-05,0.35603129863739014,0.0008015396888367832,0.15308913588523865,0.24973924458026886,0.028647448867559433,0.7030227184295654,1.3406232595443726,0.0012404185254126787,8.142903327941895,-0.0021651540882885456,0.0005411389865912497,0.0012301490642130375,0.2830325663089752,0.18464067578315735,0.020975349470973015,0.501313328742981,1.3435680866241455,,,,,,,,,,,,
200,model.layers.7.self_attn.v_proj.weight,512,1024,0.0009765625,0.0007139815133996308,1.6153591871261597,0.0005884691490791738,0.7557851076126099,0.0006610687123611569,0.12567831575870514,0.2528780996799469,0.005495951510965824,0.7672379612922668,1.4625766277313232,0.0012047167401760817,7.018609523773193,-0.003108132630586624,0.000521545356605202,0.0008176847477443516,0.19085240364074707,0.21634410321712494,0.007532867603003979,0.6738279461860657,1.4242349863052368,,,,,,,,,,,,
200,model.layers.7.self_attn.o_proj.weight,1024,2048,0.00048828125,0.00022222560073714703,2.0379345417022705,0.00021190221013966948,1.099189281463623,4.3808693590108305e-05,0.13574810326099396,0.38035374879837036,0.0145305460318923,0.5596544742584229,1.4272351264953613,0.0003006690531037748,4.789228916168213,0.00022907783568371087,0.0010682451538741589,0.00013326492626219988,0.19275398552417755,0.2849808633327484,0.02187183126807213,0.4589456617832184,1.3921993970870972,,,,,,,,,,,,
200,model.layers.15.self_attn.q_proj.weight,4096,1024,0.000244140625,0.00011572630319278687,2.9308133125305176,0.00017908544396050274,0.6189389824867249,0.000361873593647033,0.19854383170604706,0.24528267979621887,0.0038466956466436386,0.45098862051963806,1.5430742502212524,0.0002541325520724058,8.00184154510498,0.0002293972356710583,0.0015147345839068294,0.0008765251841396093,0.24639371037483215,0.22553928196430206,0.014681098982691765,0.4529111087322235,1.5027856826782227,8.0,0.06817471981048584,0.07036422193050385,0.8810037970542908,-7.400869435514323e-06,0.005655799992382526,0.4398060441017151,-0.0013085451121825616,-0.0009455422987230122,0.0012999388854950666,-0.0005492774653248489,0.05050836503505707
200,model.layers.15.self_attn.k_proj.weight,512,1024,0.0009765625,0.0010087980190292,3.681434154510498,5.302968475007219e-06,0.5567756295204163,0.00033367297146469355,0.21829119324684143,0.26939740777015686,0.005629584193229675,0.5910896062850952,1.440940022468567,0.001061238581314683,8.284964561462402,0.0019023700151592493,0.0005331206484697759,9.24597043194808e-05,0.27485257387161255,0.22074122726917267,0.007175305392593145,0.48481619358062744,1.4437764883041382,,,,,,,,,,,,
200,model.layers.15.self_attn.v_proj.weight,512,1024,0.0009765625,0.0008916869410313666,1.781822681427002,-0.0015031930524855852,0.5150853395462036,0.0001640052068978548,0.21526256203651428,0.24247252941131592,0.004280285444110632,0.6104909181594849,1.4516786336898804,0.0010312986560165882,4.492317199707031,0.0035444058012217283,0.0005354749737307429,0.0008078661630861461,0.2125055342912674,0.23916417360305786,0.006126963067799807,0.6117319464683533,1.4370745420455933,,,,,,,,,,,,
200,model.layers.15.self_attn.o_proj.weight,1024,2048,0.00048828125,0.0004181491385679692,1.7904176712036133,-0.0005086099845357239,0.9056028723716736,3.376515451236628e-05,0.1023389995098114,0.41955509781837463,0.00866295862942934,0.538727343082428,1.443123459815979,0.0004473253502510488,5.19605827331543,0.0008308430551551282,0.001069582998752594,9.68580789049156e-05,0.19882753491401672,0.2956295609474182,0.01751716434955597,0.5138115882873535,1.4101545810699463,,,,,,,,,,,,
200,model.layers.19.self_attn.q_proj.weight,4096,1024,0.000244140625,0.00018014201486948878,2.4388344287872314,0.0009043306345120072,0.40944862365722656,0.0003565546649042517,0.21845829486846924,0.2189318984746933,0.008522178046405315,0.3883727192878723,1.5208991765975952,0.00024452779325656593,6.791661262512207,-0.000274843507213518,0.0015093116089701653,0.000677092932164669,0.23762178421020508,0.23381313681602478,0.021595947444438934,0.455536812543869,1.476585865020752,8.0,0.07429444789886475,0.07556062191724777,0.8427371978759766,2.522664317439194e-06,0.0037643867544829845,0.24801206588745117,0.0006701395159344264,-0.0002718361793085933,0.0018849469488486648,-0.002826038980856538,0.09658179432153702
200,model.layers.19.self_attn.k_proj.weight,512,1024,0.0009765625,0.0011900430545210838,2.5871381759643555,2.9069312859064667e-06,0.3979645371437073,0.0005189431249164045,0.28287383913993835,0.18327881395816803,0.014580762013792992,0.5311284065246582,1.3076536655426025,0.0010446114465594292,9.13471794128418,-0.0004767847422044724,0.0005346843972802162,0.0005534460069611669,0.2881894111633301,0.194080650806427,0.02008097991347313,0.4509193003177643,1.3151216506958008,,,,,,,,,,,,
200,model.layers.19.self_attn.v_proj.weight,512,1024,0.0009765625,0.0007441680645570159,1.5585095882415771,0.0007861103513278067,0.3488810658454895,0.0010736301774159074,0.17509926855564117,0.231238454580307,0.005421339068561792,0.6377094984054565,1.4306584596633911,0.0010157633805647492,4.523709297180176,-0.0005897640367038548,0.0005348075064830482,0.00041723958565853536,0.2143336832523346,0.26472219824790955,0.007187141105532646,0.595339298248291,1.4346619844436646,,,,,,,,,,,,
200,model.layers.19.self_attn.o_proj.weight,1024,2048,0.00048828125,0.000524562259670347,1.4107019901275635,0.0002526710741221905,0.6431503891944885,0.00018720961816143245,0.07679775357246399,0.48543545603752136,0.014839891344308853,0.6085964441299438,1.4513205289840698,0.00037787496694363654,6.874551773071289,-0.0007418337045237422,0.0010567524004727602,0.00021309131989255548,0.18592417240142822,0.30689167976379395,0.01444311998784542,0.577440619468689,1.4415996074676514,,,,,,,,,,,,
200,model.layers.1.mlp.gate_proj.weight,3584,1024,0.00027901785714285713,0.00021690395078621805,2.9975578784942627,0.00037922797491773963,0.31850066781044006,0.0003184281231369823,0.16503405570983887,0.31753361225128174,0.007693598046898842,0.539619505405426,1.5195668935775757,0.0002726190723478794,17.595149993896484,0.0004965194966644049,0.0014120738487690687,0.000261310109635815,0.2555164098739624,0.22803473472595215,0.00973143707960844,0.4996059238910675,1.5150483846664429,,,,,,,,,,,,
200,model.layers.1.mlp.up_proj.weight,3584,1024,0.00027901785714285713,0.0008902077679522336,2.464289903640747,0.0006421487196348608,0.5898001194000244,0.0001320002629654482,0.14416544139385223,0.35814961791038513,0.010749717243015766,0.519116997718811,1.5082825422286987,0.00027048622723668814,13.830739974975586,5.784852692158893e-05,0.0014178630663082004,0.00014357994950842112,0.24947766959667206,0.23875856399536133,0.009853050112724304,0.5033828616142273,1.512271761894226,,,,,,,,,,,,
200,model.layers.1.mlp.down_proj.weight,1024,3584,0.00027901785714285713,0.00028763263253495097,4.702664375305176,0.0006279629305936396,0.6009297966957092,0.0002992311492562294,0.15604469180107117,0.3250349164009094,0.01018412597477436,0.6123120784759521,1.4534448385238647,0.000282510940451175,19.741634368896484,0.0001946221018442884,0.0014195877593010664,0.0005001521203666925,0.2242201566696167,0.2606832683086395,0.01580069214105606,0.5135173201560974,1.4240286350250244,8.0,0.06309500336647034,0.06904313713312149,0.8968888521194458,7.77903915150091e-06,0.0005856008501723409,0.7541002035140991,0.013283859047013949,0.0003549430111888796,0.00010534891771385446,0.00729937432333827,0.05285685881972313
200,model.layers.12.mlp.gate_proj.weight,3584,1024,0.00027901785714285713,0.00018266012193635106,2.912564754486084,0.0006359682301990688,0.49203890562057495,0.0004343122709542513,0.1846875101327896,0.25045931339263916,0.005275119096040726,0.5606037378311157,1.52735435962677,0.0002780172508209944,6.850391864776611,-0.00020025075355079025,0.0014301514020189643,0.0007315062102861702,0.2587355971336365,0.21553222835063934,0.011686556041240692,0.4904257655143738,1.5114096403121948,,,,,,,,,,,,
200,model.layers.12.mlp.up_proj.weight,3584,1024,0.00027901785714285713,0.00026456129853613675,2.839470386505127,0.0009833479998633265,0.8173503875732422,0.00019586339476518333,0.19719964265823364,0.2855823338031769,0.006430601701140404,0.5303050875663757,1.5179153680801392,0.00025594819453544915,6.40599250793457,-0.0008726486121304333,0.0014307907549664378,0.00030660664197057486,0.2554670572280884,0.22259001433849335,0.010163555853068829,0.4992351233959198,1.511031985282898,,,,,,,,,,,,
200,model.layers.12.mlp.down_proj.weight,1024,3584,0.00027901785714285713,0.0002733530418481678,6.406834602355957,0.0009660479845479131,0.8621740937232971,0.000122780809761025,0.1885981410741806,0.30670198798179626,0.01607867330312729,0.5554012656211853,1.4226336479187012,0.00028805850888602436,8.276359558105469,-0.0006208288832567632,0.0014313512947410345,0.00014029732847120613,0.23417919874191284,0.2536654472351074,0.019498076289892197,0.4971940815448761,1.3893299102783203,8.0,0.07657404243946075,0.07045959681272507,0.9066353440284729,8.442093530902639e-07,0.004595186561346054,1.4880058765411377,0.00018371601279295441,0.0016773336101323366,0.0005242808256298304,-0.021986931562423706,0.014794101007282734
200,model.layers.22.mlp.gate_proj.weight,3584,1024,0.00027901785714285713,0.0003775347722694278,2.545443058013916,-0.0007674144580960274,0.2474093735218048,0.0017203862080350518,0.1712455302476883,0.2608514726161957,0.012713678181171417,0.5511196851730347,1.5122803449630737,0.0002807128184940666,6.700069904327393,0.0005337148322723806,0.001383941969834268,0.0006516014691442251,0.22466681897640228,0.2378646582365036,0.01106502115726471,0.5065568685531616,1.502877116203308,,,,,,,,,,,,
200,model.layers.22.mlp.up_proj.weight,3584,1024,0.00027901785714285713,0.00026011839509010315,2.3733134269714355,-1.3150993254384957e-05,0.6079651713371277,0.0010608179727569222,0.1766134798526764,0.2927049994468689,0.014451219700276852,0.5534574389457703,1.5077519416809082,0.00026806784444488585,6.433562278747559,0.0005025506834499538,0.0014050327008590102,0.0003124542417936027,0.21301504969596863,0.2576972246170044,0.013478757813572884,0.518535315990448,1.4943901300430298,,,,,,,,,,,,
200,model.layers.22.mlp.down_proj.weight,1024,3584,0.00027901785714285713,0.0003566489613149315,2.013484239578247,-1.1853177966258954e-05,0.5848295092582703,0.00013443986244965345,0.09358962625265121,0.4304993450641632,0.005821802653372288,0.57993483543396,1.460841178894043,0.0002965432358905673,6.2644944190979,1.8464006643625908e-06,0.0014073996571823955,0.00020692695397883654,0.2159348428249359,0.2666548490524292,0.010446341708302498,0.5228342413902283,1.4525690078735352,8.0,0.0713789314031601,0.06862284988164902,0.8345878720283508,-2.0917043002555147e-05,-0.0030728704296052456,0.9837626218795776,,0.0015558144077658653,-0.0008768272818997502,0.005471212789416313,0.12899020314216614
200,model.layers.1.linear_attn.in_proj_qkv.weight,6144,1024,0.00016276041666666666,0.00010828167432919145,2.6153392791748047,-3.100996764260344e-05,0.2528277337551117,0.0016052500577643514,0.16794855892658234,0.28251373767852783,0.011836785823106766,0.5175682902336121,1.5331169366836548,0.00015133939450606704,16.615999221801758,-0.0007613660418428481,0.0018314382759854198,0.0005413086037151515,0.24825142323970795,0.22666466236114502,0.010865246877074242,0.5046032667160034,1.525514006614685,8.0,0.06260336935520172,0.06521456688642502,0.8952829837799072,-1.7534763173898682e-05,-0.00022363361495081335,0.06740298867225647,,-0.004885827656835318,-0.00031851170933805406,-0.006675143260508776,0.0438905693590641
200,model.layers.1.linear_attn.out_proj.weight,1024,2048,0.00048828125,0.0005294746370054781,1.2996561527252197,-8.092801726888865e-05,0.7294825911521912,0.000522923597600311,0.08788023144006729,0.4390544593334198,0.01339405495673418,0.6048203110694885,1.4376788139343262,0.00047782863839529455,13.505508422851562,0.0011609303764998913,0.0010583827970549464,0.00037440951564349234,0.2324800044298172,0.2472628802061081,0.016653068363666534,0.514478862285614,1.4185822010040283,,,,,,,,,,,,
200,model.layers.12.linear_attn.in_proj_qkv.weight,6144,1024,0.00016276041666666666,7.278800330823287e-05,2.423558235168457,-0.00014573258522432297,0.49803638458251953,0.00038988259620964527,0.1505671590566635,0.2753961682319641,0.0030499142594635487,0.6053438186645508,1.5505291223526,0.00012204996164655313,7.77838134765625,0.0007079604547470808,0.0018744798144325614,0.00034683154080994427,0.24929775297641754,0.22150161862373352,0.008152032271027565,0.5112767815589905,1.5339716672897339,8.0,0.07503107935190201,0.07211875915527344,0.8763423562049866,1.3748629044130212e-06,0.002768194070085883,0.15664175152778625,0.0004966642040275616,0.006869287230074406,0.0019443219061940908,0.0022950752172619104,0.07762850075960159
200,model.layers.12.linear_attn.out_proj.weight,1024,2048,0.00048828125,0.00029840206843800843,2.672506093978882,-3.8158697861945257e-05,0.712190568447113,6.215719622559845e-05,0.16012467443943024,0.3539094924926758,0.014432072639465332,0.5792823433876038,1.43956458568573,0.00048349061398766935,5.328780174255371,0.0004911473370157182,0.001093961880542338,0.0001163917186204344,0.2208099663257599,0.2694767415523529,0.01584290899336338,0.5318411588668823,1.4219413995742798,,,,,,,,,,,,
200,model.layers.21.linear_attn.in_proj_qkv.weight,6144,1024,0.00016276041666666666,8.205819904105738e-05,2.4049129486083984,0.00025082507636398077,0.1812504231929779,0.001339831156656146,0.1592235565185547,0.27776166796684265,0.008955118246376514,0.5739421248435974,1.5422769784927368,0.00013621059770230204,7.800698280334473,0.0005352433654479682,0.0018452118383720517,0.0005632744869217277,0.22350232303142548,0.24666279554367065,0.011770793236792088,0.4897090494632721,1.5248125791549683,8.0,0.073075070977211,0.07105661183595657,0.8825204968452454,1.44365486676179e-07,0.00011289562098681927,0.020619474351406097,0.00127875187198832,0.002956919837743044,0.0003069749800488353,0.00046071509132161736,0.05517809838056564
200,model.layers.21.linear_attn.out_proj.weight,1024,2048,0.00048828125,0.00037792453076690435,2.342365026473999,0.0008322682697325945,0.35622915625572205,0.0002788389101624489,0.1266269087791443,0.38049811124801636,0.008512540720403194,0.5591883659362793,1.4715317487716675,0.0004957113415002823,4.028601169586182,-0.0002085445448756218,0.0010616291547194123,0.00011724059004336596,0.21106477081775665,0.27565300464630127,0.007371485233306885,0.5331404805183411,1.4650602340698242,,,,,,,,,,,,
220,model.layers.7.self_attn.q_proj.weight,4096,1024,0.000244140625,0.00014906849537510425,2.3014414310455322,-0.00018033853848464787,0.4716356098651886,0.0007040014606900513,0.17773334681987762,0.2587807774543762,0.007083337754011154,0.5079405307769775,1.5363448858261108,0.00022583025565836579,7.066971778869629,0.0008949700277298689,0.0015302251558750868,0.00047663666191510856,0.2692742645740509,0.20038704574108124,0.010356880724430084,0.49310752749443054,1.512035846710205,8.0,0.0626099556684494,0.06450548022985458,0.8960132598876953,-1.5721212548669428e-05,-0.004662404768168926,0.2467092126607895,,-0.005047779064625502,-0.0021514787804335356,-0.0018156322184950113,0.05870271474123001
220,model.layers.7.self_attn.k_proj.weight,512,1024,0.0009765625,0.0009542308398522437,3.027224063873291,-1.0335183105780743e-05,0.35491880774497986,0.0029648400377482176,0.14981335401535034,0.2634902894496918,0.03511358052492142,0.6986226439476013,1.3279110193252563,0.0011153875384479761,10.412213325500488,0.001402755849994719,0.0005250574322417378,0.0005426850984804332,0.2895614206790924,0.18607448041439056,0.01886066608130932,0.49324703216552734,1.3404344320297241,,,,,,,,,,,,
220,model.layers.7.self_attn.v_proj.weight,512,1024,0.0009765625,0.0008067205781117082,1.6523582935333252,0.0005130968056619167,0.68392014503479,0.0005327161634340882,0.12578709423542023,0.2597692012786865,0.0046758088283240795,0.7726482152938843,1.436381459236145,0.0009759892709553242,4.153258323669434,-0.0018773989286273718,0.0005539614940062165,0.00026941648684442043,0.17980143427848816,0.2135934680700302,0.006676031276583672,0.6924403309822083,1.4381967782974243,,,,,,,,,,,,
220,model.layers.7.self_attn.o_proj.weight,1024,2048,0.00048828125,0.00023743198835290968,1.8782966136932373,0.00016305047029163688,1.1281670331954956,5.532300565391779e-05,0.12131653726100922,0.414407879114151,0.013374832458794117,0.6125541925430298,1.4423964023590088,0.00030271740979515016,3.7433485984802246,0.00047270729555748403,0.0011040142271667719,0.00017941143596544862,0.20459210872650146,0.2701602578163147,0.02372354082763195,0.43859779834747314,1.379233956336975,,,,,,,,,,,,
220,model.layers.15.self_attn.q_proj.weight,4096,1024,0.000244140625,0.0001497201737947762,3.1549689769744873,0.0002969264460261911,0.6959695816040039,0.0001917079498525709,0.19544202089309692,0.2416764497756958,0.003119248431175947,0.42025429010391235,1.548531413078308,0.00026253642863593996,7.429531097412109,0.001347552053630352,0.0014827870763838291,0.0005116087268106639,0.24099154770374298,0.23180100321769714,0.014186063781380653,0.45071670413017273,1.5062350034713745,8.0,0.06807631254196167,0.06776881217956543,0.8802252411842346,-1.414256303178263e-07,0.0033314016181975603,0.5234901905059814,-4.2452290815162654e-05,-0.003357522189617157,0.00015839948900975287,0.0015175448497757316,0.0657801628112793
220,model.layers.15.self_attn.k_proj.weight,512,1024,0.0009765625,0.0010685629677027464,3.901243209838867,8.508829523634631e-06,0.5846443176269531,0.0003962491755373776,0.24179109930992126,0.24263985455036163,0.004605420865118504,0.5675312876701355,1.4478493928909302,0.0010765610495582223,10.245960235595703,-0.0009051485685631633,0.0005179317086003721,0.0002827485150191933,0.28805845975875854,0.2097185105085373,0.007941138930618763,0.47443073987960815,1.4214853048324585,,,,,,,,,,,,
220,model.layers.15.self_attn.v_proj.weight,512,1024,0.0009765625,0.0009306326974183321,1.6501741409301758,-0.0010694927768781781,0.5267024040222168,0.00015463749878108501,0.19721084833145142,0.2458558976650238,0.003966826479882002,0.6266169548034668,1.4598780870437622,0.0011644928017631173,4.798340797424316,-0.0032260126899927855,0.0005175194819457829,0.0003385462041478604,0.20856742560863495,0.23688703775405884,0.006027489900588989,0.612375795841217,1.4421272277832031,,,,,,,,,,,,
220,model.layers.15.self_attn.o_proj.weight,1024,2048,0.00048828125,0.00044780076132155955,1.6277873516082764,-0.00033504902967251837,0.9905551671981812,2.524534284020774e-05,0.08468467742204666,0.4688042402267456,0.008035218343138695,0.5853137373924255,1.433163046836853,0.0004030501877423376,4.9816107749938965,-0.0006245792610570788,0.0010382746113464236,8.13440274214372e-05,0.19921235740184784,0.2941778898239136,0.01519797369837761,0.5134410262107849,1.4108622074127197,,,,,,,,,,,,
220,model.layers.19.self_attn.q_proj.weight,4096,1024,0.000244140625,0.00016867650265339762,2.599808692932129,-0.001445186440832913,0.42613476514816284,0.0008841349626891315,0.2038000077009201,0.23795372247695923,0.008854439482092857,0.42936190962791443,1.5301183462142944,0.00022662295668851584,7.22391414642334,0.0007048588595353067,0.0014671538956463337,0.00032832942088134587,0.2352982461452484,0.23871305584907532,0.015944836661219597,0.46632352471351624,1.4936296939849854,8.0,0.06892219185829163,0.07195907086133957,0.8729861378669739,3.1873378247837536e-06,0.0024170344695448875,0.2350858449935913,0.0013186977119874956,-0.002448679180815816,0.0013467589160427451,0.006395156029611826,0.09650453925132751
220,model.layers.19.self_attn.k_proj.weight,512,1024,0.0009765625,0.0010357171995565295,2.538074254989624,-6.331315034913132e-06,0.4601064622402191,0.00035586024750955403,0.24795186519622803,0.19792336225509644,0.014054874889552593,0.5849752426147461,1.3324707746505737,0.001118105836212635,8.529786109924316,-0.0002444035199005157,0.0005213379045017064,0.00026113202329725027,0.285076767206192,0.19444143772125244,0.0240787323564291,0.4451199173927307,1.3031560182571411,,,,,,,,,,,,
220,model.layers.19.self_attn.v_proj.weight,512,1024,0.0009765625,0.0006578153697773814,1.433406114578247,0.001046149292960763,0.4354856610298157,0.002254349645227194,0.16283810138702393,0.24102459847927094,0.007450107019394636,0.638007402420044,1.4332780838012695,0.0010827769292518497,4.7054524421691895,-0.0017929052701219916,0.0005301169585436583,0.0014267137739807367,0.22315698862075806,0.2565201222896576,0.011118951253592968,0.5797899961471558,1.3997722864151,,,,,,,,,,,,
220,model.layers.19.self_attn.o_proj.weight,1024,2048,0.00048828125,0.0006743748672306538,1.3426134586334229,0.000336228113155812,0.8067711591720581,0.00013268108887132257,0.06735063344240189,0.54938805103302,0.013406501151621342,0.6835434436798096,1.4474830627441406,0.0004105907864868641,6.058404922485352,3.290777385700494e-05,0.0010660981060937047,0.00010533048771321774,0.18298709392547607,0.3136318325996399,0.012955806218087673,0.593288242816925,1.4370911121368408,,,,,,,,,,,,
220,model.layers.1.mlp.gate_proj.weight,3584,1024,0.00027901785714285713,0.00022760932915844023,2.970008611679077,-0.0003948971279896796,0.30653393268585205,0.0004796343855559826,0.16052398085594177,0.3362925052642822,0.008604107424616814,0.552905797958374,1.5192502737045288,0.0002802835952024907,16.348726272583008,0.0002811781596392393,0.001382281188853085,0.00020442879758775234,0.25228965282440186,0.23197254538536072,0.009718632325530052,0.5021520853042603,1.5106910467147827,,,,,,,,,,,,
220,model.layers.1.mlp.up_proj.weight,3584,1024,0.00027901785714285713,0.0002704193175304681,2.417945146560669,-0.00014575949171558022,0.5597869753837585,0.00011596171680139378,0.13974370062351227,0.3537163734436035,0.009684395976364613,0.509029746055603,1.5066025257110596,0.00030424402211792767,13.440807342529297,0.00024413860228378326,0.0013867005473002791,0.0001335028646280989,0.2515515387058258,0.2374797910451889,0.00941948127001524,0.5007587671279907,1.516235589981079,,,,,,,,,,,,
220,model.layers.1.mlp.down_proj.weight,1024,3584,0.00027901785714285713,0.00026086464640684426,4.232646465301514,-0.0001443220244254917,0.5694001913070679,0.0015830034390091896,0.15107028186321259,0.32670271396636963,0.015445513650774956,0.6249575614929199,1.4348247051239014,0.0002934108779300004,17.808713912963867,0.00011677724978653714,0.0013857942540198565,0.00024113847757689655,0.22661344707012177,0.25864937901496887,0.014460373669862747,0.5114012360572815,1.4184976816177368,8.0,0.07038219273090363,0.06792370975017548,0.9010564088821411,-9.860768841463141e-06,-0.0009594789007678628,0.6624793410301208,,0.003803728614002466,-0.00010605454008327797,-0.0018937522545456886,0.0449444018304348
220,model.layers.12.mlp.gate_proj.weight,3584,1024,0.00027901785714285713,0.0002133453672286123,2.690852642059326,0.0006589206750504673,0.5150836706161499,0.0007987589342519641,0.1851324588060379,0.24921654164791107,0.006296467501670122,0.5604709386825562,1.5256344079971313,0.00029936106875538826,6.769607067108154,-0.001337338355369866,0.0014234832488000393,0.00047911240835674107,0.2571217715740204,0.2153705507516861,0.0099493945017457,0.49939948320388794,1.5120948553085327,,,,,,,,,,,,
220,model.layers.12.mlp.up_proj.weight,3584,1024,0.00027901785714285713,0.00025547173572704196,2.535933256149292,0.0003845319733954966,0.892630398273468,0.00017855492478702217,0.20759233832359314,0.27193310856819153,0.005901043768972158,0.5124087929725647,1.5224907398223877,0.0002836648200172931,6.2581939697265625,-0.0011758505133911967,0.0014245286583900452,0.0002835111226886511,0.26030898094177246,0.2188059687614441,0.009109267964959145,0.4956214129924774,1.5087627172470093,,,,,,,,,,,,
220,model.layers.12.mlp.down_proj.weight,1024,3584,0.00027901785714285713,0.0002737125614657998,5.256808280944824,0.000385474122595042,0.9204185009002686,0.00011930992332054302,0.1939552277326584,0.3027963638305664,0.016629334539175034,0.5444941520690918,1.4182087182998657,0.00026934940251521766,8.232147216796875,-0.0013537202030420303,0.001408085343427956,0.00018273199384566396,0.23467917740345,0.25075915455818176,0.02270454913377762,0.4832695424556732,1.3649897575378418,8.0,0.06839046627283096,0.06761020421981812,0.9028274416923523,-5.592374691332225e-06,-0.0029685641638934612,1.743559718132019,,0.0016240652184933424,-0.0004046587855555117,-0.011076461523771286,0.028431236743927002
220,model.layers.22.mlp.gate_proj.weight,3584,1024,0.00027901785714285713,0.0002791389124467969,2.4983742237091064,0.0002998823765665293,0.300640344619751,0.0008873550686985254,0.17042797803878784,0.26812684535980225,0.007376500405371189,0.5698899626731873,1.5192644596099854,0.00029575516236945987,6.849628925323486,0.0017178751295432448,0.0013581659877672791,0.0012161084450781345,0.2281390130519867,0.23606348037719727,0.011634854599833488,0.4925509989261627,1.506866455078125,,,,,,,,,,,,
220,model.layers.22.mlp.up_proj.weight,3584,1024,0.00027901785714285713,0.00029898990760557353,2.6514346599578857,0.00030005641747266054,0.7276466488838196,0.0007522540399804711,0.16897530853748322,0.30519676208496094,0.015020583756268024,0.5788059234619141,1.499989628791809,0.0002925134904216975,6.681812763214111,-0.0002897844242397696,0.0013957975897938013,0.0006354994256980717,0.21536314487457275,0.25618916749954224,0.014468986541032791,0.5105010867118835,1.496522307395935,,,,,,,,,,,,
220,model.layers.22.mlp.down_proj.weight,1024,3584,0.00027901785714285713,0.0004526542907115072,1.926682710647583,0.0003197725163772702,0.7421026825904846,0.0006788794416934252,0.08727138489484787,0.43482446670532227,0.014357411302626133,0.580344021320343,1.4695913791656494,0.0002761608920991421,6.439859867095947,-0.0002967214386444539,0.001387766795232892,0.0003724845591932535,0.20759248733520508,0.2760432958602905,0.011115389876067638,0.5399408936500549,1.457044005393982,8.0,0.0766884908080101,0.07260674983263016,0.8365204930305481,-5.584327664109878e-05,0.00761755695566535,1.4883474111557007,-0.007330864339592088,-0.004962097387760878,0.00017548457253724337,0.008275151252746582,0.14984992146492004
220,model.layers.1.linear_attn.in_proj_qkv.weight,6144,1024,0.00016276041666666666,9.051910456037149e-05,2.5079588890075684,0.00043614173773676157,0.25109371542930603,0.0005513401702046394,0.17525281012058258,0.2714373469352722,0.0064486050978302956,0.5082437992095947,1.5382928848266602,0.00015792726480867714,16.649206161499023,-0.00025126372929662466,0.0017900820821523666,0.0003811800852417946,0.251349538564682,0.22565393149852753,0.010116911493241787,0.5009476542472839,1.5225938558578491,8.0,0.06801159679889679,0.06592882424592972,0.8931388258934021,-1.5359474900833447e-06,-5.959936970612034e-06,0.06329765915870667,,0.00017960234254132956,-0.00017890857998281717,0.00037787912879139185,0.04244745522737503
220,model.layers.1.linear_attn.out_proj.weight,1024,2048,0.00048828125,0.00036090053617954254,1.2989284992218018,8.956868259701878e-05,0.7054400444030762,0.0011457636719569564,0.08116087317466736,0.46570321917533875,0.019891902804374695,0.6282216310501099,1.4506968259811401,0.0005747523391619325,12.339340209960938,1.1230079508095514e-05,0.0010248159524053335,0.0006200778298079967,0.23171769082546234,0.24761447310447693,0.016882063820958138,0.514146089553833,1.413996696472168,,,,,,,,,,,,
220,model.layers.12.linear_attn.in_proj_qkv.weight,6144,1024,0.00016276041666666666,6.979322643019259e-05,2.4287338256835938,-1.9869812604156323e-05,0.5283905267715454,0.00033607182558625937,0.15682995319366455,0.2736371159553528,0.003070005914196372,0.5954259037971497,1.5528557300567627,0.00011488883319543675,7.129477500915527,-7.613155321450904e-05,0.0019058594480156898,0.0003758295497391373,0.2530103027820587,0.21667170524597168,0.008490837179124355,0.5037380456924438,1.5347669124603271,8.0,0.06611918658018112,0.06765365600585938,0.8749893307685852,-2.0112929632887244e-06,-0.003153502941131592,0.1802130490541458,,-0.0030523142777383327,-0.001984598580747843,0.0038225576281547546,0.09053749591112137
220,model.layers.12.linear_attn.out_proj.weight,1024,2048,0.00048828125,0.0003243155952077359,2.453352451324463,0.0002896480436902493,0.7695949673652649,7.149500743253157e-05,0.16123972833156586,0.34855759143829346,0.017041146755218506,0.5734173059463501,1.4471806287765503,0.0004667023604270071,5.561378479003906,0.0006876863772049546,0.0010702010476961732,0.00023195108224172145,0.22538341581821442,0.2585434913635254,0.024939870461821556,0.5085957050323486,1.3725336790084839,,,,,,,,,,,,
220,model.layers.21.linear_attn.in_proj_qkv.weight,6144,1024,0.00016276041666666666,8.824599353829399e-05,2.8325247764587402,0.00014431735326070338,0.19754113256931305,0.000524249451700598,0.1526227593421936,0.28984877467155457,0.006234174128621817,0.5974778532981873,1.5407952070236206,0.0001643641880946234,8.345605850219727,0.000782192568294704,0.0017871754243969917,0.0006714215851388872,0.22299893200397491,0.2464822381734848,0.012558692134916782,0.49034178256988525,1.5215035676956177,8.0,0.0596466101706028,0.06272310018539429,0.8798810243606567,-1.255651568499161e-06,-0.0011689725797623396,0.0322207510471344,,-0.009043029509484768,-0.0068143634125590324,0.008678345941007137,0.07227366417646408
220,model.layers.21.linear_attn.out_proj.weight,1024,2048,0.00048828125,0.0004394944407977164,2.03484845161438,-0.0004128926375415176,0.41636937856674194,0.00015730489394627512,0.12571606040000916,0.39089784026145935,0.006200655363500118,0.5852819085121155,1.4774236679077148,0.00043065694626420736,3.835134506225586,-0.0003129018296021968,0.001019960269331932,0.00019640331447590142,0.2064972221851349,0.28078997135162354,0.007783233653753996,0.5435086488723755,1.4775742292404175,,,,,,,,,,,,
240,model.layers.7.self_attn.q_proj.weight,4096,1024,0.000244140625,0.00014157386613078415,2.5002431869506836,1.1075438123953063e-05,0.5004801154136658,0.0005718139582313597,0.17806357145309448,0.2728784680366516,0.006282512564212084,0.5350784659385681,1.5379713773727417,0.000250695418799296,8.064987182617188,0.0018566162325441837,0.0015194498701021075,0.0005534148658625782,0.2678026556968689,0.20354193449020386,0.01080022007226944,0.49648919701576233,1.5120295286178589,8.0,0.06382929533720016,0.07095915824174881,0.8736162185668945,8.10147867014166e-06,-0.00032375840237364173,0.2771628499031067,,-0.005911618005484343,-0.0001102182941394858,-0.005471241660416126,0.04855657368898392
240,model.layers.7.self_attn.k_proj.weight,512,1024,0.0009765625,0.00113066122867167,3.731632709503174,-5.870473387403763e-07,0.3500939905643463,0.0008822004310786724,0.16410353779792786,0.25438275933265686,0.020955530926585197,0.7013222575187683,1.3547648191452026,0.0012217030161991715,8.913829803466797,-0.005961790215224028,0.0005346604157239199,0.0006862281588837504,0.2849765419960022,0.18532387912273407,0.01706763729453087,0.5051899552345276,1.3491737842559814,,,,,,,,,,,,
240,model.layers.7.self_attn.v_proj.weight,512,1024,0.0009765625,0.0007676269742660224,1.8438926935195923,-0.00030799745582044125,0.6993982195854187,7.564723637187853e-05,0.16657158732414246,0.2245744913816452,0.002916971454396844,0.701738715171814,1.443947196006775,0.0011102927383035421,5.450179576873779,0.002120926510542631,0.0005278668832033873,0.00032796160667203367,0.18990115821361542,0.21942803263664246,0.007589681539684534,0.6800316572189331,1.4177967309951782,,,,,,,,,,,,
240,model.layers.7.self_attn.o_proj.weight,1024,2048,0.00048828125,0.0002366379922023043,1.8708667755126953,-9.110159589909017e-05,1.2484915256500244,3.76170537492726e-05,0.1178383156657219,0.425693541765213,0.011727726086974144,0.6275896430015564,1.4435968399047852,0.0003005823236890137,4.876858711242676,0.0010666741291061044,0.0010568422731012106,0.00014069648750592023,0.19335521757602692,0.2837563455104828,0.019857347011566162,0.45587003231048584,1.4016979932785034,,,,,,,,,,,,
240,model.layers.15.self_attn.q_proj.weight,4096,1024,0.000244140625,0.00013615474745165557,2.2557315826416016,-7.767547504045069e-05,0.8322932720184326,0.00015669415006414056,0.2688901722431183,0.1866103708744049,0.0019789510406553745,0.39909425377845764,1.546255350112915,0.00024326170387212187,7.680506706237793,0.0016758705023676157,0.0015692468732595444,0.0005279214237816632,0.2555299997329712,0.21777990460395813,0.013172904960811138,0.4523788392543793,1.5101608037948608,8.0,0.072074756026268,0.07323728501796722,0.8439921736717224,-7.869444743846543e-06,-0.004984402097761631,0.9430558681488037,,-0.004958040546625853,-0.0009815185330808163,0.006899683736264706,0.06832583993673325
240,model.layers.15.self_attn.k_proj.weight,512,1024,0.0009765625,0.0007671505445614457,3.0930216312408447,-9.694057553133462e-06,0.7969047427177429,0.00015350585454143584,0.2360396832227707,0.24355573952198029,0.004451078828424215,0.5699108839035034,1.4654754400253296,0.0009332854533568025,7.931291580200195,0.0003860526194330305,0.0005597826093435287,9.14774791453965e-05,0.28036168217658997,0.2129834145307541,0.008078433573246002,0.4841448664665222,1.4362506866455078,,,,,,,,,,,,
240,model.layers.15.self_attn.v_proj.weight,512,1024,0.0009765625,0.0010248057078570127,1.836847186088562,0.0019520124187693,0.5568538308143616,0.0002831734309438616,0.2738443613052368,0.19812577962875366,0.005364714656025171,0.5257684588432312,1.4663219451904297,0.0010096087353304029,5.080233097076416,-0.0025176452472805977,0.0005266688531264663,0.00025133832241408527,0.22152230143547058,0.2310391366481781,0.006200249772518873,0.6016249656677246,1.4355887174606323,,,,,,,,,,,,
240,model.layers.15.self_attn.o_proj.weight,1024,2048,0.00048828125,0.0005113932420499623,1.8797444105148315,0.0006762074190191925,0.9597811698913574,8.717631862964481e-05,0.11159108579158783,0.437220960855484,0.011494169943034649,0.5702768564224243,1.4334019422531128,0.00037818544660694897,5.3653106689453125,-0.0006684245308861136,0.0010761748999357224,8.66508562467061e-05,0.20365683734416962,0.2888175845146179,0.017381053417921066,0.5118423104286194,1.4095630645751953,,,,,,,,,,,,
240,model.layers.19.self_attn.q_proj.weight,4096,1024,0.000244140625,0.0001855859300121665,2.549783945083618,-0.000311067356960848,0.4381867051124573,0.0004941333900205791,0.23833094537258148,0.21036410331726074,0.008014194667339325,0.4001188576221466,1.5265486240386963,0.00027093730750493705,7.490840435028076,0.0007467911927960813,0.0015240201028063893,0.0005795303150080144,0.2432457059621811,0.23040689527988434,0.01775745488703251,0.45741933584213257,1.497064471244812,8.0,0.07212335616350174,0.07293248176574707,0.8561960458755493,-3.3301275834674016e-06,-0.0009274787735193968,0.2890082895755768,,0.0046262857504189014,-0.00020552646310534328,0.0036626639775931835,0.09516387432813644
240,model.layers.19.self_attn.k_proj.weight,512,1024,0.0009765625,0.0010361538734287024,3.3155357837677,2.078919806081103e-06,0.4323694109916687,0.0006148865213617682,0.2644379138946533,0.2004435509443283,0.015191798098385334,0.5462735891342163,1.3605773448944092,0.0009551686234772205,8.722901344299316,-0.0018797756638377905,0.0005357488407753408,0.00016692712961230427,0.2822956144809723,0.20235151052474976,0.020015306770801544,0.45529705286026,1.3076788187026978,,,,,,,,,,,,
240,model.layers.19.self_attn.v_proj.weight,512,1024,0.0009765625,0.0007476487662643194,1.5053327083587646,-0.0017344943480566144,0.3586401343345642,0.0005250460817478597,0.19564233720302582,0.20500534772872925,0.005677408538758755,0.6053611040115356,1.401307463645935,0.00102729513309896,4.441726207733154,0.0008774885791353881,0.0005405243718996644,0.00030374916968867183,0.22058723866939545,0.2619014084339142,0.007006117142736912,0.5934677720069885,1.4197958707809448,,,,,,,,,,,,
240,model.layers.19.self_attn.o_proj.weight,1024,2048,0.00048828125,0.0003961225156672299,1.4957704544067383,-0.0006143395439721644,0.6019638776779175,0.00030679491464979947,0.09301971644163132,0.4123905599117279,0.027374645695090294,0.5182414650917053,1.4146273136138916,0.00041632784996181726,6.771797180175781,0.0005510146729648113,0.0010688640177249908,0.00015502245514653623,0.19384664297103882,0.29711657762527466,0.014412576332688332,0.5615910887718201,1.4254786968231201,,,,,,,,,,,,
240,model.layers.1.mlp.gate_proj.weight,3584,1024,0.00027901785714285713,0.0002494729124009609,2.5834596157073975,0.00045777595369145274,0.4023692011833191,0.0003099647874478251,0.16756337881088257,0.31641685962677,0.007313763257116079,0.5385284423828125,1.5168731212615967,0.000291894975816831,14.756695747375488,6.180586933624e-05,0.0014314245199784636,0.00020749603572767228,0.25712594389915466,0.22834649682044983,0.009488731622695923,0.49667999148368835,1.5080417394638062,,,,,,,,,,,,
240,model.layers.1.mlp.up_proj.weight,3584,1024,0.00027901785714285713,0.0002179993607569486,2.22560453414917,0.00036542568705044687,0.7547121047973633,9.890190267469734e-05,0.14888200163841248,0.3454284965991974,0.009334458038210869,0.5036932229995728,1.5066031217575073,0.00028309246408753097,11.831740379333496,0.0002648876397870481,0.001446913811378181,8.830751903587952e-05,0.2505912184715271,0.23845665156841278,0.010393600910902023,0.5003588795661926,1.5056841373443604,,,,,,,,,,,,
240,model.layers.1.mlp.down_proj.weight,1024,3584,0.00027901785714285713,0.0002771272847894579,4.345700740814209,0.00036656108568422496,0.746027410030365,0.001178835635073483,0.16722115874290466,0.3149312734603882,0.013941116631031036,0.5982480049133301,1.4525330066680908,0.0003018320130649954,17.048095703125,0.0001755676930770278,0.00143825460691005,0.0002351869479753077,0.22916460037231445,0.25455546379089355,0.01382402703166008,0.5050742626190186,1.424345850944519,8.0,0.06668579578399658,0.07005126029253006,0.8770711421966553,-2.2061614799895324e-05,-0.016978204250335693,1.212532877922058,,-0.005262933671474457,-0.0027554722037166357,0.015538015402853489,0.061474718153476715
240,model.layers.12.mlp.gate_proj.weight,3584,1024,0.00027901785714285713,0.0002251771802548319,2.239063262939453,0.00027043872978538275,0.5959582924842834,0.0011739598121494055,0.18649567663669586,0.2488570362329483,0.007153951097279787,0.5671558976173401,1.5277594327926636,0.00026181110297329724,6.777696132659912,8.389803406316787e-05,0.0014415835030376911,0.0005363504751585424,0.253111332654953,0.21910050511360168,0.010690982453525066,0.5029569268226624,1.5059599876403809,,,,,,,,,,,,
240,model.layers.12.mlp.up_proj.weight,3584,1024,0.00027901785714285713,0.0002866063150577247,2.3146679401397705,0.00017876725178211927,0.992826521396637,0.00022934724984224886,0.20654863119125366,0.2700197696685791,0.006900770124047995,0.5117428302764893,1.5139623880386353,0.00029586191521957517,6.473613739013672,0.0008195803384296596,0.0014484424609690905,0.000447802827693522,0.258683443069458,0.21967658400535583,0.010489700362086296,0.493868350982666,1.5088977813720703,,,,,,,,,,,,
240,model.layers.12.mlp.down_proj.weight,1024,3584,0.00027901785714285713,0.0002464942808728665,3.601139783859253,0.00016724121815059334,1.1147371530532837,0.00010390955867478624,0.20023974776268005,0.29499924182891846,0.0184735469520092,0.5434048175811768,1.4363731145858765,0.00027774780755862594,8.838675498962402,0.0006526076467707753,0.0014447373105213046,0.0001346578064840287,0.23576319217681885,0.2516375482082367,0.019371313974261284,0.4951000511646271,1.390650749206543,8.0,0.0770508274435997,0.07079410552978516,0.8797481060028076,-2.1573952835751697e-05,-0.018413929268717766,2.5476458072662354,,0.0005461987457238138,-0.0013231693301349878,0.008074832148849964,0.03837119787931442
240,model.layers.22.mlp.gate_proj.weight,3584,1024,0.00027901785714285713,0.0003080042661167681,2.3712339401245117,0.0013906772946938872,0.275265097618103,0.0007975639891810715,0.18671633303165436,0.25364160537719727,0.0067018200643360615,0.5262356400489807,1.5256578922271729,0.0002822551759891212,6.956406116485596,-0.0012401894200593233,0.0014035454951226711,0.0006242413073778152,0.22967371344566345,0.23472855985164642,0.010034262202680111,0.5016747117042542,1.5113743543624878,,,,,,,,,,,,
240,model.layers.22.mlp.up_proj.weight,3584,1024,0.00027901785714285713,0.00031016828143037856,2.4381492137908936,0.00131230428814888,0.5727792978286743,0.0009375447989441454,0.17120003700256348,0.29851803183555603,0.01302862074226141,0.5710403323173523,1.5068902969360352,0.0002718632749747485,6.208115577697754,-0.0012234406312927604,0.0014155864482745528,0.0004684095038101077,0.2210415154695511,0.24964632093906403,0.012867394834756851,0.5024727582931519,1.500118613243103,,,,,,,,,,,,
240,model.layers.22.mlp.down_proj.weight,1024,3584,0.00027901785714285713,0.0003777076490223408,2.4710071086883545,0.0014031045138835907,0.5849231481552124,0.00018247621483169496,0.1177392527461052,0.3717203140258789,0.011004104278981686,0.5150519609451294,1.4553521871566772,0.00028602947713807225,5.726949691772461,-0.00113490445073694,0.0014236333081498742,0.00018308285507373512,0.20906805992126465,0.27420875430107117,0.009229099377989769,0.5332022905349731,1.4500343799591064,8.0,0.06840737909078598,0.06779011338949203,0.8337544798851013,5.813989446323831e-06,0.002701683435589075,1.019994854927063,0.0021519876717370286,0.0015303620602935553,0.0001887542603071779,0.0034065551590174437,0.11031778156757355
240,model.layers.1.linear_attn.in_proj_qkv.weight,6144,1024,0.00016276041666666666,0.00010368631046731025,2.1229195594787598,0.0009033029200509191,0.37969014048576355,0.0011320431949570775,0.16918648779392242,0.27983325719833374,0.009870590642094612,0.513566792011261,1.532167911529541,0.00016176150529645383,15.250856399536133,0.0005972143262624741,0.0018696283223107457,0.0005088900798000395,0.2506018877029419,0.22335894405841827,0.011861806735396385,0.4983983337879181,1.5144952535629272,8.0,0.08297420293092728,0.07490421086549759,0.8664974570274353,-9.855714779405389e-06,-0.0004365787608548999,0.138637512922287,,0.0013067466206848621,-0.0005405746633186936,0.003377173561602831,0.04628482088446617
240,model.layers.1.linear_attn.out_proj.weight,1024,2048,0.00048828125,0.0008760617347434163,1.2832791805267334,0.0005361451185308397,0.9528506994247437,0.0009683388634584844,0.09722229838371277,0.42415478825569153,0.023951716721057892,0.5914459228515625,1.4280248880386353,0.0005036582588218153,11.823589324951172,-0.00030444160802289844,0.0010597193613648415,0.0006393326329998672,0.23287029564380646,0.24671712517738342,0.018939116969704628,0.5118411183357239,1.4059799909591675,,,,,,,,,,,,
240,model.layers.12.linear_attn.in_proj_qkv.weight,6144,1024,0.00016276041666666666,8.539609552826732e-05,2.3706398010253906,0.0002076837554341182,0.5572136640548706,0.0006603780202567577,0.16237613558769226,0.2748138904571533,0.004536343738436699,0.5781862139701843,1.5514997243881226,0.00013654342910740525,7.362688064575195,0.00018322918913327157,0.0018899086862802505,0.0003840738208964467,0.2494012713432312,0.22115786373615265,0.007792473770678043,0.5047215819358826,1.5361679792404175,8.0,0.07763195782899857,0.07003414630889893,0.8499565124511719,3.024294301212649e-06,-0.003367367433384061,0.2175481915473938,,0.0005360027425922453,-0.001529684173874557,-0.004897292237728834,0.08396617323160172
240,model.layers.12.linear_attn.out_proj.weight,1024,2048,0.00048828125,0.0003121746121905744,2.559312343597412,0.00022168261057231575,0.8397276401519775,5.209315713727847e-05,0.18346135318279266,0.3358612656593323,0.010906226933002472,0.5714249610900879,1.4599334001541138,0.00046236254274845123,6.268734455108643,0.0008868135628290474,0.0010973091702908278,8.927312592277303e-05,0.22718194127082825,0.2653225362300873,0.015561959706246853,0.5184440612792969,1.403283953666687,,,,,,,,,,,,
240,model.layers.21.linear_attn.in_proj_qkv.weight,6144,1024,0.00016276041666666666,0.00011752024875022471,2.689304828643799,0.00028825851040892303,0.16984686255455017,0.0006321988184936345,0.15935687720775604,0.2923807203769684,0.00509880855679512,0.5808186531066895,1.54345703125,0.00016002822667360306,8.240055084228516,-0.0005632797256112099,0.0018670274876058102,0.0006918713916093111,0.21643127501010895,0.2551312744617462,0.011590232141315937,0.5036150217056274,1.525001883506775,8.0,0.06613079458475113,0.06383512914180756,0.8741352558135986,9.537529876979534e-09,-0.00044450064888224006,0.028056951239705086,,-0.00696113146841526,-0.00231191492639482,-0.006575168576091528,0.048023104667663574
240,model.layers.21.linear_attn.out_proj.weight,1024,2048,0.00048828125,0.0003338344395160675,2.5718977451324463,0.0008366173133254051,0.34474486112594604,0.00013627750740852207,0.14216387271881104,0.3604108691215515,0.007650050334632397,0.5458788275718689,1.4541178941726685,0.000479743757750839,3.8650920391082764,0.0002942165301647037,0.0010789736406877637,0.00018915749387815595,0.2076467126607895,0.2795711159706116,0.00883289985358715,0.5430723428726196,1.4685693979263306,,,,,,,,,,,,
260,model.layers.7.self_attn.q_proj.weight,4096,1024,0.000244140625,0.00017738838505465537,1.973564863204956,-8.755698945606127e-05,0.6756684184074402,0.0012225811369717121,0.18221749365329742,0.2571358382701874,0.008385472930967808,0.5144526958465576,1.5388916730880737,0.0002248396776849404,7.890617370605469,0.0003713594633154571,0.0015427717007696629,0.0003462265885900706,0.2672824561595917,0.2041439563035965,0.009633985348045826,0.49601975083351135,1.5154882669448853,8.0,0.07802630215883255,0.07081817835569382,0.8839610815048218,3.34779942932073e-05,0.0031893812119960785,0.443200945854187,0.010496705181333608,-0.0013138826470822096,0.0005133291124366224,0.0038354964926838875,0.06226658821105957
260,model.layers.7.self_attn.k_proj.weight,512,1024,0.0009765625,0.0014450056478381157,2.1652963161468506,-1.0782297067635227e-05,0.5119851231575012,0.0016871308907866478,0.13591577112674713,0.26801687479019165,0.020464343950152397,0.7490054965019226,1.3221882581710815,0.001174889039248228,8.440537452697754,0.0025090447161346674,0.0005459715030156076,0.0007038080948404968,0.276155948638916,0.1892164647579193,0.015946652740240097,0.5203559398651123,1.346413016319275,,,,,,,,,,,,
260,model.layers.7.self_attn.v_proj.weight,512,1024,0.0009765625,0.0007516983314417303,1.5769003629684448,-0.0010673379292711616,0.9236350059509277,0.00040281174005940557,0.12837359309196472,0.2511693239212036,0.003540298668667674,0.7662129998207092,1.4489977359771729,0.0011464854469522834,5.052718162536621,0.0003098260494880378,0.0005446832510642707,0.0006038592546246946,0.18218716979026794,0.22345320880413055,0.008300073444843292,0.6885042190551758,1.4395570755004883,,,,,,,,,,,,
260,model.layers.7.self_attn.o_proj.weight,1024,2048,0.00048828125,0.00020561303244903684,1.8778820037841797,-0.0003891652449965477,1.3404589891433716,5.6790770031511784e-05,0.14919540286064148,0.3500199317932129,0.01662415638566017,0.5159006714820862,1.403141975402832,0.0003227655543014407,4.62047004699707,-5.9277244872646406e-05,0.0010828428203240037,0.00017084732826333493,0.18956217169761658,0.2872503995895386,0.022473106160759926,0.4611997902393341,1.387621521949768,,,,,,,,,,,,
260,model.layers.15.self_attn.q_proj.weight,4096,1024,0.000244140625,0.00013232295168563724,2.9059836864471436,-0.0004091013688594103,0.7828629612922668,0.00019819848239421844,0.2333810180425644,0.22107188403606415,0.0029390105046331882,0.4301396310329437,1.5470999479293823,0.0002538928820285946,7.307973861694336,0.0014230210799723864,0.001487360685132444,0.0005445423885248601,0.24639269709587097,0.2279796600341797,0.013775217346847057,0.45794805884361267,1.50619637966156,8.0,0.07128432393074036,0.06996114552021027,0.8791536688804626,1.5428318874910474e-05,0.005242092069238424,0.6804026961326599,0.002943160606706382,0.002684814389795065,0.0012224739184603095,-0.004588624928146601,0.060805026441812515
260,model.layers.15.self_attn.k_proj.weight,512,1024,0.0009765625,0.0007382252952083945,3.277862310409546,-2.2032953950201772e-07,0.750451922416687,6.607267278013751e-05,0.22331629693508148,0.27115610241889954,0.0036803027614951134,0.5855046510696411,1.4498926401138306,0.0009705034899525344,11.808816909790039,0.0010297381086274981,0.0005219221347942948,6.350831972667947e-05,0.2828488349914551,0.21498025953769684,0.008550796657800674,0.47635942697525024,1.4278379678726196,,,,,,,,,,,,
260,model.layers.15.self_attn.v_proj.weight,512,1024,0.0009765625,0.0012476418633013964,1.685517430305481,-0.0004956286284141243,0.6160327196121216,0.00012700521619990468,0.2171270102262497,0.2403346747159958,0.0027749300934374332,0.6183298826217651,1.4680671691894531,0.0013763144379481673,4.111250877380371,-0.002171207219362259,0.0005399833898991346,0.000914154399652034,0.2092532366514206,0.23633578419685364,0.007145854644477367,0.614081621170044,1.4230233430862427,,,,,,,,,,,,
260,model.layers.15.self_attn.o_proj.weight,1024,2048,0.00048828125,0.0004098418285138905,1.734049677848816,-0.0001866821403382346,0.9763312339782715,4.269636337994598e-05,0.09473370015621185,0.43405061960220337,0.016063116490840912,0.5469887852668762,1.423873782157898,0.0003780034021474421,4.747592926025391,0.000817049469333142,0.0010743702296167612,0.00010018875764217228,0.1974845826625824,0.29297107458114624,0.02291513979434967,0.5083873867988586,1.4166024923324585,,,,,,,,,,,,
260,model.layers.19.self_attn.q_proj.weight,4096,1024,0.000244140625,0.0001924725656863302,2.079634189605713,0.000540101551450789,0.46100863814353943,0.0004344640765339136,0.24736979603767395,0.20275704562664032,0.009217077866196632,0.38166311383247375,1.5260275602340698,0.0002530495112296194,6.749549388885498,-0.000744197575841099,0.00150481634773314,0.001013858476653695,0.23619166016578674,0.23545588552951813,0.022817812860012054,0.46274399757385254,1.4833186864852905,8.0,0.06980337202548981,0.07376456260681152,0.8359948992729187,3.3026840355887543e-06,0.0005575800314545631,0.3068106770515442,0.00592324661802005,-0.00011322560021653771,0.00012081385648343712,-0.006278614047914743,0.06830962747335434
260,model.layers.19.self_attn.k_proj.weight,512,1024,0.0009765625,0.0009024511673487723,2.1230082511901855,-5.952492756478023e-06,0.5196660161018372,0.0003754929348360747,0.2896784245967865,0.18582385778427124,0.010219777934253216,0.5274596214294434,1.364354133605957,0.0011462753172963858,7.981908798217773,0.0015183707000687718,0.0005463131237775087,0.0010846927762031555,0.2938019633293152,0.19464027881622314,0.02388451248407364,0.4401012659072876,1.2839809656143188,,,,,,,,,,,,
260,model.layers.19.self_attn.v_proj.weight,512,1024,0.0009765625,0.0008113828371278942,1.5191272497177124,-0.0009048597421497107,0.3434239625930786,0.002253209240734577,0.2036503553390503,0.20479734241962433,0.010485317558050156,0.5734477043151855,1.3997656106948853,0.0012565988581627607,4.881566047668457,0.0033746997360140085,0.0005266995285637677,0.0009364713332615793,0.22633221745491028,0.25523799657821655,0.009416884742677212,0.5799960494041443,1.3974609375,,,,,,,,,,,,
260,model.layers.19.self_attn.o_proj.weight,1024,2048,0.00048828125,0.0004527821729425341,1.3564836978912354,-0.00028119797934778035,0.6632921099662781,6.231733277672902e-05,0.077668197453022,0.5052918791770935,0.00622644042596221,0.6101105809211731,1.4490066766738892,0.0004276854742784053,5.7828545570373535,0.0012495777336880565,0.0010637619998306036,0.00011054716014768928,0.19154691696166992,0.3047122061252594,0.012752817943692207,0.5652303695678711,1.4345951080322266,,,,,,,,,,,,
260,model.layers.1.mlp.gate_proj.weight,3584,1024,0.00027901785714285713,0.00023400384816341102,2.8444268703460693,-0.0004145007114857435,0.35467997193336487,0.00041548217996023595,0.16794510185718536,0.3119978904724121,0.007530807051807642,0.5259283185005188,1.5248240232467651,0.0002726269594859332,16.50864028930664,0.0009376526577398181,0.0014249966479837894,0.00027044632588513196,0.25587424635887146,0.22786378860473633,0.00979530904442072,0.49880251288414,1.5094331502914429,,,,,,,,,,,,
260,model.layers.1.mlp.up_proj.weight,3584,1024,0.00027901785714285713,0.0002481926931068301,2.2694339752197266,-6.553594721481204e-05,0.6587305068969727,4.8010271711973473e-05,0.13872002065181732,0.35567420721054077,0.0067750196903944016,0.5104241967201233,1.5106076002120972,0.00030615166178904474,12.749406814575195,0.0018112343968823552,0.0014290048275142908,0.000129733671201393,0.25025081634521484,0.2380327731370926,0.009934728033840656,0.5020391345024109,1.5102646350860596,,,,,,,,,,,,
260,model.layers.1.mlp.down_proj.weight,1024,3584,0.00027901785714285713,0.00027735403273254633,4.4826130867004395,-6.682984530925751e-05,0.6554872393608093,0.0007032436551526189,0.15924443304538727,0.3170664608478546,0.011034457944333553,0.6129279136657715,1.4509862661361694,0.00029406484100036323,19.072837829589844,0.001503408420830965,0.001429441967047751,0.0003802396822720766,0.22821936011314392,0.25616058707237244,0.014701968058943748,0.5082663297653198,1.4210623502731323,8.0,0.07025078684091568,0.06570077687501907,0.9053271412849426,4.8362999223172665e-06,-0.0011623804457485676,0.8894438743591309,,-0.0016933283768594265,-0.0002378827630309388,-0.0018535102717578411,0.050007693469524384
260,model.layers.12.mlp.gate_proj.weight,3584,1024,0.00027901785714285713,0.0002345827524550259,2.8655357360839844,0.00048670402611605823,0.5438790917396545,0.000890276045538485,0.17399685084819794,0.2579999566078186,0.00658077746629715,0.5801281332969666,1.5313396453857422,0.00026964853168465197,6.5140767097473145,0.0007606996223330498,0.0014297952875494957,0.0005122110596857965,0.25551265478134155,0.21708323061466217,0.009791174903512001,0.498536080121994,1.514832854270935,,,,,,,,,,,,
260,model.layers.12.mlp.up_proj.weight,3584,1024,0.00027901785714285713,0.0002754915622062981,2.8939778804779053,0.0004166910657659173,0.9076339602470398,0.00039570193621329963,0.2084854245185852,0.2675250768661499,0.010098888538777828,0.5033267736434937,1.5097607374191284,0.0003027623170055449,6.467273235321045,0.0010657045058906078,0.0014286274090409279,0.00039819604717195034,0.2553539276123047,0.22187921404838562,0.01023639366030693,0.5017178058624268,1.5044840574264526,,,,,,,,,,,,
260,model.layers.12.mlp.down_proj.weight,1024,3584,0.00027901785714285713,0.00029057011124677956,5.8078227043151855,0.000412160181440413,0.9511014223098755,0.00022895383881404996,0.19360455870628357,0.2995360791683197,0.021247312426567078,0.5409149527549744,1.3996628522872925,0.0002664801722858101,8.04360294342041,0.0009852886432781816,0.0014274674467742443,0.0001955447078216821,0.23214730620384216,0.25373128056526184,0.022021740674972534,0.4951431453227997,1.3581136465072632,8.0,0.08364100009202957,0.06834826618432999,0.9066130518913269,4.714263559435494e-05,0.014069227501749992,1.8894425630569458,0.0033507621927707926,0.005262563470751047,0.0013535937760025263,-0.0008318594773299992,0.03644109517335892
260,model.layers.22.mlp.gate_proj.weight,3584,1024,0.00027901785714285713,0.00022389240621123463,2.548643112182617,0.0005467573064379394,0.2645089030265808,0.0013763506431132555,0.18127858638763428,0.24738946557044983,0.008790799416601658,0.5253456234931946,1.5212887525558472,0.00028053397545590997,6.196949005126953,0.0003438216808717698,0.0013908576220273972,0.0007342917961068451,0.22395430505275726,0.23960651457309723,0.01082356832921505,0.5058266520500183,1.501861333847046,,,,,,,,,,,,
260,model.layers.22.mlp.up_proj.weight,3584,1024,0.00027901785714285713,0.00030980553128756583,2.3691163063049316,0.00035657366970553994,0.6085811257362366,0.0019165162229910493,0.17476968467235565,0.2840639650821686,0.02120937965810299,0.5593715906143188,1.5012600421905518,0.00030503017478622496,5.545400142669678,-0.000181888957740739,0.0014466538559645414,0.0008766839746385813,0.22200369834899902,0.24568967521190643,0.014353137463331223,0.5004504323005676,1.4927345514297485,,,,,,,,,,,,
260,model.layers.22.mlp.down_proj.weight,1024,3584,0.00027901785714285713,0.0005019071977585554,2.09566068649292,0.0003875183465424925,0.6100531816482544,0.00023955883807502687,0.09869379550218582,0.4060482978820801,0.005468508694320917,0.5481302738189697,1.4754670858383179,0.0002964958839584142,5.163592338562012,-0.0010292183142155409,0.0014702649787068367,0.00040977212483994663,0.20615151524543762,0.27718743681907654,0.010581993497908115,0.5422180891036987,1.457867980003357,8.0,0.06876987963914871,0.0714038535952568,0.8594146966934204,5.025915743317455e-05,0.0061759790405631065,0.9340762495994568,0.008137844559231548,0.0004419663455337286,0.0005435918574221432,-0.00019090919522568583,0.1281711459159851
260,model.layers.1.linear_attn.in_proj_qkv.weight,6144,1024,0.00016276041666666666,0.00010734216630226001,2.3621432781219482,-0.0002780055801849812,0.3097001910209656,0.0015558581799268723,0.16369374096393585,0.28198105096817017,0.010510720312595367,0.52824467420578,1.5347775220870972,0.00014973936777096242,18.060871124267578,-8.996546966955066e-05,0.0018310879822820425,0.00047046272084116936,0.25017309188842773,0.2240554392337799,0.010845699347555637,0.501465916633606,1.5220222473144531,8.0,0.06342468410730362,0.06780973821878433,0.9047966599464417,5.64755566756503e-07,0.000259859865764156,0.09161508083343506,0.002173308160133757,-0.005605064798146486,-0.00015952250396367162,0.005541965365409851,0.04623855650424957
260,model.layers.1.linear_attn.out_proj.weight,1024,2048,0.00048828125,0.0006047395872883499,1.2549179792404175,3.054198168683797e-05,0.8306323289871216,0.0007697030669078231,0.08863313496112823,0.4190928637981415,0.015706991776823997,0.5713575482368469,1.4189176559448242,0.0005344650126062334,12.698145866394043,0.0005061276024207473,0.0010629786411300302,0.0004352553514763713,0.23647798597812653,0.2452010214328766,0.01723473146557808,0.5066293478012085,1.4123950004577637,,,,,,,,,,,,
260,model.layers.12.linear_attn.in_proj_qkv.weight,6144,1024,0.00016276041666666666,8.080322004389018e-05,2.808812379837036,0.00032168999314308167,0.5654668807983398,0.0006729898741468787,0.1698070466518402,0.2606189548969269,0.004579332657158375,0.5719653964042664,1.5509392023086548,0.00013551027223002166,6.463101387023926,-0.0006485278718173504,0.0019124210812151432,0.0005035009817220271,0.25099045038223267,0.21742120385169983,0.009185677394270897,0.5041327476501465,1.5341236591339111,8.0,0.07243604958057404,0.0669957622885704,0.8800778985023499,4.88480509375222e-06,0.0005422604153864086,0.20830824971199036,0.009008227329799398,0.0009064677869901061,0.0001856889866758138,-0.0047372374683618546,0.0757027193903923
260,model.layers.12.linear_attn.out_proj.weight,1024,2048,0.00048828125,0.00030772207537665963,2.8460476398468018,-0.00040183920646086335,0.7954280376434326,8.267207158496603e-05,0.15512143075466156,0.3610735535621643,0.01746940426528454,0.5789093971252441,1.4191381931304932,0.000476866087410599,5.66909646987915,0.0015550595708191395,0.0010670414194464684,0.0001796331343939528,0.22330690920352936,0.2656024396419525,0.02031037211418152,0.5190033316612244,1.3826096057891846,,,,,,,,,,,,
260,model.layers.21.linear_attn.in_proj_qkv.weight,6144,1024,0.00016276041666666666,9.317616058979183e-05,2.6392242908477783,-6.641653453698382e-05,0.16510219871997833,0.0003465016488917172,0.16519863903522491,0.27584370970726013,0.004474420100450516,0.57749342918396,1.5445374250411987,0.00014151431969366968,6.875491619110107,-0.00032775200088508427,0.0018730557058006525,0.0005237784935161471,0.22732701897621155,0.24377022683620453,0.011065185070037842,0.49507373571395874,1.5274384021759033,8.0,0.06632222980260849,0.06498406082391739,0.8876435160636902,4.917039575502713e-08,9.47258376982063e-06,0.024022933095693588,0.005190811393157857,0.0017735407454892993,-0.00018223168444819748,-0.001852769055403769,0.04799538850784302
260,model.layers.21.linear_attn.out_proj.weight,1024,2048,0.00048828125,0.0004483353695832193,2.3314900398254395,-0.000514984771143645,0.36126208305358887,0.00021754261979367584,0.13309533894062042,0.3758027255535126,0.007213952485471964,0.5577565431594849,1.48097825050354,0.0004864641814492643,3.22416353225708,0.0006514594424515963,0.001107492484152317,0.00023108546156436205,0.2042805552482605,0.2832126319408417,0.008822444826364517,0.5431665778160095,1.4676841497421265,,,,,,,,,,,,
280,model.layers.7.self_attn.q_proj.weight,4096,1024,0.000244140625,0.00011411981540732086,2.09602952003479,-9.796133963391185e-05,0.5752027630805969,0.00027869889163412154,0.1726517528295517,0.2726832926273346,0.004042094107717276,0.5489453673362732,1.5365006923675537,0.0002116495743393898,7.146578311920166,0.00031552149448543787,0.0014482662081718445,0.0004475617897696793,0.2636871635913849,0.20512144267559052,0.008991791866719723,0.5008140802383423,1.5231943130493164,8.0,0.07837489247322083,0.07018205523490906,0.8592339754104614,-2.07226985367015e-05,-0.0006704045808874071,0.3544817566871643,,0.00215648184530437,-0.00019247055752202868,-0.015887277200818062,0.05231509357690811
280,model.layers.7.self_attn.k_proj.weight,512,1024,0.0009765625,0.0013396932044997811,3.808042287826538,7.184903097368078e-06,0.3957847058773041,0.002521967049688101,0.1919330507516861,0.2331009805202484,0.029444925487041473,0.6514120101928711,1.318740725517273,0.0011783213121816516,10.047065734863281,-0.0008840024820528924,0.0005059689283370972,0.0007838534656912088,0.2885153293609619,0.1777416318655014,0.022140560671687126,0.48622092604637146,1.3236095905303955,,,,,,,,,,,,
280,model.layers.7.self_attn.v_proj.weight,512,1024,0.0009765625,0.0007493589073419571,1.7476645708084106,0.0008167406194843352,0.6466184854507446,0.000634712225291878,0.15087464451789856,0.23047395050525665,0.005170269403606653,0.7203729152679443,1.4497483968734741,0.0011766949901357293,4.8575239181518555,-0.0023031316231936216,0.0005086652236059308,0.0007167587173171341,0.18992303311824799,0.21323685348033905,0.008123398758471012,0.6706068515777588,1.4282035827636719,,,,,,,,,,,,
280,model.layers.7.self_attn.o_proj.weight,1024,2048,0.00048828125,0.00028335931710898876,1.845112919807434,0.00023901280655991286,1.2089256048202515,3.3674496080493554e-05,0.11797907203435898,0.42577505111694336,0.011791148222982883,0.6273161768913269,1.4410823583602905,0.00030214127036742866,4.188074588775635,-0.00014402939996216446,0.0010205378057435155,0.0001069807622116059,0.1906183958053589,0.28997012972831726,0.01943371817469597,0.4695316255092621,1.3960628509521484,,,,,,,,,,,,
280,model.layers.15.self_attn.q_proj.weight,4096,1024,0.000244140625,0.00015428676852025092,2.081784963607788,-0.0002372011513216421,0.7448551058769226,0.00033971466473303735,0.1907593309879303,0.2623664140701294,0.0033573259133845568,0.474811315536499,1.542769432067871,0.00024190863769035786,6.926227569580078,0.0004494568274822086,0.001505049760453403,0.00052890699589625,0.24660122394561768,0.22595222294330597,0.013018440455198288,0.4597248136997223,1.5087162256240845,8.0,0.06556615233421326,0.06825798004865646,0.8566482067108154,1.943051211128477e-05,-0.007754256017506123,0.6151973009109497,,-0.0008373318705707788,-0.0012893142411485314,-0.0049674659967422485,0.05786757543683052
280,model.layers.15.self_attn.k_proj.weight,512,1024,0.0009765625,0.0010577267967164516,3.0344338417053223,-2.9869700028939405e-06,0.6048038601875305,0.0001486197579652071,0.20457160472869873,0.2730536162853241,0.005218722857534885,0.6212818622589111,1.437412142753601,0.0010689753107726574,7.632131099700928,0.002904152264818549,0.0005443181726150215,0.00035924266558140516,0.28063488006591797,0.2170553207397461,0.007687997072935104,0.4774787724018097,1.4404109716415405,,,,,,,,,,,,
280,model.layers.15.self_attn.v_proj.weight,512,1024,0.0009765625,0.0009694190230220556,1.6473655700683594,-0.00015362451085820794,0.5336688756942749,0.00020807523105759174,0.19020159542560577,0.25744765996932983,0.004736143629997969,0.6335824728012085,1.4347199201583862,0.0010546960402280092,4.299588680267334,0.0015767900040373206,0.0005326313548721373,0.0011822538217529655,0.21390432119369507,0.2342461198568344,0.008122392930090427,0.6054512858390808,1.4209955930709839,,,,,,,,,,,,
280,model.layers.15.self_attn.o_proj.weight,1024,2048,0.00048828125,0.00045399501686915755,1.6699556112289429,-4.5425971620716155e-05,1.0570508241653442,2.5412738978047855e-05,0.08218013495206833,0.48692893981933594,0.007307425606995821,0.6092723608016968,1.4421640634536743,0.00038729829248040915,4.488326072692871,0.0013100078795105219,0.0010719208512455225,7.651381747564301e-05,0.20425625145435333,0.28120186924934387,0.017393961548805237,0.49592241644859314,1.4107424020767212,,,,,,,,,,,,
280,model.layers.19.self_attn.q_proj.weight,4096,1024,0.000244140625,0.00020750719704665244,1.8380924463272095,-0.00016918011533562094,0.6068436503410339,0.000513787439558655,0.23007485270500183,0.20459380745887756,0.0059980168007314205,0.3650123178958893,1.5206259489059448,0.00025345489848405123,6.42849063873291,-0.0003564785874914378,0.001556376344524324,0.0006635810132138431,0.24701201915740967,0.22550751268863678,0.017844868823885918,0.44731852412223816,1.4934104681015015,8.0,0.07184034585952759,0.07660501450300217,0.8360334634780884,1.95503616851056e-05,0.0018234235467389226,0.49118056893348694,0.010721788538965717,0.003055232111364603,0.0012212848523631692,0.0016598543152213097,0.0751686692237854
280,model.layers.19.self_attn.k_proj.weight,512,1024,0.0009765625,0.0009831998031586409,2.2413787841796875,1.2069408512616064e-06,0.5906911492347717,6.27827612333931e-05,0.23847565054893494,0.21835485100746155,0.011705593205988407,0.5893048644065857,1.3688913583755493,0.0011765861418098211,8.521860122680664,0.0002447065489832312,0.0005570557550527155,0.0006773215136490762,0.2962439954280853,0.18569350242614746,0.02194291166961193,0.4424480199813843,1.3019222021102905,,,,,,,,,,,,
280,model.layers.19.self_attn.v_proj.weight,512,1024,0.0009765625,0.0007651217747479677,1.4831598997116089,0.00036023196298629045,0.4651206433773041,0.002192606683820486,0.20254680514335632,0.21440309286117554,0.012083486653864384,0.585625946521759,1.3881608247756958,0.001305323326960206,4.074175834655762,0.0014249138766899705,0.0005581345758400857,0.0009705486590974033,0.22938452661037445,0.252057284116745,0.011206947267055511,0.5701985955238342,1.3819631338119507,,,,,,,,,,,,
280,model.layers.19.self_attn.o_proj.weight,1024,2048,0.00048828125,0.0004284906608518213,1.4533958435058594,0.00012587277160491794,0.8047860264778137,0.00019821032765321434,0.09636387974023819,0.412848562002182,0.021401826292276382,0.5286686420440674,1.4327501058578491,0.000414981332141906,5.418569564819336,0.0016806095372885466,0.0011070950422436,0.00020454519835766405,0.19082129001617432,0.3052920997142792,0.01604737900197506,0.5671141147613525,1.4161614179611206,,,,,,,,,,,,
280,model.layers.1.mlp.gate_proj.weight,3584,1024,0.00027901785714285713,0.0003148920659441501,3.48823881149292,-0.0004124311381019652,0.38061782717704773,0.0004447255632840097,0.193289652466774,0.280449777841568,0.00979546643793583,0.5160560011863708,1.5118578672409058,0.0002690941619221121,16.259113311767578,0.0008239843882620335,0.0013770448276773095,0.0002928644244093448,0.2553804814815521,0.22638921439647675,0.010969744063913822,0.5019015073776245,1.502174735069275,,,,,,,,,,,,
280,model.layers.1.mlp.up_proj.weight,3584,1024,0.00027901785714285713,0.0004251485224813223,2.763510227203369,-0.0002252005651826039,0.6863610744476318,0.00016758257697802037,0.16305729746818542,0.3380875289440155,0.010100951418280602,0.5186343193054199,1.5077179670333862,0.000277891376754269,12.884610176086426,0.0011548945913091302,0.0013814774574711919,0.00012856113607995212,0.25125306844711304,0.2361169159412384,0.009780754335224628,0.5010532736778259,1.509386420249939,,,,,,,,,,,,
280,model.layers.1.mlp.down_proj.weight,1024,3584,0.00027901785714285713,0.0002811597369145602,4.732991695404053,-0.00021012600336689502,0.731979250907898,0.00047528708819299936,0.15401501953601837,0.33269578218460083,0.0104100676253438,0.6392549276351929,1.451025366783142,0.0002871544274967164,18.17909812927246,0.0007505537359975278,0.0013844419736415148,0.000371859670849517,0.22509470582008362,0.2590835690498352,0.014623577706515789,0.5135195851325989,1.4167966842651367,8.0,0.0776592493057251,0.07297362387180328,0.8706629872322083,-1.177986450784374e-05,0.00586002366617322,1.1520655155181885,-0.0020102076679045845,-0.001382816000841558,0.0009969547390937805,0.006780491676181555,0.062959685921669
280,model.layers.12.mlp.gate_proj.weight,3584,1024,0.00027901785714285713,0.0002650391252245754,2.561469316482544,-4.4173331843921915e-05,0.5750108957290649,0.001479346421547234,0.1853424459695816,0.24744322896003723,0.008549967780709267,0.558150589466095,1.5266519784927368,0.00026731117395684123,6.178080081939697,0.0005865100538358092,0.0014152965741232038,0.000373607239453122,0.2529529929161072,0.21790362894535065,0.009113753214478493,0.5022977590560913,1.5165003538131714,,,,,,,,,,,,
280,model.layers.12.mlp.up_proj.weight,3584,1024,0.00027901785714285713,0.00024797776131890714,2.5597290992736816,0.00014527430175803602,0.9648537635803223,0.00024891854263842106,0.2131672352552414,0.25980401039123535,0.005998849403113127,0.49521592259407043,1.517910361289978,0.00028685672441497445,5.692802906036377,0.00026985915610566735,0.001429359894245863,0.00024748031864874065,0.2593172788619995,0.2189912050962448,0.009594032540917397,0.49013662338256836,1.5056599378585815,,,,,,,,,,,,
280,model.layers.12.mlp.down_proj.weight,1024,3584,0.00027901785714285713,0.0002568671479821205,4.937711715698242,0.00014514444046653807,1.012024998664856,9.317578951595351e-05,0.1845845729112625,0.3157995939254761,0.013483567163348198,0.5660975575447083,1.4326977729797363,0.0003119932080153376,7.550656795501709,0.00027195672737434506,0.001432602759450674,0.00015932116366457194,0.2296600341796875,0.25824350118637085,0.01900346204638481,0.5037336945533752,1.4067981243133545,8.0,0.06638149917125702,0.07003053277730942,0.8983461856842041,-2.913576281571295e-05,0.004471378400921822,2.071295738220215,-0.00651605840599541,-0.0019974703900516033,0.0004367731453385204,-0.02365116775035858,0.022139402106404305
280,model.layers.22.mlp.gate_proj.weight,3584,1024,0.00027901785714285713,0.00021452004148159176,2.1278553009033203,-0.00010053255391540006,0.3496117889881134,0.000436270609498024,0.18424154818058014,0.2552776634693146,0.005498507991433144,0.528134822845459,1.5254989862442017,0.0002872181066777557,6.030575752258301,-0.0010902670910581946,0.0014201188459992409,0.0006709907320328057,0.22940464317798615,0.23313568532466888,0.010160216130316257,0.49191129207611084,1.5060282945632935,,,,,,,,,,,,
280,model.layers.22.mlp.up_proj.weight,3584,1024,0.00027901785714285713,0.00019132810120936483,2.161386728286743,-0.0003282638790551573,0.8241105675697327,0.0007771471282467246,0.1750880777835846,0.2908115088939667,0.012313181534409523,0.5614143013954163,1.502872347831726,0.0003353412903379649,5.802519798278809,0.0016327069606631994,0.0014485649298876524,0.0007987385615706444,0.2158118486404419,0.25384101271629333,0.014752306044101715,0.5111255645751953,1.4971119165420532,,,,,,,,,,,,
280,model.layers.22.mlp.down_proj.weight,1024,3584,0.00027901785714285713,0.0003816927201114595,2.054584264755249,-0.00036942123551853,0.8031140565872192,0.00018231816648039967,0.10236737132072449,0.3994104564189911,0.007307091727852821,0.5538175702095032,1.4621161222457886,0.00029665514011867344,5.356249809265137,0.001243772218003869,0.0014586610486730933,0.0003371229686308652,0.21217307448387146,0.2708672285079956,0.011045876890420914,0.5348668098449707,1.4524286985397339,8.0,0.07250771671533585,0.07353910058736801,0.8387524485588074,5.195080302655697e-05,0.029411258175969124,1.5919671058654785,0.001766357723145761,0.0025327519979327917,0.0020219851285219193,-0.01358249131590128,0.12313376367092133
280,model.layers.1.linear_attn.in_proj_qkv.weight,6144,1024,0.00016276041666666666,0.00010409424430690706,2.577047348022461,0.00015215473831631243,0.28826943039894104,0.0005675164284184575,0.17437051236629486,0.27482011914253235,0.006406203843653202,0.5280882716178894,1.5373362302780151,0.0001345653145108372,15.498635292053223,-0.0003487006470095366,0.0017757363384589553,0.00043406509212218225,0.24694636464118958,0.2277899980545044,0.01028834655880928,0.5062364935874939,1.5243624448776245,8.0,0.0748407393693924,0.07343506813049316,0.8897607326507568,1.0460801149747567e-06,0.0008889005985110998,0.07582787424325943,0.0011768246266533413,0.002598429564386606,0.0017838372150436044,-0.00897904485464096,0.027857482433319092
280,model.layers.1.linear_attn.out_proj.weight,1024,2048,0.00048828125,0.0012486589839681983,1.3754507303237915,0.00018351593462284654,0.8005362153053284,0.00043703452683985233,0.10250984132289886,0.4171897768974304,0.0088898791000247,0.6079111695289612,1.4527132511138916,0.0005713826394639909,14.474129676818848,-0.0009273395407944918,0.0010373961413279176,0.000433208275353536,0.23255664110183716,0.2506268322467804,0.013908041641116142,0.5217382311820984,1.4280283451080322,,,,,,,,,,,,
280,model.layers.12.linear_attn.in_proj_qkv.weight,6144,1024,0.00016276041666666666,8.512673230143264e-05,2.3177566528320312,-0.00011212539538973942,0.5600019097328186,0.0008689684909768403,0.16152505576610565,0.2610209882259369,0.005767934489995241,0.5748971104621887,1.5487676858901978,0.00012649197014980018,6.804620742797852,2.105382918671239e-05,0.0018426812021061778,0.0004052518343087286,0.2531428039073944,0.21758206188678741,0.008880897425115108,0.5032586455345154,1.533582091331482,8.0,0.07385613769292831,0.07097624987363815,0.8753011226654053,2.8860627026006114e-06,0.0012931812088936567,0.19643744826316833,0.0022317542837400938,0.001040305127389729,0.001666173106059432,-0.00947644654661417,0.08773693442344666
280,model.layers.12.linear_attn.out_proj.weight,1024,2048,0.00048828125,0.00031435617711395025,2.7470290660858154,-0.00037129243719391525,0.8397909998893738,5.3678362746722996e-05,0.15507294237613678,0.36488765478134155,0.009644927456974983,0.5900884866714478,1.4412387609481812,0.0004684473678935319,5.7215399742126465,0.001339872251264751,0.001074617961421609,0.00011303713108645752,0.2249995917081833,0.2658802568912506,0.014971139840781689,0.5238168835639954,1.4124675989151,,,,,,,,,,,,
280,model.layers.21.linear_attn.in_proj_qkv.weight,6144,1024,0.00016276041666666666,8.61758817336522e-05,2.1105082035064697,-0.0001084691975847818,0.1823008805513382,0.000604059430770576,0.14601247012615204,0.29243430495262146,0.005101013462990522,0.600912868976593,1.542462706565857,0.0001664652518229559,6.92482852935791,0.0009465773473493755,0.0018518570577725768,0.0005568513297475874,0.22713720798492432,0.2436436265707016,0.010823780670762062,0.49056491255760193,1.5273646116256714,8.0,0.07311820238828659,0.07636474072933197,0.8766945004463196,7.255836180775077e-07,0.0006657021585851908,0.024197809398174286,0.001089952328860676,0.004666527267545462,0.005283819977194071,0.014177318662405014,0.07822735607624054
280,model.layers.21.linear_attn.out_proj.weight,1024,2048,0.00048828125,0.0003566755331121385,2.2083754539489746,0.0011005597189068794,0.42415860295295715,0.00017228658543899655,0.12481074780225754,0.37793034315109253,0.006668559275567532,0.5593040585517883,1.4708369970321655,0.00047261270810849965,3.4728384017944336,0.0003855318936984986,0.001114553539082408,0.00010156320058740675,0.20671768486499786,0.27908703684806824,0.007775565143674612,0.5396041870117188,1.4672613143920898,,,,,,,,,,,,
300,model.layers.7.self_attn.q_proj.weight,4096,1024,0.000244140625,0.00014727986126672477,2.779914140701294,-0.00024898297851905227,0.5900022387504578,0.0008673640550114214,0.1797042340040207,0.2609141170978546,0.007955620065331459,0.5205233097076416,1.535179615020752,0.00021658501646015793,8.195656776428223,0.00030496236286126077,0.0015616407617926598,0.0007396003929898143,0.26224467158317566,0.20620514452457428,0.011051188223063946,0.498853862285614,1.5152825117111206,8.0,0.07014597207307816,0.0731460377573967,0.8646555542945862,1.643909672566224e-05,-0.00025475278380326927,0.3574051856994629,,-0.0042525711469352245,0.00015478611749131233,-0.0009074268164113164,0.05835312232375145
300,model.layers.7.self_attn.k_proj.weight,512,1024,0.0009765625,0.0013833983102813363,4.636072635650635,1.3395703035712359e-06,0.42168793082237244,0.0015261691296473145,0.1569376289844513,0.2525794804096222,0.02320476993918419,0.6924974322319031,1.3305132389068604,0.0012055336264893413,8.954448699951172,0.004420678596943617,0.0005542153376154602,0.00037036483990959823,0.27679893374443054,0.1860920488834381,0.01745636574923992,0.5147788524627686,1.3414000272750854,,,,,,,,,,,,
300,model.layers.7.self_attn.v_proj.weight,512,1024,0.0009765625,0.0008769729174673557,1.5657436847686768,0.0011819929350167513,0.8921567797660828,0.0002366858971072361,0.11031100898981094,0.26109471917152405,0.0025049326941370964,0.7950164675712585,1.4677295684814453,0.001000074902549386,4.829767227172852,0.0010755846742540598,0.0005497365491464734,0.0003816512180492282,0.1761854887008667,0.22248707711696625,0.006893063895404339,0.6959106922149658,1.4449204206466675,,,,,,,,,,,,
300,model.layers.7.self_attn.o_proj.weight,1024,2048,0.00048828125,0.0002443565463181585,2.123961925506592,0.00044587411684915423,1.264169454574585,5.368583879317157e-05,0.14368610084056854,0.36392882466316223,0.020281720906496048,0.5367006659507751,1.4110878705978394,0.00033424459979869425,4.494193077087402,0.000536164443474263,0.0010986363049596548,0.00015613174764439464,0.18567359447479248,0.2973288297653198,0.02280479297041893,0.4804304838180542,1.3924983739852905,,,,,,,,,,,,
300,model.layers.15.self_attn.q_proj.weight,4096,1024,0.000244140625,0.0001275811082450673,3.110852003097534,-0.0004418546741362661,0.7202897667884827,0.00017061705875676125,0.19869768619537354,0.23991341888904572,0.003017040668055415,0.4333682656288147,1.5435549020767212,0.0002513678336981684,7.8313398361206055,0.0017748699756339192,0.0015733015025034547,0.0004651359049603343,0.24370649456977844,0.22780631482601166,0.012398902326822281,0.45326903462409973,1.501896858215332,8.0,0.06550977379083633,0.07245156913995743,0.8669496774673462,-2.321118245163234e-06,0.0007616853108629584,0.6316881775856018,-0.0030473454221317483,0.001250307192094624,0.00034240775858052075,0.007785217836499214,0.06667747348546982
300,model.layers.15.self_attn.k_proj.weight,512,1024,0.0009765625,0.0009698663488961756,4.464694499969482,4.501384864852298e-06,0.6401536464691162,7.422709313686937e-05,0.22157222032546997,0.26874685287475586,0.005100311245769262,0.5823898315429688,1.457288146018982,0.0011252107797190547,9.706095695495605,0.0006167237879708409,0.000544801470823586,2.0947245502611622e-05,0.2865101099014282,0.21198098361492157,0.009419618174433708,0.4647133946418762,1.4151667356491089,,,,,,,,,,,,
300,model.layers.15.self_attn.v_proj.weight,512,1024,0.0009765625,0.0008490300388075411,1.9991509914398193,0.0005765727255493402,0.6124322414398193,0.00012044105096720159,0.19201762974262238,0.25900325179100037,0.0052324156276881695,0.6545097231864929,1.439906358718872,0.001064262934960425,4.915720462799072,-0.0005424867267720401,0.000564772286452353,0.00041409931145608425,0.2164064198732376,0.23945863544940948,0.005359717179089785,0.6106982231140137,1.4542688131332397,,,,,,,,,,,,
300,model.layers.15.self_attn.o_proj.weight,1024,2048,0.00048828125,0.0004427966196089983,2.023014545440674,0.00019952475850004703,1.058955430984497,5.812664676341228e-05,0.0981726348400116,0.43012961745262146,0.012490767054259777,0.5603666305541992,1.4295388460159302,0.0004560772213153541,5.308920383453369,0.0002514143125154078,0.0011286436347290874,6.642246444243938e-05,0.19940784573554993,0.29346778988838196,0.01977023482322693,0.5150080323219299,1.4078258275985718,,,,,,,,,,,,
300,model.layers.19.self_attn.q_proj.weight,4096,1024,0.000244140625,0.00017583683074917644,2.9549739360809326,-0.0004370884271338582,0.4783213436603546,0.00043467615614645183,0.21866929531097412,0.227790966629982,0.00591361615806818,0.42034584283828735,1.5328457355499268,0.0002404628467047587,8.206344604492188,-1.9883942513843067e-05,0.001547057880088687,0.000542990630492568,0.2414730191230774,0.23027388751506805,0.01802012138068676,0.4551560580730438,1.4873980283737183,8.0,0.07286567240953445,0.07302727550268173,0.8577714562416077,-2.5322647161374334e-06,0.00010029909026343375,0.3364475667476654,-0.025247135437484886,-0.0014448068104684353,0.0004620896652340889,0.00019283370056655258,0.07584970444440842
300,model.layers.19.self_attn.k_proj.weight,512,1024,0.0009765625,0.0010559791699051857,2.9047322273254395,5.671289272868307e-06,0.5409207940101624,0.0009440840221941471,0.2376917600631714,0.22526220977306366,0.014761154539883137,0.5805005431175232,1.350570559501648,0.0009003151790238917,10.21241569519043,0.00070230383425951,0.0005535956006497145,0.0005305992090143263,0.2786629796028137,0.2025904655456543,0.019265849143266678,0.45746204257011414,1.3252758979797363,,,,,,,,,,,,
300,model.layers.19.self_attn.v_proj.weight,512,1024,0.0009765625,0.0008566936594434083,1.8179681301116943,-0.0006039078580215573,0.34904804825782776,0.0008205765625461936,0.1726718544960022,0.2310369610786438,0.005445065908133984,0.6339864730834961,1.4286178350448608,0.0010492400033399463,4.861881732940674,0.000735986977815628,0.0005508899339474738,0.00039926316821947694,0.21353086829185486,0.2617970407009125,0.007489882409572601,0.5898609757423401,1.428672432899475,,,,,,,,,,,,
300,model.layers.19.self_attn.o_proj.weight,1024,2048,0.00048828125,0.0005643638432957232,1.5405956506729126,-0.00017617855337448418,0.7170475125312805,6.0324524383759126e-05,0.07396814227104187,0.48307567834854126,0.007395519874989986,0.6059543490409851,1.4528594017028809,0.0004195121582597494,6.467703342437744,-0.00031327709439210594,0.001118471729569137,0.0001317377609666437,0.1811584234237671,0.31455549597740173,0.012813245877623558,0.5843755006790161,1.4430984258651733,,,,,,,,,,,,
300,model.layers.1.mlp.gate_proj.weight,3584,1024,0.00027901785714285713,0.0002533219812903553,3.4843215942382812,-0.00012295524356886744,0.36914217472076416,0.0006880330620333552,0.17440950870513916,0.3052401542663574,0.009998904541134834,0.5328477621078491,1.5157558917999268,0.00027941697044298053,17.974876403808594,0.00013854553981218487,0.0014341891510412097,0.0002204450429417193,0.25601568818092346,0.229036346077919,0.009425973519682884,0.5014775395393372,1.5122994184494019,,,,,,,,,,,,
300,model.layers.1.mlp.up_proj.weight,3584,1024,0.00027901785714285713,0.00036512999213300645,2.902130126953125,0.00013159154332242906,0.6561462879180908,0.00010469012340763584,0.1598898321390152,0.3336273431777954,0.00783784594386816,0.5071963667869568,1.5088344812393188,0.0002841525129042566,14.431459426879883,0.001247956301085651,0.0014287473168224096,0.00015491929661948234,0.2502070963382721,0.2373601496219635,0.010525496676564217,0.5030964612960815,1.5097495317459106,,,,,,,,,,,,
300,model.layers.1.mlp.down_proj.weight,1024,3584,0.00027901785714285713,0.0002588237985037267,6.218743801116943,0.0001226394233526662,0.6900758743286133,0.0011223661713302135,0.16376590728759766,0.31695592403411865,0.013787872157990932,0.6115182638168335,1.4393235445022583,0.0003439053543843329,18.77456283569336,0.0010079265339300036,0.0014335662126541138,0.00029993386124260724,0.22893495857715607,0.2543075382709503,0.014048469252884388,0.5073020458221436,1.4246982336044312,8.0,0.06618477404117584,0.06926020234823227,0.8902817964553833,7.871475645515602e-06,-0.0009878650307655334,1.0496852397918701,,-0.0006198761984705925,-0.00033934417297132313,-0.002588709583505988,0.04217439517378807
300,model.layers.12.mlp.gate_proj.weight,3584,1024,0.00027901785714285713,0.0001950753212440759,3.163547992706299,0.00026180243003182113,0.5483286380767822,0.001472574775107205,0.17907990515232086,0.256780207157135,0.008592934347689152,0.5602527260780334,1.523478388786316,0.00027697350014932454,7.415997505187988,-0.0007281776051968336,0.0014188552740961313,0.0004929496208205819,0.2492644190788269,0.2215595245361328,0.010932014323771,0.5012689232826233,1.5054057836532593,,,,,,,,,,,,
300,model.layers.12.mlp.up_proj.weight,3584,1024,0.00027901785714285713,0.0002558952837716788,2.868762969970703,0.0007129250443540514,0.9335929155349731,0.00032317903242073953,0.20783290266990662,0.264357328414917,0.008440874516963959,0.48847103118896484,1.5135291814804077,0.0002768842678051442,6.985578536987305,-3.686595300678164e-05,0.0014133877120912075,0.0004882235371042043,0.2543591558933258,0.22455382347106934,0.011153331026434898,0.4949914216995239,1.509817123413086,,,,,,,,,,,,
300,model.layers.12.mlp.down_proj.weight,1024,3584,0.00027901785714285713,0.0002672890550456941,7.255083084106445,0.0007348779472522438,0.9384176135063171,0.00010564238618826494,0.19978176057338715,0.2940300703048706,0.015244157053530216,0.5431226491928101,1.4184801578521729,0.0002901943225879222,8.438924789428711,0.00036623040796257555,0.0014242434408515692,0.0001274532260140404,0.22813789546489716,0.26143890619277954,0.015712551772594452,0.5091117024421692,1.4213533401489258,8.0,0.07473520934581757,0.07137689739465714,0.8931218385696411,4.675340278481599e-06,0.0055982135236263275,1.8449515104293823,0.0008351486163845134,-0.0007170945173129439,0.0005582447629421949,-0.0018634841544553638,0.030276531353592873
300,model.layers.22.mlp.gate_proj.weight,3584,1024,0.00027901785714285713,0.0002627518551889807,2.892831563949585,-0.0007129652076400816,0.313726544380188,0.0022150848526507616,0.19324487447738647,0.2269148826599121,0.01128089427947998,0.49719950556755066,1.517931580543518,0.0002835970080923289,7.047006607055664,0.0006475704140029848,0.001417019171640277,0.0005404656403698027,0.22849850356578827,0.23343349993228912,0.009740356355905533,0.5015659928321838,1.5093663930892944,,,,,,,,,,,,
300,model.layers.22.mlp.up_proj.weight,3584,1024,0.00027901785714285713,0.00026203625020571053,3.0273845195770264,-0.0002888268791139126,0.728514552116394,0.0007126913988031447,0.17555810511112213,0.2946220338344574,0.011995759792625904,0.5667830109596252,1.5082625150680542,0.00027715766918845475,6.373970031738281,-0.00013393607514444739,0.0014551240019500256,0.0007400126196444035,0.21610337495803833,0.25402912497520447,0.014878453686833382,0.5124227404594421,1.5030931234359741,,,,,,,,,,,,
300,model.layers.22.mlp.down_proj.weight,1024,3584,0.00027901785714285713,0.00034296681405976415,2.3825876712799072,-0.00033165793865919113,0.7012155055999756,0.00023794532171450555,0.10720527917146683,0.3845917880535126,0.010942893102765083,0.5345022082328796,1.4620208740234375,0.0003008384082932025,6.171115875244141,-0.0004815808788407594,0.0014439511578530073,0.0003503908810671419,0.21148613095283508,0.2703210711479187,0.011176778934895992,0.5330625176429749,1.45315420627594,8.0,0.07616360485553741,0.06904825568199158,0.8322675824165344,-6.266456330195069e-05,-0.014715011231601238,1.4222862720489502,,-0.0002066559245577082,-0.0004746582708321512,-0.00012726440036203712,0.12617643177509308
300,model.layers.1.linear_attn.in_proj_qkv.weight,6144,1024,0.00016276041666666666,0.00011476532381493598,2.7236995697021484,0.0007497252663597465,0.3030509054660797,0.0005093978252261877,0.17012274265289307,0.2854214906692505,0.006432629190385342,0.5268735289573669,1.5386543273925781,0.00016941085050348192,18.039766311645508,0.0004157254006713629,0.0018780147656798363,0.0005613496177829802,0.2493564784526825,0.2278488427400589,0.011230381205677986,0.5016211271286011,1.5210011005401611,8.0,0.07018209993839264,0.06750589609146118,0.8885507583618164,-3.552353859959112e-07,-0.0007767834467813373,0.09779815375804901,,-0.00232391944155097,-0.0005678041488863528,0.0030946526676416397,0.03794434294104576
300,model.layers.1.linear_attn.out_proj.weight,1024,2048,0.00048828125,0.00046878340071998537,1.418211817741394,0.0007339136791415513,0.8192156553268433,0.00036081692087464035,0.09462442249059677,0.43376675248146057,0.010113019496202469,0.5967679619789124,1.4445655345916748,0.0005557533586397767,13.958159446716309,-0.0009866149630397558,0.0010945486137643456,0.00023981234699022025,0.23107033967971802,0.2509409785270691,0.014804370701313019,0.5168048739433289,1.4300998449325562,,,,,,,,,,,,
300,model.layers.12.linear_attn.in_proj_qkv.weight,6144,1024,0.00016276041666666666,7.413206913042814e-05,2.9822001457214355,0.00030494193197228014,0.5472660660743713,0.00037040244205854833,0.17031820118427277,0.26297488808631897,0.0032020171638578176,0.5707935690879822,1.5536216497421265,0.00012320614769123495,7.615571975708008,-0.0005066054873168468,0.0018583076307550073,0.0003554902505129576,0.25133153796195984,0.21773044764995575,0.007889079861342907,0.5085865259170532,1.53656804561615,8.0,0.06642360985279083,0.07078909128904343,0.8619216680526733,1.8084294879372464e-06,-0.0006186297396197915,0.19668594002723694,,-0.00014351634308695793,-0.00016715099627617747,0.0009181710775010288,0.07469914108514786
300,model.layers.12.linear_attn.out_proj.weight,1024,2048,0.00048828125,0.00029505937709473073,2.9213297367095947,0.00020843233505729586,0.781382143497467,5.4712432756787166e-05,0.15775834023952484,0.3542899191379547,0.0152587890625,0.578903079032898,1.427186131477356,0.0004712613590527326,5.344192981719971,5.185213376535103e-05,0.0010894779115915298,8.4859857452102e-05,0.22075089812278748,0.2698045074939728,0.017532162368297577,0.5306112766265869,1.4226518869400024,,,,,,,,,,,,
300,model.layers.21.linear_attn.in_proj_qkv.weight,6144,1024,0.00016276041666666666,0.00010131146700587124,2.633274555206299,0.00022549177811015397,0.2339080423116684,0.0005980813293717802,0.16891559958457947,0.26883020997047424,0.004647912457585335,0.5773355960845947,1.5462793111801147,0.00018174793513026088,7.425845623016357,0.0015148631064221263,0.0019219047389924526,0.0016380465822294354,0.22551582753658295,0.24010036885738373,0.016106609255075455,0.4920004904270172,1.522367238998413,8.0,0.08763665705919266,0.07538779824972153,0.8467562198638916,1.4109486983215902e-06,0.00012532463006209582,0.044473327696323395,0.011258351192598723,0.0026109125465154648,0.0006139549659565091,0.016821611672639847,0.07964116334915161
300,model.layers.21.linear_attn.out_proj.weight,1024,2048,0.00048828125,0.0003445367910899222,2.7867918014526367,0.0009227374102920294,0.4478877782821655,0.00023405028332490474,0.13564187288284302,0.3730201721191406,0.007970282807946205,0.5646677613258362,1.470465064048767,0.00047632234054617584,3.857043504714966,-0.0004329602816142142,0.0011283596977591515,0.0001769946829881519,0.20486754179000854,0.2842310965061188,0.007371552754193544,0.5478458404541016,1.4781845808029175,,,,,,,,,,,,
