step,matrix,m,n,r_null,G_r_spectrum,G_stable_rank_G,G_alignment_GW,G_G_fro,G_energy_top,G_energy_mid,G_energy_tail,G_energy_top_rows,G_energy_tail_rows,G_pangle_Gtop_Wtop_mean,H_r_spectrum,H_stable_rank_G,H_alignment_GW,H_G_fro,H_energy_top,H_energy_mid,H_energy_tail,H_energy_top_rows,H_energy_tail_rows,H_pangle_Gtop_Wtop_mean,n_microbatch,snr_diag_median,snr_offdiag_median,spearman_absC_snr,sig_energy_diag,sig_energy_total,noise_energy,R_sigma_cross,snr_cross_diag_median,snr_cross_offdiag_median,spearman_absC_snr_cross,spearman_absC_split
20,model.layers.7.self_attn.q_proj.weight,4096,1024,0.000244140625,0.00013776413106825203,2.147360324859619,-6.070153176551685e-05,0.6481295228004456,0.0008473101770505309,0.18122617900371552,0.2571637034416199,0.006965721026062965,0.5104783177375793,1.5351346731185913,2.024911793796491e-07,6.879834175109863,-8.476502262055874e-05,0.005250918213278055,0.00026648573111742735,0.2710626423358917,0.20253989100456238,0.009212715551257133,0.49070945382118225,1.5235710144042969,8.0,0.08550005406141281,0.07474502176046371,0.8880629539489746,1.546273779240437e-05,0.008441505953669548,0.4005703926086426,0.0018317510971703657,0.005470288917422295,0.0030470476485788822,0.019376259297132492,0.07559825479984283
20,model.layers.7.self_attn.k_proj.weight,512,1024,0.0009765625,0.0017948163440451026,3.1602776050567627,5.198990038479678e-06,0.47071048617362976,0.005634742323309183,0.16907180845737457,0.22661486268043518,0.03549809753894806,0.6636148691177368,1.3304532766342163,1.367619972825196e-07,9.97773551940918,-0.00012822543794754893,0.001900619943626225,0.0005768788396380842,0.28190773725509644,0.18992836773395538,0.017195194959640503,0.49983683228492737,1.3435057401657104,,,,,,,,,,,,
20,model.layers.7.self_attn.v_proj.weight,512,1024,0.0009765625,0.000873359851539135,1.6311640739440918,-0.0007038829498924315,1.0101430416107178,0.0007808394730091095,0.11261506378650665,0.2519019544124603,0.005929089616984129,0.7945168018341064,1.4380041360855103,2.0086912400074652e-07,5.401752948760986,-0.00010939205822069198,0.0018217790639027953,0.0002966417232528329,0.17919209599494934,0.232083261013031,0.007057300303131342,0.6937577128410339,1.4386968612670898,,,,,,,,,,,,
20,model.layers.7.self_attn.o_proj.weight,1024,2048,0.00048828125,0.00028264636057429016,1.742343783378601,-0.0002533183724153787,1.4842500686645508,8.093672659015283e-05,0.12213560193777084,0.3967241048812866,0.03041202761232853,0.579191267490387,1.395465612411499,1.3537686527342885e-07,4.797806739807129,-0.00010639178799465299,0.0036465590819716454,9.752909681992605e-05,0.19254127144813538,0.2864926755428314,0.024353286251425743,0.4610361158847809,1.3717248439788818,,,,,,,,,,,,
20,model.layers.15.self_attn.q_proj.weight,4096,1024,0.000244140625,0.00015219143824651837,3.4141123294830322,-3.349937469465658e-05,0.740314781665802,0.0003020373114850372,0.228411003947258,0.22149558365345,0.0038185350131243467,0.4099360406398773,1.5441783666610718,7.162632442714312e-08,7.838932991027832,-8.820682705845684e-05,0.005475095938891172,0.0004566629941109568,0.250429630279541,0.22256487607955933,0.013117633759975433,0.4514283537864685,1.5017105340957642,8.0,0.0700913742184639,0.06791448593139648,0.882689356803894,1.1848836948047392e-05,0.0039319321513175964,0.7496815919876099,0.003013489676844202,0.0020425976254045963,0.0008140478166751564,-0.017698734998703003,0.04198829084634781
20,model.layers.15.self_attn.k_proj.weight,512,1024,0.0009765625,0.0008434897172264755,5.256350040435791,-2.625504976094817e-06,0.6885571479797363,9.144365321844816e-05,0.2395922690629959,0.2398601770401001,0.004747553262859583,0.5729314088821411,1.4540834426879883,1.078319655789528e-07,8.720561981201172,-0.00010877109889406711,0.0018477989360690117,7.773472316330299e-05,0.2824994921684265,0.21258527040481567,0.008645662106573582,0.4745846390724182,1.4384222030639648,,,,,,,,,,,,
20,model.layers.15.self_attn.v_proj.weight,512,1024,0.0009765625,0.0009314385824836791,1.7160935401916504,-0.0013995012268424034,0.679949939250946,7.549140718765557e-05,0.19536812603473663,0.2586687207221985,0.004475911147892475,0.6589889526367188,1.4631913900375366,1.4091291689055652e-07,4.7371954917907715,-8.49950811243616e-05,0.0019260214176028967,0.00014154749806039035,0.21694886684417725,0.23959442973136902,0.007484517991542816,0.602095365524292,1.4239014387130737,,,,,,,,,,,,
20,model.layers.15.self_attn.o_proj.weight,1024,2048,0.00048828125,0.000518385146278888,1.668275237083435,-0.00048099731793627143,1.1804372072219849,2.8096186724724248e-05,0.08233218640089035,0.5034629106521606,0.010908403433859348,0.6309802532196045,1.4502899646759033,1.3155296585409815e-07,4.694733142852783,-8.988457557279617e-05,0.0039139860309660435,9.500788291916251e-05,0.19792874157428741,0.29169270396232605,0.020772207528352737,0.5105516314506531,1.3911546468734741,,,,,,,,,,,,
20,model.layers.19.self_attn.q_proj.weight,4096,1024,0.000244140625,0.00019385752966627479,2.662372350692749,-0.0006117021548561752,0.4843909740447998,0.00035650708014145494,0.22071245312690735,0.22609511017799377,0.006828976329416037,0.4054626524448395,1.5250122547149658,8.398281181598577e-08,6.948895454406738,-9.36747674131766e-05,0.00555105647072196,0.0006502072210423648,0.24385292828083038,0.22969333827495575,0.01710970513522625,0.45641690492630005,1.4929693937301636,8.0,0.07085783034563065,0.06991589814424515,0.8674642443656921,-1.7177017070935108e-06,0.003937033470720053,0.3609527051448822,-0.0004362933970127911,0.00030710885766893625,0.0015903094317764044,0.0008649867959320545,0.08572400361299515
20,model.layers.19.self_attn.k_proj.weight,512,1024,0.0009765625,0.0010434521827846766,2.927694320678711,7.523022304667393e-06,0.5208255648612976,0.0003733736521098763,0.24237030744552612,0.22423237562179565,0.015180944465100765,0.5692569017410278,1.3263912200927734,2.1500146374364704e-07,9.501394271850586,-0.0001178823149530217,0.0019932177383452654,0.0002898171078413725,0.2783893048763275,0.20113332569599152,0.025673000141978264,0.451995313167572,1.2585006952285767,,,,,,,,,,,,
20,model.layers.19.self_attn.v_proj.weight,512,1024,0.0009765625,0.0006800853880122304,1.578190565109253,0.0003539460594765842,0.44585055112838745,0.001989624695852399,0.17664273083209991,0.22947975993156433,0.00976767111569643,0.6130285859107971,1.4128018617630005,1.3956437783235742e-07,4.488753318786621,-7.505263056373224e-05,0.001955216284841299,0.00045120296999812126,0.21180354058742523,0.2754307687282562,0.007660847157239914,0.6029549241065979,1.4123743772506714,,,,,,,,,,,,
20,model.layers.19.self_attn.o_proj.weight,1024,2048,0.00048828125,0.0005799983628094196,1.4665915966033936,0.00011852145689772442,0.8104053139686584,0.00011711439583450556,0.07839881628751755,0.5184929966926575,0.009901956655085087,0.6535956859588623,1.4571396112442017,1.3606189952497516e-07,6.151920795440674,-8.475854701828212e-05,0.003911751788109541,0.0002460999821778387,0.1891980916261673,0.3049648404121399,0.013388835825026035,0.5717750787734985,1.4467763900756836,,,,,,,,,,,,
20,model.layers.1.mlp.gate_proj.weight,3584,1024,0.00027901785714285713,0.0007920906064100564,3.073251485824585,-0.0007049288251437247,0.4228450655937195,0.0003410122008062899,0.17224137485027313,0.30585846304893494,0.007260322570800781,0.5340303778648376,1.518880844116211,9.238922160648144e-08,18.905498504638672,-8.047190931392834e-05,0.004368525464087725,0.0002714476140681654,0.25573474168777466,0.22865457832813263,0.009602237492799759,0.49937525391578674,1.5107101202011108,,,,,,,,,,,,
20,model.layers.1.mlp.up_proj.weight,3584,1024,0.00027901785714285713,0.0002244059432996437,2.5029218196868896,-0.0002321028441656381,0.7708271741867065,9.644401143305004e-05,0.14837846159934998,0.3489540219306946,0.009648378938436508,0.5144015550613403,1.5136297941207886,3.355997080234374e-07,15.228704452514648,-0.00013383757323026657,0.004400845617055893,0.00012968927330803126,0.2523137629032135,0.2360832244157791,0.009764142334461212,0.4998248815536499,1.507485270500183,,,,,,,,,,,,
20,model.layers.1.mlp.down_proj.weight,1024,3584,0.00027901785714285713,0.00025296228704974055,4.89947509765625,-0.00022248487221077085,0.7895221710205078,0.0005737743922509253,0.16095875203609467,0.3203278183937073,0.011387704871594906,0.6166186332702637,1.4450300931930542,2.2614405281728978e-07,20.63950538635254,-0.00013436315930448472,0.004401178099215031,0.0002479057584423572,0.2226262390613556,0.263243168592453,0.013853914104402065,0.5246669054031372,1.4250538349151611,8.0,0.07209642976522446,0.06877008080482483,0.9002936482429504,8.137856639223173e-06,0.014379225671291351,1.3093270063400269,0.0005659454010427488,-0.0006042209570296109,0.0014447796856984496,-0.0008047069422900677,0.055083151906728745
20,model.layers.12.mlp.gate_proj.weight,3584,1024,0.00027901785714285713,0.00019869381503667682,2.323472499847412,-0.0007212078780867159,0.623222827911377,0.0006835919339209795,0.16461044549942017,0.26627248525619507,0.005689406767487526,0.5947664380073547,1.5227245092391968,2.0041025550199265e-07,6.90941858291626,-9.489819058217108e-05,0.004883338697254658,0.0004652329080272466,0.25516653060913086,0.2153940200805664,0.010672271251678467,0.4984244108200073,1.5075600147247314,,,,,,,,,,,,
20,model.layers.12.mlp.up_proj.weight,3584,1024,0.00027901785714285713,0.0003115914878435433,2.2513561248779297,-7.591422036057338e-05,1.0436272621154785,0.00022618391085416079,0.20769956707954407,0.26557374000549316,0.006304655224084854,0.495632141828537,1.5144001245498657,1.2619214828646363e-07,6.413697242736816,-0.00015588238602504134,0.004916103091090918,0.0003234570613130927,0.25835174322128296,0.2206638604402542,0.010044264607131481,0.4954776465892792,1.5029436349868774,,,,,,,,,,,,
20,model.layers.12.mlp.down_proj.weight,1024,3584,0.00027901785714285713,0.000251293444307521,4.528649806976318,-7.94599691289477e-05,1.0513495206832886,0.00044285308104008436,0.17879892885684967,0.3141009509563446,0.032997939735651016,0.5611850619316101,1.3987287282943726,1.1751391326697558e-07,8.76572036743164,-0.00016418566519860178,0.00484970910474658,0.00020550390763673931,0.224290668964386,0.2614538073539734,0.022408338263630867,0.5051000714302063,1.3942041397094727,8.0,0.06764762848615646,0.07266788184642792,0.9119853377342224,2.3227263227454387e-05,0.04444465786218643,2.0599005222320557,0.000522610913092801,0.0005058461683802307,0.003427193034440279,0.013946980237960815,0.0502263605594635
20,model.layers.22.mlp.gate_proj.weight,3584,1024,0.00027901785714285713,0.0002441319084027782,2.55622935295105,-0.0006378404214046896,0.3328513205051422,0.0017671468667685986,0.17463600635528564,0.26220181584358215,0.011788149364292622,0.5401802062988281,1.5113128423690796,1.3476750382324099e-07,6.368887901306152,-7.802858453942463e-05,0.005163824185729027,0.0007928904960863292,0.22605738043785095,0.23768006265163422,0.010676677338778973,0.4971174895763397,1.508431315422058,,,,,,,,,,,,
20,model.layers.22.mlp.up_proj.weight,3584,1024,0.00027901785714285713,0.00024236452009063214,2.3616883754730225,-0.000443191995145753,0.7969074845314026,0.0008107195026241243,0.1662452071905136,0.3059752285480499,0.012535306625068188,0.5730284452438354,1.5051902532577515,1.4274009174641833e-07,6.234806537628174,-0.0001376804430037737,0.005177550949156284,0.00041496334597468376,0.21152935922145844,0.259473979473114,0.015482905320823193,0.5089892148971558,1.4908579587936401,,,,,,,,,,,,
20,model.layers.22.mlp.down_proj.weight,1024,3584,0.00027901785714285713,0.0004461317148525268,2.0387470722198486,-0.0005041831755079329,0.7714724540710449,9.092682739719748e-05,0.0979834794998169,0.4075923562049866,0.004770310129970312,0.552044689655304,1.4647207260131836,2.2894900553183106e-07,5.943845272064209,-0.0001428952964488417,0.0051126074977219105,0.00017419509822502732,0.21657228469848633,0.264830082654953,0.009614157490432262,0.5276450514793396,1.4653973579406738,8.0,0.07571248710155487,0.0700913667678833,0.8516720533370972,7.531884330091998e-05,0.017242100089788437,1.6022652387619019,0.004368310293334119,0.003581490833312273,0.0015465898904949427,-0.012305487878620625,0.1280139833688736
20,model.layers.1.linear_attn.in_proj_qkv.weight,6144,1024,0.00016276041666666666,0.00011514293146319687,2.674398422241211,-0.0003635243629105389,0.3891882598400116,0.0006356903468258679,0.18245232105255127,0.27045461535453796,0.0061182440258562565,0.5231947302818298,1.5397311449050903,7.694768555666087e-08,18.522722244262695,-6.977652810746804e-05,0.0060506779700517654,0.00043361022835597396,0.24526777863502502,0.2300286591053009,0.00974638108164072,0.5082026720046997,1.5258427858352661,8.0,0.06757786124944687,0.07035132497549057,0.890540599822998,-6.367428113662754e-07,0.00020946189761161804,0.1522013545036316,-0.003039898036954277,-0.0003814570081885904,0.0005389920552261174,-0.007743800058960915,0.04362902790307999
20,model.layers.1.linear_attn.out_proj.weight,1024,2048,0.00048828125,0.00018739431106951088,1.2891472578048706,-0.0003246105625294149,0.9862526655197144,0.00035821800702251494,0.09092898666858673,0.4357346296310425,0.010621104389429092,0.5978509187698364,1.4210652112960815,1.0701806729684904e-07,16.90030860900879,-9.649321145843714e-05,0.003530333051458001,0.00040956257726065814,0.23042437434196472,0.24739883840084076,0.017233211547136307,0.5182570815086365,1.4081439971923828,,,,,,,,,,,,
20,model.layers.12.linear_attn.in_proj_qkv.weight,6144,1024,0.00016276041666666666,6.89623411744833e-05,1.756125807762146,-6.704428960802034e-05,0.6959691643714905,0.0005433352198451757,0.1484610140323639,0.2692101001739502,0.0033281203359365463,0.5864907503128052,1.551544427871704,6.882205383362816e-08,6.775109767913818,-8.674818673171103e-05,0.006461628247052431,0.0004476378671824932,0.25302761793136597,0.21880795061588287,0.00797185767441988,0.5020572543144226,1.5351494550704956,8.0,0.08822067081928253,0.08566601574420929,0.8846263289451599,1.377236458210973e-05,0.01571442373096943,0.21930623054504395,0.0008764155032276266,0.011951693333685398,0.012120118364691734,0.0117152389138937,0.10996005684137344
20,model.layers.12.linear_attn.out_proj.weight,1024,2048,0.00048828125,0.00034748876350931823,2.184481382369995,0.0003278124495409429,0.8977782726287842,0.00016992927703540772,0.14744654297828674,0.35874423384666443,0.03989879786968231,0.5694811344146729,1.4068591594696045,2.4944668552961957e-07,5.937699794769287,-0.00011086462473031133,0.003691674442961812,0.00013186040450818837,0.21393069624900818,0.2701357901096344,0.024380773305892944,0.5316646099090576,1.3818858861923218,,,,,,,,,,,,
20,model.layers.21.linear_attn.in_proj_qkv.weight,6144,1024,0.00016276041666666666,8.835140761220828e-05,2.1894478797912598,-0.0002348963898839429,0.24739381670951843,0.00033462222199887037,0.18418319523334503,0.2351253628730774,0.0037452145479619503,0.5180200338363647,1.5448650121688843,1.1202483563010901e-07,7.264135837554932,-5.900748146814294e-05,0.006416726391762495,0.00041717791464179754,0.2236539125442505,0.24494770169258118,0.010455561801791191,0.4929046928882599,1.5309929847717285,8.0,0.0701247826218605,0.08109694719314575,0.8773356080055237,1.1609558896452654e-06,0.0019300165586173534,0.045736171305179596,0.0006015263881865158,-3.078468580497429e-05,0.006738702766597271,0.006710008252412081,0.08759744465351105
20,model.layers.21.linear_attn.out_proj.weight,1024,2048,0.00048828125,0.0004499487695284188,2.313192129135132,-0.00012039797002216801,0.45789435505867004,0.00023213929671328515,0.12990035116672516,0.38312458992004395,0.007505418267101049,0.569141685962677,1.4740440845489502,4.534881554718595e-07,3.9370877742767334,-0.00011465101852081716,0.0037320374976843596,0.00013644776481669396,0.20506668090820312,0.2833515703678131,0.009480555541813374,0.5484157204627991,1.4693529605865479,,,,,,,,,,,,
40,model.layers.7.self_attn.q_proj.weight,4096,1024,0.000244140625,0.00012115458230255172,2.484058141708374,-0.0005258293822407722,0.5224971175193787,0.000533823564182967,0.17773327231407166,0.2791863679885864,0.006261087954044342,0.5469822287559509,1.538708209991455,7.694235648614267e-08,7.419665336608887,-8.249193342635408e-05,0.004663093481212854,0.00032970120082609355,0.2695193588733673,0.2019992172718048,0.009550407528877258,0.49323537945747375,1.5213125944137573,8.0,0.06981581449508667,0.06924387812614441,0.875458836555481,7.332382665481418e-07,-0.0021684889215976,0.29804718494415283,,0.00012968287046533078,-0.0005668703815899789,-0.006157375406473875,0.06080252677202225
40,model.layers.7.self_attn.k_proj.weight,512,1024,0.0009765625,0.0009434692328795791,3.8552725315093994,-4.905637069896329e-07,0.3826243579387665,0.000614214688539505,0.17674987018108368,0.24634519219398499,0.025019822642207146,0.6729884743690491,1.3186954259872437,9.047911930792907e-08,8.681017875671387,-0.00010634272621246055,0.0016715105157345533,0.0010254605440422893,0.28491732478141785,0.18210479617118835,0.01681583933532238,0.5005416870117188,1.3576639890670776,,,,,,,,,,,,
40,model.layers.7.self_attn.v_proj.weight,512,1024,0.0009765625,0.0009290649904869497,1.9844166040420532,0.0009770429460331798,0.6731933951377869,0.0003596156311687082,0.1492294818162918,0.24179387092590332,0.0034975798334926367,0.7312130331993103,1.4593971967697144,9.107903053973132e-08,5.57347297668457,-8.669019007356837e-05,0.0015712941531091928,0.00023810735729057342,0.19383752346038818,0.21871937811374664,0.008311741054058075,0.6740283370018005,1.4156347513198853,,,,,,,,,,,,
40,model.layers.7.self_attn.o_proj.weight,1024,2048,0.00048828125,0.0002488490135874599,1.9192386865615845,0.00029866473050788045,1.1468693017959595,6.979939644224942e-05,0.1227569654583931,0.41125115752220154,0.013488592579960823,0.6083583831787109,1.4312173128128052,1.780509677473674e-07,4.7404890060424805,-0.00010495525930309668,0.0032109192106872797,0.00015446417091879994,0.1860121488571167,0.2938220202922821,0.02420440874993801,0.47295865416526794,1.377077341079712,,,,,,,,,,,,
40,model.layers.15.self_attn.q_proj.weight,4096,1024,0.000244140625,0.00016564982070121914,3.4436237812042236,-0.00011304551298962906,0.6913867592811584,0.000408676773076877,0.2065603882074356,0.24374310672283173,0.0045474497601389885,0.4386513829231262,1.5446548461914062,5.934518299000047e-08,9.399008750915527,-7.369365630438551e-05,0.004772735293954611,0.00039533033850602806,0.2375517338514328,0.23423106968402863,0.013901852071285248,0.4644955098628998,1.5009574890136719,8.0,0.07597853243350983,0.06909353286027908,0.8850010633468628,8.453280315734446e-06,-0.001727382536046207,0.6418991684913635,,0.0027988837100565434,-2.9483755497494712e-05,0.0033637313172221184,0.04998555779457092
40,model.layers.15.self_attn.k_proj.weight,512,1024,0.0009765625,0.000987307052128017,4.785491943359375,-2.164131956305937e-06,0.6805605888366699,4.2959996790159494e-05,0.215955451130867,0.28053146600723267,0.0052919588051736355,0.5834392309188843,1.4481359720230103,1.1395256649393559e-07,9.880558013916016,-0.00010492743604118004,0.0016815862618386745,5.5034739489201456e-05,0.2850973904132843,0.21355950832366943,0.008053857833147049,0.4659493565559387,1.4376732110977173,,,,,,,,,,,,
40,model.layers.15.self_attn.v_proj.weight,512,1024,0.0009765625,0.0009623136138543487,1.7748230695724487,-0.001179885002784431,0.5678146481513977,0.00017308998212683946,0.2171553075313568,0.23508982360363007,0.004314941354095936,0.6131418943405151,1.466408371925354,2.384979609360016e-07,5.327368259429932,-5.3323496103985235e-05,0.0016473530558869243,0.0002462437842041254,0.21464426815509796,0.2378825545310974,0.006956769619137049,0.6083001494407654,1.4298495054244995,,,,,,,,,,,,
40,model.layers.15.self_attn.o_proj.weight,1024,2048,0.00048828125,0.00047981462557800114,1.7702213525772095,-0.00040748543688096106,0.9875996112823486,4.0861472371034324e-05,0.08658797293901443,0.48223912715911865,0.020320598036050797,0.6167650818824768,1.4265581369400024,1.2782142277956154e-07,6.197586536407471,-8.336768951267004e-05,0.0033002416603267193,7.769960211589932e-05,0.2025403529405594,0.2891261875629425,0.018296973779797554,0.5187269449234009,1.406928300857544,,,,,,,,,,,,
40,model.layers.19.self_attn.q_proj.weight,4096,1024,0.000244140625,0.00020233934628777206,2.821223020553589,-0.0013988313730806112,0.46230337023735046,0.0006097618024796247,0.20673711597919464,0.2490401268005371,0.007959744893014431,0.4483639597892761,1.5296725034713745,8.240409243853719e-08,8.031981468200684,-8.858483488438651e-05,0.0049070375971496105,0.0006929949740879238,0.23677103221416473,0.23729071021080017,0.018458878621459007,0.46639248728752136,1.4934734106063843,8.0,0.07258301228284836,0.0700654685497284,0.8709686994552612,3.762098913284717e-06,0.0013027547392994165,0.30451375246047974,0.0028878028993453244,0.002572141122072935,0.0007270773639902472,-0.008987253531813622,0.06241532415151596
40,model.layers.19.self_attn.k_proj.weight,512,1024,0.0009765625,0.000905959343072027,3.4359467029571533,-3.6110973269387614e-06,0.46887505054473877,0.0006271391175687313,0.2604101598262787,0.22205594182014465,0.011681369505822659,0.5419545769691467,1.3506758213043213,1.322453329066775e-07,9.396025657653809,-0.00010822955664480105,0.0017270511016249657,0.0003524939529597759,0.282162606716156,0.2062651365995407,0.018260063603520393,0.4496733546257019,1.3490251302719116,,,,,,,,,,,,
40,model.layers.19.self_attn.v_proj.weight,512,1024,0.0009765625,0.0008442090475000441,1.5564111471176147,0.0034810095094144344,0.4279468059539795,0.001220735372044146,0.18945550918579102,0.20751328766345978,0.0058505963534116745,0.5861794352531433,1.4242273569107056,9.99413529712001e-08,4.399777412414551,-5.371527004172094e-05,0.0017203586176037788,0.00012171817070338875,0.22041825950145721,0.25632449984550476,0.006252569146454334,0.5802650451660156,1.4356141090393066,,,,,,,,,,,,
40,model.layers.19.self_attn.o_proj.weight,1024,2048,0.00048828125,0.0005807247362099588,1.5429201126098633,0.0011787597322836518,0.7501965165138245,0.00011388337588869035,0.09186279028654099,0.4574156701564789,0.011538651771843433,0.5988803505897522,1.4620128870010376,1.8927752876152226e-07,6.419012069702148,-8.15103849163279e-05,0.0034794709645211697,0.00013800377200823277,0.19589360058307648,0.2933318614959717,0.011676068417727947,0.5693033337593079,1.4439315795898438,,,,,,,,,,,,
40,model.layers.1.mlp.gate_proj.weight,3584,1024,0.00027901785714285713,0.00022824725601822138,2.9593169689178467,-0.0006809782353229821,0.35520631074905396,0.00032993615604937077,0.17274515330791473,0.31120559573173523,0.007238492369651794,0.5407925844192505,1.523004412651062,1.9559180941541854e-07,16.295618057250977,-8.131807408062741e-05,0.0040519931353628635,0.0001703065645415336,0.25457844138145447,0.22760814428329468,0.009208733215928078,0.5010620951652527,1.5124857425689697,,,,,,,,,,,,
40,model.layers.1.mlp.up_proj.weight,3584,1024,0.00027901785714285713,0.00021184935758356005,2.5004000663757324,-0.0006355686346068978,0.6495378017425537,0.00012489476648624986,0.14511710405349731,0.36227601766586304,0.011209850199520588,0.5267212390899658,1.5062189102172852,4.0367234532823204e-07,12.627222061157227,-0.00012402233551256359,0.0040719895623624325,0.00015924587205518037,0.24848374724388123,0.23701472580432892,0.011925783939659595,0.5025887489318848,1.5004336833953857,,,,,,,,,,,,
40,model.layers.1.mlp.down_proj.weight,1024,3584,0.00027901785714285713,0.00027719521312974393,5.198209285736084,-0.0006102494662627578,0.6720951795578003,0.0009069357765838504,0.15853223204612732,0.3270948529243469,0.011668321676552296,0.6253107190132141,1.45807945728302,1.6414274739418033e-07,18.872751235961914,-0.0001231488276971504,0.0040738522075116634,0.00026101269759237766,0.21964490413665771,0.26438990235328674,0.013512310571968555,0.5249618887901306,1.4249861240386963,8.0,0.06993971765041351,0.06896668672561646,0.8954150080680847,1.3379944903135765e-06,0.0003084905620198697,0.9678107500076294,0.004337229902765703,-0.0012388050090521574,-0.000208101118914783,0.00661042146384716,0.05636241286993027
40,model.layers.12.mlp.gate_proj.weight,3584,1024,0.00027901785714285713,0.00020086450967937708,2.691087484359741,-0.00027224147925153375,0.5303654670715332,0.0007625463185831904,0.1710992455482483,0.26703882217407227,0.006406531203538179,0.585456371307373,1.529241919517517,2.0689189739186986e-07,7.626245498657227,-8.62243541632779e-05,0.004347824025899172,0.00034102785866707563,0.2533615529537201,0.22137367725372314,0.009536918252706528,0.49869751930236816,1.5091012716293335,,,,,,,,,,,,
40,model.layers.12.mlp.up_proj.weight,3584,1024,0.00027901785714285713,0.0002515043888706714,2.3783769607543945,-0.000402224890422076,0.9099931120872498,0.00024504639441147447,0.1961921751499176,0.2842445969581604,0.0075423563830554485,0.523134708404541,1.5127407312393188,1.4339981646571687e-07,7.015633583068848,-0.0001364580384688452,0.004338101018220186,0.0003130820405203849,0.2529715299606323,0.22514989972114563,0.011770379729568958,0.4953557848930359,1.5006452798843384,,,,,,,,,,,,
40,model.layers.12.mlp.down_proj.weight,1024,3584,0.00027901785714285713,0.0002857975196093321,4.830471038818359,-0.0004184598510619253,0.9096197485923767,0.00020911481988150626,0.18548493087291718,0.3100585341453552,0.022457119077444077,0.5623751282691956,1.4007095098495483,1.0726852650577712e-07,9.318400382995605,-0.00014336960157379508,0.004306944087147713,0.0001718206622172147,0.22812268137931824,0.25822046399116516,0.01864655688405037,0.5045183300971985,1.393837332725525,8.0,0.06802926957607269,0.07155878096818924,0.9011492133140564,3.551223926478997e-05,0.014791320078074932,1.6214931011199951,0.002400883699179055,0.0021705664694309235,0.0016909617697820067,-0.003538574790582061,0.039932891726493835
40,model.layers.22.mlp.gate_proj.weight,3584,1024,0.00027901785714285713,0.00034209623117931187,2.1606321334838867,-0.0007498470949940383,0.344631165266037,0.0003680941881611943,0.1751420497894287,0.25880834460258484,0.005216641817241907,0.5449027419090271,1.5214086771011353,1.2330758636380779e-07,6.445272922515869,-7.900541095295921e-05,0.004557284526526928,0.00035091297468170524,0.22693778574466705,0.2347525656223297,0.009414218366146088,0.4991415739059448,1.5102636814117432,,,,,,,,,,,,
40,model.layers.22.mlp.up_proj.weight,3584,1024,0.00027901785714285713,0.00020700576715171337,2.333977699279785,-0.0012860437855124474,0.7288327813148499,0.001451985095627606,0.18823283910751343,0.2708941400051117,0.015562916174530983,0.5287759900093079,1.5011447668075562,1.7803961327444995e-07,6.202805042266846,-0.00011373301094863564,0.004474652465432882,0.0004278146952856332,0.22099362313747406,0.2516404390335083,0.015225917100906372,0.5026007890701294,1.4916534423828125,,,,,,,,,,,,
40,model.layers.22.mlp.down_proj.weight,1024,3584,0.00027901785714285713,0.00044946177513338625,1.917595386505127,-0.0013716048561036587,0.7505837678909302,0.00018289609579369426,0.09568905830383301,0.41906189918518066,0.006992945447564125,0.567295253276825,1.4667123556137085,1.278789767411581e-07,5.884927272796631,-0.00012597354361787438,0.004442720208317041,0.00013330770889297128,0.20825529098510742,0.27487456798553467,0.00893773976713419,0.5484868884086609,1.46393883228302,8.0,0.0817330852150917,0.07565024495124817,0.837788462638855,5.669889651471749e-05,0.01825222373008728,1.389580488204956,0.003106410339538741,0.004614243283867836,0.0018390122568234801,-0.01713601127266884,0.12735649943351746
40,model.layers.1.linear_attn.in_proj_qkv.weight,6144,1024,0.00016276041666666666,0.00010422884952276945,2.6112163066864014,0.00041332546970807016,0.32452040910720825,0.0011529398616403341,0.17137165367603302,0.27882808446884155,0.008599485270678997,0.5251808762550354,1.5334513187408447,8.05489435151685e-08,18.131343841552734,-6.229386781342328e-05,0.0053984057158231735,0.0003138015163131058,0.24355031549930573,0.23046250641345978,0.00932985544204712,0.50737065076828,1.5286153554916382,8.0,0.0764218121767044,0.07161232829093933,0.8798903822898865,-1.588488487413997e-07,0.0008698889869265258,0.10087580978870392,-0.00018260818464048068,0.0037618158385157585,0.0008684354834258556,-0.0009269819129258394,0.038006000220775604
40,model.layers.1.linear_attn.out_proj.weight,1024,2048,0.00048828125,0.003485359251499176,1.271633267402649,0.0005345030222088099,0.8351994752883911,0.00043683595140464604,0.08701205253601074,0.465360164642334,0.011100943200290203,0.632402241230011,1.43122136592865,1.6043956918565527e-07,13.846258163452148,-0.00010072922304971144,0.0031796908006072044,0.0002892263582907617,0.22836093604564667,0.2508276402950287,0.016157357022166252,0.5216616988182068,1.4053293466567993,,,,,,,,,,,,
40,model.layers.12.linear_attn.in_proj_qkv.weight,6144,1024,0.00016276041666666666,9.002292063087225e-05,2.203134536743164,0.00018074394029099494,0.5221648812294006,0.000434377696365118,0.16287676990032196,0.2650342285633087,0.003533980343490839,0.5720999836921692,1.551885962486267,6.87967087742436e-08,7.566141128540039,-7.322577585000545e-05,0.005721766967326403,0.00034071176196448505,0.2536786198616028,0.21581962704658508,0.008548753336071968,0.5069559216499329,1.532185435295105,8.0,0.08012811094522476,0.07099531590938568,0.8741725087165833,8.139490091707557e-06,0.001715686870738864,0.15786965191364288,0.0047441582904940395,0.007276477757841349,0.001317295478656888,-0.007042810786515474,0.07935230433940887
40,model.layers.12.linear_attn.out_proj.weight,1024,2048,0.00048828125,0.0003517181903589517,2.4617526531219482,6.931196821824415e-06,0.7786804437637329,9.250378207070753e-05,0.149403378367424,0.36968597769737244,0.01725107431411743,0.5891566872596741,1.4234213829040527,1.0736454925108774e-07,5.8927788734436035,-9.855010284809396e-05,0.0033368675503879786,0.00013092764129396528,0.22058819234371185,0.2668532729148865,0.01694921776652336,0.530110239982605,1.4037224054336548,,,,,,,,,,,,
40,model.layers.21.linear_attn.in_proj_qkv.weight,6144,1024,0.00016276041666666666,0.0001041820360114798,2.9188342094421387,0.0006037596031092107,0.18873244524002075,0.0010105676483362913,0.18698211014270782,0.25211280584335327,0.006986953318119049,0.5456206798553467,1.540338158607483,1.560410822776248e-07,7.0302934646606445,-4.1835886804619804e-05,0.005735110025852919,0.00030670312116853893,0.22106775641441345,0.24913598597049713,0.009415076114237309,0.4908856749534607,1.5326334238052368,8.0,0.07581300288438797,0.07223372161388397,0.8697308301925659,2.045087512669852e-07,-7.3277242336189374e-06,0.03055148385465145,,0.0036290520802140236,0.0003235960903111845,-0.004068370908498764,0.05029740184545517
40,model.layers.21.linear_attn.out_proj.weight,1024,2048,0.00048828125,0.00036564472247846425,2.60137677192688,-0.00014812593872193247,0.47380074858665466,0.00013463666255120188,0.1245371475815773,0.3919406235218048,0.006387133616954088,0.5786170959472656,1.4823704957962036,1.5416496523812384e-07,4.203907489776611,-9.923047036863863e-05,0.0032797225285321474,0.00012202096695546061,0.20892734825611115,0.2764235734939575,0.00867700856178999,0.5438458323478699,1.4592560529708862,,,,,,,,,,,,
60,model.layers.7.self_attn.q_proj.weight,4096,1024,0.000244140625,0.00030011835042387247,2.150590419769287,-0.0003343521966598928,0.5556767582893372,0.00037098387838341296,0.1748497486114502,0.2646239995956421,0.005473707336932421,0.5110077857971191,1.5378243923187256,8.055242517457373e-08,7.464685916900635,-6.658294296357781e-05,0.004626021254807711,0.0004716897674370557,0.2703726589679718,0.19978168606758118,0.010647461749613285,0.4890519082546234,1.5123121738433838,8.0,0.06237098574638367,0.06947200745344162,0.8807665109634399,5.833766772411764e-05,0.0017157192341983318,0.33634719252586365,0.03400187312778822,-0.0019232445629313588,0.0006442271987907588,-0.00811194721609354,0.05599721521139145
60,model.layers.7.self_attn.k_proj.weight,512,1024,0.0009765625,0.0010503919329494238,3.5160984992980957,5.944307758909417e-06,0.39368385076522827,0.0008245365461334586,0.17459961771965027,0.25959092378616333,0.024707982316613197,0.6694639921188354,1.3271843194961548,1.8360168496656115e-07,9.370156288146973,-0.00010378409933764488,0.0016278366092592478,0.0004342217871453613,0.2931444048881531,0.18095672130584717,0.016431491822004318,0.49323707818984985,1.3675254583358765,,,,,,,,,,,,
60,model.layers.7.self_attn.v_proj.weight,512,1024,0.0009765625,0.0008112979703582823,1.6416674852371216,-0.0006906501948833466,0.7614726424217224,0.00010947342525469139,0.1284620314836502,0.23733164370059967,0.0026120974216610193,0.767135739326477,1.4507454633712769,1.3893671280129638e-07,4.545603275299072,-9.674182365415618e-05,0.0016251469496637583,0.00030753962346352637,0.1806405484676361,0.21826602518558502,0.006043171044439077,0.6949959993362427,1.4463144540786743,,,,,,,,,,,,
60,model.layers.7.self_attn.o_proj.weight,1024,2048,0.00048828125,0.0002430031163385138,1.9792593717575073,-0.0002409212465863675,1.1395924091339111,7.487338734790683e-05,0.13758593797683716,0.37248578667640686,0.023426633328199387,0.5496684908866882,1.3955234289169312,1.1726563542424628e-07,4.549199104309082,-9.65235085459426e-05,0.003197445534169674,0.0001609476748853922,0.19594155251979828,0.27848300337791443,0.026973603293299675,0.4483710825443268,1.3722656965255737,,,,,,,,,,,,
60,model.layers.15.self_attn.q_proj.weight,4096,1024,0.000244140625,0.00020067754667252302,3.2172396183013916,0.0001466849644202739,0.6234883666038513,0.0002484259312041104,0.21475635468959808,0.24750038981437683,0.002950886031612754,0.4536575675010681,1.5453717708587646,8.353889313639229e-08,8.3599853515625,-6.62875609123148e-05,0.004521259106695652,0.0006544864154420793,0.23843713104724884,0.23400096595287323,0.01587814837694168,0.46133318543434143,1.496837854385376,8.0,0.07504631578922272,0.07189542055130005,0.8686469793319702,1.8524810002418235e-05,0.004652187693864107,0.6133166551589966,0.003981956709711239,0.005537205841392279,0.0010747378692030907,-0.011974419467151165,0.04884202033281326
60,model.layers.15.self_attn.k_proj.weight,512,1024,0.0009765625,0.0008189285290427506,3.793982982635498,1.363653723274183e-06,0.6952733993530273,0.0001483554078731686,0.19897468388080597,0.2847227156162262,0.007443541660904884,0.5919409394264221,1.442034125328064,1.3757308181538974e-07,9.192441940307617,-9.397349640494213e-05,0.0016170466551557183,7.903813093435019e-05,0.2803531587123871,0.2112751603126526,0.009133115410804749,0.4746495485305786,1.427193522453308,,,,,,,,,,,,
60,model.layers.15.self_attn.v_proj.weight,512,1024,0.0009765625,0.0009414006490260363,1.8561419248580933,-0.0020029323641210794,0.5278420448303223,0.000167020974913612,0.19925397634506226,0.25393936038017273,0.00658285291865468,0.6352958083152771,1.420210838317871,8.255265981915727e-08,6.189334392547607,-5.4663461924064904e-05,0.0015488575445488095,0.00048441512626595795,0.21510162949562073,0.23719970881938934,0.006697816774249077,0.60619056224823,1.4414132833480835,,,,,,,,,,,,
60,model.layers.15.self_attn.o_proj.weight,1024,2048,0.00048828125,0.000490219215862453,1.8432765007019043,-0.0007499839412048459,0.8467892408370972,4.696733594755642e-05,0.09656437486410141,0.4527546763420105,0.021819021552801132,0.5923977494239807,1.407792329788208,1.0487990209639975e-07,7.131807327270508,-7.788263610564172e-05,0.0031294606160372496,9.589712135493755e-05,0.20287646353244781,0.2873377203941345,0.020437562838196754,0.5146149396896362,1.3987709283828735,,,,,,,,,,,,
60,model.layers.19.self_attn.q_proj.weight,4096,1024,0.000244140625,0.00018029594502877444,2.6462719440460205,0.0005812630988657475,0.4725809395313263,0.00042658255551941693,0.2374817430973053,0.20483575761318207,0.007765932008624077,0.37781980633735657,1.5272644758224487,8.724219213718243e-08,7.593499183654785,-8.164189057424664e-05,0.004717268981039524,0.0006963340565562248,0.23332764208316803,0.23584552109241486,0.018927045166492462,0.4663439393043518,1.4901909828186035,8.0,0.06987122446298599,0.07214709371328354,0.8617815971374512,-7.726617923253798e-08,0.003051123581826687,0.30445700883865356,-2.5323844531488705e-05,-0.0037319280672818422,0.0010035560699179769,-0.004416679497808218,0.07918397337198257
60,model.layers.19.self_attn.k_proj.weight,512,1024,0.0009765625,0.0010654589859768748,2.778686285018921,5.4534189075639006e-06,0.5099971890449524,0.0005426671705208719,0.25181418657302856,0.22349415719509125,0.01528269611299038,0.5536595582962036,1.3223198652267456,1.1648870668068412e-07,9.82413387298584,-0.00010369616938987747,0.0017013100441545248,0.0007445579976774752,0.28785064816474915,0.1983885020017624,0.01992601715028286,0.44675660133361816,1.3466154336929321,,,,,,,,,,,,
60,model.layers.19.self_attn.v_proj.weight,512,1024,0.0009765625,0.0007631652988493443,1.7690619230270386,-0.0022461337503045797,0.30595430731773376,0.00016733212396502495,0.18921734392642975,0.22430020570755005,0.003775218268856406,0.6144839525222778,1.4366439580917358,2.033024912861947e-07,4.708886623382568,-6.427882908610627e-05,0.0016459020553156734,0.0004046988033223897,0.22498446702957153,0.2559312880039215,0.00746459374204278,0.5798953771591187,1.425851583480835,,,,,,,,,,,,
60,model.layers.19.self_attn.o_proj.weight,1024,2048,0.00048828125,0.0005292229470796883,1.481507420539856,-0.0006576516898348927,0.6207935214042664,0.0001289317588089034,0.07046252489089966,0.5200465321540833,0.014547726139426231,0.6678139567375183,1.4420636892318726,9.219938590376842e-08,6.893813610076904,-6.618605402763933e-05,0.0032634243834763765,0.00013972962915431708,0.19011127948760986,0.29875868558883667,0.013235491700470448,0.5815569162368774,1.4385489225387573,,,,,,,,,,,,
60,model.layers.1.mlp.gate_proj.weight,3584,1024,0.00027901785714285713,0.00028904550708830357,2.2412800788879395,0.0002328066184418276,0.3994951546192169,0.0007206904701888561,0.160686194896698,0.31495821475982666,0.010604586452245712,0.537144660949707,1.5113506317138672,2.2663836318770336e-07,15.567118644714355,-7.347811333602294e-05,0.0040998212061822414,0.0001718916610116139,0.25074949860572815,0.23068003356456757,0.009665685705840588,0.5050740838050842,1.5074447393417358,,,,,,,,,,,,
60,model.layers.1.mlp.up_proj.weight,3584,1024,0.00027901785714285713,0.00020594458328559995,2.0689594745635986,0.0004022986104246229,0.7304369807243347,0.00012691838492173702,0.14419634640216827,0.3556056320667267,0.014018167741596699,0.5149392485618591,1.5056781768798828,2.4026493861128984e-07,13.27242660522461,-0.00012405519373714924,0.004090799018740654,0.00014018187357578427,0.24981123208999634,0.237593412399292,0.010816655121743679,0.4995173513889313,1.5067529678344727,,,,,,,,,,,,
60,model.layers.1.mlp.down_proj.weight,1024,3584,0.00027901785714285713,0.0003297524235676974,2.987672805786133,0.0003990379045717418,0.7334685921669006,0.0014178452547639608,0.15729635953903198,0.32183459401130676,0.015263237990438938,0.5863670706748962,1.4378166198730469,1.935374456252248e-07,18.890460968017578,-0.0001303604949498549,0.0040880236774683,0.0002645258791744709,0.22232495248317719,0.26138296723365784,0.014623957686126232,0.5153951644897461,1.4134207963943481,8.0,0.0733303651213646,0.07287639379501343,0.8732707500457764,1.7393873349647038e-05,-0.0008129606721922755,1.1081278324127197,,0.0016431831754744053,-3.7903115298831835e-05,-0.007193288300186396,0.03785664588212967
60,model.layers.12.mlp.gate_proj.weight,3584,1024,0.00027901785714285713,0.00023346554371528327,2.4490866661071777,-0.000397805473767221,0.5274419188499451,0.0015317776706069708,0.18430860340595245,0.2490098476409912,0.00877920351922512,0.5574697256088257,1.5291343927383423,1.4473377518697816e-07,7.635924339294434,-8.773000445216894e-05,0.004201975651085377,0.0005808352725580335,0.2541936933994293,0.21827852725982666,0.011645334772765636,0.4992980360984802,1.5020837783813477,,,,,,,,,,,,
60,model.layers.12.mlp.up_proj.weight,3584,1024,0.00027901785714285713,0.00025470677064731717,2.4145286083221436,0.0004360743332654238,0.8804473876953125,0.000474906264571473,0.20702707767486572,0.26208123564720154,0.010013778693974018,0.49778589606285095,1.5170105695724487,1.2356086642739683e-07,7.223805904388428,-0.00013184583804104477,0.004179706331342459,0.00041160284308716655,0.2516460716724396,0.22487176954746246,0.011156910099089146,0.5021973252296448,1.5117521286010742,,,,,,,,,,,,
60,model.layers.12.mlp.down_proj.weight,1024,3584,0.00027901785714285713,0.0002675515424925834,4.8059492111206055,0.0004795295826625079,0.8320702314376831,0.00035375310108065605,0.19790808856487274,0.286376029253006,0.031919900327920914,0.5294653177261353,1.3932913541793823,2.6693464860727545e-07,10.733946800231934,-0.00013484865485224873,0.004127730615437031,0.00019035775039810687,0.22613433003425598,0.25770196318626404,0.024297701194882393,0.5043103694915771,1.375683069229126,8.0,0.06994298845529556,0.07280436158180237,0.9046147465705872,1.5158173482632264e-05,0.016654066741466522,1.3419029712677002,0.0009101784998189257,0.0015885838074609637,0.0019030616385862231,0.007258178666234016,0.045372046530246735
60,model.layers.22.mlp.gate_proj.weight,3584,1024,0.00027901785714285713,0.0002549338969402015,2.4760303497314453,-0.0008194672409445047,0.29694005846977234,0.0007923419470898807,0.16418229043483734,0.27224886417388916,0.007288085296750069,0.5809504389762878,1.5224125385284424,1.1840254643402659e-07,6.427122592926025,-7.074360473779961e-05,0.004307867959141731,0.0005122609436511993,0.2246837019920349,0.24020715057849884,0.010437366552650928,0.5011010766029358,1.5047012567520142,,,,,,,,,,,,
60,model.layers.22.mlp.up_proj.weight,3584,1024,0.00027901785714285713,0.000227226730203256,2.3039777278900146,-0.0005608745268546045,0.6268425583839417,0.0004745188925880939,0.15667398273944855,0.3132825493812561,0.011420119553804398,0.6005194187164307,1.5002511739730835,1.7525083251257456e-07,6.069842338562012,-0.00011042201367672533,0.004282582085579634,0.00030000624246895313,0.215081587433815,0.25728699564933777,0.013340078294277191,0.5089432001113892,1.502766489982605,,,,,,,,,,,,
60,model.layers.22.mlp.down_proj.weight,1024,3584,0.00027901785714285713,0.0004275343380868435,1.8689333200454712,-0.0006191629800014198,0.6231082677841187,0.0002172949753003195,0.09218163788318634,0.41734620928764343,0.007851477712392807,0.5586950182914734,1.4507067203521729,1.4755750044059823e-07,6.118596076965332,-0.00012190960842417553,0.004270471166819334,0.00011922104749828577,0.20669688284397125,0.27598124742507935,0.00804157368838787,0.5490583181381226,1.4594366550445557,8.0,0.08358936011791229,0.07738306373357773,0.8531919717788696,2.288522955495864e-05,0.030170276761054993,0.893004298210144,0.0007585356188876535,0.008492601104080677,0.004832725506275892,0.002873318502679467,0.14195847511291504
60,model.layers.1.linear_attn.in_proj_qkv.weight,6144,1024,0.00016276041666666666,0.00010194089554715902,1.9506441354751587,0.0003776341036427766,0.34734058380126953,0.0010903406655415893,0.16147582232952118,0.2841968536376953,0.00965522974729538,0.524012565612793,1.5300556421279907,8.52017336683275e-08,16.83585548400879,-6.392976501956582e-05,0.005207028239965439,0.0005253342096693814,0.2456451654434204,0.22711074352264404,0.011184236966073513,0.5043156743049622,1.51964271068573,8.0,0.06760837882757187,0.06899278610944748,0.8870663642883301,2.963764700325555e-07,0.00016749053611420095,0.10568762570619583,0.0017695117402363296,-0.0013121817028149962,1.9902414351236075e-05,-0.010855342261493206,0.0428728386759758
60,model.layers.1.linear_attn.out_proj.weight,1024,2048,0.00048828125,0.0017744573997333646,1.2454957962036133,-0.0003170477575622499,0.9142938852310181,0.0005856601055711508,0.08173404633998871,0.43638160824775696,0.011777037754654884,0.5747220516204834,1.4205827713012695,1.6427567572918633e-07,12.888858795166016,-7.15285714250058e-05,0.0030393602792173624,0.0006794436485506594,0.23041853308677673,0.24610508978366852,0.020662037655711174,0.5118062496185303,1.3851598501205444,,,,,,,,,,,,
60,model.layers.12.linear_attn.in_proj_qkv.weight,6144,1024,0.00016276041666666666,7.649079634575173e-05,2.069732189178467,8.929582691052929e-06,0.6165294051170349,0.0006881571025587618,0.16317982971668243,0.267975777387619,0.004876658786088228,0.5671367645263672,1.550706148147583,7.311393801501254e-08,7.535031795501709,-4.851485209655948e-05,0.005657868459820747,0.0003395197563804686,0.2529089152812958,0.21820564568042755,0.008670605719089508,0.5044134855270386,1.5355350971221924,8.0,0.07544483244419098,0.07395117729902267,0.8751923441886902,1.1107396858278662e-05,0.0025979611091315746,0.19383504986763,0.004275428457815349,0.00407369015738368,0.001686839503236115,-0.012872105464339256,0.07241462171077728
60,model.layers.12.linear_attn.out_proj.weight,1024,2048,0.00048828125,0.0003215203178115189,2.3896169662475586,-0.0015366033185273409,0.743277907371521,0.00017674415721558034,0.1651725172996521,0.3372434079647064,0.022662777453660965,0.5555550456047058,1.4101057052612305,1.230980188893227e-07,6.262906074523926,-9.374271758133546e-05,0.0031581760849803686,0.00013902620412409306,0.22358492016792297,0.2650199830532074,0.020243151113390923,0.525891900062561,1.3958548307418823,,,,,,,,,,,,
60,model.layers.21.linear_attn.in_proj_qkv.weight,6144,1024,0.00016276041666666666,9.293291077483445e-05,2.301680326461792,0.00016350871010217816,0.17644058167934418,0.0008179104188457131,0.18194323778152466,0.253972589969635,0.006664274726063013,0.5465070605278015,1.5382055044174194,1.226838151069387e-07,7.622403621673584,-3.5208660847274587e-05,0.005756995640695095,0.0007923204684630036,0.21777735650539398,0.24938586354255676,0.012365037575364113,0.4959626793861389,1.5243028402328491,8.0,0.07919955253601074,0.07958771288394928,0.8460201025009155,-4.0871007911391644e-08,0.0001435002195648849,0.026398951187729836,-0.0002848149503556087,0.0032081264071166515,0.001830148627050221,-0.0022708079777657986,0.05784006044268608
60,model.layers.21.linear_attn.out_proj.weight,1024,2048,0.00048828125,0.0003746909205801785,2.4732072353363037,1.8639982954482548e-05,0.40537041425704956,0.00018538029689807445,0.128005713224411,0.3831515312194824,0.007310950662940741,0.577089250087738,1.4854122400283813,2.5889525545608194e-07,4.579689025878906,-0.0001002181670628488,0.003189879236742854,0.00014334992738440633,0.20892387628555298,0.2769668400287628,0.009063873440027237,0.5396352410316467,1.464682936668396,,,,,,,,,,,,
80,model.layers.7.self_attn.q_proj.weight,4096,1024,0.000244140625,0.00013722621952183545,2.0075552463531494,0.00017011446470860392,0.577955961227417,0.0006177776958793402,0.16873186826705933,0.27881038188934326,0.006069462280720472,0.5395885109901428,1.5386183261871338,7.5463063353709e-08,8.524486541748047,-6.273211329244077e-05,0.004418103024363518,0.0005395516054704785,0.2673952281475067,0.2008150815963745,0.010646864771842957,0.49437639117240906,1.5199589729309082,8.0,0.07807362824678421,0.07590235769748688,0.8613367080688477,1.2778435120708309e-05,0.003713486483320594,0.337068110704422,0.0034410883621372045,0.0017262219917029142,0.0017103394493460655,0.0019767170306295156,0.05518796294927597
80,model.layers.7.self_attn.k_proj.weight,512,1024,0.0009765625,0.0009973668493330479,3.1642422676086426,6.380751983670052e-06,0.40712204575538635,0.0010182735277339816,0.15529656410217285,0.23752820491790771,0.015621603466570377,0.7217704653739929,1.3667336702346802,1.4004641002429707e-07,9.062356948852539,-9.549020614940673e-05,0.0015368503518402576,0.0005149790667928755,0.2796410024166107,0.18661215901374817,0.011973155662417412,0.5217240452766418,1.3851829767227173,,,,,,,,,,,,
80,model.layers.7.self_attn.v_proj.weight,512,1024,0.0009765625,0.0009284240659326315,1.8432892560958862,-0.0010176424402743578,0.8158631920814514,0.0003322951670270413,0.14508892595767975,0.2342851758003235,0.0031547113321721554,0.7373247146606445,1.443459391593933,1.1556202395013315e-07,5.398581504821777,-9.208636765833944e-05,0.0015917749842628837,0.0002419333759462461,0.19086594879627228,0.21434907615184784,0.008027228526771069,0.6802178621292114,1.4139231443405151,,,,,,,,,,,,
80,model.layers.7.self_attn.o_proj.weight,1024,2048,0.00048828125,0.00043138646287843585,2.053250789642334,-0.0003110954421572387,1.4249972105026245,3.911685780622065e-05,0.10908148437738419,0.4443777799606323,0.012628859840333462,0.6529066562652588,1.4392483234405518,1.8403551393930684e-07,4.650640487670898,-9.51476176851429e-05,0.0031951710116118193,8.595438703196123e-05,0.19390833377838135,0.287689745426178,0.020406531170010567,0.4624328017234802,1.3932322263717651,,,,,,,,,,,,
80,model.layers.15.self_attn.q_proj.weight,4096,1024,0.000244140625,0.00018434728553984314,1.9828193187713623,-0.00025185223785229027,0.7499895691871643,0.00020522490376606584,0.2693997919559479,0.17328767478466034,0.002347115892916918,0.32037433981895447,1.5428497791290283,7.18530017707053e-08,7.573144435882568,-6.005321483826265e-05,0.00453003216534853,0.00034857960417866707,0.2598934769630432,0.21545404195785522,0.012215462513267994,0.4439784288406372,1.509626865386963,8.0,0.07964059710502625,0.07861322909593582,0.8194912075996399,-4.523390089161694e-06,0.004177275579422712,0.9290696382522583,-0.0010828565181200743,0.0025034176651388407,0.0007496431353501976,0.0020538405515253544,0.0774374008178711
80,model.layers.15.self_attn.k_proj.weight,512,1024,0.0009765625,0.0008936836384236813,2.269304037094116,-5.84630441835543e-08,0.7216315269470215,0.0002631985116750002,0.2573350965976715,0.22616037726402283,0.009173466823995113,0.5266146659851074,1.3858064413070679,1.408016601089912e-07,7.684625625610352,-0.0001030941421049647,0.001625911914743483,7.228674803627655e-05,0.2848917543888092,0.20763754844665527,0.01001873891800642,0.4698803424835205,1.4060317277908325,,,,,,,,,,,,
80,model.layers.15.self_attn.v_proj.weight,512,1024,0.0009765625,0.0008841064409352839,1.6848018169403076,-0.00035203536390326917,0.6066165566444397,0.0002088383916998282,0.23691357672214508,0.23123545944690704,0.005422550719231367,0.589559018611908,1.4352566003799438,1.2885729461231676e-07,5.333615779876709,-7.076063775457442e-05,0.0015961462631821632,0.00020888977451249957,0.23450255393981934,0.2317301332950592,0.007057457696646452,0.5852941274642944,1.4216930866241455,,,,,,,,,,,,
80,model.layers.15.self_attn.o_proj.weight,1024,2048,0.00048828125,0.0003473185352049768,1.5462770462036133,-9.728667646413669e-05,1.244127869606018,3.2926207495620474e-05,0.0643656775355339,0.5803148746490479,0.01680079475045204,0.7415656447410583,1.4363220930099487,2.3170089491486578e-07,6.0190863609313965,-8.417128265136853e-05,0.003245229832828045,0.0001364960626233369,0.1981627345085144,0.29790031909942627,0.016893144696950912,0.5286703109741211,1.4216805696487427,,,,,,,,,,,,
80,model.layers.19.self_attn.q_proj.weight,4096,1024,0.000244140625,0.00017475626373197883,2.447399139404297,-0.0001273597008548677,0.4947203993797302,0.0007069976418279111,0.22148965299129486,0.23017051815986633,0.01004189532250166,0.42788171768188477,1.5293099880218506,9.976339754302899e-08,8.20374870300293,-6.212321750354022e-05,0.004447002429515123,0.00048687797971069813,0.23840180039405823,0.23303841054439545,0.018034035339951515,0.4594566822052002,1.4910675287246704,8.0,0.059455521404743195,0.07505107671022415,0.8496512770652771,1.8839390349967289e-06,0.0015994659624993801,0.3259334862232208,0.001177855033596852,-0.0035784970968961716,0.0013738753041252494,0.0027590731624513865,0.07358730584383011
80,model.layers.19.self_attn.k_proj.weight,512,1024,0.0009765625,0.001128094969317317,2.3176236152648926,2.463352075210423e-06,0.5363617539405823,0.0002769918937701732,0.2542172372341156,0.20889253914356232,0.010041586123406887,0.5800190567970276,1.3697088956832886,1.4554818505985168e-07,9.465309143066406,-8.799325587460771e-05,0.0015572631964460015,0.00012404761218931526,0.2869851589202881,0.20016923546791077,0.018318302929401398,0.455160915851593,1.317644476890564,,,,,,,,,,,,
80,model.layers.19.self_attn.v_proj.weight,512,1024,0.0009765625,0.0007770542870275676,1.547890305519104,8.400071237701923e-05,0.3640986382961273,0.0007740802248008549,0.19267608225345612,0.21781350672245026,0.005647032987326384,0.6176292300224304,1.4125117063522339,1.078621139072311e-07,4.736063003540039,-4.190682739135809e-05,0.0015703010139986873,0.000185257158591412,0.22482270002365112,0.26189473271369934,0.007332786452025175,0.5834363698959351,1.4195226430892944,,,,,,,,,,,,
80,model.layers.19.self_attn.o_proj.weight,1024,2048,0.00048828125,0.0006061116000637412,1.3910731077194214,2.2584348698728718e-05,0.8134838342666626,8.396400517085567e-05,0.06393086165189743,0.553980827331543,0.009004147723317146,0.7014057040214539,1.4596048593521118,1.1921800080472167e-07,6.323789119720459,-5.9847843658644706e-05,0.0032106111757457256,0.0002858684747479856,0.1880393922328949,0.3030904531478882,0.014926300384104252,0.577325165271759,1.4400825500488281,,,,,,,,,,,,
80,model.layers.1.mlp.gate_proj.weight,3584,1024,0.00027901785714285713,0.000323051237501204,3.1641244888305664,-0.00026129765319637954,0.41413605213165283,0.0003993104910477996,0.174154132604599,0.3014407753944397,0.007688242010772228,0.5363941788673401,1.5181001424789429,2.6497147587178915e-07,16.57122039794922,-8.484256250085309e-05,0.004228669218719006,0.00019534354214556515,0.2573290765285492,0.2269722819328308,0.009131218306720257,0.49590906500816345,1.514997124671936,,,,,,,,,,,,
80,model.layers.1.mlp.up_proj.weight,3584,1024,0.00027901785714285713,0.0004975176998414099,2.748171329498291,0.00016069624689407647,0.7401405572891235,9.511446114629507e-05,0.15453501045703888,0.3441058397293091,0.008441655896604061,0.5222921967506409,1.515403151512146,2.2435811786181148e-07,13.968817710876465,-0.00012456531112547964,0.00421077711507678,9.556273289490491e-05,0.25015515089035034,0.23728962242603302,0.009782180190086365,0.5034465193748474,1.5128309726715088,,,,,,,,,,,,
80,model.layers.1.mlp.down_proj.weight,1024,3584,0.00027901785714285713,0.00021132071560714394,2.8153886795043945,0.0001324119948549196,0.8922342658042908,0.0005316343740560114,0.12230777740478516,0.3846374750137329,0.008607739582657814,0.7088906168937683,1.4512313604354858,1.9229030101541866e-07,21.900497436523438,-0.00012968856026418507,0.004224156960844994,0.00019844435155391693,0.2196170687675476,0.2656332850456238,0.013572553172707558,0.526655912399292,1.431861162185669,8.0,0.07210032641887665,0.07512778043746948,0.8610567450523376,-1.737895763653796e-05,-0.0009368844330310822,1.7203871011734009,,2.640870661707595e-05,-0.00031465079518966377,0.003351097460836172,0.05373894050717354
80,model.layers.12.mlp.gate_proj.weight,3584,1024,0.00027901785714285713,0.0002206756907980889,2.1520915031433105,0.0002718608593568206,0.5484855771064758,0.0011145195458084345,0.1751897633075714,0.266681045293808,0.007094977889209986,0.5802162289619446,1.52785325050354,9.443333226499817e-08,7.807013511657715,-7.991775055415928e-05,0.004235437605530024,0.00043069032835774124,0.2539752125740051,0.21755754947662354,0.00929570198059082,0.5034118294715881,1.5166864395141602,,,,,,,,,,,,
80,model.layers.12.mlp.up_proj.weight,3584,1024,0.00027901785714285713,0.0002702322672121227,2.1364755630493164,0.0004028642433695495,0.9381803870201111,0.00021973843104206026,0.20319576561450958,0.27664056420326233,0.006404199171811342,0.5082429051399231,1.5138622522354126,1.5661038332837052e-07,7.277999401092529,-0.00012861394498031586,0.004270186182111502,0.000344986270647496,0.24936985969543457,0.22736452519893646,0.010474623180925846,0.503611147403717,1.50444757938385,,,,,,,,,,,,
80,model.layers.12.mlp.down_proj.weight,1024,3584,0.00027901785714285713,0.00025345286121591926,4.023574352264404,0.0003925052296835929,0.9925441741943359,0.00016075297025963664,0.1696643978357315,0.33608028292655945,0.016981730237603188,0.6165932416915894,1.4300379753112793,1.5386376617243513e-07,9.253437042236328,-0.00013999109796714038,0.004291256424039602,0.00016483914805576205,0.2207517921924591,0.26624447107315063,0.018291611224412918,0.5198439955711365,1.4157427549362183,8.0,0.07089687883853912,0.07365117967128754,0.8660562038421631,2.4407569071627222e-05,0.007944348268210888,2.0291364192962646,0.003072318615397754,-9.854652307694778e-05,0.0005253572016954422,-0.004180466290563345,0.04578794911503792
80,model.layers.22.mlp.gate_proj.weight,3584,1024,0.00027901785714285713,0.00022696297673974186,2.5233256816864014,-0.000176025481778197,0.26876071095466614,0.0006062870961613953,0.17914451658725739,0.25474095344543457,0.007293070200830698,0.544076681137085,1.5238430500030518,1.3504516971352132e-07,5.943019390106201,-5.554486415348947e-05,0.00415809964761138,0.0009450795478187501,0.22468744218349457,0.23424388468265533,0.011531573720276356,0.49883317947387695,1.5054651498794556,,,,,,,,,,,,
80,model.layers.22.mlp.up_proj.weight,3584,1024,0.00027901785714285713,0.00029522014665417373,2.2601397037506104,-0.0002633633848745376,0.6700736284255981,0.0013179612578824162,0.17688274383544922,0.28854337334632874,0.015924649313092232,0.5638507604598999,1.5097814798355103,7.864433371196355e-08,5.941633224487305,-0.00011155501852044836,0.004172631073743105,0.0006526925135403872,0.21439287066459656,0.2554413974285126,0.014007550664246082,0.507926344871521,1.4980560541152954,,,,,,,,,,,,
80,model.layers.22.mlp.down_proj.weight,1024,3584,0.00027901785714285713,0.00040007097413763404,2.029311180114746,-0.0002754404558800161,0.6940722465515137,0.0004065194516442716,0.08772088587284088,0.4444762170314789,0.007861319929361343,0.6008549332618713,1.4759279489517212,1.411172405596517e-07,6.239781856536865,-0.0001256919204024598,0.004176834598183632,0.00020063156262040138,0.20857557654380798,0.2740343511104584,0.009141315706074238,0.5441443920135498,1.4568188190460205,8.0,0.08500134944915771,0.07552571594715118,0.8254103064537048,8.929892828746233e-06,0.02498379535973072,1.2869443893432617,0.000357427392442526,0.008464951999485493,0.0038051388692110777,0.01054901722818613,0.135163813829422
80,model.layers.1.linear_attn.in_proj_qkv.weight,6144,1024,0.00016276041666666666,0.000139397379825823,2.91337513923645,0.0005930932820774615,0.33293625712394714,0.0008942341664806008,0.1752816140651703,0.2767356336116791,0.007757766172289848,0.5297948718070984,1.5369062423706055,6.883268355295513e-08,16.60615348815918,-6.218181806616485e-05,0.005499751307070255,0.00027086245245300233,0.2469107210636139,0.22786983847618103,0.009684637188911438,0.5033856630325317,1.524610161781311,8.0,0.08001226931810379,0.07460497319698334,0.8655438423156738,-5.196435267862398e-06,-0.0005381909431889653,0.11576350033283234,,0.0017325356602668762,-0.00014101056149229407,0.006287122145295143,0.045489389449357986
80,model.layers.1.linear_attn.out_proj.weight,1024,2048,0.00048828125,0.000349662994267419,1.4114710092544556,0.0002726071688812226,0.9633932709693909,0.0006602062494494021,0.0797453224658966,0.45573389530181885,0.01625436171889305,0.6673504114151001,1.4260755777359009,5.935817739555205e-07,13.294209480285645,-8.385445835301653e-05,0.003214030060917139,0.0007699630805291235,0.22603939473628998,0.2519642412662506,0.0193424541503191,0.5288618206977844,1.3988834619522095,,,,,,,,,,,,
80,model.layers.12.linear_attn.in_proj_qkv.weight,6144,1024,0.00016276041666666666,6.410070636775345e-05,2.611053705215454,-0.00018677307525649667,0.5357975959777832,0.0004773639957420528,0.17384199798107147,0.2616867125034332,0.0044559212401509285,0.5623980164527893,1.55058753490448,8.468519041571199e-08,8.430022239685059,-5.687549855792895e-05,0.005498254671692848,0.00032584290602244437,0.25487056374549866,0.2153303027153015,0.007730867713689804,0.5069854855537415,1.5363928079605103,8.0,0.06754621118307114,0.07494014501571655,0.8450760245323181,-2.082247419821215e-06,8.67140042828396e-05,0.19087255001068115,-0.024012815888762785,-0.002240629168227315,0.00041621323907747865,0.008105771616101265,0.07474871724843979
80,model.layers.12.linear_attn.out_proj.weight,1024,2048,0.00048828125,0.00029256759444251657,2.3230626583099365,0.0004281706642359495,0.9073886275291443,8.736693416722119e-05,0.12753155827522278,0.39752164483070374,0.017860280349850655,0.6691598892211914,1.4250253438949585,1.5188788893283345e-07,5.956354141235352,-9.501282329438254e-05,0.00321120023727417,0.00014777074102312326,0.21883219480514526,0.26888710260391235,0.017677348107099533,0.533193051815033,1.4089521169662476,,,,,,,,,,,,
80,model.layers.21.linear_attn.in_proj_qkv.weight,6144,1024,0.00016276041666666666,0.00011114440712844953,2.057488441467285,-0.0003745278518181294,0.19303858280181885,0.0012478937860578299,0.17595086991786957,0.2557477355003357,0.007721561007201672,0.5457679629325867,1.5416752099990845,1.7484943271028897e-07,6.88223123550415,-4.9360929551767185e-05,0.005426865071058273,0.0006743291160091758,0.22162707149982452,0.24567283689975739,0.012909499928355217,0.4886139929294586,1.5232877731323242,8.0,0.0833161398768425,0.07653436064720154,0.8613365292549133,6.886615437906585e-07,0.000296176178380847,0.029984524473547935,0.0023251753316403537,0.0007857381133362651,0.0007678246474824846,0.010268456302583218,0.06707421690225601
80,model.layers.21.linear_attn.out_proj.weight,1024,2048,0.00048828125,0.00040638152859173715,2.143892288208008,-6.156014569569379e-05,0.4033273458480835,0.00014408104470930994,0.11331188678741455,0.413400799036026,0.005916371010243893,0.6132890582084656,1.4731762409210205,1.1983432557371998e-07,4.254812717437744,-9.765318827703595e-05,0.0031580121722072363,0.00024097925052046776,0.20566107332706451,0.2802921235561371,0.010476436465978622,0.5461550354957581,1.4685596227645874,,,,,,,,,,,,
100,model.layers.7.self_attn.q_proj.weight,4096,1024,0.000244140625,0.0001017009126371704,2.1055028438568115,-0.00021916131663601846,0.5333651900291443,0.0004565554845612496,0.17527520656585693,0.2722688615322113,0.005804352927953005,0.543670117855072,1.533563256263733,5.659500246224525e-08,6.965460300445557,-7.141344394767657e-05,0.004661825485527515,0.0004870724806096405,0.2689093351364136,0.19673699140548706,0.009652729146182537,0.4959193766117096,1.5178331136703491,8.0,0.07023646682500839,0.07268930971622467,0.8883218765258789,6.735074862262991e-07,0.004066939931362867,0.24795016646385193,0.00016560546690951513,-0.0005747796385549009,0.001693270169198513,0.003112227190285921,0.057232536375522614
100,model.layers.7.self_attn.k_proj.weight,512,1024,0.0009765625,0.00100224488414824,2.2979187965393066,-2.8520555588329444e-06,0.43130573630332947,0.0018542878096923232,0.1275712549686432,0.2566845417022705,0.018386738374829292,0.7605011463165283,1.328258991241455,7.10355578803501e-08,6.36560583114624,-0.00011452901526354253,0.001680376473814249,0.000777500681579113,0.2632388174533844,0.18300019204616547,0.013966509141027927,0.5534939169883728,1.3515945672988892,,,,,,,,,,,,
100,model.layers.7.self_attn.v_proj.weight,512,1024,0.0009765625,0.0008468523155897856,1.6751261949539185,0.00022433185949921608,0.7264140248298645,0.0002041991683654487,0.1310085505247116,0.24912242591381073,0.0035700341686606407,0.7580950856208801,1.44132661819458,3.821401719505957e-07,4.376784801483154,-0.00010224210564047098,0.001671367441304028,0.00030168992816470563,0.18277430534362793,0.21205979585647583,0.008234580047428608,0.6895927786827087,1.411988615989685,,,,,,,,,,,,
100,model.layers.7.self_attn.o_proj.weight,1024,2048,0.00048828125,0.00026242760941386223,2.119708776473999,7.919359632069245e-05,1.1122835874557495,8.404698746744543e-05,0.11941676586866379,0.4028967022895813,0.016371900215744972,0.6077449321746826,1.4231799840927124,1.7289374909523758e-07,4.131466388702393,-9.611307177692652e-05,0.0032924655824899673,0.00019496314052958041,0.19545914232730865,0.2778259217739105,0.028202999383211136,0.45142310857772827,1.3591644763946533,,,,,,,,,,,,
100,model.layers.15.self_attn.q_proj.weight,4096,1024,0.000244140625,0.0001555294293211773,3.493832588195801,-3.043673677893821e-05,0.676629364490509,0.0005809562280774117,0.24844752252101898,0.2032357007265091,0.00440406147390604,0.4159665107727051,1.541815161705017,5.875651609699162e-08,8.748656272888184,-7.67336314311251e-05,0.0045006852596998215,0.000806426047347486,0.2522030770778656,0.21951019763946533,0.014790475368499756,0.4593707025051117,1.502768874168396,8.0,0.07763268053531647,0.0727500468492508,0.873944878578186,1.1736153282981832e-05,0.003114815801382065,0.5740358829498291,0.0037678482553525064,0.00632236385717988,0.000980494311079383,-0.010143037885427475,0.038887422531843185
100,model.layers.15.self_attn.k_proj.weight,512,1024,0.0009765625,0.0008407447603531182,4.2402215003967285,-1.6005828001652844e-05,0.7539811730384827,0.00016253085050266236,0.203388050198555,0.2816317677497864,0.004152499604970217,0.6105809807777405,1.4466955661773682,8.93970195647853e-08,8.6398344039917,-9.947257058229297e-05,0.001596819725818932,4.776267451234162e-05,0.26714032888412476,0.2295694351196289,0.007968197576701641,0.4773392677307129,1.4346189498901367,,,,,,,,,,,,
100,model.layers.15.self_attn.v_proj.weight,512,1024,0.0009765625,0.0010266202734783292,2.546471118927002,0.00010070409189211205,0.6055225133895874,0.00016082520596683025,0.28851771354675293,0.1875452846288681,0.0027734036557376385,0.5568674802780151,1.4444183111190796,1.391967856534393e-07,5.551268100738525,-6.49658395559527e-05,0.001616748282685876,0.00011251646355958655,0.22931846976280212,0.23305584490299225,0.006610777694731951,0.5915676355361938,1.4429478645324707,,,,,,,,,,,,
100,model.layers.15.self_attn.o_proj.weight,1024,2048,0.00048828125,0.000518215645570308,2.172924280166626,3.8866935938131064e-05,0.9149020314216614,6.871668301755562e-05,0.1479521244764328,0.37997519969940186,0.014729135669767857,0.514285683631897,1.4408857822418213,1.1268534194641688e-07,6.357309341430664,-8.54284517117776e-05,0.0031815869733691216,8.406877896049991e-05,0.21047131717205048,0.2795839011669159,0.019346194341778755,0.49649685621261597,1.412448763847351,,,,,,,,,,,,
100,model.layers.19.self_attn.q_proj.weight,4096,1024,0.000244140625,0.0001906263205455616,2.317558765411377,-0.0003971076803281903,0.5428851246833801,0.00023156074166763574,0.23469968140125275,0.18457500636577606,0.0039639244787395,0.34839338064193726,1.5348656177520752,1.3914551288962684e-07,8.02810001373291,-8.504168363288045e-05,0.004562986083328724,0.000551236211322248,0.24509088695049286,0.22507517039775848,0.018248986452817917,0.45491835474967957,1.4909770488739014,8.0,0.07554224878549576,0.0737573504447937,0.8515192866325378,7.82149436417967e-06,0.002855900675058365,0.4426308870315552,0.0027387137208543942,0.0027210956905037165,0.0008923758286982775,0.0053236656822264194,0.0796210840344429
100,model.layers.19.self_attn.k_proj.weight,512,1024,0.0009765625,0.001096513937227428,1.8108478784561157,1.0346302588004619e-06,0.676331102848053,0.00047148633166216314,0.266745924949646,0.18731823563575745,0.011089877225458622,0.5650848746299744,1.336793065071106,1.4297440031896258e-07,7.003889083862305,-0.00011346675455570221,0.0017276820726692677,0.0006089396774768829,0.3007165193557739,0.1871146708726883,0.02052481099963188,0.4255084991455078,1.3011502027511597,,,,,,,,,,,,
100,model.layers.19.self_attn.v_proj.weight,512,1024,0.0009765625,0.0007546860724687576,1.512724757194519,-0.0012365611037239432,0.39958295226097107,0.00029241087031550705,0.23799315094947815,0.18005451560020447,0.003931572660803795,0.5581507086753845,1.4280328750610352,8.903299431040068e-08,5.106993198394775,-5.9834710555151105e-05,0.0016129481373354793,0.00044940540101379156,0.2410028874874115,0.23866760730743408,0.008451884612441063,0.5700444579124451,1.4144374132156372,,,,,,,,,,,,
100,model.layers.19.self_attn.o_proj.weight,1024,2048,0.00048828125,0.0005433374317362905,1.620100736618042,-0.00046979758189991117,0.6274439692497253,0.00023134838556870818,0.11675284057855606,0.4169861078262329,0.024013007059693336,0.5712974071502686,1.436658501625061,9.986280247176182e-08,5.614577770233154,-6.623793160542846e-05,0.0032719653099775314,0.0001250906498171389,0.1881968379020691,0.30652448534965515,0.01385474856942892,0.5809606313705444,1.435659408569336,,,,,,,,,,,,
100,model.layers.1.mlp.gate_proj.weight,3584,1024,0.00027901785714285713,0.0004016635939478874,3.0091278553009033,0.0007575422641821206,0.352401465177536,0.00024879578268155456,0.16773903369903564,0.32319575548171997,0.0077466960065066814,0.5472336411476135,1.5144933462142944,1.0679440265448648e-07,19.082048416137695,-8.788656850811094e-05,0.004330231808125973,0.00011383483797544613,0.25552842020988464,0.22782577574253082,0.00937012117356062,0.4992946982383728,1.5119186639785767,,,,,,,,,,,,
100,model.layers.1.mlp.up_proj.weight,3584,1024,0.00027901785714285713,0.00028836363344453275,2.6256229877471924,0.0010420638136565685,0.6093223094940186,9.700934606371447e-05,0.1472110003232956,0.3566408157348633,0.008543653413653374,0.5222218632698059,1.5126405954360962,2.721171199482342e-07,15.168055534362793,-0.0001286579790757969,0.004304880276322365,0.00011053164780605584,0.25040900707244873,0.23752658069133759,0.009189845994114876,0.5040092468261719,1.5166568756103516,,,,,,,,,,,,
100,model.layers.1.mlp.down_proj.weight,1024,3584,0.00027901785714285713,0.0004773050604853779,4.455328464508057,0.000863333058077842,0.733148992061615,0.0011852288153022528,0.12280501425266266,0.35854825377464294,0.010521995835006237,0.7012825012207031,1.4470144510269165,2.1419127449462394e-07,23.86873435974121,-0.00013241734995972365,0.004301235545426607,0.0003936200519092381,0.22529280185699463,0.2590142488479614,0.013855150900781155,0.5121381878852844,1.4258397817611694,8.0,0.07392217963933945,0.07313510775566101,0.8645440340042114,8.016010542633012e-05,0.0055563198402523994,1.1419240236282349,0.014426834259182746,0.0003803819417953491,0.0006207326659932733,0.007699667010456324,0.08865069597959518
100,model.layers.12.mlp.gate_proj.weight,3584,1024,0.00027901785714285713,0.00020642270101234317,2.8500797748565674,-0.0005173324607312679,0.493521124124527,0.0008067999733611941,0.18139807879924774,0.24931752681732178,0.007244449108839035,0.5580537915229797,1.5189498662948608,1.1424069867871367e-07,8.091047286987305,-7.316534902201965e-05,0.004334507044404745,0.0003353864303790033,0.25574058294296265,0.21661970019340515,0.010011142119765282,0.49404454231262207,1.5094704627990723,,,,,,,,,,,,
100,model.layers.12.mlp.up_proj.weight,3584,1024,0.00027901785714285713,0.00026837814948521554,2.840622901916504,-0.00028366208425723016,0.8239173293113708,0.0004940524813719094,0.20369605720043182,0.2646681070327759,0.00901445746421814,0.5016458034515381,1.5104326009750366,1.3689347611034464e-07,7.42134952545166,-0.00013899451005272567,0.004329353105276823,0.0003385351737961173,0.2577199935913086,0.2202753871679306,0.010507412254810333,0.4908393323421478,1.5066146850585938,,,,,,,,,,,,
100,model.layers.12.mlp.down_proj.weight,1024,3584,0.00027901785714285713,0.00027815168141387403,6.757771968841553,-0.0002654633135534823,0.9114639759063721,0.00013727383338846266,0.16327761113643646,0.336591899394989,0.016612350940704346,0.6261603236198425,1.4423986673355103,1.3190492609282956e-07,9.226819038391113,-0.00013710452185478061,0.004323661793023348,0.00023262930335476995,0.2239539623260498,0.26111868023872375,0.021856054663658142,0.5106831789016724,1.3727716207504272,8.0,0.07812701165676117,0.07124652713537216,0.8949977159500122,2.0050196326337755e-05,0.01136683113873005,1.6549729108810425,0.0017639213674971376,0.00469749141484499,0.0011694632703438401,0.00482458621263504,0.05497303232550621
100,model.layers.22.mlp.gate_proj.weight,3584,1024,0.00027901785714285713,0.00021383068815339357,2.6633453369140625,-0.001331401290372014,0.2536253035068512,0.0008447763393633068,0.16465841233730316,0.2651660740375519,0.008290487341582775,0.5803840756416321,1.519981026649475,1.158962632530347e-07,6.505943298339844,-5.781754225608893e-05,0.004340173210948706,0.00044312136014923453,0.22864356637001038,0.23394164443016052,0.009359726682305336,0.4981381893157959,1.5149277448654175,,,,,,,,,,,,
100,model.layers.22.mlp.up_proj.weight,3584,1024,0.00027901785714285713,0.00022455315047409385,2.84161114692688,-0.001034628483466804,0.5593997240066528,0.0017740128096193075,0.17538143694400787,0.28492629528045654,0.01865161955356598,0.5677065253257751,1.5085638761520386,9.990645821744693e-08,5.987702369689941,-0.00010641681728884578,0.004248409532010555,0.0004397979355417192,0.21704652905464172,0.25097548961639404,0.012325174175202847,0.5078133344650269,1.49468195438385,,,,,,,,,,,,
100,model.layers.22.mlp.down_proj.weight,1024,3584,0.00027901785714285713,0.00042015218059532344,2.057342767715454,-0.001070023630745709,0.5905986428260803,0.0002174137916881591,0.09751547873020172,0.40721258521080017,0.008702432736754417,0.5478044748306274,1.4505198001861572,1.5345361248364497e-07,6.182222366333008,-0.00011302523489575833,0.004246225580573082,0.00022229236492421478,0.2127765417098999,0.27263638377189636,0.009887860156595707,0.5391087532043457,1.460134506225586,8.0,0.0690445825457573,0.0705813392996788,0.8460493683815002,2.3070693714544177e-05,0.010751379653811455,0.9642170071601868,0.0021458356469037368,-0.0012753974879160523,0.0012972586555406451,-0.006595614366233349,0.13996393978595734
100,model.layers.1.linear_attn.in_proj_qkv.weight,6144,1024,0.00016276041666666666,0.00010559270594967529,2.1629085540771484,0.0003171200805809349,0.337942510843277,0.00031474241404794157,0.14940401911735535,0.33137187361717224,0.0036624977365136147,0.5588969588279724,1.5450201034545898,9.198888051287213e-08,17.70211410522461,-7.625944999745116e-05,0.005688867066055536,0.00039917073445394635,0.25095656514167786,0.2236967831850052,0.011534745804965496,0.49587032198905945,1.5184481143951416,8.0,0.07685026526451111,0.0732508972287178,0.8616124987602234,-6.334222234727349e-06,8.598084968980402e-05,0.1308646947145462,-0.07367015163934218,0.00016833450354170054,0.00012756427167914808,0.0057555013336241245,0.05403155833482742
100,model.layers.1.linear_attn.out_proj.weight,1024,2048,0.00048828125,0.0019870109390467405,1.3648666143417358,0.00041061697993427515,0.8684787750244141,0.0006484208279289305,0.08750830590724945,0.4344462454319,0.013439643196761608,0.6465597748756409,1.444703459739685,1.683590369339072e-07,13.210382461547852,-9.249131107935682e-05,0.0032718097791075706,0.00045003590639680624,0.23641884326934814,0.24451003968715668,0.016793737187981606,0.5119945406913757,1.4172534942626953,,,,,,,,,,,,
100,model.layers.12.linear_attn.in_proj_qkv.weight,6144,1024,0.00016276041666666666,6.209226557984948e-05,2.5681517124176025,-0.0003260361263528466,0.4802733361721039,0.0006890636286698282,0.1627885401248932,0.2657351791858673,0.004443964455276728,0.5727834105491638,1.5501936674118042,6.365777238670489e-08,8.294479370117188,-4.090205402462743e-05,0.005586971528828144,0.0005167474155314267,0.25230714678764343,0.21462482213974,0.009424859657883644,0.5050806999206543,1.5325279235839844,8.0,0.06454414874315262,0.07060616463422775,0.8830530047416687,3.197549744982098e-07,0.0010419688187539577,0.1305907666683197,0.00030687576129254037,-0.00013204939023125917,0.0008435639902018011,-0.00511839147657156,0.06985536962747574
100,model.layers.12.linear_attn.out_proj.weight,1024,2048,0.00048828125,0.000336202239850536,2.772160053253174,-0.00043766439193859696,0.7221123576164246,6.734226190019399e-05,0.14964300394058228,0.3620900511741638,0.01829582266509533,0.5968137979507446,1.4338778257369995,1.0436752262421578e-07,5.957292556762695,-9.805297304410487e-05,0.003210069378837943,0.00014401122462004423,0.2213727980852127,0.2646200656890869,0.021012715995311737,0.5252496004104614,1.3925526142120361,,,,,,,,,,,,
100,model.layers.21.linear_attn.in_proj_qkv.weight,6144,1024,0.00016276041666666666,9.595027950126678e-05,3.149308443069458,0.00019405253988225013,0.151655912399292,0.0010982237290591002,0.1807660013437271,0.2571123242378235,0.00864332728087902,0.532326877117157,1.540110468864441,1.2952554584444442e-07,7.870120048522949,-6.439819844672456e-05,0.00551233533769846,0.0005037518567405641,0.21676811575889587,0.2524866461753845,0.01251464057713747,0.4960140883922577,1.5231704711914062,8.0,0.06513514369726181,0.07368217408657074,0.8889634609222412,-4.8889425841025513e-08,0.00018421289860270917,0.01830984652042389,-0.00026539632247177784,0.0005228076479397714,0.001948118326254189,-0.0013856723671779037,0.05621534213423729
100,model.layers.21.linear_attn.out_proj.weight,1024,2048,0.00048828125,0.00033955503022298217,2.6799662113189697,-7.114115305739688e-06,0.32731929421424866,0.00010035801824415103,0.14773225784301758,0.33890628814697266,0.0059716906398534775,0.5191179513931274,1.479838490486145,1.3457920999826456e-07,3.951603651046753,-0.00010365733032813296,0.0032376437447965145,0.0001975546620087698,0.21366570889949799,0.2688755989074707,0.00843894388526678,0.5291528105735779,1.4674299955368042,,,,,,,,,,,,
120,model.layers.7.self_attn.q_proj.weight,4096,1024,0.000244140625,0.00011527213064255193,2.506002902984619,0.00015634940064046532,0.5103273391723633,0.0009128356468863785,0.17058394849300385,0.2717473804950714,0.007557370699942112,0.5333950519561768,1.537731409072876,6.728357249130568e-08,8.616009712219238,-7.240661216201261e-05,0.004620857536792755,0.0005769369308836758,0.2659222185611725,0.202748641371727,0.011361585929989815,0.4953500032424927,1.5128496885299683,8.0,0.059702131897211075,0.06746973097324371,0.8918812274932861,2.740707259363262e-06,0.00044652511132881045,0.2787129878997803,0.006137856953234306,0.00027633848367258906,-9.22164399526082e-05,-0.013143203221261501,0.041488971561193466
120,model.layers.7.self_attn.k_proj.weight,512,1024,0.0009765625,0.0009960844181478024,4.3552093505859375,-1.193468506244244e-05,0.3903856575489044,0.0009377007372677326,0.1688072681427002,0.24517683684825897,0.023679474368691444,0.6843492388725281,1.3310478925704956,9.216191898531179e-08,8.293464660644531,-0.00011496395745780319,0.001691734418272972,0.0009559003519825637,0.2908116281032562,0.17344753444194794,0.01892874389886856,0.4923812747001648,1.3492060899734497,,,,,,,,,,,,
120,model.layers.7.self_attn.v_proj.weight,512,1024,0.0009765625,0.0008566141477786005,1.6787554025650024,-0.0013962710509076715,0.6903318762779236,0.0006318736704997718,0.14445166289806366,0.23915766179561615,0.006652293261140585,0.7378266453742981,1.4263954162597656,8.75914594189453e-08,5.821815013885498,-9.86956074484624e-05,0.0016095846658572555,0.0006490177474915981,0.19780930876731873,0.21035058796405792,0.008843931369483471,0.6648548245429993,1.4248844385147095,,,,,,,,,,,,
120,model.layers.7.self_attn.o_proj.weight,1024,2048,0.00048828125,0.00022950733546167612,2.0211472511291504,-0.00047960481606423855,1.0642156600952148,4.028948751511052e-05,0.14104388654232025,0.36593902111053467,0.012300913222134113,0.5497245788574219,1.4361168146133423,1.0206362333065044e-07,4.7014265060424805,-9.921263699652627e-05,0.003209835384041071,0.00012107814836781472,0.19620659947395325,0.2797139883041382,0.01995791308581829,0.4492977261543274,1.3986989259719849,,,,,,,,,,,,
120,model.layers.15.self_attn.q_proj.weight,4096,1024,0.000244140625,0.00014596691471524537,3.043713331222534,4.1179664549417794e-05,0.628960907459259,0.00039716644096188247,0.21187247335910797,0.23779207468032837,0.004510913509875536,0.43398886919021606,1.5409061908721924,5.875542186117855e-08,7.532963752746582,-6.849298370070755e-05,0.004567571450024843,0.00034050087560899556,0.25028786063194275,0.22326914966106415,0.013025014661252499,0.45490095019340515,1.5056185722351074,8.0,0.07391583919525146,0.06809147447347641,0.882503867149353,-8.734892617212608e-06,-0.002450339961796999,0.48516881465911865,,0.0024144481867551804,6.853278591734124e-06,-0.0017677476862445474,0.05493504926562309
120,model.layers.15.self_attn.k_proj.weight,512,1024,0.0009765625,0.0010057081235572696,5.135184288024902,-3.6515837109618587e-06,0.5631456971168518,5.6512519222451374e-05,0.24837134778499603,0.2395172268152237,0.006014786660671234,0.5387641787528992,1.4387800693511963,6.972497601509531e-08,9.851985931396484,-9.558995225233957e-05,0.0015735832275822759,4.560552042676136e-05,0.28456220030784607,0.20640912652015686,0.009089164435863495,0.47094085812568665,1.408670425415039,,,,,,,,,,,,
120,model.layers.15.self_attn.v_proj.weight,512,1024,0.0009765625,0.0008872197940945625,1.8459094762802124,-8.935764344641939e-05,0.4511176347732544,0.00012421516294125468,0.1892894059419632,0.26410672068595886,0.003996706567704678,0.63850337266922,1.4757015705108643,1.8026146619831707e-07,5.617180347442627,-6.736136856488883e-05,0.0015908300410956144,0.0004575221973937005,0.21293741464614868,0.23688547313213348,0.006013780832290649,0.6055193543434143,1.4318827390670776,,,,,,,,,,,,
120,model.layers.15.self_attn.o_proj.weight,1024,2048,0.00048828125,0.0004939992795698345,1.7138276100158691,-2.5469220418017358e-05,0.8546128273010254,3.576386734494008e-05,0.08752013742923737,0.4784304201602936,0.014838162809610367,0.6051712036132812,1.4369748830795288,2.2504957541968906e-07,6.421530246734619,-7.548736175522208e-05,0.003178647253662348,7.787218055455014e-05,0.20081041753292084,0.2877037227153778,0.022369448095560074,0.5108341574668884,1.4097576141357422,,,,,,,,,,,,
120,model.layers.19.self_attn.q_proj.weight,4096,1024,0.000244140625,0.00017228347132913768,2.688124656677246,0.00016500796482432634,0.4170709252357483,0.0008519478724338114,0.2113148272037506,0.24149300158023834,0.010838311165571213,0.4389541447162628,1.5231754779815674,8.184021993429269e-08,7.442417144775391,-6.697682692902163e-05,0.0045893751084804535,0.0004830722464248538,0.24761612713336945,0.22365589439868927,0.019824568182229996,0.4574778974056244,1.4827089309692383,8.0,0.07676239311695099,0.07065166532993317,0.8811878561973572,-6.840515425210469e-07,0.0012048082426190376,0.2241002768278122,-0.0005677679802671678,0.0010270969942212105,0.0012269229628145695,0.005787364672869444,0.07568331807851791
120,model.layers.19.self_attn.k_proj.weight,512,1024,0.0009765625,0.0012228779960423708,3.0726959705352783,2.847306177500286e-06,0.4556571841239929,0.0009063300676643848,0.25233644247055054,0.22048144042491913,0.013455290347337723,0.5663419961929321,1.3480867147445679,1.1313149173020065e-07,7.94541072845459,-0.00010665192530723289,0.0016279472038149834,0.0002821049129124731,0.2907654047012329,0.19881820678710938,0.02112095057964325,0.4421376585960388,1.3166064023971558,,,,,,,,,,,,
120,model.layers.19.self_attn.v_proj.weight,512,1024,0.0009765625,0.0009117188164964318,1.7690502405166626,0.003059475217014551,0.3331432640552521,0.0007697867695242167,0.20993196964263916,0.21472522616386414,0.005378561560064554,0.5828285813331604,1.4456614255905151,7.580738525803099e-08,4.679211139678955,-4.3819101847475395e-05,0.0016224647406488657,0.0002827896096277982,0.22874973714351654,0.25376322865486145,0.007252566982060671,0.5876353979110718,1.4339841604232788,,,,,,,,,,,,
120,model.layers.19.self_attn.o_proj.weight,1024,2048,0.00048828125,0.0004597634542733431,1.472631812095642,0.0009080161107704043,0.6670203804969788,0.00011153855302836746,0.08189833909273148,0.5095297694206238,0.008226296864449978,0.661889374256134,1.4577308893203735,9.48994482996568e-08,6.959719181060791,-5.9417034208308905e-05,0.003237716853618622,0.0001522456732345745,0.1921510100364685,0.2990253269672394,0.014153326861560345,0.5753542184829712,1.4317907094955444,,,,,,,,,,,,
120,model.layers.1.mlp.gate_proj.weight,3584,1024,0.00027901785714285713,0.00032365223160013556,2.911404609680176,0.0009400295675732195,0.31067022681236267,0.0005496875382959843,0.17239326238632202,0.2960544526576996,0.00958411768078804,0.514621913433075,1.518384575843811,2.0399252775860077e-07,16.480796813964844,-8.378440543310717e-05,0.004266038537025452,0.0003095499996561557,0.2535485327243805,0.22911953926086426,0.010004371404647827,0.5023468732833862,1.5078630447387695,,,,,,,,,,,,
120,model.layers.1.mlp.up_proj.weight,3584,1024,0.00027901785714285713,0.0003121532208751887,2.3644192218780518,0.0005868993466719985,0.5652362704277039,0.00010679657862056047,0.14635969698429108,0.3539845049381256,0.009277700446546078,0.5197749137878418,1.5108546018600464,2.5535658210174006e-07,13.337043762207031,-0.00012723532563541085,0.004263058304786682,0.00012278035865165293,0.2532729506492615,0.23434704542160034,0.009637565352022648,0.5002937316894531,1.5108948945999146,,,,,,,,,,,,
120,model.layers.1.mlp.down_proj.weight,1024,3584,0.00027901785714285713,0.00028965299134142697,4.204782009124756,0.000549431424587965,0.6035176515579224,0.0007995892665348947,0.1515537053346634,0.32868969440460205,0.012881675735116005,0.6261361241340637,1.4477044343948364,2.4427581024610845e-07,23.038183212280273,-0.0001288214698433876,0.004265967756509781,0.0005635343841277063,0.22577233612537384,0.2571634352207184,0.015401930548250675,0.5130857825279236,1.4304717779159546,8.0,0.0749325081706047,0.0677051767706871,0.8995886445045471,6.4767782532726415e-06,0.00336151453666389,0.7463077306747437,0.001926744085926361,0.002702230354771018,0.0004735655093099922,0.005610101390630007,0.058598339557647705
120,model.layers.12.mlp.gate_proj.weight,3584,1024,0.00027901785714285713,0.00021243604714982212,2.844806432723999,-0.0012614672305062413,0.47039085626602173,0.000849170726723969,0.17899379134178162,0.25894659757614136,0.006932271644473076,0.5708453059196472,1.527269721031189,1.2847108621372172e-07,7.830368995666504,-0.00010406848014099523,0.004345071502029896,0.00031885059433989227,0.2555777430534363,0.21962864696979523,0.009847884066402912,0.49781447649002075,1.5126290321350098,,,,,,,,,,,,
120,model.layers.12.mlp.up_proj.weight,3584,1024,0.00027901785714285713,0.00027780147502198815,2.8084378242492676,-0.0008958648541010916,0.7886729836463928,0.0002653159899637103,0.20849038660526276,0.27017462253570557,0.007580889388918877,0.5009682774543762,1.515868067741394,1.636316682152028e-07,7.517666816711426,-0.00013316943659447134,0.004324892070144415,0.0003673137107398361,0.2546316087245941,0.22452346980571747,0.01064181700348854,0.49618563055992126,1.502666711807251,,,,,,,,,,,,
120,model.layers.12.mlp.down_proj.weight,1024,3584,0.00027901785714285713,0.0002684003848116845,6.653060436248779,-0.0009065155172720551,0.8067396879196167,0.00012028152559651062,0.19390319287776947,0.301098108291626,0.01742706261575222,0.5492482781410217,1.4120577573776245,1.1462572757636735e-07,10.493269920349121,-0.00013939339260105044,0.004280587658286095,0.0001726524205878377,0.22938701510429382,0.2561526596546173,0.019578320905566216,0.5005766153335571,1.3791629076004028,8.0,0.06888654828071594,0.06790246814489365,0.9094719290733337,-6.314293386822101e-06,0.0025288022588938475,1.3681366443634033,-0.0024969502319189276,-0.0008872767793945968,0.00020454500918276608,-0.00713918125256896,0.027110319584608078
120,model.layers.22.mlp.gate_proj.weight,3584,1024,0.00027901785714285713,0.00028510030824691057,2.4903645515441895,0.0004973270697519183,0.32050037384033203,0.002019396284595132,0.18822316825389862,0.23932580649852753,0.010873900726437569,0.5250024199485779,1.5171997547149658,2.6822448262464604e-07,6.643409252166748,-6.863864109618589e-05,0.004235330503433943,0.000926496519241482,0.22581636905670166,0.2377895563840866,0.011644137091934681,0.501763105392456,1.5059298276901245,,,,,,,,,,,,
120,model.layers.22.mlp.up_proj.weight,3584,1024,0.00027901785714285713,0.00034734295331873,2.578066825866699,0.0008399775833822787,0.6899011731147766,0.0008436574134975672,0.18500767648220062,0.279186487197876,0.012373370118439198,0.5572724342346191,1.5082142353057861,2.2596628923565731e-07,6.008843898773193,-0.00010825629578903317,0.004246437922120094,0.00037169302231632173,0.2206142097711563,0.248734250664711,0.012995094992220402,0.5023040175437927,1.5051158666610718,,,,,,,,,,,,
120,model.layers.22.mlp.down_proj.weight,1024,3584,0.00027901785714285713,0.0003339951508678496,2.269224166870117,0.0009520304738543928,0.6653459072113037,0.00019727562903426588,0.10509607195854187,0.3915116786956787,0.007662225980311632,0.5329802632331848,1.4659197330474854,3.4588191510920296e-07,5.843557834625244,-0.00012784049613401294,0.004268280230462551,0.00021409419423434883,0.21214178204536438,0.2727600634098053,0.009500151500105858,0.5347100496292114,1.4534635543823242,8.0,0.07589270174503326,0.07286990433931351,0.8472738265991211,-3.899211878888309e-05,-6.558257155120373e-05,1.1978778839111328,,-1.4854351320536807e-05,0.0005462075350806117,-0.002601739251986146,0.13854284584522247
120,model.layers.1.linear_attn.in_proj_qkv.weight,6144,1024,0.00016276041666666666,8.696478471392766e-05,2.640495538711548,-3.7756210076622665e-05,0.24797235429286957,0.0006819872069172561,0.173841193318367,0.2833368182182312,0.00678799906745553,0.5296549201011658,1.5384817123413086,1.5038772005482315e-07,17.38827133178711,-7.21409305697307e-05,0.005448877811431885,0.00034467517980374396,0.24612654745578766,0.22692303359508514,0.010203169658780098,0.5076020956039429,1.5265017747879028,8.0,0.06560635566711426,0.06094007566571236,0.9092550277709961,-1.225086634804029e-06,-0.00024779653176665306,0.06484273076057434,,-0.004484720528125763,-0.00040231127059087157,0.004520936869084835,0.05304830148816109
120,model.layers.1.linear_attn.out_proj.weight,1024,2048,0.00048828125,0.0007980221998877823,1.2514495849609375,-3.406695032026619e-05,0.7679386138916016,0.0007172868936322629,0.07359062880277634,0.4654877781867981,0.01571953482925892,0.6227359771728516,1.4357712268829346,2.399128788965754e-07,15.883513450622559,-7.230040500871837e-05,0.003162234788760543,0.0004761075251735747,0.2310296595096588,0.24735477566719055,0.020978115499019623,0.5134838819503784,1.3836740255355835,,,,,,,,,,,,
120,model.layers.12.linear_attn.in_proj_qkv.weight,6144,1024,0.00016276041666666666,7.266321335919201e-05,2.767383098602295,-0.0003527499211486429,0.5281032919883728,0.0005570084904320538,0.1691623479127884,0.25851744413375854,0.0049110897816717625,0.5485889911651611,1.5494139194488525,8.564919795617243e-08,8.93889045715332,-7.104617543518543e-05,0.005878445226699114,0.00027297469205223024,0.2557319700717926,0.21427980065345764,0.00905513297766447,0.4988829493522644,1.5328806638717651,8.0,0.0716368705034256,0.06749511510133743,0.8882161974906921,3.6133344565314474e-06,0.0005256454460322857,0.17400294542312622,0.00687409067044312,0.002569315955042839,0.00041095144115388393,-0.013066393323242664,0.05656873807311058
120,model.layers.12.linear_attn.out_proj.weight,1024,2048,0.00048828125,0.00034533918369561434,2.8215770721435547,-0.0005959853297099471,0.6771246790885925,6.294043851085007e-05,0.16859759390354156,0.3448109030723572,0.01289116870611906,0.5695929527282715,1.421336054801941,2.31285483209831e-07,6.505513668060303,-0.00010243837459711358,0.003285291837528348,0.00010720588034018874,0.229476660490036,0.26005321741104126,0.016343846917152405,0.514713704586029,1.4036383628845215,,,,,,,,,,,,
120,model.layers.21.linear_attn.in_proj_qkv.weight,6144,1024,0.00016276041666666666,0.00011146417818963528,2.907954216003418,-0.00015000661369413137,0.19462262094020844,0.0018635898595675826,0.18146096169948578,0.26048657298088074,0.010957260616123676,0.5437415838241577,1.537652850151062,7.857703110403236e-08,7.510823726654053,-4.179124880465679e-05,0.005534536670893431,0.0005161946173757315,0.21427009999752045,0.2539726197719574,0.01185035239905119,0.501608669757843,1.5273634195327759,8.0,0.07642316073179245,0.08066090196371078,0.8647403120994568,6.098430276324507e-07,2.0776955352630466e-05,0.03037058562040329,0.029351895755758146,0.0007348550134338439,0.00036283882218413055,-0.006211839150637388,0.042357757687568665
120,model.layers.21.linear_attn.out_proj.weight,1024,2048,0.00048828125,0.00036935831303708255,2.5711748600006104,-0.00021456512331496924,0.3999291658401489,0.0002128216001437977,0.13655276596546173,0.36634859442710876,0.008474545553326607,0.5428999662399292,1.4680286645889282,1.5510138950958208e-07,4.393141746520996,-8.998470730148256e-05,0.003214657073840499,0.00021576891595032066,0.2132212221622467,0.27404752373695374,0.008839983493089676,0.5396379828453064,1.4667894840240479,,,,,,,,,,,,
140,model.layers.7.self_attn.q_proj.weight,4096,1024,0.000244140625,0.00016005821817088872,2.3922171592712402,0.0006459516007453203,0.385147362947464,0.001296251080930233,0.19302722811698914,0.2514336407184601,0.009101560339331627,0.5005198121070862,1.5383522510528564,1.0162222707776891e-07,7.459185600280762,-6.191191641846672e-05,0.004336644429713488,0.0004353468248154968,0.26598915457725525,0.2024751901626587,0.010699380189180374,0.4952973425388336,1.5132538080215454,8.0,0.07621622085571289,0.0719972476363182,0.8624451160430908,2.5641434149292763e-06,0.0007822595653124154,0.16584943234920502,0.003277867767465675,0.0024312238674610853,0.00048836536007002,-0.008080155588686466,0.0567123144865036
140,model.layers.7.self_attn.k_proj.weight,512,1024,0.0009765625,0.0011130269849672914,3.769927501678467,-5.25096174897044e-06,0.30259811878204346,0.0004573209735099226,0.1860845685005188,0.21840044856071472,0.04095671698451042,0.6504923105239868,1.3497449159622192,7.27070315065248e-08,7.687738418579102,-0.00010532837040955201,0.0015743955736979842,0.00044399211765266955,0.28372031450271606,0.18179951608181,0.02130868099629879,0.5004417300224304,1.3341835737228394,,,,,,,,,,,,
140,model.layers.7.self_attn.v_proj.weight,512,1024,0.0009765625,0.0009404137381352484,1.7437024116516113,-0.0028549341950565577,0.496853768825531,0.0002980275312438607,0.14017249643802643,0.2279452383518219,0.004214140120893717,0.7486215829849243,1.4276899099349976,1.1448766201738181e-07,5.983108997344971,-8.801187505014241e-05,0.0014981256099417806,0.00035930925514549017,0.1949205994606018,0.20266838371753693,0.007498260121792555,0.6699623465538025,1.4254506826400757,,,,,,,,,,,,
140,model.layers.7.self_attn.o_proj.weight,1024,2048,0.00048828125,0.00030601691105403006,2.0886435508728027,-0.0009109695092774928,0.826634407043457,0.00012245670950505883,0.12298262864351273,0.4110604524612427,0.017215119674801826,0.6173322200775146,1.4298547506332397,2.7340050223756407e-07,4.760644435882568,-0.00010039316111942753,0.003083194140344858,0.00014222423487808555,0.1853591650724411,0.29655593633651733,0.02291432023048401,0.47728511691093445,1.4094125032424927,,,,,,,,,,,,
140,model.layers.15.self_attn.q_proj.weight,4096,1024,0.000244140625,0.00017814950842875987,3.528515100479126,-0.00012310796591918916,0.4923526346683502,0.0004278683918528259,0.22005771100521088,0.23155219852924347,0.004401845391839743,0.427142858505249,1.5429518222808838,5.902654010014885e-08,8.307526588439941,-6.556625885423273e-05,0.004546014126390219,0.0005257558077573776,0.2490723431110382,0.22081203758716583,0.01384374126791954,0.45453089475631714,1.5047258138656616,8.0,0.06895305216312408,0.06687367707490921,0.8802218437194824,9.471772273172974e-07,-0.0007206449517980218,0.36442816257476807,,0.0006209691637195647,0.0001351250393781811,0.014870225451886654,0.07082870602607727
140,model.layers.15.self_attn.k_proj.weight,512,1024,0.0009765625,0.0008017536601983011,4.76592493057251,5.783606866316404e-06,0.5133517384529114,9.680716902948916e-05,0.2298262119293213,0.2652936577796936,0.00555866863578558,0.5633094906806946,1.4458858966827393,1.7840626753695688e-07,6.3358988761901855,-9.825974120758474e-05,0.0016926578246057034,7.261147402459756e-05,0.2750416398048401,0.21820896863937378,0.007852311246097088,0.48467540740966797,1.4335728883743286,,,,,,,,,,,,
140,model.layers.15.self_attn.v_proj.weight,512,1024,0.0009765625,0.0008452731417492032,1.7860376834869385,1.757388781697955e-05,0.4483777582645416,0.00014225862105377018,0.20756757259368896,0.2417549341917038,0.011663478799164295,0.6045458316802979,1.4305222034454346,1.047894144790007e-07,5.677258014678955,-6.469529762398452e-05,0.001584329060278833,0.00028853281401097775,0.22742387652397156,0.22963815927505493,0.006897495593875647,0.590306282043457,1.419098138809204,,,,,,,,,,,,
140,model.layers.15.self_attn.o_proj.weight,1024,2048,0.00048828125,0.000573650118894875,1.6951340436935425,5.0262960940017365e-06,0.8232734799385071,3.166792885167524e-05,0.08848623931407928,0.4946057200431824,0.006812159903347492,0.6326492428779602,1.4524139165878296,2.57643961276699e-07,5.995763778686523,-7.89729820098728e-05,0.003218692960217595,0.00013445655349642038,0.20644031465053558,0.283644437789917,0.01644054986536503,0.5071825385093689,1.4231568574905396,,,,,,,,,,,,
140,model.layers.19.self_attn.q_proj.weight,4096,1024,0.000244140625,0.00018645715317688882,2.3202781677246094,-0.0005798530182801187,0.38861745595932007,0.0003144354559481144,0.2175741344690323,0.22698986530303955,0.005548810586333275,0.4149248003959656,1.5266722440719604,6.610869718315371e-08,7.293208599090576,-6.0722348280251026e-05,0.004593265242874622,0.0007468090043403208,0.23808127641677856,0.23430083692073822,0.01921815611422062,0.4676688015460968,1.4929462671279907,8.0,0.06777813285589218,0.07144119590520859,0.8459927439689636,2.196075911342632e-06,0.0025010020472109318,0.23193125426769257,0.0008780784141267108,-0.0015884465537965298,0.0004680482961703092,-0.0035463508684188128,0.07902443408966064
140,model.layers.19.self_attn.k_proj.weight,512,1024,0.0009765625,0.0009728207369334996,2.1824746131896973,5.384380983741721e-06,0.41104844212532043,0.0008777499315328896,0.2699725925922394,0.2044954150915146,0.01443007867783308,0.5443957448005676,1.3653364181518555,1.198891226295018e-07,8.204667091369629,-8.938685641624033e-05,0.001617319998331368,0.0007127672433853149,0.2828570306301117,0.2000580132007599,0.025003675371408463,0.45265212655067444,1.2761873006820679,,,,,,,,,,,,
140,model.layers.19.self_attn.v_proj.weight,512,1024,0.0009765625,0.0008323063375428319,1.6325716972351074,-0.0009401348070241511,0.32983851432800293,0.0023461286909878254,0.21588203310966492,0.18289214372634888,0.009506397880613804,0.590426504611969,1.426863431930542,1.0087881463505255e-07,4.799537658691406,-4.3456901039462537e-05,0.0016488524852320552,0.0003027475904673338,0.23456329107284546,0.24183499813079834,0.007881680503487587,0.5774955749511719,1.4265841245651245,,,,,,,,,,,,
140,model.layers.19.self_attn.o_proj.weight,1024,2048,0.00048828125,0.0004359935119282454,1.539020299911499,-0.00028164376271888614,0.6488332152366638,0.00015608043759129941,0.09147580713033676,0.478304922580719,0.012908781878650188,0.6507840156555176,1.4575693607330322,1.2045060771015415e-07,5.977077960968018,-7.405355427181348e-05,0.0033187991939485073,0.00023314956342801452,0.1880723536014557,0.3044862747192383,0.014410139061510563,0.5885361433029175,1.448189377784729,,,,,,,,,,,,
140,model.layers.1.mlp.gate_proj.weight,3584,1024,0.00027901785714285713,0.00041793572017923,2.981076240539551,-0.0004113436152692884,0.2420717179775238,0.0002121590805472806,0.17084647715091705,0.31411212682724,0.007482606917619705,0.5333879590034485,1.5156782865524292,2.147496047655295e-07,15.661046028137207,-8.348158735316247e-05,0.0040564341470599174,0.0001720011787256226,0.25466158986091614,0.22974622249603271,0.009617745876312256,0.5008978247642517,1.5085960626602173,,,,,,,,,,,,
140,model.layers.1.mlp.up_proj.weight,3584,1024,0.00027901785714285713,0.00019763225282076746,2.643672227859497,-0.0005834188777953386,0.42559614777565,0.00010382708569522947,0.1522902250289917,0.34534209966659546,0.010366251692175865,0.5150668621063232,1.5133103132247925,2.1993906784700812e-07,13.122039794921875,-0.00012953384430147707,0.0040589249692857265,0.00012629349657800049,0.2506716549396515,0.2382601797580719,0.009885297156870365,0.502423107624054,1.5082601308822632,,,,,,,,,,,,
140,model.layers.1.mlp.down_proj.weight,1024,3584,0.00027901785714285713,0.0002798889181576669,3.7672536373138428,-0.0005011343164369464,0.49304383993148804,0.0004094105679541826,0.13096043467521667,0.3599541187286377,0.009081718511879444,0.6771107316017151,1.4614248275756836,2.057524142173861e-07,20.234420776367188,-0.00012743982370011508,0.004056613892316818,0.000544898968655616,0.22184334695339203,0.26261797547340393,0.015448185615241528,0.5179603695869446,1.408119559288025,8.0,0.0694371908903122,0.06869357824325562,0.8857135772705078,7.20336629456142e-06,0.0025237456429749727,0.4810982048511505,0.0028542362478613907,0.0011125942692160606,9.463675814913586e-05,0.004923282191157341,0.07730777561664581
140,model.layers.12.mlp.gate_proj.weight,3584,1024,0.00027901785714285713,0.0002523634466342628,2.9932730197906494,-0.0004526245757006109,0.3783268630504608,0.0008915309445001185,0.18670248985290527,0.2543124258518219,0.007186731789261103,0.5677942037582397,1.5264114141464233,9.307824910820273e-08,7.768668174743652,-8.457081275992095e-05,0.004180268384516239,0.0006703967810608447,0.2531232237815857,0.2192201018333435,0.011262031272053719,0.4996368885040283,1.5106334686279297,,,,,,,,,,,,
140,model.layers.12.mlp.up_proj.weight,3584,1024,0.00027901785714285713,0.0002817625063471496,3.0152151584625244,-9.738403605297208e-05,0.6260960698127747,0.00036417311639524996,0.20382501184940338,0.2732875347137451,0.009110387414693832,0.5059453248977661,1.5144989490509033,1.4334582942865381e-07,7.5286102294921875,-0.00013456153101287782,0.0041550155729055405,0.00020033895270898938,0.25099629163742065,0.226121187210083,0.009848772548139095,0.4949985146522522,1.5075151920318604,,,,,,,,,,,,
140,model.layers.12.mlp.down_proj.weight,1024,3584,0.00027901785714285713,0.0002576442784629762,5.62211799621582,-8.75462792464532e-05,0.7044610977172852,8.928839088184759e-05,0.17073045670986176,0.3324039876461029,0.01632765121757984,0.6006924510002136,1.4110453128814697,1.6810859904126119e-07,9.383654594421387,-0.00014737871242687106,0.0041959816589951515,0.00014128204202279449,0.22467119991779327,0.2623099684715271,0.020360341295599937,0.5119576454162598,1.3886125087738037,8.0,0.07167915254831314,0.06909796595573425,0.8988503813743591,1.8966921970786643e-06,0.005108917132019997,1.033649206161499,0.00037125131374537247,0.0005689077661372721,0.0005720900371670723,-0.002945664105936885,0.05388440936803818
140,model.layers.22.mlp.gate_proj.weight,3584,1024,0.00027901785714285713,0.00021928909700363874,2.4666860103607178,-0.0016093029407784343,0.30751389265060425,0.0007492931326851249,0.16636942327022552,0.27672576904296875,0.0074763549491763115,0.584226667881012,1.5152677297592163,1.3900017847845447e-07,6.201625347137451,-4.701114448835142e-05,0.004212582483887672,0.000674563751090318,0.22424666583538055,0.2385631948709488,0.010683281347155571,0.4994314908981323,1.5083550214767456,,,,,,,,,,,,
140,model.layers.22.mlp.up_proj.weight,3584,1024,0.00027901785714285713,0.00022137905762065202,2.7283589839935303,-0.0005069553153589368,0.6577723026275635,0.0005087880417704582,0.16764627397060394,0.30068957805633545,0.01126669067889452,0.5955899357795715,1.5039843320846558,1.1300120661417168e-07,6.124711036682129,-0.00011236385762458667,0.0042802016250789165,0.0004634726792573929,0.21988368034362793,0.25142425298690796,0.013279973529279232,0.4991444945335388,1.5025423765182495,,,,,,,,,,,,
140,model.layers.22.mlp.down_proj.weight,1024,3584,0.00027901785714285713,0.0004656219098251313,2.119094133377075,-0.0005604805774055421,0.6481396555900574,0.000241845307755284,0.10058815777301788,0.4039188623428345,0.00955383013933897,0.5623161196708679,1.462389588356018,1.8808567858741299e-07,5.349255084991455,-0.0001244066806975752,0.004351687151938677,0.00015095480193849653,0.20036807656288147,0.2846945822238922,0.00875095371156931,0.5655652284622192,1.4621219635009766,8.0,0.06777247786521912,0.06990928947925568,0.8308898210525513,1.3022343409829773e-05,0.0004630228504538536,1.1460371017456055,0.02812462364884435,-0.00336468662135303,-0.0001828630774980411,0.006593952886760235,0.13360875844955444
140,model.layers.1.linear_attn.in_proj_qkv.weight,6144,1024,0.00016276041666666666,0.00013556187332142144,2.873763084411621,-0.0004543223767541349,0.21667008101940155,0.0012053248938173056,0.17783142626285553,0.27278584241867065,0.01021961122751236,0.5191065669059753,1.5316364765167236,1.2160322171439475e-07,17.519207000732422,-5.8975343563361093e-05,0.00532121816650033,0.0004785401397384703,0.24968282878398895,0.22461844980716705,0.010298822075128555,0.50409996509552,1.5238453149795532,8.0,0.07423145323991776,0.0730147585272789,0.89375239610672,3.0847627385810483e-07,0.0003560566110536456,0.04497913271188736,0.0008663686174657995,0.004147719591856003,0.001617879024706781,-0.0031645328272134066,0.03532972186803818
140,model.layers.1.linear_attn.out_proj.weight,1024,2048,0.00048828125,0.004083571955561638,1.25788414478302,-0.0005935085355304182,0.6380204558372498,0.00046415088581852615,0.0672827735543251,0.49777427315711975,0.009905030950903893,0.6717570424079895,1.4464771747589111,1.7303825927683647e-07,14.605233192443848,-8.626749331597239e-05,0.0030560537707060575,0.0003212789597455412,0.22872382402420044,0.25194051861763,0.01579122804105282,0.5225359201431274,1.4097522497177124,,,,,,,,,,,,
140,model.layers.12.linear_attn.in_proj_qkv.weight,6144,1024,0.00016276041666666666,6.41538790659979e-05,2.7523906230926514,4.8902624257607386e-05,0.372144490480423,0.0004693387309089303,0.16373208165168762,0.2738840878009796,0.004145316779613495,0.5859885215759277,1.5512055158615112,5.443937567406465e-08,8.556686401367188,-5.513219366548583e-05,0.005352038890123367,0.0002901545085478574,0.24903003871440887,0.22058866918087006,0.00920023676007986,0.5065157413482666,1.5309199094772339,8.0,0.07029808312654495,0.06540343910455704,0.8767463564872742,-7.130206540750805e-07,-0.0006816257373429835,0.09217452257871628,,0.0012475074036046863,-0.0006424784078262746,-0.0111593222245574,0.0688851997256279
140,model.layers.12.linear_attn.out_proj.weight,1024,2048,0.00048828125,0.0003157113678753376,2.6667847633361816,9.906573723128531e-06,0.561426043510437,6.714586197631434e-05,0.15723268687725067,0.36232826113700867,0.011433079838752747,0.6004514098167419,1.4369605779647827,1.7178494715608394e-07,6.040319919586182,-9.957513975678012e-05,0.003136845538392663,0.00012093554687453434,0.21791452169418335,0.26912155747413635,0.0179021917283535,0.5343888998031616,1.4260374307632446,,,,,,,,,,,,
140,model.layers.21.linear_attn.in_proj_qkv.weight,6144,1024,0.00016276041666666666,0.00011118310067104176,2.510448455810547,0.00016955926548689604,0.1695890873670578,0.0011044923448935151,0.2034117728471756,0.22352135181427002,0.011335250921547413,0.47795382142066956,1.5259621143341064,9.071149520423205e-08,7.692731857299805,-3.784311775234528e-05,0.005749312695115805,0.0007447496172972023,0.22193707525730133,0.24785202741622925,0.013770842924714088,0.48802846670150757,1.5218746662139893,8.0,0.0729667916893959,0.07685907185077667,0.837215781211853,-8.35572848245647e-07,-0.00012283993419259787,0.029577121138572693,,-0.005061028059571981,-0.000692614121362567,0.0006641597719863057,0.06272253394126892
140,model.layers.21.linear_attn.out_proj.weight,1024,2048,0.00048828125,0.00035498879151418805,2.0925943851470947,-0.00021281273802742362,0.3705434501171112,0.00020251478417776525,0.12436754256486893,0.3814939856529236,0.007377701345831156,0.559593677520752,1.4830302000045776,1.663839128696054e-07,4.022049903869629,-9.021219739224762e-05,0.0032227658666670322,0.0001837514282669872,0.2043745517730713,0.2836260497570038,0.009161795489490032,0.5470888018608093,1.4550093412399292,,,,,,,,,,,,
160,model.layers.7.self_attn.q_proj.weight,4096,1024,0.000244140625,0.00014009962615091354,2.8324227333068848,-0.0003187541733495891,0.5103473663330078,0.0013758587883785367,0.1825386881828308,0.26377689838409424,0.011301450431346893,0.517657995223999,1.5366476774215698,7.003279023365394e-08,9.3383207321167,-6.515224959002808e-05,0.004637822043150663,0.000566547445487231,0.2692893445491791,0.1994924694299698,0.010495617054402828,0.49244511127471924,1.51557195186615,8.0,0.06884663552045822,0.06714203953742981,0.8894467353820801,1.4575302884622943e-06,-0.0010029745753854513,0.30576854944229126,,0.0005960784619674087,-0.00013570341980084777,-0.001283803372643888,0.04994698986411095
160,model.layers.7.self_attn.k_proj.weight,512,1024,0.0009765625,0.0010597617365419865,3.5316860675811768,-1.9612671167124063e-06,0.36886686086654663,0.001277209259569645,0.18228520452976227,0.2524077296257019,0.028865963220596313,0.6571171879768372,1.3299974203109741,8.700041576048534e-08,12.507468223571777,-0.0001056364708347246,0.0016164446715265512,0.0005838746437802911,0.2894096374511719,0.18377161026000977,0.020651359111070633,0.4934868812561035,1.3386415243148804,,,,,,,,,,,,
160,model.layers.7.self_attn.v_proj.weight,512,1024,0.0009765625,0.0008558123372495174,2.0724241733551025,-0.0012927309144288301,0.6853616237640381,0.0003493012336548418,0.14778533577919006,0.23531875014305115,0.005166684743016958,0.7389242053031921,1.4297806024551392,1.1689114387536392e-07,5.768360137939453,-9.383040014654398e-05,0.0016644636634737253,0.00021012632350903004,0.19699594378471375,0.21110564470291138,0.0075971041806042194,0.6713284254074097,1.4180388450622559,,,,,,,,,,,,
160,model.layers.7.self_attn.o_proj.weight,1024,2048,0.00048828125,0.000238320033531636,2.6286797523498535,-0.00046885854681022465,0.9988344311714172,0.0001040548158925958,0.15212751924991608,0.3381882309913635,0.02256128191947937,0.5058348178863525,1.3980897665023804,1.2433497431629803e-07,5.434904098510742,-0.00010261478746542707,0.0033385884016752243,0.00010457872122060508,0.19107891619205475,0.28705063462257385,0.020850013941526413,0.46012577414512634,1.3916956186294556,,,,,,,,,,,,
160,model.layers.15.self_attn.q_proj.weight,4096,1024,0.000244140625,0.00015081859601195902,2.751821756362915,-0.00021252922306302935,0.7479658126831055,0.00017433142056688666,0.2435743659734726,0.20339560508728027,0.002685618121176958,0.3751552104949951,1.5471163988113403,6.341755209859912e-08,8.528557777404785,-6.260666850721464e-05,0.004732705652713776,0.000749587663449347,0.25757744908332825,0.21475344896316528,0.015614720061421394,0.4432803988456726,1.5005360841751099,8.0,0.07637718319892883,0.0753137469291687,0.8592745661735535,1.0254880180582404e-05,0.010882772505283356,0.6849772930145264,0.0009423040108211282,9.060355660039932e-05,0.0027812281623482704,-0.006790916435420513,0.06779853254556656
160,model.layers.15.self_attn.k_proj.weight,512,1024,0.0009765625,0.0008756187744438648,3.7271780967712402,-4.636414814740419e-06,0.6442645192146301,0.00031614865292795,0.26147690415382385,0.22881756722927094,0.01101634744554758,0.5110992789268494,1.3983900547027588,1.4022941741131945e-07,9.680082321166992,-0.00010331752855563536,0.001680013258010149,0.00010908790136454627,0.2869168817996979,0.209455668926239,0.010981672443449497,0.459732323884964,1.3984708786010742,,,,,,,,,,,,
160,model.layers.15.self_attn.v_proj.weight,512,1024,0.0009765625,0.0009623905643820763,2.218036651611328,0.0002860742388293147,0.437203049659729,8.590483048465103e-05,0.19493535161018372,0.2450609803199768,0.004910090938210487,0.652012825012207,1.4658101797103882,1.0552768969773751e-07,5.39754581451416,-6.455629772972316e-05,0.0016310400096699595,0.0006271728780120611,0.22592367231845856,0.2303253561258316,0.007397450506687164,0.5923423767089844,1.4243241548538208,,,,,,,,,,,,
160,model.layers.15.self_attn.o_proj.weight,1024,2048,0.00048828125,0.000402617733925581,1.984660029411316,9.734484774526209e-05,0.7877258658409119,6.421816942747682e-05,0.10440608859062195,0.42017367482185364,0.01343311183154583,0.5537627339363098,1.422113060951233,1.2880322231012542e-07,6.4968791007995605,-8.46323964651674e-05,0.0032240506261587143,9.384983422933146e-05,0.20649686455726624,0.2838393747806549,0.017732057720422745,0.5088489651679993,1.402618646621704,,,,,,,,,,,,
160,model.layers.19.self_attn.q_proj.weight,4096,1024,0.000244140625,0.00023140224220696837,2.4101405143737793,-0.0006274059414863586,0.43508288264274597,0.00025918311439454556,0.22626587748527527,0.21481052041053772,0.004434774164110422,0.39355236291885376,1.530609130859375,9.382785748357492e-08,6.987652778625488,-8.196569251595065e-05,0.004558667074888945,0.0007629279280081391,0.24636654555797577,0.2218235284090042,0.016972271725535393,0.44899776577949524,1.4963066577911377,8.0,0.06246114894747734,0.07366084307432175,0.8461607098579407,9.53472226683516e-06,0.0010640365071594715,0.287165105342865,0.008960897678491168,-0.00024837994715198874,0.0011129701742902398,0.0016355039551854134,0.08931401371955872
160,model.layers.19.self_attn.k_proj.weight,512,1024,0.0009765625,0.0010248704347759485,2.393092393875122,1.3698225984626333e-06,0.510708212852478,0.0003524219791870564,0.24565520882606506,0.22556395828723907,0.017365168780088425,0.550029993057251,1.3075569868087769,1.1919112097302786e-07,7.139065742492676,-0.00010049746924778447,0.0016948010306805372,0.0003298382507637143,0.292755126953125,0.1908172369003296,0.019738895818591118,0.4470618963241577,1.3173022270202637,,,,,,,,,,,,
160,model.layers.19.self_attn.v_proj.weight,512,1024,0.0009765625,0.0007320625009015203,1.7741270065307617,-8.049189091252629e-06,0.2885063886642456,0.0009881668956950307,0.1967119723558426,0.206356942653656,0.007701723836362362,0.6094962358474731,1.3902209997177124,1.0185262055983912e-07,3.8974547386169434,-4.6440891310339794e-05,0.0016166260465979576,0.0003153843863401562,0.2144649773836136,0.2584385573863983,0.007751865312457085,0.6104342937469482,1.4105892181396484,,,,,,,,,,,,
160,model.layers.19.self_attn.o_proj.weight,1024,2048,0.00048828125,0.0004080060462001711,1.5391584634780884,6.688698590551212e-07,0.5677735805511475,8.895102655515075e-05,0.08271858841180801,0.49349722266197205,0.011368743143975735,0.6359566450119019,1.4610415697097778,1.1605810357195878e-07,6.630570888519287,-5.92848846281413e-05,0.003117755288258195,0.0002396577619947493,0.19790495932102203,0.29176658391952515,0.017124798148870468,0.5637149214744568,1.4374513626098633,,,,,,,,,,,,
160,model.layers.1.mlp.gate_proj.weight,3584,1024,0.00027901785714285713,0.00022536201868206263,2.9243106842041016,0.0008088320610113442,0.3525950014591217,0.0006074654520489275,0.17748276889324188,0.29766643047332764,0.009886895306408405,0.5164391398429871,1.5177596807479858,2.476155316344375e-07,17.29658317565918,-8.084397995844483e-05,0.004396356642246246,0.0002024701243499294,0.2566853165626526,0.22761578857898712,0.010098911821842194,0.4962490200996399,1.5081501007080078,,,,,,,,,,,,
160,model.layers.1.mlp.up_proj.weight,3584,1024,0.00027901785714285713,0.00023037441133055836,2.695009469985962,0.0005936666275374591,0.6111264228820801,8.193725079763681e-05,0.16297654807567596,0.33994415402412415,0.008303582668304443,0.5187358856201172,1.5130654573440552,2.877636404718942e-07,14.649097442626953,-0.00012962731125298887,0.004388399422168732,0.00011395959882065654,0.2505011260509491,0.2368764728307724,0.010423055849969387,0.5022504329681396,1.5117524862289429,,,,,,,,,,,,
160,model.layers.1.mlp.down_proj.weight,1024,3584,0.00027901785714285713,0.0002759108319878578,4.334768295288086,0.0005662449984811246,0.6374266147613525,0.0005850204033777118,0.1921052187681198,0.2892254889011383,0.01215414609760046,0.5599651336669922,1.446394443511963,2.14794837916088e-07,21.72022819519043,-0.0001361711765639484,0.004375183954834938,0.00037262876867316663,0.2288057655096054,0.2558463513851166,0.01454069558531046,0.5056543350219727,1.4171488285064697,8.0,0.07385782897472382,0.07364220172166824,0.868924081325531,-1.4004082913743332e-05,-9.313621558248997e-05,0.9070659875869751,,0.0006107933004386723,0.00019158054783474654,-0.0031867343932390213,0.025698604062199593
160,model.layers.12.mlp.gate_proj.weight,3584,1024,0.00027901785714285713,0.0002086191816488281,3.1030688285827637,-8.114460001706902e-07,0.5040647983551025,0.0005893725319765508,0.17266976833343506,0.26592132449150085,0.005325843580067158,0.576102077960968,1.5264843702316284,6.995082202365666e-08,8.938963890075684,-9.657040209276602e-05,0.004356556572020054,0.000353072042344138,0.25760194659233093,0.21863828599452972,0.009369215928018093,0.4922565817832947,1.5107287168502808,,,,,,,,,,,,
160,model.layers.12.mlp.up_proj.weight,3584,1024,0.00027901785714285713,0.00024608353851363063,3.1168084144592285,-9.406648314325139e-05,0.8275968432426453,0.0002744577650446445,0.2070438265800476,0.26550552248954773,0.007745628710836172,0.4889351725578308,1.5136770009994507,1.9058556688378303e-07,8.36598014831543,-0.0001415135629940778,0.0043586972169578075,0.00023881848028395325,0.2521481513977051,0.22639326751232147,0.009383631870150566,0.4933042526245117,1.5098472833633423,,,,,,,,,,,,
160,model.layers.12.mlp.down_proj.weight,1024,3584,0.00027901785714285713,0.0002604284090921283,7.41107702255249,-9.256634803023189e-05,0.8521860241889954,0.00012301949027460068,0.20413275063037872,0.2867380380630493,0.01591026410460472,0.5332358479499817,1.4202425479888916,1.4004041304360726e-07,10.622916221618652,-0.0001465228560846299,0.004352277144789696,0.00014956743689253926,0.2277875691652298,0.25942257046699524,0.018773291260004044,0.5064778327941895,1.3919037580490112,8.0,0.07007329910993576,0.07079298794269562,0.8996714353561401,3.99274085793877e-06,0.005909936968237162,1.507476568222046,0.0006755978751377005,0.0022114107850939035,0.0008272100239992142,-0.010391219519078732,0.01450762152671814
160,model.layers.22.mlp.gate_proj.weight,3584,1024,0.00027901785714285713,0.0002648553636390716,2.659992218017578,-0.0005276467418298125,0.24116235971450806,0.0012237692717462778,0.16535893082618713,0.2747925817966461,0.007990427315235138,0.5737807154655457,1.5238755941390991,1.2918442848786071e-07,6.487144947052002,-6.728140579070896e-05,0.0040156180039048195,0.0010896215680986643,0.22338418662548065,0.2380291372537613,0.011863330379128456,0.49838781356811523,1.506144404411316,,,,,,,,,,,,
160,model.layers.22.mlp.up_proj.weight,3584,1024,0.00027901785714285713,0.00020331839914433658,2.6794421672821045,-0.00011239023297093809,0.5444679260253906,0.000743711949326098,0.17578257620334625,0.2956026792526245,0.014216980896890163,0.5695158839225769,1.5058355331420898,2.78592892755114e-07,6.383807182312012,-0.00010832918633241206,0.004061894956976175,0.000634322059340775,0.21444648504257202,0.2561284601688385,0.014426174573600292,0.5059831738471985,1.495674967765808,,,,,,,,,,,,
160,model.layers.22.mlp.down_proj.weight,1024,3584,0.00027901785714285713,0.0003983736678492278,2.241323709487915,-0.00012410002818796784,0.5476357936859131,0.00023284803319256753,0.11080121248960495,0.3800705373287201,0.0065860627219080925,0.5347771048545837,1.474549651145935,1.1716492309687965e-07,6.641790390014648,-0.00011144114250782877,0.004047819413244724,0.0002622176252771169,0.2108677327632904,0.2739469110965729,0.009490435011684895,0.5441973805427551,1.459306240081787,8.0,0.07347674667835236,0.06904896348714828,0.8508365750312805,2.7131236493005417e-06,-0.002311618998646736,0.8422139883041382,,-0.00017077630036510527,0.00045241910265758634,0.007134576328098774,0.13063712418079376
160,model.layers.1.linear_attn.in_proj_qkv.weight,6144,1024,0.00016276041666666666,0.00012323350529186428,2.76138973236084,-0.0007310672663152218,0.2910395860671997,0.0011988854967057705,0.18436689674854279,0.2685134708881378,0.011005504988133907,0.5184168815612793,1.5332896709442139,1.972766625613076e-07,16.21985626220703,-6.109361856942996e-05,0.005616550799459219,0.0003430041251704097,0.25082460045814514,0.22274763882160187,0.010732967406511307,0.5013884902000427,1.5238678455352783,8.0,0.07057850062847137,0.07145849615335464,0.881558358669281,9.47377088778012e-07,0.00037673788028769195,0.08437880873680115,0.0025146849795262354,0.002551453886553645,0.0005676912842318416,0.00845510046929121,0.05325775593519211
160,model.layers.1.linear_attn.out_proj.weight,1024,2048,0.00048828125,0.0002710433618631214,1.359317421913147,-0.00035672896774485707,0.7944228053092957,0.000951310561504215,0.10314247757196426,0.40368184447288513,0.021153220906853676,0.5681052803993225,1.418524146080017,1.0227697799791713e-07,13.48418140411377,-8.890406752470881e-05,0.0032819751650094986,0.0003610541170928627,0.23171661794185638,0.24672551453113556,0.01706414669752121,0.5109537243843079,1.410996437072754,,,,,,,,,,,,
160,model.layers.12.linear_attn.in_proj_qkv.weight,6144,1024,0.00016276041666666666,8.131744107231498e-05,3.0240886211395264,0.0002719754702411592,0.516927182674408,0.00024434091756120324,0.17028917372226715,0.264122873544693,0.0032826631795614958,0.5646492838859558,1.5523508787155151,8.277150698177138e-08,9.235555648803711,-7.39304960006848e-05,0.0057050189934670925,0.00030856349621899426,0.24901938438415527,0.2201579511165619,0.008378943428397179,0.5094112157821655,1.5351909399032593,8.0,0.0703229084610939,0.06816922873258591,0.879273533821106,4.1872458496072795e-06,-0.0003825929597951472,0.1671471893787384,,0.0018367356387898326,-2.941045750048943e-05,-0.0036296348553150892,0.05825935676693916
160,model.layers.12.linear_attn.out_proj.weight,1024,2048,0.00048828125,0.00030806229915469885,3.0924251079559326,0.0007016708259470761,0.6980613470077515,0.00013714841043110937,0.17954473197460175,0.31851890683174133,0.01893831603229046,0.5496622920036316,1.425052523612976,1.8234112530990387e-07,6.7950334548950195,-9.838685946306214e-05,0.0032959203235805035,0.00014072377234697342,0.22789116203784943,0.2602807581424713,0.020463472232222557,0.520024299621582,1.3909837007522583,,,,,,,,,,,,
160,model.layers.21.linear_attn.in_proj_qkv.weight,6144,1024,0.00016276041666666666,0.00011404816905269399,2.0474636554718018,-1.9168457583873533e-05,0.24261485040187836,0.0002466121513862163,0.18027012050151825,0.25760239362716675,0.0031231080647557974,0.5571142435073853,1.5455684661865234,9.778795373449611e-08,8.99071979522705,-4.539396468317136e-05,0.0054659792222082615,0.000516909989528358,0.21615807712078094,0.25566720962524414,0.011717483401298523,0.49758630990982056,1.5240706205368042,8.0,0.08071471750736237,0.07766735553741455,0.8313577771186829,1.236114144376188e-06,-0.00016161905659828335,0.05055505782365799,,0.0022463372442871332,-3.2360210752813146e-05,-0.010937235318124294,0.03239516541361809
160,model.layers.21.linear_attn.out_proj.weight,1024,2048,0.00048828125,0.00036853112396784127,2.9673984050750732,-0.0008469242020510137,0.3240378499031067,0.00024861449492163956,0.13733136653900146,0.3545825183391571,0.009202845394611359,0.5334248542785645,1.4691652059555054,1.1783311038016109e-07,4.713294982910156,-9.543761552777141e-05,0.003039683448150754,0.00017277336155530065,0.20336537063121796,0.2835840582847595,0.010213678702712059,0.5486262440681458,1.4520024061203003,,,,,,,,,,,,
180,model.layers.7.self_attn.q_proj.weight,4096,1024,0.000244140625,0.00010206075967289507,2.5266659259796143,-0.00043349192128516734,0.5297667384147644,0.0010394727578386664,0.17134308815002441,0.27079612016677856,0.00783269852399826,0.5390463471412659,1.5395090579986572,1.3557577460687753e-07,9.271153450012207,-7.940607611089945e-05,0.00466020917519927,0.0006234815227799118,0.26965153217315674,0.20039723813533783,0.011297812685370445,0.493927538394928,1.5129046440124512,8.0,0.07045716792345047,0.07367890328168869,0.876127302646637,-2.5193276087520644e-06,0.0032693734392523766,0.290225625038147,-0.0007705842283126186,0.0009198276675306261,0.0008564228774048388,0.0027905215974897146,0.049339260905981064
180,model.layers.7.self_attn.k_proj.weight,512,1024,0.0009765625,0.0011309680994600058,5.30120849609375,-2.677338216017233e-06,0.3868405222892761,0.004184691235423088,0.18959714472293854,0.22601310908794403,0.034557558596134186,0.6466214060783386,1.333654522895813,9.822938551451443e-08,9.192389488220215,-0.00010792654211400077,0.0016436476726084948,0.00029683212051168084,0.28983813524246216,0.1852705478668213,0.014855866320431232,0.5009233951568604,1.3786309957504272,,,,,,,,,,,,
180,model.layers.7.self_attn.v_proj.weight,512,1024,0.0009765625,0.0007602876285091043,1.7653625011444092,-0.0001885203819256276,0.6967238783836365,0.00038560963002964854,0.13139702379703522,0.25602784752845764,0.004731850698590279,0.7645378708839417,1.4537817239761353,9.112094545571381e-08,5.898594856262207,-9.468905773246661e-05,0.0016276952810585499,0.0002690406108740717,0.19923803210258484,0.2140711545944214,0.007241531275212765,0.6696003079414368,1.4287956953048706,,,,,,,,,,,,
180,model.layers.7.self_attn.o_proj.weight,1024,2048,0.00048828125,0.0002658213197719306,2.637143135070801,-6.717643555020913e-05,1.0445075035095215,5.491104820976034e-05,0.13601458072662354,0.37815061211586,0.017692411318421364,0.5665167570114136,1.4353946447372437,1.430693004067507e-07,5.242354393005371,-0.00010147465218324214,0.0032702197786420584,0.00014668636140413582,0.19342640042304993,0.2797867953777313,0.029726684093475342,0.4524655342102051,1.3818707466125488,,,,,,,,,,,,
180,model.layers.15.self_attn.q_proj.weight,4096,1024,0.000244140625,0.0001466956891817972,3.3358638286590576,0.00037653770414181054,0.7094189524650574,0.00018945948977489024,0.20966652035713196,0.24000462889671326,0.0033508543856441975,0.4306589365005493,1.5449813604354858,7.983781813436508e-08,9.526023864746094,-7.18018927727826e-05,0.004648198839277029,0.0006187350954860449,0.24354274570941925,0.22793106734752655,0.014289835467934608,0.45902305841445923,1.5052849054336548,8.0,0.07583171874284744,0.07020820677280426,0.8803194165229797,4.489950697461609e-06,0.0032380707561969757,0.6311136484146118,0.001386612904881341,0.0016384779009968042,0.0006996919983066618,0.006289208773523569,0.06440772116184235
180,model.layers.15.self_attn.k_proj.weight,512,1024,0.0009765625,0.0008639694424346089,5.098321437835693,2.9329787594178924e-06,0.6773703694343567,4.229511978337541e-05,0.24063356220722198,0.2480211704969406,0.003735436825081706,0.5552131533622742,1.4635446071624756,2.0072246798008564e-07,11.802043914794922,-9.958045120583847e-05,0.0016408737283200026,0.00014331900456454605,0.28502708673477173,0.2132229059934616,0.00756633747369051,0.4683922529220581,1.4397934675216675,,,,,,,,,,,,
180,model.layers.15.self_attn.v_proj.weight,512,1024,0.0009765625,0.000928616791497916,1.9310411214828491,0.0006765414727851748,0.5106398463249207,0.00019609897572081536,0.17734654247760773,0.2543911039829254,0.00505589647218585,0.6896241307258606,1.444621205329895,1.315633824106044e-07,6.429758548736572,-7.249035843415186e-05,0.0015754501800984144,0.00026502853143028915,0.21797910332679749,0.23114746809005737,0.006679370068013668,0.6102859377861023,1.436645746231079,,,,,,,,,,,,
180,model.layers.15.self_attn.o_proj.weight,1024,2048,0.00048828125,0.0004590402531903237,1.9282488822937012,0.00023734592832624912,0.8838530778884888,3.700285742525011e-05,0.09831016510725021,0.42797690629959106,0.019928624853491783,0.5588440299034119,1.4388000965118408,1.0003328299035275e-07,6.6043267250061035,-7.880491466494277e-05,0.003196518635377288,0.00013182508700992912,0.20372946560382843,0.2859094440937042,0.020736433565616608,0.5046101808547974,1.4033280611038208,,,,,,,,,,,,
180,model.layers.19.self_attn.q_proj.weight,4096,1024,0.000244140625,0.00018429351621307433,2.83739972114563,0.0006689135334454477,0.4721550941467285,0.0008130447822622955,0.222866952419281,0.2193785160779953,0.009165208786725998,0.4065123498439789,1.5293928384780884,7.980109018035364e-08,7.715929985046387,-6.413700612029061e-05,0.004604717250913382,0.0005281986086629331,0.24368467926979065,0.22722767293453217,0.019727256149053574,0.4590436816215515,1.4779351949691772,8.0,0.07197769731283188,0.07082730531692505,0.8650705814361572,-2.4888092866603984e-06,0.0007236202363856137,0.3289342224597931,-0.0034393859672743094,0.00035003849188797176,0.0006832053186371922,0.004192480817437172,0.08289547264575958
180,model.layers.19.self_attn.k_proj.weight,512,1024,0.0009765625,0.0010825052158907056,2.3958890438079834,5.084875283500878e-06,0.5520223379135132,0.001409282791428268,0.26483625173568726,0.19467443227767944,0.014327552169561386,0.5596352815628052,1.3272618055343628,1.0035699915533769e-07,8.769391059875488,-0.00010258418478770182,0.0016647224547341466,0.0002802041417453438,0.29819661378860474,0.18867675960063934,0.015495034866034985,0.4396761655807495,1.3618170022964478,,,,,,,,,,,,
180,model.layers.19.self_attn.v_proj.weight,512,1024,0.0009765625,0.0007186302682384849,1.767642617225647,-0.0025795616675168276,0.3627516031265259,0.0002682195627130568,0.19840595126152039,0.19168056547641754,0.00393308000639081,0.6310873627662659,1.430413842201233,1.1473879624190886e-07,4.680954933166504,-6.32622031844221e-05,0.0016048923134803772,0.00027782662073150277,0.22441565990447998,0.2451237291097641,0.006016344763338566,0.5914735794067383,1.4488762617111206,,,,,,,,,,,,
180,model.layers.19.self_attn.o_proj.weight,1024,2048,0.00048828125,0.0005742793437093496,1.5066845417022705,-0.0008509414037689567,0.6534172296524048,0.0002678684249985963,0.09434284269809723,0.4594533145427704,0.020984528586268425,0.602112889289856,1.4450033903121948,1.3507288088021596e-07,6.600932598114014,-7.69928956287913e-05,0.003114318009465933,0.00020182703156024218,0.19956183433532715,0.2917434871196747,0.01577487587928772,0.5602952241897583,1.430242896080017,,,,,,,,,,,,
180,model.layers.1.mlp.gate_proj.weight,3584,1024,0.00027901785714285713,0.00023959089594427496,2.998867988586426,0.00032456128974445164,0.3502066135406494,0.00027789559680968523,0.1692410707473755,0.31169354915618896,0.006830462720245123,0.530227541923523,1.5202492475509644,1.4896662037244823e-07,16.137706756591797,-8.612751844339073e-05,0.004364724270999432,0.0001389607641613111,0.2536157965660095,0.22992248833179474,0.00921510998159647,0.503638744354248,1.5148611068725586,,,,,,,,,,,,
180,model.layers.1.mlp.up_proj.weight,3584,1024,0.00027901785714285713,0.00020646087068598717,2.4964749813079834,0.00027960800798609853,0.6378881335258484,5.176704507903196e-05,0.14901019632816315,0.3506923019886017,0.006122321356087923,0.5146874189376831,1.5197051763534546,6.191102670527471e-07,12.98604679107666,-0.00013693612709175795,0.0044044931419193745,0.00011388651182642207,0.25020748376846313,0.2381586730480194,0.010156628675758839,0.5008441805839539,1.508750081062317,,,,,,,,,,,,
180,model.layers.1.mlp.down_proj.weight,1024,3584,0.00027901785714285713,0.0002957182005047798,4.558215141296387,0.00027351538301445544,0.6420518159866333,0.001382610877044499,0.16974110901355743,0.3097529411315918,0.015952473506331444,0.5851141214370728,1.431157112121582,1.6886670550775307e-07,21.368938446044922,-0.00012784897990059108,0.004392998293042183,0.00030948282801546156,0.22636862099170685,0.2570631206035614,0.015392225235700607,0.5089249610900879,1.4049152135849,8.0,0.07071303576231003,0.07190043479204178,0.886104941368103,1.2337206499068998e-05,0.0021125541534274817,0.8629732728004456,0.005839948045380367,0.0014612129889428616,0.0001779362792149186,-0.005847314838320017,0.03584389016032219
180,model.layers.12.mlp.gate_proj.weight,3584,1024,0.00027901785714285713,0.00024235907767433673,3.2038707733154297,6.826799653936177e-05,0.510661244392395,0.0008943169377744198,0.18340332806110382,0.2519132196903229,0.00720223318785429,0.5641518831253052,1.5249404907226562,1.605675805649298e-07,9.220602035522461,-9.740288805915043e-05,0.00436674477532506,0.00043759483378380537,0.25728127360343933,0.21737341582775116,0.010565061122179031,0.4930051863193512,1.5102185010910034,,,,,,,,,,,,
180,model.layers.12.mlp.up_proj.weight,3584,1024,0.00027901785714285713,0.0002442616969347,3.0964064598083496,0.00016656376828905195,0.8434211015701294,0.00044165761210024357,0.20192855596542358,0.2734189033508301,0.00917578861117363,0.5125793814659119,1.5124701261520386,1.236444120422675e-07,8.637018203735352,-0.00013741763541474938,0.004333301447331905,0.00022669722966384143,0.25374865531921387,0.22500814497470856,0.010909531265497208,0.4921810030937195,1.5049937963485718,,,,,,,,,,,,
180,model.layers.12.mlp.down_proj.weight,1024,3584,0.00027901785714285713,0.0002769334241747856,7.495164394378662,0.00017830781871452928,0.8396844863891602,0.00018711738812271506,0.19459527730941772,0.2956734895706177,0.024186812341213226,0.537784993648529,1.377234697341919,1.0154239760140626e-07,12.219149589538574,-0.00013925146777182817,0.004305167589336634,0.00020628893980756402,0.22926917672157288,0.25534841418266296,0.021025804802775383,0.5026509165763855,1.3779704570770264,8.0,0.0707869827747345,0.06834495067596436,0.9079263210296631,6.238398327695904e-06,0.004275768995285034,1.477664828300476,0.0014590120127104846,0.0008285915246233344,0.00025765332975424826,0.007232896983623505,0.031014464795589447
180,model.layers.22.mlp.gate_proj.weight,3584,1024,0.00027901785714285713,0.00020219468569848686,2.5905284881591797,0.0010462782811373472,0.26459822058677673,0.0006810540216974914,0.1639372855424881,0.27663958072662354,0.007273492403328419,0.5685611367225647,1.5221498012542725,1.4426092320718453e-07,6.772045612335205,-7.42623524274677e-05,0.0043255179189145565,0.0007455393206328154,0.22790396213531494,0.23217183351516724,0.010948382318019867,0.5016697645187378,1.5064769983291626,,,,,,,,,,,,
180,model.layers.22.mlp.up_proj.weight,3584,1024,0.00027901785714285713,0.0003466011839918792,2.7307276725769043,0.0014686440117657185,0.6088197231292725,0.0013173865154385567,0.16385067999362946,0.3074093759059906,0.017080223187804222,0.5769006609916687,1.506018877029419,2.1281553586049995e-07,6.6045308113098145,-0.00011113919754279777,0.0043091378174722195,0.0006922229658812284,0.21717041730880737,0.252367228269577,0.014164435677230358,0.5082140564918518,1.49923837184906,,,,,,,,,,,,
180,model.layers.22.mlp.down_proj.weight,1024,3584,0.00027901785714285713,0.00041043609962798655,1.9502595663070679,0.0015441332943737507,0.6326519846916199,0.0003987326635979116,0.09485473483800888,0.4018011689186096,0.011385618709027767,0.5366107821464539,1.4636574983596802,1.5258115126925986e-07,6.542380332946777,-0.000116503651952371,0.004300734493881464,0.00013872928684577346,0.21445049345493317,0.2710533142089844,0.007584763690829277,0.534983217716217,1.465954065322876,8.0,0.06928982585668564,0.0659119114279747,0.8421621918678284,-2.443312041577883e-06,0.0028708777390420437,1.237158179283142,-0.0008510679533128322,0.00462765246629715,-2.7830457838717848e-05,-0.001082942122593522,0.1489693969488144
180,model.layers.1.linear_attn.in_proj_qkv.weight,6144,1024,0.00016276041666666666,0.0001803845225367695,2.660034656524658,0.00018034951062873006,0.30905961990356445,0.0004207487218081951,0.1693093478679657,0.2844104766845703,0.0056086392141878605,0.5302643179893494,1.5391727685928345,1.0781548098748317e-07,14.699599266052246,-5.260681064100936e-05,0.005863926373422146,0.00035558053059503436,0.2497873455286026,0.22332438826560974,0.009938552975654602,0.5016608834266663,1.5244401693344116,8.0,0.07820820063352585,0.0742410346865654,0.8728599548339844,6.785197001590859e-06,0.0005977333057671785,0.09326212108135223,0.01135154580834708,-0.0024523604661226273,0.0003820068668574095,-0.003751147771254182,0.044038090854883194
180,model.layers.1.linear_attn.out_proj.weight,1024,2048,0.00048828125,0.0005997247062623501,1.2792593240737915,0.0001660085399635136,0.8027228116989136,0.0006506038480438292,0.09063448011875153,0.41282597184181213,0.01626591756939888,0.5636776089668274,1.4429233074188232,1.37311204184698e-07,13.659494400024414,-9.597048483556136e-05,0.003270812565460801,0.0005496839876286685,0.2315257340669632,0.24707770347595215,0.0198786910623312,0.510592520236969,1.3975664377212524,,,,,,,,,,,,
180,model.layers.12.linear_attn.in_proj_qkv.weight,6144,1024,0.00016276041666666666,6.451491208281368e-05,2.7925009727478027,-0.00020219211000949144,0.5362453460693359,0.0004767047648783773,0.1607973426580429,0.2681766152381897,0.003946669865399599,0.5831578373908997,1.5526989698410034,5.563219218629456e-08,9.190406799316406,-5.4414995247498155e-05,0.005731648299843073,0.00026830341084860265,0.252742201089859,0.21632230281829834,0.008164515718817711,0.5040789842605591,1.5370177030563354,8.0,0.06415365636348724,0.0707525759935379,0.8873435258865356,-9.007333119370742e-07,0.0018031843937933445,0.17005611956119537,-0.0004995236843427913,-0.0002224005584139377,0.0013230686308816075,-0.002677213866263628,0.07288873195648193
180,model.layers.12.linear_attn.out_proj.weight,1024,2048,0.00048828125,0.00029376064776442945,3.1082096099853516,0.0003233885217923671,0.7044347524642944,8.737274765735492e-05,0.1728624552488327,0.3225659430027008,0.021622562780976295,0.5410103797912598,1.4299322366714478,1.663242699123657e-07,7.4101972579956055,-0.00010842018673429266,0.0032700810115784407,0.000112199253635481,0.2262047827243805,0.26155945658683777,0.018639709800481796,0.517798662185669,1.4098142385482788,,,,,,,,,,,,
180,model.layers.21.linear_attn.in_proj_qkv.weight,6144,1024,0.00016276041666666666,8.410928421653807e-05,2.3630003929138184,-9.307569416705519e-05,0.22084911167621613,0.0004675770178437233,0.16569697856903076,0.2721838057041168,0.005147840362042189,0.5624808669090271,1.5449751615524292,1.350783378484266e-07,8.001755714416504,-2.9337012165342458e-05,0.005527222063392401,0.000568459159694612,0.21797554194927216,0.2534712255001068,0.011741557158529758,0.49483534693717957,1.5238064527511597,8.0,0.08635150641202927,0.07452159374952316,0.8865740299224854,-7.99959138930717e-08,0.00022822318715043366,0.029745876789093018,-0.0003505161543482533,0.0022908025421202183,0.000721761432942003,0.0018845058511942625,0.05961938202381134
180,model.layers.21.linear_attn.out_proj.weight,1024,2048,0.00048828125,0.0003579423064365983,2.528059959411621,0.000530511315446347,0.3695870041847229,0.0004010089614894241,0.1374301314353943,0.35821864008903503,0.011427020654082298,0.5426623225212097,1.4600441455841064,1.9608681611771317e-07,4.491607666015625,-9.460106230108067e-05,0.003258165204897523,0.00019650794274639338,0.21169832348823547,0.2733420133590698,0.009045259095728397,0.530551552772522,1.4618858098983765,,,,,,,,,,,,
200,model.layers.7.self_attn.q_proj.weight,4096,1024,0.000244140625,0.00016189919551834464,2.462092399597168,-0.0008840542868711054,0.43398070335388184,0.0013092296430841088,0.18143674731254578,0.25901252031326294,0.010914678685367107,0.5172242522239685,1.5334800481796265,6.016482245740917e-08,8.749473571777344,-6.782182026654482e-05,0.004296889528632164,0.0004945164546370506,0.26738935708999634,0.19863569736480713,0.011134169064462185,0.4951481521129608,1.5093441009521484,8.0,0.07114425301551819,0.06664475798606873,0.885050356388092,-5.53814174963918e-07,-0.0010869691614061594,0.22445599734783173,,0.0003656537155620754,-0.00043999089393764734,-0.007134672254323959,0.062159664928913116
200,model.layers.7.self_attn.k_proj.weight,512,1024,0.0009765625,0.001078495872206986,5.025169849395752,5.290209173836047e-06,0.30960047245025635,0.0017220936715602875,0.1762949526309967,0.2491355538368225,0.028977511450648308,0.6609029769897461,1.336257815361023,1.1349722228715109e-07,11.180832862854004,-9.930050873663276e-05,0.0014877407811582088,0.00030795345082879066,0.2931274175643921,0.1787603497505188,0.018510645255446434,0.4969215989112854,1.3473520278930664,,,,,,,,,,,,
200,model.layers.7.self_attn.v_proj.weight,512,1024,0.0009765625,0.0008628915529698133,1.9420799016952515,0.0015255259349942207,0.6477403044700623,0.0005166988121345639,0.14319254457950592,0.2442120611667633,0.005130806006491184,0.745145320892334,1.452156901359558,1.0922908444399582e-07,5.301731109619141,-9.285534906666726e-05,0.0015616090968251228,0.00034957786556333303,0.1924995630979538,0.2140326350927353,0.007085079792886972,0.6788145303726196,1.4303226470947266,,,,,,,,,,,,
200,model.layers.7.self_attn.o_proj.weight,1024,2048,0.00048828125,0.00025611501769162714,2.4646878242492676,0.0005565016763284802,0.9439784288406372,0.00012799336400348693,0.14363645017147064,0.3634897768497467,0.020573340356349945,0.541324257850647,1.4083470106124878,1.2490633594097744e-07,5.021466255187988,-9.838992991717532e-05,0.0031197743955999613,0.00013074987509753555,0.19876541197299957,0.27717509865760803,0.022115789353847504,0.4490474760532379,1.396612524986267,,,,,,,,,,,,
200,model.layers.15.self_attn.q_proj.weight,4096,1024,0.000244140625,0.00015433023509103805,3.516608715057373,-0.00021699692297261208,0.5297911763191223,0.0005656254943460226,0.2470954805612564,0.20217947661876678,0.005152123048901558,0.41952115297317505,1.5390585660934448,1.2797003989817313e-07,9.472332000732422,-6.377762474585325e-05,0.004484706558287144,0.0005514930817298591,0.2515314519405365,0.21991567313671112,0.01364581286907196,0.4603833556175232,1.5048402547836304,8.0,0.061036430299282074,0.06970713287591934,0.8935356140136719,-2.7283654162602033e-06,0.0028705273289233446,0.3881887197494507,-0.0009504753320998821,-0.0019936575554311275,0.0008028735755942762,0.003889838233590126,0.057571738958358765
200,model.layers.15.self_attn.k_proj.weight,512,1024,0.0009765625,0.0008940359111875296,4.899121284484863,-5.406198852142552e-06,0.5658666491508484,0.00012101953325327486,0.2271382361650467,0.2666277289390564,0.0062403506599366665,0.570442259311676,1.4239133596420288,8.436238374542882e-08,12.662553787231445,-9.77596573648043e-05,0.0015551263932138681,8.36554027046077e-05,0.2782953977584839,0.21384157240390778,0.008635979145765305,0.4777548909187317,1.4154466390609741,,,,,,,,,,,,
200,model.layers.15.self_attn.v_proj.weight,512,1024,0.0009765625,0.0010010693222284317,2.4093055725097656,-5.236334618530236e-05,0.4984579384326935,0.0003368765173945576,0.25679171085357666,0.21059945225715637,0.008395873010158539,0.5763309001922607,1.461694359779358,9.96483819903915e-08,6.790102005004883,-4.907256879960187e-05,0.001612854073755443,0.0001515479088993743,0.23866619169712067,0.21792736649513245,0.006516459863632917,0.5826660394668579,1.4170604944229126,,,,,,,,,,,,
200,model.layers.15.self_attn.o_proj.weight,1024,2048,0.00048828125,0.000435305992141366,2.3082618713378906,-2.123091326211579e-05,0.7886523604393005,4.42923374066595e-05,0.13708899915218353,0.3808601200580597,0.01349590439349413,0.5190409421920776,1.440505862236023,1.516391989753174e-07,6.9795308113098145,-7.546489359810948e-05,0.0032274776604026556,9.182310895994306e-05,0.20677903294563293,0.2857881784439087,0.01790568418800831,0.5046339631080627,1.4051622152328491,,,,,,,,,,,,
200,model.layers.19.self_attn.q_proj.weight,4096,1024,0.000244140625,0.00018503992760088295,3.8247783184051514,-0.0009804919827729464,0.3345789611339569,0.0006409924244508147,0.2409256547689438,0.21182960271835327,0.00836549885571003,0.41311851143836975,1.5286874771118164,8.643900883953393e-08,8.157209396362305,-7.295398972928524e-05,0.004499589093029499,0.0008956199744716287,0.24390123784542084,0.22770389914512634,0.017687620595097542,0.46222984790802,1.4949867725372314,8.0,0.07098269462585449,0.0670539140701294,0.8824347257614136,-1.9611070456448942e-06,-0.0016616072971373796,0.16931691765785217,,-0.00011530695337569341,-0.0009622490033507347,-0.0019473190186545253,0.059848297387361526
200,model.layers.19.self_attn.k_proj.weight,512,1024,0.0009765625,0.00147595489397645,3.5899829864501953,-1.2404272638377734e-05,0.321891188621521,0.001765578635968268,0.24892231822013855,0.2156900018453598,0.01647290587425232,0.563795268535614,1.3373030424118042,1.1077080586119337e-07,7.984562873840332,-9.448386845178902e-05,0.0015779649838805199,0.0006397952092811465,0.2882789969444275,0.1956888884305954,0.01807546056807041,0.4578954577445984,1.3145325183868408,,,,,,,,,,,,
200,model.layers.19.self_attn.v_proj.weight,512,1024,0.0009765625,0.0007637946400791407,1.9387233257293701,0.0026225487235933542,0.24729424715042114,0.0011937712552025914,0.1998787820339203,0.20264798402786255,0.008844001218676567,0.6154244542121887,1.4051072597503662,1.3562046774495684e-07,5.423569202423096,-7.450713746948168e-05,0.0015903558814898133,0.0002524757001083344,0.22670236229896545,0.23235101997852325,0.009377212263643742,0.5907146334648132,1.395681619644165,,,,,,,,,,,,
200,model.layers.19.self_attn.o_proj.weight,1024,2048,0.00048828125,0.0004599789099302143,1.6206061840057373,0.0007682825671508908,0.5032427906990051,0.00016879987379070371,0.08402037620544434,0.46996229887008667,0.0065461122430861,0.6048843860626221,1.45474374294281,1.067764330286991e-07,8.527969360351562,-7.166759314714e-05,0.003185862908139825,0.0002079009427689016,0.20137104392051697,0.2867743968963623,0.014428403228521347,0.5577021241188049,1.431600570678711,,,,,,,,,,,,
200,model.layers.1.mlp.gate_proj.weight,3584,1024,0.00027901785714285713,0.0002443708654027432,2.572244882583618,7.079972419887781e-05,0.2843782603740692,0.0002853966143447906,0.16405142843723297,0.3113582134246826,0.006370088085532188,0.5282709002494812,1.5170044898986816,1.3130065212862974e-07,14.377689361572266,-7.705384632572532e-05,0.0040431274101138115,0.00011844417167594656,0.2556557357311249,0.227265402674675,0.00902264192700386,0.5029761791229248,1.5154560804367065,,,,,,,,,,,,
200,model.layers.1.mlp.up_proj.weight,3584,1024,0.00027901785714285713,0.0002598383871372789,2.040478229522705,0.00017404243408236653,0.5501719117164612,0.00013944966485723853,0.13060206174850464,0.3650050759315491,0.010639872401952744,0.5119425654411316,1.512986183166504,3.4510844670876395e-07,13.324761390686035,-0.00011981821444351226,0.004059572704136372,0.00013934432354290038,0.24996419250965118,0.2362789660692215,0.010261943563818932,0.5048075914382935,1.5084584951400757,,,,,,,,,,,,
200,model.layers.1.mlp.down_proj.weight,1024,3584,0.00027901785714285713,0.00025982290389947593,4.387068748474121,0.00018149630341213197,0.5257608890533447,0.0007144348346628249,0.15971171855926514,0.32281219959259033,0.011773865669965744,0.6032480001449585,1.4514364004135132,1.8296050541266595e-07,14.575356483459473,-0.00012908825010526925,0.004076752346009016,0.00034392302040942013,0.2249729484319687,0.2590523064136505,0.01442957203835249,0.5166006684303284,1.4085054397583008,8.0,0.06646981090307236,0.06918110698461533,0.9027685523033142,-3.449260111665353e-05,0.003061501309275627,0.5813763737678528,-0.011266564221987782,-0.0012457475531846285,0.0006563201313838363,-0.009586279280483723,0.03869590908288956
200,model.layers.12.mlp.gate_proj.weight,3584,1024,0.00027901785714285713,0.00020906221470795572,3.5830283164978027,0.0001787944056559354,0.4096057713031769,0.0005182716413401067,0.18375010788440704,0.255439430475235,0.006132757756859064,0.5616408586502075,1.5309878587722778,1.1051216119994933e-07,9.11010456085205,-9.654747555032372e-05,0.004216120112687349,0.00031873921398073435,0.25677037239074707,0.21735045313835144,0.009779700078070164,0.49774399399757385,1.5116524696350098,,,,,,,,,,,,
200,model.layers.12.mlp.up_proj.weight,3584,1024,0.00027901785714285713,0.0002647148503456265,3.2043044567108154,5.921841875533573e-05,0.7065812945365906,0.0003480456362012774,0.20176821947097778,0.2751323878765106,0.007484017871320248,0.5142624378204346,1.5145658254623413,1.1838005775643978e-07,8.6897611618042,-0.00013110782310832292,0.004220891278237104,0.0004014350415673107,0.2496502548456192,0.227068692445755,0.011014425195753574,0.5002471208572388,1.5013427734375,,,,,,,,,,,,
200,model.layers.12.mlp.down_proj.weight,1024,3584,0.00027901785714285713,0.00026372165302746,8.317917823791504,5.817746932734735e-05,0.7086310982704163,0.00018263891979586333,0.19190636277198792,0.3019620180130005,0.01788683980703354,0.555236279964447,1.4122898578643799,2.240879695136755e-07,11.515420913696289,-0.00014324724907055497,0.004226387944072485,0.0001689606433501467,0.22645051777362823,0.25894659757614136,0.021571019664406776,0.5055097341537476,1.3735287189483643,8.0,0.06260410696268082,0.06753342598676682,0.9175025224685669,5.403631348599447e-06,0.004706596024334431,1.031428575515747,0.0011480975466475446,9.136671724263579e-05,0.0004890719428658485,-0.005273806396871805,0.019118979573249817
200,model.layers.22.mlp.gate_proj.weight,3584,1024,0.00027901785714285713,0.00030256283935159445,2.685063600540161,-0.0008243693737313151,0.21608135104179382,0.0010615709470584989,0.17571333050727844,0.26053279638290405,0.008204605430364609,0.5649799108505249,1.5205950736999512,1.5546856957371347e-07,6.678009986877441,-6.226227560546249e-05,0.004074074327945709,0.0010648517636582255,0.22497209906578064,0.23685026168823242,0.011444821953773499,0.49974286556243896,1.509387493133545,,,,,,,,,,,,
200,model.layers.22.mlp.up_proj.weight,3584,1024,0.00027901785714285713,0.000302049214951694,2.5022714138031006,-0.0007121086237020791,0.5010017156600952,0.0011503073619678617,0.17140761017799377,0.29640382528305054,0.01473799254745245,0.5788661241531372,1.5095797777175903,9.8521859115408e-08,6.686270236968994,-0.00010759258293546736,0.0041155582293868065,0.0014186638873070478,0.21365158259868622,0.25358790159225464,0.01823831908404827,0.5020769834518433,1.4931005239486694,,,,,,,,,,,,
200,model.layers.22.mlp.down_proj.weight,1024,3584,0.00027901785714285713,0.0004240662092342973,2.1175696849823,-0.0007964164251461625,0.4895400404930115,0.00020660064183175564,0.1009431704878807,0.4102310836315155,0.008048871532082558,0.5602936148643494,1.4539153575897217,1.1584316439439135e-07,6.540453910827637,-0.00011904958228114992,0.004117089323699474,0.00026032401365228,0.21290722489356995,0.26996660232543945,0.01047347392886877,0.5350109338760376,1.44741952419281,8.0,0.07351308315992355,0.06929676234722137,0.8537366986274719,1.0446867236169055e-05,0.0032834410667419434,0.6287630796432495,0.003181682577459859,0.0017107264138758183,0.0008631254895590246,0.0025862883776426315,0.14088164269924164
200,model.layers.1.linear_attn.in_proj_qkv.weight,6144,1024,0.00016276041666666666,0.0001316081907134503,2.1327626705169678,-0.00023029156727716327,0.2733876705169678,0.0008486039587296546,0.15989427268505096,0.2940354645252228,0.008395306766033173,0.5275183320045471,1.5344544649124146,1.7126980367265787e-07,15.499418258666992,-7.107364217517897e-05,0.005252334754914045,0.00045298822806216776,0.2534918487071991,0.21998028457164764,0.010747679509222507,0.4974924623966217,1.5249683856964111,8.0,0.06703881174325943,0.0688512921333313,0.8993882536888123,2.7998644327453803e-06,0.0007882583304308355,0.06478728353977203,0.0035519630109269746,0.0027961444575339556,0.0011460034875199199,0.001148817827925086,0.05426255986094475
200,model.layers.1.linear_attn.out_proj.weight,1024,2048,0.00048828125,0.00014099485997576267,1.2631375789642334,-0.0001895593450171873,0.7081354856491089,0.00026265683118253946,0.08619994670152664,0.42150574922561646,0.008149794302880764,0.5785915851593018,1.4352067708969116,1.333007162429567e-07,12.912297248840332,-9.008153574541211e-05,0.003076491877436638,0.0005724579677917063,0.22818000614643097,0.24971270561218262,0.017926545813679695,0.5168190598487854,1.3861236572265625,,,,,,,,,,,,
200,model.layers.12.linear_attn.in_proj_qkv.weight,6144,1024,0.00016276041666666666,6.806528836023062e-05,3.339385747909546,-0.00010529626160860062,0.4450390040874481,0.0008835401968099177,0.16828539967536926,0.2658597528934479,0.005249404814094305,0.571890115737915,1.5494548082351685,8.006502127955173e-08,9.539690971374512,-5.984658491797745e-05,0.005469306372106075,0.00036831016768701375,0.25544121861457825,0.21532687544822693,0.008137678727507591,0.5034230351448059,1.5357807874679565,8.0,0.06568877398967743,0.06881356984376907,0.8872995972633362,-2.554560524004046e-06,0.00027551164384931326,0.1278093159198761,-0.009272060114458256,-0.005193862598389387,0.00028396304696798325,0.005974719300866127,0.06929374486207962
200,model.layers.12.linear_attn.out_proj.weight,1024,2048,0.00048828125,0.0003194884629920125,3.1968703269958496,0.000376676965970546,0.6057214736938477,8.701458864379674e-05,0.16291140019893646,0.34845632314682007,0.01646161824464798,0.5630629062652588,1.42716383934021,1.4453155472438084e-07,7.144477844238281,-9.712821338325739e-05,0.003151959041133523,0.00011478825035737827,0.22631017863750458,0.26286566257476807,0.017490563914179802,0.5142372846603394,1.4122883081436157,,,,,,,,,,,,
200,model.layers.21.linear_attn.in_proj_qkv.weight,6144,1024,0.00016276041666666666,0.00010683782602427527,2.558201313018799,0.000644942803774029,0.14290817081928253,0.0004018637991975993,0.16227470338344574,0.2743862569332123,0.004512198269367218,0.5750488042831421,1.5430505275726318,8.953361430030782e-08,8.065442085266113,-3.638745329226367e-05,0.005491037853062153,0.0002691835106816143,0.21849584579467773,0.2539881467819214,0.010601341724395752,0.4992814362049103,1.528128981590271,8.0,0.08262041956186295,0.07715131342411041,0.8760243654251099,-3.077688859320915e-08,8.906516450224444e-05,0.01657990738749504,-0.00034555472687005,0.00145010428968817,0.0008094781660474837,-0.00536425830796361,0.04882762208580971
200,model.layers.21.linear_attn.out_proj.weight,1024,2048,0.00048828125,0.0003777864039875567,2.837205171585083,0.0008605095208622515,0.2827310562133789,7.324552279897034e-05,0.1414535492658615,0.35907554626464844,0.006860680412501097,0.5404808521270752,1.4684103727340698,2.2642669250672043e-07,4.842860698699951,-9.351577318739146e-05,0.0031233306508511305,0.00019153051835019141,0.20983102917671204,0.274759978055954,0.011657189577817917,0.5349096655845642,1.44257390499115,,,,,,,,,,,,
220,model.layers.7.self_attn.q_proj.weight,4096,1024,0.000244140625,0.00012924903421662748,2.4429845809936523,-0.0007141177193261683,0.4850553572177887,0.0010486069368198514,0.18438345193862915,0.25906044244766235,0.008281638845801353,0.5239551067352295,1.5356782674789429,6.992789280957368e-08,6.793607711791992,-7.91487836977467e-05,0.004620869643986225,0.0005917604430578649,0.2690480947494507,0.19651703536510468,0.010114472359418869,0.4927668273448944,1.5175164937973022,8.0,0.06721790879964828,0.07101232558488846,0.8857707977294922,3.5775549349637004e-06,0.0029187602922320366,0.24841994047164917,0.001225710430721212,0.003582392819225788,0.001465280307456851,-0.01017298735678196,0.05350945144891739
220,model.layers.7.self_attn.k_proj.weight,512,1024,0.0009765625,0.001791635644622147,3.306593179702759,-6.970311915210914e-06,0.37228187918663025,0.002143710386008024,0.17178697884082794,0.235023632645607,0.02808747999370098,0.6815359592437744,1.3384184837341309,8.482213331717503e-08,5.437711238861084,-0.00011729192192433402,0.0016994329635053873,0.000642475497443229,0.2733318507671356,0.17329314351081848,0.017933959141373634,0.5238731503486633,1.330875277519226,,,,,,,,,,,,
220,model.layers.7.self_attn.v_proj.weight,512,1024,0.0009765625,0.0007999174413271248,1.7741948366165161,-0.00027630574186332524,0.6844234466552734,0.0004132116155233234,0.12331276386976242,0.2525307238101959,0.004820103757083416,0.7771281003952026,1.448262095451355,9.776875486977588e-08,4.9869208335876465,-9.60386823862791e-05,0.0016054239822551608,0.00048739570775069296,0.18400081992149353,0.2181052416563034,0.007820717059075832,0.6880528330802917,1.4325652122497559,,,,,,,,,,,,
220,model.layers.7.self_attn.o_proj.weight,1024,2048,0.00048828125,0.00025091515271924436,2.2888600826263428,-0.00010551235027378425,0.9454312324523926,0.00014778408512938768,0.13727515935897827,0.37086960673332214,0.02587883174419403,0.5509336590766907,1.3847092390060425,1.0700660624252123e-07,4.962428092956543,-0.00010247208410874009,0.0031493057031184435,0.00012753551709465683,0.19656039774417877,0.27759602665901184,0.023029768839478493,0.44977110624313354,1.37642502784729,,,,,,,,,,,,
220,model.layers.15.self_attn.q_proj.weight,4096,1024,0.000244140625,0.0001587064325576648,3.1664865016937256,0.0005706854281015694,0.5743017792701721,0.0004162465047556907,0.24988551437854767,0.1990632563829422,0.004013508092612028,0.396899938583374,1.5410101413726807,9.627354558006118e-08,8.377914428710938,-8.229446393670514e-05,0.004549662582576275,0.000549707910977304,0.24894316494464874,0.22107116878032684,0.0137502271682024,0.4606730043888092,1.5026339292526245,8.0,0.06447673588991165,0.06855842471122742,0.8880326747894287,4.746689228340983e-06,0.002386416308581829,0.4451591372489929,0.001989044916962451,-0.00033640701440162957,0.00027633114950731397,0.0046416958793997765,0.06455954909324646
220,model.layers.15.self_attn.k_proj.weight,512,1024,0.0009765625,0.0009327499428763986,5.093611717224121,5.8863538470177446e-06,0.5823280811309814,0.0005731984856538475,0.2544189989566803,0.23415298759937286,0.007563374470919371,0.5268183946609497,1.4265682697296143,2.5662521352387557e-07,11.605219841003418,-9.809200855670497e-05,0.0016275853849947453,0.00012552998668979853,0.2732587456703186,0.2152716964483261,0.009187211282551289,0.4793238937854767,1.4122495651245117,,,,,,,,,,,,
220,model.layers.15.self_attn.v_proj.weight,512,1024,0.0009765625,0.0008755725575610995,1.9167828559875488,-0.002185241552069783,0.49681830406188965,0.00019641639664769173,0.22324725985527039,0.24036335945129395,0.006786397658288479,0.6120065450668335,1.4443949460983276,1.3940838528014865e-07,4.981255531311035,-7.554186595370993e-05,0.0016541974619030952,0.00015294102195184678,0.22277268767356873,0.22925488650798798,0.007070955354720354,0.6027935743331909,1.4355777502059937,,,,,,,,,,,,
220,model.layers.15.self_attn.o_proj.weight,1024,2048,0.00048828125,0.0004453608125913888,1.765559434890747,-0.0007692492217756808,0.8431228399276733,4.5247092202771455e-05,0.10918451845645905,0.41544854640960693,0.010907667689025402,0.5491825938224792,1.415116310119629,1.5599785285758117e-07,4.790235996246338,-6.651046714978293e-05,0.0032794205471873283,0.00011228201037738472,0.20099028944969177,0.2872895300388336,0.02170551009476185,0.5045430064201355,1.4122847318649292,,,,,,,,,,,,
220,model.layers.19.self_attn.q_proj.weight,4096,1024,0.000244140625,0.00017861466039903462,3.0377604961395264,0.0007196646765805781,0.4030764400959015,0.0007766657508909702,0.23957493901252747,0.2047785520553589,0.008120272308588028,0.3929949402809143,1.5289673805236816,1.5860463520311896e-07,7.7273077964782715,-8.064002031460404e-05,0.004756565671414137,0.0006826876779086888,0.2436961978673935,0.2263345718383789,0.018112510442733765,0.4593346416950226,1.4870487451553345,8.0,0.07059124112129211,0.0685402899980545,0.874179482460022,-2.604740302558639e-06,-0.0010046022944152355,0.23670455813407898,,0.0028000499587506056,-0.00014298300084192306,0.00037371882353909314,0.07600675523281097
220,model.layers.19.self_attn.k_proj.weight,512,1024,0.0009765625,0.0011418062495067716,2.9103891849517822,-6.630402367591159e-06,0.46285003423690796,0.0005581898149102926,0.24703873693943024,0.21543221175670624,0.011581155471503735,0.5833309888839722,1.3535243272781372,1.198481811570673e-07,8.772625923156738,-0.00010327700147172436,0.0016936900792643428,0.0004040144558530301,0.28890055418014526,0.19666072726249695,0.01767810247838497,0.452296644449234,1.361030101776123,,,,,,,,,,,,
220,model.layers.19.self_attn.v_proj.weight,512,1024,0.0009765625,0.0007817634614184499,1.9534287452697754,0.0005645044730044901,0.3031289279460907,0.0009573041461408138,0.18863828480243683,0.21306245028972626,0.007065338548272848,0.6343404054641724,1.4162849187850952,8.09595945838737e-08,5.135544776916504,-7.673817162867635e-05,0.0016543121309950948,6.985055370023474e-05,0.2174418717622757,0.25186842679977417,0.006316926795989275,0.6039628386497498,1.445883870124817,,,,,,,,,,,,
220,model.layers.19.self_attn.o_proj.weight,1024,2048,0.00048828125,0.0004908668342977762,1.559306025505066,0.00017062992264982313,0.5933641195297241,0.00010022558853961527,0.0849994421005249,0.5058584809303284,0.011745366267859936,0.6549822092056274,1.4420058727264404,2.9060345241305185e-07,7.228478908538818,-7.414809806505218e-05,0.0033139653969556093,0.00011490149336168543,0.18931421637535095,0.30104169249534607,0.013428245671093464,0.5774772763252258,1.432543158531189,,,,,,,,,,,,
220,model.layers.1.mlp.gate_proj.weight,3584,1024,0.00027901785714285713,0.0003889591316692531,3.40156888961792,0.00042853454942815006,0.2809605896472931,0.0007631318876519799,0.1799456775188446,0.3011021614074707,0.010945471934974194,0.536001443862915,1.5126636028289795,1.229451811468607e-07,18.404001235961914,-7.853763236198574e-05,0.0042352802120149136,0.0002114601229550317,0.2551436424255371,0.2270423322916031,0.01026782114058733,0.5000346899032593,1.5029574632644653,,,,,,,,,,,,
220,model.layers.1.mlp.up_proj.weight,3584,1024,0.00027901785714285713,0.00029693913529627025,2.8883183002471924,0.00041008845437318087,0.49328064918518066,9.192546713165939e-05,0.15869708359241486,0.3388805091381073,0.008028943091630936,0.5204476118087769,1.5077179670333862,2.8844328880950343e-07,16.808324813842773,-0.000130509099108167,0.004218149930238724,0.00011193550744792446,0.24667438864707947,0.24004872143268585,0.009447429329156876,0.5087110996246338,1.511855959892273,,,,,,,,,,,,
220,model.layers.1.mlp.down_proj.weight,1024,3584,0.00027901785714285713,0.00036621055915020406,6.174374103546143,0.00038112321635708213,0.5320814847946167,0.0006846475298516452,0.15949362516403198,0.3330973982810974,0.01199184637516737,0.6286948323249817,1.4619632959365845,1.9647593774152483e-07,28.722673416137695,-0.000126728366012685,0.004213124979287386,0.00021032305085100234,0.22819562256336212,0.2583900988101959,0.013231925666332245,0.5147002339363098,1.4326196908950806,8.0,0.06619348376989365,0.06850167363882065,0.8980099558830261,-4.8386340495198965e-05,0.0009199806954711676,0.6118785738945007,-0.052594951973875856,-0.0015177435707300901,0.0002477207744959742,-0.014092051424086094,0.04140574112534523
220,model.layers.12.mlp.gate_proj.weight,3584,1024,0.00027901785714285713,0.00023794258595444262,2.8932063579559326,-0.001054583233781159,0.440937340259552,0.0020324173383414745,0.1820007562637329,0.25302496552467346,0.01080938521772623,0.5649951696395874,1.525189995765686,1.1174517311474119e-07,8.751737594604492,-9.327611769549549e-05,0.004249599762260914,0.0003454374091234058,0.2565215528011322,0.2170032113790512,0.009625714272260666,0.4929773211479187,1.5104731321334839,,,,,,,,,,,,
220,model.layers.12.mlp.up_proj.weight,3584,1024,0.00027901785714285713,0.0002544353192206472,2.9346816539764404,-0.0011539518600329757,0.7299067378044128,0.000247675139689818,0.20779013633728027,0.26525580883026123,0.006901583168655634,0.5070376992225647,1.5157719850540161,1.1229904828269355e-07,7.747030735015869,-0.0001273072703042999,0.004267538897693157,0.00031397913699038327,0.2491907924413681,0.22678323090076447,0.010515144094824791,0.501867949962616,1.5002087354660034,,,,,,,,,,,,
220,model.layers.12.mlp.down_proj.weight,1024,3584,0.00027901785714285713,0.0002784022653941065,5.562193393707275,-0.0011379931820556521,0.766196608543396,0.00012100781168555841,0.19586507976055145,0.3020758330821991,0.015141226351261139,0.5592582821846008,1.4135149717330933,1.5307506373574142e-07,9.356225967407227,-0.00014069880126044154,0.004305994603782892,0.00013066307292319834,0.2277819663286209,0.2609916925430298,0.017791077494621277,0.5137705206871033,1.4015086889266968,8.0,0.07250041514635086,0.07037309557199478,0.9081166982650757,1.537187745270785e-05,0.007947519421577454,1.2029099464416504,0.0019341729962903042,0.00216760765761137,0.0010122294770553708,0.007219233550131321,0.029969628900289536
220,model.layers.22.mlp.gate_proj.weight,3584,1024,0.00027901785714285713,0.0002546819450799376,1.9166902303695679,0.0005005364073440433,0.32008692622184753,0.0006461220909841359,0.2011939287185669,0.22535279393196106,0.004673304967582226,0.49262070655822754,1.5257834196090698,1.0413979367740467e-07,6.245566368103027,-4.645907392841764e-05,0.004317342769354582,0.000418661831645295,0.22775855660438538,0.2335333228111267,0.009352604858577251,0.5003162026405334,1.508269190788269,,,,,,,,,,,,
220,model.layers.22.mlp.up_proj.weight,3584,1024,0.00027901785714285713,0.0002634810225572437,2.140122413635254,-0.00022375058324541897,0.7062849402427673,0.0007679525297135115,0.17228640615940094,0.2902408838272095,0.011341430246829987,0.5805037617683411,1.5090553760528564,1.569353145214336e-07,6.154982089996338,-0.00010943753295578063,0.004351410083472729,0.0004113350296393037,0.21724089980125427,0.25238093733787537,0.012975865043699741,0.5117748379707336,1.4979737997055054,,,,,,,,,,,,
220,model.layers.22.mlp.down_proj.weight,1024,3584,0.00027901785714285713,0.00041431174031458795,1.880135416984558,-0.0002784694661386311,0.630320131778717,0.0002304272638866678,0.10480955988168716,0.39669540524482727,0.007232006639242172,0.5369956493377686,1.469569444656372,2.2118118181424506e-07,5.892148494720459,-0.0001234141964232549,0.0044516283087432384,0.00010676892270566896,0.2131461203098297,0.27122801542282104,0.007279824931174517,0.5383986830711365,1.4633922576904297,8.0,0.07286375015974045,0.07500910013914108,0.8367549777030945,-3.761679181479849e-06,0.010278730653226376,1.0291948318481445,-0.0003659672880229721,0.003958800341933966,0.0021155106369405985,-0.0021332306787371635,0.13252870738506317
220,model.layers.1.linear_attn.in_proj_qkv.weight,6144,1024,0.00016276041666666666,0.00011410314618842676,2.935924530029297,-0.00018090516095981002,0.23904287815093994,0.0005523511208593845,0.17964404821395874,0.27167969942092896,0.007100360468029976,0.5133218765258789,1.5396078824996948,8.887229796528118e-08,15.247945785522461,-5.887111183255911e-05,0.005429277196526527,0.00029526412254199386,0.253368079662323,0.22002075612545013,0.009842973202466965,0.5006242394447327,1.5260623693466187,8.0,0.05885455012321472,0.06619209796190262,0.8982507586479187,-7.789279834469198e-07,-0.0007588383159600198,0.060562342405319214,,-0.002458340721204877,-0.001190567621961236,0.010245789773762226,0.055582743138074875
220,model.layers.1.linear_attn.out_proj.weight,1024,2048,0.00048828125,0.000606133253313601,1.3790826797485352,0.00015803797577973455,0.6203137040138245,0.0005889213643968105,0.09477753192186356,0.429521769285202,0.01397339254617691,0.6123587489128113,1.432735800743103,1.4684538029996475e-07,15.705009460449219,-7.696386455791071e-05,0.003132804296910763,0.000545256829354912,0.23127353191375732,0.24675151705741882,0.018289215862751007,0.5158942937850952,1.4036104679107666,,,,,,,,,,,,
220,model.layers.12.linear_attn.in_proj_qkv.weight,6144,1024,0.00016276041666666666,6.133910937933251e-05,2.9759671688079834,0.00012254035391379148,0.46640729904174805,0.00040373275987803936,0.17904405295848846,0.25512075424194336,0.005746082868427038,0.5597196221351624,1.546944499015808,5.422191051707159e-08,8.827547073364258,-7.06507998984307e-05,0.005617269314825535,0.0004150936147198081,0.2528846561908722,0.21539896726608276,0.008578424341976643,0.5060734748840332,1.530434012413025,8.0,0.0665721595287323,0.0687909796833992,0.885729968547821,-2.891555595851969e-06,-0.0009284919360652566,0.13848760724067688,,-0.001018949900753796,-0.000670264009386301,-0.0064809429459273815,0.05378452688455582
220,model.layers.12.linear_attn.out_proj.weight,1024,2048,0.00048828125,0.00033272942528128624,2.740227222442627,0.00023602524015586823,0.6481185555458069,0.0001134733684011735,0.16261596977710724,0.35246360301971436,0.014330430887639523,0.583090603351593,1.432991623878479,2.8226241965967347e-07,5.742377281188965,-0.00010142490646103397,0.0032595328520983458,0.00010846328950719908,0.22200867533683777,0.26824823021888733,0.01668374426662922,0.5290752649307251,1.3916364908218384,,,,,,,,,,,,
220,model.layers.21.linear_attn.in_proj_qkv.weight,6144,1024,0.00016276041666666666,9.116165892919526e-05,1.9883917570114136,0.0005158666172064841,0.17441190779209137,0.0005562032456509769,0.15589065849781036,0.30527618527412415,0.004570831079035997,0.5965778231620789,1.5439319610595703,1.1864969451380603e-07,7.051271438598633,-5.210314702708274e-05,0.005706653464585543,0.0005255781579762697,0.22131870687007904,0.2483047991991043,0.011820917017757893,0.49463361501693726,1.5268141031265259,8.0,0.08124727755784988,0.07709065824747086,0.8271130919456482,-3.4419787198203267e-07,0.00025827434728853405,0.024637075141072273,-0.0013326831549302426,0.0015389419859275222,0.0027008403558284044,-0.00720559898763895,0.05074873939156532
220,model.layers.21.linear_attn.out_proj.weight,1024,2048,0.00048828125,0.00036178508889861405,2.360611915588379,8.255756256403401e-05,0.34517619013786316,0.00010941883374471217,0.12463127821683884,0.3916551470756531,0.005501656327396631,0.5814293026924133,1.4777660369873047,1.7167350563340733e-07,4.486606597900391,-0.00010080817446578294,0.003274691989645362,0.00022145868570078164,0.20687653124332428,0.27922308444976807,0.009742489084601402,0.5437909960746765,1.4662970304489136,,,,,,,,,,,,
240,model.layers.7.self_attn.q_proj.weight,4096,1024,0.000244140625,0.0002127980551449582,2.364948034286499,-0.0007221053238026798,0.34582632780075073,0.0006840176065452397,0.17694030702114105,0.2680104374885559,0.006965190637856722,0.5410235524177551,1.5348314046859741,6.395976726025765e-08,8.638345718383789,-6.797701644245535e-05,0.00445909658446908,0.0005896601942367852,0.2675919532775879,0.1987939476966858,0.011286688968539238,0.4899426996707916,1.5092018842697144,8.0,0.0592389777302742,0.06729655712842941,0.8957804441452026,1.0248510079691187e-05,0.0004727189661934972,0.12940791249275208,0.0216799215022318,-0.002855639671906829,0.0003872514353133738,-0.00515352375805378,0.04751815274357796
240,model.layers.7.self_attn.k_proj.weight,512,1024,0.0009765625,0.0010162742109969258,2.581864595413208,-2.5050456997632864e-07,0.27429166436195374,0.0011787067633122206,0.1505051702260971,0.27386364340782166,0.02199055254459381,0.7118744254112244,1.31709623336792,6.803079344308571e-08,9.041626930236816,-0.00010813486733241007,0.0015749692684039474,0.001046684104949236,0.28867650032043457,0.1806272715330124,0.017709897831082344,0.49587711691856384,1.3484762907028198,,,,,,,,,,,,
240,model.layers.7.self_attn.v_proj.weight,512,1024,0.0009765625,0.0009423496085219085,1.879497766494751,0.0014124882873147726,0.47915560007095337,0.0007920638308860362,0.12873926758766174,0.24561002850532532,0.007660028524696827,0.7653260827064514,1.463870882987976,7.713717309343338e-08,5.711851119995117,-8.113166404655203e-05,0.00157406076323241,0.00021190174447838217,0.19240409135818481,0.2185785174369812,0.006612709723412991,0.6764849424362183,1.4171850681304932,,,,,,,,,,,,
240,model.layers.7.self_attn.o_proj.weight,1024,2048,0.00048828125,0.00027139869052916765,2.564894199371338,0.0004694790404755622,0.7694815993309021,5.818146019009873e-05,0.1276395320892334,0.39560672640800476,0.015193716622889042,0.5954679846763611,1.4196245670318604,1.4304076501048257e-07,5.758368492126465,-8.778250776231289e-05,0.0031383458990603685,7.991430902620777e-05,0.19268743693828583,0.28807520866394043,0.019057156518101692,0.470051109790802,1.4126741886138916,,,,,,,,,,,,
240,model.layers.15.self_attn.q_proj.weight,4096,1024,0.000244140625,0.00013241394481156021,3.710190773010254,4.4701097067445517e-05,0.47245529294013977,0.0002553665544837713,0.2142571210861206,0.2309463769197464,0.003947084303945303,0.4235323667526245,1.5437678098678589,8.218891878186696e-08,9.672136306762695,-6.147539534140378e-05,0.00447410112246871,0.0004101035592611879,0.24722814559936523,0.22537463903427124,0.013017876073718071,0.4599090814590454,1.5033791065216064,8.0,0.06360437721014023,0.06832389533519745,0.8883374929428101,-2.3947773115651216e-06,0.001086968812160194,0.2915971279144287,-0.0022031702149814644,-0.0004679615085478872,0.0001424415095243603,-0.0008285449584946036,0.04840512201189995
240,model.layers.15.self_attn.k_proj.weight,512,1024,0.0009765625,0.0007807107758708298,4.404030799865723,4.568806161842076e-06,0.44640547037124634,0.000216481217648834,0.2431153506040573,0.24026404321193695,0.005275405943393707,0.5416879653930664,1.42754065990448,7.350202935185735e-08,12.178211212158203,-8.845908450894058e-05,0.0015023051528260112,5.246374712442048e-05,0.28352800011634827,0.21263080835342407,0.008335609920322895,0.4692186415195465,1.4305380582809448,,,,,,,,,,,,
240,model.layers.15.self_attn.v_proj.weight,512,1024,0.0009765625,0.0009060411830432713,2.176786422729492,0.0018300089286640286,0.38593435287475586,0.0003149953263346106,0.19298449158668518,0.25905340909957886,0.011304005980491638,0.644764244556427,1.425762414932251,1.2779369740201219e-07,6.961350440979004,-5.09071905980818e-05,0.0016262122662737966,0.00025527182151563466,0.22861561179161072,0.23465320467948914,0.006603492423892021,0.5922880172729492,1.4435027837753296,,,,,,,,,,,,
240,model.layers.15.self_attn.o_proj.weight,1024,2048,0.00048828125,0.0004853244754485786,2.0707814693450928,0.0006152090500108898,0.6848850250244141,5.0374233978800476e-05,0.09832479804754257,0.4501362144947052,0.010465774685144424,0.5948876142501831,1.4408620595932007,1.1023265500398338e-07,7.7348198890686035,-8.289646939374506e-05,0.003225149353966117,0.00011374538007657975,0.20546551048755646,0.28524407744407654,0.018153231590986252,0.512759804725647,1.4167042970657349,,,,,,,,,,,,
240,model.layers.19.self_attn.q_proj.weight,4096,1024,0.000244140625,0.00019010926189366728,2.8772945404052734,-0.0008294814033433795,0.3399266004562378,0.0004247694741934538,0.21818509697914124,0.2199883610010147,0.006969836074858904,0.4071612060070038,1.5292809009552002,7.603330232086591e-08,7.682438850402832,-7.049381383694708e-05,0.0046538906171917915,0.0008416243945248425,0.23928450047969818,0.22823168337345123,0.019360622391104698,0.4633805751800537,1.4863675832748413,8.0,0.06758882850408554,0.0673021450638771,0.8773927688598633,1.6936041902226862e-06,-0.00012503552716225386,0.172077476978302,,3.9049555198289454e-05,-0.00030562523170374334,-0.00883948802947998,0.06251116842031479
240,model.layers.19.self_attn.k_proj.weight,512,1024,0.0009765625,0.0011389038991183043,2.3833136558532715,-5.2329987738630734e-06,0.4064558148384094,0.000718779512681067,0.2560569941997528,0.20817320048809052,0.010449283756315708,0.5682973861694336,1.3444328308105469,1.1705371605330583e-07,8.172966003417969,-0.00010418731835670769,0.001661622547544539,0.00017069722525775433,0.29149124026298523,0.1920439451932907,0.018916964530944824,0.44992169737815857,1.3342770338058472,,,,,,,,,,,,
240,model.layers.19.self_attn.v_proj.weight,512,1024,0.0009765625,0.0007059684721753001,1.944037675857544,-0.00037101603811606765,0.3037192225456238,0.000261689187027514,0.19771160185337067,0.20530517399311066,0.0037962314672768116,0.6274167895317078,1.452534556388855,1.3204807203237579e-07,5.421344757080078,-7.056247704895213e-05,0.0016908356919884682,0.0002409125299891457,0.23171080648899078,0.2429037243127823,0.006677831988781691,0.5818432569503784,1.422267198562622,,,,,,,,,,,,
240,model.layers.19.self_attn.o_proj.weight,1024,2048,0.00048828125,0.0004455900052562356,1.595912218093872,-0.00012233534653205425,0.5490732192993164,0.00012024521129205823,0.09532450139522552,0.45973482728004456,0.012128293514251709,0.6095252633094788,1.4490481615066528,1.0941344896764349e-07,7.1898298263549805,-6.690080772386864e-05,0.0032978293020278215,0.00017531188495922834,0.20596475899219513,0.2851765751838684,0.015088869258761406,0.5507901310920715,1.432021141052246,,,,,,,,,,,,
240,model.layers.1.mlp.gate_proj.weight,3584,1024,0.00027901785714285713,0.000494354753755033,3.1950855255126953,-0.0011509949108585715,0.24841392040252686,0.0003995661099907011,0.1661723256111145,0.31432265043258667,0.008337529376149178,0.5336461067199707,1.5198086500167847,1.3289269418237382e-07,18.787525177001953,-8.599471038905904e-05,0.0043925452046096325,0.00016621827671770006,0.24926696717739105,0.23261389136314392,0.009742585942149162,0.5018494725227356,1.5093986988067627,,,,,,,,,,,,
240,model.layers.1.mlp.up_proj.weight,3584,1024,0.00027901785714285713,0.0014066989533603191,2.665816068649292,-0.0010618825908750296,0.44212472438812256,0.00011755240120692179,0.14622321724891663,0.3608457148075104,0.010789615102112293,0.5260227918624878,1.5109342336654663,2.389660949120298e-07,14.90386962890625,-0.00013380637392401695,0.004396428354084492,0.0001483493106206879,0.2483728677034378,0.23905979096889496,0.010881578549742699,0.5006405711174011,1.501907467842102,,,,,,,,,,,,
240,model.layers.1.mlp.down_proj.weight,1024,3584,0.00027901785714285713,0.00027078468701802194,4.9314284324646,-0.001004942343570292,0.46533042192459106,0.0004742163291666657,0.1583120971918106,0.32680463790893555,0.01262473501265049,0.6168534159660339,1.4383745193481445,1.718043449727702e-07,20.23011016845703,-0.00013319253048393875,0.004363573621958494,0.00041268239147029817,0.22829662263393402,0.2541533410549164,0.017040114849805832,0.5023357272148132,1.3898861408233643,8.0,0.06625586003065109,0.06645424664020538,0.8997400403022766,2.5755107344593853e-06,-0.0016646620351821184,0.4614744186401367,,-0.001620304654352367,-0.0001778785663191229,-0.00028790379292331636,0.05343901365995407
240,model.layers.12.mlp.gate_proj.weight,3584,1024,0.00027901785714285713,0.0002445500285830349,3.29223895072937,0.00040228597936220467,0.3981471657752991,0.0007410825928673148,0.1867578625679016,0.24589009582996368,0.0068220458924770355,0.5735546350479126,1.521458625793457,9.504697828788267e-08,8.794225692749023,-0.0001076416956493631,0.004354559350758791,0.00026090661413036287,0.25353553891181946,0.2178579866886139,0.009618391282856464,0.5020713806152344,1.510966420173645,,,,,,,,,,,,
240,model.layers.12.mlp.up_proj.weight,3584,1024,0.00027901785714285713,0.00026454427279531956,3.472355842590332,0.0008184720645658672,0.6446219682693481,0.0003912441316060722,0.21435992419719696,0.2637356221675873,0.009067315608263016,0.5123327374458313,1.5079517364501953,1.1396848975664398e-07,8.440130233764648,-0.00013494223821908236,0.004342352505773306,0.0003748294257093221,0.2525266408920288,0.2264099419116974,0.010775696486234665,0.49926578998565674,1.5088813304901123,,,,,,,,,,,,
240,model.layers.12.mlp.down_proj.weight,1024,3584,0.00027901785714285713,0.00024253889569081366,7.353369235992432,0.0008199248695746064,0.6658540368080139,0.0002920932893175632,0.19816690683364868,0.2934171259403229,0.022835951298475266,0.539612889289856,1.4062365293502808,2.374410570382679e-07,11.920835494995117,-0.0001426337257726118,0.004308763425797224,0.00023392753791995347,0.22963392734527588,0.255120187997818,0.023607809096574783,0.49982866644859314,1.3585299253463745,8.0,0.05773626267910004,0.06706399470567703,0.9077515602111816,-1.6718486222089268e-05,-0.003980310168117285,0.9415932297706604,,-0.003168246243149042,-0.0005178540595807135,-0.015065066516399384,0.012189173139631748
240,model.layers.22.mlp.gate_proj.weight,3584,1024,0.00027901785714285713,0.00023411036818288267,2.7974088191986084,-0.0009464334580115974,0.2304208129644394,0.001167010748758912,0.18265458941459656,0.2537286579608917,0.009297392331063747,0.5279577374458313,1.5155314207077026,1.3184649105824064e-07,7.194844722747803,-7.015898881945759e-05,0.004403016995638609,0.0006582768983207643,0.22524575889110565,0.23662009835243225,0.011512666940689087,0.5014780759811401,1.4993038177490234,,,,,,,,,,,,
240,model.layers.22.mlp.up_proj.weight,3584,1024,0.00027901785714285713,0.00024161519831977785,2.728145122528076,-0.0008282127673737705,0.5241977572441101,0.0013068089028820395,0.17857471108436584,0.28214824199676514,0.015431782230734825,0.5495384931564331,1.5073944330215454,1.767355257698e-07,6.533155918121338,-0.00011445178097346798,0.004431948531419039,0.0005035060457885265,0.21590250730514526,0.25326424837112427,0.014173495583236217,0.5039394497871399,1.4958372116088867,,,,,,,,,,,,
240,model.layers.22.mlp.down_proj.weight,1024,3584,0.00027901785714285713,0.0004744315810967237,2.239236831665039,-0.0009157728054560721,0.5157400369644165,0.00046911370009183884,0.09838929772377014,0.4225805401802063,0.013874792493879795,0.5744743347167969,1.4633888006210327,1.1913175512745511e-07,7.4382829666137695,-0.0001303028257098049,0.004369944799691439,0.0006161673227325082,0.213791161775589,0.2678568363189697,0.015198198147118092,0.5307111740112305,1.4399555921554565,8.0,0.06454584002494812,0.06664248555898666,0.8489185571670532,2.1631856725434773e-05,0.004051541443914175,0.7777069211006165,0.005339167086129159,-0.0008975990349426866,0.0002513906511012465,-0.0004959236248396337,0.12722085416316986
240,model.layers.1.linear_attn.in_proj_qkv.weight,6144,1024,0.00016276041666666666,0.00021667587861884385,2.5802509784698486,0.0004793618863914162,0.2244531363248825,0.0007861641352064908,0.17375688254833221,0.2769503891468048,0.0078962417319417,0.5171599388122559,1.5321643352508545,1.5610720538461464e-07,14.086304664611816,-7.24042984074913e-05,0.005893837660551071,0.0003779599501285702,0.24967807531356812,0.22553502023220062,0.009882330894470215,0.5006499886512756,1.5248726606369019,8.0,0.06101357564330101,0.06839306652545929,0.8962658047676086,4.964423624187475e-06,0.0002808578428812325,0.04859376698732376,0.017675930190373217,-0.0015020512510091066,0.0003895723493769765,-0.000380733486963436,0.02713293954730034
240,model.layers.1.linear_attn.out_proj.weight,1024,2048,0.00048828125,0.0003994081635028124,1.3416730165481567,0.0003641330113168806,0.568873405456543,0.0011318586766719818,0.08831478655338287,0.42027977108955383,0.023677833378314972,0.5899631381034851,1.4179836511611938,1.4101429712809477e-07,13.364870071411133,-9.991708066081628e-05,0.0032254825346171856,0.000511155289132148,0.23258432745933533,0.24517777562141418,0.019982965663075447,0.5074246525764465,1.365397334098816,,,,,,,,,,,,
240,model.layers.12.linear_attn.in_proj_qkv.weight,6144,1024,0.00016276041666666666,6.863196904305369e-05,3.109596014022827,-0.0003321136173326522,0.37086221575737,0.0004165123973507434,0.17045947909355164,0.2573816776275635,0.0035975377541035414,0.5830788016319275,1.5521668195724487,5.7256116292592196e-08,9.757078170776367,-5.408757351688109e-05,0.005623189266771078,0.0004496531037148088,0.25216367840766907,0.2155580073595047,0.008816484361886978,0.5075773000717163,1.533801794052124,8.0,0.07260306924581528,0.06667456775903702,0.8894118666648865,-3.3130612564491457e-07,-0.0006747316801920533,0.09184911847114563,,0.0025829561054706573,-0.000970948429312557,0.002114455448463559,0.06366918236017227
240,model.layers.12.linear_attn.out_proj.weight,1024,2048,0.00048828125,0.00030706991674378514,3.295901298522949,-0.00047974486369639635,0.5555034875869751,9.68695676419884e-05,0.17135804891586304,0.33202674984931946,0.01382607314735651,0.5583127737045288,1.4406871795654297,1.3827447276071325e-07,7.607193946838379,-0.00010450226545799524,0.0032413690350949764,9.704894182505086e-05,0.22608023881912231,0.2641478180885315,0.01541982963681221,0.5209734439849854,1.4018795490264893,,,,,,,,,,,,
240,model.layers.21.linear_attn.in_proj_qkv.weight,6144,1024,0.00016276041666666666,9.117303852690384e-05,2.454299211502075,0.0001849135005613789,0.14138706028461456,0.0008311989950016141,0.14357073605060577,0.30120834708213806,0.005942042917013168,0.6115030646324158,1.548049807548523,1.541588403597416e-07,9.187795639038086,-4.704255479737185e-05,0.005546056665480137,0.0006614466547034681,0.2190662920475006,0.25098544359207153,0.012341509573161602,0.49433761835098267,1.5282551050186157,8.0,0.06150367110967636,0.06797225028276443,0.8873690962791443,3.2861191812116886e-07,5.696586867998121e-06,0.012837894260883331,0.057685755652603386,-0.0026781908236443996,-0.00017685348575469106,0.007744445465505123,0.05403459444642067
240,model.layers.21.linear_attn.out_proj.weight,1024,2048,0.00048828125,0.0004058082995470613,2.7320656776428223,0.0018732891185209155,0.2892019748687744,0.000191461673239246,0.13667237758636475,0.3577691316604614,0.007998998276889324,0.5373628735542297,1.4718587398529053,1.0689868901181399e-07,5.1016845703125,-9.111894178204238e-05,0.0032740975730121136,0.00010986097913701087,0.20922011137008667,0.27622830867767334,0.00855723861604929,0.5441771745681763,1.4702399969100952,,,,,,,,,,,,
260,model.layers.7.self_attn.q_proj.weight,4096,1024,0.000244140625,0.00010516664042370394,2.086625099182129,0.00023333451827056706,0.6310572624206543,0.0007644278230145574,0.184377521276474,0.2594289183616638,0.006269687786698341,0.5321186184883118,1.5401623249053955,7.442688598757741e-08,8.641777038574219,-6.882991146994755e-05,0.004587266594171524,0.0005113825318403542,0.2692456841468811,0.1966506987810135,0.011115423403680325,0.49537065625190735,1.5153300762176514,8.0,0.06986542791128159,0.06956133246421814,0.8749310374259949,-8.55300731927855e-06,0.004066327586770058,0.4205184876918793,-0.0021033739010860968,-0.004263211973011494,0.0008955910452641547,-0.005770637188106775,0.05437827482819557
260,model.layers.7.self_attn.k_proj.weight,512,1024,0.0009765625,0.0011432801838964224,3.8139917850494385,2.4915432277339278e-06,0.42571786046028137,0.0011419389629736543,0.1804681122303009,0.22567671537399292,0.02278345450758934,0.6825563907623291,1.3441089391708374,7.430795534446588e-08,9.110335350036621,-0.00010904320515692234,0.0016488989349454641,0.0005201760795898736,0.2914055585861206,0.1762712597846985,0.014277846552431583,0.5064331293106079,1.3851925134658813,,,,,,,,,,,,
260,model.layers.7.self_attn.v_proj.weight,512,1024,0.0009765625,0.0009117603185586631,2.238352060317993,-0.0014345106901600957,0.682208240032196,0.00017577646940480918,0.16040228307247162,0.22465434670448303,0.0036303785163909197,0.7169513702392578,1.4638389348983765,9.4129262606657e-08,6.389402866363525,-8.817142224870622e-05,0.0015932072419673204,0.0003287407453171909,0.19494536519050598,0.2199506014585495,0.008790153078734875,0.6704332232475281,1.4161376953125,,,,,,,,,,,,
260,model.layers.7.self_attn.o_proj.weight,1024,2048,0.00048828125,0.000247202959144488,2.527202844619751,-0.00046204659156501293,1.1242401599884033,7.658890535822138e-05,0.14949452877044678,0.3596910834312439,0.014183130115270615,0.5336651802062988,1.4240463972091675,1.2255978276698443e-07,6.043233394622803,-9.820655395742506e-05,0.003197538200765848,0.00012380290718283504,0.19309461116790771,0.2838117778301239,0.023404648527503014,0.45662936568260193,1.3865923881530762,,,,,,,,,,,,
260,model.layers.15.self_attn.q_proj.weight,4096,1024,0.000244140625,0.0001649324403842911,2.949383497238159,-2.005154328799108e-06,0.736070990562439,0.0003578829055186361,0.24013568460941315,0.20749083161354065,0.003218995872884989,0.3994826674461365,1.5429686307907104,8.706734888619394e-08,9.334121704101562,-6.755021604476497e-05,0.004662829451262951,0.00041508424328640103,0.2540457844734192,0.21679535508155823,0.013284693472087383,0.4605850577354431,1.5078045129776,8.0,0.07387584447860718,0.06678009778261185,0.874465823173523,-2.032478732871823e-06,-0.005853242240846157,0.7950713634490967,,0.0018298918148502707,-0.0004978265496902168,0.004083340987563133,0.06039789319038391
260,model.layers.15.self_attn.k_proj.weight,512,1024,0.0009765625,0.000959827215410769,4.360625267028809,-5.336469257599674e-07,0.7249124050140381,0.00031680436222814023,0.25258809328079224,0.2392743080854416,0.006209472194314003,0.5381374955177307,1.4299299716949463,1.249589161034237e-07,6.146903991699219,-9.962623153114691e-05,0.0017531646881252527,3.5059703805018216e-05,0.2825181782245636,0.22134585678577423,0.008100040256977081,0.47093552350997925,1.399965763092041,,,,,,,,,,,,
260,model.layers.15.self_attn.v_proj.weight,512,1024,0.0009765625,0.0010813989210873842,2.5312514305114746,0.0011072885245084763,0.49083206057548523,0.00013970115105621517,0.22389893233776093,0.22635307908058167,0.004937741905450821,0.6112143397331238,1.4468088150024414,7.86519507300909e-08,6.389755725860596,-5.9919184423051775e-05,0.0016141849337145686,0.00018595519941300154,0.23487745225429535,0.2305213212966919,0.006833926774561405,0.5847692489624023,1.4316706657409668,,,,,,,,,,,,
260,model.layers.15.self_attn.o_proj.weight,1024,2048,0.00048828125,0.00046332733472809196,2.3663382530212402,0.0003630603605415672,0.9005260467529297,6.613296136492863e-05,0.1161980852484703,0.4341902434825897,0.012204968370497227,0.6025606989860535,1.4273666143417358,1.0374922254641206e-07,6.828800201416016,-7.782133616274223e-05,0.0032292057294398546,0.00010292176739312708,0.2041965276002884,0.2870658040046692,0.020139582455158234,0.5139415264129639,1.39376699924469,,,,,,,,,,,,
260,model.layers.19.self_attn.q_proj.weight,4096,1024,0.000244140625,0.00013480489724315703,2.448946714401245,-0.0004716265539173037,0.5516201853752136,0.00015552215336356312,0.20425480604171753,0.25107914209365845,0.004484804812818766,0.4776242673397064,1.5310639142990112,9.035195347451008e-08,8.372881889343262,-6.359324470395222e-05,0.004438610747456551,0.00042948874761350453,0.24383455514907837,0.228420689702034,0.014962995424866676,0.465450644493103,1.5068162679672241,8.0,0.06781969964504242,0.07204389572143555,0.8413222432136536,-4.756559974339325e-06,-0.0004694871895480901,0.36838364601135254,,-0.0062190815806388855,-7.740080764051527e-05,-0.004535116255283356,0.055580563843250275
260,model.layers.19.self_attn.k_proj.weight,512,1024,0.0009765625,0.0009612313006073236,3.572787284851074,-1.2633636288228445e-05,0.5852291584014893,0.0004251901700627059,0.2574918270111084,0.19923606514930725,0.01167912594974041,0.5742035508155823,1.3580235242843628,9.769404840653806e-08,9.187884330749512,-0.00010945032408926636,0.0016081773210316896,0.00020844110986217856,0.2889552414417267,0.19695259630680084,0.01729399338364601,0.4546780586242676,1.3440154790878296,,,,,,,,,,,,
260,model.layers.19.self_attn.v_proj.weight,512,1024,0.0009765625,0.0008390674483962357,1.6675996780395508,-0.00045754326856695116,0.3261280953884125,0.0031542256474494934,0.20439201593399048,0.1877409964799881,0.010913182981312275,0.586315929889679,1.4083119630813599,7.016816283567096e-08,5.152843952178955,-6.660375220235437e-05,0.0015262392116710544,0.0004991380264982581,0.22410468757152557,0.24749137461185455,0.007931962609291077,0.5926555395126343,1.42874276638031,,,,,,,,,,,,
260,model.layers.19.self_attn.o_proj.weight,1024,2048,0.00048828125,0.00048567255726084113,1.611632227897644,-0.00015066011110320687,0.5852394700050354,0.00016972850426100194,0.10559344291687012,0.43498873710632324,0.009082344360649586,0.5833746790885925,1.4558513164520264,7.92763543699948e-08,6.612682342529297,-5.7096251111943275e-05,0.0030774506740272045,0.00013658558600582182,0.1987261176109314,0.291631281375885,0.013243181630969048,0.5628312230110168,1.4374240636825562,,,,,,,,,,,,
260,model.layers.1.mlp.gate_proj.weight,3584,1024,0.00027901785714285713,0.0002366003318456933,2.9535515308380127,0.0014399201609194279,0.3515208959579468,0.0002681531186681241,0.17103007435798645,0.3067668378353119,0.006512017454952002,0.528154194355011,1.5246375799179077,2.6383997919765534e-07,21.500591278076172,-8.47794144647196e-05,0.004214025568217039,0.0001691720972303301,0.25389736890792847,0.22897353768348694,0.009503684937953949,0.5003986358642578,1.5075706243515015,,,,,,,,,,,,
260,model.layers.1.mlp.up_proj.weight,3584,1024,0.00027901785714285713,0.0004338337457738817,2.5325138568878174,0.001005837693810463,0.6299418210983276,0.00011312791320960969,0.14604929089546204,0.3578411042690277,0.009568275883793831,0.5221359729766846,1.5076723098754883,3.462048141500418e-07,18.97307777404785,-0.0001275374088436365,0.004212658386677504,0.00012031682126689702,0.24896258115768433,0.23778575658798218,0.010581456124782562,0.5011411905288696,1.5053738355636597,,,,,,,,,,,,
260,model.layers.1.mlp.down_proj.weight,1024,3584,0.00027901785714285713,0.00035152010968886316,5.96337366104126,0.0009791679913178086,0.6451162099838257,0.0007200769032351673,0.1555507630109787,0.33530670404434204,0.01171460933983326,0.6229855418205261,1.4670159816741943,2.4895589945117536e-07,32.59516906738281,-0.00012492714449763298,0.004229419399052858,0.0002893678320106119,0.22088688611984253,0.26393622159957886,0.014786375686526299,0.521895706653595,1.4221022129058838,8.0,0.07336030900478363,0.06810899823904037,0.9010074138641357,2.8004656996927224e-05,0.004442824050784111,0.9194903373718262,0.006303345952218094,0.002848180243745446,0.0007736937259323895,0.008061368018388748,0.04957297071814537
260,model.layers.12.mlp.gate_proj.weight,3584,1024,0.00027901785714285713,0.0002004788548219949,3.221937417984009,0.00129694992210716,0.5219687223434448,0.0008836730266921222,0.18616291880607605,0.253353089094162,0.006511743646115065,0.5542868971824646,1.5239174365997314,1.5317975510242832e-07,8.549622535705566,-0.00010303793533239514,0.004290855024009943,0.00042145157931372523,0.25441625714302063,0.21623946726322174,0.010039415210485458,0.49996882677078247,1.5071388483047485,,,,,,,,,,,,
260,model.layers.12.mlp.up_proj.weight,3584,1024,0.00027901785714285713,0.0002779994683805853,3.191678285598755,0.0012565315701067448,0.8830590844154358,0.0002712253190111369,0.20381978154182434,0.27566489577293396,0.007234863471239805,0.5137907862663269,1.5149668455123901,1.2524036208105827e-07,8.417957305908203,-0.00014092719356995076,0.004316181410104036,0.0003636837936937809,0.25252091884613037,0.22606749832630157,0.010436208918690681,0.49457332491874695,1.5089514255523682,,,,,,,,,,,,
260,model.layers.12.mlp.down_proj.weight,1024,3584,0.00027901785714285713,0.0002777953341137618,7.313968658447266,0.00125054398085922,0.9180237650871277,0.00022306707978714257,0.19895942509174347,0.29008933901786804,0.023443035781383514,0.5385668873786926,1.398289680480957,1.208132687224861e-07,12.290776252746582,-0.00013654485519509763,0.0042865280993282795,0.00016237632371485233,0.22864504158496857,0.25659069418907166,0.022552741691470146,0.5029111504554749,1.392829179763794,8.0,0.0639815554022789,0.06689802557229996,0.9111190438270569,-2.1448781808430795e-06,-0.0010762738529592752,1.7798198461532593,,-0.0007217454840429127,0.00013104092795401812,-0.0007942863157950342,0.025264166295528412
260,model.layers.22.mlp.gate_proj.weight,3584,1024,0.00027901785714285713,0.0002355442411499098,2.803229331970215,0.0016180075472220778,0.25683701038360596,0.0009779668180271983,0.18277738988399506,0.24487149715423584,0.007089042104780674,0.544738233089447,1.5223274230957031,1.3578276991665916e-07,6.5527663230896,-5.13612903887406e-05,0.004140852950513363,0.0008585582836531103,0.22792433202266693,0.2310127168893814,0.01154780387878418,0.49680206179618835,1.5079001188278198,,,,,,,,,,,,
260,model.layers.22.mlp.up_proj.weight,3584,1024,0.00027901785714285713,0.00021063556778244674,2.8516783714294434,0.0015087738865986466,0.5867455005645752,0.0008251485996879637,0.1844387650489807,0.2799091935157776,0.011845684610307217,0.5579811334609985,1.5089813470840454,1.1229305130200373e-07,6.245615482330322,-0.00011326168169034645,0.004163746256381273,0.000744612654671073,0.21493303775787354,0.2519300878047943,0.015306223183870316,0.5091056823730469,1.4983271360397339,,,,,,,,,,,,
260,model.layers.22.mlp.down_proj.weight,1024,3584,0.00027901785714285713,0.000328335037920624,2.2423410415649414,0.0016196807846426964,0.6005462408065796,0.00040261156391352415,0.1062818244099617,0.38606157898902893,0.010937881655991077,0.545035719871521,1.4562561511993408,1.2921147174438374e-07,5.917294502258301,-0.00012623879592865705,0.004222540650516748,0.00014598644338548183,0.20890364050865173,0.2745020389556885,0.008890720084309578,0.5417442321777344,1.4575492143630981,8.0,0.06773281842470169,0.06928665190935135,0.8493021130561829,-1.3929430679127108e-05,0.001542954589240253,1.007254958152771,-0.009027764508601595,-0.0001120472516049631,0.0005662506446242332,-0.003730030730366707,0.11339198797941208
260,model.layers.1.linear_attn.in_proj_qkv.weight,6144,1024,0.00016276041666666666,0.00010822382319020107,2.391489267349243,-0.00036416808143258095,0.33458253741264343,0.0010730588110163808,0.17125850915908813,0.28489285707473755,0.008982802741229534,0.5228095650672913,1.5344396829605103,9.598589656434342e-08,17.195106506347656,-6.243890675250441e-05,0.00555017776787281,0.00029111249023117125,0.2495233714580536,0.2238156944513321,0.010207181796431541,0.5007045865058899,1.5261995792388916,8.0,0.06623043119907379,0.07271450012922287,0.8975951075553894,2.313842060175375e-06,0.0006698914803564548,0.09989553689956665,0.003454055064178694,-0.0019109169952571392,0.0007797526777721941,-0.005181580316275358,0.0354333370923996
260,model.layers.1.linear_attn.out_proj.weight,1024,2048,0.00048828125,0.0006380418781191111,1.270829439163208,-0.0008752250578254461,0.8285676836967468,0.00029762403573840857,0.08713951706886292,0.4235526919364929,0.010732358321547508,0.5782257914543152,1.4286600351333618,1.9092223624284088e-07,14.682785034179688,-7.938923954498023e-05,0.0032015559263527393,0.0005528735346160829,0.23022021353244781,0.24818716943264008,0.02058696188032627,0.5121151804924011,1.3865612745285034,,,,,,,,,,,,
260,model.layers.12.linear_attn.in_proj_qkv.weight,6144,1024,0.00016276041666666666,7.25362915545702e-05,3.568351984024048,1.584360325068701e-05,0.5689394474029541,0.00041105019045062363,0.18110597133636475,0.25813156366348267,0.004298747517168522,0.5629315376281738,1.5497047901153564,2.377510384121706e-07,9.700217247009277,-6.015842882334255e-05,0.005546482279896736,0.0003600534109864384,0.26283562183380127,0.20860616862773895,0.009320374578237534,0.49445047974586487,1.5286855697631836,8.0,0.06630051136016846,0.06997955590486526,0.8760916590690613,-1.8297305359737948e-06,-0.00040729681495577097,0.22325989603996277,,-0.0015873407246544957,-9.524838969809934e-05,-0.0029181113932281733,0.044342491775751114
260,model.layers.12.linear_attn.out_proj.weight,1024,2048,0.00048828125,0.00032922514947131276,3.4019429683685303,0.00031583127565681934,0.7354043126106262,6.105494685471058e-05,0.18110135197639465,0.32806357741355896,0.011476222425699234,0.5551038384437561,1.4362022876739502,1.583446049835402e-07,7.865155220031738,-0.00010215646761935204,0.0031799289863556623,9.186536044580862e-05,0.22529123723506927,0.2647489607334137,0.01474789995700121,0.5225569605827332,1.4259389638900757,,,,,,,,,,,,
260,model.layers.21.linear_attn.in_proj_qkv.weight,6144,1024,0.00016276041666666666,9.128476813202724e-05,2.793025493621826,9.638579649617895e-05,0.19752030074596405,0.00037521132617257535,0.17125320434570312,0.26948082447052,0.004798706155270338,0.5739441514015198,1.5452131032943726,1.4457297936587565e-07,8.380705833435059,-4.2890646000159904e-05,0.005474680569022894,0.000565870781429112,0.22134274244308472,0.2480783760547638,0.011382712051272392,0.49019721150398254,1.5267456769943237,8.0,0.07259245216846466,0.07581248134374619,0.8812179565429688,4.197839871267206e-07,0.0003476834390312433,0.02762552723288536,0.0012073741225534708,0.0013891863636672497,0.0023171224165707827,-0.001499249949119985,0.05129733681678772
260,model.layers.21.linear_attn.out_proj.weight,1024,2048,0.00048828125,0.00037767956382595,2.888406276702881,-0.0005956515087746084,0.3615932762622833,0.00021831861522514373,0.13615767657756805,0.36597740650177,0.006935497280210257,0.5508766770362854,1.4801498651504517,3.4328101605751726e-07,4.386087894439697,-9.673150634625927e-05,0.0031924822833389044,0.00023569354380015284,0.21044817566871643,0.2730538547039032,0.0105136102065444,0.5308464169502258,1.4690405130386353,,,,,,,,,,,,
280,model.layers.7.self_attn.q_proj.weight,4096,1024,0.000244140625,0.0003136160084977746,2.452664613723755,-0.0002925170410890132,0.43811991810798645,0.0010908065596595407,0.19078701734542847,0.2523393929004669,0.008648630231618881,0.5086267590522766,1.5356508493423462,9.258693012270669e-08,9.228449821472168,-5.841325764777139e-05,0.004414366092532873,0.0005308677791617811,0.270853191614151,0.19776509702205658,0.011828778311610222,0.49067533016204834,1.5108072757720947,8.0,0.06348123401403427,0.07192564755678177,0.8706859946250916,3.690874291351065e-05,0.00010158360237255692,0.2278345674276352,0.3633336685398119,-0.005748205818235874,-9.174529986921698e-05,-0.004875265993177891,0.058049276471138
280,model.layers.7.self_attn.k_proj.weight,512,1024,0.0009765625,0.0011347513645887375,4.066173553466797,-6.659330438196776e-07,0.33232995867729187,0.0018237001495435834,0.19157695770263672,0.23238351941108704,0.02654692903161049,0.6384027004241943,1.3229354619979858,6.882930136953291e-08,11.511932373046875,-0.00010122991807293147,0.0015680009964853525,0.0002899749670177698,0.294489324092865,0.1732850819826126,0.016583671793341637,0.4926445186138153,1.3396981954574585,,,,,,,,,,,,
280,model.layers.7.self_attn.v_proj.weight,512,1024,0.0009765625,0.0008816368645057082,2.06781005859375,-0.0024534319527447224,0.5374789834022522,0.0006132962880656123,0.15274594724178314,0.23899604380130768,0.006159271579235792,0.7263924479484558,1.4288668632507324,9.460051586529516e-08,5.979526996612549,-9.260894876206294e-05,0.001567675732076168,0.000610464543569833,0.19020022451877594,0.21824316680431366,0.008048595860600471,0.6799324750900269,1.4283984899520874,,,,,,,,,,,,
280,model.layers.7.self_attn.o_proj.weight,1024,2048,0.00048828125,0.00026871601585298777,2.388943672180176,-0.0007847726228646934,0.8910835981369019,0.0001204068394144997,0.121103934943676,0.40969935059547424,0.023622792214155197,0.611861526966095,1.4075266122817993,1.6131151880927064e-07,5.852163791656494,-9.865284664556384e-05,0.0031426679342985153,0.00013821451284456998,0.19239360094070435,0.2879367470741272,0.02036862261593342,0.46751654148101807,1.390485167503357,,,,,,,,,,,,
280,model.layers.15.self_attn.q_proj.weight,4096,1024,0.000244140625,0.00016203720588237047,4.094597816467285,0.00035451684379950166,0.5040535926818848,0.0005268260720185935,0.2411329299211502,0.21079814434051514,0.004788531456142664,0.4233563244342804,1.538559913635254,7.843902949389303e-08,10.12811279296875,-6.594158912776038e-05,0.004546838812530041,0.0007143532275222242,0.25378015637397766,0.21757438778877258,0.014492493122816086,0.45397502183914185,1.5040868520736694,8.0,0.07229147106409073,0.0688793733716011,0.8831013441085815,-6.989707799220923e-07,-0.001537706353701651,0.37364450097084045,,0.00013956359180156142,-0.00031231073080562055,0.007342110387980938,0.038642577826976776
280,model.layers.15.self_attn.k_proj.weight,512,1024,0.0009765625,0.0007320379372686148,3.4530398845672607,-1.2359337233647238e-05,0.5190776586532593,0.0002836772764567286,0.2231864184141159,0.2614198923110962,0.005603359546512365,0.5795199871063232,1.4261811971664429,7.339681928897335e-08,8.996794700622559,-9.416123066330329e-05,0.001597789698280394,9.192169818561524e-05,0.28291642665863037,0.21213039755821228,0.007830126211047173,0.47270840406417847,1.4353580474853516,,,,,,,,,,,,
280,model.layers.15.self_attn.v_proj.weight,512,1024,0.0009765625,0.0011448526056483388,2.4656214714050293,-0.001330341910943389,0.48495036363601685,0.0002695962321013212,0.2825237810611725,0.19318976998329163,0.0048544215969741344,0.5413029193878174,1.4483119249343872,1.1274632072399982e-07,6.344752311706543,-7.156107312766835e-05,0.0016393465921282768,0.00011925218132091686,0.2398495078086853,0.22090491652488708,0.0068007567897439,0.5736415386199951,1.4172929525375366,,,,,,,,,,,,
280,model.layers.15.self_attn.o_proj.weight,1024,2048,0.00048828125,0.00047031548456288874,2.2165207862854004,-0.00044939396320842206,0.8671861886978149,5.425950075732544e-05,0.11832982301712036,0.4356805086135864,0.012015792541205883,0.5921529531478882,1.431797981262207,1.3077612948109163e-07,6.598392963409424,-8.355442696483806e-05,0.003302095690742135,8.73648386914283e-05,0.1998787820339203,0.29550275206565857,0.015383067540824413,0.5272584557533264,1.4275903701782227,,,,,,,,,,,,
280,model.layers.19.self_attn.q_proj.weight,4096,1024,0.000244140625,0.00019016332225874066,3.5466578006744385,-0.0007140947855077684,0.36852729320526123,0.00039352121530100703,0.23258021473884583,0.2221451699733734,0.00877835601568222,0.4225368797779083,1.5227317810058594,1.0413462092628833e-07,8.261947631835938,-7.808728696545586e-05,0.004585356917232275,0.0006506874924525619,0.2422661930322647,0.22653943300247192,0.017011065036058426,0.4616765081882477,1.5001283884048462,8.0,0.06662809103727341,0.06862816959619522,0.8696495890617371,-1.2625281442524283e-06,-0.0022020922042429447,0.21072262525558472,,-0.002068283036351204,-0.0009316873620264232,-0.0036358495708554983,0.05466843023896217
280,model.layers.19.self_attn.k_proj.weight,512,1024,0.0009765625,0.0012037366395816207,3.197813034057617,-5.214644716033945e-06,0.37863877415657043,0.0003709878365043551,0.25985386967658997,0.21158435940742493,0.01332657877355814,0.5581411719322205,1.3337534666061401,1.1739964378421064e-07,7.719041347503662,-9.822036372497678e-05,0.0016042398056015372,0.00047298416029661894,0.28451716899871826,0.19781211018562317,0.0215971190482378,0.4519776701927185,1.310498833656311,,,,,,,,,,,,
280,model.layers.19.self_attn.v_proj.weight,512,1024,0.0009765625,0.0008742426289245486,2.460449457168579,-0.0005898872623220086,0.2818908989429474,0.0020853052847087383,0.22500282526016235,0.19785736501216888,0.010226919315755367,0.5926041603088379,1.3909128904342651,2.0747289397604618e-07,5.600370407104492,-6.052524986444041e-05,0.0016610046150162816,0.0007823386695235968,0.22849130630493164,0.241543248295784,0.010700410231947899,0.5767048597335815,1.3857948780059814,,,,,,,,,,,,
280,model.layers.19.self_attn.o_proj.weight,1024,2048,0.00048828125,0.00046206871047616005,1.6576662063598633,-0.00016769877402111888,0.5939748287200928,9.684035467216745e-05,0.0918002799153328,0.4787393808364868,0.008726662024855614,0.6288297772407532,1.4505571126937866,1.8095074949542322e-07,6.355875015258789,-7.736177940387279e-05,0.003316048765555024,0.00013085899990983307,0.19529323279857635,0.29756107926368713,0.013040677644312382,0.5697400569915771,1.4385905265808105,,,,,,,,,,,,
280,model.layers.1.mlp.gate_proj.weight,3584,1024,0.00027901785714285713,0.0002781774091999978,3.030771493911743,0.0004387801745906472,0.27029111981391907,0.0004823611816391349,0.16809116303920746,0.3169751465320587,0.009814094752073288,0.5367287993431091,1.5184688568115234,1.2788451897449704e-07,18.961746215820312,-8.339813211932778e-05,0.00423272792249918,0.00026489506126381457,0.2520008087158203,0.23248735070228577,0.009638051502406597,0.5028675198554993,1.5122073888778687,,,,,,,,,,,,
280,model.layers.1.mlp.up_proj.weight,3584,1024,0.00027901785714285713,0.00020592226064763963,2.6389548778533936,3.504924461594783e-05,0.4621392488479614,0.00010129839938599616,0.14924830198287964,0.35104626417160034,0.010779139585793018,0.5182111263275146,1.506001591682434,3.8643023003714916e-07,15.71626091003418,-0.0001319885195698589,0.004245266318321228,0.00016275122470688075,0.24648813903331757,0.24145080149173737,0.010894597508013248,0.5020966529846191,1.5056476593017578,,,,,,,,,,,,
280,model.layers.1.mlp.down_proj.weight,1024,3584,0.00027901785714285713,0.0003416355175431818,4.759760856628418,2.7752235837397166e-05,0.5462628602981567,0.0010313703678548336,0.12549233436584473,0.3767518401145935,0.011597709730267525,0.6978603005409241,1.4627106189727783,2.175237199253388e-07,24.762338638305664,-0.00013309961650520563,0.004240055102854967,0.00038902784581296146,0.2225453108549118,0.2597961723804474,0.014889860525727272,0.5184668302536011,1.4217151403427124,8.0,0.0651881992816925,0.07032887637615204,0.872600257396698,-1.2709190741588827e-05,-0.00022103526862338185,0.6331701278686523,,-0.0014072731137275696,9.73352071014233e-05,0.0002194485568907112,0.07708592712879181
280,model.layers.12.mlp.gate_proj.weight,3584,1024,0.00027901785714285713,0.000230511199333705,3.3478641510009766,0.0010578137589618564,0.39176657795906067,0.0012793943751603365,0.1845194548368454,0.2567501664161682,0.009348032996058464,0.5706712007522583,1.5178050994873047,4.5818745775250136e-07,8.892624855041504,-9.563703497406095e-05,0.004134420305490494,0.0003594092559069395,0.2547532021999359,0.2195989489555359,0.01014210470020771,0.4956692159175873,1.5117192268371582,,,,,,,,,,,,
280,model.layers.12.mlp.up_proj.weight,3584,1024,0.00027901785714285713,0.0002747005200944841,3.1785714626312256,0.0003182239015586674,0.6478485465049744,0.00039209285750985146,0.2073063999414444,0.2650724947452545,0.009137475863099098,0.504528820514679,1.512349009513855,1.2571739205213817e-07,8.301294326782227,-0.00013055004819761962,0.004147430881857872,0.00027315813349559903,0.2461438626050949,0.23055487871170044,0.00973629392683506,0.5043895244598389,1.5089069604873657,,,,,,,,,,,,
280,model.layers.12.mlp.down_proj.weight,1024,3584,0.00027901785714285713,0.0002978459233418107,6.349905014038086,0.00030456623062491417,0.6966890692710876,8.382392843486741e-05,0.1764058768749237,0.32360345125198364,0.014437359757721424,0.5960728526115417,1.4273232221603394,1.2077731526005664e-07,11.589062690734863,-0.0001349004014628008,0.004178861156105995,0.00013426195073407143,0.22155722975730896,0.26787069439888,0.017784345895051956,0.522428572177887,1.3872610330581665,8.0,0.06628741323947906,0.06727784872055054,0.8961302638053894,1.7415995898772962e-06,-0.0014948532916605473,1.05147123336792,,-0.001720479573123157,-0.00027435095398686826,0.017911527305841446,0.051427945494651794
280,model.layers.22.mlp.gate_proj.weight,3584,1024,0.00027901785714285713,0.0002740120980888605,3.1883866786956787,0.0003589821280911565,0.26960110664367676,0.0006472435197792947,0.18356558680534363,0.25089406967163086,0.006504251156002283,0.5438187122344971,1.5242081880569458,1.136612013397098e-07,6.767484188079834,-6.148951797513291e-05,0.0043978518806397915,0.0006427555927075446,0.22600047290325165,0.23597212135791779,0.010891319252550602,0.500677227973938,1.5032557249069214,,,,,,,,,,,,
280,model.layers.22.mlp.up_proj.weight,3584,1024,0.00027901785714285713,0.0003168632392771542,2.9494411945343018,0.00025451742112636566,0.5807090401649475,0.0007910768035799265,0.1704741269350052,0.2923550009727478,0.011926180683076382,0.58736652135849,1.510414719581604,1.4274117177137668e-07,6.148327350616455,-0.00011503717541927472,0.0044408394023776054,0.0006031211814843118,0.21962879598140717,0.24864867329597473,0.01313965767621994,0.5011975169181824,1.495388388633728,,,,,,,,,,,,
280,model.layers.22.mlp.down_proj.weight,1024,3584,0.00027901785714285713,0.00040271796751767397,2.1504156589508057,0.0002676887670531869,0.6032352447509766,0.0003396949905436486,0.104685939848423,0.403292715549469,0.010403326712548733,0.5461638569831848,1.4536632299423218,1.076903899388526e-07,5.661203384399414,-0.0001259143464267254,0.0044655273668468,0.0002970957139041275,0.21514497697353363,0.2656542956829071,0.010902940295636654,0.5276311039924622,1.4435218572616577,8.0,0.07521390914916992,0.07004833966493607,0.8445277810096741,1.81609793798998e-05,0.01069715153425932,1.0178608894348145,0.0016977397507865896,0.0036010530311614275,0.000520481204148382,0.0015140916220843792,0.12963247299194336
280,model.layers.1.linear_attn.in_proj_qkv.weight,6144,1024,0.00016276041666666666,0.00012060318840667605,2.5789754390716553,-0.000299199455184862,0.23040398955345154,0.0005420607049018145,0.1716705560684204,0.2891412377357483,0.007002425380051136,0.5283402800559998,1.5373146533966064,1.1472327798855986e-07,15.512771606445312,-7.68071913626045e-05,0.005581840872764587,0.0005816980847157538,0.24823477864265442,0.22275307774543762,0.010982268489897251,0.5026792883872986,1.52739417552948,8.0,0.07280314713716507,0.07338674366474152,0.8786333799362183,-3.2983123219310073e-06,0.00017845098045654595,0.05307520180940628,-0.018483015971627957,-0.0009024800965562463,0.0005926789017394185,0.015536531805992126,0.051538653671741486
280,model.layers.1.linear_attn.out_proj.weight,1024,2048,0.00048828125,0.0010735848918557167,1.278211236000061,-5.474546560435556e-05,0.6936258673667908,0.0009524406050331891,0.0720093697309494,0.4914746880531311,0.018423007801175117,0.6767174005508423,1.4305970668792725,1.0997252530842161e-07,12.494196891784668,-7.622029079357162e-05,0.0031807287596166134,0.0003515713906381279,0.22950176894664764,0.24882788956165314,0.018742229789495468,0.5160089731216431,1.3913662433624268,,,,,,,,,,,,
280,model.layers.12.linear_attn.in_proj_qkv.weight,6144,1024,0.00016276041666666666,7.740106229903176e-05,2.9316940307617188,-6.192331784404814e-05,0.3845839202404022,0.0004909358685836196,0.1655319184064865,0.26561325788497925,0.0044622053392231464,0.5698817372322083,1.5493268966674805,6.281204889546643e-08,8.602395057678223,-4.569766315398738e-05,0.005440165754407644,0.0003538450400810689,0.25452855229377747,0.21541862189769745,0.008259284310042858,0.5036721229553223,1.5358054637908936,8.0,0.0817674994468689,0.0694580227136612,0.8761386275291443,8.89478371846053e-07,-6.947549991309643e-06,0.10059530287981033,,0.0028025039937347174,0.00019001119653694332,0.003016977570950985,0.066071055829525
280,model.layers.12.linear_attn.out_proj.weight,1024,2048,0.00048828125,0.0003311180626042187,2.8895015716552734,0.00034369417699053884,0.5760746598243713,7.142066897358745e-05,0.14918002486228943,0.37478435039520264,0.0132742365822196,0.609423041343689,1.4408447742462158,1.1668721100477342e-07,6.572303295135498,-9.978041634894907e-05,0.0030999262817204,0.0001339959417236969,0.222636416554451,0.26686322689056396,0.01800423115491867,0.5286158919334412,1.3866405487060547,,,,,,,,,,,,
280,model.layers.21.linear_attn.in_proj_qkv.weight,6144,1024,0.00016276041666666666,0.00011146250471938401,3.49009370803833,-0.00014873866166453809,0.14973385632038116,0.0024011011701077223,0.17770002782344818,0.2555735409259796,0.013048120774328709,0.5264756083488464,1.5355371236801147,1.0202312239471212e-07,8.062057495117188,-4.394937786855735e-05,0.005649583879858255,0.0006897733546793461,0.2163139432668686,0.2516258656978607,0.011913417838513851,0.4930925667285919,1.5243282318115234,8.0,0.06728365272283554,0.06979372352361679,0.8751557469367981,-1.8211163421710808e-07,-1.0469653716427274e-05,0.021004479378461838,,-0.0007600864628329873,5.8524779888102785e-05,0.005571051500737667,0.0461726076900959
280,model.layers.21.linear_attn.out_proj.weight,1024,2048,0.00048828125,0.00036022390122525394,2.7934303283691406,-0.0007734635728411376,0.3216295838356018,0.00011752990394597873,0.13339745998382568,0.37588801980018616,0.007738327607512474,0.55826735496521,1.4652403593063354,2.444603808271495e-07,4.018335819244385,-9.678710193838924e-05,0.003336120629683137,0.00014449286391027272,0.20880547165870667,0.27990955114364624,0.008848127909004688,0.5420256853103638,1.453795075416565,,,,,,,,,,,,
300,model.layers.7.self_attn.q_proj.weight,4096,1024,0.000244140625,0.0001059017376974225,2.043247938156128,-0.0008183950558304787,0.4678618311882019,0.0008990778587758541,0.172279492020607,0.27029499411582947,0.007080045063048601,0.5189695358276367,1.5392404794692993,6.567869093032641e-08,9.231346130371094,-8.899712702259421e-05,0.004549192264676094,0.0008475520298816264,0.26741111278533936,0.2000952661037445,0.010889703407883644,0.4915536642074585,1.5187498331069946,8.0,0.07015381753444672,0.07361480593681335,0.8799118995666504,-4.7825201363593806e-06,0.0005967190954834223,0.22074370086193085,-0.008014692629343291,0.0006141283083707094,0.0002143691963283345,0.006541944574564695,0.0661000981926918
300,model.layers.7.self_attn.k_proj.weight,512,1024,0.0009765625,0.0011855324264615774,2.8165204524993896,3.155730155413039e-06,0.3308534026145935,0.002340220380574465,0.1856728196144104,0.22833840548992157,0.019264250993728638,0.6735744476318359,1.3281512260437012,9.394408806429055e-08,9.109317779541016,-0.0001094416220439598,0.0016166133573278785,0.0004856675222981721,0.2820386290550232,0.18700730800628662,0.013744581490755081,0.5112544298171997,1.3528988361358643,,,,,,,,,,,,
300,model.layers.7.self_attn.v_proj.weight,512,1024,0.0009765625,0.0008075069054029882,1.764487862586975,-0.0005957390530966222,0.618730902671814,0.00024749108706600964,0.1341027021408081,0.2586762011051178,0.0038111377507448196,0.7609579563140869,1.455976128578186,1.1829437340793447e-07,6.426415920257568,-9.561654587741941e-05,0.0016350816003978252,0.0002476563095115125,0.18947052955627441,0.22654782235622406,0.0067848931066691875,0.6803871393203735,1.4317468404769897,,,,,,,,,,,,
300,model.layers.7.self_attn.o_proj.weight,1024,2048,0.00048828125,0.00024938504793681204,2.627953052520752,-0.00022633071057498455,0.8589926362037659,9.52534464886412e-05,0.14080819487571716,0.36441272497177124,0.016668088734149933,0.5417504906654358,1.4191789627075195,1.5055262281293835e-07,6.273019790649414,-9.192067955154926e-05,0.0032237437553703785,0.00016373579273931682,0.1962708681821823,0.2773231863975525,0.024294888600707054,0.4496319591999054,1.3859602212905884,,,,,,,,,,,,
300,model.layers.15.self_attn.q_proj.weight,4096,1024,0.000244140625,0.00017921419930644333,4.019824028015137,0.0004986616550013423,0.5693027973175049,0.0005651501123793423,0.26083165407180786,0.19294030964374542,0.005189591087400913,0.38374197483062744,1.5374890565872192,3.59313361286695e-07,9.398856163024902,-7.151816680561751e-05,0.004626367706805468,0.0005651479004882276,0.25449588894844055,0.21737529337406158,0.014708097092807293,0.4499201476573944,1.5009163618087769,8.0,0.07081504911184311,0.06871522963047028,0.8688684105873108,-1.3342016245587729e-05,-0.00440277298912406,0.525740385055542,,-0.0008523375727236271,-0.0012391540221869946,0.012666044756770134,0.06786715984344482
300,model.layers.15.self_attn.k_proj.weight,512,1024,0.0009765625,0.000824475719127804,5.920956611633301,-1.3027123486608616e-06,0.5857549905776978,0.00019716603856068105,0.22344140708446503,0.27496519684791565,0.005991053301841021,0.5484886169433594,1.4365452527999878,1.0122238336407463e-07,10.465941429138184,-9.388491889694706e-05,0.0016177378129214048,5.4777643526904285e-05,0.28037524223327637,0.21480731666088104,0.008490018546581268,0.46959179639816284,1.4256519079208374,,,,,,,,,,,,
300,model.layers.15.self_attn.v_proj.weight,512,1024,0.0009765625,0.0010756575502455235,2.196833372116089,0.0008740734774619341,0.4744056463241577,5.154927202966064e-05,0.256158709526062,0.21729429066181183,0.0043194107711315155,0.5796977877616882,1.4498002529144287,1.314969324539561e-07,6.998621940612793,-7.143734546843916e-05,0.0016089505515992641,0.00016325217438861728,0.22733497619628906,0.23355655372142792,0.006868158001452684,0.5960986614227295,1.427406907081604,,,,,,,,,,,,
300,model.layers.15.self_attn.o_proj.weight,1024,2048,0.00048828125,0.0004571011522784829,2.3509955406188965,0.00031576742185279727,0.7887954115867615,5.287187741487287e-05,0.12296640127897263,0.40197399258613586,0.012622561305761337,0.5532164573669434,1.438104510307312,1.4563501338216156e-07,7.545527935028076,-8.685631473781541e-05,0.0032612518407404423,0.00011287735105725005,0.20309258997440338,0.28770411014556885,0.018002774566411972,0.5120011568069458,1.4193311929702759,,,,,,,,,,,,
300,model.layers.19.self_attn.q_proj.weight,4096,1024,0.000244140625,0.00016921819769777358,3.7561607360839844,0.00028670791652984917,0.31469786167144775,0.00045751273864880204,0.21987776458263397,0.23286589980125427,0.007181375753134489,0.4381140172481537,1.5306192636489868,8.726647848789071e-08,9.155158996582031,-7.766320049995556e-05,0.00460310373455286,0.0005382553208619356,0.24193941056728363,0.22814221680164337,0.019163163378834724,0.45660915970802307,1.491836428642273,8.0,0.0610601045191288,0.06424203515052795,0.8911316394805908,-3.7455699839483714e-06,-0.0023473617620766163,0.15491552650928497,,-0.0012437639525160193,-0.0012868591584265232,0.00041007823892869055,0.05934349074959755
300,model.layers.19.self_attn.k_proj.weight,512,1024,0.0009765625,0.0010028881952166557,3.3379769325256348,-6.2248836911749095e-06,0.3394888937473297,0.00013844067871104926,0.26316264271736145,0.22297044098377228,0.011268381960690022,0.5474185943603516,1.3518670797348022,1.1866283244899023e-07,10.854195594787598,-9.937830327544361e-05,0.0016045273514464498,0.00013998350186739117,0.2913765609264374,0.19866415858268738,0.01751554198563099,0.45013734698295593,1.332823634147644,,,,,,,,,,,,
300,model.layers.19.self_attn.v_proj.weight,512,1024,0.0009765625,0.0007747567724436522,1.970123052597046,-0.0013789903605356812,0.2635309398174286,0.0008305060327984393,0.20446202158927917,0.19372987747192383,0.00666054105386138,0.6077159643173218,1.4176946878433228,9.606273465578852e-08,5.219136714935303,-5.421535388450138e-05,0.001651179394684732,0.00010066456161439419,0.2231532484292984,0.245112344622612,0.007854273542761803,0.5976576209068298,1.4037342071533203,,,,,,,,,,,,
300,model.layers.19.self_attn.o_proj.weight,1024,2048,0.00048828125,0.000467624980956316,1.6623432636260986,-0.0003882460296154022,0.5556356906890869,0.00014003807154949754,0.08577835559844971,0.49141865968704224,0.009848490357398987,0.651451051235199,1.4592982530593872,1.773862408072091e-07,8.33017349243164,-7.381031900877133e-05,0.003342553973197937,0.0001382209302391857,0.19131097197532654,0.30216577649116516,0.014500211924314499,0.5836312770843506,1.4380086660385132,,,,,,,,,,,,
300,model.layers.1.mlp.gate_proj.weight,3584,1024,0.00027901785714285713,0.000636833778116852,3.223864793777466,0.0013649020111188293,0.28686895966529846,0.0004842635535169393,0.17465606331825256,0.3078834116458893,0.00905677117407322,0.5374996662139893,1.516640067100525,2.0772273501279415e-07,20.08954429626465,-7.407610246445984e-05,0.0042726630344986916,0.0001958763605216518,0.2543768286705017,0.22927533090114594,0.009705322794616222,0.5013795495033264,1.5093520879745483,,,,,,,,,,,,
300,model.layers.1.mlp.up_proj.weight,3584,1024,0.00027901785714285713,0.00040543850627727807,2.8325207233428955,0.0015983671182766557,0.5069413185119629,0.00011864346743095666,0.15776675939559937,0.3379577398300171,0.009661988355219364,0.5126055479049683,1.516312599182129,2.176790729890854e-07,18.522579193115234,-0.0001313402026426047,0.004224799107760191,0.0001684820163063705,0.24765285849571228,0.23905590176582336,0.010251976549625397,0.5056026577949524,1.5046948194503784,,,,,,,,,,,,
300,model.layers.1.mlp.down_proj.weight,1024,3584,0.00027901785714285713,0.00044049861025996506,6.375488758087158,0.001493586809374392,0.5404909253120422,0.0003722075489349663,0.1565028578042984,0.3386877775192261,0.010993671603500843,0.6312959790229797,1.4567049741744995,2.277498651892529e-07,30.7260684967041,-0.0001265735918423161,0.004236307926476002,0.0002692453854251653,0.22516310214996338,0.25892797112464905,0.015641188248991966,0.5119317173957825,1.398436427116394,8.0,0.06813501566648483,0.06882256269454956,0.8912794589996338,3.612966975197196e-05,-0.00017648909124545753,0.6594588756561279,,4.3686632125172764e-05,-1.421490014763549e-05,0.007199945859611034,0.05348768085241318
300,model.layers.12.mlp.gate_proj.weight,3584,1024,0.00027901785714285713,0.0001875793532235548,3.2605133056640625,-0.0005535592790693045,0.37283268570899963,0.0007028526742942631,0.182835653424263,0.26098451018333435,0.006644811946898699,0.5599818825721741,1.5256842374801636,1.483386853351476e-07,10.13326644897461,-8.08358599897474e-05,0.004276689607650042,0.0004047334077768028,0.25400224328041077,0.2201601266860962,0.010059136897325516,0.4965206980705261,1.5132359266281128,,,,,,,,,,,,
300,model.layers.12.mlp.up_proj.weight,3584,1024,0.00027901785714285713,0.00028634548652917147,3.193791389465332,-0.00021012051729485393,0.6454509496688843,0.0003217137127649039,0.1905311644077301,0.29137852787971497,0.008209228515625,0.517048180103302,1.516684651374817,2.75943108363208e-07,10.081887245178223,-0.00013174719060771167,0.00425134738907218,0.00035758447484113276,0.25209784507751465,0.2272416651248932,0.010130247101187706,0.49466878175735474,1.5070981979370117,,,,,,,,,,,,
300,model.layers.12.mlp.down_proj.weight,1024,3584,0.00027901785714285713,0.00028101628413423896,7.825536727905273,-0.00020903273252770305,0.6727219223976135,0.0001735961704980582,0.18782678246498108,0.3072932958602905,0.018158627673983574,0.5596656203269958,1.4111852645874023,1.401074740670083e-07,13.36791706085205,-0.00014346122043207288,0.004268798511475325,0.00012415093078743666,0.2260970175266266,0.2608674168586731,0.01868535950779915,0.5092150568962097,1.386534333229065,8.0,0.07257163524627686,0.0677771121263504,0.9077507853507996,5.524210791918449e-06,0.00019762135343626142,0.9370166063308716,0.027953511580924205,-0.0026985090225934982,8.636248094262555e-05,-0.008149625733494759,0.026726525276899338
300,model.layers.22.mlp.gate_proj.weight,3584,1024,0.00027901785714285713,0.0002519168483559042,3.533550500869751,0.0015353402122855186,0.22762317955493927,0.0008209996740333736,0.17590218782424927,0.2621005177497864,0.0075627476908266544,0.5613349676132202,1.523859977722168,1.1428731738760689e-07,7.290971279144287,-5.9089186834171414e-05,0.004281395580619574,0.0006150423432700336,0.22753168642520905,0.23262745141983032,0.010676438920199871,0.49395811557769775,1.504441499710083,,,,,,,,,,,,
300,model.layers.22.mlp.up_proj.weight,3584,1024,0.00027901785714285713,0.0002878610685002059,3.4930975437164307,0.0010341897141188383,0.5318065285682678,0.0011023677652701735,0.17521028220653534,0.28618767857551575,0.01506495475769043,0.5640636086463928,1.5074517726898193,1.5922306317861512e-07,7.037504196166992,-0.00011072657798649743,0.004312627483159304,0.00037686745054088533,0.2162846475839615,0.25279825925827026,0.013405143283307552,0.5070839524269104,1.4970085620880127,,,,,,,,,,,,
300,model.layers.22.mlp.down_proj.weight,1024,3584,0.00027901785714285713,0.00036701522185467184,2.1983864307403564,0.001071535050868988,0.5636200308799744,0.00024268805282190442,0.10130981355905533,0.41825297474861145,0.007467805407941341,0.5953002572059631,1.4631173610687256,9.885166463163841e-08,6.641129016876221,-0.00012659623462241143,0.004311929922550917,0.0003658546775113791,0.20842379331588745,0.2716349959373474,0.01341058500111103,0.5390366315841675,1.4301177263259888,8.0,0.06673524528741837,0.06618566811084747,0.8523913621902466,9.50082358031068e-06,0.007122057490050793,0.892868161201477,0.001333999843947191,0.007616332266479731,0.0004736807895824313,0.009341668337583542,0.11601012945175171
300,model.layers.1.linear_attn.in_proj_qkv.weight,6144,1024,0.00016276041666666666,9.781830885913223e-05,2.422424793243408,-0.00030446622986346483,0.2706797420978546,0.00042833329644054174,0.1699112206697464,0.3021225929260254,0.005569178611040115,0.5396915078163147,1.5382314920425415,9.841530612675342e-08,15.723445892333984,-6.454347021644935e-05,0.005555903073400259,0.00026354542933404446,0.2544548511505127,0.22170713543891907,0.009593945927917957,0.49942514300346375,1.5291341543197632,8.0,0.06450392305850983,0.06697545200586319,0.8820362091064453,-8.60223917698022e-06,0.0001960160443559289,0.0837661623954773,-0.04388538298099794,-0.0016503754304721951,1.4864825971017126e-05,-0.004086368717253208,0.04189741238951683
300,model.layers.1.linear_attn.out_proj.weight,1024,2048,0.00048828125,0.0006526046199724078,1.3746185302734375,0.00010499299241928384,0.6641191244125366,0.0003453810641076416,0.0979953482747078,0.4353245794773102,0.010584989562630653,0.6165269017219543,1.435620903968811,3.918959521342913e-07,14.896357536315918,-8.608955977251753e-05,0.0032299982849508524,0.0004496221081353724,0.23378175497055054,0.24569883942604065,0.019059544429183006,0.5081878304481506,1.3876526355743408,,,,,,,,,,,,
300,model.layers.12.linear_attn.in_proj_qkv.weight,6144,1024,0.00016276041666666666,8.445817366009578e-05,2.6719679832458496,-8.775766764301807e-05,0.4073755741119385,0.0006969195674173534,0.1573978066444397,0.2737886607646942,0.00457829050719738,0.5846216678619385,1.5510742664337158,1.2882684075066209e-07,11.032376289367676,-5.682150003849529e-05,0.005524542182683945,0.00043254479533061385,0.2523077726364136,0.21689379215240479,0.008997878059744835,0.5038386583328247,1.5322431325912476,8.0,0.0810701847076416,0.07356579601764679,0.889478325843811,2.366247144891531e-06,0.0003020379808731377,0.09633281826972961,0.00783427017374151,0.00017580550047568977,0.0004618481616489589,-0.0001014662702800706,0.06316819041967392
300,model.layers.12.linear_attn.out_proj.weight,1024,2048,0.00048828125,0.0003424420428927988,3.1571860313415527,-0.0001175302459159866,0.5470237731933594,9.155063889920712e-05,0.16438022255897522,0.34573620557785034,0.01608848385512829,0.5688466429710388,1.4352587461471558,1.455517661952399e-07,7.799330234527588,-0.00010004860087065026,0.003207425819709897,0.00010705456224968657,0.2253957986831665,0.2624672055244446,0.018187150359153748,0.5163122415542603,1.4015024900436401,,,,,,,,,,,,
300,model.layers.21.linear_attn.in_proj_qkv.weight,6144,1024,0.00016276041666666666,9.245394903700799e-05,3.294978618621826,-2.996202056237962e-06,0.1547303944826126,0.0005681110196746886,0.18064409494400024,0.2603878974914551,0.007150596939027309,0.5386295318603516,1.5417790412902832,5.071763666819606e-07,9.294432640075684,-4.084156171302311e-05,0.005674538668245077,0.0005789389251731336,0.2214474081993103,0.24720478057861328,0.011506565846502781,0.4911847710609436,1.5232727527618408,8.0,0.05958355963230133,0.06788790971040726,0.8874011635780334,-1.3274761556658632e-07,3.436342376517132e-05,0.019633810967206955,-0.0038630497494586452,0.0011183242313563824,0.0005213817348703742,-0.0015810714103281498,0.046262770891189575
300,model.layers.21.linear_attn.out_proj.weight,1024,2048,0.00048828125,0.00036249097320251167,3.31264328956604,7.0838000283401925e-06,0.3291509449481964,0.0001289976789848879,0.1375161111354828,0.3635469377040863,0.007036946248263121,0.5450124740600586,1.4638601541519165,1.1125144538937093e-07,4.863263130187988,-9.409389167558402e-05,0.0032725417986512184,0.00016017751477193087,0.2072182148694992,0.27916473150253296,0.008546839468181133,0.5433781147003174,1.4742348194122314,,,,,,,,,,,,
