step,matrix,m,n,r_null,G_r_spectrum,G_stable_rank_G,G_alignment_GW,G_G_fro,G_energy_top,G_energy_mid,G_energy_tail,G_energy_top_rows,G_energy_tail_rows,G_pangle_Gtop_Wtop_mean,H_r_spectrum,H_stable_rank_G,H_alignment_GW,H_G_fro,H_energy_top,H_energy_mid,H_energy_tail,H_energy_top_rows,H_energy_tail_rows,H_pangle_Gtop_Wtop_mean,n_microbatch,snr_diag_median,snr_offdiag_median,spearman_absC_snr,sig_energy_diag,sig_energy_total,noise_energy,R_sigma_cross,snr_cross_diag_median,snr_cross_offdiag_median,spearman_absC_snr_cross,spearman_absC_split
20,model.layers.7.self_attn.q_proj.weight,4096,1024,0.000244140625,0.00012344503193162382,2.6158173084259033,0.0009346363367512822,0.9192570447921753,0.0007501351647078991,0.17467433214187622,0.26784011721611023,0.007377014495432377,0.5471301674842834,1.5361181497573853,1.000293493270874,27.31332015991211,-0.02155139110982418,0.007927698083221912,0.08004645258188248,0.527977466583252,0.39197614789009094,0.08004645258188248,0.39197614789009094,0.9468908309936523,8.0,0.10029491782188416,0.09459465742111206,0.8869069218635559,2.4909360945457593e-05,0.031025554984807968,0.6513586044311523,0.0008028659264162964,0.009624684229493141,0.012718599289655685,0.02482830546796322,0.09456600993871689
20,model.layers.7.self_attn.k_proj.weight,512,1024,0.0009765625,0.0013258042745292187,3.5322060585021973,5.278722255752655e-06,0.6734209060668945,0.002666474087163806,0.16712209582328796,0.25143977999687195,0.024035653099417686,0.6887509822845459,1.3269456624984741,1.0001379251480103,14.708898544311523,-0.11306653171777725,0.0027677298057824373,0.10592915862798691,0.5309566259384155,0.36311426758766174,0.10592915862798691,0.36311426758766174,0.9275607466697693,,,,,,,,,,,,
20,model.layers.7.self_attn.v_proj.weight,512,1024,0.0009765625,0.0008893318590708077,2.234005928039551,0.0006687708082608879,1.161015272140503,0.0002911771589424461,0.14505788683891296,0.24995985627174377,0.003567360807210207,0.709629237651825,1.4556472301483154,1.0001410245895386,43.90015411376953,-0.05505494028329849,0.0030171715188771486,0.04086974263191223,0.4102315902709961,0.5488986968994141,0.04086974263191223,0.5488986968994141,0.9538789987564087,,,,,,,,,,,,
20,model.layers.7.self_attn.o_proj.weight,1024,2048,0.00048828125,0.00024658223264850676,1.9458760023117065,0.00020863582903984934,1.9970163106918335,2.243581366201397e-05,0.14203715324401855,0.377727210521698,0.009102188050746918,0.5647346377372742,1.444352149963379,1.0003217458724976,46.803199768066406,-0.028468500822782516,0.0059920912608504295,0.0059152995236217976,0.35788458585739136,0.6362001299858093,0.0059152995236217976,0.6362001299858093,1.5705925226211548,,,,,,,,,,,,
20,model.layers.15.self_attn.q_proj.weight,4096,1024,0.000244140625,0.00014006976562086493,3.2180678844451904,0.00046499239397235215,0.8318116664886475,0.00033821328543126583,0.2115967869758606,0.24462105333805084,0.004375796299427748,0.44546186923980713,1.5445442199707031,1.000314712524414,40.807979583740234,-0.08416664600372314,0.008119143545627594,0.0540233850479126,0.4741811454296112,0.47179552912712097,0.0540233813226223,0.47179552912712097,1.1262563467025757,8.0,0.08139921724796295,0.07509765774011612,0.8844427466392517,-3.3550732041476294e-06,0.01243535801768303,0.8178293704986572,-0.00026980109453839037,0.003634660504758358,0.002739066258072853,0.008046988397836685,0.07076504826545715
20,model.layers.15.self_attn.k_proj.weight,512,1024,0.0009765625,0.0009707180433906615,5.122967720031738,-3.507601832097862e-06,0.7446506023406982,0.0001574473426444456,0.24684534966945648,0.24398981034755707,0.0036665175575762987,0.5354864597320557,1.4694498777389526,1.0001479387283325,38.67544174194336,0.023193389177322388,0.0029001187067478895,0.01584014669060707,0.558067262172699,0.42609256505966187,0.01584014669060707,0.42609256505966187,1.2626713514328003,,,,,,,,,,,,
20,model.layers.15.self_attn.v_proj.weight,512,1024,0.0009765625,0.0008662844193167984,1.69693922996521,4.334272307460196e-05,0.7487499117851257,0.00019544798124115914,0.18742389976978302,0.26133134961128235,0.0032678425777703524,0.6542291641235352,1.4495264291763306,1.0001156330108643,4.019996643066406,0.040505364537239075,0.003200202714651823,0.25596070289611816,0.3385125398635864,0.4055267572402954,0.25596070289611816,0.4055267572402954,1.2550512552261353,,,,,,,,,,,,
20,model.layers.15.self_attn.o_proj.weight,1024,2048,0.00048828125,0.00047900425852276385,1.6077159643173218,1.3805707567371428e-05,1.492042064666748,2.22176549868891e-05,0.07461867481470108,0.509585976600647,0.010863574221730232,0.6357109546661377,1.4462618827819824,1.0003257989883423,34.0214958190918,-0.004962855484336615,0.006062732078135014,0.008941019885241985,0.3559969961643219,0.6350619792938232,0.00894102081656456,0.6350619792938232,1.5703569650650024,,,,,,,,,,,,
20,model.layers.19.self_attn.q_proj.weight,4096,1024,0.000244140625,0.00016252647037617862,2.6569557189941406,0.00043607442057691514,0.5235809087753296,0.00042421239777468145,0.1932789534330368,0.2504581809043884,0.006721435580402613,0.42567989230155945,1.5323419570922852,1.000318169593811,63.64640808105469,-0.05013343691825867,0.008348359726369381,0.010545836761593819,0.4886893630027771,0.500764787197113,0.010545836761593819,0.5007646679878235,1.5660699605941772,8.0,0.07895868271589279,0.07506566494703293,0.862043023109436,-3.746855782083003e-06,-0.000818768166936934,0.3665614724159241,,-0.0019583485554903746,0.0012738170335069299,-0.0020350271370261908,0.10032765567302704
20,model.layers.19.self_attn.k_proj.weight,512,1024,0.0009765625,0.0011816566111519933,3.2852790355682373,-4.445811100595165e-06,0.4928557276725769,0.0005069096223451197,0.25496748089790344,0.2239629030227661,0.009815732017159462,0.5560529232025146,1.367811918258667,1.0001437664031982,11.44708251953125,0.029815901070833206,0.0027826009318232536,0.09456968307495117,0.47968733310699463,0.4257430136203766,0.09456969052553177,0.4257430136203766,1.242975115776062,,,,,,,,,,,,
20,model.layers.19.self_attn.v_proj.weight,512,1024,0.0009765625,0.0008082441636361182,1.3437520265579224,0.0008187563507817686,0.5192694067955017,0.0019243044080212712,0.1476573497056961,0.24399693310260773,0.0063717784360051155,0.6358259916305542,1.450418472290039,1.0001438856124878,35.67369079589844,0.0564267560839653,0.0032720614690333605,0.0319589301943779,0.3568466603755951,0.6111944913864136,0.0319589301943779,0.6111944913864136,1.255154013633728,,,,,,,,,,,,
20,model.layers.19.self_attn.o_proj.weight,1024,2048,0.00048828125,0.0006813229410909116,1.3237191438674927,0.0002376391930738464,1.0451847314834595,5.5880638683447614e-05,0.05868128314614296,0.5311888456344604,0.009792439639568329,0.6345880627632141,1.471999168395996,1.0003162622451782,44.18143844604492,0.009856045246124268,0.006341344676911831,0.03436606377363205,0.3125702738761902,0.6530636548995972,0.03436606749892235,0.6530636548995972,1.4093974828720093,,,,,,,,,,,,
20,model.layers.1.mlp.gate_proj.weight,3584,1024,0.00027901785714285713,0.0005611756932921708,3.0393874645233154,0.00014311693666968495,1.0124329328536987,0.00044336257269605994,0.1825820952653885,0.30504852533340454,0.012123174034059048,0.5312931537628174,1.5127969980239868,1.0003206729888916,55.51112747192383,0.0013888824032619596,0.008433163166046143,0.009903195314109325,0.5044056177139282,0.485691100358963,0.0099031962454319,0.4856911599636078,1.5661306381225586,,,,,,,,,,,,
20,model.layers.1.mlp.up_proj.weight,3584,1024,0.00027901785714285713,0.00028944096993654966,2.667010545730591,0.00026047375285997987,1.685371994972229,0.00013498841144610196,0.16561296582221985,0.32851049304008484,0.010005607269704342,0.5063165426254272,1.5122183561325073,1.000325083732605,60.90373992919922,0.0005374023457989097,0.008432730101048946,0.00823712907731533,0.5286199450492859,0.4631430208683014,0.00823712907731533,0.4631429612636566,1.563277244567871,,,,,,,,,,,,
20,model.layers.1.mlp.down_proj.weight,1024,3584,0.00027901785714285713,0.00030652328860014677,4.793116569519043,0.00025124213425442576,1.714730978012085,0.0006876910920254886,0.18048185110092163,0.29765594005584717,0.010969897732138634,0.5663713812828064,1.4526394605636597,1.000304937362671,55.64872741699219,-0.01318279467523098,0.00851161777973175,0.012382728978991508,0.44115039706230164,0.5464668869972229,0.01238272711634636,0.5464668869972229,1.5693987607955933,8.0,0.10006090253591537,0.10749625414609909,0.8902546763420105,0.00038444375968538225,0.3291434049606323,4.454769134521484,0.0011680129508636645,0.01610826887190342,0.022329825907945633,0.0333205908536911,0.08089333772659302
20,model.layers.12.mlp.gate_proj.weight,3584,1024,0.00027901785714285713,0.0002228318335255608,2.725022554397583,-6.659849896095693e-05,0.9145927429199219,0.0007210650946944952,0.18241924047470093,0.2561877369880676,0.007400332018733025,0.5647861361503601,1.5201648473739624,1.0003166198730469,75.134033203125,-0.014749226160347462,0.008863101713359356,0.0213799849152565,0.5066169500350952,0.4720030128955841,0.0213799849152565,0.4720030128955841,1.3852123022079468,,,,,,,,,,,,
20,model.layers.12.mlp.up_proj.weight,3584,1024,0.00027901785714285713,0.00027601211331784725,2.519768714904785,7.625502621522173e-05,1.4488418102264404,0.0003174485173076391,0.20892445743083954,0.2695459723472595,0.008490106090903282,0.5269571542739868,1.517189621925354,1.0003145933151245,61.31805419921875,-0.021017955616116524,0.008882679045200348,0.04050957411527634,0.5228847861289978,0.43660566210746765,0.04050957411527634,0.43660566210746765,1.2549413442611694,,,,,,,,,,,,
20,model.layers.12.mlp.down_proj.weight,1024,3584,0.00027901785714285713,0.00025911774719133973,4.169997692108154,7.642561104148626e-05,1.5183768272399902,0.00015930432709865272,0.1859300583600998,0.3045101761817932,0.021190021187067032,0.5718876123428345,1.413905143737793,1.000301718711853,47.3211669921875,-0.00047103737597353756,0.009140140376985073,0.018340492621064186,0.5100792050361633,0.47158029675483704,0.018340492621064186,0.47158026695251465,1.404096245765686,8.0,0.09364751726388931,0.09577494114637375,0.9031331539154053,0.00021112800459377468,0.20391762256622314,3.390927314758301,0.001035359288406817,0.017762450501322746,0.014174477197229862,0.020264804363250732,0.06751475483179092
20,model.layers.22.mlp.gate_proj.weight,3584,1024,0.00027901785714285713,0.00021327783179003745,2.238619089126587,-0.0002950128691736609,0.3815484344959259,0.0007458125473931432,0.16638460755348206,0.2700335681438446,0.007518828380852938,0.5775907039642334,1.521966576576233,1.000311255455017,33.000606536865234,-0.033703215420246124,0.008179630152881145,0.059653446078300476,0.4755401015281677,0.4648064970970154,0.059653446078300476,0.4648064970970154,1.0972703695297241,,,,,,,,,,,,
20,model.layers.22.mlp.up_proj.weight,3584,1024,0.00027901785714285713,0.0002505819429643452,2.3246960639953613,1.364478885079734e-05,0.9033886194229126,0.000870883057359606,0.16415446996688843,0.3049846291542053,0.012470163404941559,0.5731261968612671,1.5105255842208862,1.0003209114074707,50.150108337402344,0.05044468119740486,0.009325220249593258,0.03127039223909378,0.45607566833496094,0.5126540064811707,0.03127039223909378,0.5126540064811707,1.2801345586776733,,,,,,,,,,,,
20,model.layers.22.mlp.down_proj.weight,1024,3584,0.00027901785714285713,0.00045124583994038403,1.859556794166565,1.2286453966225963e-05,1.0299596786499023,0.00016622529074084014,0.08592763543128967,0.4480372965335846,0.005336428992450237,0.6025007963180542,1.4842568635940552,1.0003106594085693,47.392940521240234,0.03688427433371544,0.009749879129230976,0.023814452812075615,0.37722453474998474,0.5989609956741333,0.023814456537365913,0.5989609956741333,1.4056199789047241,8.0,0.09370096772909164,0.10301949828863144,0.8526986241340637,0.0002921913983300328,0.17149005830287933,1.6819636821746826,0.0017038387019145758,0.012780452147126198,0.01977480761706829,0.05082349851727486,0.2021721452474594
20,model.layers.1.linear_attn.in_proj_qkv.weight,6144,1024,0.00016276041666666666,0.00018066503980662674,2.3857524394989014,-0.0002538220724090934,0.9005172848701477,0.0004275266546756029,0.17723596096038818,0.2711007297039032,0.006327958311885595,0.5204058885574341,1.535137414932251,1.0003045797348022,42.24861145019531,-0.061117857694625854,0.010477574542164803,0.03460722789168358,0.5157442688941956,0.44964849948883057,0.03460722416639328,0.44964849948883057,1.3934262990951538,8.0,0.10631261020898819,0.10756000876426697,0.8701170682907104,3.856733383145183e-05,0.03742644190788269,0.5460646152496338,0.001030483579667477,0.02051064930856228,0.02134411595761776,0.033279336988925934,0.09309377521276474
20,model.layers.1.linear_attn.out_proj.weight,1024,2048,0.00048828125,0.0007945218239910901,1.4130605459213257,-0.00018380927213001996,1.8406202793121338,0.00045903061982244253,0.12482296675443649,0.36793458461761475,0.013720314018428326,0.523486316204071,1.4399006366729736,1.0002988576889038,30.653461456298828,-0.08863742649555206,0.0059084524400532246,0.07582590728998184,0.49083641171455383,0.4333377480506897,0.07582591474056244,0.4333377182483673,1.083277940750122,,,,,,,,,,,,
20,model.layers.12.linear_attn.in_proj_qkv.weight,6144,1024,0.00016276041666666666,0.00010096441837958992,1.9861313104629517,-1.1406832527427468e-05,0.8827517032623291,0.0004008208343293518,0.14655214548110962,0.2804281413555145,0.0029610025230795145,0.6301501393318176,1.5497373342514038,1.0003057718276978,12.467227935791016,0.0004483543161768466,0.010507439263164997,0.10174930840730667,0.46591711044311523,0.4323336184024811,0.10174930840730667,0.43233364820480347,1.2542669773101807,8.0,0.09392034262418747,0.09738890081644058,0.8794021010398865,3.728072624653578e-05,0.02645878866314888,0.36854347586631775,0.0014090110745870771,0.012062368914484978,0.01592535339295864,0.0196246150881052,0.11792397499084473
20,model.layers.12.linear_attn.out_proj.weight,1024,2048,0.00048828125,0.0002926332235801965,2.250638484954834,-0.0009115945431403816,1.2313896417617798,7.103086682036519e-05,0.1678437888622284,0.33502379059791565,0.019926464185118675,0.5318207144737244,1.4230064153671265,1.0002970695495605,37.46222686767578,0.058261483907699585,0.006329230032861233,0.034508656710386276,0.5166342854499817,0.44885700941085815,0.034508656710386276,0.44885700941085815,1.408629298210144,,,,,,,,,,,,
20,model.layers.21.linear_attn.in_proj_qkv.weight,6144,1024,0.00016276041666666666,0.00014828461280558258,2.091416835784912,-0.0005032204790040851,0.4071628153324127,0.0005879601230844855,0.24101276695728302,0.19303105771541595,0.005891195964068174,0.452400267124176,1.5359023809432983,1.0002976655960083,26.3314151763916,-0.09591028839349747,0.012020817026495934,0.06418608129024506,0.530121922492981,0.4056920111179352,0.06418608874082565,0.4056920111179352,1.1033438444137573,8.0,0.17618323862552643,0.14635378122329712,0.8620968461036682,1.2746372703986708e-05,0.014284882694482803,0.08733122050762177,0.0008922980311843717,0.06441402435302734,0.05008367449045181,0.11131912469863892,0.1615878790616989
20,model.layers.21.linear_attn.out_proj.weight,1024,2048,0.00048828125,0.00032850122079253197,1.6636537313461304,-0.0008413768373429775,0.8344817757606506,5.242089901003055e-05,0.14081567525863647,0.3670763671398163,0.0061998870223760605,0.5556532740592957,1.4795502424240112,1.000328540802002,49.8813591003418,-0.014950110577046871,0.007961180061101913,0.009647530503571033,0.43309590220451355,0.5572565793991089,0.009647530503571033,0.5572565793991089,1.5705758333206177,,,,,,,,,,,,
40,model.layers.7.self_attn.q_proj.weight,4096,1024,0.000244140625,0.0001281270815525204,2.4853196144104004,4.0918075683293864e-05,1.2843208312988281,0.001191099756397307,0.18644580245018005,0.25658082962036133,0.011223320849239826,0.5256520509719849,1.5295847654342651,1.000294804573059,10.917218208312988,-0.12635450065135956,0.006113335955888033,0.11711485683917999,0.4973004460334778,0.38558468222618103,0.11711485683917999,0.38558468222618103,1.2311384677886963,8.0,0.08298148959875107,0.08046217262744904,0.8631141185760498,4.442135104909539e-05,0.037546828389167786,1.5906410217285156,0.0011830919668813064,0.007797725964337587,0.0066678342409431934,0.005635307170450687,0.06465411931276321
40,model.layers.7.self_attn.k_proj.weight,512,1024,0.0009765625,0.0010643763234838843,3.4933996200561523,-6.301010216702707e-06,0.9266365766525269,0.0020704471971839666,0.1571900099515915,0.25463950634002686,0.0295929703861475,0.6927326917648315,1.3087621927261353,1.000150203704834,20.400814056396484,-0.12912605702877045,0.0020641505252569914,0.023524461314082146,0.5170318484306335,0.45944368839263916,0.023524461314082146,0.45944368839263916,1.2559622526168823,,,,,,,,,,,,
40,model.layers.7.self_attn.v_proj.weight,512,1024,0.0009765625,0.000863275199662894,2.095717191696167,0.0014132471987977624,1.7669850587844849,0.00035578006645664573,0.1291952133178711,0.26541516184806824,0.0030496178660541773,0.7448161244392395,1.475032925605774,1.0001308917999268,10.00046443939209,-0.005904523190110922,0.002310767536982894,0.10517904907464981,0.3332183063030243,0.5616027116775513,0.10517904907464981,0.5616027116775513,1.250009536743164,,,,,,,,,,,,
40,model.layers.7.self_attn.o_proj.weight,1024,2048,0.00048828125,0.0002588778152130544,2.1059882640838623,0.0004981546080671251,2.6585614681243896,3.9385857235174626e-05,0.14676542580127716,0.3555353581905365,0.019018802791833878,0.5309445858001709,1.4266811609268188,1.0003098249435425,78.85465240478516,0.033145204186439514,0.0044411602430045605,0.02109701558947563,0.33547958731651306,0.6434233784675598,0.02109701745212078,0.6434233784675598,1.4115270376205444,,,,,,,,,,,,
40,model.layers.15.self_attn.q_proj.weight,4096,1024,0.000244140625,0.00012706061534117907,2.508119821548462,-0.0002082064311252907,1.208035945892334,0.0002451068430673331,0.2034933865070343,0.2528476417064667,0.003626073943451047,0.45547354221343994,1.54275643825531,1.0003046989440918,42.9258918762207,0.023383794352412224,0.005905955098569393,0.0443904809653759,0.48060452938079834,0.47500497102737427,0.0443904809653759,0.47500497102737427,1.2635996341705322,8.0,0.07478318363428116,0.07226420938968658,0.8550786972045898,-1.4205280422174837e-05,0.008079727180302143,1.808474063873291,-0.0017581386233939185,0.001983409281820059,0.0009630125132389367,-0.005280797835439444,0.06468074768781662
40,model.layers.15.self_attn.k_proj.weight,512,1024,0.0009765625,0.0007673896616324782,5.046680450439453,1.3725272083320306e-06,1.0159728527069092,0.0002096029493259266,0.23348098993301392,0.24939802289009094,0.0048752231523394585,0.5664478540420532,1.4503612518310547,1.0001462697982788,18.637226104736328,0.032502561807632446,0.002278941683471203,0.05444122850894928,0.5668497681617737,0.37870898842811584,0.05444122850894928,0.37870898842811584,1.2567023038864136,,,,,,,,,,,,
40,model.layers.15.self_attn.v_proj.weight,512,1024,0.0009765625,0.0008995041134767234,1.4588899612426758,-0.0009928002255037427,1.0443063974380493,0.00016507014515809715,0.1679796278476715,0.28081250190734863,0.0033824986312538385,0.6798385381698608,1.4516048431396484,1.0001070499420166,3.6144356727600098,0.011700558476150036,0.0022034093271940947,0.2933294177055359,0.29962068796157837,0.40704986453056335,0.2933294177055359,0.40704986453056335,0.9444378018379211,,,,,,,,,,,,
40,model.layers.15.self_attn.o_proj.weight,1024,2048,0.00048828125,0.00043146644020453095,1.6460398435592651,-0.0003448394127190113,1.8041871786117554,2.6728086595539935e-05,0.09107312560081482,0.4402421712875366,0.01696891151368618,0.56793212890625,1.4390203952789307,1.0003249645233154,56.724273681640625,-0.03630512207746506,0.004253128077834845,0.014939253218472004,0.35667482018470764,0.6283859014511108,0.014939253218472004,0.6283859014511108,1.5679336786270142,,,,,,,,,,,,
40,model.layers.19.self_attn.q_proj.weight,4096,1024,0.000244140625,0.00017341168131679296,2.4084391593933105,-0.00013675924856215715,0.8581196665763855,0.00029091688338667154,0.20023034512996674,0.25558143854141235,0.006116923876106739,0.43142104148864746,1.5309169292449951,1.0003082752227783,11.11074161529541,0.09762949496507645,0.005957315210253,0.1205102801322937,0.42067331075668335,0.45881640911102295,0.1205102875828743,0.45881640911102295,1.245202898979187,8.0,0.07829369604587555,0.07607944309711456,0.8377345204353333,2.1837217900610995e-06,0.010258580558001995,1.0140794515609741,0.00021286783076024412,0.0003750307660084218,0.0009164097718894482,0.0015355327632278204,0.09134536236524582
40,model.layers.19.self_attn.k_proj.weight,512,1024,0.0009765625,0.0011543644359335303,3.1324622631073,4.896318387181964e-06,0.7726194262504578,0.00023011107987258583,0.24951191246509552,0.22464917600154877,0.012561475858092308,0.5674905180931091,1.3589338064193726,1.0001431703567505,42.27238845825195,-0.03766169771552086,0.002051436807960272,0.017177652567625046,0.5983904004096985,0.38443201780319214,0.017177652567625046,0.38443201780319214,1.5526800155639648,,,,,,,,,,,,
40,model.layers.19.self_attn.v_proj.weight,512,1024,0.0009765625,0.0006048288196325302,1.387798547744751,0.000987288192845881,0.6822859644889832,0.000600319413933903,0.1448340117931366,0.249586284160614,0.004349899012595415,0.6537862420082092,1.4295076131820679,1.0001360177993774,9.752921104431152,-0.08353424072265625,0.002217058325186372,0.11191501468420029,0.3523406684398651,0.5357442498207092,0.11191501468420029,0.5357442498207092,1.2365533113479614,,,,,,,,,,,,
40,model.layers.19.self_attn.o_proj.weight,1024,2048,0.00048828125,0.0006455265101976693,1.3690471649169922,0.00030051812063902617,1.3375611305236816,8.61070875544101e-05,0.06234696879982948,0.5243198871612549,0.009930871427059174,0.6406359672546387,1.455191969871521,1.0003255605697632,40.33001708984375,-0.04372778162360191,0.0044124536216259,0.017346223816275597,0.33071863651275635,0.6519351005554199,0.017346223816275597,0.6519351005554199,1.5635790824890137,,,,,,,,,,,,
40,model.layers.1.mlp.gate_proj.weight,3584,1024,0.00027901785714285713,0.0002394940092926845,2.4067022800445557,-0.0002780240320134908,1.5234781503677368,0.0002535451203584671,0.18620671331882477,0.2957198917865753,0.008935828693211079,0.5414748191833496,1.5175472497940063,1.0003223419189453,64.13784790039062,-0.032694991677999496,0.0056950487196445465,0.004318473860621452,0.5104148387908936,0.48526671528816223,0.004318473860621452,0.48526671528816223,1.5702145099639893,,,,,,,,,,,,
40,model.layers.1.mlp.up_proj.weight,3584,1024,0.00027901785714285713,0.00024786562426015735,2.179063320159912,-0.0003825963649433106,2.607111930847168,0.00016599292575847358,0.1687069833278656,0.3170030415058136,0.010671870782971382,0.49569180607795715,1.5094738006591797,1.000324010848999,64.40937805175781,-0.023275338113307953,0.005709904711693525,0.00771556980907917,0.5055550932884216,0.4867294728755951,0.00771556980907917,0.4867294728755951,1.55410897731781,,,,,,,,,,,,
40,model.layers.1.mlp.down_proj.weight,1024,3584,0.00027901785714285713,0.0002909507602453232,2.59333872795105,-0.0003861373115796596,2.573331117630005,0.0006447729538194835,0.18449337780475616,0.2920999825000763,0.009999558329582214,0.5497403144836426,1.4424976110458374,1.0003079175949097,109.80889129638672,-0.02156774140894413,0.005718134343624115,0.007573329843580723,0.46780261397361755,0.5246241092681885,0.007573329843580723,0.5246240496635437,1.5681192874908447,8.0,0.08234093338251114,0.08540091663599014,0.8459067940711975,0.0006604439113289118,0.5122519731521606,13.830404281616211,0.0012892950070350082,0.013016346842050552,0.010883471928536892,0.0014402533415704966,0.053088389337062836
40,model.layers.12.mlp.gate_proj.weight,3584,1024,0.00027901785714285713,0.0002284486108692363,2.845092296600342,-0.0003658112545963377,1.1666196584701538,0.0008034115307964385,0.18364182114601135,0.2553773820400238,0.006813014391809702,0.5694984793663025,1.52680504322052,1.0003219842910767,62.30144119262695,-0.035043489187955856,0.006268560420721769,0.029536550864577293,0.5400907397270203,0.4303727447986603,0.029536554589867592,0.4303727447986603,1.2800744771957397,,,,,,,,,,,,
40,model.layers.12.mlp.up_proj.weight,3584,1024,0.00027901785714285713,0.00025581716909073293,2.652355909347534,0.00035639325506053865,1.9147852659225464,0.0003009815700352192,0.2124580293893814,0.26276347041130066,0.007420429959893227,0.5125493407249451,1.5173002481460571,1.0003103017807007,73.67754364013672,-0.034758761525154114,0.006230848375707865,0.02211141027510166,0.549793541431427,0.4280950427055359,0.02211141027510166,0.4280950427055359,1.4022518396377563,,,,,,,,,,,,
40,model.layers.12.mlp.down_proj.weight,1024,3584,0.00027901785714285713,0.0002505116572137922,4.877565860748291,0.00036519436980597675,1.9576290845870972,0.0001528472639620304,0.20023491978645325,0.2909974455833435,0.01720249652862549,0.5424864888191223,1.4098938703536987,1.0003211498260498,97.63613891601562,-0.035758182406425476,0.006271929480135441,0.005630312021821737,0.5109392404556274,0.4834304451942444,0.005630312021821737,0.4834303855895996,1.57058846950531,8.0,0.07612739503383636,0.07584736496210098,0.875715434551239,9.202495857607573e-05,0.11722167581319809,8.022300720214844,0.0007850506993495359,0.001643648836761713,0.0031513418070971966,0.008139818906784058,0.04524875432252884
40,model.layers.22.mlp.gate_proj.weight,3584,1024,0.00027901785714285713,0.0002979784912895411,2.3376612663269043,0.00037016734131611884,0.5257933735847473,0.0019475924782454967,0.1939476877450943,0.23302821815013885,0.013733576983213425,0.49026763439178467,1.515766978263855,1.0002923011779785,15.742645263671875,-0.05187969654798508,0.005745509173721075,0.08169551938772202,0.4023580551147461,0.5159463882446289,0.08169551938772202,0.5159463882446289,1.3896417617797852,,,,,,,,,,,,
40,model.layers.22.mlp.up_proj.weight,3584,1024,0.00027901785714285713,0.00022444540809374303,2.225848436355591,0.00030638001044280827,1.16200590133667,0.0007539965445175767,0.17156872153282166,0.2974204421043396,0.014274070039391518,0.5555019974708557,1.5063663721084595,1.0003308057785034,59.24467468261719,0.03487403690814972,0.005965931806713343,0.048785269260406494,0.4511191248893738,0.5000956058502197,0.04878527298569679,0.5000956058502197,1.2247956991195679,,,,,,,,,,,,
40,model.layers.22.mlp.down_proj.weight,1024,3584,0.00027901785714285713,0.0003761106345336884,2.085810899734497,0.000330611364915967,1.1627779006958008,0.0003665101539809257,0.10813892632722855,0.38123881816864014,0.008872208185493946,0.528217613697052,1.466842532157898,1.0003161430358887,31.734935760498047,0.03479483351111412,0.0061994330026209354,0.03914758190512657,0.3768150210380554,0.5840374827384949,0.03914757817983627,0.5840374827384949,1.4135360717773438,8.0,0.0768841803073883,0.08057425171136856,0.822659969329834,0.00015976536087691784,0.0649343878030777,3.1506614685058594,0.0024604122142712404,0.0019040907500311732,0.003933463711291552,0.008619003929197788,0.1391277015209198
40,model.layers.1.linear_attn.in_proj_qkv.weight,6144,1024,0.00016276041666666666,0.00022337066184263676,2.065694808959961,6.073375334381126e-05,1.2631125450134277,0.001465698704123497,0.16641564667224884,0.27366238832473755,0.009882725775241852,0.5123189687728882,1.529099464416504,1.0003000497817993,59.00421905517578,-0.028285488486289978,0.006929151248186827,0.020873403176665306,0.5342963337898254,0.4448302090167999,0.020873403176665306,0.4448302090167999,1.413027048110962,8.0,0.08303725719451904,0.0841447114944458,0.8506802320480347,0.00022344996978063136,0.056804221123456955,1.4112919569015503,0.003933686007154124,0.012252853251993656,0.010110300034284592,0.007363293319940567,0.07100041955709457
40,model.layers.1.linear_attn.out_proj.weight,1024,2048,0.00048828125,0.0005071151535958052,1.4765326976776123,0.0001838312455220148,3.108344078063965,0.0004565761482808739,0.11466194689273834,0.3718082010746002,0.015420284122228622,0.5190480947494507,1.4248288869857788,1.0002915859222412,14.932101249694824,-0.07738155126571655,0.004097148310393095,0.1203257218003273,0.4364825189113617,0.4431917071342468,0.1203257218003273,0.4431917071342468,0.800311267375946,,,,,,,,,,,,
40,model.layers.12.linear_attn.in_proj_qkv.weight,6144,1024,0.00016276041666666666,7.989742880454287e-05,2.439716339111328,-5.3807932999916375e-05,1.1262643337249756,0.0002953787334263325,0.16635574400424957,0.26552900671958923,0.0033947185147553682,0.5885767340660095,1.5499497652053833,1.0003182888031006,32.495914459228516,-0.032555315643548965,0.007629070896655321,0.04923612251877785,0.4694821834564209,0.48128166794776917,0.049236126244068146,0.48128169775009155,1.2567888498306274,8.0,0.07550135254859924,0.07303280383348465,0.8539943099021912,-2.7146665161126293e-05,0.00633282819762826,0.817963182926178,-0.004286657448135595,0.003390197642147541,0.0021671100985258818,-0.005777184385806322,0.07288772612810135
40,model.layers.12.linear_attn.out_proj.weight,1024,2048,0.00048828125,0.0003000435826834291,2.4693150520324707,-0.0006016980041749775,1.5474613904953003,4.7168461605906487e-05,0.1607527732849121,0.3499436676502228,0.014836397022008896,0.5648791790008545,1.4237059354782104,1.0003081560134888,106.35768127441406,-0.04631565511226654,0.004486631602048874,0.011847910471260548,0.4944404363632202,0.4937116205692291,0.011847910471260548,0.4937116205692291,1.4450939893722534,,,,,,,,,,,,
40,model.layers.21.linear_attn.in_proj_qkv.weight,6144,1024,0.00016276041666666666,0.00010816830035764724,2.777756929397583,0.0007304908358491957,0.3499094545841217,0.0006317944498732686,0.20963430404663086,0.234166219830513,0.007077374495565891,0.5113604664802551,1.5352615118026733,1.0003050565719604,47.6790771484375,-0.10134770721197128,0.008341721259057522,0.07278533279895782,0.5058371424674988,0.421377569437027,0.07278533279895782,0.421377569437027,0.9504551291465759,8.0,0.08738236129283905,0.08159403502941132,0.8536666631698608,1.370816335111158e-06,0.0027069482021033764,0.11214226484298706,0.0005064065629501128,0.006716672331094742,0.00667429156601429,-0.002347758272662759,0.06844695657491684
40,model.layers.21.linear_attn.out_proj.weight,1024,2048,0.00048828125,0.00031038172892294824,1.832222819328308,0.00019447304657660425,0.9019290208816528,4.9097627197625116e-05,0.1418200433254242,0.3630867898464203,0.0038104646373540163,0.5429105162620544,1.4846805334091187,1.0003231763839722,64.72280883789062,0.000503875664435327,0.00512922927737236,0.00688467500731349,0.43359848856925964,0.5595168471336365,0.00688467500731349,0.5595168471336365,1.5701719522476196,,,,,,,,,,,,
60,model.layers.7.self_attn.q_proj.weight,4096,1024,0.000244140625,0.00011219815496588126,2.8774800300598145,0.00013308506458997726,0.8995954990386963,0.0010118462378159165,0.18475745618343353,0.2581503689289093,0.00861949659883976,0.5234928727149963,1.5304059982299805,1.0002790689468384,9.6127347946167,-0.04894005134701729,0.005224254447966814,0.1581706404685974,0.47821733355522156,0.3636120855808258,0.1581706404685974,0.3636120855808258,0.8692783713340759,8.0,0.07006846368312836,0.07529394328594208,0.868510901927948,-2.2982032533036545e-05,-0.00010120077058672905,0.8764505386352539,,0.001394539256580174,7.723209273535758e-05,-0.022377828136086464,0.036728110164403915
60,model.layers.7.self_attn.k_proj.weight,512,1024,0.0009765625,0.001129871467128396,3.57053279876709,-1.4753931054656277e-06,0.6752904057502747,0.0011094354558736086,0.1653721034526825,0.2620232403278351,0.02245160937309265,0.6873864531517029,1.366947054862976,1.000137209892273,26.2540225982666,-0.018764566630125046,0.0017977777170017362,0.03719646856188774,0.6030279397964478,0.3597756326198578,0.03719647228717804,0.3597756326198578,0.9643206596374512,,,,,,,,,,,,
60,model.layers.7.self_attn.v_proj.weight,512,1024,0.0009765625,0.0008874039631336927,1.745443344116211,0.0011079442920163274,1.3478426933288574,0.0004774155968334526,0.1444852501153946,0.2404218167066574,0.003283454105257988,0.731959342956543,1.4696980714797974,1.0001392364501953,28.8398380279541,0.03705432638525963,0.001982505898922682,0.08189945667982101,0.37243884801864624,0.5456617474555969,0.08189946413040161,0.5456617474555969,0.7041587829589844,,,,,,,,,,,,
60,model.layers.7.self_attn.o_proj.weight,1024,2048,0.00048828125,0.00022683785937260836,1.9857090711593628,0.0003859451098833233,2.0378012657165527,3.6656081647379324e-05,0.15617506206035614,0.3468612730503082,0.010132763534784317,0.5196442604064941,1.440131425857544,1.000311255455017,89.67625427246094,0.05038164556026459,0.003871690249070525,0.006263575050979853,0.4171242415904999,0.576612114906311,0.006263575050979853,0.5766121745109558,1.5700145959854126,,,,,,,,,,,,
60,model.layers.15.self_attn.q_proj.weight,4096,1024,0.000244140625,0.0001564134145155549,3.076129913330078,-0.0003490534727461636,0.8919045329093933,0.0003154968726448715,0.19652998447418213,0.25441306829452515,0.004308437928557396,0.443364679813385,1.5460491180419922,1.0003104209899902,104.50069427490234,0.0010474437149241567,0.005332819651812315,0.027213163673877716,0.4782051146030426,0.4945817291736603,0.027213165536522865,0.4945817291736603,1.2811161279678345,8.0,0.07344596087932587,0.07342080026865005,0.8788935542106628,2.9504939448088408e-05,0.006963396444916725,0.9400454759597778,0.004237147731209099,0.0027552384417504072,0.0012484126491472125,0.016457892954349518,0.06795608252286911
60,model.layers.15.self_attn.k_proj.weight,512,1024,0.0009765625,0.0009478767751716077,4.20685338973999,5.2633508857979905e-06,0.7552162408828735,9.922084427671507e-05,0.25045162439346313,0.2330191433429718,0.00422731414437294,0.5427915453910828,1.4625808000564575,1.0001494884490967,22.550596237182617,0.05275353044271469,0.0019773098174482584,0.002858414314687252,0.5906162261962891,0.4065253436565399,0.002858414314687252,0.4065253436565399,1.5707858800888062,,,,,,,,,,,,
60,model.layers.15.self_attn.v_proj.weight,512,1024,0.0009765625,0.0010373437544330955,1.6057504415512085,0.0008812305168248713,0.7944539785385132,7.353228284046054e-05,0.15639592707157135,0.2998410165309906,0.001985263079404831,0.706722617149353,1.4742140769958496,1.000124454498291,6.753818035125732,-0.09261984378099442,0.0018887365004047751,0.15659739077091217,0.3424460291862488,0.5009565353393555,0.15659739077091217,0.5009565353393555,1.2468403577804565,,,,,,,,,,,,
60,model.layers.15.self_attn.o_proj.weight,1024,2048,0.00048828125,0.00044855420128442347,1.7350904941558838,0.00030570998205803335,1.3815507888793945,3.242191087338142e-05,0.082259401679039,0.4563177824020386,0.017587438225746155,0.5825968384742737,1.4359130859375,1.0003128051757812,16.380090713500977,-0.02291717752814293,0.003794026793912053,0.00526969600468874,0.3730241358280182,0.6217061281204224,0.00526969600468874,0.6217060685157776,1.5699031352996826,,,,,,,,,,,,
60,model.layers.19.self_attn.q_proj.weight,4096,1024,0.000244140625,0.000197860092157498,2.811265707015991,-0.00017111608758568764,0.5634278059005737,0.0006275728228501976,0.2064652293920517,0.23684340715408325,0.00953133124858141,0.40996384620666504,1.527659296989441,1.0003259181976318,80.78443145751953,-0.029793361201882362,0.005104315932840109,0.009040722623467445,0.4533676207065582,0.5375915765762329,0.00904072355479002,0.5375915765762329,1.5614608526229858,8.0,0.0812419205904007,0.07260815799236298,0.8663211464881897,7.460249435098376e-06,0.00414454098790884,0.46564021706581116,0.0018000182545817942,0.006088458001613617,0.0012868597405031323,-0.011172700673341751,0.06724893301725388
60,model.layers.19.self_attn.k_proj.weight,512,1024,0.0009765625,0.0010992796160280704,2.7625489234924316,-2.6297666408936493e-06,0.5352610349655151,0.0008673585834912956,0.2586016356945038,0.21159297227859497,0.012356329709291458,0.5557094812393188,1.3478007316589355,1.0001463890075684,39.318580627441406,0.022571757435798645,0.0017840469954535365,0.021943137049674988,0.5111513733863831,0.46690553426742554,0.021943137049674988,0.46690553426742554,1.5540357828140259,,,,,,,,,,,,
60,model.layers.19.self_attn.v_proj.weight,512,1024,0.0009765625,0.001109930220991373,1.5001165866851807,-0.0034367633052170277,0.4526892304420471,0.002471608342602849,0.1487186700105667,0.2531602084636688,0.010170773603022099,0.6493842005729675,1.4118322134017944,1.0001370906829834,7.413443088531494,0.01922013610601425,0.0018229457782581449,0.1398453414440155,0.3652901351451874,0.4948646128177643,0.1398453414440155,0.4948646128177643,1.2557538747787476,,,,,,,,,,,,
60,model.layers.19.self_attn.o_proj.weight,1024,2048,0.00048828125,0.000493769533932209,1.4566255807876587,-0.0010687763569876552,0.8656076788902283,6.81054953020066e-05,0.06251637637615204,0.5231626033782959,0.010774780064821243,0.6363228559494019,1.4679287672042847,1.0003265142440796,60.64973831176758,0.027252282947301865,0.003697369946166873,0.004802617710083723,0.3366527259349823,0.658544659614563,0.004802617710083723,0.658544659614563,1.570732593536377,,,,,,,,,,,,
60,model.layers.1.mlp.gate_proj.weight,3584,1024,0.00027901785714285713,0.00023702403996139765,3.4938831329345703,-0.0002944172592833638,0.8713134527206421,0.00014876019849907607,0.18265973031520844,0.29601624608039856,0.006187623366713524,0.5175370573997498,1.5179420709609985,1.0003138780593872,82.14591979980469,0.024289410561323166,0.00475549791008234,0.011741229332983494,0.5830646753311157,0.40519410371780396,0.011741229332983494,0.4051940441131592,1.5605956315994263,,,,,,,,,,,,
60,model.layers.1.mlp.up_proj.weight,3584,1024,0.00027901785714285713,0.0002432526962365955,3.021660804748535,0.00023262646573130041,1.4804530143737793,8.975816308520734e-05,0.16218382120132446,0.317451149225235,0.007994135841727257,0.49248483777046204,1.508583426475525,1.0003327131271362,97.501708984375,0.004891137592494488,0.004780195653438568,0.00835531484335661,0.5450459122657776,0.44659876823425293,0.008355315774679184,0.44659876823425293,1.5666382312774658,,,,,,,,,,,,
60,model.layers.1.mlp.down_proj.weight,1024,3584,0.00027901785714285713,0.00027424286236055195,5.861050605773926,0.00023610156495124102,1.460315465927124,0.0007240160484798253,0.18671303987503052,0.28664010763168335,0.014299849048256874,0.5544469952583313,1.4274052381515503,1.0003089904785156,49.58071517944336,0.008313874714076519,0.004780992399901152,0.0060736327432096004,0.4950413107872009,0.4988850951194763,0.0060736327432096004,0.4988850951194763,1.5699589252471924,8.0,0.07798104733228683,0.07988740503787994,0.881888747215271,6.543345807585865e-05,0.050063762813806534,4.340924263000488,0.001307002398505561,0.0021180592011660337,0.002211072016507387,0.007277213968336582,0.043227072805166245
60,model.layers.12.mlp.gate_proj.weight,3584,1024,0.00027901785714285713,0.00018719120998866856,2.8947715759277344,-0.00021207895770203322,0.8271337151527405,0.000986097496934235,0.17823746800422668,0.2587859332561493,0.007472970522940159,0.5698339343070984,1.5282930135726929,1.00031578540802,67.77116394042969,0.036767251789569855,0.0051618339493870735,0.02238309569656849,0.5384643077850342,0.4391525089740753,0.02238309383392334,0.4391525089740753,1.4073947668075562,,,,,,,,,,,,
60,model.layers.12.mlp.up_proj.weight,3584,1024,0.00027901785714285713,0.00025959438062272966,2.814993143081665,-0.00010528310667723417,1.3632385730743408,0.0003785313165280968,0.20736101269721985,0.26802292466163635,0.00931333564221859,0.5080425143241882,1.5138286352157593,1.000311255455017,62.23929977416992,-0.008287489414215088,0.005196575075387955,0.028898563235998154,0.521884560585022,0.44921693205833435,0.028898561373353004,0.44921690225601196,1.4030685424804688,,,,,,,,,,,,
60,model.layers.12.mlp.down_proj.weight,1024,3584,0.00027901785714285713,0.00027366261929273605,4.988748073577881,-0.00010917954932665452,1.3780906200408936,0.0001559495140099898,0.1996261328458786,0.2923440635204315,0.021120548248291016,0.5313063263893127,1.394560694694519,1.0003156661987305,75.60779571533203,-0.00225248234346509,0.0052231294102966785,0.01588006690144539,0.4419659972190857,0.5421539545059204,0.01588006690144539,0.5421539545059204,1.5568969249725342,8.0,0.0766327828168869,0.07451313734054565,0.9005936980247498,2.2241245460463688e-05,0.028560396283864975,3.759361982345581,0.000778744287698443,-0.00010005176591221243,0.0011968957260251045,0.002949994523078203,0.0353458896279335
60,model.layers.22.mlp.gate_proj.weight,3584,1024,0.00027901785714285713,0.0004234299703966826,2.7628064155578613,-0.00037580070784315467,0.37256643176078796,0.0014275339199230075,0.1748175024986267,0.2604164779186249,0.009871302172541618,0.5528391003608704,1.5191411972045898,1.0003150701522827,48.68745040893555,-0.0020384963136166334,0.004924996290355921,0.028412455692887306,0.4823318123817444,0.4892556965351105,0.028412455692887306,0.4892556965351105,1.3895591497421265,,,,,,,,,,,,
60,model.layers.22.mlp.up_proj.weight,3584,1024,0.00027901785714285713,0.0002774900640361011,2.830448865890503,-0.00020209750800859183,0.809222936630249,0.0014976111706346273,0.1716429591178894,0.29794907569885254,0.02065780945122242,0.559715986251831,1.505348801612854,1.0003101825714111,42.10173034667969,-0.006219328381121159,0.005016124341636896,0.050411395728588104,0.44363754987716675,0.5059510469436646,0.0504113994538784,0.5059510469436646,1.1098312139511108,,,,,,,,,,,,
60,model.layers.22.mlp.down_proj.weight,1024,3584,0.00027901785714285713,0.00034041586332023144,2.36946702003479,-0.00022385823831427842,0.8096564412117004,0.00041435047751292586,0.10386127978563309,0.4090178906917572,0.009858999401330948,0.568860650062561,1.460304617881775,1.0003029108047485,45.08708190917969,-0.012493300251662731,0.00506896385923028,0.023631228134036064,0.3751925826072693,0.6011762022972107,0.023631228134036064,0.6011762022972107,1.4031490087509155,8.0,0.0619259774684906,0.06894630193710327,0.8394613265991211,-1.779216472641565e-05,-0.015401110984385014,1.816013216972351,,-0.0003416001854930073,-0.001386895077303052,-0.010619564913213253,0.11818944662809372
60,model.layers.1.linear_attn.in_proj_qkv.weight,6144,1024,0.00016276041666666666,0.00015270929725375026,2.4475696086883545,7.036341412458569e-05,0.7838008999824524,0.00038531681639142334,0.17458215355873108,0.2712697982788086,0.007205565460026264,0.5126739740371704,1.5292854309082031,1.00030517578125,50.942840576171875,-0.013885937631130219,0.006074184086173773,0.04816678538918495,0.5580511093139648,0.3937821090221405,0.04816678538918495,0.3937821090221405,1.1179298162460327,8.0,0.08853299915790558,0.08575166761875153,0.8612900972366333,5.689596036972944e-06,0.009482058696448803,0.5324535965919495,0.0006000380528232542,0.005952313542366028,0.00399915361776948,-0.00037842540768906474,0.054633721709251404
60,model.layers.1.linear_attn.out_proj.weight,1024,2048,0.00048828125,0.00022468379756901413,1.4211437702178955,0.00037873125984333456,1.6267592906951904,0.0006064558983780444,0.12047675251960754,0.3848831057548523,0.019875209778547287,0.541347324848175,1.4179134368896484,1.0003187656402588,36.3275146484375,-0.01954878494143486,0.0035193380899727345,0.05461430922150612,0.4508867859840393,0.4944988489151001,0.05461430922150612,0.4944988489151001,1.1277474164962769,,,,,,,,,,,,
60,model.layers.12.linear_attn.in_proj_qkv.weight,6144,1024,0.00016276041666666666,7.269206980708987e-05,2.4921581745147705,-0.0003849331405945122,0.7876405715942383,0.0004679091216530651,0.15250514447689056,0.27375486493110657,0.00333045213483274,0.6071703433990479,1.5533182621002197,1.0003111362457275,91.1683349609375,-0.06814136356115341,0.0066715930588543415,0.02338051050901413,0.5154258012771606,0.461193710565567,0.02338051237165928,0.4611937701702118,1.353598952293396,8.0,0.07672636210918427,0.08020039647817612,0.8747217655181885,1.8251623714604648e-06,0.0063581690192222595,0.36243876814842224,0.00028705785674186453,-0.00023972289636731148,0.002713778056204319,-0.003973578102886677,0.07995682954788208
60,model.layers.12.linear_attn.out_proj.weight,1024,2048,0.00048828125,0.00033373315818607807,2.6033973693847656,1.4536039088852704e-05,1.1593997478485107,3.132018173346296e-05,0.16913621127605438,0.33608922362327576,0.01331755705177784,0.5506528615951538,1.4411022663116455,1.0003122091293335,50.46384811401367,-0.041470494121313095,0.0038392613641917706,0.007911086082458496,0.49022069573402405,0.5018682479858398,0.007911086082458496,0.5018682479858398,1.5704103708267212,,,,,,,,,,,,
60,model.layers.21.linear_attn.in_proj_qkv.weight,6144,1024,0.00016276041666666666,0.00012909153883811086,2.6694610118865967,-6.114738062024117e-05,0.2848502993583679,0.0010994593612849712,0.20262569189071655,0.23358923196792603,0.008526545949280262,0.5109436511993408,1.5375124216079712,1.000293493270874,23.75417137145996,-0.04151391610503197,0.006712761707603931,0.0752514898777008,0.5056043267250061,0.4191441833972931,0.0752514973282814,0.4191441833972931,1.0986158847808838,8.0,0.0923369973897934,0.08159562945365906,0.8643081784248352,2.1938958525424823e-06,0.0006421381840482354,0.06659723818302155,0.003416547881814927,0.0034426450729370117,0.0015452697407454252,-0.0007901336648501456,0.048988133668899536
60,model.layers.21.linear_attn.out_proj.weight,1024,2048,0.00048828125,0.0003337764064781368,2.254610300064087,0.0009522775653749704,0.6029210090637207,0.00013463156938087195,0.13562479615211487,0.3782261610031128,0.0064175608567893505,0.5668200850486755,1.4778448343276978,1.0003223419189453,69.77225494384766,0.03570415452122688,0.0038330985698848963,0.011069276370108128,0.4009803235530853,0.5879504084587097,0.011069276370108128,0.5879504084587097,1.569021224975586,,,,,,,,,,,,
80,model.layers.7.self_attn.q_proj.weight,4096,1024,0.000244140625,0.00010988851863658056,2.4474904537200928,0.0005530465859919786,0.6492342948913574,0.0008411490125581622,0.17808429896831512,0.2697032690048218,0.00830221176147461,0.5445692539215088,1.5340766906738281,1.0003139972686768,17.78384780883789,-0.09004785865545273,0.004852632526308298,0.09716928750276566,0.48931121826171875,0.4135194718837738,0.09716928750276566,0.4135194718837738,0.7994555830955505,8.0,0.06888395547866821,0.07049117982387543,0.8758699893951416,-8.166981388058048e-06,-0.0023002545349299908,0.4695912003517151,,-0.002719534793868661,-0.0005272893467918038,-0.0020230133086442947,0.05743367597460747
80,model.layers.7.self_attn.k_proj.weight,512,1024,0.0009765625,0.0010598960798233747,3.4045350551605225,4.323752364143729e-06,0.4512125849723816,0.0005673920968547463,0.17119468748569489,0.25975140929222107,0.02303146943449974,0.6764993667602539,1.340525507926941,1.0001460313796997,49.81480407714844,-0.1903696060180664,0.0016869429964572191,0.030276097357273102,0.5424533486366272,0.4272706210613251,0.030276097357273102,0.4272706210613251,0.9598434567451477,,,,,,,,,,,,
80,model.layers.7.self_attn.v_proj.weight,512,1024,0.0009765625,0.0007945142569951713,2.049109935760498,0.0014339109184220433,0.8741711974143982,0.0004922675434499979,0.13595494627952576,0.24965764582157135,0.0035210950300097466,0.734920859336853,1.4552141427993774,1.0001416206359863,17.882963180541992,0.046417322009801865,0.0017705202335491776,0.03662670776247978,0.4138795733451843,0.5494937300682068,0.03662670776247978,0.5494937300682068,1.0156224966049194,,,,,,,,,,,,
80,model.layers.7.self_attn.o_proj.weight,1024,2048,0.00048828125,0.0002583136083558202,2.0753602981567383,0.0004614792997017503,1.4462436437606812,4.792258914676495e-05,0.13919611275196075,0.37616097927093506,0.015788672491908073,0.5645564198493958,1.4227794408798218,1.000326156616211,37.255699157714844,0.05406622961163521,0.003613741137087345,0.006648422684520483,0.40707477927207947,0.5862767696380615,0.006648422684520483,0.5862767696380615,1.5706610679626465,,,,,,,,,,,,
80,model.layers.15.self_attn.q_proj.weight,4096,1024,0.000244140625,0.00017706790822558105,2.8264808654785156,5.301619239617139e-05,0.663428783416748,0.0003552248817868531,0.2142886519432068,0.24155019223690033,0.004264184273779392,0.44727399945259094,1.543821930885315,1.0003174543380737,49.31199264526367,-0.030902674421668053,0.004854901228100061,0.031825534999370575,0.5206639766693115,0.4475105404853821,0.031825534999370575,0.4475105404853821,1.1955803632736206,8.0,0.06185321882367134,0.06610080599784851,0.8798417448997498,1.0789021871460136e-05,-0.009013717994093895,0.5409632325172424,,-0.004482116084545851,-0.00199632509611547,0.004837905988097191,0.0485597588121891
80,model.layers.15.self_attn.k_proj.weight,512,1024,0.0009765625,0.0009989032987505198,4.33510160446167,-3.218494384782389e-06,0.5761841535568237,5.3477895562537014e-05,0.2479018270969391,0.23597384989261627,0.003494911827147007,0.5610442757606506,1.4689953327178955,1.00014066696167,17.396404266357422,0.07445917278528214,0.0017100744880735874,0.059105753898620605,0.5522851943969727,0.38860902190208435,0.059105753898620605,0.38860902190208435,1.256630539894104,,,,,,,,,,,,
80,model.layers.15.self_attn.v_proj.weight,512,1024,0.0009765625,0.0007906312821432948,1.7596211433410645,0.0004505431861616671,0.511847972869873,7.849412941141054e-05,0.171791672706604,0.275860071182251,0.004850046709179878,0.6763368248939514,1.4694108963012695,1.0001320838928223,10.164959907531738,0.06360223889350891,0.0017779365880414844,0.11094197630882263,0.3992345631122589,0.4898233711719513,0.11094197630882263,0.4898233711719513,0.948826014995575,,,,,,,,,,,,
80,model.layers.15.self_attn.o_proj.weight,1024,2048,0.00048828125,0.0004422658239491284,1.6356000900268555,0.0001309780782321468,1.0272763967514038,4.074140451848507e-05,0.07494129240512848,0.5163117051124573,0.015201475471258163,0.6469179391860962,1.4445399045944214,1.0003249645233154,83.55183410644531,0.07918640971183777,0.0035947917494922876,0.00332497525960207,0.39348649978637695,0.6031885147094727,0.003324975725263357,0.6031884551048279,1.5707899332046509,,,,,,,,,,,,
80,model.layers.19.self_attn.q_proj.weight,4096,1024,0.000244140625,0.0001825765211833641,2.7275352478027344,0.00029611829086206853,0.4152330458164215,0.000540315464604646,0.20428979396820068,0.24964286386966705,0.008716125041246414,0.44507700204849243,1.5285050868988037,1.0003111362457275,58.034576416015625,-0.0682280957698822,0.00470485957339406,0.04910799488425255,0.49842357635498047,0.4524684548377991,0.04910799488425255,0.45246848464012146,1.0766264200210571,8.0,0.0643463060259819,0.06454116851091385,0.8647306561470032,1.0921214652626077e-06,-0.0008262471528723836,0.2513163685798645,,-0.00016899548063520342,-0.000526669027749449,-0.008011909201741219,0.07676028460264206
80,model.layers.19.self_attn.k_proj.weight,512,1024,0.0009765625,0.0010831342078745365,3.028127431869507,-5.896368747926317e-06,0.40315768122673035,0.0007176172803156078,0.2532212436199188,0.22067339718341827,0.010865715332329273,0.5717825889587402,1.3555952310562134,1.0001450777053833,37.713470458984375,0.04046688601374626,0.001668419223278761,0.03784115985035896,0.5527305603027344,0.40942829847335815,0.03784115985035896,0.40942829847335815,1.2480591535568237,,,,,,,,,,,,
80,model.layers.19.self_attn.v_proj.weight,512,1024,0.0009765625,0.000680775789078325,1.4044030904769897,-0.0008018101216293871,0.381681889295578,0.0025888807140290737,0.1675519198179245,0.22713106870651245,0.01029751542955637,0.6199151277542114,1.4037446975708008,1.000143051147461,26.006072998046875,0.04981366917490959,0.0017102583078667521,0.04859059303998947,0.3139593005180359,0.6374501585960388,0.04859059303998947,0.6374501585960388,0.9415960311889648,,,,,,,,,,,,
80,model.layers.19.self_attn.o_proj.weight,1024,2048,0.00048828125,0.0005677157896570861,1.3863898515701294,-0.00026796068414114416,0.6787567138671875,6.54070609016344e-05,0.07384888082742691,0.5092862248420715,0.01026176568120718,0.62486732006073,1.4553254842758179,1.0003224611282349,69.74687194824219,0.056511424481868744,0.00339856231585145,0.012915016151964664,0.36292359232902527,0.624161422252655,0.012915017083287239,0.624161422252655,1.4512615203857422,,,,,,,,,,,,
80,model.layers.1.mlp.gate_proj.weight,3584,1024,0.00027901785714285713,0.000226296775508672,3.0126731395721436,-0.0004704052407760173,0.6639639735221863,0.0003391912905499339,0.18011221289634705,0.2978997528553009,0.010007910430431366,0.5182489156723022,1.5150834321975708,1.0003238916397095,99.53388977050781,0.0011153119849041104,0.004617503844201565,0.014123145490884781,0.5343899726867676,0.4514869451522827,0.014123144559562206,0.4514869451522827,1.563884973526001,,,,,,,,,,,,
80,model.layers.1.mlp.up_proj.weight,3584,1024,0.00027901785714285713,0.0002646343200467527,2.691511392593384,-0.0002157061389880255,1.1196578741073608,9.915261762216687e-05,0.16647657752037048,0.33124083280563354,0.009955386631190777,0.5181727409362793,1.5065191984176636,1.000339150428772,77.92290496826172,-0.0008882432011887431,0.004614671692252159,0.01464615948498249,0.5150969624519348,0.47025689482688904,0.01464615948498249,0.4702568054199219,1.5410484075546265,,,,,,,,,,,,
80,model.layers.1.mlp.down_proj.weight,1024,3584,0.00027901785714285713,0.00028628678410314023,4.865020275115967,-0.00021563096379395574,1.1151667833328247,0.002340633887797594,0.18796327710151672,0.28228992223739624,0.020128991454839706,0.5430800318717957,1.4232580661773682,1.0003241300582886,99.96881103515625,-0.01766832359135151,0.004601591732352972,0.011242895387113094,0.4932520091533661,0.49550506472587585,0.011242895387113094,0.49550506472587585,1.5608476400375366,8.0,0.08102433383464813,0.07458484172821045,0.8916941285133362,-9.22904146136716e-05,-0.03263432905077934,2.595525026321411,,-0.0016379308653995395,-0.0024378979578614235,-0.010537882335484028,0.029049986973404884
80,model.layers.12.mlp.gate_proj.weight,3584,1024,0.00027901785714285713,0.00025877630105242133,2.844759702682495,-0.0004650006885640323,0.5974406003952026,0.001241476507857442,0.18996475636959076,0.24899499118328094,0.00838118139654398,0.5621059536933899,1.524699330329895,1.000299334526062,40.8681755065918,-0.07735921442508698,0.004712053574621677,0.07246587425470352,0.5208601951599121,0.40667393803596497,0.07246587425470352,0.40667393803596497,1.0539567470550537,,,,,,,,,,,,
80,model.layers.12.mlp.up_proj.weight,3584,1024,0.00027901785714285713,0.00026171570061706007,2.8240461349487305,-0.0005498757818713784,0.9613856077194214,0.00042144497274421155,0.21719738841056824,0.2557228207588196,0.00838437769562006,0.506813645362854,1.516103744506836,1.0003074407577515,19.149181365966797,-0.07743225246667862,0.004764036741107702,0.07720072567462921,0.5097896456718445,0.4130096733570099,0.07720073312520981,0.4130096733570099,1.2314611673355103,,,,,,,,,,,,
80,model.layers.12.mlp.down_proj.weight,1024,3584,0.00027901785714285713,0.00028234903584234416,4.6177802085876465,-0.0005274110590107739,1.0375741720199585,0.00010128816211363301,0.19647419452667236,0.29955270886421204,0.012782812118530273,0.5510021448135376,1.4287481307983398,1.0003141164779663,77.61457824707031,-0.08587466925382614,0.0047879330813884735,0.014196854084730148,0.49473536014556885,0.4910677969455719,0.014196854084730148,0.4910678267478943,1.5509427785873413,8.0,0.06032737344503403,0.06502270698547363,0.9057649970054626,-5.5026284826453775e-06,-0.018640967085957527,2.369582176208496,,-0.00583447702229023,-0.001232957118190825,0.00557531276717782,0.04146641120314598
80,model.layers.22.mlp.gate_proj.weight,3584,1024,0.00027901785714285713,0.00026984838768839836,2.681774616241455,0.00070380320539698,0.2630070745944977,0.0006443254533223808,0.180892676115036,0.2616853713989258,0.007951158098876476,0.5415881276130676,1.5181884765625,1.00030517578125,35.266300201416016,-0.03936183080077171,0.004507339559495449,0.0657057836651802,0.47045883536338806,0.4638354182243347,0.0657057836651802,0.4638354182243347,1.0895557403564453,,,,,,,,,,,,
80,model.layers.22.mlp.up_proj.weight,3584,1024,0.00027901785714285713,0.00022065138909965754,2.6595187187194824,7.993125473149121e-05,0.6170802712440491,0.0006905923946760595,0.16377341747283936,0.3136955499649048,0.013614770025014877,0.5706840753555298,1.5062168836593628,1.000307321548462,6.939280033111572,0.07307042926549911,0.0046351877972483635,0.17159488797187805,0.4070061147212982,0.42139899730682373,0.17159487307071686,0.42139893770217896,1.2337173223495483,,,,,,,,,,,,
80,model.layers.22.mlp.down_proj.weight,1024,3584,0.00027901785714285713,0.0003398084663785994,2.070824384689331,8.615364640718326e-05,0.6393083930015564,0.0001980201486730948,0.09199502319097519,0.43120959401130676,0.008134276606142521,0.5799556374549866,1.4648363590240479,1.0003201961517334,56.379783630371094,-0.003465390997007489,0.004693407099694014,0.019907478243112564,0.4492813050746918,0.5308113098144531,0.019907478243112564,0.5308112502098083,1.414287805557251,8.0,0.05096077919006348,0.06475139409303665,0.8385829925537109,-2.7502675948198885e-05,-0.003942521754652262,1.1674273014068604,,-0.004329546354711056,-0.0009873936651274562,0.0005675819120369852,0.1340639591217041
80,model.layers.1.linear_attn.in_proj_qkv.weight,6144,1024,0.00016276041666666666,0.0001169953029602766,2.515733003616333,-0.0003737391671165824,0.5706257820129395,0.000808178388979286,0.17206481099128723,0.2838841378688812,0.009448552504181862,0.5323211550712585,1.5321422815322876,1.0003025531768799,46.49211883544922,-0.02682529389858246,0.005921956151723862,0.033864375203847885,0.5004517436027527,0.4656839072704315,0.033864375203847885,0.4656839072704315,1.4041327238082886,8.0,0.08486306667327881,0.07612255960702896,0.8769636750221252,-1.3057665455562528e-06,-0.002650874201208353,0.3062727153301239,,4.092015660717152e-05,-0.0013379647862166166,-0.004375062882900238,0.05396033823490143
80,model.layers.1.linear_attn.out_proj.weight,1024,2048,0.00048828125,0.0002642376348376274,1.417706847190857,-0.00036735201138071716,1.2726049423217773,0.00016462153871543705,0.12292985618114471,0.3871859014034271,0.009334096685051918,0.5503640174865723,1.4458116292953491,1.0003191232681274,24.506412506103516,0.014608745463192463,0.003470988944172859,0.02002105303108692,0.4291762411594391,0.5508027076721191,0.02002105303108692,0.5508027076721191,1.4088319540023804,,,,,,,,,,,,
80,model.layers.12.linear_attn.in_proj_qkv.weight,6144,1024,0.00016276041666666666,7.795260899001732e-05,2.494619131088257,0.00027813008637167513,0.5835453271865845,0.0003832890361081809,0.16063876450061798,0.2721846401691437,0.002910663839429617,0.6087698340415955,1.5522682666778564,1.0003094673156738,62.83412170410156,0.002129882574081421,0.006164350546896458,0.022140242159366608,0.49818116426467896,0.4796786308288574,0.022140245884656906,0.47967857122421265,1.4104855060577393,8.0,0.06784847378730774,0.06779270619153976,0.8735969662666321,-1.6848134691827e-06,-0.005473600700497627,0.24370577931404114,,-0.0027525494806468487,-0.0020444714464247227,0.0002026397705776617,0.09900867938995361
80,model.layers.12.linear_attn.out_proj.weight,1024,2048,0.00048828125,0.0003260594967287034,2.416811227798462,-2.1302728782757185e-05,0.8514877557754517,5.6369128287769854e-05,0.17198681831359863,0.33452996611595154,0.010829240083694458,0.547239363193512,1.4421558380126953,1.0003105401992798,59.9518928527832,0.006980969104915857,0.0035643840674310923,0.011656046845018864,0.46619290113449097,0.5221511721611023,0.011656047776341438,0.5221511721611023,1.5659266710281372,,,,,,,,,,,,
80,model.layers.21.linear_attn.in_proj_qkv.weight,6144,1024,0.00016276041666666666,9.735085041029379e-05,2.841311454772949,-0.00012376622180454433,0.20048338174819946,0.0008099628030322492,0.19386348128318787,0.2511269450187683,0.007963711395859718,0.5279179215431213,1.5368422269821167,1.0002970695495605,14.12948989868164,-0.025932738557457924,0.0061568813398480415,0.13317975401878357,0.46610021591186523,0.4007200002670288,0.13317976891994476,0.4007200002670288,0.8722344636917114,8.0,0.06181669980287552,0.06160900369286537,0.8963900208473206,-1.392240392306121e-06,-0.0010180470999330282,0.03712878003716469,,-0.0044270893558859825,-0.005859883036464453,-0.0021058660931885242,0.05533517152070999
80,model.layers.21.linear_attn.out_proj.weight,1024,2048,0.00048828125,0.0003552414709702134,2.1851565837860107,-0.0004716700059361756,0.4294636845588684,0.00013146827404852957,0.13365218043327332,0.37860211730003357,0.005942560266703367,0.5740246772766113,1.4671181440353394,1.0003139972686768,41.809852600097656,-0.017129620537161827,0.0034693805500864983,0.03365126997232437,0.4098323583602905,0.5565164089202881,0.03365126997232437,0.5565164089202881,1.4008725881576538,,,,,,,,,,,,
100,model.layers.7.self_attn.q_proj.weight,4096,1024,0.000244140625,0.00013639077951665968,1.8295724391937256,0.001453057979233563,0.8023028373718262,0.0007274138042703271,0.17314311861991882,0.27880340814590454,0.006571343634277582,0.5396849513053894,1.5325688123703003,1.0003044605255127,23.440387725830078,-0.08429553359746933,0.005020239856094122,0.08599027991294861,0.5568612813949585,0.3571484386920929,0.08599027991294861,0.3571484386920929,0.8223530650138855,8.0,0.0710945799946785,0.06939690560102463,0.8810518383979797,2.1973088223603554e-05,-0.0007767888018861413,0.6072287559509277,,-0.002387621207162738,-0.0008695647120475769,-0.004551321268081665,0.052978698164224625
100,model.layers.7.self_attn.k_proj.weight,512,1024,0.0009765625,0.0011482327245175838,2.433675765991211,-4.591111064655706e-06,0.5513609647750854,0.0006404718151316047,0.17015238106250763,0.25064682960510254,0.017117494717240334,0.6900784969329834,1.3431352376937866,1.000135064125061,21.184329986572266,-0.03726858273148537,0.001763589447364211,0.039749979972839355,0.6008919477462769,0.35935813188552856,0.039749979972839355,0.35935813188552856,1.2220783233642578,,,,,,,,,,,,
100,model.layers.7.self_attn.v_proj.weight,512,1024,0.0009765625,0.0007063531666062772,1.3810312747955322,-0.0018183535430580378,1.3314414024353027,0.00033014622749760747,0.08202498406171799,0.2625299096107483,0.003162017557770014,0.8444997072219849,1.4552613496780396,1.000141978263855,11.360896110534668,0.04774082824587822,0.001868191291578114,0.10843054950237274,0.32718127965927124,0.5643882155418396,0.10843054950237274,0.5643882155418396,1.1718405485153198,,,,,,,,,,,,
100,model.layers.7.self_attn.o_proj.weight,1024,2048,0.00048828125,0.0002456771326251328,2.0580718517303467,-0.0008381438674405217,1.5344979763031006,5.261643309495412e-05,0.14501696825027466,0.3597021996974945,0.02146202139556408,0.5394083857536316,1.4153908491134644,1.000315546989441,51.5047721862793,0.04513849690556526,0.0037150566931813955,0.008383231237530708,0.3781466484069824,0.613470196723938,0.008383232168853283,0.613470196723938,1.5704777240753174,,,,,,,,,,,,
100,model.layers.15.self_attn.q_proj.weight,4096,1024,0.000244140625,0.00012975852587260306,3.1277666091918945,-0.0001746907946653664,0.7104410529136658,0.0001695097453193739,0.2015211582183838,0.26239022612571716,0.003732913639396429,0.47504180669784546,1.54531991481781,1.0003219842910767,77.3698501586914,0.039009932428598404,0.0048967949114739895,0.018315793946385384,0.4816723167896271,0.5000119209289551,0.018315793946385384,0.5000119209289551,1.5479739904403687,8.0,0.07167626917362213,0.06255064159631729,0.8944928646087646,-1.669267840043176e-05,-0.009000502526760101,0.6266177296638489,,-0.0024675708264112473,-0.0019500356866046786,0.012935715727508068,0.054161082953214645
100,model.layers.15.self_attn.k_proj.weight,512,1024,0.0009765625,0.0008869628654792905,5.666550636291504,-7.414777769554348e-07,0.562065064907074,6.700530502712354e-05,0.24035537242889404,0.24057161808013916,0.0032359324395656586,0.5602900981903076,1.475197196006775,1.0001497268676758,22.191911697387695,0.02128021977841854,0.0017807726981118321,0.0027878221590071917,0.5302210450172424,0.4669911861419678,0.0027878221590071917,0.4669911861419678,1.5706990957260132,,,,,,,,,,,,
100,model.layers.15.self_attn.v_proj.weight,512,1024,0.0009765625,0.0008878933731466532,1.7517818212509155,4.668248584493995e-05,0.644474446773529,0.0002728854597080499,0.20620955526828766,0.2536466121673584,0.0045427074655890465,0.6248676776885986,1.4672669172286987,1.0001022815704346,2.6808879375457764,-0.11174231767654419,0.0017477765213698149,0.3778683543205261,0.28960153460502625,0.33253005146980286,0.3778683543205261,0.33253005146980286,1.2538632154464722,,,,,,,,,,,,
100,model.layers.15.self_attn.o_proj.weight,1024,2048,0.00048828125,0.00041419596527703106,1.722522497177124,1.1980552699242253e-05,1.1620423793792725,2.9281634851940908e-05,0.08860056847333908,0.47420820593833923,0.013547137379646301,0.6051920652389526,1.4342087507247925,1.0003108978271484,60.06669616699219,-0.015455998480319977,0.003513314761221409,0.005935467313975096,0.41166818141937256,0.582396388053894,0.005935467779636383,0.582396388053894,1.5706895589828491,,,,,,,,,,,,
100,model.layers.19.self_attn.q_proj.weight,4096,1024,0.000244140625,0.00016973281162790954,2.6536600589752197,-0.0005790976574644446,0.4705762267112732,0.0004925178945995867,0.2117282748222351,0.24586151540279388,0.008203964680433273,0.4479222297668457,1.531174659729004,1.0002961158752441,16.738515853881836,0.042112186551094055,0.004745149053633213,0.07072131335735321,0.474086731672287,0.4551919102668762,0.07072131335735321,0.455191969871521,1.402915358543396,8.0,0.0679321363568306,0.06596355140209198,0.8783144354820251,1.7235923905900563e-06,-0.0022034295834600925,0.30488115549087524,,-0.002226619515568018,-0.0012403078144416213,-0.01471343357115984,0.05978862941265106
100,model.layers.19.self_attn.k_proj.weight,512,1024,0.0009765625,0.0010054945014417171,3.380343198776245,8.868025247465994e-07,0.419476181268692,0.00032814612495712936,0.2531767189502716,0.2117484211921692,0.012827320024371147,0.5693902373313904,1.3516685962677002,1.0001388788223267,31.957151412963867,0.03736312687397003,0.0016798411961644888,0.032371874898672104,0.6162384748458862,0.35138970613479614,0.0323718786239624,0.35138970613479614,1.2350789308547974,,,,,,,,,,,,
100,model.layers.19.self_attn.v_proj.weight,512,1024,0.0009765625,0.0006377510144375265,1.4388107061386108,0.0024620643816888332,0.3876420557498932,0.0008728032116778195,0.14982351660728455,0.2585526406764984,0.0054761189967393875,0.6538661122322083,1.4158958196640015,1.0001319646835327,9.340620040893555,-0.04052818939089775,0.0017134909285232425,0.1339000016450882,0.3299737870693207,0.5361261367797852,0.1339000016450882,0.5361261367797852,0.9414358139038086,,,,,,,,,,,,
100,model.layers.19.self_attn.o_proj.weight,1024,2048,0.00048828125,0.000502015114761889,1.456152081489563,0.0007927969563752413,0.7184847593307495,7.216171070467681e-05,0.06903254240751266,0.5191336274147034,0.010499739088118076,0.6421049237251282,1.457313895225525,1.0003341436386108,16.277315139770508,-0.025955185294151306,0.0034193899482488632,0.008789177052676678,0.3452089726924896,0.6460018157958984,0.008789176121354103,0.6460018754005432,1.5701688528060913,,,,,,,,,,,,
100,model.layers.1.mlp.gate_proj.weight,3584,1024,0.00027901785714285713,0.0004400773032102734,3.066436767578125,-0.0003311785403639078,0.7140405178070068,0.0005454714410007,0.18488183617591858,0.28867730498313904,0.012703151442110538,0.5152179598808289,1.5158499479293823,1.0003184080123901,78.96007537841797,0.003778004553169012,0.004663707222789526,0.014900604262948036,0.552776575088501,0.43232282996177673,0.014900604262948036,0.43232277035713196,1.4189825057983398,,,,,,,,,,,,
100,model.layers.1.mlp.up_proj.weight,3584,1024,0.00027901785714285713,0.0002289958210894838,2.7410852909088135,-0.0007171210017986596,1.2074178457260132,0.00013302195293363184,0.1625208556652069,0.32746562361717224,0.00884812418371439,0.509796142578125,1.5102485418319702,1.0003342628479004,70.85932922363281,-0.022024795413017273,0.004718665033578873,0.007551171351224184,0.5210051536560059,0.4714437425136566,0.007551171816885471,0.4714437425136566,1.56404447555542,,,,,,,,,,,,
100,model.layers.1.mlp.down_proj.weight,1024,3584,0.00027901785714285713,0.00029206223553046584,4.65224027633667,-0.0007077098125591874,1.2170425653457642,0.0006295280181802809,0.18956488370895386,0.2783283293247223,0.014667754992842674,0.5400461554527283,1.4376062154769897,1.0003070831298828,26.792879104614258,-0.008461281657218933,0.004711592104285955,0.011451550759375095,0.48853346705436707,0.5000150203704834,0.01145155169069767,0.5000150203704834,1.5681343078613281,8.0,0.07472041249275208,0.07020910084247589,0.8996028900146484,-2.066915840259753e-05,-0.03259474039077759,3.155426502227783,,-0.0013404900673776865,-0.001753073651343584,-0.007506219204515219,0.03506933152675629
100,model.layers.12.mlp.gate_proj.weight,3584,1024,0.00027901785714285713,0.00019285928283352405,2.692031145095825,-0.0007126284181140363,0.670998215675354,0.0015308328438550234,0.1842564344406128,0.25015074014663696,0.010375691577792168,0.5629594922065735,1.5164283514022827,1.0003118515014648,68.01615905761719,-0.014891178347170353,0.0046396260149776936,0.03839321807026863,0.5320945382118225,0.42951226234436035,0.03839322179555893,0.42951229214668274,1.102882981300354,,,,,,,,,,,,
100,model.layers.12.mlp.up_proj.weight,3584,1024,0.00027901785714285713,0.0002710194676183164,2.6059911251068115,-0.0005415913183242083,1.088942050933838,0.00023462566605303437,0.21588583290576935,0.26019105315208435,0.0069651114754378796,0.507184624671936,1.5147104263305664,1.0003246068954468,64.6632080078125,-0.007433938793838024,0.004695485346019268,0.010349733754992485,0.5433267951011658,0.4463234543800354,0.010349733754992485,0.446323424577713,1.5665346384048462,,,,,,,,,,,,
100,model.layers.12.mlp.down_proj.weight,1024,3584,0.00027901785714285713,0.00026881074882112443,4.521026611328125,-0.0005434409249573946,1.1275537014007568,0.00012449128553271294,0.19689130783081055,0.2971101999282837,0.016695111989974976,0.5439831018447876,1.413427710533142,1.000305414199829,83.25273895263672,-0.014804098755121231,0.004677871707826853,0.02316855452954769,0.49089834094047546,0.4859330952167511,0.02316855639219284,0.4859330952167511,1.2890427112579346,8.0,0.06982070952653885,0.06632526963949203,0.9130509495735168,1.5534827980445698e-05,-0.007920682430267334,2.6793408393859863,,0.001346993143670261,-0.0003634534077718854,0.011140442453324795,0.03671780228614807
100,model.layers.22.mlp.gate_proj.weight,3584,1024,0.00027901785714285713,0.00024192201090045273,2.3409061431884766,-0.00032705298508517444,0.3102606534957886,0.0006652467418462038,0.18488691747188568,0.2431301474571228,0.00630202516913414,0.5345162749290466,1.5198780298233032,1.0003008842468262,55.68101501464844,0.04214758053421974,0.004404920618981123,0.040400151163339615,0.48368293046951294,0.47591689229011536,0.040400151163339615,0.47591689229011536,1.25693941116333,,,,,,,,,,,,
100,model.layers.22.mlp.up_proj.weight,3584,1024,0.00027901785714285713,0.00024270567519124597,2.4620110988616943,0.0002429523301543668,0.6514095664024353,0.0007407579687424004,0.18176907300949097,0.28606849908828735,0.012927080504596233,0.5478801131248474,1.5104056596755981,1.0003070831298828,33.21757125854492,0.023219505324959755,0.004567830823361874,0.06017771735787392,0.4613538980484009,0.4784683287143707,0.06017771735787392,0.4784683287143707,1.0993417501449585,,,,,,,,,,,,
100,model.layers.22.mlp.down_proj.weight,1024,3584,0.00027901785714285713,0.00040453189285472035,2.092628002166748,0.0002603391476441175,0.6635405421257019,0.0004780168237630278,0.09615079313516617,0.42998090386390686,0.009259844198822975,0.5857974886894226,1.468636393547058,1.0003114938735962,55.171268463134766,-0.0252289529889822,0.0046460251323878765,0.029544560238718987,0.40686747431755066,0.5635879039764404,0.029544560238718987,0.5635879039764404,1.4033377170562744,8.0,0.06353022158145905,0.06412133574485779,0.8510662913322449,7.386697689071298e-07,-0.005196264013648033,1.2614672183990479,,0.0011026328429579735,-0.0005231930990703404,-0.0023877639323472977,0.1236107274889946
100,model.layers.1.linear_attn.in_proj_qkv.weight,6144,1024,0.00016276041666666666,0.00011525617446750402,2.141979932785034,-0.000369453860912472,0.6184744834899902,0.0010701615829020739,0.17037928104400635,0.28197336196899414,0.009078189730644226,0.5241431593894958,1.539334774017334,1.0003236532211304,63.65791702270508,-0.033213719725608826,0.0059964354149997234,0.019184814766049385,0.5105575323104858,0.47025761008262634,0.019184812903404236,0.47025761008262634,1.4124497175216675,8.0,0.0767718181014061,0.07082457095384598,0.8932743668556213,-7.98795372247696e-06,-0.0028476673178374767,0.32650578022003174,,0.002420121105387807,-0.0015837457031011581,-0.017030563205480576,0.03849680349230766
100,model.layers.1.linear_attn.out_proj.weight,1024,2048,0.00048828125,0.0004696531977970153,1.3736472129821777,0.00047684143646620214,1.4535123109817505,0.0005468244198709726,0.11344210803508759,0.3710361421108246,0.018412934616208076,0.5163483619689941,1.4369100332260132,1.0003050565719604,11.877811431884766,-0.011493410915136337,0.0034652373287826777,0.10334480553865433,0.4047766625881195,0.49187853932380676,0.10334481298923492,0.491878479719162,1.1137365102767944,,,,,,,,,,,,
100,model.layers.12.linear_attn.in_proj_qkv.weight,6144,1024,0.00016276041666666666,7.40810064598918e-05,2.650118589401245,-0.0005257661687210202,0.6293426752090454,0.00023160013370215893,0.1629950851202011,0.2737247943878174,0.0027539210859686136,0.5982710719108582,1.5517114400863647,1.000313639640808,84.02252197265625,0.05152219533920288,0.006172408815473318,0.027246618643403053,0.5416042804718018,0.43114906549453735,0.027246618643403053,0.43114906549453735,1.3961451053619385,8.0,0.06518954038619995,0.06194069981575012,0.880081832408905,-9.224461791745853e-06,-0.0053735412657260895,0.29380741715431213,,-0.0015077138086780906,-0.002880123909562826,-0.015342827886343002,0.07135424762964249
100,model.layers.12.linear_attn.out_proj.weight,1024,2048,0.00048828125,0.00027537558344192803,2.484679937362671,-0.00035938768996857107,0.9368237257003784,5.55447768419981e-05,0.16068071126937866,0.35456350445747375,0.012269549071788788,0.5782159566879272,1.4353214502334595,1.0003242492675781,64.02487182617188,-0.010564771480858326,0.0035427252296358347,0.020652057603001595,0.4395325481891632,0.5398154854774475,0.020652057603001595,0.5398154854774475,1.4115036725997925,,,,,,,,,,,,
100,model.layers.21.linear_attn.in_proj_qkv.weight,6144,1024,0.00016276041666666666,0.00015517692372668535,2.871492862701416,0.0005528288311325014,0.2196820229291916,0.0022594111505895853,0.19891084730625153,0.22871266305446625,0.013301296159625053,0.4866519570350647,1.5330413579940796,1.0002758502960205,6.2569379806518555,-0.013506990857422352,0.005902970675379038,0.18030183017253876,0.43466541171073914,0.3850327432155609,0.18030184507369995,0.3850327134132385,1.1127264499664307,8.0,0.07013373076915741,0.07335229963064194,0.8866104483604431,3.6799474401050247e-07,-6.377347017405555e-05,0.045467957854270935,,-0.004845380317419767,0.00026751539553515613,0.002818469889461994,0.05296740680932999
100,model.layers.21.linear_attn.out_proj.weight,1024,2048,0.00048828125,0.0003015455440618098,2.303246021270752,0.001495540956966579,0.4625481367111206,9.404779848409817e-05,0.14262276887893677,0.3573355972766876,0.004990638233721256,0.542376697063446,1.4807718992233276,1.0003275871276855,81.42357635498047,-0.04462742432951927,0.0034777175169438124,0.011072938330471516,0.43834108114242554,0.550585925579071,0.011072938330471516,0.5505858659744263,1.4318838119506836,,,,,,,,,,,,
120,model.layers.7.self_attn.q_proj.weight,4096,1024,0.000244140625,0.0002244125062134117,2.280219793319702,0.0007763572502881289,0.810104489326477,0.00251721846871078,0.1739509552717209,0.26399585604667664,0.010821783915162086,0.5392825603485107,1.533555269241333,1.000303864479065,36.172664642333984,0.07386275380849838,0.004536571446806192,0.022252541035413742,0.5870832800865173,0.390664279460907,0.02225254289805889,0.390664279460907,1.4152493476867676,8.0,0.07486039400100708,0.07249689102172852,0.8849632740020752,1.633492865948938e-05,0.011882094666361809,0.6661893129348755,0.0013747516004676797,0.004454778507351875,0.0025432459078729153,0.005090662278234959,0.0626722127199173
120,model.layers.7.self_attn.k_proj.weight,512,1024,0.0009765625,0.0015171697596088052,2.4060721397399902,5.520673312275903e-06,0.6051414608955383,0.005340839270502329,0.13349111378192902,0.2402869611978531,0.022916849702596664,0.7369803786277771,1.3290395736694336,1.0001310110092163,8.507559776306152,-0.16939634084701538,0.0015729162842035294,0.140506774187088,0.5089635848999023,0.3505297005176544,0.1405067890882492,0.3505297005176544,0.9370611310005188,,,,,,,,,,,,
120,model.layers.7.self_attn.v_proj.weight,512,1024,0.0009765625,0.000956582953222096,1.8671607971191406,-0.0033518706914037466,1.163884162902832,0.0014496063813567162,0.12915214896202087,0.25619494915008545,0.008150113746523857,0.7401039600372314,1.4501954317092896,1.0001368522644043,21.205730438232422,0.07449791580438614,0.00167207105550915,0.10206648707389832,0.44609737396240234,0.45183610916137695,0.10206648707389832,0.45183610916137695,0.6035692691802979,,,,,,,,,,,,
120,model.layers.7.self_attn.o_proj.weight,1024,2048,0.00048828125,0.0002562236040830612,2.0248234272003174,-0.001130236079916358,1.828744888305664,2.4366228899452835e-05,0.1470096856355667,0.36469319462776184,0.010305773466825485,0.5437109470367432,1.4402779340744019,1.000320553779602,59.21480178833008,0.017716921865940094,0.003339590271934867,0.007041723467409611,0.39050471782684326,0.6024535894393921,0.007041723467409611,0.6024535894393921,1.5707072019577026,,,,,,,,,,,,
120,model.layers.15.self_attn.q_proj.weight,4096,1024,0.000244140625,0.00014588123303838074,3.0566861629486084,0.0005191901000216603,0.8503108620643616,0.00020692926773335785,0.20392446219921112,0.2521040439605713,0.0034101372584700584,0.46127578616142273,1.5456665754318237,1.0003165006637573,55.58249282836914,-0.016240105032920837,0.004843734670430422,0.04638145864009857,0.4853639304637909,0.46825462579727173,0.04638145864009857,0.46825459599494934,1.1149696111679077,8.0,0.06332975625991821,0.06774315983057022,0.880157470703125,4.746281774714589e-06,-0.0012774188071489334,0.9270147085189819,,-0.0010301783913746476,-0.0003034924156963825,-0.009828328154981136,0.044172171503305435
120,model.layers.15.self_attn.k_proj.weight,512,1024,0.0009765625,0.0008954337099567056,4.498434066772461,-8.984081318885728e-07,0.7612661719322205,0.00011256829748163,0.2248227596282959,0.2618637681007385,0.0037117665633559227,0.5741499662399292,1.4553345441818237,1.0001388788223267,22.98162078857422,0.06130710616707802,0.0017048059962689877,0.026539426296949387,0.5393952131271362,0.4340653121471405,0.026539426296949387,0.4340653121471405,1.256765365600586,,,,,,,,,,,,
120,model.layers.15.self_attn.v_proj.weight,512,1024,0.0009765625,0.0009142364142462611,1.6101813316345215,-0.0005072469939477742,0.7484211921691895,0.00015389241161756217,0.1875707358121872,0.2640445828437805,0.008092735894024372,0.6392202377319336,1.4501123428344727,1.0001243352890015,7.420568943023682,-0.03139304369688034,0.0017371991416439414,0.13839222490787506,0.4196465313434601,0.4419611692428589,0.13839222490787506,0.4419611692428589,1.256706953048706,,,,,,,,,,,,
120,model.layers.15.self_attn.o_proj.weight,1024,2048,0.00048828125,0.00044528109719976783,1.569501280784607,-0.00016555491311009973,1.362218976020813,3.335463770781644e-05,0.0757775828242302,0.5087490081787109,0.011918099597096443,0.6241133213043213,1.429578423500061,1.0003299713134766,79.22722625732422,-0.01214018277823925,0.003447644179686904,0.008031602948904037,0.4026932418346405,0.5892751812934875,0.008031602948904037,0.5892751812934875,1.5698637962341309,,,,,,,,,,,,
120,model.layers.19.self_attn.q_proj.weight,4096,1024,0.000244140625,0.0001600559480721131,2.490474224090576,-0.0005915682413615286,0.5041635632514954,0.00047191212070174515,0.20784270763397217,0.25135552883148193,0.007263051345944405,0.45292070508003235,1.528162956237793,1.0003135204315186,38.174583435058594,0.014163635671138763,0.004765315912663937,0.04191531985998154,0.4759218990802765,0.482162743806839,0.04191531985998154,0.4821626842021942,1.3990286588668823,8.0,0.06268147379159927,0.06697644293308258,0.8692417740821838,-5.561692887567915e-06,-0.0024891425855457783,0.3722480237483978,,-0.0007940846844576299,-0.0010952228913083673,0.0006871963269077241,0.09152784198522568
120,model.layers.19.self_attn.k_proj.weight,512,1024,0.0009765625,0.0009715482592582703,2.881723403930664,-3.476752226561075e-06,0.4880475103855133,0.00016823329497128725,0.24358423054218292,0.23534096777439117,0.009875074960291386,0.561678946018219,1.3661130666732788,1.0001440048217773,41.737850189208984,-0.05069404095411301,0.0016925534000620246,0.04157883673906326,0.5024286508560181,0.45599254965782166,0.04157883673906326,0.45599254965782166,0.9798877835273743,,,,,,,,,,,,
120,model.layers.19.self_attn.v_proj.weight,512,1024,0.0009765625,0.0006972167757339776,1.4453723430633545,-0.0005067699821665883,0.45499467849731445,0.004395712167024612,0.1467912197113037,0.264648973941803,0.014979730360209942,0.6505168676376343,1.3950163125991821,1.000135064125061,9.294881820678711,-0.06273777037858963,0.00169801723677665,0.11007566750049591,0.37929266691207886,0.5106316804885864,0.11007566750049591,0.5106316804885864,1.256614327430725,,,,,,,,,,,,
120,model.layers.19.self_attn.o_proj.weight,1024,2048,0.00048828125,0.0004865658702328801,1.418587327003479,-0.00015695752517785877,0.8842047452926636,4.11209293815773e-05,0.0665435865521431,0.5103930234909058,0.004587654955685139,0.6340502500534058,1.4635037183761597,1.0003225803375244,61.179325103759766,0.002175190718844533,0.003442056244239211,0.012155644595623016,0.3462952971458435,0.6415490508079529,0.012155644595623016,0.6415489912033081,1.5640281438827515,,,,,,,,,,,,
120,model.layers.1.mlp.gate_proj.weight,3584,1024,0.00027901785714285713,0.0003327258164063096,2.975876808166504,0.0011649872176349163,0.8855405449867249,0.000682217360008508,0.18358300626277924,0.3047565519809723,0.012570131570100784,0.5346143841743469,1.518351435661316,1.0003230571746826,89.79285430908203,-0.05282608047127724,0.0043265060521662235,0.006160094868391752,0.5466306805610657,0.4472091794013977,0.006160094402730465,0.4472091794013977,1.5700184106826782,,,,,,,,,,,,
120,model.layers.1.mlp.up_proj.weight,3584,1024,0.00027901785714285713,0.0005025570862926543,2.667202949523926,0.0009826268069446087,1.503739595413208,0.00016388349467888474,0.1667136251926422,0.32336604595184326,0.011492723599076271,0.5072053074836731,1.509030818939209,1.0003278255462646,61.165618896484375,-0.011764631606638432,0.004334866534918547,0.005908172577619553,0.47118958830833435,0.522902250289917,0.005908172577619553,0.5229021906852722,1.5704288482666016,,,,,,,,,,,,
120,model.layers.1.mlp.down_proj.weight,1024,3584,0.00027901785714285713,0.0002601303276605904,4.159523963928223,0.0009618434705771506,1.529241681098938,0.0029303471092134714,0.19283801317214966,0.27335241436958313,0.01929515413939953,0.5317493677139282,1.4221699237823486,1.0002943277359009,20.98184585571289,-0.024336207658052444,0.00434897979721427,0.04178210720419884,0.42525947093963623,0.5329585075378418,0.04178210347890854,0.532958447933197,1.2536696195602417,8.0,0.0659099593758583,0.07015207409858704,0.8718798756599426,-1.3783831491309684e-05,0.024223994463682175,5.409467697143555,-0.0005690156308438351,-0.0012340758694335818,0.0003430852375458926,0.004462930373847485,0.044516466557979584
120,model.layers.12.mlp.gate_proj.weight,3584,1024,0.00027901785714285713,0.00021123520855326205,2.9675793647766113,-0.0006696569034829736,0.808751106262207,0.0005928200553171337,0.18053831160068512,0.2537945508956909,0.005891488399356604,0.5799317359924316,1.5235458612442017,1.0003083944320679,56.818477630615234,-0.016987226903438568,0.004548960365355015,0.021129338070750237,0.5240604281425476,0.4548102021217346,0.021129338070750237,0.45481017231941223,1.412914752960205,,,,,,,,,,,,
120,model.layers.12.mlp.up_proj.weight,3584,1024,0.00027901785714285713,0.0002872032637242228,2.6515414714813232,-7.405553333228454e-05,1.3424773216247559,0.0004184748977422714,0.216416135430336,0.2568165063858032,0.008269216865301132,0.5130842328071594,1.5161833763122559,1.0003113746643066,77.76506042480469,-0.009169264696538448,0.004568170756101608,0.01758514530956745,0.5346828699111938,0.44773194193840027,0.01758514530956745,0.4477319121360779,1.5562714338302612,,,,,,,,,,,,
120,model.layers.12.mlp.down_proj.weight,1024,3584,0.00027901785714285713,0.00027556350687518716,4.082901477813721,-7.004137296462432e-05,1.3851823806762695,0.00012135838915128261,0.20306746661663055,0.28953275084495544,0.014632762409746647,0.5408212542533875,1.4219220876693726,1.0003069639205933,67.13725280761719,-0.0039256252348423,0.0045539019629359245,0.027870167046785355,0.47948259115219116,0.4926472008228302,0.027870165184140205,0.4926472306251526,1.2635679244995117,8.0,0.06764592975378036,0.07281017303466797,0.8962453007698059,9.426937140233349e-06,0.04675224423408508,3.9233779907226562,0.0002016360346902998,-0.0002542848524171859,0.0018991618417203426,-0.003989994525909424,0.035335052758455276
120,model.layers.22.mlp.gate_proj.weight,3584,1024,0.00027901785714285713,0.0002395939372945577,2.2620127201080322,0.0015815962105989456,0.39042624831199646,0.0013371098320931196,0.17470408976078033,0.25745701789855957,0.008515669964253902,0.5598543882369995,1.5258245468139648,1.0003050565719604,65.94793701171875,0.10691256076097488,0.004543226212263107,0.04190775007009506,0.5210270881652832,0.4370652139186859,0.04190775007009506,0.4370651841163635,1.118921160697937,,,,,,,,,,,,
120,model.layers.22.mlp.up_proj.weight,3584,1024,0.00027901785714285713,0.00027671383577398956,2.2053985595703125,0.0017104921862483025,0.8625646233558655,0.0017490687314420938,0.16868959367275238,0.29659000039100647,0.020295873284339905,0.5738152265548706,1.5085209608078003,1.0003161430358887,35.777488708496094,-0.012750929221510887,0.004618091508746147,0.058217763900756836,0.4298023581504822,0.511979877948761,0.058217763900756836,0.511979877948761,1.1050195693969727,,,,,,,,,,,,
120,model.layers.22.mlp.down_proj.weight,1024,3584,0.00027901785714285713,0.00037050165701657534,2.099971294403076,0.001875189132988453,0.8606389760971069,0.0004981774836778641,0.11123905330896378,0.3803340196609497,0.01084688026458025,0.5240405797958374,1.4717750549316406,1.0003217458724976,28.67220115661621,0.005221648141741753,0.004686637781560421,0.006695306394249201,0.42531099915504456,0.567993700504303,0.0066953059285879135,0.567993700504303,1.570294737815857,8.0,0.06847140192985535,0.07423065602779388,0.845916211605072,-2.6413163141114637e-05,0.013212192803621292,1.7829722166061401,-0.001999150597762631,-0.005014041438698769,0.0008927973103709519,0.0058317650109529495,0.1311977058649063
120,model.layers.1.linear_attn.in_proj_qkv.weight,6144,1024,0.00016276041666666666,0.00011863239342346787,2.467738151550293,4.759781586471945e-05,0.7141692042350769,0.000542457215487957,0.1789274960756302,0.2707694470882416,0.007132202386856079,0.5111297369003296,1.534255862236023,1.0003281831741333,50.337677001953125,0.004914587363600731,0.005537225399166346,0.013377456925809383,0.5184285640716553,0.4681938588619232,0.013377456925809383,0.4681938588619232,1.5511363744735718,8.0,0.06696581840515137,0.0719832330942154,0.8851110935211182,-3.1263302844308782e-06,0.008380947634577751,0.5054582357406616,-0.0003730282565580532,-0.0010524189565330744,0.0031094716396182775,-0.004933250602334738,0.04204271733760834
120,model.layers.1.linear_attn.out_proj.weight,1024,2048,0.00048828125,0.00026717656874097884,1.4328960180282593,5.02464099554345e-05,1.7614554166793823,0.00018235894094686955,0.11770562082529068,0.3884645998477936,0.008245181292295456,0.5399186611175537,1.4563478231430054,1.0003076791763306,80.66282653808594,-0.05275513976812363,0.0032314276322722435,0.02711198665201664,0.49650636315345764,0.47638168931007385,0.027111990377306938,0.47638168931007385,1.2783193588256836,,,,,,,,,,,,
120,model.layers.12.linear_attn.in_proj_qkv.weight,6144,1024,0.00016276041666666666,7.880566408857703e-05,2.501349687576294,9.223366760124918e-06,0.7690834999084473,0.0005666310316883028,0.15844672918319702,0.27229511737823486,0.0036751567386090755,0.6065080165863037,1.5520501136779785,1.0003145933151245,31.33087158203125,0.04026057571172714,0.005932940170168877,0.04881696403026581,0.5226331353187561,0.4285499155521393,0.04881696030497551,0.42854994535446167,1.4003113508224487,8.0,0.0708126425743103,0.07344284653663635,0.8652740120887756,1.6212907212320715e-06,0.004461896140128374,0.4017540216445923,0.00036336361724130696,0.004817227832973003,0.0025410449597984552,-0.003981884103268385,0.10118041932582855
120,model.layers.12.linear_attn.out_proj.weight,1024,2048,0.00048828125,0.00032794926664792,2.3391964435577393,4.370716487755999e-05,1.1140937805175781,2.6605446691974066e-05,0.16840828955173492,0.34438496828079224,0.01066686026751995,0.559302031993866,1.4368517398834229,1.000311255455017,90.48554992675781,-0.022734783589839935,0.003418092615902424,0.0040418230928480625,0.4704856276512146,0.5254725217819214,0.0040418230928480625,0.5254725217819214,1.5707670450210571,,,,,,,,,,,,
120,model.layers.21.linear_attn.in_proj_qkv.weight,6144,1024,0.00016276041666666666,9.853600204223767e-05,2.871330976486206,-8.646275819046423e-05,0.29450657963752747,0.0007312707602977753,0.2048022300004959,0.232351154088974,0.006866288837045431,0.5156857967376709,1.5356305837631226,1.00030517578125,23.951080322265625,-0.03158864006400108,0.005750949960201979,0.07713720202445984,0.45466870069503784,0.4681941568851471,0.07713720202445984,0.4681941568851471,1.0960278511047363,8.0,0.07505859434604645,0.07405518740415573,0.8846911787986755,-2.0056091898368322e-07,-0.00014557789836544544,0.07054479420185089,,0.0008386384579353034,-0.0003401629801373929,-0.005277455318719149,0.04685769975185394
120,model.layers.21.linear_attn.out_proj.weight,1024,2048,0.00048828125,0.00035757943987846375,2.0408127307891846,-1.702747067611199e-05,0.609321653842926,0.00021375561482273042,0.13273385167121887,0.38118696212768555,0.009900610893964767,0.5741458535194397,1.480404257774353,1.000327706336975,79.93605041503906,0.011410923674702644,0.0034582673106342554,0.014317978173494339,0.39924466609954834,0.586437463760376,0.014317978173494339,0.586437463760376,1.5625938177108765,,,,,,,,,,,,
140,model.layers.7.self_attn.q_proj.weight,4096,1024,0.000244140625,0.0001372200931655243,2.3108718395233154,-0.0001645121374167502,0.7170931696891785,0.0009197803447023034,0.17560657858848572,0.26931270956993103,0.007018952164798975,0.5365339517593384,1.5367950201034546,1.000311255455017,42.91191482543945,0.07508502900600433,0.004714979790151119,0.04359428957104683,0.5350302457809448,0.42137542366981506,0.04359428957104683,0.42137545347213745,1.2581974267959595,8.0,0.06770382821559906,0.07254020869731903,0.8730054497718811,-9.49964851315599e-06,0.0035431450232863426,0.5743405818939209,-0.002681134543102857,-0.00033598922891542315,0.000534223800059408,-0.006710813846439123,0.05450556054711342
140,model.layers.7.self_attn.k_proj.weight,512,1024,0.0009765625,0.000905821390915662,2.9104714393615723,6.896662853250746e-06,0.5237004160881042,0.0004339177976362407,0.15956377983093262,0.262033075094223,0.024041084572672844,0.693310022354126,1.358547568321228,1.0001485347747803,44.36604690551758,-0.0899583175778389,0.0017051661852747202,0.04451889544725418,0.5259317755699158,0.42954930663108826,0.04451889544725418,0.42954930663108826,0.9460312128067017,,,,,,,,,,,,
140,model.layers.7.self_attn.v_proj.weight,512,1024,0.0009765625,0.0008602910093031824,1.8458837270736694,0.0016890965634956956,1.072312593460083,0.0004273615777492523,0.11731811612844467,0.2616995573043823,0.004609909374266863,0.7694582939147949,1.4366509914398193,1.0001455545425415,34.04364013671875,0.048342667520046234,0.0017148667247965932,0.02591557428240776,0.36062687635421753,0.6134575605392456,0.02591557428240776,0.6134575605392456,1.2485922574996948,,,,,,,,,,,,
140,model.layers.7.self_attn.o_proj.weight,1024,2048,0.00048828125,0.00021511629165615886,2.0331883430480957,0.0005986634059809148,1.6117963790893555,5.434769263956696e-05,0.14643354713916779,0.3620413839817047,0.0215850118547678,0.5427135825157166,1.4120086431503296,1.000322937965393,48.62746047973633,0.003120328765362501,0.003341925097629428,0.011040117591619492,0.3717751204967499,0.6171848177909851,0.011040117591619492,0.6171848177909851,1.5673173666000366,,,,,,,,,,,,
140,model.layers.15.self_attn.q_proj.weight,4096,1024,0.000244140625,0.00014119183470029384,2.7884531021118164,-4.7498237108811736e-05,0.7745957374572754,0.00028311595087870955,0.21025651693344116,0.24628591537475586,0.003495430573821068,0.45060786604881287,1.5425776243209839,1.0003252029418945,32.6717529296875,0.02689981274306774,0.004638408776372671,0.04784642532467842,0.5214905738830566,0.43066301941871643,0.04784642532467842,0.43066301941871643,1.2577674388885498,8.0,0.0808054506778717,0.0699368491768837,0.8606529235839844,-1.0084764653583989e-05,-0.015141831710934639,0.7130208015441895,,-9.750836761668324e-05,-0.002528275130316615,-0.0004994194023311138,0.06352058798074722
140,model.layers.15.self_attn.k_proj.weight,512,1024,0.0009765625,0.0010692895157262683,3.932626962661743,-1.8442723330736044e-06,0.671813428401947,0.00018748488218989223,0.24256378412246704,0.24476632475852966,0.0034002005122601986,0.5598853826522827,1.4644581079483032,1.0001527070999146,34.87178039550781,0.056973859667778015,0.0016076711472123861,0.003423897549510002,0.564073383808136,0.4325026869773865,0.0034238973166793585,0.4325026869773865,1.5704882144927979,,,,,,,,,,,,
140,model.layers.15.self_attn.v_proj.weight,512,1024,0.0009765625,0.0010002199560403824,1.7491230964660645,-0.0016984980320557952,0.6369277834892273,0.0002018339146161452,0.17215025424957275,0.28255465626716614,0.003594137029722333,0.6676912903785706,1.4664748907089233,1.000109076499939,4.343463897705078,0.002854776568710804,0.0016468486282974482,0.24165953695774078,0.40904074907302856,0.34929966926574707,0.24165953695774078,0.34929966926574707,0.9497690200805664,,,,,,,,,,,,
140,model.layers.15.self_attn.o_proj.weight,1024,2048,0.00048828125,0.0003592000575736165,1.7376785278320312,-0.0005828423891216516,1.110041856765747,4.049654307891615e-05,0.0911654680967331,0.4446106255054474,0.017648855224251747,0.5663785934448242,1.4177626371383667,1.0003317594528198,69.26423645019531,0.0878371000289917,0.0032732815016061068,0.010734936222434044,0.37739285826683044,0.6118723154067993,0.010734936222434044,0.6118723154067993,1.569583773612976,,,,,,,,,,,,
140,model.layers.19.self_attn.q_proj.weight,4096,1024,0.000244140625,0.00017400721844751388,2.8739399909973145,-0.0002896515652537346,0.4441990256309509,0.0004923257511109114,0.22497260570526123,0.2300889492034912,0.008832443505525589,0.4162157475948334,1.5260134935379028,1.000303030014038,65.00750732421875,0.0273733027279377,0.004643657710403204,0.051926154643297195,0.5168740749359131,0.4311998188495636,0.05192616209387779,0.4311998188495636,0.9222213625907898,8.0,0.07022758573293686,0.06450694799423218,0.8507871031761169,-1.069233076123055e-05,-0.002958281198516488,0.32919877767562866,,-0.0011456588981673121,-0.0016041210619732738,-0.005027602426707745,0.08122227340936661
140,model.layers.19.self_attn.k_proj.weight,512,1024,0.0009765625,0.0010456906165927649,3.3806114196777344,1.4694452374897082e-06,0.4336685538291931,0.00041018144111149013,0.24783538281917572,0.2210543006658554,0.010378819890320301,0.5771496891975403,1.3723253011703491,1.0001487731933594,52.167213439941406,0.021590927615761757,0.001662391354329884,0.01061962079256773,0.5725587010383606,0.4168216288089752,0.01061962079256773,0.4168216288089752,1.5588717460632324,,,,,,,,,,,,
140,model.layers.19.self_attn.v_proj.weight,512,1024,0.0009765625,0.0006262270617298782,1.3877748250961304,-0.0008564137970097363,0.4828159809112549,0.0012425308814272285,0.16210217773914337,0.24022939801216125,0.005576108116656542,0.6412532925605774,1.447810173034668,1.0001378059387207,33.62922668457031,-0.0015178953763097525,0.0017140581039711833,0.01998733915388584,0.47877711057662964,0.5012355446815491,0.01998733915388584,0.5012355446815491,1.2603912353515625,,,,,,,,,,,,
140,model.layers.19.self_attn.o_proj.weight,1024,2048,0.00048828125,0.00042999573634006083,1.429086446762085,-0.0003120566252619028,0.7883268594741821,0.000241432964685373,0.07409681379795074,0.4935983121395111,0.021007828414440155,0.6054329872131348,1.4292010068893433,1.0003176927566528,59.270442962646484,-0.009706562384963036,0.003349104430526495,0.006087061017751694,0.3581824004650116,0.635730504989624,0.006087061017751694,0.635730504989624,1.5703407526016235,,,,,,,,,,,,
140,model.layers.1.mlp.gate_proj.weight,3584,1024,0.00027901785714285713,0.00027859737747348845,2.8093185424804688,-0.00022957645705901086,0.7261728048324585,0.00024292869784403592,0.18097393214702606,0.3069705367088318,0.009431344456970692,0.5255491733551025,1.5140963792800903,1.000321388244629,69.56806182861328,-0.06019583344459534,0.0044517070055007935,0.018799282610416412,0.5172669291496277,0.4639337658882141,0.018799280747771263,0.4639337658882141,1.4355992078781128,,,,,,,,,,,,
140,model.layers.1.mlp.up_proj.weight,3584,1024,0.00027901785714285713,0.00020599848357960582,2.5593912601470947,-0.00018027157057076693,1.2069120407104492,0.00014013037434779108,0.16055263578891754,0.33576974272727966,0.00829881988465786,0.5165911316871643,1.514860987663269,1.0003265142440796,72.28163146972656,-0.0005606277263723314,0.0044461628422141075,0.011056659743189812,0.5191649198532104,0.46977847814559937,0.011056659743189812,0.46977847814559937,1.533595085144043,,,,,,,,,,,,
140,model.layers.1.mlp.down_proj.weight,1024,3584,0.00027901785714285713,0.0002699752803891897,4.765589714050293,-0.00018812344933394343,1.1831247806549072,0.0009064152836799622,0.1947764903306961,0.2746449410915375,0.01325640082359314,0.530997633934021,1.4452255964279175,1.0002988576889038,38.35695266723633,-0.006484974641352892,0.004432860761880875,0.03666410222649574,0.43624305725097656,0.5270929336547852,0.03666410222649574,0.5270929336547852,1.2141224145889282,8.0,0.0840427577495575,0.08221735060214996,0.8954070806503296,8.137094846460968e-05,0.08676378428936005,2.7486484050750732,0.0009378446218209537,0.008702874183654785,0.0076375603675842285,-0.002127342624589801,0.05028073117136955
140,model.layers.12.mlp.gate_proj.weight,3584,1024,0.00027901785714285713,0.0002281159977428615,2.4890246391296387,0.0011159837013110518,0.7173959016799927,0.0005394913023337722,0.1875031590461731,0.24838922917842865,0.005382074974477291,0.5661428570747375,1.525908350944519,1.0003185272216797,31.10137176513672,-0.006726336199790239,0.00446808198466897,0.06326942145824432,0.5116828083992004,0.42504772543907166,0.06326942145824432,0.42504772543907166,1.2363113164901733,,,,,,,,,,,,
140,model.layers.12.mlp.up_proj.weight,3584,1024,0.00027901785714285713,0.0002804727992042899,2.34320330619812,0.00021539894805755466,1.1698077917099,0.000353415118297562,0.22125685214996338,0.25171738862991333,0.009095119312405586,0.5047776103019714,1.5188171863555908,1.0003092288970947,71.38522338867188,-0.016445621848106384,0.00448735011741519,0.025962192565202713,0.5532146096229553,0.42082318663597107,0.025962190702557564,0.42082324624061584,1.376386284828186,,,,,,,,,,,,
140,model.layers.12.mlp.down_proj.weight,1024,3584,0.00027901785714285713,0.00029071010067127645,3.9413280487060547,0.000218794186366722,1.2074273824691772,0.00012809419422410429,0.21054793894290924,0.2802663743495941,0.015411755070090294,0.5162985324859619,1.4207714796066284,1.0003150701522827,98.22351837158203,0.010679499246180058,0.004461518954485655,0.007494363002479076,0.5130720138549805,0.479433536529541,0.007494363933801651,0.479433536529541,1.5694448947906494,8.0,0.07668031752109528,0.07223043590784073,0.890691876411438,7.174444908741862e-05,0.026093006134033203,3.0314252376556396,0.0027495662523085856,-0.00010625276627251878,0.001703504123724997,0.006724188104271889,0.04693339765071869
140,model.layers.22.mlp.gate_proj.weight,3584,1024,0.00027901785714285713,0.00021191105770412832,2.341014862060547,-0.0013801176100969315,0.3469952344894409,0.000493267085403204,0.17776912450790405,0.2708335816860199,0.0059920684434473515,0.5465061068534851,1.523573875427246,1.000285029411316,20.94098472595215,-0.012167610228061676,0.004315441474318504,0.10848551243543625,0.4679785966873169,0.42353588342666626,0.10848551243543625,0.42353588342666626,0.8132888674736023,,,,,,,,,,,,
140,model.layers.22.mlp.up_proj.weight,3584,1024,0.00027901785714285713,0.0002603612665552646,2.1712520122528076,-0.0008277219021692872,0.7385552525520325,0.0010358864674344659,0.1670728325843811,0.2999020218849182,0.015633275732398033,0.5629876255989075,1.5091371536254883,1.0002923011779785,6.710611343383789,0.022014737129211426,0.004434614907950163,0.22343848645687103,0.35900208353996277,0.41755953431129456,0.22343850135803223,0.41755953431129456,0.9439499974250793,,,,,,,,,,,,
140,model.layers.22.mlp.down_proj.weight,1024,3584,0.00027901785714285713,0.0004609402094502002,2.069692373275757,-0.000915963901206851,0.7329854369163513,0.00035215806565247476,0.10056621581315994,0.41067761182785034,0.010783880017697811,0.5570335984230042,1.4673038721084595,1.000308871269226,26.007287979125977,-0.01355287991464138,0.004475659690797329,0.060066189616918564,0.40644872188568115,0.5334850549697876,0.06006619334220886,0.5334851145744324,1.2486940622329712,8.0,0.06744161993265152,0.06908076256513596,0.8330851197242737,4.571397585095838e-05,0.011335885152220726,1.482424259185791,0.004032678104717999,0.0013022408820688725,0.0009086071513593197,0.010830342769622803,0.13879239559173584
140,model.layers.1.linear_attn.in_proj_qkv.weight,6144,1024,0.00016276041666666666,0.00012832421634811908,2.2642569541931152,-0.00021294895850587636,0.6134882569313049,0.0008275637519545853,0.17629075050354004,0.2761837840080261,0.007982848212122917,0.5321254730224609,1.5342044830322266,1.000306487083435,29.10315704345703,-0.017514528706669807,0.005724349524825811,0.05588925629854202,0.4965614378452301,0.44754931330680847,0.05588925629854202,0.4475492835044861,1.1208056211471558,8.0,0.09798463433980942,0.0864463746547699,0.8977143168449402,1.961095040314831e-05,0.01301562413573265,0.27816838026046753,0.0015067237804838782,0.014656510204076767,0.011156363412737846,0.013927185907959938,0.06538431346416473
140,model.layers.1.linear_attn.out_proj.weight,1024,2048,0.00048828125,0.00017884171393234283,1.352888584136963,-0.00013834191486239433,1.380237102508545,0.0004020194464828819,0.12230022996664047,0.3742906153202057,0.012931915931403637,0.5287478566169739,1.4473329782485962,1.0003167390823364,83.60707092285156,-0.039986107498407364,0.003358479356393218,0.02385110594332218,0.48521530628204346,0.4909336268901825,0.02385110594332218,0.4909336268901825,1.5226114988327026,,,,,,,,,,,,
140,model.layers.12.linear_attn.in_proj_qkv.weight,6144,1024,0.00016276041666666666,7.70134138292633e-05,2.3668837547302246,-0.0001418641331838444,0.7059804797172546,0.00036177755100652575,0.16537362337112427,0.2653946280479431,0.0031877162400633097,0.5942123532295227,1.5513266324996948,1.0002955198287964,17.309307098388672,0.02791742980480194,0.005883774720132351,0.08010448515415192,0.4609990119934082,0.45889657735824585,0.08010449260473251,0.45889657735824585,1.120017170906067,8.0,0.06998453289270401,0.07121835649013519,0.8623237013816833,3.508723239065148e-06,0.0026940996758639812,0.3454087972640991,0.001302373208571031,0.0022290186025202274,0.0015983805060386658,0.0008003112743608654,0.0866149514913559
140,model.layers.12.linear_attn.out_proj.weight,1024,2048,0.00048828125,0.0002989407512359321,2.283000946044922,0.0003006566839758307,0.9780614376068115,7.830109097994864e-05,0.1817043572664261,0.3160439431667328,0.020991859957575798,0.5212071537971497,1.4150079488754272,1.0003098249435425,81.32968139648438,-0.019577182829380035,0.003378636436536908,0.012576434761285782,0.4692741930484772,0.5181493759155273,0.012576433829963207,0.5181493759155273,1.5661159753799438,,,,,,,,,,,,
140,model.layers.21.linear_attn.in_proj_qkv.weight,6144,1024,0.00016276041666666666,9.915933333104476e-05,2.9496684074401855,0.00025823735632002354,0.20587433874607086,0.0022809654474258423,0.19390596449375153,0.24280311167240143,0.01421329379081726,0.5276731252670288,1.5314453840255737,1.000311255455017,74.3918228149414,-0.008043878711760044,0.005827746819704771,0.04969212785363197,0.46410349011421204,0.4862043857574463,0.04969213157892227,0.4862043857574463,0.9684996008872986,8.0,0.06710907816886902,0.06693824380636215,0.8874452710151672,2.469269588800671e-07,0.0004933805903419852,0.04041634127497673,0.0005004796777856836,0.0026155817322432995,0.002472387859597802,0.006574639584869146,0.060473404824733734
140,model.layers.21.linear_attn.out_proj.weight,1024,2048,0.00048828125,0.00032516891951672733,1.968170404434204,1.6755631804699078e-05,0.46402376890182495,0.00019815635459963232,0.13056249916553497,0.3847092092037201,0.007801108993589878,0.5742260813713074,1.4659346342086792,1.000321626663208,88.73190307617188,0.0228786189109087,0.0032863907981663942,0.013893285766243935,0.4184224307537079,0.5676843523979187,0.013893285766243935,0.5676843523979187,1.429062843322754,,,,,,,,,,,,
160,model.layers.7.self_attn.q_proj.weight,4096,1024,0.000244140625,0.00012917911226395518,2.878408908843994,-7.657725655008107e-05,0.5959699153900146,0.0007232261123135686,0.17321036756038666,0.275522381067276,0.0062972367741167545,0.5457665920257568,1.5404558181762695,1.0003169775009155,61.34705352783203,0.15811887383460999,0.004614979960024357,0.03952685371041298,0.5635077357292175,0.39696547389030457,0.03952685371041298,0.39696547389030457,1.2592072486877441,8.0,0.07224282622337341,0.07421223074197769,0.8913595676422119,1.1500644632178592e-06,0.00026806502137333155,0.3542768955230713,0.004290244424005531,-0.002902457257732749,-0.00043795027886517346,-0.006873088888823986,0.05314132571220398
160,model.layers.7.self_attn.k_proj.weight,512,1024,0.0009765625,0.0010177602525800467,2.99603009223938,4.106673713977216e-06,0.4473493695259094,0.0010681338608264923,0.1410003900527954,0.2843948304653168,0.019301462918519974,0.7258462905883789,1.3398246765136719,1.0001369714736938,14.07663631439209,-0.1278538703918457,0.0015968404477462173,0.0902651846408844,0.548538327217102,0.3611966073513031,0.0902651846408844,0.3611966073513031,0.9474830031394958,,,,,,,,,,,,
160,model.layers.7.self_attn.v_proj.weight,512,1024,0.0009765625,0.0009628218249417841,2.024401903152466,0.0011942536802962422,0.8766571283340454,0.00036181689938530326,0.13361026346683502,0.25354355573654175,0.003412155667319894,0.7384678721427917,1.4625672101974487,1.0001434087753296,14.6117582321167,0.0913304015994072,0.0016716239042580128,0.04687066376209259,0.3757565915584564,0.5773727893829346,0.04687066376209259,0.5773727893829346,0.9530885815620422,,,,,,,,,,,,
160,model.layers.7.self_attn.o_proj.weight,1024,2048,0.00048828125,0.00023465760750696063,2.0157952308654785,0.0003901383315678686,1.4165751934051514,3.6125362385064363e-05,0.14716611802577972,0.3608136773109436,0.012408777140080929,0.539146900177002,1.4318338632583618,1.0003222227096558,73.62227630615234,0.06546768546104431,0.0032954742200672626,0.01558977272361517,0.37125465273857117,0.6131555438041687,0.01558977272361517,0.6131555438041687,1.4266613721847534,,,,,,,,,,,,
160,model.layers.15.self_attn.q_proj.weight,4096,1024,0.000244140625,0.00013393715198617429,2.8134419918060303,-0.00018401644774712622,0.7102742195129395,0.0003203348314855248,0.2167879343032837,0.23508939146995544,0.004030129406601191,0.42546918988227844,1.545738935470581,1.000318169593811,25.778440475463867,0.010218583047389984,0.004750456195324659,0.07337568700313568,0.50189208984375,0.4247322082519531,0.07337568700313568,0.4247322082519531,1.240316390991211,8.0,0.06116940453648567,0.06469429284334183,0.8842898011207581,-2.6182412966591073e-06,-0.005007212981581688,0.6124200820922852,,-0.0042151594534516335,-0.0014154940145090222,0.0041343336924910545,0.07171011716127396
160,model.layers.15.self_attn.k_proj.weight,512,1024,0.0009765625,0.0009086314239539206,4.460305690765381,7.558697234344436e-06,0.5988160967826843,0.00017267110524699092,0.2395588606595993,0.2381911426782608,0.004855306353420019,0.5729739665985107,1.4481257200241089,1.0001474618911743,23.021163940429688,0.03697887063026428,0.001697460887953639,0.009756025858223438,0.5820000171661377,0.40824398398399353,0.009756026789546013,0.40824398398399353,1.5550880432128906,,,,,,,,,,,,
160,model.layers.15.self_attn.v_proj.weight,512,1024,0.0009765625,0.0008895831415429711,1.754860281944275,0.00021444458980113268,0.5846838355064392,9.007030166685581e-05,0.19480164349079132,0.2612606883049011,0.0031626850832253695,0.6191456317901611,1.456629753112793,1.0001428127288818,39.477088928222656,-0.0619237944483757,0.0016840819735080004,0.0076775141060352325,0.45976027846336365,0.5325621962547302,0.0076775141060352325,0.5325621962547302,1.5671414136886597,,,,,,,,,,,,
160,model.layers.15.self_attn.o_proj.weight,1024,2048,0.00048828125,0.00045234477147459984,1.769848346710205,7.092525629559532e-05,1.050126552581787,2.8112293875892647e-05,0.08820551633834839,0.44850799441337585,0.012493842281401157,0.5730830430984497,1.434473991394043,1.0003293752670288,34.90000915527344,-0.02410140261054039,0.0034071458503603935,0.0137477470561862,0.3656260669231415,0.6206261515617371,0.0137477470561862,0.6206261515617371,1.565213680267334,,,,,,,,,,,,
160,model.layers.19.self_attn.q_proj.weight,4096,1024,0.000244140625,0.00019457457528915256,2.8002912998199463,-5.3949872381053865e-05,0.36620384454727173,0.00042611313983798027,0.2201114296913147,0.23338846862316132,0.007639021147042513,0.4211665987968445,1.5301401615142822,1.000313401222229,33.90456771850586,0.024104855954647064,0.004476836882531643,0.0562015138566494,0.5068989992141724,0.4368995428085327,0.0562015138566494,0.4368995428085327,1.2550888061523438,8.0,0.07153977453708649,0.06753315031528473,0.8706716299057007,-3.5716946058528265e-06,-0.0022586151026189327,0.19086913764476776,,-0.0020286687649786472,-0.0021440526470541954,0.002918689511716366,0.07923153042793274
160,model.layers.19.self_attn.k_proj.weight,512,1024,0.0009765625,0.0010462305508553982,2.717013359069824,4.030735453852685e-06,0.38862326741218567,0.0003871900262311101,0.24472922086715698,0.2220034897327423,0.010765530169010162,0.5814893841743469,1.358155608177185,1.0001497268676758,35.378578186035156,-0.06962508708238602,0.0015230173012241721,0.005781562067568302,0.502740740776062,0.49147769808769226,0.005781562067568302,0.49147769808769226,1.5690808296203613,,,,,,,,,,,,
160,model.layers.19.self_attn.v_proj.weight,512,1024,0.0009765625,0.0007319258293136954,1.472061276435852,0.0007754344842396677,0.33340951800346375,0.0034908740781247616,0.149913489818573,0.2584950625896454,0.012011710554361343,0.6209770441055298,1.4309096336364746,1.000136137008667,41.926151275634766,-0.047275375574827194,0.0015717422356829047,0.028270015493035316,0.47053924202919006,0.5011908411979675,0.028270015493035316,0.5011908411979675,1.2555325031280518,,,,,,,,,,,,
160,model.layers.19.self_attn.o_proj.weight,1024,2048,0.00048828125,0.0006216260953806341,1.399716854095459,0.00022671165061183274,0.6909142136573792,5.031681212130934e-05,0.05652505159378052,0.5468480587005615,0.008469956927001476,0.6624732613563538,1.464310646057129,1.0003126859664917,39.68681716918945,-0.03912009298801422,0.003254429204389453,0.014472692273557186,0.3089835047721863,0.6765437722206116,0.014472691342234612,0.6765437722206116,1.5606924295425415,,,,,,,,,,,,
160,model.layers.1.mlp.gate_proj.weight,3584,1024,0.00027901785714285713,0.00027936275000683963,3.0695996284484863,0.00033308035926893353,0.6071537733078003,0.0004292384837754071,0.1806391328573227,0.30035319924354553,0.00992283783853054,0.5214125514030457,1.5174096822738647,1.00031578540802,34.07344055175781,0.011681190691888332,0.0041475011967122555,0.03254308924078941,0.5039103031158447,0.4635466933250427,0.03254309296607971,0.46354663372039795,1.413696050643921,,,,,,,,,,,,
160,model.layers.1.mlp.up_proj.weight,3584,1024,0.00027901785714285713,0.00033507522311992943,2.7048604488372803,-0.00017503257549833506,1.0212304592132568,7.3528521170374e-05,0.1565016210079193,0.3471134305000305,0.006801732815802097,0.5229686498641968,1.5154136419296265,1.0003341436386108,70.75301361083984,0.041521232575178146,0.004167283419519663,0.016303515061736107,0.552209734916687,0.4314867854118347,0.016303515061736107,0.43148675560951233,1.5655220746994019,,,,,,,,,,,,
160,model.layers.1.mlp.down_proj.weight,1024,3584,0.00027901785714285713,0.0002854551130440086,5.063331604003906,-0.00017542674322612584,1.01631498336792,0.0013986749108880758,0.18760302662849426,0.2867388129234314,0.014352667145431042,0.5561715364456177,1.4360249042510986,1.0003124475479126,73.01312255859375,0.037628695368766785,0.0041754962876439095,0.025225549936294556,0.4361679255962372,0.5386064052581787,0.025225549936294556,0.5386064052581787,1.3848482370376587,8.0,0.0713784247636795,0.07002943754196167,0.9033408164978027,-2.723997567954939e-05,-0.04742275923490524,2.202415943145752,,-0.0025900499895215034,-0.004182910546660423,0.0034945961087942123,0.0504838190972805
160,model.layers.12.mlp.gate_proj.weight,3584,1024,0.00027901785714285713,0.0001935353211592883,3.2977662086486816,0.00020076902001164854,0.6172592043876648,0.0008187635103240609,0.18457268178462982,0.2521117925643921,0.006495179142802954,0.571901798248291,1.525514841079712,1.000318169593811,54.17038345336914,-0.013796183280646801,0.004466400947421789,0.03711825609207153,0.4724462330341339,0.49043548107147217,0.03711826354265213,0.49043548107147217,1.2784723043441772,,,,,,,,,,,,
160,model.layers.12.mlp.up_proj.weight,3584,1024,0.00027901785714285713,0.0002600206935312599,3.053769826889038,0.0007307196501642466,1.013859748840332,0.0003109475946985185,0.21882878243923187,0.2599676847457886,0.00683648930862546,0.5152885913848877,1.5205974578857422,1.0003070831298828,80.97514343261719,-0.0068970778957009315,0.004456284921616316,0.033341486006975174,0.5327994227409363,0.43385910987854004,0.033341486006975174,0.43385910987854004,1.2631038427352905,,,,,,,,,,,,
160,model.layers.12.mlp.down_proj.weight,1024,3584,0.00027901785714285713,0.00027215047157369554,5.299778938293457,0.000706362712662667,1.0852758884429932,8.076520316535607e-05,0.1964721381664276,0.2990949749946594,0.011978593654930592,0.5557565689086914,1.4355729818344116,1.0003182888031006,73.96131896972656,-0.01360751036554575,0.004479082301259041,0.018876172602176666,0.4594821333885193,0.521641731262207,0.018876174464821815,0.521641731262207,1.4238370656967163,8.0,0.07144838571548462,0.06868269294500351,0.9059615135192871,-3.876304981531575e-05,-0.03357643634080887,2.4881279468536377,,0.0016241015400737524,-0.0026159246917814016,0.006859885063022375,0.04470768943428993
160,model.layers.22.mlp.gate_proj.weight,3584,1024,0.00027901785714285713,0.00025444707716815174,2.4536590576171875,0.002887359820306301,0.3152849078178406,0.0014792161528021097,0.19114583730697632,0.2411842942237854,0.01032793615013361,0.5211130976676941,1.513379693031311,1.000313639640808,61.09430694580078,-0.00833419431000948,0.004212206695228815,0.04456787556409836,0.47713503241539,0.47829699516296387,0.04456787556409836,0.47829699516296387,1.1141350269317627,,,,,,,,,,,,
160,model.layers.22.mlp.up_proj.weight,3584,1024,0.00027901785714285713,0.0002550451026763767,2.645883560180664,0.0016687256284058094,0.6714121699333191,0.0006110915564931929,0.176643967628479,0.2971334755420685,0.011526082642376423,0.5753898620605469,1.5116852521896362,1.0003268718719482,41.191734313964844,-0.060501426458358765,0.004271568264812231,0.03228265047073364,0.4339788556098938,0.5337384343147278,0.03228265419602394,0.5337384343147278,1.4087743759155273,,,,,,,,,,,,
160,model.layers.22.mlp.down_proj.weight,1024,3584,0.00027901785714285713,0.0003609177947510034,2.2499401569366455,0.00189970585051924,0.648381769657135,0.0005482410779222846,0.10402783006429672,0.4014054536819458,0.012692180462181568,0.5533418655395508,1.4591503143310547,1.0003036260604858,54.929439544677734,-0.06292851269245148,0.004306113813072443,0.01456170529127121,0.4360824227333069,0.5493558645248413,0.014561707153916359,0.5493559241294861,1.5620535612106323,8.0,0.07154393941164017,0.07145516574382782,0.844928503036499,-5.7395191106479615e-05,-0.017262589186429977,1.0719554424285889,,-0.0040615396574139595,-0.0019713533110916615,0.006544291507452726,0.13069693744182587
160,model.layers.1.linear_attn.in_proj_qkv.weight,6144,1024,0.00016276041666666666,0.00011061882105423138,2.483344316482544,0.0001936908083735034,0.4995841085910797,0.0005616380367428064,0.18015176057815552,0.2707104980945587,0.007016505114734173,0.5229317545890808,1.5315961837768555,1.0003060102462769,55.72051239013672,-0.04199293255805969,0.005450041498988867,0.04705540090799332,0.5664875507354736,0.38645699620246887,0.047055404633283615,0.38645699620246887,1.2533377408981323,8.0,0.06372952461242676,0.06495223939418793,0.8935829997062683,-7.3660348789417185e-06,-0.00673065148293972,0.2529813349246979,,-0.002714000642299652,-0.00496166804805398,0.00788877997547388,0.06809445470571518
160,model.layers.1.linear_attn.out_proj.weight,1024,2048,0.00048828125,0.00029839191120117903,1.3496743440628052,-0.00010129648580914363,1.1512603759765625,0.0003442101296968758,0.11933114379644394,0.3826843500137329,0.01035313494503498,0.5364601016044617,1.4563438892364502,1.0003072023391724,25.928787231445312,0.006547427270561457,0.003124434733763337,0.06867513060569763,0.4442855715751648,0.4870392978191376,0.06867513060569763,0.4870392978191376,1.1100422143936157,,,,,,,,,,,,
160,model.layers.12.linear_attn.in_proj_qkv.weight,6144,1024,0.00016276041666666666,8.651710231788456e-05,2.39628267288208,0.00017020029190462083,0.6090073585510254,0.0005597173003479838,0.15791498124599457,0.26458364725112915,0.0037618631031364202,0.5960535407066345,1.5518243312835693,1.0003052949905396,67.17765808105469,-0.07151782512664795,0.005906800273805857,0.025354089215397835,0.513214647769928,0.46143123507499695,0.025354092940688133,0.46143123507499695,1.4012134075164795,8.0,0.06969574838876724,0.06925924122333527,0.8736442923545837,9.668917755334405e-08,-0.0036111227236688137,0.24198560416698456,,-0.008787058293819427,-0.0030977032147347927,0.006722174119204283,0.10115048289299011
160,model.layers.12.linear_attn.out_proj.weight,1024,2048,0.00048828125,0.0003648949204944074,2.631824016571045,0.00019582688400987536,0.8794438242912292,4.5013672206550837e-05,0.1640843152999878,0.34655970335006714,0.01429809257388115,0.5651888251304626,1.4367648363113403,1.0003212690353394,78.67646789550781,-0.04863852262496948,0.003353285603225231,0.005939005874097347,0.4434181749820709,0.5506428480148315,0.005939005874097347,0.5506428480148315,1.5658116340637207,,,,,,,,,,,,
160,model.layers.21.linear_attn.in_proj_qkv.weight,6144,1024,0.00016276041666666666,0.00012121364852646366,3.2687184810638428,0.00038489524740725756,0.20500417053699493,0.0009411158971488476,0.20475460588932037,0.2378399670124054,0.008366976864635944,0.5155412554740906,1.5329301357269287,1.0003089904785156,32.78276062011719,0.01620160974562168,0.005729172844439745,0.05766551196575165,0.45770663022994995,0.4846278429031372,0.057665515691041946,0.484627902507782,1.1148477792739868,8.0,0.06659828126430511,0.0632692277431488,0.885225772857666,-1.5107556237126119e-06,-0.0017872354947030544,0.04434030503034592,,-0.008847995661199093,-0.009815980680286884,0.0011490146862342954,0.05608494207262993
160,model.layers.21.linear_attn.out_proj.weight,1024,2048,0.00048828125,0.0003178176411893219,2.36144757270813,0.001159064588136971,0.4920201003551483,9.928220242727548e-05,0.1390090435743332,0.36587199568748474,0.006595950573682785,0.5469042658805847,1.4766485691070557,1.0003278255462646,98.70270538330078,-0.02814607135951519,0.0032343529164791107,0.017229178920388222,0.41236311197280884,0.5704076886177063,0.01722918078303337,0.5704076886177063,1.41574227809906,,,,,,,,,,,,
180,model.layers.7.self_attn.q_proj.weight,4096,1024,0.000244140625,0.00011039678065571934,1.9450784921646118,-0.00023233149840962142,0.8055208325386047,0.001180134597234428,0.1638612151145935,0.2804529368877411,0.00801778957247734,0.5414716005325317,1.5357404947280884,1.00031578540802,71.33917236328125,-0.0633791983127594,0.004780292045325041,0.016960417851805687,0.5638529658317566,0.4191865921020508,0.016960417851805687,0.41918665170669556,1.413543939590454,8.0,0.07602549344301224,0.07152722775936127,0.886387288570404,-3.684632247313857e-05,0.009182176552712917,0.5849445462226868,-0.0040128091919831525,0.006454329937696457,0.0014835750916972756,0.003551427274942398,0.073956698179245
180,model.layers.7.self_attn.k_proj.weight,512,1024,0.0009765625,0.000965252926107496,3.506124496459961,1.02151216196944e-05,0.5447778105735779,0.0011472349287942052,0.1587992161512375,0.25289249420166016,0.02574445679783821,0.6994510889053345,1.3135480880737305,1.0001407861709595,32.4241828918457,-0.0787481963634491,0.0016917444299906492,0.0265636146068573,0.5842812061309814,0.38915517926216125,0.0265636146068573,0.38915517926216125,1.2559674978256226,,,,,,,,,,,,
180,model.layers.7.self_attn.v_proj.weight,512,1024,0.0009765625,0.0008391214651055634,1.8919117450714111,8.333018195116892e-05,0.9797500371932983,0.00036939617712050676,0.14750631153583527,0.24283833801746368,0.003970230929553509,0.7223501205444336,1.462048888206482,1.0001410245895386,39.81648254394531,-0.00810302421450615,0.0016716420650482178,0.023691367357969284,0.4856853187084198,0.4906232953071594,0.023691367357969284,0.4906232953071594,1.528257966041565,,,,,,,,,,,,
180,model.layers.7.self_attn.o_proj.weight,1024,2048,0.00048828125,0.00023408993729390204,1.9343836307525635,2.9527709557441995e-05,1.5596392154693604,4.869772237725556e-05,0.14654307067394257,0.3604331910610199,0.015998590737581253,0.5311338305473328,1.4259061813354492,1.000320315361023,55.995872497558594,0.05001533403992653,0.0034262058325111866,0.031661130487918854,0.3515405058860779,0.6167983412742615,0.031661130487918854,0.6167983412742615,1.2717403173446655,,,,,,,,,,,,
180,model.layers.15.self_attn.q_proj.weight,4096,1024,0.000244140625,0.00011931951303267851,2.5609633922576904,-7.574551273137331e-05,0.8439774513244629,0.0006252574967220426,0.20176421105861664,0.24564118683338165,0.004957981873303652,0.43478041887283325,1.5481938123703003,1.0003045797348022,26.861568450927734,0.039556533098220825,0.0048213438130915165,0.10031282901763916,0.4924372732639313,0.4072498679161072,0.10031282901763916,0.4072498679161072,1.0947755575180054,8.0,0.07164055854082108,0.06997795403003693,0.8882181644439697,7.1966542236623354e-06,0.0033616898581385612,0.7011692523956299,0.002140784702740923,0.00023569469340145588,0.0001653832441661507,-0.009884994477033615,0.05494249239563942
180,model.layers.15.self_attn.k_proj.weight,512,1024,0.0009765625,0.001233235583640635,3.9836618900299072,4.6884797484381124e-06,0.6763590574264526,0.000757387897465378,0.23947563767433167,0.2400890588760376,0.008770222775638103,0.5711067318916321,1.4143564701080322,1.0001497268676758,47.38239669799805,0.015623821876943111,0.0017214360414072871,0.022538254037499428,0.5203969478607178,0.45706480741500854,0.022538254037499428,0.45706480741500854,1.257526159286499,,,,,,,,,,,,
180,model.layers.15.self_attn.v_proj.weight,512,1024,0.0009765625,0.0010129063157364726,1.5667123794555664,0.0009211643482558429,0.7053473591804504,0.00011188102507730946,0.14136958122253418,0.3146393299102783,0.0036151716485619545,0.729527473449707,1.4649969339370728,1.000105857849121,2.789919137954712,-0.14294058084487915,0.0017556208185851574,0.3622511029243469,0.3020700216293335,0.3356788456439972,0.3622511029243469,0.3356788456439972,1.2562830448150635,,,,,,,,,,,,
180,model.layers.15.self_attn.o_proj.weight,1024,2048,0.00048828125,0.0003649721620604396,1.8319207429885864,0.0003538830205798149,1.0970271825790405,3.5117911465931684e-05,0.09439119696617126,0.43971559405326843,0.025460433214902878,0.5659588575363159,1.4169702529907227,1.000327467918396,51.96328353881836,-0.07078272104263306,0.0034876037389039993,0.004697959870100021,0.3853724002838135,0.609929621219635,0.004697959870100021,0.609929621219635,1.5706933736801147,,,,,,,,,,,,
180,model.layers.19.self_attn.q_proj.weight,4096,1024,0.000244140625,0.00017245039634872228,3.1306324005126953,0.00032682588789612055,0.4930311441421509,0.0003005455364473164,0.22682306170463562,0.22420518100261688,0.006094995886087418,0.4010199308395386,1.5304158926010132,1.0003057718276978,60.6898307800293,-0.07391626387834549,0.004872405435889959,0.017178760841488838,0.5333911180496216,0.44943010807037354,0.01717875897884369,0.44943010807037354,1.5499199628829956,8.0,0.0742301270365715,0.07067793607711792,0.8545628786087036,5.781485015177168e-06,0.0020393109880387783,0.35113054513931274,0.002835018812278979,-1.2437542864063289e-05,0.0006937776342965662,0.002380655612796545,0.08089663833379745
180,model.layers.19.self_attn.k_proj.weight,512,1024,0.0009765625,0.0011304505169391632,3.3651013374328613,2.2474614524981007e-06,0.5157181620597839,0.0004913050797767937,0.2421037256717682,0.21657606959342957,0.011783617548644543,0.5854741334915161,1.3548239469528198,1.0001418590545654,35.39535903930664,0.04011087864637375,0.0018048122292384505,0.01783292181789875,0.5726412534713745,0.4095258116722107,0.01783292181789875,0.4095258116722107,1.2971975803375244,,,,,,,,,,,,
180,model.layers.19.self_attn.v_proj.weight,512,1024,0.0009765625,0.0006623062072321773,1.4365525245666504,0.0009255156037397683,0.4035218358039856,0.0007954775937832892,0.15262384712696075,0.25711870193481445,0.004189528990536928,0.6495756506919861,1.4446314573287964,1.0001294612884521,8.959074020385742,0.050928592681884766,0.0017331180861219764,0.13371706008911133,0.3324888050556183,0.5337942242622375,0.13371706008911133,0.5337942242622375,0.9428650736808777,,,,,,,,,,,,
180,model.layers.19.self_attn.o_proj.weight,1024,2048,0.00048828125,0.0003727055445779115,1.4895105361938477,0.00033932505175471306,0.646892249584198,8.948449249146506e-05,0.07930333912372589,0.46443432569503784,0.008191333152353764,0.5831989049911499,1.4483956098556519,1.0003230571746826,45.92086410522461,0.025992728769779205,0.0034179002977907658,0.017036722972989082,0.3820885717868805,0.6008747220039368,0.017036719247698784,0.6008747220039368,1.4483423233032227,,,,,,,,,,,,
180,model.layers.1.mlp.gate_proj.weight,3584,1024,0.00027901785714285713,0.00024871129426173866,2.8843350410461426,0.00041059922659769654,0.5920467376708984,0.0006902232998982072,0.17768599092960358,0.30697768926620483,0.010595920495688915,0.5252412557601929,1.5168988704681396,1.000314474105835,95.45157623291016,-0.0033655434381216764,0.004189318511635065,0.011722645722329617,0.5079800486564636,0.48029738664627075,0.011722645722329617,0.48029738664627075,1.5460604429244995,,,,,,,,,,,,
180,model.layers.1.mlp.up_proj.weight,3584,1024,0.00027901785714285713,0.0002755645546130836,2.5559980869293213,0.0003681534726638347,1.027978777885437,0.00011346242536092177,0.15600016713142395,0.3414068818092346,0.007873086258769035,0.5097475051879883,1.5121568441390991,1.000329613685608,95.41130828857422,0.00305899977684021,0.004250431898981333,0.012237031012773514,0.5071123242378235,0.48065051436424255,0.012237031012773514,0.48065051436424255,1.5615373849868774,,,,,,,,,,,,
180,model.layers.1.mlp.down_proj.weight,1024,3584,0.00027901785714285713,0.000304698187392205,4.7082014083862305,0.0003719109809026122,1.0056418180465698,0.0009442061418667436,0.18582236766815186,0.2848968207836151,0.013327893801033497,0.5488878488540649,1.436883568763733,1.0003050565719604,38.502197265625,-0.008856995962560177,0.004235022235661745,0.029464352875947952,0.44836270809173584,0.5221729874610901,0.0294643547385931,0.5221729874610901,1.2626993656158447,8.0,0.0723663941025734,0.06396311521530151,0.9117831587791443,7.6114447438158095e-06,-0.014035576954483986,2.288398265838623,,-0.001731216674670577,-0.0012378526153042912,0.009797096252441406,0.048094794154167175
180,model.layers.12.mlp.gate_proj.weight,3584,1024,0.00027901785714285713,0.00023769927793182433,2.7472362518310547,-0.00013049198605585843,0.617784321308136,0.0007711597718298435,0.17708536982536316,0.2604271173477173,0.00656008580699563,0.5714265704154968,1.521414875984192,1.0003242492675781,100.72360229492188,0.017690807580947876,0.004395883996039629,0.014045062474906445,0.5192808508872986,0.4666740596294403,0.014045060612261295,0.4666740596294403,1.5500638484954834,,,,,,,,,,,,
180,model.layers.12.mlp.up_proj.weight,3584,1024,0.00027901785714285713,0.000270633987383917,2.4777586460113525,0.00040455785347148776,1.0459368228912354,0.00023557152599096298,0.2071232795715332,0.27339011430740356,0.006536770146340132,0.5115464925765991,1.5140962600708008,1.0003000497817993,73.66925048828125,-0.017055578529834747,0.004418150056153536,0.015335442498326302,0.5746750831604004,0.4099893867969513,0.015335440635681152,0.4099893867969513,1.4499586820602417,,,,,,,,,,,,
180,model.layers.12.mlp.down_proj.weight,1024,3584,0.00027901785714285713,0.0002468610182404518,4.48114538192749,0.0004198462702333927,1.0409717559814453,0.00020875257905572653,0.19773998856544495,0.2926636040210724,0.022496525198221207,0.5363847017288208,1.4103816747665405,1.000311017036438,66.81690216064453,0.0016110449796542525,0.004424867685884237,0.016550086438655853,0.48965081572532654,0.493799090385437,0.016550086438655853,0.493799090385437,1.5518616437911987,8.0,0.057892102748155594,0.06340289860963821,0.9079930186271667,-5.099285772303119e-05,-0.02040509134531021,2.4128408432006836,,-0.006473669316619635,-0.0015132669359445572,0.00801688339561224,0.04259138181805611
180,model.layers.22.mlp.gate_proj.weight,3584,1024,0.00027901785714285713,0.00021351707982830703,2.6037299633026123,0.0007787520880810916,0.2680354714393616,0.0005321992211975157,0.17189382016658783,0.2722908854484558,0.00570685276761651,0.5666372776031494,1.5260868072509766,1.0003212690353394,78.13848114013672,-0.046920232474803925,0.00437696510925889,0.04561326652765274,0.47821325063705444,0.4761734902858734,0.04561326652765274,0.4761735200881958,1.0958706140518188,,,,,,,,,,,,
180,model.layers.22.mlp.up_proj.weight,3584,1024,0.00027901785714285713,0.0003180359199177474,2.640122652053833,0.00019958573102485389,0.6106178164482117,0.0006181885837577283,0.17058011889457703,0.3040282726287842,0.011591700837016106,0.5630988478660583,1.5143314599990845,1.000304102897644,71.30582427978516,0.03144145384430885,0.004473953042179346,0.029534142464399338,0.4597228169441223,0.5107430815696716,0.029534142464399338,0.5107430815696716,1.263336181640625,,,,,,,,,,,,
180,model.layers.22.mlp.down_proj.weight,1024,3584,0.00027901785714285713,0.0003755727375391871,2.5471460819244385,0.00022011372493579984,0.5996457934379578,0.0003557295131031424,0.10806728154420853,0.40033629536628723,0.01310239639133215,0.56617271900177,1.4552949666976929,1.0003025531768799,38.3176383972168,-0.015917310491204262,0.004492294043302536,0.043419722467660904,0.38695329427719116,0.5696269869804382,0.043419722467660904,0.5696269869804382,1.257311463356018,8.0,0.06602595001459122,0.06134596839547157,0.8449525237083435,-7.783364708302543e-06,-0.015203408896923065,1.1472067832946777,,-0.003443185007199645,-0.002098152879625559,-0.008160218596458435,0.11682350933551788
180,model.layers.1.linear_attn.in_proj_qkv.weight,6144,1024,0.00016276041666666666,0.00010545088298385963,2.2755961418151855,-6.287871656240895e-05,0.49638575315475464,0.0007462480571120977,0.1701604574918747,0.2693276107311249,0.007958752103149891,0.5069524645805359,1.531370759010315,1.0003046989440918,58.02078628540039,-0.05831419304013252,0.005573241505771875,0.03697638213634491,0.48041364550590515,0.4826101064682007,0.03697638213634491,0.4826100468635559,1.2583470344543457,8.0,0.06462226063013077,0.06151706725358963,0.907164990901947,2.798906507450738e-06,-0.00039152882527559996,0.24858033657073975,,0.002992053283378482,-0.0009041439043357968,-0.000848065537866205,0.05934109911322594
180,model.layers.1.linear_attn.out_proj.weight,1024,2048,0.00048828125,0.0026944251731038094,1.3085638284683228,0.00011359617201378569,1.252368450164795,0.00023584072187077254,0.10254691541194916,0.39851561188697815,0.00802207924425602,0.5421944260597229,1.4549182653427124,1.0003091096878052,52.29849624633789,0.0041012330912053585,0.0032184342853724957,0.041080933064222336,0.4581540524959564,0.5007650852203369,0.041080933064222336,0.5007650256156921,1.2557077407836914,,,,,,,,,,,,
180,model.layers.12.linear_attn.in_proj_qkv.weight,6144,1024,0.00016276041666666666,7.339462172240019e-05,2.012648105621338,-0.00012106050417060032,0.7109653949737549,0.0002507826138753444,0.1596662551164627,0.26016637682914734,0.0023754534777253866,0.5735960006713867,1.552829384803772,1.0002893209457397,18.678064346313477,-0.00729010533541441,0.005890482570976019,0.1046583503484726,0.4777645766735077,0.4175770878791809,0.10465835779905319,0.4175770580768585,1.100576400756836,8.0,0.06876952946186066,0.07836481183767319,0.8878000974655151,6.157064490253106e-06,0.006303973495960236,0.2586318254470825,0.0009766958084767847,0.0011656584683805704,0.00299241254106164,0.0066634719260036945,0.10755729675292969
180,model.layers.12.linear_attn.out_proj.weight,1024,2048,0.00048828125,0.000313094089506194,2.3480305671691895,-0.00024545981432311237,0.9105618596076965,8.39870044728741e-05,0.16449810564517975,0.33390289545059204,0.029046351090073586,0.5449753999710083,1.401837706565857,1.000309944152832,86.8219985961914,-0.023751087486743927,0.003384336829185486,0.005742965266108513,0.4702552258968353,0.5240018367767334,0.005742965266108513,0.5240018367767334,1.5707228183746338,,,,,,,,,,,,
180,model.layers.21.linear_attn.in_proj_qkv.weight,6144,1024,0.00016276041666666666,0.00011387481208657846,3.087198495864868,-4.56951602245681e-05,0.19504067301750183,0.0008538148831576109,0.17952491343021393,0.26371559500694275,0.007084254641085863,0.5488338470458984,1.5383774042129517,1.0003077983856201,20.136489868164062,-0.0423954613506794,0.005763126537203789,0.07497499883174896,0.44344598054885864,0.4815789759159088,0.07497499883174896,0.4815789759159088,1.107513666152954,8.0,0.06061062589287758,0.06492549926042557,0.8876858949661255,-4.5804048909303674e-07,-9.106933430302888e-05,0.03323359787464142,,-0.0033037879038602114,-0.000689959095325321,0.0001892227155622095,0.04989612475037575
180,model.layers.21.linear_attn.out_proj.weight,1024,2048,0.00048828125,0.00034163222881034017,2.4952239990234375,0.0003238943172618747,0.4010756313800812,0.00012042809248669073,0.13462895154953003,0.374279648065567,0.006145597435534,0.5626177191734314,1.4721200466156006,1.0003257989883423,68.10045623779297,0.07111774384975433,0.0033276269678026438,0.0058974321000278,0.40874990820884705,0.5853525996208191,0.005897432565689087,0.5853525996208191,1.570748209953308,,,,,,,,,,,,
200,model.layers.7.self_attn.q_proj.weight,4096,1024,0.000244140625,0.00011839279613923281,2.1657283306121826,0.0007090700673870742,0.8221376538276672,0.00031351132201962173,0.18463605642318726,0.25962021946907043,0.005555595271289349,0.5119163990020752,1.537237524986267,1.0002950429916382,61.50594711303711,-0.12548679113388062,0.004636162426322699,0.05156201496720314,0.5847700834274292,0.36366787552833557,0.05156201496720314,0.3636678159236908,1.0953725576400757,8.0,0.0700320303440094,0.0719079002737999,0.8723130822181702,-3.751280746655539e-05,0.0014458410441875458,0.7116732597351074,-0.02594531924332994,-0.002448255894705653,0.00011747088865377009,0.009152062237262726,0.07098444551229477
200,model.layers.7.self_attn.k_proj.weight,512,1024,0.0009765625,0.001021723379381001,3.161972999572754,-8.573951163270976e-06,0.6237237453460693,0.001018185750581324,0.1650267392396927,0.25365036725997925,0.02623823657631874,0.6765320301055908,1.3347691297531128,1.0001401901245117,20.34548568725586,-0.0274761151522398,0.001694026286713779,0.07696688175201416,0.5590734481811523,0.3639596402645111,0.07696688175201416,0.3639596402645111,0.9382829070091248,,,,,,,,,,,,
200,model.layers.7.self_attn.v_proj.weight,512,1024,0.0009765625,0.0009320751414634287,2.0922327041625977,0.002421802142634988,1.0269005298614502,0.0008760200580582023,0.14937321841716766,0.25603342056274414,0.006479695904999971,0.7126169800758362,1.4450546503067017,1.0001403093338013,14.371726036071777,-0.11457236856222153,0.001620285795070231,0.0875319167971611,0.41286349296569824,0.49960461258888245,0.0875319242477417,0.49960461258888245,0.9536514282226562,,,,,,,,,,,,
200,model.layers.7.self_attn.o_proj.weight,1024,2048,0.00048828125,0.00023339956533163786,2.073467254638672,0.0008226001518778503,1.610918641090393,5.541230348171666e-05,0.13587258756160736,0.37950748205184937,0.015714239329099655,0.5614777207374573,1.4298104047775269,1.0003318786621094,77.77037048339844,-0.04423753172159195,0.003253901842981577,0.011231553740799427,0.37461936473846436,0.6141491532325745,0.011231553740799427,0.6141490936279297,1.5694445371627808,,,,,,,,,,,,
200,model.layers.15.self_attn.q_proj.weight,4096,1024,0.000244140625,0.0001338043512078002,2.7799572944641113,1.9657056327559985e-05,0.7372276186943054,0.00013572638272307813,0.20095090568065643,0.25095561146736145,0.0025625552516430616,0.45065486431121826,1.5486053228378296,1.0003241300582886,52.74526596069336,-0.019269036129117012,0.004585666581988335,0.040494441986083984,0.44369423389434814,0.5158112645149231,0.040494441986083984,0.5158113241195679,1.2308048009872437,8.0,0.06833546608686447,0.0686558336019516,0.8871479034423828,-2.2670124963042326e-05,0.0005670293467119336,0.6661725044250488,-0.039980514402827495,-0.0031419494189321995,-5.186034286452923e-07,-0.011448869481682777,0.04827839881181717
200,model.layers.15.self_attn.k_proj.weight,512,1024,0.0009765625,0.0009388356120325625,3.7127652168273926,-7.004947747191181e-06,0.6566824913024902,1.6628151570330374e-05,0.22360064089298248,0.2704005241394043,0.002778370166197419,0.5828341841697693,1.4807900190353394,1.0001472234725952,44.87334442138672,0.026677072048187256,0.0015753344632685184,0.0010024313814938068,0.5225350856781006,0.4764625132083893,0.0010024313814938068,0.4764625132083893,1.5707883834838867,,,,,,,,,,,,
200,model.layers.15.self_attn.v_proj.weight,512,1024,0.0009765625,0.0008853842737153172,1.6307711601257324,-8.918158710002899e-05,0.6543967723846436,9.845343447523192e-05,0.1714552938938141,0.2798253893852234,0.002475482178851962,0.6666279435157776,1.4529554843902588,1.0001089572906494,4.096057415008545,0.04554768651723862,0.0016244546277448535,0.25373032689094543,0.27377626299858093,0.472493439912796,0.25373032689094543,0.472493439912796,1.2466230392456055,,,,,,,,,,,,
200,model.layers.15.self_attn.o_proj.weight,1024,2048,0.00048828125,0.0005759576451964676,1.6015064716339111,-2.216876600869e-05,1.2714968919754028,3.0285025786724873e-05,0.07828940451145172,0.499686062335968,0.011543006636202335,0.6206985712051392,1.453386902809143,1.0003340244293213,69.11307525634766,0.023125411942601204,0.003243868937715888,0.012401594780385494,0.383248895406723,0.6043494939804077,0.012401594780385494,0.6043495535850525,1.563955307006836,,,,,,,,,,,,
200,model.layers.19.self_attn.q_proj.weight,4096,1024,0.000244140625,0.0002262723573949188,2.506758213043213,-0.0010246312012895942,0.47568219900131226,0.0012114798882976174,0.2022993266582489,0.25043919682502747,0.012700497172772884,0.45216086506843567,1.5246413946151733,1.000319004058838,50.712547302246094,-0.02191220596432686,0.004637044854462147,0.03444724902510643,0.520897626876831,0.44465506076812744,0.03444724902510643,0.44465506076812744,1.267772912979126,8.0,0.062102191150188446,0.06558816879987717,0.8626314401626587,4.819595233129803e-06,-0.0050824591889977455,0.34505993127822876,,-0.004946019034832716,-0.0016768743516877294,0.004237423650920391,0.08674407750368118
200,model.layers.19.self_attn.k_proj.weight,512,1024,0.0009765625,0.0009814243530854583,2.504855155944824,1.0333790669392329e-05,0.5027811527252197,8.794951281743124e-05,0.24431535601615906,0.2165016382932663,0.009025315754115582,0.6012631058692932,1.4136871099472046,1.0001468658447266,41.278480529785156,-0.03752947598695755,0.0016281390562653542,0.026030952110886574,0.5579985976219177,0.4159703254699707,0.026030952110886574,0.4159703254699707,1.2461061477661133,,,,,,,,,,,,
200,model.layers.19.self_attn.v_proj.weight,512,1024,0.0009765625,0.0010324218310415745,1.4205851554870605,0.004909906070679426,0.4491925835609436,0.0017503212438896298,0.1516389399766922,0.25939440727233887,0.006853599566966295,0.6354312896728516,1.4261207580566406,1.0001130104064941,3.5420455932617188,-0.09740422666072845,0.001668239594437182,0.3005836009979248,0.2866101861000061,0.4128062427043915,0.3005836009979248,0.4128062427043915,1.1847162246704102,,,,,,,,,,,,
200,model.layers.19.self_attn.o_proj.weight,1024,2048,0.00048828125,0.0006469687214121222,1.3622190952301025,0.0015088878571987152,0.868977963924408,8.95550474524498e-05,0.06538312137126923,0.530238926410675,0.008344678208231926,0.6352280974388123,1.454806923866272,1.0003275871276855,29.333457946777344,-0.04424867779016495,0.003345482749864459,0.019902002066373825,0.3442460596561432,0.6358519792556763,0.019902002066373825,0.6358519792556763,1.4160420894622803,,,,,,,,,,,,
200,model.layers.1.mlp.gate_proj.weight,3584,1024,0.00027901785714285713,0.00031763038714416325,3.1578409671783447,-0.0004665049782488495,0.7599853873252869,0.0005400258814916015,0.18381759524345398,0.30313268303871155,0.010034313425421715,0.5310700535774231,1.516300082206726,1.0003210306167603,87.10746765136719,0.019559035077691078,0.0042954497039318085,0.021068040281534195,0.5163503885269165,0.4625815749168396,0.021068040281534195,0.4625815153121948,1.402993083000183,,,,,,,,,,,,
200,model.layers.1.mlp.up_proj.weight,3584,1024,0.00027901785714285713,0.0002737971080932766,2.813680648803711,-0.0003106679941993207,1.2819998264312744,9.970412793336436e-05,0.16429845988750458,0.3337631821632385,0.00889009702950716,0.5125945210456848,1.50917649269104,1.0003398656845093,80.9509506225586,-0.005659374874085188,0.004299812018871307,0.009779073297977448,0.5205745697021484,0.46964627504348755,0.009779074229300022,0.46964627504348755,1.5578173398971558,,,,,,,,,,,,
200,model.layers.1.mlp.down_proj.weight,1024,3584,0.00027901785714285713,0.0003027021302841604,4.63625431060791,-0.00031078761094249785,1.266098976135254,0.0009182334179058671,0.19408346712589264,0.2801287770271301,0.013158803805708885,0.534785270690918,1.4377014636993408,1.0003153085708618,92.17058563232422,0.013176819309592247,0.004278769250959158,0.010452116839587688,0.5135893225669861,0.47595861554145813,0.010452116839587688,0.47595861554145813,1.5612815618515015,8.0,0.07075492292642593,0.06839782744646072,0.8974732160568237,3.274267874076031e-05,0.014112460426986217,3.777958393096924,0.0023201254600614435,0.005717059597373009,0.0007969330763444304,-0.0015055970288813114,0.03579330071806908
200,model.layers.12.mlp.gate_proj.weight,3584,1024,0.00027901785714285713,0.00018196152814198285,2.9726004600524902,-0.0004881408822257072,0.7413761615753174,0.0005366140976548195,0.1968575268983841,0.24377860128879547,0.005368470214307308,0.5503898859024048,1.5278323888778687,1.0002858638763428,17.213552474975586,-0.009919652715325356,0.0044543850235641,0.11519106477499008,0.5170302391052246,0.3677787184715271,0.11519104987382889,0.3677787482738495,0.9420282244682312,,,,,,,,,,,,
200,model.layers.12.mlp.up_proj.weight,3584,1024,0.00027901785714285713,0.0002902034902945161,2.623490333557129,-0.00032611453207209706,1.2723184823989868,0.0002743338409345597,0.2207270711660385,0.2548257112503052,0.007275118492543697,0.4965225160121918,1.5159400701522827,1.0003029108047485,43.88056182861328,0.001262399135157466,0.004456226713955402,0.050428375601768494,0.5003014802932739,0.4492701292037964,0.0504283681511879,0.4492701292037964,1.246620774269104,,,,,,,,,,,,
200,model.layers.12.mlp.down_proj.weight,1024,3584,0.00027901785714285713,0.0002590256626717746,5.034981727600098,-0.00034184064134024084,1.2568600177764893,0.00014828141138423234,0.2065601348876953,0.2849680185317993,0.017422806471586227,0.5195834040641785,1.4185243844985962,1.0003048181533813,48.7635383605957,0.0034113505389541388,0.004392066039144993,0.018879683688282967,0.48373910784721375,0.4973811209201813,0.018879683688282967,0.4973811209201813,1.5103029012680054,8.0,0.06422726809978485,0.06434125453233719,0.9029474258422852,-7.55889959691558e-06,-0.00066757807508111,3.6122846603393555,,0.0015772412298247218,-0.0001521137310191989,-0.003741050139069557,0.028229717165231705
200,model.layers.22.mlp.gate_proj.weight,3584,1024,0.00027901785714285713,0.00041831409907899797,2.5742850303649902,-0.00013970467261970043,0.3296014964580536,0.0010176938958466053,0.17935246229171753,0.25709864497184753,0.0083779813721776,0.5536656379699707,1.5192451477050781,1.000322699546814,58.73320770263672,-0.01960621029138565,0.004435046575963497,0.023969687521457672,0.4805620610713959,0.4954681992530823,0.023969685658812523,0.49546822905540466,1.271248698234558,,,,,,,,,,,,
200,model.layers.22.mlp.up_proj.weight,3584,1024,0.00027901785714285713,0.00020526687148958445,2.3294780254364014,0.00021622475469484925,0.8119288682937622,0.0008786243852227926,0.17513933777809143,0.2931724786758423,0.014437338337302208,0.5502502918243408,1.512195110321045,1.0003141164779663,95.53472137451172,-0.035177528858184814,0.004516322631388903,0.037121791392564774,0.45944035053253174,0.5034378170967102,0.037121791392564774,0.5034378170967102,1.106497883796692,,,,,,,,,,,,
200,model.layers.22.mlp.down_proj.weight,1024,3584,0.00027901785714285713,0.00046816241228953004,2.2396204471588135,0.00025760874268598855,0.7564168572425842,0.00011273175914539024,0.095988929271698,0.4352049231529236,0.005607542581856251,0.5952354073524475,1.4703885316848755,1.0003092288970947,38.742496490478516,-0.07315115630626678,0.004609310068190098,0.00909949280321598,0.3379669189453125,0.6529335975646973,0.009099493734538555,0.6529335975646973,1.5696359872817993,8.0,0.06977176666259766,0.06236856058239937,0.8412905335426331,-3.0591025279136375e-05,-0.033132798969745636,1.706095814704895,,0.0013261593412607908,-0.001886241021566093,0.008390983566641808,0.14885398745536804
200,model.layers.1.linear_attn.in_proj_qkv.weight,6144,1024,0.00016276041666666666,0.00013353170652408153,2.652066946029663,0.00032412566361017525,0.6593594551086426,0.0004084091051481664,0.1856747418642044,0.26962244510650635,0.007009404711425304,0.5190574526786804,1.5337793827056885,1.000321865081787,81.74508666992188,-0.13657568395137787,0.005696161184459925,0.021760981529951096,0.535536527633667,0.4427025020122528,0.021760981529951096,0.4427025020122528,1.3965821266174316,8.0,0.07233808189630508,0.06960589438676834,0.8677892088890076,6.854689672763925e-06,-0.0031704476568847895,0.470098614692688,,0.0016357088461518288,-0.000735333887860179,-0.004094371572136879,0.05008936673402786
200,model.layers.1.linear_attn.out_proj.weight,1024,2048,0.00048828125,0.00022772872762288898,1.4108505249023438,0.0003710438613779843,1.3601270914077759,0.0004820699687115848,0.11969562619924545,0.3802180886268616,0.013907001353800297,0.5350494384765625,1.439993143081665,1.0002989768981934,12.881131172180176,-0.04095606878399849,0.0032155788503587246,0.13170269131660461,0.40931352972984314,0.45898371934890747,0.13170269131660461,0.45898371934890747,0.9157018065452576,,,,,,,,,,,,
200,model.layers.12.linear_attn.in_proj_qkv.weight,6144,1024,0.00016276041666666666,7.737817941233516e-05,2.265902519226074,-5.674492786056362e-05,0.7408185601234436,0.00041746211354620755,0.15683799982070923,0.2707649767398834,0.0031275013461709023,0.5955947041511536,1.5530805587768555,1.000295639038086,23.870040893554688,0.06239659711718559,0.005662611220031977,0.049660779535770416,0.4819066524505615,0.46843254566192627,0.049660779535770416,0.46843257546424866,1.4113596677780151,8.0,0.06984832137823105,0.06651641428470612,0.8690560460090637,4.99862699143705e-06,0.0016999205108731985,0.391546368598938,0.002940506311597713,0.002718854695558548,0.00033782803802751005,-0.006454316433519125,0.09420628845691681
200,model.layers.12.linear_attn.out_proj.weight,1024,2048,0.00048828125,0.0003025570185855031,2.4604668617248535,0.0003444401954766363,1.043668508529663,6.278239015955478e-05,0.18141312897205353,0.31916871666908264,0.017249364405870438,0.5284208059310913,1.422819972038269,1.000308632850647,87.87374877929688,-0.006392295937985182,0.0032822114881128073,0.0068834866397082806,0.4610331654548645,0.5320833921432495,0.0068834866397082806,0.5320833325386047,1.5700401067733765,,,,,,,,,,,,
200,model.layers.21.linear_attn.in_proj_qkv.weight,6144,1024,0.00016276041666666666,0.00010526355617912486,2.8475494384765625,0.0002986461913678795,0.23439151048660278,0.001156147220171988,0.1951504349708557,0.24369381368160248,0.009961230680346489,0.5206621885299683,1.5321840047836304,1.000313639640808,43.58171081542969,0.047919318079948425,0.0059325601905584335,0.03742821887135506,0.5345020890235901,0.42806974053382874,0.03742821887135506,0.42806974053382874,1.4019211530685425,8.0,0.06193748489022255,0.058867231011390686,0.8889467716217041,-3.7355314930209715e-07,-0.0004854442668147385,0.05702502280473709,,0.0005380697548389435,-0.0017446749843657017,-0.010835366323590279,0.04677772894501686
200,model.layers.21.linear_attn.out_proj.weight,1024,2048,0.00048828125,0.00040883407928049564,2.174360513687134,0.0005161287263035774,0.5215372443199158,0.0001280082215089351,0.1353050023317337,0.37077564001083374,0.008538956753909588,0.5553274750709534,1.4682282209396362,1.000325322151184,64.6183090209961,-0.0003901355084963143,0.003539727069437504,0.010573925450444221,0.4378906488418579,0.551535427570343,0.010573925450444221,0.551535427570343,1.4245355129241943,,,,,,,,,,,,
220,model.layers.7.self_attn.q_proj.weight,4096,1024,0.000244140625,0.00012308399891480803,2.8548743724823,-0.00016919673362281173,0.5382128953933716,0.001448704395443201,0.18172703683376312,0.2685994505882263,0.00937643926590681,0.5439032912254333,1.5313045978546143,1.000290036201477,8.558794975280762,-0.11009936779737473,0.0047033559530973434,0.16018223762512207,0.4906395673751831,0.3491782248020172,0.16018222272396088,0.3491782248020172,0.8232435584068298,8.0,0.06449873745441437,0.0652003139257431,0.8921440243721008,-3.0804003472439945e-05,-0.0030176374129951,0.3293445408344269,,-0.001873425324447453,-0.0006649532588198781,0.013381222262978554,0.07330963015556335
220,model.layers.7.self_attn.k_proj.weight,512,1024,0.0009765625,0.001405651099048555,3.9933817386627197,-2.282320792801329e-06,0.396236777305603,0.0014259564923122525,0.16115912795066833,0.2787831425666809,0.03521658107638359,0.6768130660057068,1.3024450540542603,1.0001412630081177,31.608556747436523,-0.03693820536136627,0.0016589196166023612,0.06687120348215103,0.5097786784172058,0.423350065946579,0.06687120348215103,0.423350065946579,0.6316285133361816,,,,,,,,,,,,
220,model.layers.7.self_attn.v_proj.weight,512,1024,0.0009765625,0.001005660742521286,2.1725714206695557,-0.00022985113901086152,0.7765700221061707,0.00044431662536226213,0.1275181770324707,0.26099807024002075,0.004984191153198481,0.7560425400733948,1.4501794576644897,1.0001376867294312,18.758363723754883,0.046301256865262985,0.0016782176680862904,0.11463635414838791,0.32692328095436096,0.5584404468536377,0.11463635414838791,0.5584404468536377,0.34610506892204285,,,,,,,,,,,,
220,model.layers.7.self_attn.o_proj.weight,1024,2048,0.00048828125,0.0002732440480031073,2.125102996826172,-7.451062992913648e-05,1.298935055732727,4.9003996537066996e-05,0.13452762365341187,0.3858430087566376,0.015914246439933777,0.5753070712089539,1.4202042818069458,1.0003286600112915,53.54296875,0.07705161720514297,0.00335883186198771,0.011758122593164444,0.39639803767204285,0.5918437838554382,0.01175812166184187,0.5918437838554382,1.566344976425171,,,,,,,,,,,,
220,model.layers.15.self_attn.q_proj.weight,4096,1024,0.000244140625,0.0001522749662399292,2.900275230407715,0.0004254037339705974,0.7011947631835938,0.00010953200398944318,0.24567964673042297,0.2094942331314087,0.0022688640747219324,0.4008164703845978,1.5476386547088623,1.0003302097320557,91.19515991210938,0.004914805293083191,0.004677269142121077,0.016425544396042824,0.5191725492477417,0.46440190076828003,0.016425542533397675,0.46440190076828003,1.4529279470443726,8.0,0.0660770907998085,0.06831131875514984,0.8721204996109009,-9.12138511921512e-06,0.005181366577744484,0.6847358345985413,-0.0017604207273027527,0.002762948628515005,0.0007709058118052781,-0.015601211227476597,0.06226096674799919
220,model.layers.15.self_attn.k_proj.weight,512,1024,0.0009765625,0.0009599106851965189,4.881314754486084,-3.823067800112767e-06,0.6407493948936462,0.0002937040408141911,0.2439919412136078,0.2432704120874405,0.007295272313058376,0.5561186671257019,1.4340085983276367,1.0001578330993652,26.233047485351562,0.001113961567170918,0.0016954626189544797,0.002166745951399207,0.5354553461074829,0.4623778760433197,0.002166745951399207,0.4623778760433197,1.5707875490188599,,,,,,,,,,,,
220,model.layers.15.self_attn.v_proj.weight,512,1024,0.0009765625,0.0009457596461288631,1.8805851936340332,-0.000630458293017,0.5430718064308167,9.807847527554259e-05,0.19475692510604858,0.2624254822731018,0.005286522675305605,0.6322475075721741,1.4589922428131104,1.0001286268234253,7.621578216552734,-0.013319438323378563,0.0016404316993430257,0.14854882657527924,0.38477081060409546,0.4666803777217865,0.14854882657527924,0.4666803777217865,0.9463167190551758,,,,,,,,,,,,
220,model.layers.15.self_attn.o_proj.weight,1024,2048,0.00048828125,0.0006108113448135555,1.735528826713562,-0.00020765341469086707,0.988704264163971,3.5179855331080034e-05,0.09296174347400665,0.4671678841114044,0.01670926995575428,0.5941154360771179,1.4204422235488892,1.00032639503479,93.41799926757812,0.023959491401910782,0.0033141220919787884,0.009050444699823856,0.4145759344100952,0.5763735771179199,0.009050444699823856,0.5763736367225647,1.5684385299682617,,,,,,,,,,,,
220,model.layers.19.self_attn.q_proj.weight,4096,1024,0.000244140625,0.00015706736303400248,2.6193742752075195,0.0006637209444306791,0.43464961647987366,0.000283131783362478,0.2099475860595703,0.24852445721626282,0.005893818102777004,0.44397780299186707,1.5359073877334595,1.0003101825714111,44.318603515625,-0.056026097387075424,0.00460135517641902,0.047627005726099014,0.5045769810676575,0.4477959871292114,0.047627005726099014,0.4477959871292114,1.2457422018051147,8.0,0.06199755519628525,0.06458384543657303,0.8729777336120605,-1.1353822628734633e-06,-0.00039848461165092885,0.270160973072052,,-0.0025920032057911158,-0.00041593305650167167,-0.009816767647862434,0.07208830118179321
220,model.layers.19.self_attn.k_proj.weight,512,1024,0.0009765625,0.001134735532104969,3.177293539047241,-7.4043296081072185e-06,0.4100376069545746,0.0006196107133291662,0.25093433260917664,0.22004473209381104,0.014434726908802986,0.5671817660331726,1.3266538381576538,1.000144362449646,33.245262145996094,0.06283767521381378,0.0015981176402419806,0.04166604205965996,0.516230583190918,0.4421033263206482,0.041666045784950256,0.4421033263206482,0.9910554885864258,,,,,,,,,,,,
220,model.layers.19.self_attn.v_proj.weight,512,1024,0.0009765625,0.0006262516835704446,1.3856594562530518,0.0008250584942288697,0.37742966413497925,0.001805383712053299,0.1405790001153946,0.2559110224246979,0.006579834036529064,0.6533709168434143,1.4406483173370361,1.0001401901245117,50.9807014465332,0.06386698782444,0.0016161638777703047,0.015168187208473682,0.4165192246437073,0.5683125853538513,0.015168185345828533,0.5683125853538513,1.5583795309066772,,,,,,,,,,,,
220,model.layers.19.self_attn.o_proj.weight,1024,2048,0.00048828125,0.00038775819120928645,1.4266033172607422,0.0002958908153232187,0.6192447543144226,0.00013620484969578683,0.07416209578514099,0.4627111554145813,0.013417805545032024,0.5682210922241211,1.434273600578308,1.0003260374069214,58.748626708984375,0.011396144516766071,0.003263779915869236,0.01182530913501978,0.37345582246780396,0.6147189140319824,0.011825310997664928,0.6147189140319824,1.566948413848877,,,,,,,,,,,,
220,model.layers.1.mlp.gate_proj.weight,3584,1024,0.00027901785714285713,0.0002738035109359771,2.8905301094055176,-0.000622517429292202,0.5437085628509521,0.00012757039803545922,0.17371323704719543,0.3110118508338928,0.0060682883486151695,0.5256157517433167,1.5164616107940674,1.0003128051757812,65.54633331298828,0.019992759451270103,0.0041645485907793045,0.029197311028838158,0.5151984095573425,0.45560431480407715,0.029197312891483307,0.45560431480407715,1.3991864919662476,,,,,,,,,,,,
220,model.layers.1.mlp.up_proj.weight,3584,1024,0.00027901785714285713,0.00037309122853912413,2.4440231323242188,-0.00048640670138411224,0.9501080513000488,0.0001086887059500441,0.1520324945449829,0.3496147692203522,0.008130114525556564,0.5247490406036377,1.51292884349823,1.0003269910812378,37.97166442871094,0.054458342492580414,0.004192684777081013,0.033237434923648834,0.48289281129837036,0.483869731426239,0.033237434923648834,0.4838697910308838,1.4120686054229736,,,,,,,,,,,,
220,model.layers.1.mlp.down_proj.weight,1024,3584,0.00027901785714285713,0.0003534419520292431,4.2411346435546875,-0.000490813807118684,0.9366720914840698,0.0025994901079684496,0.18023847043514252,0.28597745299339294,0.020065784454345703,0.5531570315361023,1.4320510625839233,1.000320315361023,69.11249542236328,0.05829140171408653,0.00419132923707366,0.010559269227087498,0.47930261492729187,0.5101380348205566,0.010559269227087498,0.5101380348205566,1.5676549673080444,8.0,0.08434151858091354,0.07070250064134598,0.9136618971824646,9.877330012386665e-05,0.020573217421770096,1.7945436239242554,0.00480106237633726,0.009505155496299267,0.0020674122497439384,0.005095293279737234,0.04106198996305466
220,model.layers.12.mlp.gate_proj.weight,3584,1024,0.00027901785714285713,0.00021758890943601727,2.8427696228027344,-0.00020018851500935853,0.6115539073944092,0.00029990586335770786,0.17832140624523163,0.26324543356895447,0.004720431752502918,0.58173006772995,1.5307015180587769,1.000320553779602,92.00852966308594,-0.0015916666015982628,0.004390002693980932,0.025526968762278557,0.5092152953147888,0.46525776386260986,0.025526966899633408,0.46525776386260986,1.3934568166732788,,,,,,,,,,,,
220,model.layers.12.mlp.up_proj.weight,3584,1024,0.00027901785714285713,0.00025916981394402683,2.8145623207092285,-0.000277238228591159,0.9891254901885986,0.0004101829545106739,0.21923112869262695,0.25471654534339905,0.008905185386538506,0.5005919933319092,1.5144983530044556,1.0003154277801514,65.95215606689453,-0.005711052101105452,0.004409980960190296,0.028135880827903748,0.5038281679153442,0.4680359661579132,0.028135880827903748,0.46803590655326843,1.4009974002838135,,,,,,,,,,,,
220,model.layers.12.mlp.down_proj.weight,1024,3584,0.00027901785714285713,0.0002594345132820308,5.458912372589111,-0.0002713210415095091,1.037663221359253,0.00014966822345741093,0.19352777302265167,0.30197304487228394,0.016196860000491142,0.5569721460342407,1.4251574277877808,1.0003101825714111,69.00284576416016,-0.015737805515527725,0.004398039076477289,0.022343583405017853,0.48330482840538025,0.49435165524482727,0.022343583405017853,0.49435165524482727,1.4076370000839233,8.0,0.07160584628582001,0.0683552622795105,0.9153522253036499,2.0129780750721693e-05,0.009059556759893894,2.214646816253662,0.002221938808290821,0.0022612654138356447,0.0005871322937309742,0.002824314869940281,0.03331288322806358
220,model.layers.22.mlp.gate_proj.weight,3584,1024,0.00027901785714285713,0.00032402275246568024,2.4079692363739014,0.0002620196610223502,0.2322392463684082,0.0006831024657003582,0.17601773142814636,0.26106584072113037,0.006224701646715403,0.5499913692474365,1.5233227014541626,1.0003273487091064,64.48411560058594,0.0013492690632119775,0.004310389049351215,0.024334998801350594,0.48839759826660156,0.4872673451900482,0.024334998801350594,0.4872673451900482,1.3015774488449097,,,,,,,,,,,,
220,model.layers.22.mlp.up_proj.weight,3584,1024,0.00027901785714285713,0.00019699809490703046,2.1149179935455322,-0.0003423654707148671,0.5965055227279663,0.001084531657397747,0.17140807211399078,0.2938658595085144,0.014144264161586761,0.5449086427688599,1.513224720954895,1.0003092288970947,37.31608581542969,0.016669444739818573,0.0043662055395543575,0.07683280855417252,0.42317870259284973,0.4999884068965912,0.07683280110359192,0.4999884068965912,0.9459314346313477,,,,,,,,,,,,
220,model.layers.22.mlp.down_proj.weight,1024,3584,0.00027901785714285713,0.00048067327588796616,2.193444013595581,-0.0003896451962646097,0.5778798460960388,0.0001249485503649339,0.10417775809764862,0.4132130444049835,0.0057452088221907616,0.5673449039459229,1.4547452926635742,1.0003173351287842,27.422700881958008,-0.006905440241098404,0.004370603244751692,0.046914730221033096,0.40267476439476013,0.5504105091094971,0.046914733946323395,0.5504105091094971,1.4024327993392944,8.0,0.06297387927770615,0.06648213416337967,0.8513821959495544,4.070348950335756e-05,-0.0009004956809803843,0.9363769292831421,,0.0010911925928667188,-0.00037402365705929697,0.0038615823723375797,0.13132934272289276
220,model.layers.1.linear_attn.in_proj_qkv.weight,6144,1024,0.00016276041666666666,0.00010714746167650446,2.5331833362579346,-2.2274607545114122e-05,0.49911224842071533,0.0008452084148302674,0.17815566062927246,0.27341920137405396,0.009510236792266369,0.5135285258293152,1.5277093648910522,1.0003151893615723,75.57754516601562,0.037699177861213684,0.005396474618464708,0.03785635530948639,0.5146712064743042,0.44747239351272583,0.03785635530948639,0.4474724531173706,1.1129908561706543,8.0,0.08123666793107986,0.07709714025259018,0.8970147967338562,5.806215995107777e-06,0.003777332603931427,0.2153782844543457,0.0015371206626243873,0.009128724224865437,0.004824688658118248,-0.010243271477520466,0.038720086216926575
220,model.layers.1.linear_attn.out_proj.weight,1024,2048,0.00048828125,0.0015540821477770805,1.3299391269683838,0.0005315507878549397,1.1102931499481201,0.00047516185441054404,0.1054881289601326,0.4042927622795105,0.018320955336093903,0.5541552305221558,1.4208608865737915,1.0003200769424438,66.7678451538086,0.028436755761504173,0.003144096350297332,0.043159279972314835,0.4932205379009247,0.4636201560497284,0.04315928369760513,0.4636201560497284,1.2015362977981567,,,,,,,,,,,,
220,model.layers.12.linear_attn.in_proj_qkv.weight,6144,1024,0.00016276041666666666,6.271875463426113e-05,2.4037749767303467,5.659940143232234e-05,0.594724714756012,0.00044996183714829385,0.1710849553346634,0.25730645656585693,0.0033483407460153103,0.5756961107254028,1.5518406629562378,1.0003057718276978,51.67044448852539,-0.06206731125712395,0.005734612233936787,0.0274717565625906,0.5257619023323059,0.4467664062976837,0.02747175469994545,0.4467664062976837,1.4121705293655396,8.0,0.0642436146736145,0.06915441155433655,0.878747820854187,-1.3204385140852537e-06,0.0010190107859671116,0.2289043664932251,-0.0012958042567057487,-0.003687638323754072,0.0010446490487083793,-0.008930039592087269,0.07491094619035721
220,model.layers.12.linear_attn.out_proj.weight,1024,2048,0.00048828125,0.00031838074210099876,2.538749933242798,0.00025791351799853146,0.852688729763031,5.065682125859894e-05,0.1665034294128418,0.3437565267086029,0.013500711880624294,0.5576726198196411,1.4367974996566772,1.000308632850647,44.73292541503906,0.03310786932706833,0.0033052321523427963,0.006628028582781553,0.42589399218559265,0.5674780011177063,0.006628028117120266,0.5674780011177063,1.5706452131271362,,,,,,,,,,,,
220,model.layers.21.linear_attn.in_proj_qkv.weight,6144,1024,0.00016276041666666666,0.00010907353134825826,3.028719186782837,-0.00011363259545760229,0.15517981350421906,0.001288401777856052,0.19117777049541473,0.2506084740161896,0.0100676529109478,0.5217766761779785,1.5358742475509644,1.0002856254577637,13.728887557983398,-0.045529525727033615,0.0054870713502168655,0.10773073136806488,0.4622248411178589,0.43004441261291504,0.10773072391748428,0.43004441261291504,0.9576016664505005,8.0,0.0627678856253624,0.059271346777677536,0.8937792778015137,-4.867703182753758e-07,-0.0002652459079399705,0.0233008973300457,,-0.0011459459783509374,-0.0016501634381711483,0.00017554521036799997,0.049177948385477066
220,model.layers.21.linear_attn.out_proj.weight,1024,2048,0.00048828125,0.00036112291854806244,2.238297462463379,0.0002070877089863643,0.40884214639663696,9.13229669095017e-05,0.13492020964622498,0.37169140577316284,0.005734563805162907,0.5548291206359863,1.4830907583236694,1.0003228187561035,44.74837875366211,-0.03573949635028839,0.003281006822362542,0.011778052896261215,0.4463057518005371,0.5419161319732666,0.01177805382758379,0.5419161319732666,1.419777512550354,,,,,,,,,,,,
240,model.layers.7.self_attn.q_proj.weight,4096,1024,0.000244140625,0.00013187226431909949,2.6465349197387695,-0.0002305704401805997,0.7436851263046265,0.00044866991811431944,0.17918288707733154,0.2677261531352997,0.006807791534811258,0.5356942415237427,1.534380555152893,1.000308632850647,72.36211395263672,0.10690771043300629,0.004723290912806988,0.03195466101169586,0.5434263944625854,0.4246189594268799,0.03195466101169586,0.4246189594268799,1.2636417150497437,8.0,0.07328417897224426,0.06894411146640778,0.892765998840332,-9.364311154058669e-06,0.0033767204731702805,0.6435518264770508,-0.002773197020145069,-8.421869279118255e-05,0.0005822904640808702,0.00889036525040865,0.05740751698613167
240,model.layers.7.self_attn.k_proj.weight,512,1024,0.0009765625,0.0011586564360186458,3.8677217960357666,4.3700929381884634e-06,0.5376896262168884,0.0013307846384122968,0.15421268343925476,0.2675219774246216,0.026482220739126205,0.6991737484931946,1.327810525894165,1.000144600868225,20.83653450012207,-0.037472739815711975,0.0016716518439352512,0.08650540560483932,0.5348383784294128,0.3786562383174896,0.08650540560483932,0.3786562383174896,0.6302657127380371,,,,,,,,,,,,
240,model.layers.7.self_attn.v_proj.weight,512,1024,0.0009765625,0.0009783750865608454,2.2039177417755127,0.00029581275884993374,1.0099412202835083,0.0006002300651744008,0.14573471248149872,0.25500231981277466,0.004952263552695513,0.7188746929168701,1.4636505842208862,1.0001459121704102,23.276748657226562,0.07992422580718994,0.0016699261032044888,0.026598136872053146,0.37404337525367737,0.5993584394454956,0.026598136872053146,0.5993584394454956,1.2503050565719604,,,,,,,,,,,,
240,model.layers.7.self_attn.o_proj.weight,1024,2048,0.00048828125,0.0002626358182169497,1.9856436252593994,8.194435213226825e-05,1.9295741319656372,2.6535339202382602e-05,0.12035403400659561,0.4206218421459198,0.00992859248071909,0.619265079498291,1.4512224197387695,1.0003159046173096,68.15335083007812,0.022444533184170723,0.003412884194403887,0.014468861743807793,0.3583613932132721,0.6271697878837585,0.014468860812485218,0.6271697282791138,1.557169795036316,,,,,,,,,,,,
240,model.layers.15.self_attn.q_proj.weight,4096,1024,0.000244140625,0.0001556591159896925,2.9771335124969482,2.098393815685995e-05,1.0538746118545532,0.0002683821367099881,0.2576596140861511,0.18394310772418976,0.0024982590693980455,0.37536075711250305,1.547654628753662,1.0003002882003784,76.38085174560547,0.10219825804233551,0.004825130105018616,0.042309846729040146,0.5073252320289612,0.450364887714386,0.042309846729040146,0.450364887714386,1.1225751638412476,8.0,0.08014360815286636,0.07952870428562164,0.8278223276138306,-8.485854777973145e-06,0.0013084390666335821,1.5762516260147095,-0.00648547952623119,-0.003576457966119051,0.0005314985755831003,-0.005128898192197084,0.03566046804189682
240,model.layers.15.self_attn.k_proj.weight,512,1024,0.0009765625,0.0009055224363692105,1.384655475616455,6.694119292660616e-06,1.4254688024520874,4.365999120636843e-05,0.1477259248495102,0.3859570622444153,0.004917548503726721,0.6655811071395874,1.4626621007919312,1.000148892402649,41.932003021240234,0.07303988933563232,0.0017888157162815332,0.0014869958395138383,0.5031383633613586,0.4953746795654297,0.001486996072344482,0.4953746795654297,1.57079017162323,,,,,,,,,,,,
240,model.layers.15.self_attn.v_proj.weight,512,1024,0.0009765625,0.0013779692817479372,1.4314496517181396,-0.00011339500633766875,1.0334439277648926,0.000160089650307782,0.26351508498191833,0.21326366066932678,0.00425554346293211,0.541130781173706,1.4647983312606812,1.0001299381256104,9.08437442779541,0.14696098864078522,0.0016969472635537386,0.12466588616371155,0.45123475790023804,0.4240993857383728,0.12466588616371155,0.4240993857383728,1.2468152046203613,,,,,,,,,,,,
240,model.layers.15.self_attn.o_proj.weight,1024,2048,0.00048828125,0.0004410478286445141,1.7716208696365356,-5.436799256131053e-05,1.3577991724014282,9.954356755770277e-06,0.09970635920763016,0.4441854953765869,0.007106879260390997,0.5733104348182678,1.449209213256836,1.0003316402435303,48.385433197021484,0.07829907536506653,0.0033724657259881496,0.008139364421367645,0.41005945205688477,0.581801176071167,0.008139364421367645,0.581801176071167,1.5679057836532593,,,,,,,,,,,,
240,model.layers.19.self_attn.q_proj.weight,4096,1024,0.000244140625,0.00020010916341561824,2.525580406188965,-0.000526052841451019,0.44542136788368225,0.0007415872532874346,0.22608576714992523,0.21470767259597778,0.008544698357582092,0.39178118109703064,1.525158166885376,1.000319242477417,50.49646759033203,0.09589073061943054,0.004539334215223789,0.0462925098836422,0.47475335001945496,0.4789540469646454,0.0462925098836422,0.47895413637161255,1.1217678785324097,8.0,0.07802154123783112,0.07122673094272614,0.8601857423782349,3.6102560443396214e-06,0.0020517162047326565,0.2977027893066406,0.0017596273968163382,0.006257844623178244,0.0005156367551535368,-0.005427448078989983,0.07249719649553299
240,model.layers.19.self_attn.k_proj.weight,512,1024,0.0009765625,0.001015686197206378,2.2648818492889404,1.40653173730243e-05,0.46939215064048767,0.00016341007722076029,0.2488248348236084,0.2055089771747589,0.007894865237176418,0.5799395442008972,1.3752111196517944,1.0001415014266968,48.02980422973633,0.01468519028276205,0.0015676005277782679,0.016503755003213882,0.5689488053321838,0.4145474135875702,0.016503755003213882,0.4145474135875702,1.2638283967971802,,,,,,,,,,,,
240,model.layers.19.self_attn.v_proj.weight,512,1024,0.0009765625,0.0005512440693564713,1.4780020713806152,-0.0014782588696107268,0.4112448990345001,0.00047852558782324195,0.15988345444202423,0.24437463283538818,0.0038130548782646656,0.6249256730079651,1.4228264093399048,1.0001307725906372,11.73697566986084,-0.01649651862680912,0.0016204150160774589,0.08906624466180801,0.4398314654827118,0.4711022675037384,0.08906624466180801,0.4711022675037384,1.255576252937317,,,,,,,,,,,,
240,model.layers.19.self_attn.o_proj.weight,1024,2048,0.00048828125,0.0005339808412827551,1.4769470691680908,-0.0004983231774531305,0.7236971259117126,0.00015476503176614642,0.07068227231502533,0.5101860761642456,0.014685827307403088,0.6249863505363464,1.4496212005615234,1.0003341436386108,34.878116607666016,-0.012607156299054623,0.0032707268837839365,0.006879003252834082,0.3680093288421631,0.6251115798950195,0.006879003252834082,0.6251116394996643,1.5700352191925049,,,,,,,,,,,,
240,model.layers.1.mlp.gate_proj.weight,3584,1024,0.00027901785714285713,0.0006185868405736983,2.8996102809906006,0.0006361795240081847,0.7345660924911499,0.00034577742917463183,0.1819705218076706,0.3034776449203491,0.008177989162504673,0.5190996527671814,1.5162957906723022,1.0003156661987305,89.52227020263672,-0.07154558598995209,0.0045013646595180035,0.021998507902026176,0.4936749339103699,0.4843265116214752,0.021998507902026176,0.4843265116214752,1.4011725187301636,,,,,,,,,,,,
240,model.layers.1.mlp.up_proj.weight,3584,1024,0.00027901785714285713,0.00039907536120153964,2.557506561279297,0.00041565156425349414,1.2472567558288574,0.0001548810105305165,0.15914767980575562,0.3325715661048889,0.009614723734557629,0.5087627172470093,1.5132055282592773,1.0003260374069214,94.63927459716797,0.002463435521349311,0.004516695160418749,0.00975120160728693,0.5298190712928772,0.46042972803115845,0.009751202538609505,0.4604297876358032,1.569697618484497,,,,,,,,,,,,
240,model.layers.1.mlp.down_proj.weight,1024,3584,0.00027901785714285713,0.00026241460000164807,4.458794593811035,0.00041395993321202695,1.2523306608200073,0.0012179045006632805,0.18292272090911865,0.28778737783432007,0.01194483321160078,0.5588430762290955,1.4457803964614868,1.0003217458724976,93.52157592773438,0.005373986437916756,0.004519774578511715,0.023693643510341644,0.4705038070678711,0.505802571773529,0.023693643510341644,0.5058025121688843,1.2695863246917725,8.0,0.08492204546928406,0.06910569965839386,0.9054166078567505,-1.6082407455542125e-05,0.026449859142303467,3.406907558441162,-0.0006080337656626756,0.009577284567058086,0.0011920746183022857,-0.004659161437302828,0.03076910600066185
240,model.layers.12.mlp.gate_proj.weight,3584,1024,0.00027901785714285713,0.00023636397963855416,2.7741127014160156,0.00026659618015401065,0.9005118012428284,0.0005689566605724394,0.18094606697559357,0.24915508925914764,0.005787721835076809,0.5675280690193176,1.5304378271102905,1.000307321548462,21.194364547729492,0.0035240440629422665,0.0045028310269117355,0.06317989528179169,0.5011745095252991,0.43564552068710327,0.06317990273237228,0.43564552068710327,1.381589651107788,,,,,,,,,,,,
240,model.layers.12.mlp.up_proj.weight,3584,1024,0.00027901785714285713,0.000276135397143662,2.5121161937713623,0.00017399580974597484,1.489557147026062,0.0003858247946482152,0.21171529591083527,0.25772345066070557,0.009441551752388477,0.5119967460632324,1.5163921117782593,1.0002974271774292,38.8303337097168,0.016574235633015633,0.004558081738650799,0.06559474766254425,0.5468771457672119,0.38752809166908264,0.06559474021196365,0.38752809166908264,1.0984278917312622,,,,,,,,,,,,
240,model.layers.12.mlp.down_proj.weight,1024,3584,0.00027901785714285713,0.000270979042397812,4.76620626449585,0.00017245703202206641,1.5692893266677856,0.0001986836432479322,0.19322162866592407,0.2974904179573059,0.02125760167837143,0.5516572594642639,1.423823595046997,1.000313401222229,84.98062133789062,0.027238929644227028,0.004562474321573973,0.020382020622491837,0.4490172266960144,0.5306007266044617,0.020382018759846687,0.5306007266044617,1.4145201444625854,8.0,0.0694512352347374,0.07660693675279617,0.8713968396186829,5.7764205848798156e-05,0.030806850641965866,5.122409820556641,0.0018750441750806654,0.00011004948464687914,0.001307041384279728,0.0025306742172688246,0.02484731748700142
240,model.layers.22.mlp.gate_proj.weight,3584,1024,0.00027901785714285713,0.0002690110995899886,2.871525526046753,-0.0011901762336492538,0.2985985279083252,0.0008949156035669148,0.17887161672115326,0.2581540048122406,0.008746793493628502,0.5569170117378235,1.5220712423324585,1.0002740621566772,17.815637588500977,0.12252296507358551,0.004130563233047724,0.07760705053806305,0.48643258213996887,0.4359603226184845,0.07760704308748245,0.4359603524208069,1.1210707426071167,,,,,,,,,,,,
240,model.layers.22.mlp.up_proj.weight,3584,1024,0.00027901785714285713,0.00022310265921987593,2.773394823074341,-0.00037527488893829286,0.7306764721870422,0.0010423596249893308,0.1745765060186386,0.29574987292289734,0.014366390183568,0.5721646547317505,1.508738398551941,1.0003297328948975,40.24882888793945,-0.007790405303239822,0.004277266561985016,0.03444287180900574,0.4469261169433594,0.5186310410499573,0.03444286808371544,0.5186310410499573,1.2402222156524658,,,,,,,,,,,,
240,model.layers.22.mlp.down_proj.weight,1024,3584,0.00027901785714285713,0.00039241259219124913,2.282959222793579,-0.00044222644646652043,0.6809465885162354,0.00021362327970564365,0.10682347416877747,0.40967366099357605,0.006815223954617977,0.5674252510070801,1.4765100479125977,1.0003098249435425,42.834354400634766,-0.03016243502497673,0.00433687400072813,0.03767523169517517,0.3865550458431244,0.5757697820663452,0.03767523169517517,0.5757697820663452,1.4071072340011597,8.0,0.07412160933017731,0.06459007412195206,0.8375748991966248,1.4152970834402367e-05,-0.017672652378678322,1.400226354598999,,0.00048705365043133497,-0.0018752804026007652,0.0074871075339615345,0.13781443238258362
240,model.layers.1.linear_attn.in_proj_qkv.weight,6144,1024,0.00016276041666666666,0.00021112847025506198,2.2890467643737793,0.00026887436979450285,0.6257770657539368,0.0006809235783293843,0.1730497032403946,0.2734364867210388,0.009063629433512688,0.5107171535491943,1.5337355136871338,1.0003201961517334,98.60050201416016,0.009543381631374359,0.005773051176220179,0.014470221474766731,0.4831176996231079,0.5024120211601257,0.014470220543444157,0.5024120807647705,1.5567982196807861,8.0,0.06919722259044647,0.06992307305335999,0.8973656296730042,4.068108319188468e-05,0.0029315073043107986,0.35688066482543945,0.013877189776079667,0.00263531063683331,0.0015171996783465147,0.0010044410591945052,0.057809289544820786
240,model.layers.1.linear_attn.out_proj.weight,1024,2048,0.00048828125,0.0002698463504202664,1.3508155345916748,9.647812112234533e-05,1.5523111820220947,0.00029793227440677583,0.1097293272614479,0.3905114531517029,0.013177086599171162,0.5409494638442993,1.436242938041687,1.000316858291626,50.549407958984375,-0.018164537847042084,0.0033993951510638,0.03466404229402542,0.49605804681777954,0.469277948141098,0.03466404601931572,0.469277948141098,1.1076784133911133,,,,,,,,,,,,
240,model.layers.12.linear_attn.in_proj_qkv.weight,6144,1024,0.00016276041666666666,0.00010074975580209866,2.6776599884033203,0.00012922663881909102,0.8281051516532898,0.0004515756736509502,0.16036386787891388,0.27268266677856445,0.0033012395724654198,0.5933177471160889,1.5514824390411377,1.0002940893173218,20.416629791259766,-0.012952900491654873,0.005953427404165268,0.09697271138429642,0.4712435305118561,0.43178361654281616,0.09697271883487701,0.43178367614746094,0.9478617906570435,8.0,0.0678957849740982,0.07235919684171677,0.8561440110206604,1.846746999945026e-05,0.001209883252158761,0.47213059663772583,0.01526384464492691,-0.005547254346311092,0.00028473808197304606,-0.004947287030518055,0.07322200387716293
240,model.layers.12.linear_attn.out_proj.weight,1024,2048,0.00048828125,0.0003146388626191765,2.4529807567596436,-1.1189437827852089e-05,1.2949374914169312,3.448021743679419e-05,0.15109078586101532,0.36965325474739075,0.009882365353405476,0.6010389924049377,1.449841856956482,1.0003173351287842,86.88188934326172,0.009035143069922924,0.003440151223912835,0.013610687106847763,0.43298110365867615,0.553408145904541,0.013610688038170338,0.553408145904541,1.4544556140899658,,,,,,,,,,,,
240,model.layers.21.linear_attn.in_proj_qkv.weight,6144,1024,0.00016276041666666666,0.00010375638521509245,3.0531980991363525,-0.00019192806212231517,0.2886574864387512,0.0010657559614628553,0.20339065790176392,0.2387864887714386,0.010887899436056614,0.510198175907135,1.5301584005355835,1.000315546989441,77.22663879394531,-0.049487944692373276,0.005633423570543528,0.05253252387046814,0.5116235017776489,0.4358440637588501,0.05253252387046814,0.4358440637588501,0.9308000802993774,8.0,0.07947345077991486,0.08355141431093216,0.8839510679244995,2.5374863525939872e-06,0.001511209411546588,0.05636466294527054,0.0016791096807669405,0.00553952157497406,0.006787466816604137,0.0011192288948222995,0.06405957788228989
240,model.layers.21.linear_attn.out_proj.weight,1024,2048,0.00048828125,0.00033485397580079734,2.4757652282714844,0.0006739345844835043,0.47962114214897156,0.00019519380293786526,0.13838759064674377,0.36635008454322815,0.008975193835794926,0.5552100539207458,1.475109338760376,1.0003132820129395,99.25318145751953,-0.009689812548458576,0.0031901381444185972,0.010633116587996483,0.4700014591217041,0.5193653702735901,0.010633116587996483,0.5193653702735901,1.565178632736206,,,,,,,,,,,,
260,model.layers.7.self_attn.q_proj.weight,4096,1024,0.000244140625,0.00011866923159686849,2.6334874629974365,-0.0003740571264643222,0.8907860517501831,0.00039595109410583973,0.1785820573568344,0.2683022916316986,0.006009052507579327,0.5344380736351013,1.5307857990264893,1.0002992153167725,69.62652587890625,0.06388267129659653,0.0046689207665622234,0.03794056177139282,0.5434567928314209,0.41860267519950867,0.03794056177139282,0.41860267519950867,1.1318553686141968,8.0,0.07289832830429077,0.07580830156803131,0.860284149646759,-8.529024853487499e-06,0.010535916313529015,0.9261552095413208,-0.0008095190394152528,0.002979315584525466,0.0023867774289101362,0.00996800884604454,0.05794192850589752
260,model.layers.7.self_attn.k_proj.weight,512,1024,0.0009765625,0.001280887983739376,3.0919744968414307,-4.8790684559207875e-06,0.6688525080680847,0.002388959750533104,0.15578815340995789,0.2666488289833069,0.02961335889995098,0.6925399303436279,1.3148044347763062,1.0001428127288818,26.434309005737305,0.09549086540937424,0.001598808099515736,0.048062749207019806,0.5125503540039062,0.43938687443733215,0.048062749207019806,0.43938687443733215,1.2440813779830933,,,,,,,,,,,,
260,model.layers.7.self_attn.v_proj.weight,512,1024,0.0009765625,0.000851460441481322,2.0035057067871094,0.0017823462840169668,1.2610201835632324,0.00037062610499560833,0.1289864480495453,0.2681311368942261,0.0033290048595517874,0.7433147430419922,1.4763543605804443,1.0001349449157715,21.99030303955078,-0.004253437742590904,0.0017843248788267374,0.07006574422121048,0.4121823310852051,0.517751932144165,0.07006574422121048,0.517751932144165,1.2315927743911743,,,,,,,,,,,,
260,model.layers.7.self_attn.o_proj.weight,1024,2048,0.00048828125,0.0002778009802568704,2.1121904850006104,0.0006227814010344446,1.9147043228149414,7.425268267979845e-05,0.1491864025592804,0.35273277759552,0.022229904308915138,0.5269938111305237,1.423137903213501,1.0003224611282349,80.48711395263672,-0.01267330627888441,0.0034350475762039423,0.021756332367658615,0.3747929632663727,0.6034506559371948,0.021756336092948914,0.6034506559371948,1.4042060375213623,,,,,,,,,,,,
260,model.layers.15.self_attn.q_proj.weight,4096,1024,0.000244140625,0.0001382635091431439,2.6357781887054443,0.0005801256047561765,0.9183986186981201,0.0002965498133562505,0.20352903008460999,0.2532729208469391,0.004174936097115278,0.4645629823207855,1.5440651178359985,1.0003248453140259,62.996456146240234,-0.03045274317264557,0.004705044440925121,0.043983686715364456,0.5092774033546448,0.44673895835876465,0.043983686715364456,0.4467388987541199,1.244360089302063,8.0,0.079513318836689,0.0722336545586586,0.8668655753135681,-3.3317876386718126e-06,0.004673760384321213,0.9577003717422485,-0.0007128708715681624,0.00269695813767612,0.0005107050528749824,0.0020074613858014345,0.05376289412379265
260,model.layers.15.self_attn.k_proj.weight,512,1024,0.0009765625,0.0008783331722952425,4.409675121307373,-3.4366828458587406e-06,0.7848623394966125,5.1254432037239894e-05,0.2414112091064453,0.24363306164741516,0.0030254218727350235,0.5630072951316833,1.4725446701049805,1.000149130821228,35.21007537841797,0.037387967109680176,0.0017186520854011178,0.0050811017863452435,0.5875990986824036,0.4073198437690735,0.005081102252006531,0.4073198437690735,1.570285677909851,,,,,,,,,,,,
260,model.layers.15.self_attn.v_proj.weight,512,1024,0.0009765625,0.0009083119803108275,1.9748800992965698,0.0008858565124683082,0.6659270524978638,0.0002338000194868073,0.17733162641525269,0.2643345594406128,0.004218904301524162,0.6424331068992615,1.4591848850250244,1.000144362449646,15.910332679748535,0.0031665312126278877,0.0016532742884010077,0.02217293716967106,0.4769016206264496,0.5009254217147827,0.022172939032316208,0.5009254217147827,1.256160855293274,,,,,,,,,,,,
260,model.layers.15.self_attn.o_proj.weight,1024,2048,0.00048828125,0.00043461917084641755,1.7963839769363403,0.00029839295893907547,1.1918355226516724,2.9210590582806617e-05,0.08761706948280334,0.4768116772174835,0.014337938278913498,0.6097621917724609,1.4336681365966797,1.0003269910812378,34.3140983581543,-0.039855457842350006,0.0032436589244753122,0.00355462240986526,0.38415610790252686,0.612289309501648,0.00355462240986526,0.612289309501648,1.5707439184188843,,,,,,,,,,,,
260,model.layers.19.self_attn.q_proj.weight,4096,1024,0.000244140625,0.00020647101337090135,2.4802422523498535,5.733790749218315e-05,0.5004854202270508,0.001120148808695376,0.21956448256969452,0.22766585648059845,0.012600726447999477,0.4003620445728302,1.5299122333526611,1.0003070831298828,72.27513122558594,-0.019651804119348526,0.0044680265709757805,0.03578876703977585,0.5175207853317261,0.4466905891895294,0.03578877076506615,0.4466905891895294,1.2443917989730835,8.0,0.06833615154027939,0.06750891357660294,0.8589823246002197,9.863018931355327e-06,0.0008917865925468504,0.3719630837440491,0.011059842134638473,0.001000964897684753,-0.00019722484285011888,-0.009354907087981701,0.08407866954803467
260,model.layers.19.self_attn.k_proj.weight,512,1024,0.0009765625,0.0009636568138375878,2.7242729663848877,-3.3217374948435463e-06,0.534640371799469,0.0003830601053778082,0.24926739931106567,0.2152802050113678,0.012492148205637932,0.5623515248298645,1.341044545173645,1.0001479387283325,37.97110366821289,0.000522501883096993,0.001594172092154622,0.0036776019260287285,0.5796313881874084,0.4166910648345947,0.003677602158859372,0.4166910648345947,1.570778489112854,,,,,,,,,,,,
260,model.layers.19.self_attn.v_proj.weight,512,1024,0.0009765625,0.0009124473435804248,1.502076506614685,-0.0016671863850206137,0.42553016543388367,0.0026468439027667046,0.17154400050640106,0.2266494482755661,0.010279359295964241,0.6174931526184082,1.4179153442382812,1.000127911567688,8.06082820892334,-0.00677118543535471,0.001601703930646181,0.1623956710100174,0.39901071786880493,0.4385935664176941,0.1623956710100174,0.4385935664176941,0.9425691962242126,,,,,,,,,,,,
260,model.layers.19.self_attn.o_proj.weight,1024,2048,0.00048828125,0.0005144921597093344,1.485708475112915,-0.000551979464944452,0.7637413144111633,8.954306395025924e-05,0.07782834023237228,0.47996389865875244,0.009399319998919964,0.6027106046676636,1.4481366872787476,1.0003352165222168,24.14978790283203,-0.031072404235601425,0.003226061351597309,0.013206868432462215,0.33445286750793457,0.652340292930603,0.013206868432462215,0.6523403525352478,1.564023733139038,,,,,,,,,,,,
260,model.layers.1.mlp.gate_proj.weight,3584,1024,0.00027901785714285713,0.0002979383571073413,2.5658376216888428,0.00020040957315359265,1.1035735607147217,0.00044708861969411373,0.17741893231868744,0.30197882652282715,0.011107273399829865,0.5100057721138,1.5095487833023071,1.0003156661987305,86.1260986328125,-0.01566600240767002,0.0047666775062680244,0.020272010937333107,0.5333331227302551,0.4463948607444763,0.020272010937333107,0.4463948607444763,1.414781093597412,,,,,,,,,,,,
260,model.layers.1.mlp.up_proj.weight,3584,1024,0.00027901785714285713,0.00029054158949293196,2.582951068878174,4.015216836705804e-05,1.8181883096694946,0.0002028258313657716,0.16652323305606842,0.3229078948497772,0.010371952317655087,0.49968260526657104,1.508682131767273,1.0003329515457153,61.797576904296875,-0.022734208032488823,0.004781547002494335,0.015666719526052475,0.5043401122093201,0.47999313473701477,0.015666719526052475,0.47999313473701477,1.5566294193267822,,,,,,,,,,,,
260,model.layers.1.mlp.down_proj.weight,1024,3584,0.00027901785714285713,0.00033169231028296053,4.485532760620117,4.058420381625183e-05,1.7143805027008057,0.0002998769050464034,0.19949501752853394,0.26994600892066956,0.014199460856616497,0.5122536420822144,1.4481165409088135,1.000319004058838,56.723976135253906,-0.023399537429213524,0.0047538997605443,0.0067496709525585175,0.4692598283290863,0.5239905118942261,0.006749671883881092,0.5239904522895813,1.5571210384368896,8.0,0.09432918578386307,0.07997434586286545,0.877013623714447,0.00017409611609764397,0.08406425267457962,6.1565752029418945,0.0020709886849477614,0.011669719591736794,0.0034984685480594635,0.003032263135537505,0.034623656421899796
260,model.layers.12.mlp.gate_proj.weight,3584,1024,0.00027901785714285713,0.0002436795039102435,2.845381498336792,0.00020143469737377018,0.8250769376754761,0.000664896855596453,0.18563292920589447,0.2581140100955963,0.0063979183323681355,0.5724973082542419,1.5222371816635132,1.0003129243850708,63.256874084472656,-0.025408683344721794,0.004439520183950663,0.030683860182762146,0.5461973547935486,0.42311882972717285,0.030683858320116997,0.4231188893318176,1.2614655494689941,,,,,,,,,,,,
260,model.layers.12.mlp.up_proj.weight,3584,1024,0.00027901785714285713,0.0002341229555895552,2.7339389324188232,9.519797458779067e-05,1.356542944908142,0.00033785923733375967,0.2181263118982315,0.25626665353775024,0.009169351309537888,0.515132486820221,1.5058761835098267,1.0003126859664917,46.574256896972656,0.0014610729413107038,0.0044477591291069984,0.0414520725607872,0.5127984285354614,0.4457494020462036,0.0414520725607872,0.4457494020462036,1.2285078763961792,,,,,,,,,,,,
260,model.layers.12.mlp.down_proj.weight,1024,3584,0.00027901785714285713,0.000246877025347203,4.5984296798706055,0.00010162810940528288,1.3413491249084473,0.00017243262846022844,0.20995678007602692,0.2781895399093628,0.02119504101574421,0.51167231798172,1.3966456651687622,1.0003185272216797,72.63555145263672,0.007546715438365936,0.004468164406716824,0.013166570104658604,0.4583887755870819,0.5284446477890015,0.013166570104658604,0.5284447073936462,1.5016125440597534,8.0,0.059071507304906845,0.06802935153245926,0.9012027382850647,-2.1057368940091692e-05,0.0005104190204292536,3.877020835876465,-0.041255063187854574,-0.003206950845196843,-4.4353128032526e-05,0.007753138430416584,0.041683416813611984
260,model.layers.22.mlp.gate_proj.weight,3584,1024,0.00027901785714285713,0.0002798680798150599,2.828004837036133,0.00017686230421531945,0.345925897359848,0.000824346614535898,0.17755109071731567,0.2674839198589325,0.00720983138307929,0.5433149933815002,1.5185141563415527,1.000301480293274,38.03670120239258,0.03801402077078819,0.0041894749738276005,0.0677964836359024,0.4633081257343292,0.46889543533325195,0.0677964836359024,0.46889543533325195,1.0874474048614502,,,,,,,,,,,,
260,model.layers.22.mlp.up_proj.weight,3584,1024,0.00027901785714285713,0.00029889511642977595,2.9729537963867188,0.00014820744399912655,0.7145118713378906,0.0007860441692173481,0.17068152129650116,0.30180224776268005,0.012996811419725418,0.5650036931037903,1.5089361667633057,1.000314712524414,6.511531352996826,-0.08599063009023666,0.0042488835752010345,0.16718435287475586,0.3890756368637085,0.4437399208545685,0.16718433797359467,0.4437399208545685,1.3956422805786133,,,,,,,,,,,,
260,model.layers.22.mlp.down_proj.weight,1024,3584,0.00027901785714285713,0.00035034972825087607,2.682337522506714,0.00015966729552019387,0.7352761626243591,0.00012338692613411695,0.1152421087026596,0.39808395504951477,0.006270262412726879,0.559353232383728,1.4678677320480347,1.0003058910369873,26.860572814941406,-0.03220745921134949,0.004314248915761709,0.0258029792457819,0.3953484296798706,0.5788487195968628,0.0258029792457819,0.5788487195968628,1.271959662437439,8.0,0.07023072242736816,0.06560059636831284,0.844281017780304,-3.2770771213108674e-05,-0.020798470824956894,1.595973253250122,,0.0012416464742273092,-0.0012837422545999289,0.003959171008318663,0.11662854999303818
260,model.layers.1.linear_attn.in_proj_qkv.weight,6144,1024,0.00016276041666666666,9.700358350528404e-05,2.5385379791259766,-0.0001751164236338809,0.8598544597625732,0.00046731403563171625,0.18334850668907166,0.25939080119132996,0.007470881100744009,0.5012176632881165,1.5324510335922241,1.0003162622451782,48.15746307373047,0.028408441692590714,0.005965909454971552,0.024432208389043808,0.5090556740760803,0.46651211380958557,0.024432208389043808,0.4665120542049408,1.2878732681274414,8.0,0.07341659069061279,0.07868868857622147,0.8746252655982971,-0.00013701769057661295,0.0020271334797143936,0.6272248029708862,-0.06759184431994958,-0.0006448621861636639,0.0011958166724070907,0.008934777230024338,0.06278776377439499
260,model.layers.1.linear_attn.out_proj.weight,1024,2048,0.00048828125,0.001982857706025243,1.3584692478179932,0.00041792169213294983,1.8918346166610718,0.0002687057130970061,0.12199082225561142,0.37083226442337036,0.009012463502585888,0.5235431790351868,1.4528995752334595,1.0003154277801514,20.030879974365234,0.01304102223366499,0.0034327232278883457,0.028566649183630943,0.45340636372566223,0.5180269479751587,0.028566647320985794,0.5180268883705139,1.3905868530273438,,,,,,,,,,,,
260,model.layers.12.linear_attn.in_proj_qkv.weight,6144,1024,0.00016276041666666666,8.190725930035114e-05,2.738921642303467,9.772153134690598e-06,0.8114908337593079,0.0002703737991396338,0.1648811399936676,0.2695762515068054,0.0028598501812666655,0.608047366142273,1.552835464477539,1.0003074407577515,41.70526885986328,-0.03489474207162857,0.006027856841683388,0.040370047092437744,0.5210509300231934,0.4385790526866913,0.04037005081772804,0.43857908248901367,1.3919414281845093,8.0,0.06936263293027878,0.071461983025074,0.8567578792572021,-6.346293730530306e-07,0.0011948882602155209,0.47410476207733154,-0.0005311202680479621,0.0030800015665590763,0.0004490904393605888,0.00331008224748075,0.08714380860328674
260,model.layers.12.linear_attn.out_proj.weight,1024,2048,0.00048828125,0.00029459799407050014,2.657747268676758,7.994425686774775e-05,1.0799241065979004,6.871182995382696e-05,0.17772816121578217,0.32467854022979736,0.01528045255690813,0.5324098467826843,1.4289524555206299,1.00031578540802,95.23970031738281,-0.053707048296928406,0.0033626367803663015,0.012021522969007492,0.4551923871040344,0.5327860116958618,0.012021522969007492,0.5327860713005066,1.5607012510299683,,,,,,,,,,,,
260,model.layers.21.linear_attn.in_proj_qkv.weight,6144,1024,0.00016276041666666666,0.00015239007188938558,2.4149093627929688,-0.000345195789122954,0.252383828163147,0.0007522053783759475,0.20408117771148682,0.23033224046230316,0.005681774113327265,0.4831228256225586,1.5353091955184937,1.000315546989441,46.957191467285156,-0.02677750401198864,0.005534718278795481,0.049680981785058975,0.4747563898563385,0.4755626916885376,0.049680981785058975,0.47556272149086,1.101291537284851,8.0,0.07110049575567245,0.07585408538579941,0.8786448836326599,2.0778006160071527e-07,0.0010382820619270205,0.06617602705955505,0.00020011909019701418,-0.003103576134890318,0.0011564522283151746,0.0009933257242664695,0.0602353997528553
260,model.layers.21.linear_attn.out_proj.weight,1024,2048,0.00048828125,0.00028267313609831035,2.827113389968872,-0.0013226817827671766,0.5238670706748962,0.00010071157157653943,0.14926308393478394,0.3468741774559021,0.006192866247147322,0.5299805402755737,1.4822558164596558,1.0003234148025513,74.64701843261719,0.01539778895676136,0.0032985485158860683,0.0037485724315047264,0.40365225076675415,0.5925992727279663,0.0037485724315047264,0.5925992727279663,1.5707687139511108,,,,,,,,,,,,
280,model.layers.7.self_attn.q_proj.weight,4096,1024,0.000244140625,0.00017902348190546036,2.655857801437378,0.000710334163159132,0.7771195769309998,0.0004012066056020558,0.18624626100063324,0.2573695480823517,0.006663830019533634,0.5219630002975464,1.5353740453720093,1.0003165006637573,57.36380386352539,0.026866018772125244,0.004601265769451857,0.021227719262242317,0.5550539493560791,0.42371833324432373,0.02122771553695202,0.4237183630466461,1.4824060201644897,8.0,0.06445284932851791,0.07181699573993683,0.8764672875404358,6.387561370502226e-06,0.00011449423618614674,0.6660913825035095,0.05578937056811503,-0.0023753095883876085,0.000484403979498893,0.005232354626059532,0.06177857518196106
280,model.layers.7.self_attn.k_proj.weight,512,1024,0.0009765625,0.0010981974191963673,4.1810078620910645,5.4780166465207e-06,0.5752926468849182,0.0005912481574341655,0.17126800119876862,0.2562826871871948,0.028670385479927063,0.6705880761146545,1.3212076425552368,1.000135898590088,22.639408111572266,0.10786154866218567,0.0016533758025616407,0.1017388254404068,0.5833934545516968,0.31486764550209045,0.1017388254404068,0.31486764550209045,0.6293150782585144,,,,,,,,,,,,
280,model.layers.7.self_attn.v_proj.weight,512,1024,0.0009765625,0.0008453734335489571,1.8929660320281982,5.646312638418749e-05,1.0781333446502686,0.00025567985721863806,0.14214463531970978,0.2489698827266693,0.0034146772231906652,0.7321273684501648,1.4496656656265259,1.0001306533813477,11.884665489196777,-0.06279213726520538,0.0016735525568947196,0.14443884789943695,0.3072131872177124,0.5483478903770447,0.14443884789943695,0.5483478903770447,0.6126940250396729,,,,,,,,,,,,
280,model.layers.7.self_attn.o_proj.weight,1024,2048,0.00048828125,0.00024793570628389716,2.1717891693115234,1.7960532204597257e-05,1.6165441274642944,4.113488830626011e-05,0.1463664323091507,0.35851678252220154,0.013380716554820538,0.530961275100708,1.4330395460128784,1.000326156616211,67.24398040771484,-0.018282566219568253,0.003312105778604746,0.009420639835298061,0.3848862946033478,0.6056930422782898,0.009420640766620636,0.6056930422782898,1.5695984363555908,,,,,,,,,,,,
280,model.layers.15.self_attn.q_proj.weight,4096,1024,0.000244140625,0.00013643217971548438,2.6627795696258545,0.0001359419256914407,0.8108681440353394,0.0004322747699916363,0.20383569598197937,0.24371539056301117,0.004462425131350756,0.43776339292526245,1.5464614629745483,1.0003235340118408,36.08304977416992,-0.021594518795609474,0.004614620469510555,0.05547633767127991,0.45794540643692017,0.4865783154964447,0.05547633767127991,0.4865783154964447,1.09510338306427,8.0,0.06719528883695602,0.0687771663069725,0.8828388452529907,-9.533097909297794e-06,0.0013309615897014737,0.7416201829910278,-0.00716256425659587,-0.0015207373071461916,0.0005086510209366679,-0.004159627947956324,0.06490649282932281
280,model.layers.15.self_attn.k_proj.weight,512,1024,0.0009765625,0.0009551167604513466,4.285732746124268,5.41950475962949e-06,0.6514179110527039,7.390280370600522e-05,0.24822764098644257,0.23344770073890686,0.003923066426068544,0.560151219367981,1.4491379261016846,1.0001513957977295,37.96672058105469,-0.04585232958197594,0.0016572532476857305,0.0027201503980904818,0.5177769064903259,0.4795028865337372,0.0027201503980904818,0.4795028865337372,1.5707367658615112,,,,,,,,,,,,
280,model.layers.15.self_attn.v_proj.weight,512,1024,0.0009765625,0.0009097311994992197,1.6858291625976562,0.001677313819527626,0.6006600260734558,0.00013048308028373867,0.16542132198810577,0.2792004942893982,0.003724937792867422,0.6830815672874451,1.4614639282226562,1.0001370906829834,12.267054557800293,-0.05327047035098076,0.001582081662490964,0.10247835516929626,0.43030646443367004,0.4672152101993561,0.10247835516929626,0.4672152101993561,0.9850978255271912,,,,,,,,,,,,
280,model.layers.15.self_attn.o_proj.weight,1024,2048,0.00048828125,0.00042376152123324573,1.7051249742507935,0.0005311289569362998,1.1331349611282349,2.0092767954338342e-05,0.08117352426052094,0.48467838764190674,0.007442534901201725,0.6043567657470703,1.440037488937378,1.0003341436386108,96.69780731201172,-0.005154158920049667,0.0032117876689881086,0.013286545872688293,0.42200663685798645,0.5647068023681641,0.013286545872688293,0.5647068023681641,1.5512067079544067,,,,,,,,,,,,
280,model.layers.19.self_attn.q_proj.weight,4096,1024,0.000244140625,0.00021340900275390595,2.574908494949341,0.0010046339593827724,0.4726460874080658,0.00038101302925497293,0.2155047357082367,0.22149135172367096,0.006555731873959303,0.3954750895500183,1.5295724868774414,1.0003145933151245,26.30264663696289,-0.011051603592932224,0.004630517680197954,0.06876211613416672,0.44921207427978516,0.4820258617401123,0.06876211613416672,0.4820258617401123,0.9813570380210876,8.0,0.08594507724046707,0.07368091493844986,0.8763605356216431,1.3428349120658822e-05,0.004940134938806295,0.2931414246559143,0.00271821504614681,0.0056929755955934525,0.0026105979923158884,-0.0009573884890414774,0.08534867316484451
280,model.layers.19.self_attn.k_proj.weight,512,1024,0.0009765625,0.001001269556581974,2.3972878456115723,3.17001740768319e-06,0.48520177602767944,0.0003085909993387759,0.23853157460689545,0.21891124546527863,0.010343804955482483,0.5984748601913452,1.3597396612167358,1.0001453161239624,16.92098045349121,0.07559730857610703,0.001635827007703483,0.018758131191134453,0.6008790731430054,0.38036277890205383,0.018758131191134453,0.38036277890205383,1.5183117389678955,,,,,,,,,,,,
280,model.layers.19.self_attn.v_proj.weight,512,1024,0.0009765625,0.0006893151439726353,1.4811540842056274,0.00021897800615988672,0.3646845817565918,0.00245981034822762,0.15505807101726532,0.2544137239456177,0.009569493122398853,0.6288971900939941,1.4248851537704468,1.0001360177993774,15.179040908813477,0.03680890053510666,0.0016218166565522552,0.08221805095672607,0.39569562673568726,0.5220863223075867,0.08221805840730667,0.5220863223075867,0.9483723044395447,,,,,,,,,,,,
280,model.layers.19.self_attn.o_proj.weight,1024,2048,0.00048828125,0.0004168229061178863,1.443680763244629,6.594861042685807e-05,0.6967641711235046,5.957159009994939e-05,0.06836339831352234,0.47238969802856445,0.012311134487390518,0.5752700567245483,1.4720669984817505,1.0003254413604736,41.15936279296875,-0.017950007691979408,0.0032250143121927977,0.009286644868552685,0.36458271741867065,0.6261305809020996,0.009286644868552685,0.6261305809020996,1.5689163208007812,,,,,,,,,,,,
280,model.layers.1.mlp.gate_proj.weight,3584,1024,0.00027901785714285713,0.0006863290909677744,3.0503811836242676,1.0654186553438194e-05,0.7028218507766724,0.0002579812135081738,0.17808176577091217,0.3073604702949524,0.00818752869963646,0.5281933546066284,1.5163906812667847,1.000318169593811,53.22883605957031,0.02367725409567356,0.004184336867183447,0.01693408377468586,0.510093092918396,0.47297289967536926,0.01693408377468586,0.4729728400707245,1.4525402784347534,,,,,,,,,,,,
280,model.layers.1.mlp.up_proj.weight,3584,1024,0.00027901785714285713,0.00020671497622970492,2.8285396099090576,-0.00015825593436602503,1.1937388181686401,0.000112639092549216,0.16519421339035034,0.3292507231235504,0.008724777959287167,0.5039405226707458,1.5124703645706177,1.0003247261047363,73.1285171508789,0.040248725563287735,0.004211347084492445,0.008598968386650085,0.49658358097076416,0.4948175549507141,0.00859896931797266,0.4948175549507141,1.5586241483688354,,,,,,,,,,,,
280,model.layers.1.mlp.down_proj.weight,1024,3584,0.00027901785714285713,0.0002824734547175467,5.436389446258545,-0.00016055685409810394,1.1750012636184692,0.0006842350703664124,0.1864916831254959,0.2894192039966583,0.012632903642952442,0.5545254349708557,1.4499034881591797,1.0003111362457275,59.560970306396484,0.0530998595058918,0.004230279941111803,0.01125383097678423,0.4634433686733246,0.5253027081489563,0.01125383097678423,0.5253027081489563,1.555497646331787,8.0,0.07574328780174255,0.06968751549720764,0.9176710844039917,2.761804535111878e-05,0.03711072728037834,2.92748761177063,0.0007442065239643349,0.000984799349680543,0.0019615397322922945,-0.011934630572795868,0.02600456401705742
280,model.layers.12.mlp.gate_proj.weight,3584,1024,0.00027901785714285713,0.00019307105685584247,2.9951765537261963,0.0004995114868506789,0.6762147545814514,0.0015587015077471733,0.17991888523101807,0.2582271695137024,0.009262722916901112,0.5715411901473999,1.5242372751235962,1.000311255455017,40.23196792602539,0.03707786276936531,0.00426572235301137,0.03423580527305603,0.5589823722839355,0.40678179264068604,0.03423580899834633,0.4067818224430084,1.4063071012496948,,,,,,,,,,,,
280,model.layers.12.mlp.up_proj.weight,3584,1024,0.00027901785714285713,0.00027666467940434813,2.7116427421569824,0.0007748801726847887,1.158395528793335,0.0003383833391126245,0.2167985886335373,0.2619715631008148,0.009926322847604752,0.49861735105514526,1.5171297788619995,1.000306248664856,57.52831268310547,-0.0070039862766861916,0.004304841626435518,0.03552670404314995,0.5484458804130554,0.41602739691734314,0.03552670404314995,0.41602733731269836,1.3752816915512085,,,,,,,,,,,,
280,model.layers.12.mlp.down_proj.weight,1024,3584,0.00027901785714285713,0.0002602253807708621,4.436821937561035,0.0007977792993187904,1.1657782793045044,0.0001397761661792174,0.2031683325767517,0.2877141833305359,0.018391506746411324,0.5279179811477661,1.402185320854187,1.0003052949905396,65.0423355102539,0.018897799775004387,0.004254460800439119,0.022950273007154465,0.4709213674068451,0.5061283707618713,0.022950273007154465,0.5061283707618713,1.4065207242965698,8.0,0.06352224946022034,0.0715184435248375,0.9135724306106567,4.788232035934925e-05,0.05232252925634384,2.719815731048584,0.0009151377244161752,0.004609842784702778,0.0034896049182862043,0.0002486251760274172,0.03852874040603638
280,model.layers.22.mlp.gate_proj.weight,3584,1024,0.00027901785714285713,0.00023271542158909142,2.4944050312042236,-0.00048234628047794104,0.30925416946411133,0.00034289489849470556,0.1999216079711914,0.23625078797340393,0.005773636046797037,0.5094169974327087,1.5192782878875732,1.0002869367599487,15.886512756347656,-0.05631208419799805,0.004184319172054529,0.07177230715751648,0.4310700297355652,0.49715760350227356,0.07177230715751648,0.49715760350227356,1.407170295715332,,,,,,,,,,,,
280,model.layers.22.mlp.up_proj.weight,3584,1024,0.00027901785714285713,0.00023880381195340306,2.5373408794403076,-0.0005322140059433877,0.6895848512649536,0.0008458729716949165,0.17921853065490723,0.28777819871902466,0.01286317128688097,0.557870626449585,1.5125669240951538,1.0003042221069336,69.24079895019531,0.12101326882839203,0.004271096084266901,0.0535837858915329,0.430929034948349,0.5154871940612793,0.0535837858915329,0.5154871344566345,0.9513586163520813,,,,,,,,,,,,
280,model.layers.22.mlp.down_proj.weight,1024,3584,0.00027901785714285713,0.0003081178874708712,2.343219041824341,-0.0005811331211589277,0.6961274743080139,0.00039867349551059306,0.10921397805213928,0.3706163465976715,0.013930054381489754,0.5222316980361938,1.4417972564697266,1.000315546989441,79.64751434326172,0.06390739977359772,0.004275265149772167,0.020521024242043495,0.4420228600502014,0.5374561548233032,0.020521026104688644,0.5374561548233032,1.4098261594772339,8.0,0.07148835062980652,0.07319151610136032,0.8565998077392578,-1.778048499545548e-05,0.0295201875269413,1.211845874786377,-0.0006023161261841004,0.005742355715483427,0.005000440403819084,0.0037561391945928335,0.12779514491558075
280,model.layers.1.linear_attn.in_proj_qkv.weight,6144,1024,0.00016276041666666666,0.00010930320422630757,2.69559645652771,0.00018000487762037665,0.7150228023529053,0.0003703485708683729,0.17773808538913727,0.2735315263271332,0.005357060115784407,0.5116140842437744,1.5360702276229858,1.0003093481063843,39.657894134521484,-0.009739111177623272,0.005575499031692743,0.03985842317342758,0.5282270908355713,0.43191447854042053,0.03985842689871788,0.43191447854042053,1.2915668487548828,8.0,0.07442976534366608,0.07198317348957062,0.8809345364570618,5.502663043444045e-06,0.003994470927864313,0.5236982107162476,0.0013775699317421502,0.00310888746753335,0.0012106734793633223,0.0011461277026683092,0.0502445288002491
280,model.layers.1.linear_attn.out_proj.weight,1024,2048,0.00048828125,0.00014296805602498353,1.3590997457504272,0.00027444996521808207,1.3594660758972168,0.00041528226574882865,0.11531202495098114,0.38277581334114075,0.014482242986559868,0.5345250368118286,1.4277679920196533,1.0003114938735962,40.14591598510742,-0.01667979173362255,0.0031579160131514072,0.0668536052107811,0.48877161741256714,0.44437479972839355,0.0668536052107811,0.4443747401237488,1.0995327234268188,,,,,,,,,,,,
280,model.layers.12.linear_attn.in_proj_qkv.weight,6144,1024,0.00016276041666666666,8.580202120356262e-05,2.8645143508911133,0.00020117875828873366,0.6662939786911011,0.0006232961313799024,0.16086772084236145,0.2703001797199249,0.004486290737986565,0.5937712788581848,1.551254153251648,1.0003182888031006,52.235313415527344,-0.04596659541130066,0.00570370489731431,0.036409586668014526,0.5007359981536865,0.4628545045852661,0.036409586668014526,0.4628545343875885,1.268899917602539,8.0,0.06805131584405899,0.06907636672258377,0.8773978352546692,7.2424945756210946e-06,0.0026883832179009914,0.3073321282863617,0.0026939963497004033,0.0009313474292866886,0.0015441111754626036,-0.010967989452183247,0.07449714094400406
280,model.layers.12.linear_attn.out_proj.weight,1024,2048,0.00048828125,0.0003096002619713545,2.4284098148345947,-0.000476010434795171,0.9363318085670471,4.02276091335807e-05,0.17447009682655334,0.33200210332870483,0.010789512656629086,0.5472265481948853,1.4349573850631714,1.0003284215927124,82.24434661865234,-0.0038442702498286963,0.0032444314565509558,0.021225307136774063,0.4432647228240967,0.5355100035667419,0.021225305274128914,0.5355100035667419,1.417040467262268,,,,,,,,,,,,
280,model.layers.21.linear_attn.in_proj_qkv.weight,6144,1024,0.00016276041666666666,0.00012496564886532724,2.237656354904175,-0.00028311758069321513,0.30002906918525696,0.000551999022718519,0.185513436794281,0.2589488923549652,0.005248172674328089,0.5562688112258911,1.5451618432998657,1.0003305673599243,84.8020248413086,-0.013796954415738583,0.005582512356340885,0.018942171707749367,0.48918330669403076,0.49187448620796204,0.018942171707749367,0.4918745458126068,1.4468432664871216,8.0,0.08126918226480484,0.08089591562747955,0.8792895078659058,4.359018930699676e-06,0.0013473420403897762,0.06733251363039017,0.00323527270732133,0.00526407128199935,0.005029524676501751,0.013409357517957687,0.04998791217803955
280,model.layers.21.linear_attn.out_proj.weight,1024,2048,0.00048828125,0.0002785767719615251,2.460639715194702,-0.0002897363738156855,0.5963606238365173,2.899508035625331e-05,0.14120729267597198,0.3668888807296753,0.004105527885258198,0.5447018146514893,1.4836466312408447,1.000322699546814,52.94075012207031,0.012509162537753582,0.0031065468210726976,0.006617259234189987,0.46545764803886414,0.5279250741004944,0.006617259234189987,0.5279250741004944,1.5707281827926636,,,,,,,,,,,,
300,model.layers.7.self_attn.q_proj.weight,4096,1024,0.000244140625,0.00017022844986058772,1.855553388595581,0.001106078620068729,0.9685249328613281,0.0005381848895922303,0.17016568779945374,0.282579630613327,0.0058057792484760284,0.5530287623405457,1.5330685377120972,1.0003042221069336,69.25852966308594,-0.0038690075743943453,0.0047752209939062595,0.03546256944537163,0.5327133536338806,0.4318240284919739,0.03546256944537163,0.4318240284919739,1.255146861076355,8.0,0.0839805006980896,0.08247917145490646,0.8376876711845398,6.787008896935731e-05,0.016433756798505783,0.922073245048523,0.004129919275398326,0.000821340479888022,0.0047749788500368595,0.013832790777087212,0.06504111737012863
300,model.layers.7.self_attn.k_proj.weight,512,1024,0.0009765625,0.0008626714115962386,3.7015092372894287,-3.712349098350387e-06,0.6485543847084045,0.0006326391594484448,0.17055240273475647,0.24372929334640503,0.019959012046456337,0.6864206194877625,1.342465877532959,1.0001477003097534,37.4307746887207,-0.00946716871112585,0.0016967939445748925,0.02563857100903988,0.5717610120773315,0.4026004672050476,0.02563856728374958,0.4026004672050476,1.252685785293579,,,,,,,,,,,,
300,model.layers.7.self_attn.v_proj.weight,512,1024,0.0009765625,0.0010100523941218853,1.8688886165618896,-0.0010762093588709831,1.2363805770874023,0.0007307449704967439,0.13716872036457062,0.2614421546459198,0.005091290920972824,0.7332856059074402,1.470223307609558,1.0001417398452759,11.190031051635742,0.005686027463525534,0.0017353700241073966,0.1073092445731163,0.40871289372444153,0.4839779734611511,0.1073092445731163,0.4839779734611511,0.9447373747825623,,,,,,,,,,,,
300,model.layers.7.self_attn.o_proj.weight,1024,2048,0.00048828125,0.00023485148267354816,1.9877629280090332,-0.0003943632182199508,1.8116612434387207,6.350436888169497e-05,0.1540006697177887,0.34012630581855774,0.021414877846837044,0.5059793591499329,1.4083781242370605,1.0003230571746826,49.314842224121094,-0.033383261412382126,0.00342296133749187,0.00993629451841116,0.3546864092350006,0.6353772282600403,0.009936295449733734,0.6353772878646851,1.567644715309143,,,,,,,,,,,,
300,model.layers.15.self_attn.q_proj.weight,4096,1024,0.000244140625,0.00014213078247848898,2.401089906692505,-0.00033555744448676705,0.7859914898872375,0.00026343693025410175,0.20023852586746216,0.2532796859741211,0.0038399873301386833,0.4537092447280884,1.542574167251587,1.0003230571746826,85.4760513305664,0.019882382825016975,0.004651902709156275,0.024657558649778366,0.49283960461616516,0.48250284790992737,0.024657558649778366,0.48250284790992737,1.528870940208435,8.0,0.07515987753868103,0.07275952398777008,0.8791263699531555,-1.87401326456893e-07,0.002515190513804555,0.7197753190994263,-7.450780584148433e-05,0.0021575407590717077,0.00017226386989932507,-0.008990121074020863,0.05580628663301468
300,model.layers.15.self_attn.k_proj.weight,512,1024,0.0009765625,0.0009281695238314569,4.060457706451416,-2.3148056698119035e-06,0.6910369992256165,0.000140924341394566,0.2431614100933075,0.25004586577415466,0.004787788260728121,0.5531772971153259,1.4411648511886597,1.0001509189605713,23.903486251831055,0.0036155974958091974,0.0016611602623015642,0.017564905807375908,0.530529797077179,0.45190539956092834,0.017564905807375908,0.45190539956092834,1.259809136390686,,,,,,,,,,,,
300,model.layers.15.self_attn.v_proj.weight,512,1024,0.0009765625,0.0009548675152473152,1.7040388584136963,0.0015729164006188512,0.6764301061630249,0.00023840475478209555,0.1644143909215927,0.29371029138565063,0.002673851093277335,0.6857603192329407,1.4736617803573608,1.0000909566879272,2.129688024520874,-0.08692913502454758,0.0017343699000775814,0.47131574153900146,0.20334097743034363,0.3253432810306549,0.47131574153900146,0.3253432810306549,1.2567243576049805,,,,,,,,,,,,
300,model.layers.15.self_attn.o_proj.weight,1024,2048,0.00048828125,0.00042001783731393516,1.7341443300247192,0.0005564526072703302,1.1397643089294434,2.7974776457995176e-05,0.091351218521595,0.4389785826206207,0.007130111567676067,0.5634273886680603,1.4392948150634766,1.0003312826156616,71.20051574707031,-0.0012778532691299915,0.0034227664582431316,0.005319906864315271,0.3630557060241699,0.6316244602203369,0.005319907795637846,0.6316244602203369,1.5704883337020874,,,,,,,,,,,,
300,model.layers.19.self_attn.q_proj.weight,4096,1024,0.000244140625,0.00018973633996210992,2.388997793197632,0.0006552611594088376,0.46620476245880127,0.00038142086123116314,0.21293632686138153,0.22347939014434814,0.007037907838821411,0.3914457857608795,1.5239765644073486,1.0002954006195068,33.10858917236328,-0.14080891013145447,0.004666483029723167,0.07436134666204453,0.46247971057891846,0.4631589949131012,0.07436134666204453,0.4631589949131012,0.9554231762886047,8.0,0.0776733011007309,0.07604275643825531,0.8561381697654724,9.63207185122883e-07,0.004903462715446949,0.30630776286125183,0.00019643407955128846,0.005988180637359619,0.0018730588490143418,-0.00612604757770896,0.08603806793689728
300,model.layers.19.self_attn.k_proj.weight,512,1024,0.0009765625,0.0009320502285845578,2.772458791732788,-1.0753470114366337e-08,0.4606391489505768,0.0013514317106455564,0.24610276520252228,0.2226053923368454,0.01982426457107067,0.5565512776374817,1.26437509059906,1.0001426935195923,24.718595504760742,0.04168105125427246,0.0016953154699876904,0.050387948751449585,0.5850411653518677,0.3645707964897156,0.050387948751449585,0.3645707964897156,1.245416522026062,,,,,,,,,,,,
300,model.layers.19.self_attn.v_proj.weight,512,1024,0.0009765625,0.0005699778557755053,1.4268349409103394,-0.0024934171233326197,0.40816450119018555,0.0016962223453447223,0.16054415702819824,0.23838961124420166,0.007680026348680258,0.6271265149116516,1.4110393524169922,1.0001310110092163,22.490415573120117,0.1757582277059555,0.0017004504334181547,0.07283889502286911,0.35181206464767456,0.5753490328788757,0.07283889502286911,0.5753490328788757,0.9397765398025513,,,,,,,,,,,,
300,model.layers.19.self_attn.o_proj.weight,1024,2048,0.00048828125,0.00041183014400303364,1.4495207071304321,-0.000840557855553925,0.7175927758216858,0.00011827063281089067,0.06872996687889099,0.49690118432044983,0.016130736097693443,0.6102363467216492,1.4509567022323608,1.000321388244629,47.239013671875,0.07627633213996887,0.0032873658929020166,0.031082993373274803,0.36857765913009644,0.600339412689209,0.0310829970985651,0.600339412689209,1.268204689025879,,,,,,,,,,,,
300,model.layers.1.mlp.gate_proj.weight,3584,1024,0.00027901785714285713,0.000530804565642029,2.621107578277588,-0.00017441262025386095,0.7313179969787598,0.00033628023811616004,0.17198927700519562,0.31015315651893616,0.009585168212652206,0.5231435298919678,1.5152109861373901,1.0003243684768677,94.96408081054688,-0.0012286732671782374,0.004452141933143139,0.003703678958117962,0.5483436584472656,0.4479526877403259,0.0037036787252873182,0.44795265793800354,1.5706313848495483,,,,,,,,,,,,
300,model.layers.1.mlp.up_proj.weight,3584,1024,0.00027901785714285713,0.00026526610599830747,2.4955825805664062,-3.0297862849693047e-06,1.211974859237671,0.0001657035609241575,0.16126009821891785,0.32264643907546997,0.011249769479036331,0.49726858735084534,1.5086101293563843,1.000340461730957,79.82025146484375,0.03067701682448387,0.004472103901207447,0.015515242703258991,0.5348448753356934,0.4496398866176605,0.015515242703258991,0.4496398866176605,1.4169137477874756,,,,,,,,,,,,
300,model.layers.1.mlp.down_proj.weight,1024,3584,0.00027901785714285713,0.0002772228326648474,4.301163196563721,-2.0135189515713137e-06,1.2071119546890259,0.0018984124762937427,0.18414564430713654,0.2841499447822571,0.015845704823732376,0.5545887351036072,1.442334532737732,1.000321626663208,73.21686553955078,0.0026263066101819277,0.004458963871002197,0.011486032977700233,0.5050296783447266,0.4834842383861542,0.011486032977700233,0.4834842383861542,1.5701216459274292,8.0,0.07739058136940002,0.07815859466791153,0.9025935530662537,0.00012961482570972294,0.1087871640920639,2.914323091506958,0.001191453300501823,0.013712156563997269,0.00975886918604374,0.019220801070332527,0.06036751717329025
300,model.layers.12.mlp.gate_proj.weight,3584,1024,0.00027901785714285713,0.0002179194998461753,2.688021183013916,-0.0003566524828784168,0.715134859085083,0.0010584493866190314,0.18395784497261047,0.2535170018672943,0.007466279901564121,0.5643596649169922,1.5280051231384277,1.0003093481063843,80.4380111694336,0.01229227613657713,0.004418542608618736,0.028562219813466072,0.4970209002494812,0.4744168817996979,0.028562219813466072,0.4744168817996979,1.3964972496032715,,,,,,,,,,,,
300,model.layers.12.mlp.up_proj.weight,3584,1024,0.00027901785714285713,0.0002617111604195088,2.390977144241333,0.00016017202869988978,1.2232820987701416,0.00037193234311416745,0.20960062742233276,0.263836145401001,0.008726730942726135,0.5181427597999573,1.5123270750045776,1.00031316280365,54.06683349609375,-0.00806516781449318,0.004456986673176289,0.03528992831707001,0.5190956592559814,0.44561436772346497,0.03528992831707001,0.44561436772346497,1.2782909870147705,,,,,,,,,,,,
300,model.layers.12.mlp.down_proj.weight,1024,3584,0.00027901785714285713,0.0002695297880563885,4.090608596801758,0.00017025438137352467,1.2032209634780884,0.0001901653886307031,0.20231972634792328,0.28922733664512634,0.018578216433525085,0.5300315618515015,1.4098862409591675,1.0003149509429932,51.477684020996094,-6.919918087078258e-05,0.004467902705073357,0.020405344665050507,0.4902071952819824,0.4893874526023865,0.020405344665050507,0.4893874526023865,1.4260293245315552,8.0,0.06902823597192764,0.07125022262334824,0.9106454849243164,2.503786345187109e-05,0.04444112628698349,2.8601653575897217,0.0005633939898414437,0.004987705033272505,0.0029049378354102373,3.295822170912288e-05,0.035831186920404434
300,model.layers.22.mlp.gate_proj.weight,3584,1024,0.00027901785714285713,0.00032155110966414213,2.344181776046753,0.000145480313221924,0.31302300095558167,0.0010443045757710934,0.18362873792648315,0.2546929121017456,0.008694896474480629,0.5381182432174683,1.5178669691085815,1.0002878904342651,18.518632888793945,-0.08059513568878174,0.00413159653544426,0.10442815721035004,0.47422948479652405,0.4213423728942871,0.10442816466093063,0.4213423430919647,0.9391690492630005,,,,,,,,,,,,
300,model.layers.22.mlp.up_proj.weight,3584,1024,0.00027901785714285713,0.00022305178572423756,2.5639913082122803,-0.0008308139513246715,0.6723252534866333,0.0010625870199874043,0.1622655987739563,0.3093840479850769,0.01644320599734783,0.5705773234367371,1.5075151920318604,1.000319242477417,44.9553108215332,0.1109345406293869,0.004322371445596218,0.03408581018447876,0.4474615156650543,0.5184527039527893,0.03408581018447876,0.5184527039527893,1.4041953086853027,,,,,,,,,,,,
300,model.layers.22.mlp.down_proj.weight,1024,3584,0.00027901785714285713,0.0003717599902302027,2.1718130111694336,-0.0008996832184493542,0.6771024465560913,0.00036687596002593637,0.1059918999671936,0.396759957075119,0.011406442150473595,0.5506781935691833,1.4593286514282227,1.0003186464309692,49.34538269042969,0.04928462207317352,0.00439640274271369,0.00886633899062872,0.4567248821258545,0.5344088077545166,0.00886633899062872,0.5344088673591614,1.5673258304595947,8.0,0.07426634430885315,0.06962595880031586,0.8457013368606567,1.1681240721372887e-05,0.004081644583493471,1.2479021549224854,0.0028618956115416933,-5.7307654060423374e-05,0.000811418576631695,-0.006246187258511782,0.12287065386772156
300,model.layers.1.linear_attn.in_proj_qkv.weight,6144,1024,0.00016276041666666666,0.00013421833864413202,2.121574640274048,-0.000338543439283967,0.6655547618865967,0.0020189147908240557,0.17583177983760834,0.265594482421875,0.013852497562766075,0.5056223273277283,1.5333812236785889,1.0003223419189453,60.3024787902832,-0.020282022655010223,0.005604199133813381,0.025528019294142723,0.5139376521110535,0.46053433418273926,0.025528019294142723,0.46053433418273926,1.4077881574630737,8.0,0.0805889442563057,0.08125126361846924,0.8951171636581421,3.15572033287026e-05,0.016082409769296646,0.34085774421691895,0.0019622185842416034,0.014842372387647629,0.010772958397865295,0.01949530467391014,0.07065211236476898
300,model.layers.1.linear_attn.out_proj.weight,1024,2048,0.00048828125,0.0006894058315083385,1.3215317726135254,-5.909568062634207e-05,1.4689335823059082,0.00016437319573014975,0.11923724412918091,0.3636762201786041,0.006979955360293388,0.5110132694244385,1.4454923868179321,1.0003012418746948,28.715639114379883,0.10953842848539352,0.0033109840005636215,0.10538945347070694,0.46755337715148926,0.4270571768283844,0.10538945347070694,0.4270571768283844,0.9367208480834961,,,,,,,,,,,,
300,model.layers.12.linear_attn.in_proj_qkv.weight,6144,1024,0.00016276041666666666,8.010822057258338e-05,2.4111759662628174,-3.988085518358275e-05,0.7529878616333008,0.00027996065909974277,0.16245907545089722,0.267681360244751,0.0027875094674527645,0.5994920134544373,1.5524097681045532,1.0003126859664917,50.97737121582031,-0.009080996736884117,0.005834023468196392,0.013783964328467846,0.5218588709831238,0.4643571376800537,0.013783963397145271,0.4643571376800537,1.5588340759277344,8.0,0.06433980166912079,0.07596136629581451,0.8718500733375549,7.65170443628449e-06,0.005349870305508375,0.33628976345062256,0.0014302598005798538,-1.3846649380866438e-05,0.0027862414717674255,0.01149030588567257,0.09396055340766907
300,model.layers.12.linear_attn.out_proj.weight,1024,2048,0.00048828125,0.0002859555825125426,2.491469144821167,-9.082147880690172e-05,1.0088871717453003,0.00010109690629178658,0.17680580914020538,0.32112130522727966,0.020613452419638634,0.5285646319389343,1.4111465215682983,1.000321626663208,96.74988555908203,0.013428103178739548,0.0033888856414705515,0.022850854322314262,0.44215333461761475,0.5349958539009094,0.022850854322314262,0.5349958539009094,1.4073060750961304,,,,,,,,,,,,
300,model.layers.21.linear_attn.in_proj_qkv.weight,6144,1024,0.00016276041666666666,0.00012334792700130492,2.7420096397399902,-4.845557486987673e-05,0.18596245348453522,0.0006014039972797036,0.19028015434741974,0.251990407705307,0.006968415807932615,0.5331308245658875,1.5376540422439575,1.0002974271774292,35.7724609375,-0.03166838735342026,0.005333582405000925,0.04140739515423775,0.4886445105075836,0.4699481129646301,0.04140739515423775,0.4699481129646301,1.270220160484314,8.0,0.06103730946779251,0.06020102649927139,0.8912786841392517,9.402642149325402e-07,-0.00010811639367602766,0.032952964305877686,,0.0012035947293043137,-0.0003538054588716477,0.0003547483356669545,0.046885911375284195
300,model.layers.21.linear_attn.out_proj.weight,1024,2048,0.00048828125,0.0003293229965493083,2.457756519317627,-0.0006310491589829326,0.4718680679798126,0.00017673913680482656,0.12426481395959854,0.4000092148780823,0.007240939419716597,0.588793158531189,1.4860292673110962,1.000317096710205,18.860191345214844,0.04263509437441826,0.003171982942149043,0.05699501931667328,0.4046137034893036,0.5383912920951843,0.056995026767253876,0.5383912920951843,1.4136947393417358,,,,,,,,,,,,
