step,matrix,m,n,r_null,G_r_spectrum,G_stable_rank_G,G_alignment_GW,G_G_fro,G_energy_top,G_energy_mid,G_energy_tail,G_energy_top_rows,G_energy_tail_rows,G_pangle_Gtop_Wtop_mean,H_r_spectrum,H_stable_rank_G,H_alignment_GW,H_G_fro,H_energy_top,H_energy_mid,H_energy_tail,H_energy_top_rows,H_energy_tail_rows,H_pangle_Gtop_Wtop_mean,n_microbatch,snr_diag_median,snr_offdiag_median,spearman_absC_snr,sig_energy_diag,sig_energy_total,noise_energy,R_sigma_cross,snr_cross_diag_median,snr_cross_offdiag_median,spearman_absC_snr_cross,spearman_absC_split,rho_sigma_absmed,rho_frame_absmed
20,model.layers.7.self_attn.q_proj.weight,4096,1024,0.000244140625,0.00014947836461942643,3.005523443222046,0.0010987244313582778,0.210428386926651,0.0013429883401840925,0.17625150084495544,0.265584796667099,0.009719868190586567,0.5353235602378845,1.5368319749832153,5.209613505030575e-07,8.162684440612793,0.0002537984983064234,0.00011323298531351611,0.0007250623311847448,0.25675153732299805,0.20604105293750763,0.011251927353441715,0.49750083684921265,1.5133030414581299,8.0,0.06910838931798935,0.06769527494907379,0.8901565074920654,6.328841095637472e-07,0.0010395576246082783,0.11882373690605164,0.0006088013733747832,0.0019693768117576838,0.001736470265313983,-0.009067036211490631,0.056817345321178436,0.33520564436912537,0.34448423981666565
20,model.layers.7.self_attn.k_proj.weight,512,1024,0.0009765625,0.0009965806966647506,3.211181640625,-1.3694095287064556e-05,0.15689288079738617,0.0030178676825016737,0.1578616499900818,0.24885524809360504,0.028677677735686302,0.6785292029380798,1.3216112852096558,2.4110718754855043e-08,7.604770660400391,1.9594461264205165e-05,3.998767351731658e-05,0.0007574154296889901,0.27059847116470337,0.19250477850437164,0.014780553989112377,0.5121986865997314,1.3566721677780151,,,,,,,,,,,,,,
20,model.layers.7.self_attn.v_proj.weight,512,1024,0.0009765625,0.0007603773265145719,2.0391883850097656,-0.0012754369527101517,0.3042789399623871,0.00026906945277005434,0.14036719501018524,0.2564462423324585,0.00253316736780107,0.7252183556556702,1.4791167974472046,3.702250594983525e-08,5.5343804359436035,-5.705793682864169e-06,4.123069084016606e-05,0.0004890128620900214,0.17176449298858643,0.2362086921930313,0.0060364617966115475,0.6840704083442688,1.4458287954330444,,,,,,,,,,,,,,
20,model.layers.7.self_attn.o_proj.weight,1024,2048,0.00048828125,0.00024866146850399673,2.3026010990142822,-0.00042465262231417,0.485586941242218,3.851474684779532e-05,0.1354372799396515,0.3813132643699646,0.01455722190439701,0.5582624077796936,1.4241138696670532,4.3422794249181607e-08,4.994356155395508,4.969883229932748e-05,7.991113670868799e-05,7.708496559644118e-05,0.1863039880990982,0.2936500906944275,0.016269758343696594,0.4705565869808197,1.4032102823257446,,,,,,,,,,,,,,
20,model.layers.15.self_attn.q_proj.weight,4096,1024,0.000244140625,0.00014390602882485837,4.03938102722168,-0.0004015085578430444,0.22612641751766205,0.0004931546282023191,0.21088728308677673,0.23969556391239166,0.003954373300075531,0.4482034742832184,1.5491682291030884,5.540188681152358e-07,9.696513175964355,-3.482355168671347e-05,0.00010673140786821023,0.0005497593083418906,0.24415351450443268,0.22838236391544342,0.013386786915361881,0.4602282643318176,1.502862811088562,8.0,0.07206016033887863,0.07192802429199219,0.8844634294509888,2.3221707579068607e-06,0.0018913530511781573,0.1571788787841797,0.001227782806843143,-0.0010271914070472121,0.002367358421906829,0.002751766238361597,0.0484648123383522,,
20,model.layers.15.self_attn.k_proj.weight,512,1024,0.0009765625,0.0010034365113824606,4.130893230438232,-4.975303909304785e-06,0.19816435873508453,3.754711724468507e-05,0.24309909343719482,0.24431145191192627,0.0031178134959191084,0.5578438639640808,1.476118564605713,3.7427906107723175e-08,11.157193183898926,6.681479135295376e-06,3.786638262681663e-05,2.7900330678676255e-05,0.2692505717277527,0.21892759203910828,0.005893536377698183,0.5006800889968872,1.4572205543518066,,,,,,,,,,,,,,
20,model.layers.15.self_attn.v_proj.weight,512,1024,0.0009765625,0.0008697882876731455,2.091355562210083,0.0016909379046410322,0.1796332448720932,0.00017016867059282959,0.1957198530435562,0.2553237974643707,0.0033477055840194225,0.6304263472557068,1.4570270776748657,3.4947012750308204e-07,5.084125995635986,0.00035854396992363036,3.8572285120608285e-05,0.0007087361300364137,0.1997082680463791,0.23390881717205048,0.007709096651524305,0.6086401343345642,1.4138813018798828,,,,,,,,,,,,,0.34131553769111633,0.3300638794898987
20,model.layers.15.self_attn.o_proj.weight,1024,2048,0.00048828125,0.00048062478890642524,1.9019856452941895,0.0005354159511625767,0.3377363681793213,2.6779182007885538e-05,0.08153872191905975,0.4925555884838104,0.01305360533297062,0.6210427284240723,1.4389814138412476,1.4786424173962587e-07,4.446840286254883,9.285520354751498e-05,7.737125997664407e-05,0.00011187612835783511,0.19049763679504395,0.2980424463748932,0.027911297976970673,0.5193317532539368,1.4156476259231567,,,,,,,,,,,,,,
20,model.layers.19.self_attn.q_proj.weight,4096,1024,0.000244140625,0.00016977499763015658,3.5933690071105957,0.0006133029237389565,0.13185150921344757,0.00035263129393570125,0.21488362550735474,0.2379542738199234,0.006846853531897068,0.43662333488464355,1.5321327447891235,6.017333475938358e-07,7.725743770599365,-0.00040555684245191514,0.00010688034672057256,0.0009380927076563239,0.24294565618038177,0.22860418260097504,0.023645710200071335,0.45853614807128906,1.4821783304214478,8.0,0.06894780695438385,0.06607595831155777,0.8704834580421448,7.54037046135636e-07,0.0008373723831027746,0.07199987024068832,0.0009004799553355816,-0.0009498022845946252,0.0018646473763510585,-0.00966835767030716,0.06748029589653015,,
20,model.layers.19.self_attn.k_proj.weight,512,1024,0.0009765625,0.0011032834881916642,3.7179882526397705,1.334378453066165e-06,0.13133572041988373,0.0004043589869979769,0.23540838062763214,0.23247921466827393,0.010113546624779701,0.5964605212211609,1.37185800075531,3.220219113586609e-08,8.340874671936035,-3.0917990443413146e-06,3.85443854611367e-05,0.0003890219086315483,0.2784351706504822,0.20395812392234802,0.018983416259288788,0.4764990210533142,1.3437968492507935,,,,,,,,,,,,,,
20,model.layers.19.self_attn.v_proj.weight,512,1024,0.0009765625,0.0007227524765767157,1.6714391708374023,0.0004769888473674655,0.10643895715475082,0.0006053694523870945,0.15708476305007935,0.24130190908908844,0.005240485537797213,0.6375907063484192,1.4178470373153687,5.84847498430463e-07,4.199012279510498,0.00047892957809381187,3.7399830034701154e-05,0.0006637052283622324,0.18757852911949158,0.28592449426651,0.008430298417806625,0.6293489933013916,1.4204964637756348,,,,,,,,,,,,,,
20,model.layers.19.self_attn.o_proj.weight,1024,2048,0.00048828125,0.0004961179220117629,1.4947059154510498,0.00015154306311160326,0.1971443146467209,7.675996312173083e-05,0.06453315168619156,0.5215008854866028,0.008722023107111454,0.6311982870101929,1.4580395221710205,5.154834639142791e-07,5.979152202606201,0.0002765905810520053,7.404182542813942e-05,0.00019886151130776852,0.18811653554439545,0.31167086958885193,0.012936130166053772,0.5741975903511047,1.4454597234725952,,,,,,,,,,,,,,
20,model.layers.1.mlp.gate_proj.weight,3584,1024,0.00027901785714285713,0.00028610494337044656,3.0287907123565674,-0.00034638060606084764,0.2154824286699295,0.000278897350654006,0.1800491213798523,0.3092268705368042,0.009064523503184319,0.5410906076431274,1.5110466480255127,3.363079059681695e-08,9.353378295898438,-4.720449214801192e-05,0.00011990984057774767,0.00012637051986530423,0.2613601088523865,0.2238021194934845,0.010610346682369709,0.49689778685569763,1.5066756010055542,,,,,,,,,,,,,0.31967201828956604,0.3062799572944641
20,model.layers.1.mlp.up_proj.weight,3584,1024,0.00027901785714285713,0.00023029118892736733,2.8486125469207764,-0.0006038519204594195,0.34928229451179504,0.00017681671306490898,0.16755099594593048,0.32177963852882385,0.010583842173218727,0.5068304538726807,1.5131068229675293,3.5713292323436008e-09,8.476226806640625,-1.7061242942872923e-06,0.0001192665658891201,0.00013448731624521315,0.25736650824546814,0.22914011776447296,0.00944714155048132,0.5027686953544617,1.5131237506866455,,,,,,,,,,,,,,
20,model.layers.1.mlp.down_proj.weight,1024,3584,0.00027901785714285713,0.00027583286282606423,5.175383567810059,-0.0005996815743856132,0.3511057198047638,0.0008281947229988873,0.18444111943244934,0.29100579023361206,0.014258602634072304,0.552315890789032,1.4379100799560547,4.70427607979218e-09,9.687421798706055,-1.0188237865804695e-05,0.00011854125477839261,0.0005425517447292805,0.24015705287456512,0.24157796800136566,0.015357974916696548,0.4862591624259949,1.4215446710586548,8.0,0.06440914422273636,0.06714306026697159,0.9065067172050476,8.467311999993399e-06,0.014161458238959312,0.6739228367805481,0.0005979124364960623,0.003392714075744152,0.005074454937130213,-0.004671561066061258,0.03640776127576828,,
20,model.layers.12.mlp.gate_proj.weight,3584,1024,0.00027901785714285713,0.0001931384322233498,3.207242965698242,0.00028594082687050104,0.23487038910388947,0.001074657659046352,0.18978697061538696,0.24652349948883057,0.007511720526963472,0.5717064142227173,1.5317888259887695,8.39591436374576e-08,7.160327911376953,-0.00017095694784075022,0.00010306118929293007,0.000460762094007805,0.2567991614341736,0.21387289464473724,0.009924613870680332,0.5046319365501404,1.5123264789581299,,,,,,,,,,,,,,
20,model.layers.12.mlp.up_proj.weight,3584,1024,0.00027901785714285713,0.0002576433471404016,3.1014342308044434,-0.00013382545148488134,0.3808043897151947,0.0004434207221493125,0.21789100766181946,0.2518010437488556,0.007664944510906935,0.5106370449066162,1.5159415006637573,4.2955510259901075e-09,6.3271870613098145,-5.981499271001667e-06,0.00010336036211811006,0.0006394899100996554,0.26569995284080505,0.20734107494354248,0.012370815500617027,0.49573737382888794,1.5069552659988403,,,,,,,,,,,,,,
20,model.layers.12.mlp.down_proj.weight,1024,3584,0.00027901785714285713,0.00027041882276535034,7.533147811889648,-0.00013429298996925354,0.3814992308616638,0.00014526842278428376,0.19579339027404785,0.29466676712036133,0.022761983796954155,0.5383533239364624,1.3907787799835205,6.8896888194558414e-09,7.020528793334961,-1.1958022696489934e-05,0.00010321487934561446,0.00024903652956709266,0.23650501668453217,0.24253295361995697,0.031126946210861206,0.47364553809165955,1.3577253818511963,8.0,0.07173524796962738,0.06742087006568909,0.911309540271759,1.793417141016107e-05,0.010877618566155434,0.9380885362625122,0.0016487222181113576,0.000755350396502763,0.0020119110122323036,0.0005677536828443408,0.02849472500383854,,
20,model.layers.22.mlp.gate_proj.weight,3584,1024,0.00027901785714285713,0.00029611552599817514,3.3686816692352295,-0.001483656233176589,0.0860142856836319,0.001347739133052528,0.1854858696460724,0.24683982133865356,0.010195497423410416,0.5454230308532715,1.513497233390808,1.2051583553329692e-06,8.836318016052246,0.00028342445148155093,9.795335790840909e-05,0.00034998482442460954,0.23457971215248108,0.22668077051639557,0.009364952333271503,0.502433717250824,1.5069221258163452,,,,,,,,,,,,,0.3471421003341675,0.3466250002384186
20,model.layers.22.mlp.up_proj.weight,3584,1024,0.00027901785714285713,0.00021523171744775027,3.052910566329956,-0.0009225214016623795,0.19750407338142395,0.0008314223377965391,0.1734485775232315,0.2933367192745209,0.012654624879360199,0.5828737020492554,1.5143135786056519,1.2739830523855744e-08,7.680439472198486,3.357799505465664e-05,9.895373659674078e-05,0.0005082797724753618,0.22638601064682007,0.24354031682014465,0.012084715999662876,0.504723846912384,1.5069162845611572,,,,,,,,,,,,,,
20,model.layers.22.mlp.down_proj.weight,1024,3584,0.00027901785714285713,0.00043770443880930543,2.77670955657959,-0.0010222349083051085,0.19537171721458435,0.0002534997765906155,0.1012900248169899,0.4280436336994171,0.00805940292775631,0.5911862254142761,1.4687578678131104,1.8574368709778355e-08,6.412036418914795,7.35297999199247e-06,9.978467278415337e-05,0.0002535650855861604,0.1977681964635849,0.2877900302410126,0.009559332393109798,0.5613375902175903,1.4611434936523438,8.0,0.06383811682462692,0.06689125299453735,0.8599646091461182,4.198549959255615e-06,0.004427152685821056,0.29022085666656494,0.0009483634871465824,2.080471494991798e-05,0.0017781105125322938,-0.013159705325961113,0.09213121980428696,,
20,model.layers.1.linear_attn.in_proj_qkv.weight,6144,1024,0.00016276041666666666,0.00010703254520194605,2.5001230239868164,0.000454994646133855,0.1728983074426651,0.0006287481519393623,0.18879738450050354,0.2638597786426544,0.008009560406208038,0.5177034139633179,1.5331844091415405,7.223067086670198e-07,8.057450294494629,-5.2640905778389424e-05,0.0001581089018145576,0.00029151170747354627,0.2529434561729431,0.22359594702720642,0.009137660264968872,0.5079180598258972,1.5263961553573608,8.0,0.06742265820503235,0.06557473540306091,0.8987017273902893,2.02502860702225e-06,0.0021858010441064835,0.07572032511234283,0.0009264469026045532,0.00422265799716115,0.006112853065133095,0.006733913905918598,0.0736658051609993,,
20,model.layers.1.linear_attn.out_proj.weight,1024,2048,0.00048828125,0.000514521321747452,1.3951784372329712,0.00041384660289622843,0.41021451354026794,0.00033431261545047164,0.12284379452466965,0.3703644871711731,0.010706312954425812,0.5268667936325073,1.4412109851837158,8.501137926941738e-08,8.658374786376953,4.0545317460782826e-05,8.895478822523728e-05,0.00040393281960859895,0.24889631569385529,0.2330278605222702,0.01390339620411396,0.491483211517334,1.4362072944641113,,,,,,,,,,,,,,
20,model.layers.12.linear_attn.in_proj_qkv.weight,6144,1024,0.00016276041666666666,6.248369027161971e-05,2.3209052085876465,-0.00018616122542880476,0.22973942756652832,0.0003632265143096447,0.15474559366703033,0.2595371901988983,0.002807430922985077,0.6060245633125305,1.55221426486969,3.3209341836482054e-06,7.741410255432129,-6.115475116530433e-05,0.00013687538739759475,0.0004166154540143907,0.2510078549385071,0.2165181040763855,0.008410963229835033,0.5072152614593506,1.5342904329299927,8.0,0.07408638298511505,0.07117144018411636,0.8669657707214355,3.6074341096536955e-06,0.0030453053768724203,0.10113736987113953,0.0011845886251836558,0.0045730192214250565,0.00516895018517971,0.007283574435859919,0.11353939026594162,,
20,model.layers.12.linear_attn.out_proj.weight,1024,2048,0.00048828125,0.00030497851548716426,2.688070774078369,7.690516940783709e-05,0.32620343565940857,7.2181508585345e-05,0.15594267845153809,0.3423205316066742,0.022323917597532272,0.5349810719490051,1.4081900119781494,2.3042105112835998e-08,4.5700201988220215,-3.9525210013380274e-05,7.850446127122268e-05,0.00012680581130553037,0.22856351733207703,0.25605374574661255,0.025408033281564713,0.4948946535587311,1.39373779296875,,,,,,,,,,,,,,
20,model.layers.21.linear_attn.in_proj_qkv.weight,6144,1024,0.00016276041666666666,9.643724479246885e-05,3.5495846271514893,-0.00011147445911774412,0.06727610528469086,0.0010406672954559326,0.18529316782951355,0.2455224096775055,0.006145155988633633,0.5713953971862793,1.5446021556854248,8.136378710332792e-06,9.04092788696289,0.000702658377122134,0.00012772221816703677,0.0007422041962854564,0.24279582500457764,0.22443394362926483,0.011251567862927914,0.4906775951385498,1.5303958654403687,8.0,0.06227603182196617,0.0644635483622551,0.8803542852401733,-3.335178178076603e-07,2.7589210731093772e-05,0.012341519817709923,-0.01208870456854994,-0.005700001493096352,0.0002946545137092471,-0.006055484991520643,0.054177090525627136,,
20,model.layers.21.linear_attn.out_proj.weight,1024,2048,0.00048828125,0.0003882551973219961,3.0693962574005127,0.0007105789263732731,0.11832065135240555,0.0002172834356315434,0.15234552323818207,0.34490248560905457,0.008440706878900528,0.5358856320381165,1.4812082052230835,2.779216856652056e-08,4.738739013671875,-4.2393512558192015e-05,7.51062179915607e-05,0.00014572535292245448,0.21567517518997192,0.2743853032588959,0.009041117504239082,0.5324558019638062,1.4634264707565308,,,,,,,,,,,,,,
40,model.layers.7.self_attn.q_proj.weight,4096,1024,0.000244140625,0.00010802441101986915,2.8852169513702393,-0.0008012705948203802,0.31830304861068726,0.0009819540427997708,0.17638474702835083,0.2636772096157074,0.007846853695809841,0.5389944911003113,1.536998987197876,1.1335102954035392e-06,8.541603088378906,0.00025253280182369053,9.95192676782608e-05,0.0005517976242117584,0.25315576791763306,0.20783014595508575,0.011578327976167202,0.5014756321907043,1.5096158981323242,8.0,0.08148641884326935,0.0740743950009346,0.8860259652137756,2.2417234504246153e-06,0.00039827567525207996,0.13704702258110046,0.005628572342525727,0.006148155778646469,0.0010665239533409476,0.013009783811867237,0.05016617849469185,0.3010532557964325,0.29246941208839417
40,model.layers.7.self_attn.k_proj.weight,512,1024,0.0009765625,0.0018422488356009126,3.591066837310791,-2.7474604280541826e-07,0.2394798994064331,0.0054657189175486565,0.13965114951133728,0.2670857906341553,0.030398061498999596,0.7137916088104248,1.2959349155426025,2.8063896095886776e-08,8.53216552734375,9.461701665713917e-06,3.495686178212054e-05,0.0011321180500090122,0.2630559504032135,0.2006790041923523,0.017694255337119102,0.515008270740509,1.344745397567749,,,,,,,,,,,,,,
40,model.layers.7.self_attn.v_proj.weight,512,1024,0.0009765625,0.0009067291975952685,1.9303276538848877,-0.0012544181663542986,0.47003498673439026,0.0001079497451428324,0.15307718515396118,0.2383735328912735,0.002372134942561388,0.6889024376869202,1.4634875059127808,4.837731282236746e-08,5.190982341766357,-3.297754574305145e-06,3.614040542743169e-05,0.00012541368778329343,0.17288780212402344,0.2317231446504593,0.005977184511721134,0.6792230606079102,1.4457567930221558,,,,,,,,,,,,,,
40,model.layers.7.self_attn.o_proj.weight,1024,2048,0.00048828125,0.0002230650425190106,2.006645441055298,-0.0003961159964092076,0.8052951693534851,3.172184733557515e-05,0.14405690133571625,0.356377512216568,0.013769936747848988,0.5241115689277649,1.4505717754364014,9.082373964020007e-08,4.153929233551025,3.9557406125823036e-05,7.150807505240664e-05,9.369141480419785e-05,0.19307321310043335,0.28763312101364136,0.0162123441696167,0.464694082736969,1.428662657737732,,,,,,,,,,,,,,
40,model.layers.15.self_attn.q_proj.weight,4096,1024,0.000244140625,0.00012796418741345406,3.847520351409912,0.00011815696052508429,0.3051488697528839,0.0003684520488604903,0.21515196561813354,0.23798586428165436,0.004605885595083237,0.445110559463501,1.5444118976593018,1.4166719211061718e-06,9.224477767944336,0.0003058639995288104,9.321611287305132e-05,0.000449818791821599,0.2479984015226364,0.22656798362731934,0.012973256409168243,0.45733895897865295,1.5048229694366455,8.0,0.06688617914915085,0.06499554961919785,0.8878060579299927,-2.230782683909638e-06,-0.001763728680089116,0.1578824520111084,,0.00042190137901343405,-0.001348551013506949,-0.00360923632979393,0.03750466927886009,,
40,model.layers.15.self_attn.k_proj.weight,512,1024,0.0009765625,0.0009856453398242593,4.93668270111084,-6.446899192269484e-07,0.27357789874076843,0.0001989967277040705,0.23063313961029053,0.2644702196121216,0.004741979762911797,0.5528839230537415,1.4598802328109741,4.1487894009151205e-08,11.554950714111328,-1.6737856640247628e-05,3.2815027225296944e-05,0.00018022293807007372,0.27690842747688293,0.21733853220939636,0.009612878784537315,0.48340290784835815,1.4093914031982422,,,,,,,,,,,,,,
40,model.layers.15.self_attn.v_proj.weight,512,1024,0.0009765625,0.0008608772768639028,2.0980467796325684,0.001873078872449696,0.2809991240501404,0.00014240654127206653,0.18560487031936646,0.256079763174057,0.004443369340151548,0.6511287689208984,1.4458121061325073,2.6932033847515413e-07,5.218786716461182,-0.0002638328296598047,3.344261858728714e-05,0.00029949340387247503,0.19212429225444794,0.24120047688484192,0.007771333679556847,0.6257833242416382,1.4468669891357422,,,,,,,,,,,,,0.2789328098297119,0.2772395610809326
40,model.layers.15.self_attn.o_proj.weight,1024,2048,0.00048828125,0.00040969086694531143,1.8797880411148071,0.0005924412398599088,0.5297673940658569,4.358106525614858e-05,0.08527298271656036,0.46170783042907715,0.0075950296595692635,0.5881398320198059,1.4467920064926147,3.2156390261661727e-07,5.113633155822754,-0.00010086977272294462,6.670224684057757e-05,0.00011826334230136126,0.19245387613773346,0.2980654537677765,0.023563800379633904,0.5261553525924683,1.4111217260360718,,,,,,,,,,,,,,
40,model.layers.19.self_attn.q_proj.weight,4096,1024,0.000244140625,0.00016157477512024343,3.3160572052001953,0.00039446321898140013,0.1855015605688095,0.0005533846560865641,0.21160411834716797,0.24437499046325684,0.008022474125027657,0.4487553536891937,1.5327242612838745,1.4568456663255347e-06,8.508448600769043,0.00015234995225910097,9.274748299503699e-05,0.0004882607900071889,0.24813401699066162,0.22722336649894714,0.019231989979743958,0.45439374446868896,1.488363265991211,8.0,0.06588880717754364,0.06883151084184647,0.8872517347335815,-2.3916049940453377e-07,0.00023040728410705924,0.05974309891462326,-0.0010379901847782178,-0.0007382333278656006,0.0003425862523727119,0.0003829784400295466,0.041900843381881714,,
40,model.layers.19.self_attn.k_proj.weight,512,1024,0.0009765625,0.0011186173651367426,3.767366409301758,1.041571067617042e-06,0.18132057785987854,0.001708170515485108,0.23836450278759003,0.22280821204185486,0.01529635488986969,0.5846408009529114,1.3443892002105713,4.6234170270054165e-08,9.724623680114746,3.443657624302432e-05,3.266113708377816e-05,0.0006374804652296007,0.28197380900382996,0.19865942001342773,0.018424279987812042,0.46056798100471497,1.3045796155929565,,,,,,,,,,,,,,
40,model.layers.19.self_attn.v_proj.weight,512,1024,0.0009765625,0.0006788296159356833,1.661366581916809,-0.0024077475536614656,0.15871615707874298,0.0014594277599826455,0.1341053694486618,0.26217252016067505,0.007574749644845724,0.7115601897239685,1.4322047233581543,1.1173095799676958e-06,5.0451979637146,0.000351796334143728,3.2337269658455625e-05,0.00029648165218532085,0.19011186063289642,0.2838346064090729,0.006511980202049017,0.6284992098808289,1.4283040761947632,,,,,,,,,,,,,,
40,model.layers.19.self_attn.o_proj.weight,1024,2048,0.00048828125,0.0004889670526608825,1.442239761352539,-0.0007218106184154749,0.3173046410083771,9.121109178522602e-05,0.05833349749445915,0.515869140625,0.014411264099180698,0.6163671612739563,1.4731637239456177,1.010317191685317e-06,6.37598991394043,0.00016314888489432633,6.602428038604558e-05,8.67113922140561e-05,0.18427729606628418,0.31352928280830383,0.010051841847598553,0.5827765464782715,1.4678553342819214,,,,,,,,,,,,,,
40,model.layers.1.mlp.gate_proj.weight,3584,1024,0.00027901785714285713,0.00021400247351266444,2.808546543121338,-2.2806148990639485e-05,0.3747462034225464,0.00017583010776434094,0.1751043051481247,0.3159096837043762,0.006421697326004505,0.5383172631263733,1.5180329084396362,1.1451964354591837e-07,9.965843200683594,-3.119061148026958e-05,0.00010361937165725976,0.00016770085494499654,0.25620797276496887,0.22756989300251007,0.010677596554160118,0.5031363368034363,1.5104941129684448,,,,,,,,,,,,,0.26147136092185974,0.2560788691043854
40,model.layers.1.mlp.up_proj.weight,3584,1024,0.00027901785714285713,0.0003703602706082165,2.580519914627075,-0.0004615650395862758,0.6206982731819153,9.310633322456852e-05,0.16113536059856415,0.32645121216773987,0.007135638501495123,0.5060743093490601,1.5152910947799683,4.963083721776229e-09,8.842588424682617,-3.685636897898803e-07,0.0001033409425872378,0.00015990957035683095,0.25824493169784546,0.22801722586154938,0.009631422348320484,0.5003890991210938,1.513576626777649,,,,,,,,,,,,,,
40,model.layers.1.mlp.down_proj.weight,1024,3584,0.00027901785714285713,0.0002753427834250033,4.192171573638916,-0.0004703072481788695,0.6021851301193237,0.0017744939541444182,0.1920032948255539,0.27141258120536804,0.01675003208220005,0.524319052696228,1.4297360181808472,5.728583385433694e-09,8.957796096801758,6.201773430802859e-06,0.00010202593693975359,0.0008257096051238477,0.24021011590957642,0.23728138208389282,0.019387122243642807,0.4767082929611206,1.4012212753295898,8.0,0.07116489857435226,0.07242321223020554,0.9073728322982788,1.0781178389152046e-05,0.021211305633187294,0.7744444608688354,0.0005082750951588653,0.0039327689446508884,0.006765367463231087,-0.0008125873282551765,0.03283781185746193,,
40,model.layers.12.mlp.gate_proj.weight,3584,1024,0.00027901785714285713,0.00017953760107047856,3.1565637588500977,0.0003051551466342062,0.35759520530700684,0.0005571459187194705,0.18868395686149597,0.2424575835466385,0.005009182728827,0.563184916973114,1.5311310291290283,2.270547554417135e-07,8.048409461975098,-0.00021027201728429645,8.763850928517058e-05,0.00033140479354187846,0.258969783782959,0.2129666805267334,0.010097137652337551,0.4963364899158478,1.5128313302993774,,,,,,,,,,,,,,
40,model.layers.12.mlp.up_proj.weight,3584,1024,0.00027901785714285713,0.00027782065444625914,2.937016248703003,0.0003068576625082642,0.5792896747589111,0.0005558633129112422,0.22130021452903748,0.24254482984542847,0.009534941054880619,0.49579739570617676,1.514270305633545,9.424345748243468e-09,6.722211837768555,-1.2511631211964414e-05,8.813092426862568e-05,0.00034456216963008046,0.26730072498321533,0.2078234702348709,0.009218777529895306,0.492963969707489,1.5077377557754517,,,,,,,,,,,,,,
40,model.layers.12.mlp.down_proj.weight,1024,3584,0.00027901785714285713,0.00024968283833004534,5.65812349319458,0.0003143003850709647,0.585517942905426,8.791893924353644e-05,0.19524016976356506,0.29858332872390747,0.01606602594256401,0.5432989597320557,1.4144567251205444,1.458201115411839e-08,7.267298221588135,-7.312326943065273e-06,8.789768617134541e-05,0.00020037117064930499,0.2362298220396042,0.24404822289943695,0.028184641152620316,0.47589021921157837,1.3865522146224976,8.0,0.06543848663568497,0.06835956126451492,0.897871196269989,5.809758931718534e-06,0.007704079616814852,0.9755034446716309,0.000754114601702481,0.0007651131018064916,0.0011869403533637524,0.005473789758980274,0.03767926245927811,,
40,model.layers.22.mlp.gate_proj.weight,3584,1024,0.00027901785714285713,0.00021444977028295398,3.518549919128418,-0.0005449851742014289,0.13632439076900482,0.0008034553611651063,0.18166771531105042,0.2542217969894409,0.007170938421040773,0.5625357627868652,1.5219188928604126,2.3329348550760187e-06,8.773005485534668,7.235426892293617e-05,8.561729191569611e-05,0.00046203992678783834,0.23148736357688904,0.23018009960651398,0.0092686852440238,0.5082389712333679,1.5111267566680908,,,,,,,,,,,,,0.25068965554237366,0.2673656940460205
40,model.layers.22.mlp.up_proj.weight,3584,1024,0.00027901785714285713,0.0002161464944947511,2.9288551807403564,5.8673049352364615e-05,0.3158020079135895,0.00041834250441752374,0.17542126774787903,0.2914747893810272,0.009433750063180923,0.5807169675827026,1.5106924772262573,5.1966260627978045e-08,8.31008243560791,-3.770809780689888e-05,8.639218867756426e-05,0.0006769971805624664,0.223855122923851,0.24606949090957642,0.012834309600293636,0.5049097537994385,1.5021495819091797,,,,,,,,,,,,,,
40,model.layers.22.mlp.down_proj.weight,1024,3584,0.00027901785714285713,0.0003702147223521024,2.7881665229797363,6.514293636428192e-05,0.3020760416984558,0.00023473626060876995,0.10724963247776031,0.40236300230026245,0.010196242481470108,0.5580313205718994,1.4652730226516724,1.875567257059174e-08,6.065962314605713,-4.2731306166388094e-05,8.78778300830163e-05,0.00018029368948191404,0.19752055406570435,0.28745928406715393,0.009075292386114597,0.5641042590141296,1.4560984373092651,8.0,0.06445640325546265,0.06950168311595917,0.8604955077171326,-3.629876118793618e-06,0.0016095609171316028,0.33144402503967285,-0.002255196482567691,-0.004140975419431925,0.000510245154146105,0.010670396499335766,0.10491616278886795,,
40,model.layers.1.linear_attn.in_proj_qkv.weight,6144,1024,0.00016276041666666666,0.0001183566200779751,2.281144380569458,0.00039679091423749924,0.3263074457645416,0.0009912715759128332,0.18063148856163025,0.2718348801136017,0.009219393134117126,0.5315364003181458,1.5317935943603516,1.406885758115095e-06,10.189841270446777,-0.00038719820440746844,0.00013891536218579859,0.0002599304134491831,0.2551976144313812,0.2221778780221939,0.008588846772909164,0.5036790370941162,1.529062271118164,8.0,0.06415075808763504,0.06737493723630905,0.8879796862602234,1.2003357596768183e-06,0.002049987204372883,0.094030000269413,0.0005855332936304918,0.010115992277860641,0.007180605083703995,0.01710873655974865,0.07404661178588867,,
40,model.layers.1.linear_attn.out_proj.weight,1024,2048,0.00048828125,0.000391652894904837,1.2953529357910156,0.0005069899489171803,0.7435191869735718,0.0008410667651332915,0.1181468814611435,0.3617958426475525,0.0190407857298851,0.5041211247444153,1.4330347776412964,1.3769729889645532e-07,8.656294822692871,5.597857307293452e-05,7.747406925773248e-05,0.0002942201681435108,0.25127190351486206,0.2316153198480606,0.012624885886907578,0.48715466260910034,1.4375590085983276,,,,,,,,,,,,,,
40,model.layers.12.linear_attn.in_proj_qkv.weight,6144,1024,0.00016276041666666666,6.725057028234005e-05,2.35390567779541,-0.0002782524679787457,0.33774176239967346,0.0002626825007610023,0.15608052909374237,0.2568916082382202,0.002552446210756898,0.6042299866676331,1.5519380569458008,5.620788215310313e-06,7.884709358215332,5.253823837847449e-05,0.000117320945719257,0.00034456001594662666,0.2514790892601013,0.21548429131507874,0.008185718208551407,0.5046985745429993,1.5324941873550415,8.0,0.06796394288539886,0.06958164274692535,0.8676990270614624,5.110388201501337e-07,7.741393346805125e-06,0.09541627764701843,0.06601380362115813,-0.00038300943560898304,0.00015856856771279126,-0.006512514315545559,0.07936901599168777,,
40,model.layers.12.linear_attn.out_proj.weight,1024,2048,0.00048828125,0.0003784523578360677,2.355649709701538,-1.067293942469405e-05,0.49564728140830994,3.498364094411954e-05,0.14494101703166962,0.3664793074131012,0.01432090811431408,0.5615013837814331,1.4501070976257324,5.0205159141114564e-08,4.635202884674072,-9.519860032014549e-05,6.732407200615853e-05,0.000148246152093634,0.22641226649284363,0.25772568583488464,0.026774734258651733,0.5003529787063599,1.3907034397125244,,,,,,,,,,,,,,
40,model.layers.21.linear_attn.in_proj_qkv.weight,6144,1024,0.00016276041666666666,0.00011486041330499575,3.3330442905426025,-0.0005054270732216537,0.09799430519342422,0.0007438486209139228,0.1659497618675232,0.26863721013069153,0.0052970899268984795,0.6143466830253601,1.5453169345855713,1.2687404705502558e-05,9.743772506713867,0.0008461526595056057,0.00011177799751749262,0.000336651923134923,0.2390803098678589,0.22878439724445343,0.00910131074488163,0.49498990178108215,1.531171202659607,8.0,0.06570438295602798,0.06504231691360474,0.889021098613739,6.680959785398954e-09,-7.16688227839768e-05,0.011387825012207031,,-0.004164416808634996,-0.0005534081137739122,-0.0023686657659709454,0.05346989631652832,,
40,model.layers.21.linear_attn.out_proj.weight,1024,2048,0.00048828125,0.00044753687689080834,3.0881221294403076,-0.0006181285134516656,0.18898619711399078,0.00013156015484128147,0.14336884021759033,0.3713555335998535,0.007018371019512415,0.5667241811752319,1.49103581905365,6.810655150957245e-08,5.074495792388916,-3.6027126043336466e-05,6.520539318444207e-05,0.00015517696738243103,0.2086169570684433,0.28170260787010193,0.008807024918496609,0.5495089292526245,1.471096396446228,,,,,,,,,,,,,,
60,model.layers.7.self_attn.q_proj.weight,4096,1024,0.000244140625,0.000173466483829543,2.676828145980835,0.00032151213963516057,0.29192981123924255,0.0006523174233734608,0.1735345870256424,0.26447245478630066,0.007109007798135281,0.5478017926216125,1.535544753074646,1.3169159274184494e-06,9.071401596069336,3.4355023217358394e-06,9.421227150596678e-05,0.0005888874875381589,0.2611117362976074,0.2038402408361435,0.010955080389976501,0.49420464038848877,1.512452244758606,8.0,0.09370741248130798,0.09340082854032516,0.8785775899887085,-2.481851879565511e-08,0.005804747808724642,0.1960773468017578,-4.275555047947548e-06,0.011350980028510094,0.008680780418217182,-0.003299923613667488,0.07416427880525589,0.3162502646446228,0.3221387267112732
60,model.layers.7.self_attn.k_proj.weight,512,1024,0.0009765625,0.0010612274054437876,3.562084674835205,-9.904371836455539e-06,0.2079210877418518,0.0013837511651217937,0.14244116842746735,0.2719533443450928,0.022872671484947205,0.722241222858429,1.3336029052734375,3.4310666308101645e-08,9.280355453491211,6.964688964217203e-06,3.31638366333209e-05,0.0008202543249353766,0.2731674909591675,0.18298065662384033,0.02051125094294548,0.5049347877502441,1.3383541107177734,,,,,,,,,,,,,,
60,model.layers.7.self_attn.v_proj.weight,512,1024,0.0009765625,0.0008496520458720624,1.9725970029830933,0.0009018878918141127,0.4038275480270386,0.0002612111275084317,0.13952070474624634,0.25106242299079895,0.0024631323758512735,0.7330450415611267,1.4775452613830566,5.682489501168675e-08,5.422379493713379,-8.112721843644977e-05,3.434501195442863e-05,0.00013739224232267588,0.17095279693603516,0.23299454152584076,0.005447176285088062,0.6925889849662781,1.4468799829483032,,,,,,,,,,,,,,
60,model.layers.7.self_attn.o_proj.weight,1024,2048,0.00048828125,0.00024520084843970835,2.116802453994751,0.00029492293833754957,0.6580314636230469,3.712558827828616e-05,0.14397619664669037,0.35660797357559204,0.015289168804883957,0.5203251838684082,1.4384773969650269,1.19209900617534e-07,4.411790370941162,-1.7747692254488356e-05,6.812115316279233e-05,0.0001040482529788278,0.18854746222496033,0.29402220249176025,0.01833198592066765,0.47335511445999146,1.4041154384613037,,,,,,,,,,,,,,
60,model.layers.15.self_attn.q_proj.weight,4096,1024,0.000244140625,0.00015995974536053836,3.502933979034424,0.0004829437821172178,0.2860783636569977,0.0005460457759909332,0.2135392427444458,0.2289840281009674,0.004699479788541794,0.42760857939720154,1.5465956926345825,1.7350821508443914e-06,8.408047676086426,-0.0003347959718666971,9.308485459769145e-05,0.000763924908824265,0.24536243081092834,0.2266739159822464,0.015159223228693008,0.45778438448905945,1.5046751499176025,8.0,0.07323607057332993,0.07198605686426163,0.8696029186248779,9.910970220516901e-06,0.0034884982742369175,0.2702219486236572,0.002841042030523822,0.0015667295083403587,0.0018048719502985477,0.0073012616485357285,0.056452855467796326,,
60,model.layers.15.self_attn.k_proj.weight,512,1024,0.0009765625,0.0009536347351968288,4.8574371337890625,2.144239715562435e-06,0.24483782052993774,4.189374521956779e-05,0.2792845070362091,0.21013617515563965,0.004330738913267851,0.5091858506202698,1.4581056833267212,5.267389369123521e-08,11.787887573242188,-2.9653798264916986e-05,3.284041667939164e-05,5.258712189970538e-05,0.28345581889152527,0.21432878077030182,0.006262840237468481,0.4869549870491028,1.4424532651901245,,,,,,,,,,,,,,
60,model.layers.15.self_attn.v_proj.weight,512,1024,0.0009765625,0.0008595550316385925,1.6555737257003784,-0.0015424028970301151,0.2577662169933319,0.00013526692055165768,0.16049739718437195,0.2859756648540497,0.004999278578907251,0.6790288686752319,1.454700231552124,2.377943246756331e-07,4.640364646911621,9.814302029553801e-05,3.3576798159629107e-05,0.0003298942174296826,0.19638779759407043,0.24794799089431763,0.0053719705902040005,0.6293571591377258,1.4392266273498535,,,,,,,,,,,,,0.25593093037605286,0.27885597944259644
60,model.layers.15.self_attn.o_proj.weight,1024,2048,0.00048828125,0.0003839392156805843,1.7909197807312012,-0.0005317064351402223,0.4419471025466919,3.294172711321153e-05,0.09113207459449768,0.4219891130924225,0.0186971016228199,0.5446451902389526,1.4242277145385742,3.9189086464830325e-07,4.532395362854004,0.00012078400322934613,6.611132266698405e-05,8.263518247986212e-05,0.19305163621902466,0.2942573130130768,0.026574432849884033,0.5154251456260681,1.40460205078125,,,,,,,,,,,,,,
60,model.layers.19.self_attn.q_proj.weight,4096,1024,0.000244140625,0.00018502028251532465,3.4968948364257812,5.9968708228552714e-05,0.16693748533725739,0.0003306450671516359,0.21730756759643555,0.2334880530834198,0.008178843185305595,0.42631077766418457,1.5254496335983276,1.415675797034055e-06,8.502119064331055,-0.0005511734634637833,9.323423000751063e-05,0.0006501005263999104,0.24592147767543793,0.22888655960559845,0.020395612344145775,0.45877039432525635,1.486610770225525,8.0,0.06275801360607147,0.07016462832689285,0.8573728203773499,1.3664546258951304e-06,0.000960871868301183,0.1087418794631958,0.0014220986907557361,-0.002519618021324277,0.0013311314396560192,-0.013332873582839966,0.05686938390135765,,
60,model.layers.19.self_attn.k_proj.weight,512,1024,0.0009765625,0.0010318972636014223,3.817277431488037,5.377101388148731e-06,0.16969089210033417,0.00031058923923410475,0.24228481948375702,0.22679734230041504,0.009599048644304276,0.5746567249298096,1.394896149635315,4.9497806742238026e-08,9.656644821166992,4.4279910071054474e-05,3.293345798738301e-05,0.000292482553049922,0.28296738862991333,0.2015196830034256,0.01541887503117323,0.4580227732658386,1.3843580484390259,,,,,,,,,,,,,,
60,model.layers.19.self_attn.v_proj.weight,512,1024,0.0009765625,0.0007172818295657635,1.6109652519226074,0.0006169492844492197,0.13886387646198273,0.0009069254738278687,0.12460795044898987,0.28162533044815063,0.004768262151628733,0.7202514410018921,1.4450887441635132,8.32369096315233e-07,4.301413536071777,0.00016522513760719448,3.29783397319261e-05,0.00038994106580503285,0.18324075639247894,0.2919338643550873,0.006752489134669304,0.6425876617431641,1.4262598752975464,,,,,,,,,,,,,,
60,model.layers.19.self_attn.o_proj.weight,1024,2048,0.00048828125,0.0005797749035991728,1.4380398988723755,0.000188845515367575,0.2730913758277893,5.3196694352664053e-05,0.05887170508503914,0.5263592600822449,0.006787674501538277,0.6310917735099792,1.4508862495422363,1.0480836181159248e-06,6.963707447052002,0.0001433214929420501,6.677299097646028e-05,0.00011511043703649193,0.1845831423997879,0.31059569120407104,0.010614339262247086,0.5796818137168884,1.459673285484314,,,,,,,,,,,,,,
60,model.layers.1.mlp.gate_proj.weight,3584,1024,0.00027901785714285713,0.0002830132143571973,2.9687373638153076,0.0005640587769448757,0.3122311234474182,0.00027877342654392123,0.17904052138328552,0.29794740676879883,0.007777080405503511,0.5205931067466736,1.515497088432312,2.6318787149648415e-07,9.39144229888916,-0.00020448806753847748,8.924835128709674e-05,0.0001589961175341159,0.2569907307624817,0.22636061906814575,0.010591242462396622,0.5032075047492981,1.507802128791809,,,,,,,,,,,,,0.3337445855140686,0.3544570207595825
60,model.layers.1.mlp.up_proj.weight,3584,1024,0.00027901785714285713,0.00024941819719970226,2.710981845855713,0.0006896741688251495,0.5177946090698242,0.00010275383829139173,0.16288971900939941,0.33548030257225037,0.006472076755017042,0.5153261423110962,1.5150625705718994,8.179088517579203e-09,9.670827865600586,-1.578579394845292e-05,8.865204290486872e-05,0.00018666578398551792,0.2567393183708191,0.2290634661912918,0.009901396930217743,0.5014269351959229,1.5086320638656616,,,,,,,,,,,,,,
60,model.layers.1.mlp.down_proj.weight,1024,3584,0.00027901785714285713,0.00028783082962036133,4.906493663787842,0.0007097830530256033,0.5019257664680481,0.0021372672636061907,0.1953895390033722,0.27191609144210815,0.01752176135778427,0.5249506831169128,1.4293737411499023,1.296301643805009e-08,10.75267219543457,-1.455075471312739e-05,8.901835099095479e-05,0.0003391652135178447,0.2315559983253479,0.2512364387512207,0.014586479403078556,0.5033631324768066,1.430011510848999,8.0,0.08060067892074585,0.09950945526361465,0.8835224509239197,5.29281169292517e-05,0.06333181262016296,1.3654022216796875,0.0008357271762722446,0.012799885123968124,0.014270246960222721,-0.01599946990609169,0.0585060715675354,,
60,model.layers.12.mlp.gate_proj.weight,3584,1024,0.00027901785714285713,0.00019955144671257585,2.6874353885650635,0.0009053203393705189,0.32966348528862,0.0009197500185109675,0.18220260739326477,0.24530351161956787,0.0065370481461286545,0.5873295068740845,1.5252583026885986,1.7530253160202847e-07,7.7719244956970215,-0.00010511225991649553,8.778411574894562e-05,0.00027365333517082036,0.25705957412719727,0.214295893907547,0.01006398070603609,0.5004851222038269,1.5054291486740112,,,,,,,,,,,,,,
60,model.layers.12.mlp.up_proj.weight,3584,1024,0.00027901785714285713,0.0002622382889967412,2.6576154232025146,0.000421524397097528,0.5264118313789368,0.00040588495903648436,0.21532796323299408,0.25098007917404175,0.007076598703861237,0.5234323740005493,1.5198019742965698,1.1687530943049751e-08,6.777198314666748,-9.918850992107764e-06,8.86324851308018e-05,0.000285853398963809,0.26754745841026306,0.20947036147117615,0.009922773577272892,0.4934053122997284,1.5132262706756592,,,,,,,,,,,,,,
60,model.layers.12.mlp.down_proj.weight,1024,3584,0.00027901785714285713,0.00028152871527709067,5.334925174713135,0.00046173311420716345,0.5068918466567993,0.0002161172014893964,0.20893113315105438,0.2760055959224701,0.029416991397738457,0.5036319494247437,1.3897017240524292,1.4589207175674801e-08,7.894054412841797,-1.629739927011542e-05,8.797401824267581e-05,0.00023334431170951575,0.23787935078144073,0.2433435618877411,0.028441982343792915,0.47456106543540955,1.3508729934692383,8.0,0.08121531456708908,0.07385341078042984,0.885455846786499,1.4604032912757248e-05,0.008439929224550724,1.3859474658966064,0.0017303501633966192,0.005287203472107649,0.0012858340051025152,-0.002645552856847644,0.03422493860125542,,
60,model.layers.22.mlp.gate_proj.weight,3584,1024,0.00027901785714285713,0.0002507609606254846,3.514230251312256,0.0004631916817743331,0.11817872524261475,0.0008166671614162624,0.17879441380500793,0.2593291401863098,0.007390407379716635,0.5699648857116699,1.5218219757080078,2.1411860871012323e-06,8.72824478149414,-2.046159170276951e-05,8.618346328148618e-05,0.0008257113513536751,0.23172645270824432,0.2281552255153656,0.010018056258559227,0.5032641887664795,1.5133670568466187,,,,,,,,,,,,,0.29522761702537537,0.2894139587879181
60,model.layers.22.mlp.up_proj.weight,3584,1024,0.00027901785714285713,0.0003028920909855515,3.2612500190734863,0.0004939220380038023,0.2621626555919647,0.001089896890334785,0.1809648722410202,0.2859194576740265,0.015567156486213207,0.5664583444595337,1.5120328664779663,4.6457252267373406e-08,8.001675605773926,-4.9437283450970426e-05,8.631603850517422e-05,0.00042238342575728893,0.2229953408241272,0.24520015716552734,0.011980517767369747,0.5084383487701416,1.500823974609375,,,,,,,,,,,,,,
60,model.layers.22.mlp.down_proj.weight,1024,3584,0.00027901785714285713,0.0003822931903414428,3.0836894512176514,0.000579098763410002,0.2472975105047226,0.00018214188457932323,0.10579036176204681,0.42642948031425476,0.0077656046487390995,0.6023089289665222,1.4827057123184204,2.155926104308037e-08,7.225521087646484,-2.4233229851233773e-05,8.781478391028941e-05,0.00034934814902953804,0.19493745267391205,0.2918185591697693,0.010042604058980942,0.5721578598022461,1.4633184671401978,8.0,0.06979534029960632,0.07211650162935257,0.8355786800384521,-7.137127795431297e-06,-0.0037611573934555054,0.4528430700302124,,-0.005610659718513489,-0.0006750632310286164,0.010194158181548119,0.1291247010231018,,
60,model.layers.1.linear_attn.in_proj_qkv.weight,6144,1024,0.00016276041666666666,0.00010464174556545913,2.591543197631836,-0.0002701172197703272,0.2524113953113556,0.0005060010589659214,0.18221980333328247,0.2694549262523651,0.006316500715911388,0.5258537530899048,1.5372775793075562,3.0071660148678347e-06,8.311339378356934,0.00021136253781151026,0.0001187527013826184,0.00028915333678014576,0.2577219009399414,0.21913962066173553,0.009278793819248676,0.4973610043525696,1.5280647277832031,8.0,0.10937825590372086,0.10885462909936905,0.8697080016136169,2.2804306354373693e-06,0.011252636089920998,0.1604960411787033,0.0002026574588580141,0.02430691570043564,0.02285178191959858,-0.0321052111685276,0.08329389989376068,,
60,model.layers.1.linear_attn.out_proj.weight,1024,2048,0.00048828125,0.00031093278084881604,1.3668510913848877,-0.0006730649038217962,0.5884174704551697,0.0002643750049173832,0.12334542721509933,0.3867984116077423,0.01026288140565157,0.5461728572845459,1.44781494140625,1.8036131166354608e-07,9.34039306640625,0.00013019236212130636,6.947585643501952e-05,0.0002644132764544338,0.2430289089679718,0.23862406611442566,0.014294900931417942,0.5042982697486877,1.4375461339950562,,,,,,,,,,,,,,
60,model.layers.12.linear_attn.in_proj_qkv.weight,6144,1024,0.00016276041666666666,5.5259377404581755e-05,2.1268184185028076,-0.00012926034105475992,0.32705044746398926,0.00033990127849392593,0.15358220040798187,0.26562121510505676,0.002760309027507901,0.6143307685852051,1.5532358884811401,6.075890269130468e-06,7.891136646270752,0.0007378290756605566,0.00012020864960504696,0.0003631741856224835,0.2539333403110504,0.2142854779958725,0.008720521815121174,0.5001293420791626,1.5325158834457397,8.0,0.06659593433141708,0.07046046108007431,0.8400874733924866,-3.007585291925352e-06,-0.0008181622251868248,0.16914424300193787,,0.00030300451908260584,-0.0005752029828727245,0.00525869894772768,0.1006438136100769,,
60,model.layers.12.linear_attn.out_proj.weight,1024,2048,0.00048828125,0.00030572275863960385,2.317319631576538,0.00022626330610364676,0.44096213579177856,6.658405618509278e-05,0.16146628558635712,0.3374926447868347,0.023101316764950752,0.5193137526512146,1.4345839023590088,4.6131685138561807e-08,4.861179351806641,-4.329893636167981e-05,6.791253690607846e-05,0.0001284926402149722,0.2334612011909485,0.25320950150489807,0.02220652624964714,0.4920829236507416,1.3822500705718994,,,,,,,,,,,,,,
60,model.layers.21.linear_attn.in_proj_qkv.weight,6144,1024,0.00016276041666666666,8.972210343927145e-05,3.3894312381744385,-0.00010417515295557678,0.08563750237226486,0.0009319634409621358,0.16985014081001282,0.2633192241191864,0.00628296472132206,0.5980838537216187,1.546268343925476,1.0826688594534062e-05,10.068037986755371,0.00038779692840762436,0.00011417162022553384,0.00042219844181090593,0.23724734783172607,0.22908569872379303,0.010131372138857841,0.4961403012275696,1.527163028717041,8.0,0.07851636409759521,0.07918993383646011,0.8757370710372925,1.449242290618713e-07,6.970887625357136e-05,0.013922864571213722,0.002078992473421869,0.006288344971835613,0.0014422317035496235,-0.009528720751404762,0.04111284390091896,,
60,model.layers.21.linear_attn.out_proj.weight,1024,2048,0.00048828125,0.00039401353569701314,3.080160617828369,-0.0005507970927283168,0.15702156722545624,0.0001126615097746253,0.14400668442249298,0.369079053401947,0.0076521518640220165,0.5716557502746582,1.4734207391738892,4.358769345458313e-08,5.4097137451171875,2.113230584654957e-05,6.717024371027946e-05,9.50972389546223e-05,0.20977959036827087,0.2771017849445343,0.007584689185023308,0.551138699054718,1.478760838508606,,,,,,,,,,,,,,
80,model.layers.7.self_attn.q_proj.weight,4096,1024,0.000244140625,0.00011483662819955498,2.3629872798919678,-0.0008695884607732296,0.29742780327796936,0.0006760748219676316,0.1679440587759018,0.2739720344543457,0.007342439144849777,0.560341477394104,1.5355145931243896,1.4772311942579108e-06,8.135035514831543,0.000873168813996017,9.898777352645993e-05,0.00044203948345966637,0.2584418058395386,0.20579232275485992,0.012382334098219872,0.49322569370269775,1.508963704109192,8.0,0.08834722638130188,0.09131073951721191,0.8234856128692627,-3.430761125855497e-06,0.004093252122402191,0.24523192644119263,-0.0008381504542754868,0.0034562922082841396,0.005880486685782671,-0.010468081571161747,0.051460813730955124,0.32610073685646057,0.327576607465744
80,model.layers.7.self_attn.k_proj.weight,512,1024,0.0009765625,0.001056069158948958,3.869832754135132,-2.5761562937987037e-05,0.20798349380493164,0.0010932122822850943,0.15854512155056,0.24444890022277832,0.02278018929064274,0.7024844288825989,1.31033456325531,3.0190136612873175e-08,8.094255447387695,1.1860896847792901e-05,3.496275166980922e-05,0.0008554212981835008,0.25454583764076233,0.19804589450359344,0.015351969748735428,0.5382677912712097,1.3414934873580933,,,,,,,,,,,,,,
80,model.layers.7.self_attn.v_proj.weight,512,1024,0.0009765625,0.0009017782867886126,2.234334707260132,0.0007352213724516332,0.3715546429157257,0.00029871106380596757,0.14805662631988525,0.2480783313512802,0.0026696885470300913,0.7159667611122131,1.4796525239944458,4.1792844740484725e-08,5.847604274749756,-1.7562700804774067e-06,3.535832365741953e-05,0.0004635877558030188,0.1716042309999466,0.23230259120464325,0.00721075851470232,0.681655764579773,1.4443546533584595,,,,,,,,,,,,,,
80,model.layers.7.self_attn.o_proj.weight,1024,2048,0.00048828125,0.00022593380708713084,2.045710802078247,0.0002194218832300976,0.6236644983291626,2.6142448405153118e-05,0.15174762904644012,0.3461640179157257,0.015219876542687416,0.5124213099479675,1.4060046672821045,9.22547584991662e-08,4.553660869598389,2.9443734092637897e-05,7.03251498634927e-05,0.00010936506441794336,0.1874861717224121,0.2943032383918762,0.01936773955821991,0.4727483093738556,1.4141796827316284,,,,,,,,,,,,,,
80,model.layers.15.self_attn.q_proj.weight,4096,1024,0.000244140625,0.00013841604231856763,3.8796520233154297,-0.0002942511928267777,0.2686367928981781,0.0002056407101918012,0.21997776627540588,0.2287301868200302,0.003255474613979459,0.4355412721633911,1.5471477508544922,1.2224489864820498e-06,8.964734077453613,-0.00030266211251728237,9.498143481323496e-05,0.0006375913508236408,0.2510555684566498,0.22040799260139465,0.014659564010798931,0.44927728176116943,1.50106680393219,8.0,0.08387517184019089,0.0792129635810852,0.8194820284843445,7.056406502670143e-06,0.002236040076240897,0.354449063539505,0.003155760300384674,0.00418880907818675,0.0010114674223586917,-0.004325130023062229,0.05412254482507706,,
80,model.layers.15.self_attn.k_proj.weight,512,1024,0.0009765625,0.0009748204029165208,3.249511480331421,-6.969543392187916e-06,0.2475907802581787,0.0002138475247193128,0.25031474232673645,0.24119511246681213,0.0036537079140543938,0.5534165501594543,1.4561152458190918,3.964038342019194e-08,6.635251998901367,3.265384293626994e-05,3.461645246716216e-05,2.074310032185167e-05,0.2957526743412018,0.20341241359710693,0.0052238465286791325,0.47317826747894287,1.4662302732467651,,,,,,,,,,,,,,
80,model.layers.15.self_attn.v_proj.weight,512,1024,0.0009765625,0.0008727906970307231,1.7003928422927856,-0.0006410173373296857,0.2395593822002411,0.00010378310253145173,0.18974392116069794,0.26391831040382385,0.0036392416805028915,0.6311768889427185,1.454858422279358,5.844205475113995e-07,4.994941234588623,0.00032958074007183313,3.293669942650013e-05,0.00026925053680315614,0.1975318193435669,0.24195028841495514,0.005354487802833319,0.6259103417396545,1.438811182975769,,,,,,,,,,,,,0.3277202844619751,0.31865575909614563
80,model.layers.15.self_attn.o_proj.weight,1024,2048,0.00048828125,0.0004168055020272732,1.7884716987609863,-0.0002201885508839041,0.42442622780799866,2.0212557501508854e-05,0.08711405098438263,0.4699254035949707,0.009730788879096508,0.5965648293495178,1.4577356576919556,4.300250964206498e-07,4.934038162231445,0.00027641517226584256,6.588892574654892e-05,7.067696424201131e-05,0.19389894604682922,0.2977529466152191,0.017863763496279716,0.5239983797073364,1.4205107688903809,,,,,,,,,,,,,,
80,model.layers.19.self_attn.q_proj.weight,4096,1024,0.000244140625,0.00017738936003297567,3.244971513748169,-0.00015468978381250054,0.152120903134346,0.00032892904710024595,0.22890353202819824,0.22286729514598846,0.007599677890539169,0.4057348966598511,1.529908537864685,1.3309331734490115e-06,7.784928321838379,3.836269388557412e-05,9.316092473454773e-05,0.0005875520291738212,0.24789802730083466,0.22458285093307495,0.022877536714076996,0.44817879796028137,1.4749914407730103,8.0,0.08947134017944336,0.08211450278759003,0.8122315406799316,4.814918383999611e-07,0.001436994643881917,0.13266554474830627,0.00033506863818173494,0.006210626102983952,0.002790899481624365,0.002265759976580739,0.07972834259271622,,
80,model.layers.19.self_attn.k_proj.weight,512,1024,0.0009765625,0.0010985975386574864,3.3634235858917236,-2.4306634713866515e-06,0.15419596433639526,0.0007131583406589925,0.26309922337532043,0.20303453505039215,0.014294237829744816,0.5529580116271973,1.3662002086639404,4.615937498897438e-08,9.116762161254883,3.510735768941231e-05,3.313666456961073e-05,0.000467849982669577,0.28600838780403137,0.1971600502729416,0.016629409044981003,0.46042484045028687,1.3414891958236694,,,,,,,,,,,,,,
80,model.layers.19.self_attn.v_proj.weight,512,1024,0.0009765625,0.0006614548619836569,1.5857383012771606,-0.001238404423929751,0.12706397473812103,0.0013393281260505319,0.15928541123867035,0.2561139166355133,0.0065833814442157745,0.6590539216995239,1.434084415435791,8.867637575349363e-07,3.764599084854126,0.0004519953508861363,3.355772787472233e-05,0.0006757984519936144,0.183588907122612,0.29356157779693604,0.0074277906678617,0.6395844221115112,1.4319318532943726,,,,,,,,,,,,,,
80,model.layers.19.self_attn.o_proj.weight,1024,2048,0.00048828125,0.0005079777329228818,1.4980933666229248,-0.00039210982504300773,0.2380024492740631,6.009661592543125e-05,0.06760920584201813,0.504828155040741,0.009451426565647125,0.6185938119888306,1.4668521881103516,9.968230187951121e-07,6.181140899658203,0.00014038757944945246,6.62490347167477e-05,0.00012856531247962266,0.18540334701538086,0.31137463450431824,0.009741822257637978,0.576676607131958,1.4675925970077515,,,,,,,,,,,,,,
80,model.layers.1.mlp.gate_proj.weight,3584,1024,0.00027901785714285713,0.0002452703192830086,2.8109564781188965,5.8819055993808433e-05,0.33543023467063904,0.000284448527963832,0.1820950210094452,0.3005508482456207,0.009265884757041931,0.5200582146644592,1.5140495300292969,1.2550954409107362e-07,9.776274681091309,-7.030798315099673e-06,0.00010338124411646277,0.00013709742052014917,0.2606961131095886,0.22591082751750946,0.010593902319669724,0.49843913316726685,1.508956789970398,,,,,,,,,,,,,0.3652372658252716,0.39325767755508423
80,model.layers.1.mlp.up_proj.weight,3584,1024,0.00027901785714285713,0.00025042769266292453,2.599472999572754,-0.00035856346949003637,0.5430558919906616,0.0001696740073384717,0.16821861267089844,0.32090139389038086,0.008934044279158115,0.5020788908004761,1.5197172164916992,4.744892478925067e-09,8.850592613220215,2.9992003192091943e-07,0.00010325689800083637,0.00012891086225863546,0.2576424479484558,0.2292148321866989,0.010397521778941154,0.49966153502464294,1.5066572427749634,,,,,,,,,,,,,,
80,model.layers.1.mlp.down_proj.weight,1024,3584,0.00027901785714285713,0.00026199972489848733,4.644552707672119,-0.0003612379659898579,0.5384315252304077,0.0013465002411976457,0.1929287314414978,0.2748713493347168,0.014008648693561554,0.5318309664726257,1.441667914390564,3.0569314191097874e-08,9.579541206359863,-1.807122885111312e-06,0.00010310705692972988,0.0006746965809725225,0.23449553549289703,0.2474769651889801,0.015173586085438728,0.4970951974391937,1.4231934547424316,8.0,0.10027553141117096,0.11220835149288177,0.8153814077377319,0.00010805446072481573,0.1314397156238556,1.8663597106933594,0.0008220837987358247,0.02921317145228386,0.030993185937404633,0.05988079681992531,0.11369433254003525,,
80,model.layers.12.mlp.gate_proj.weight,3584,1024,0.00027901785714285713,0.0001827393425628543,2.944854736328125,0.00023696341668255627,0.2857518494129181,0.0009136635926552117,0.18144863843917847,0.2527664601802826,0.007166649214923382,0.5822712779045105,1.528315782546997,1.494006056645958e-07,6.5467915534973145,-0.0001607028243597597,9.265809785574675e-05,0.0003926385543309152,0.2537296712398529,0.21664302051067352,0.010215390473604202,0.5037376284599304,1.5071293115615845,,,,,,,,,,,,,,
80,model.layers.12.mlp.up_proj.weight,3584,1024,0.00027901785714285713,0.0003153685829602182,2.8022820949554443,-0.000314343225909397,0.4641057550907135,0.0003869527718052268,0.2101512998342514,0.25565534830093384,0.007518596947193146,0.5311548113822937,1.5153989791870117,8.40552782932491e-09,6.315796375274658,-8.582139344071038e-06,9.252494783140719e-05,0.000357077777152881,0.26023685932159424,0.21050989627838135,0.010492978617548943,0.5046510696411133,1.5073622465133667,,,,,,,,,,,,,,
80,model.layers.12.mlp.down_proj.weight,1024,3584,0.00027901785714285713,0.0002601466258056462,5.347598075866699,-0.00032615597592666745,0.4619777798652649,0.00014518792158924043,0.20194518566131592,0.28845834732055664,0.02081475965678692,0.5267385244369507,1.4126075506210327,8.435821818864042e-09,6.654747486114502,-8.651025382278021e-06,9.16442513698712e-05,0.00019276677630841732,0.2428368479013443,0.23765522241592407,0.02818143554031849,0.4645092487335205,1.37738037109375,8.0,0.08003541082143784,0.07848124206066132,0.8552489876747131,1.5857967810006812e-05,0.01950935274362564,1.4919699430465698,0.0008128392580931801,0.0005358835915103555,0.0037016961723566055,0.01015153806656599,0.045829858630895615,,
80,model.layers.22.mlp.gate_proj.weight,3584,1024,0.00027901785714285713,0.0002777944609988481,3.2145752906799316,-0.0018886961042881012,0.10042767226696014,0.0015720865922048688,0.1766495555639267,0.26208803057670593,0.009812436997890472,0.5742227435112,1.5216423273086548,2.4373348423978314e-06,8.068832397460938,-0.00031321862479671836,8.521424751961604e-05,0.0007075457251630723,0.2359056919813156,0.22523583471775055,0.010472597554326057,0.4979515075683594,1.5039634704589844,,,,,,,,,,,,,0.27243897318840027,0.26329490542411804
80,model.layers.22.mlp.up_proj.weight,3584,1024,0.00027901785714285713,0.000259860185906291,3.4231772422790527,-0.0009936580900102854,0.22459030151367188,0.00042068411130458117,0.175619438290596,0.29354289174079895,0.010848622769117355,0.5818399786949158,1.5100866556167603,4.791712626683875e-08,7.465207576751709,2.0951551050529815e-05,8.670397801324725e-05,0.0004222583374939859,0.22417815029621124,0.2448657602071762,0.011554599739611149,0.505091667175293,1.5067075490951538,,,,,,,,,,,,,,
80,model.layers.22.mlp.down_proj.weight,1024,3584,0.00027901785714285713,0.0003553966816980392,2.8460166454315186,-0.0011241863248869777,0.21743331849575043,0.0001685940515017137,0.1016162559390068,0.42841118574142456,0.008392536081373692,0.5972676873207092,1.4647949934005737,1.3455861314071171e-08,5.567075252532959,2.7534384571481496e-05,8.983359293779358e-05,0.00019748424529097974,0.19194535911083221,0.29784342646598816,0.0089230015873909,0.5761682987213135,1.4605989456176758,8.0,0.07387610524892807,0.08083538711071014,0.8138253688812256,2.2244721549213864e-05,0.012745408341288567,0.4865029752254486,0.0017453125826618209,-0.0010074928868561983,0.0048664105124771595,0.00910261645913124,0.13086938858032227,,
80,model.layers.1.linear_attn.in_proj_qkv.weight,6144,1024,0.00016276041666666666,9.702677198220044e-05,2.466107130050659,7.856978481868282e-05,0.2727755308151245,0.0015127880033105612,0.19196198880672455,0.26350098848342896,0.01001570001244545,0.5264553427696228,1.5345182418823242,1.596627157596231e-06,7.824771881103516,-0.00037434237310662866,0.0001357267319690436,0.0003234757168684155,0.2561001479625702,0.2224564552307129,0.00955954659730196,0.5063945651054382,1.526674509048462,8.0,0.10336335003376007,0.10553288459777832,0.7996958494186401,1.0143578947463538e-05,0.012934330850839615,0.2156713604927063,0.0007842368549591479,0.025806887075304985,0.028678521513938904,0.02739568054676056,0.1014726459980011,,
80,model.layers.1.linear_attn.out_proj.weight,1024,2048,0.00048828125,0.00023004644026514143,1.350640892982483,-3.636434848885983e-05,0.6379753351211548,0.0004066364199388772,0.1261235624551773,0.3662269711494446,0.014742645435035229,0.5222552418708801,1.4560714960098267,3.1746250073183546e-08,7.4953460693359375,-3.458414721535519e-05,7.630370237166062e-05,0.00022828929650131613,0.24616514146327972,0.2353769987821579,0.012583544477820396,0.5007194876670837,1.4374492168426514,,,,,,,,,,,,,,
80,model.layers.12.linear_attn.in_proj_qkv.weight,6144,1024,0.00016276041666666666,6.600614869967103e-05,1.8792604207992554,-9.001582657219842e-05,0.2972956597805023,0.00037265807623043656,0.1574273705482483,0.24858339130878448,0.002834995510056615,0.5951773524284363,1.5525038242340088,5.820906153530814e-06,7.379436492919922,0.0007540341466665268,0.00011922298290301114,0.0003825656895060092,0.25040945410728455,0.21685926616191864,0.00823392067104578,0.5062757134437561,1.5355538129806519,8.0,0.07774446904659271,0.07898782193660736,0.8331966400146484,1.6722433429094963e-06,0.0006153924623504281,0.13078273832798004,0.0027173607822925474,0.003124096430838108,0.0007259726407937706,-0.011808563955128193,0.07730283588171005,,
80,model.layers.12.linear_attn.out_proj.weight,1024,2048,0.00048828125,0.0003029854269698262,2.3749516010284424,-0.0001111789169954136,0.38864970207214355,6.876804400235415e-05,0.15625818073749542,0.3414437174797058,0.024867335334420204,0.5305139422416687,1.4350495338439941,4.347894488887505e-08,4.7861223220825195,-4.0906805224949494e-05,6.779933755751699e-05,0.00013446496450342238,0.23227500915527344,0.25022730231285095,0.027411818504333496,0.4878856837749481,1.3956483602523804,,,,,,,,,,,,,,
80,model.layers.21.linear_attn.in_proj_qkv.weight,6144,1024,0.00016276041666666666,0.00010332843521609902,3.1740963459014893,-0.00034322828287258744,0.08183813840150833,0.00046960782492533326,0.18017640709877014,0.24716296792030334,0.003849528031423688,0.5881537795066833,1.5479497909545898,1.1052466106775682e-05,8.563270568847656,0.0006054490804672241,0.00011638308933470398,0.00037606191472150385,0.23771615326404572,0.22988785803318024,0.010184057056903839,0.4993239939212799,1.5295461416244507,8.0,0.08082195371389389,0.08233405649662018,0.8344708681106567,3.937457222491503e-07,0.000508324708789587,0.014833485707640648,0.000774594890708205,0.008259483613073826,0.008819731883704662,0.01262597180902958,0.07780676335096359,,
80,model.layers.21.linear_attn.out_proj.weight,1024,2048,0.00048828125,0.0003958456218242645,3.159947156906128,0.0003182983782608062,0.13575366139411926,0.00015926607011351734,0.1491837501525879,0.35107091069221497,0.008613879792392254,0.540327787399292,1.4804620742797852,3.618983868136638e-08,4.913394451141357,1.5779332898091525e-05,6.729778397129849e-05,0.00010237809328828007,0.21073800325393677,0.27880093455314636,0.008385543711483479,0.5460248589515686,1.471450686454773,,,,,,,,,,,,,,
100,model.layers.7.self_attn.q_proj.weight,4096,1024,0.000244140625,0.00011771799472626299,2.9742672443389893,0.0004739693831652403,0.2729009687900543,0.000616893928963691,0.17686472833156586,0.26269620656967163,0.008841103874146938,0.5325259566307068,1.5327314138412476,1.3371958402785822e-06,9.072457313537598,-1.5164124306465965e-05,9.591277193976566e-05,0.0004394176066853106,0.2550673484802246,0.20863595604896545,0.010720191523432732,0.5009142756462097,1.5160497426986694,8.0,0.0773153230547905,0.06905660778284073,0.8936560153961182,-5.747874638473149e-07,0.0012336851796135306,0.12735167145729065,-0.0004659109741655284,0.004678650759160519,0.000484586285892874,-0.0007656715461052954,0.06131955236196518,0.2738453149795532,0.2763163447380066
100,model.layers.7.self_attn.k_proj.weight,512,1024,0.0009765625,0.0010404308559373021,2.737776279449463,-8.696764780324884e-06,0.21907126903533936,0.0014278998132795095,0.13110041618347168,0.27060481905937195,0.02645871415734291,0.7300933599472046,1.345934510231018,3.1269784983578575e-08,7.814484119415283,1.0559797374298796e-05,3.3724569220794365e-05,0.00032694998662918806,0.26917019486427307,0.1942715346813202,0.01596907339990139,0.5158396363258362,1.3378063440322876,,,,,,,,,,,,,,
100,model.layers.7.self_attn.v_proj.weight,512,1024,0.0009765625,0.0007425533258356154,1.9643484354019165,0.0002711807028390467,0.39511364698410034,0.0002109226188622415,0.13054916262626648,0.25282371044158936,0.0030867892783135176,0.7370300889015198,1.4826289415359497,4.9193449314088866e-08,4.827385425567627,1.0534977263887413e-05,3.4965338272741064e-05,0.0002305271482327953,0.17664611339569092,0.2344748079776764,0.0051766796968877316,0.6787505149841309,1.4355034828186035,,,,,,,,,,,,,,
100,model.layers.7.self_attn.o_proj.weight,1024,2048,0.00048828125,0.00025090487906709313,2.1136839389801025,9.094300185097381e-05,0.6269874572753906,3.512282273732126e-05,0.13422848284244537,0.3850124776363373,0.014574595727026463,0.5640355944633484,1.4260810613632202,1.412748673601527e-07,4.17392110824585,2.1518164885492297e-06,6.91718960297294e-05,8.914123463910073e-05,0.18959887325763702,0.29458168148994446,0.017542267218232155,0.47223860025405884,1.4123855829238892,,,,,,,,,,,,,,
100,model.layers.15.self_attn.q_proj.weight,4096,1024,0.000244140625,0.00013865527580492198,3.177802085876465,-5.64851907256525e-05,0.30450794100761414,0.0004644376749638468,0.22923186421394348,0.2151416391134262,0.0040946826338768005,0.4410843849182129,1.5451844930648804,1.0426327889945242e-06,9.8402681350708,5.582200174103491e-05,9.600824705557898e-05,0.0007013882859610021,0.24820885062217712,0.22015240788459778,0.01321347989141941,0.45826399326324463,1.5031410455703735,8.0,0.08066049963235855,0.08413871377706528,0.8749851584434509,-3.003682422786369e-07,0.0004913731245324016,0.16081500053405762,-0.0006112834163742107,-0.0010517934570088983,4.890583659289405e-05,-0.020840203389525414,0.02942780777812004,,
100,model.layers.15.self_attn.k_proj.weight,512,1024,0.0009765625,0.0009951754473149776,3.8830902576446533,-8.680805876792874e-06,0.2710430920124054,0.00015146215446293354,0.25375524163246155,0.24480120837688446,0.004017343278974295,0.5440545082092285,1.4611777067184448,4.028039768400049e-08,8.063976287841797,-1.4595013453799766e-05,3.488423317321576e-05,5.1642549806274474e-05,0.2706878185272217,0.222183495759964,0.0066437991335988045,0.49024471640586853,1.435522437095642,,,,,,,,,,,,,,
100,model.layers.15.self_attn.v_proj.weight,512,1024,0.0009765625,0.0008272798731923103,1.9377094507217407,0.0016748073976486921,0.28846290707588196,0.00022649757738690823,0.22438053786754608,0.2291242629289627,0.004014565143734217,0.5912827849388123,1.4466313123703003,2.301107286939441e-07,4.771083354949951,-0.000143515964737162,3.4110122214769945e-05,0.00028099038172513247,0.20528218150138855,0.2343973070383072,0.005577789153903723,0.6093999743461609,1.4527502059936523,,,,,,,,,,,,,0.29773566126823425,0.285936176776886
100,model.layers.15.self_attn.o_proj.weight,1024,2048,0.00048828125,0.000438290269812569,1.8179330825805664,0.0006375545053742826,0.45266464352607727,1.9718472685781308e-05,0.10082416981458664,0.42760956287384033,0.011744272895157337,0.5483758449554443,1.4437347650527954,3.395407475181855e-07,5.12706995010376,-0.00019486020028125495,6.727231084369123e-05,7.604599522892386e-05,0.19494451582431793,0.2988714575767517,0.01687920279800892,0.5282067060470581,1.403502345085144,,,,,,,,,,,,,,
100,model.layers.19.self_attn.q_proj.weight,4096,1024,0.000244140625,0.00020178871636744589,3.4001522064208984,-0.00015529588563367724,0.1771535873413086,0.00035914359614253044,0.23495832085609436,0.20926181972026825,0.00631166435778141,0.4063587784767151,1.528868317604065,1.4089129081185092e-06,9.003219604492188,7.332796667469665e-05,9.31322792894207e-05,0.0003086579672526568,0.245976984500885,0.2289169430732727,0.016724979504942894,0.4543673098087311,1.4825849533081055,8.0,0.08933816105127335,0.09211380779743195,0.8460164666175842,-1.1012527920684079e-06,-0.00019365406478755176,0.0864894837141037,,0.002228539902716875,-0.00045062697608955204,-0.01521356962621212,0.04042208194732666,,
100,model.layers.19.self_attn.k_proj.weight,512,1024,0.0009765625,0.001216281671077013,4.082982063293457,1.2688676179095637e-05,0.16166391968727112,0.0014634066028520465,0.2276681512594223,0.24569429457187653,0.012091296724975109,0.5913982391357422,1.351881504058838,4.489454497047518e-08,10.083588600158691,-6.257608038140461e-05,3.29445865645539e-05,0.00020809413399547338,0.2810705900192261,0.20590154826641083,0.015723975375294685,0.46031317114830017,1.3659976720809937,,,,,,,,,,,,,,
100,model.layers.19.self_attn.v_proj.weight,512,1024,0.0009765625,0.0009118097368627787,1.6681287288665771,0.0002537459076847881,0.13682684302330017,0.00264627393335104,0.13442462682724,0.24905118346214294,0.01087807398289442,0.684548556804657,1.4087331295013428,7.92576031471981e-07,4.164863586425781,-0.0001295461115660146,3.341176125104539e-05,0.0004815650172531605,0.19363678991794586,0.28046715259552,0.008411163464188576,0.6281359791755676,1.4051316976547241,,,,,,,,,,,,,,
100,model.layers.19.self_attn.o_proj.weight,1024,2048,0.00048828125,0.0005926602752879262,1.3980259895324707,8.288465323857963e-05,0.26078587770462036,5.986516043776646e-05,0.05513034760951996,0.5263471603393555,0.008494993671774864,0.6258471012115479,1.4474784135818481,9.620318905945169e-07,6.797919273376465,-7.21094329492189e-05,6.652927550021559e-05,0.00010388411465100944,0.18567821383476257,0.3071574568748474,0.010834932327270508,0.5780771970748901,1.4472731351852417,,,,,,,,,,,,,,
100,model.layers.1.mlp.gate_proj.weight,3584,1024,0.00027901785714285713,0.00026292275288142264,3.03316068649292,-0.0005339601775631309,0.27771055698394775,0.00031900167232379317,0.18217770755290985,0.3032240867614746,0.007183155510574579,0.5270951986312866,1.5193262100219727,2.1066466615593527e-07,8.83750057220459,2.0785551896551624e-05,9.249564755009487e-05,0.00017005071276798844,0.2553795874118805,0.22885753214359283,0.01022794283926487,0.5022721886634827,1.5103334188461304,,,,,,,,,,,,,0.2806290090084076,0.27748504281044006
100,model.layers.1.mlp.up_proj.weight,3584,1024,0.00027901785714285713,0.0003217745397705585,2.7336578369140625,-0.00046822309377603233,0.4579976797103882,7.188470772234723e-05,0.16144566237926483,0.33554700016975403,0.008494733832776546,0.5161473155021667,1.5145028829574585,7.667416035417318e-09,9.01757526397705,-5.352551397663774e-06,9.206755203194916e-05,9.900137229124084e-05,0.25357526540756226,0.23250319063663483,0.009617136791348457,0.5031817555427551,1.510410189628601,,,,,,,,,,,,,,
100,model.layers.1.mlp.down_proj.weight,1024,3584,0.00027901785714285713,0.00036457928945310414,4.44999361038208,-0.00047569727757945657,0.45137304067611694,0.0020750088151544333,0.18237681686878204,0.2897055447101593,0.01764233224093914,0.5603864789009094,1.425031304359436,1.7767009197200423e-08,8.412471771240234,8.168643944372889e-06,9.220631181960925e-05,0.0005247017252258956,0.2288188338279724,0.25386330485343933,0.01575758121907711,0.5045833587646484,1.4153939485549927,8.0,0.06367076188325882,0.06068918853998184,0.9062986969947815,9.299652447225526e-06,-0.008925842121243477,0.7399075031280518,,0.0004141522804275155,-0.0024656399618834257,0.002546780277043581,0.045220255851745605,,
100,model.layers.12.mlp.gate_proj.weight,3584,1024,0.00027901785714285713,0.00019877502927556634,3.463392496109009,-6.045575355528854e-05,0.31541892886161804,0.0007048995466902852,0.1877860277891159,0.24468828737735748,0.005797752644866705,0.5801225900650024,1.5297545194625854,2.257430509189362e-07,7.787715435028076,-0.00014827935956418514,9.007443441078067e-05,0.0005126192700117826,0.25561729073524475,0.21484661102294922,0.010150737129151821,0.5024301409721375,1.5094060897827148,,,,,,,,,,,,,,
100,model.layers.12.mlp.up_proj.weight,3584,1024,0.00027901785714285713,0.0002413856127532199,3.3902018070220947,0.00021579691383522004,0.5030691027641296,0.0005832379101775587,0.22089223563671112,0.24622498452663422,0.008965736255049706,0.5131256580352783,1.5147780179977417,9.447013837871054e-09,7.073970317840576,8.670893976159277e-07,8.973018702818081e-05,0.00032424271921627223,0.2616689205169678,0.212296724319458,0.010401997715234756,0.5017085671424866,1.508531093597412,,,,,,,,,,,,,,
100,model.layers.12.mlp.down_proj.weight,1024,3584,0.00027901785714285713,0.00028059296892024577,5.225408554077148,0.00021763512631878257,0.5220715403556824,8.998964040074497e-05,0.19669446349143982,0.29694053530693054,0.016668831929564476,0.5399672389030457,1.4249321222305298,1.1219783324634136e-08,7.619548797607422,-1.350490674667526e-05,9.050544758792967e-05,0.00013731203216593713,0.23747830092906952,0.24712729454040527,0.020893307402729988,0.4814276397228241,1.4008886814117432,8.0,0.06602282077074051,0.07236898690462112,0.8991005420684814,8.89957846084144e-06,-0.004499098286032677,1.0162850618362427,,-0.0023495459463447332,-0.0006681375089101493,0.004234067164361477,0.021584047004580498,,
100,model.layers.22.mlp.gate_proj.weight,3584,1024,0.00027901785714285713,0.00025545668904669583,3.159027576446533,-0.0013208374148234725,0.10856346786022186,0.0008449801825918257,0.1730802208185196,0.2639254331588745,0.007120950613170862,0.5734937191009521,1.5223956108093262,2.398514652668382e-06,8.627551078796387,0.00048668726230971515,8.51388685987331e-05,0.0004771604435518384,0.23347410559654236,0.22924861311912537,0.009943194687366486,0.49799075722694397,1.50350022315979,,,,,,,,,,,,,0.2941797971725464,0.28934118151664734
100,model.layers.22.mlp.up_proj.weight,3584,1024,0.00027901785714285713,0.0002916715748142451,3.3877644538879395,-0.0010070037096738815,0.24118246138095856,0.00069952302146703,0.17765967547893524,0.29293885827064514,0.01224924810230732,0.5726146697998047,1.5147154331207275,3.901824285890143e-08,7.962381839752197,-2.72908710030606e-06,8.649259689264e-05,0.00042000311077572405,0.22162358462810516,0.24789254367351532,0.011183355934917927,0.5072162747383118,1.503437876701355,,,,,,,,,,,,,,
100,model.layers.22.mlp.down_proj.weight,1024,3584,0.00027901785714285713,0.00042382441461086273,2.931612014770508,-0.001188703696243465,0.22348694503307343,0.00017600817955099046,0.10660979896783829,0.40480783581733704,0.008620506152510643,0.5619257688522339,1.4548426866531372,3.835794259998693e-08,7.165587902069092,6.315812061075121e-05,8.725901716388762e-05,0.00015310464368667454,0.19440214335918427,0.29388079047203064,0.008802077732980251,0.5714307427406311,1.46064031124115,8.0,0.059691641479730606,0.05671028047800064,0.8409105539321899,-4.026745955343358e-06,-0.005664117634296417,0.28224724531173706,,-0.0009328799787908792,-0.002978973090648651,-0.0012935965787619352,0.10862524062395096,,
100,model.layers.1.linear_attn.in_proj_qkv.weight,6144,1024,0.00016276041666666666,0.00010632481280481443,2.4394140243530273,8.328034709847998e-06,0.23614110052585602,0.0005057582166045904,0.19284482300281525,0.253854364156723,0.00675684679299593,0.49992719292640686,1.5355838537216187,3.312617309347843e-06,12.517963409423828,0.00033773030736483634,0.00011613540118560195,0.00035470048896968365,0.25257235765457153,0.22346462309360504,0.01028276327997446,0.5028036832809448,1.5281848907470703,8.0,0.06604013592004776,0.06509312987327576,0.8954775333404541,-1.332736360382114e-06,-4.9910777306649834e-05,0.08831126987934113,,-0.0009657273767516017,-0.0014562193537130952,-0.0017206146148964763,0.06528469175100327,,
100,model.layers.1.linear_attn.out_proj.weight,1024,2048,0.00048828125,0.0014725634828209877,1.3704992532730103,0.00017856403428595513,0.5350828170776367,0.00045743744703941047,0.1209026575088501,0.3848612904548645,0.012333422899246216,0.542580783367157,1.4446014165878296,8.984378752074917e-08,10.599825859069824,-4.129171429667622e-05,6.726717401761562e-05,0.000368046312360093,0.23870493471622467,0.24233384430408478,0.014623030088841915,0.5060485005378723,1.4293793439865112,,,,,,,,,,,,,,
100,model.layers.12.linear_attn.in_proj_qkv.weight,6144,1024,0.00016276041666666666,7.113246829248965e-05,2.600863218307495,7.56119770812802e-05,0.2709083557128906,0.0003238736535422504,0.1602163016796112,0.2556433081626892,0.0028128500562161207,0.5888862609863281,1.5534844398498535,6.027403742336901e-06,8.6268310546875,0.0005301614291965961,0.00011616449046414346,0.00045668944949284196,0.2478300780057907,0.2198188602924347,0.00832496490329504,0.5109944343566895,1.5339782238006592,8.0,0.08189861476421356,0.0696798637509346,0.8675261735916138,1.475297040087753e-06,-0.002341708866879344,0.09532281756401062,,-0.0023519296664744616,-0.0035889828577637672,0.009965017437934875,0.08969986438751221,,
100,model.layers.12.linear_attn.out_proj.weight,1024,2048,0.00048828125,0.0002734248118940741,2.5620791912078857,-7.840069883968681e-05,0.43674522638320923,3.7107831303728744e-05,0.1542845368385315,0.35330525040626526,0.012057529762387276,0.5445476770401001,1.4494500160217285,4.5123723424467244e-08,5.145537853240967,-9.828845577430911e-06,6.794631917728111e-05,0.00010048357944469899,0.2315206229686737,0.2579094469547272,0.017584532499313354,0.5023903250694275,1.4136393070220947,,,,,,,,,,,,,,
100,model.layers.21.linear_attn.in_proj_qkv.weight,6144,1024,0.00016276041666666666,0.00010248064791085199,2.76882004737854,-8.111080387607217e-05,0.08559966087341309,0.0017831757431849837,0.18273137509822845,0.24254539608955383,0.008498011156916618,0.5767370462417603,1.5440891981124878,1.0310128345736302e-05,8.605646133422852,-0.0004816414148081094,0.00011938861280214041,0.0004017289320472628,0.2379601150751114,0.22752387821674347,0.010261443443596363,0.4987047612667084,1.529192328453064,8.0,0.06463821232318878,0.05516587942838669,0.8782642483711243,-6.68867272679563e-08,-0.00019178184447810054,0.011396465823054314,,-0.002218860201537609,-0.002635128330439329,-0.0012904047034680843,0.07453791052103043,,
100,model.layers.21.linear_attn.out_proj.weight,1024,2048,0.00048828125,0.0004049469134770334,3.0649170875549316,-0.000927085115108639,0.1395440250635147,0.00012488465290516615,0.15123365819454193,0.35510820150375366,0.00745762325823307,0.549210250377655,1.484707236289978,5.42666036551509e-08,5.443506240844727,9.537468577036634e-05,6.620206113439053e-05,0.00017726709484122694,0.2119143158197403,0.27350491285324097,0.010242377407848835,0.5414257049560547,1.4647417068481445,,,,,,,,,,,,,,
120,model.layers.7.self_attn.q_proj.weight,4096,1024,0.000244140625,0.00012457840784918517,2.4215123653411865,-0.0004892901051789522,0.3008470833301544,0.0006652126321569085,0.1777595430612564,0.2566063106060028,0.00632267352193594,0.5289583206176758,1.5371878147125244,1.3940697272118996e-06,8.359397888183594,0.00014628584904130548,9.448879427509382e-05,0.0005656751454807818,0.25648799538612366,0.20902042090892792,0.010541295632719994,0.5053945779800415,1.5165804624557495,8.0,0.07089920341968536,0.07539316266775131,0.830813467502594,-3.447889866947662e-06,0.0005950438790023327,0.1805519163608551,-0.005794345574528875,-0.0009145529475063086,0.0010132192401215434,0.004446724429726601,0.06296584010124207,0.3444589674472809,0.34711912274360657
120,model.layers.7.self_attn.k_proj.weight,512,1024,0.0009765625,0.0010414826683700085,3.3782804012298584,6.430624125641771e-06,0.21119049191474915,0.0031319542322307825,0.14958883821964264,0.2517627477645874,0.03089156560599804,0.702512800693512,1.3295031785964966,3.07416705425112e-08,6.963953495025635,-1.037715151142038e-06,3.430644574109465e-05,0.0006666133995167911,0.2600233554840088,0.1888447105884552,0.014331375248730183,0.5313613414764404,1.3508501052856445,,,,,,,,,,,,,,
120,model.layers.7.self_attn.v_proj.weight,512,1024,0.0009765625,0.0008736373274587095,1.8256336450576782,0.0010416230652481318,0.4039769768714905,0.0007729429053142667,0.14308413863182068,0.24215294420719147,0.005809609312564135,0.7250218391418457,1.4712108373641968,6.428894749888059e-08,5.943990230560303,6.622607907047495e-05,3.291228131274693e-05,0.0003559251199476421,0.17957980930805206,0.23126162588596344,0.0061569917015731335,0.6811657547950745,1.45509934425354,,,,,,,,,,,,,,
120,model.layers.7.self_attn.o_proj.weight,1024,2048,0.00048828125,0.0002361135557293892,2.015836238861084,0.0003538772580213845,0.6405298113822937,3.760836989386007e-05,0.14330343902111053,0.36039984226226807,0.020016387104988098,0.5324766635894775,1.4311437606811523,1.615882894157039e-07,4.59810209274292,3.379727422725409e-05,6.622957153012976e-05,9.70180262811482e-05,0.18967507779598236,0.2900068759918213,0.018335405737161636,0.46604931354522705,1.3940556049346924,,,,,,,,,,,,,,
120,model.layers.15.self_attn.q_proj.weight,4096,1024,0.000244140625,0.00013150520680937916,3.715627670288086,-0.000348205998307094,0.2886975407600403,0.00033042242284864187,0.21795429289340973,0.23370309174060822,0.003930062986910343,0.4398439824581146,1.544438362121582,1.5464515854546335e-06,8.931999206542969,0.00017611974908504635,9.13295298232697e-05,0.0003358723479323089,0.24754580855369568,0.22683681547641754,0.012129995971918106,0.4621956944465637,1.5037250518798828,8.0,0.08102608472108841,0.07430167496204376,0.8500163555145264,2.894292492783279e-06,0.0015782397240400314,0.21043726801872253,0.0018338738080767422,0.0054114279337227345,0.0011764282826334238,0.0032889002468436956,0.05078984424471855,,
120,model.layers.15.self_attn.k_proj.weight,512,1024,0.0009765625,0.001061118789948523,4.117799282073975,9.941170901583973e-06,0.2433203160762787,0.0001887102407636121,0.24943919479846954,0.22924545407295227,0.005975736305117607,0.5397587418556213,1.4338207244873047,5.6345182741779354e-08,10.771390914916992,3.406056930543855e-05,3.190917050233111e-05,3.272069079685025e-05,0.2795475423336029,0.21211105585098267,0.007823901250958443,0.4873306453227997,1.4384851455688477,,,,,,,,,,,,,,
120,model.layers.15.self_attn.v_proj.weight,512,1024,0.0009765625,0.0008485113503411412,1.8754867315292358,0.0015089049702510238,0.2450154423713684,0.000450959982117638,0.16729764640331268,0.27455925941467285,0.00460143992677331,0.6744527816772461,1.4584017992019653,2.364217408512559e-07,5.468039035797119,0.00015863016596995294,3.2429412385681644e-05,0.0004040188214275986,0.2036963254213333,0.23835156857967377,0.005925406236201525,0.6092894673347473,1.4695543050765991,,,,,,,,,,,,,0.3251137435436249,0.3185684084892273
120,model.layers.15.self_attn.o_proj.weight,1024,2048,0.00048828125,0.0003666802076622844,1.8615854978561401,0.0005043313722126186,0.43722015619277954,3.291959365014918e-05,0.09505380690097809,0.43195652961730957,0.015033946372568607,0.5634520053863525,1.4265594482421875,3.757091064926499e-07,5.133090496063232,-3.21864899888169e-05,6.58044227748178e-05,8.913251804187894e-05,0.19374899566173553,0.30087703466415405,0.016365379095077515,0.5272862911224365,1.4277064800262451,,,,,,,,,,,,,,
120,model.layers.19.self_attn.q_proj.weight,4096,1024,0.000244140625,0.00014604830357711762,2.935521364212036,0.0006577960448339581,0.1848159283399582,0.00041695780237205327,0.22067610919475555,0.23711347579956055,0.00864118617027998,0.4394121766090393,1.5277456045150757,1.5349996829172596e-06,6.818497657775879,-0.0002114840317517519,9.236080222763121e-05,0.0006625925307162106,0.24438446760177612,0.22770623862743378,0.020609477534890175,0.46167436242103577,1.47433602809906,8.0,0.0700531080365181,0.08109655231237411,0.8318774104118347,-7.170277740442543e-07,0.0011964528821408749,0.09071438014507294,-0.0005992946189082178,-0.0013135268818587065,0.0025301428977400064,0.0012336447834968567,0.055980972945690155,,
120,model.layers.19.self_attn.k_proj.weight,512,1024,0.0009765625,0.0012622609501704574,2.9552268981933594,-1.930284497575485e-06,0.20094221830368042,0.0006775615038350224,0.23462587594985962,0.2311762273311615,0.012187996879220009,0.5922296047210693,1.3481196165084839,4.304268585997306e-08,8.08545207977295,3.3102420275099576e-05,3.283219484728761e-05,0.00035587119054980576,0.28057870268821716,0.2010413259267807,0.01934286579489708,0.4669467806816101,1.3410853147506714,,,,,,,,,,,,,,
120,model.layers.19.self_attn.v_proj.weight,512,1024,0.0009765625,0.0007649495964869857,1.5417742729187012,-0.001330833532847464,0.1342579573392868,0.0013192557962611318,0.127151221036911,0.29306840896606445,0.006349772214889526,0.6999719738960266,1.4424457550048828,8.600957812632259e-07,4.1543989181518555,-2.6820956918527372e-05,3.2843097869772464e-05,0.0007531523588113487,0.18445606529712677,0.2919819951057434,0.009296366944909096,0.6341691017150879,1.4264739751815796,,,,,,,,,,,,,,
120,model.layers.19.self_attn.o_proj.weight,1024,2048,0.00048828125,0.00040924231871031225,1.445660948753357,-0.00042818093788810074,0.25074532628059387,6.358906830428168e-05,0.06302227824926376,0.4637722373008728,0.012364610098302364,0.5633893013000488,1.4633123874664307,1.1816656524388236e-06,6.083989143371582,4.1330376916448586e-06,6.518126610899344e-05,0.00014918130182195455,0.18519948422908783,0.31120359897613525,0.012544328346848488,0.5762762427330017,1.4492398500442505,,,,,,,,,,,,,,
120,model.layers.1.mlp.gate_proj.weight,3584,1024,0.00027901785714285713,0.0003168366674799472,2.860379457473755,-0.000540100212674588,0.28601112961769104,0.0004316341073717922,0.17679177224636078,0.3088213801383972,0.008961707353591919,0.5344285368919373,1.5159727334976196,3.0830099717604753e-07,11.749796867370605,6.025251764185668e-07,8.808172424323857e-05,0.0001558104413561523,0.2542833089828491,0.22936022281646729,0.009861473925411701,0.506414532661438,1.5114810466766357,,,,,,,,,,,,,0.30444052815437317,0.3041214942932129
120,model.layers.1.mlp.up_proj.weight,3584,1024,0.00027901785714285713,0.0007318934658542275,2.6373202800750732,-0.00038876477628946304,0.47467049956321716,0.00012842367868870497,0.15966396033763885,0.3368237614631653,0.008571879006922245,0.5144595503807068,1.5156896114349365,1.081758327359239e-08,11.269574165344238,-6.41062953832261e-08,8.849262667354196e-05,9.855294047156349e-05,0.2545930743217468,0.2315468043088913,0.009708795696496964,0.5024824142456055,1.5107907056808472,,,,,,,,,,,,,,
120,model.layers.1.mlp.down_proj.weight,1024,3584,0.00027901785714285713,0.0002934337535407394,4.4055399894714355,-0.0003924345946870744,0.4666082262992859,0.0015472936211153865,0.18988420069217682,0.27440914511680603,0.015278041362762451,0.5338050127029419,1.4399827718734741,4.089377014793172e-08,13.037395477294922,-1.2857657566200942e-05,8.834728942019865e-05,0.00033805734710767865,0.233101949095726,0.2505359351634979,0.01359876710921526,0.5015515089035034,1.437145471572876,8.0,0.07399798184633255,0.074295274913311,0.865286111831665,-2.8116124667576514e-05,-0.006335553713142872,1.0116626024246216,,-0.0001521780068287626,-0.0013681339332833886,-0.0003733383200597018,0.035856012254953384,,
120,model.layers.12.mlp.gate_proj.weight,3584,1024,0.00027901785714285713,0.00019261248235125095,2.7556204795837402,-0.0006071184761822224,0.3251809775829315,0.0004914942546747625,0.19010329246520996,0.24187950789928436,0.005792426876723766,0.5655561089515686,1.5236144065856934,2.5168571937683737e-07,8.081737518310547,3.585117838156293e-06,8.617400453658774e-05,0.0003833137743640691,0.25914332270622253,0.21417400240898132,0.009307035245001316,0.4943733513355255,1.5101392269134521,,,,,,,,,,,,,,
120,model.layers.12.mlp.up_proj.weight,3584,1024,0.00027901785714285713,0.0002739541232585907,2.8169515132904053,-0.0006610460113734007,0.5203351378440857,0.0005025593563914299,0.22185522317886353,0.2436455339193344,0.00871350895613432,0.5028091073036194,1.5120397806167603,9.18253562076643e-09,7.155908107757568,7.049933628877625e-06,8.745684317545965e-05,0.0002737098257057369,0.2622489035129547,0.211938738822937,0.010041479021310806,0.49829933047294617,1.5088720321655273,,,,,,,,,,,,,,
120,model.layers.12.mlp.down_proj.weight,1024,3584,0.00027901785714285713,0.00022551690926775336,5.281133651733398,-0.0007106170523911715,0.5003744959831238,0.00023583421716466546,0.21396952867507935,0.2697891891002655,0.02716725878417492,0.4945729672908783,1.3642216920852661,1.3057057657306359e-08,8.291824340820312,3.135295264655724e-05,8.712842100067064e-05,0.0002152470697183162,0.23663631081581116,0.24814671277999878,0.02219191938638687,0.48334088921546936,1.3633456230163574,8.0,0.07757734507322311,0.07514673471450806,0.8580296635627747,-8.796783731668256e-06,-0.005598647054284811,1.2950547933578491,,-0.0008446588763035834,-0.00047755197738297284,0.003393825376406312,0.03223816305398941,,
120,model.layers.22.mlp.gate_proj.weight,3584,1024,0.00027901785714285713,0.00029018608620390296,2.8820841312408447,-7.250078488141298e-05,0.110985666513443,0.001240082667209208,0.17283567786216736,0.2624037265777588,0.007824728265404701,0.5757154822349548,1.5218185186386108,2.4626447157061193e-06,8.079649925231934,-0.00041964315460063517,8.4566832811106e-05,0.00038831226993352175,0.23720751702785492,0.2266906201839447,0.009105708450078964,0.49468615651130676,1.5119585990905762,,,,,,,,,,,,,0.2268092930316925,0.24560528993606567
120,model.layers.22.mlp.up_proj.weight,3584,1024,0.00027901785714285713,0.0002669560781214386,3.113176107406616,-0.0003423810703679919,0.25415095686912537,0.0008302668575197458,0.1793733686208725,0.29059407114982605,0.013207482174038887,0.5714840292930603,1.506575345993042,5.7576265533043625e-08,7.363149166107178,-4.386911678011529e-05,8.596589032094926e-05,0.0004052742151543498,0.22551433742046356,0.24492435157299042,0.012442117556929588,0.5048377513885498,1.5027168989181519,,,,,,,,,,,,,,
120,model.layers.22.mlp.down_proj.weight,1024,3584,0.00027901785714285713,0.0003824150771833956,2.7851877212524414,-0.00039079715497791767,0.24272991716861725,0.00032434280728921294,0.1094382256269455,0.4089437425136566,0.009753569960594177,0.5699321031570435,1.4699983596801758,1.8419559211224623e-08,6.037632465362549,-2.3281761968974024e-05,8.730625995667651e-05,0.00019650167087092996,0.19773198664188385,0.2920304536819458,0.00896531157195568,0.5627277493476868,1.4735500812530518,8.0,0.07168060541152954,0.07050167769193649,0.8290144205093384,3.785783519560937e-06,0.0005183287430554628,0.29491323232650757,0.0073038270986948645,0.0018939734436571598,0.00019505171803757548,-0.0009737181244418025,0.11235178261995316,,
120,model.layers.1.linear_attn.in_proj_qkv.weight,6144,1024,0.00016276041666666666,0.00014615408144891262,2.557569980621338,-0.0005760566564276814,0.22858262062072754,0.0009081562166102231,0.1932612508535385,0.25494587421417236,0.009090122766792774,0.5062471628189087,1.5328444242477417,3.6306967103882926e-06,9.841383934020996,-0.000139178431709297,0.00011370547872502357,0.00036913418443873525,0.2527898848056793,0.22385503351688385,0.009731931611895561,0.5055627226829529,1.524945616722107,8.0,0.07108326256275177,0.07034365087747574,0.8459116816520691,5.553493792831432e-06,-0.002383545972406864,0.12247273325920105,,-0.007432837039232254,-0.005178646184504032,0.0035440733190625906,0.07020452618598938,,
120,model.layers.1.linear_attn.out_proj.weight,1024,2048,0.00048828125,0.0024431797210127115,1.3451991081237793,-0.0002200121380155906,0.567035973072052,0.00015629123663529754,0.11903521418571472,0.39227911829948425,0.007774227764457464,0.5463407039642334,1.4532779455184937,1.518651373544344e-07,9.330646514892578,0.00010205688886344433,6.5980275394395e-05,0.00040680341771803796,0.24055011570453644,0.24186205863952637,0.013933557085692883,0.5081385970115662,1.4328333139419556,,,,,,,,,,,,,,
120,model.layers.12.linear_attn.in_proj_qkv.weight,6144,1024,0.00016276041666666666,6.837677210569382e-05,2.150904655456543,0.00011415896733524278,0.3235592544078827,0.00023906209389679134,0.1514120101928711,0.2567056715488434,0.002376373391598463,0.6178929209709167,1.5523887872695923,5.915846031712135e-06,9.077625274658203,-0.00010124525579158217,0.00011512373021105304,0.0004791729443240911,0.2518494129180908,0.2194083034992218,0.00853077881038189,0.5020983815193176,1.533194899559021,8.0,0.07219847291707993,0.07739606499671936,0.8103111386299133,3.624558075898676e-06,0.00015543404151685536,0.15627965331077576,0.023318946355169096,4.794269443664234e-06,-6.776936970709357e-06,-0.005607475992292166,0.08627643436193466,,
120,model.layers.12.linear_attn.out_proj.weight,1024,2048,0.00048828125,0.0003163068904541433,2.22581148147583,0.000520670844707638,0.4397403299808502,5.499168764799833e-05,0.1695699542760849,0.31924405694007874,0.019693955779075623,0.5009573101997375,1.411309838294983,5.2612413981023565e-08,5.427107810974121,-5.526483437279239e-05,6.633804150624201e-05,0.00011498479580041021,0.22559280693531036,0.26095104217529297,0.02034359611570835,0.511735737323761,1.3758221864700317,,,,,,,,,,,,,,
120,model.layers.21.linear_attn.in_proj_qkv.weight,6144,1024,0.00016276041666666666,0.00010263215517625213,3.01625919342041,0.00038108741864562035,0.0855192095041275,0.0007099024369381368,0.18460695445537567,0.25173112750053406,0.005658040754497051,0.565147876739502,1.5424071550369263,1.2443341802281793e-05,9.611693382263184,-0.00030077624251134694,0.00011149479541927576,0.00026128554600290954,0.24266406893730164,0.2269958108663559,0.00976124219596386,0.4905659258365631,1.5285048484802246,8.0,0.06946171820163727,0.06916853785514832,0.8040915727615356,-1.7361003301630262e-07,-8.292500569950789e-05,0.020955225452780724,,0.0010326802730560303,-0.0004899699706584215,0.0032807562965899706,0.04818430915474892,,
120,model.layers.21.linear_attn.out_proj.weight,1024,2048,0.00048828125,0.0003671183076221496,2.803927421569824,0.0001354490377707407,0.14669734239578247,0.0001901583600556478,0.14346852898597717,0.36179685592651367,0.00891285389661789,0.5488057136535645,1.4678157567977905,1.0043672205028997e-07,4.536769390106201,4.321545929997228e-05,6.554797437274829e-05,0.00010496504546608776,0.2131718099117279,0.2779591381549835,0.008478282019495964,0.5363768339157104,1.47049081325531,,,,,,,,,,,,,,
140,model.layers.7.self_attn.q_proj.weight,4096,1024,0.000244140625,0.0001122344474424608,2.7270772457122803,0.00020253437105566263,0.3790483772754669,0.0015974766574800014,0.17045611143112183,0.2721017599105835,0.011740075424313545,0.5443546772003174,1.5330828428268433,7.645014079571411e-07,6.608387470245361,0.0002819718501996249,0.00010219179966952652,0.0011278394376859069,0.2563724219799042,0.20633497834205627,0.012041514739394188,0.4955444633960724,1.5165369510650635,8.0,0.07602322846651077,0.08091843128204346,0.8770650029182434,1.8745673514786176e-05,0.004183292388916016,0.480773389339447,0.004481081352203449,0.001479830825701356,0.0010622850386425853,0.004270817618817091,0.059680625796318054,0.3804398775100708,0.3859923481941223
140,model.layers.7.self_attn.k_proj.weight,512,1024,0.0009765625,0.0009813520591706038,4.492253303527832,-3.46508682014246e-06,0.2684785723686218,0.0011521442793309689,0.1450207680463791,0.2523800730705261,0.018902327865362167,0.7219221591949463,1.3371849060058594,3.120750236007552e-08,7.396416187286377,-3.167535624015727e-06,3.634926906670444e-05,0.0004478601331356913,0.259159654378891,0.2101329118013382,0.01582144945859909,0.5256214737892151,1.3335686922073364,,,,,,,,,,,,,,
140,model.layers.7.self_attn.v_proj.weight,512,1024,0.0009765625,0.0007707946351729333,1.6528292894363403,0.0006746436120010912,0.5498590469360352,0.0003879724536091089,0.1231682151556015,0.2537958323955536,0.0035719191655516624,0.7653418183326721,1.4508227109909058,3.922154689917079e-08,5.452242851257324,6.480535375885665e-06,3.7021069147158414e-05,0.00014350379933603108,0.1748378723859787,0.23416900634765625,0.006368143949657679,0.6777533888816833,1.4488868713378906,,,,,,,,,,,,,,
140,model.layers.7.self_attn.o_proj.weight,1024,2048,0.00048828125,0.0002048424503300339,2.081796884536743,0.00024942628806456923,0.7900921106338501,4.3300966353854164e-05,0.1507195681333542,0.3398181200027466,0.015882160514593124,0.502490758895874,1.438020944595337,9.185762905872252e-08,4.889441967010498,3.0023844374227338e-05,7.136294880183414e-05,0.00011977316898992285,0.18826128542423248,0.2930651307106018,0.017787491902709007,0.46782562136650085,1.4020347595214844,,,,,,,,,,,,,,
140,model.layers.15.self_attn.q_proj.weight,4096,1024,0.000244140625,0.00013236861559562385,2.96793270111084,0.00014071256737224758,0.38564518094062805,0.0001929370337165892,0.22119282186031342,0.23009301722049713,0.0036652791313827038,0.4519861042499542,1.5477100610733032,1.2840459930885118e-06,6.805681228637695,3.66653548553586e-05,9.423372830497101e-05,0.0004773677501361817,0.25874799489974976,0.2162315994501114,0.011209004558622837,0.44345933198928833,1.5107635259628296,8.0,0.08823825418949127,0.08387959748506546,0.8877654075622559,2.2092153812991455e-06,0.0024632092099636793,0.4836568236351013,0.0008968849955427542,0.0021782454568892717,0.000977543881163001,0.007387218065559864,0.05892437696456909,,
140,model.layers.15.self_attn.k_proj.weight,512,1024,0.0009765625,0.0010995195480063558,4.130913257598877,7.157439540605992e-06,0.34473007917404175,0.00013088263222016394,0.24762091040611267,0.24767769873142242,0.0034667919389903545,0.5490873456001282,1.4692564010620117,3.451386376696064e-08,5.800229072570801,-8.911697477742564e-06,3.4543583751656115e-05,0.00016630504978820682,0.28170862793922424,0.2077508270740509,0.006642063148319721,0.47064220905303955,1.441859245300293,,,,,,,,,,,,,,
140,model.layers.15.self_attn.v_proj.weight,512,1024,0.0009765625,0.000877068901900202,2.002290725708008,0.0019559082575142384,0.30092713236808777,0.00023784696531947702,0.20167532563209534,0.24670305848121643,0.00803749542683363,0.6216214895248413,1.4424831867218018,3.28703123386731e-07,4.799260139465332,0.00018836975505109876,3.295893839094788e-05,0.0002899871615227312,0.19714997708797455,0.23801377415657043,0.006552155129611492,0.6229169368743896,1.4390772581100464,,,,,,,,,,,,,0.3632354140281677,0.3548520803451538
140,model.layers.15.self_attn.o_proj.weight,1024,2048,0.00048828125,0.0004523562383837998,1.8614140748977661,0.0006835954845882952,0.5162261128425598,4.8763373342808336e-05,0.09679059684276581,0.4367406368255615,0.014530702494084835,0.5630776286125183,1.4321407079696655,3.585934678085323e-07,4.537273406982422,6.292113539529964e-05,6.465347541961819e-05,7.475847814930603e-05,0.19765964150428772,0.2919899523258209,0.02129204012453556,0.5090358257293701,1.3900858163833618,,,,,,,,,,,,,,
140,model.layers.19.self_attn.q_proj.weight,4096,1024,0.000244140625,0.00018192398420069367,3.7408456802368164,0.000518538523465395,0.19394734501838684,0.0004154201305937022,0.2276356816291809,0.2268371284008026,0.0081411674618721,0.412578821182251,1.5295246839523315,1.3070369959677919e-06,6.90944766998291,-0.00024280186335090548,9.25161803024821e-05,0.0008672483381815255,0.2516336143016815,0.22198154032230377,0.023561669513583183,0.44307810068130493,1.4858334064483643,8.0,0.07477536797523499,0.07152244448661804,0.8743306398391724,3.5820858101942576e-06,0.0006602390785701573,0.18174496293067932,0.005425437430864862,0.0021944749169051647,0.0005754847079515457,0.00488252192735672,0.07527809590101242,,
140,model.layers.19.self_attn.k_proj.weight,512,1024,0.0009765625,0.0009000627906061709,3.9577856063842773,-2.499432184777106e-06,0.18027910590171814,0.0004358177538961172,0.2496868073940277,0.2333301305770874,0.012967311777174473,0.563722550868988,1.371637225151062,4.091980443376997e-08,8.957502365112305,4.896524842479266e-05,3.328559614601545e-05,0.0005062522832304239,0.28425490856170654,0.19766125082969666,0.016837358474731445,0.4534757137298584,1.359742283821106,,,,,,,,,,,,,,
140,model.layers.19.self_attn.v_proj.weight,512,1024,0.0009765625,0.000657791446428746,1.6719988584518433,-0.00036803926923312247,0.15045872330665588,0.0006431830697692931,0.15091556310653687,0.25389090180397034,0.00487822201102972,0.6556567549705505,1.431856393814087,1.1640263437584508e-06,4.255076885223389,0.0006212431471794844,3.175030724378303e-05,0.00033958672429434955,0.18888036906719208,0.2877817153930664,0.0069129313342273235,0.6207322478294373,1.4379587173461914,,,,,,,,,,,,,,
140,model.layers.19.self_attn.o_proj.weight,1024,2048,0.00048828125,0.0003977536107413471,1.4705034494400024,-0.00010550872684689239,0.3012251555919647,5.0317692512180656e-05,0.06326867640018463,0.5041353106498718,0.00702445674687624,0.6179898381233215,1.4530348777770996,1.3267870144773042e-06,6.433618068695068,0.00038692273665219545,6.354532524710521e-05,0.00014904854469932616,0.18190127611160278,0.31399500370025635,0.011350840330123901,0.580970287322998,1.4531139135360718,,,,,,,,,,,,,,
140,model.layers.1.mlp.gate_proj.weight,3584,1024,0.00027901785714285713,0.00026043434627354145,3.3078718185424805,0.0007921415381133556,0.33436962962150574,0.00028906750958412886,0.18354088068008423,0.3007547855377197,0.008034368976950645,0.5297266840934753,1.5118464231491089,7.086354258944993e-08,9.159618377685547,-6.105200009187683e-05,0.00010609568562358618,0.00014221190940588713,0.26057305932044983,0.22565686702728271,0.009164630435407162,0.49742391705513,1.511544942855835,,,,,,,,,,,,,0.3495696783065796,0.339286744594574
140,model.layers.1.mlp.up_proj.weight,3584,1024,0.00027901785714285713,0.00025498715694993734,2.9241833686828613,0.0004985514678992331,0.5563953518867493,0.00012482484453357756,0.16548235714435577,0.32766973972320557,0.009964426048099995,0.5161237716674805,1.5176866054534912,4.5196637543654106e-09,8.475227355957031,-3.0876569780957652e-06,0.00010598693916108459,0.00010490442218724638,0.2550634741783142,0.23115387558937073,0.008612794801592827,0.505723237991333,1.5129518508911133,,,,,,,,,,,,,,
140,model.layers.1.mlp.down_proj.weight,1024,3584,0.00027901785714285713,0.0002850285964086652,5.545677185058594,0.0004909030394628644,0.5625607967376709,0.00045063692959956825,0.17983444035053253,0.29603639245033264,0.012094348669052124,0.5694677829742432,1.433815836906433,5.113655721089572e-09,9.327226638793945,2.4144580947904615e-06,0.00010543419193709269,0.0005152741796337068,0.23358570039272308,0.2480628341436386,0.015388415195047855,0.4977951943874359,1.4277541637420654,8.0,0.09381766617298126,0.08678994327783585,0.8999074101448059,-4.2531286453595385e-05,0.00914000067859888,2.1502034664154053,-0.00465331327088208,0.004970167297869921,0.0007980799418874085,-0.009641649201512337,0.0312960222363472,,
140,model.layers.12.mlp.gate_proj.weight,3584,1024,0.00027901785714285713,0.0002000922686420381,2.89327073097229,-0.00039266652311198413,0.38360217213630676,0.000790066085755825,0.18687760829925537,0.2426968812942505,0.006228369660675526,0.5766444206237793,1.5269227027893066,1.369414945884273e-07,5.673645973205566,7.198942330433056e-05,9.097678412217647e-05,0.00036083522718399763,0.25090861320495605,0.21793729066848755,0.008810465224087238,0.5110836625099182,1.517082691192627,,,,,,,,,,,,,,
140,model.layers.12.mlp.up_proj.weight,3584,1024,0.00027901785714285713,0.0002877396473195404,2.792994737625122,7.482361979782581e-05,0.6111642122268677,0.000418853887822479,0.22503481805324554,0.24149475991725922,0.007817898876965046,0.498147189617157,1.5196031332015991,8.14897305190243e-09,5.312500476837158,1.6373220205423422e-05,9.134735591942444e-05,0.00031644193222746253,0.2635820508003235,0.21026334166526794,0.008870118297636509,0.4983823597431183,1.5110914707183838,,,,,,,,,,,,,,
140,model.layers.12.mlp.down_proj.weight,1024,3584,0.00027901785714285713,0.00023837501066736877,4.881363391876221,7.89281475590542e-05,0.6030133962631226,0.000131572422105819,0.21047614514827728,0.2777590751647949,0.022865071892738342,0.5099809169769287,1.3866853713989258,1.0221392621190262e-08,4.98156213760376,2.189952829212416e-05,9.13986805244349e-05,0.0002378419740125537,0.23300369083881378,0.2486272156238556,0.027439814060926437,0.48813262581825256,1.3877089023590088,8.0,0.08353827148675919,0.08465830981731415,0.9090894460678101,3.527773515088484e-05,0.03821659833192825,2.170705556869507,0.0009230998228696841,0.003618272254243493,0.0028185939881950617,-0.008928503841161728,0.023585766553878784,,
140,model.layers.22.mlp.gate_proj.weight,3584,1024,0.00027901785714285713,0.00027151923859491944,2.6042611598968506,0.0020847225096076727,0.1370326727628708,0.0008027362637221813,0.17193958163261414,0.25817903876304626,0.006249936763197184,0.5670294761657715,1.5231274366378784,3.3842213724710746e-06,8.133313179016113,0.0008376326877623796,8.064955909503624e-05,0.000491430691909045,0.23461291193962097,0.22877587378025055,0.009875589050352573,0.4959133267402649,1.5089329481124878,,,,,,,,,,,,,0.41986438632011414,0.3986002802848816
140,model.layers.22.mlp.up_proj.weight,3584,1024,0.00027901785714285713,0.0005461267428472638,2.0947909355163574,0.001232814509421587,0.3409275710582733,0.0006237098714336753,0.17260658740997314,0.29434263706207275,0.010302824899554253,0.5803366303443909,1.5094776153564453,7.43058734542501e-08,7.403503894805908,5.946410237811506e-05,8.222151518566534e-05,0.0005635705310851336,0.22047245502471924,0.24832890927791595,0.013048185035586357,0.5134227871894836,1.4991096258163452,,,,,,,,,,,,,,
140,model.layers.22.mlp.down_proj.weight,1024,3584,0.00027901785714285713,0.00038289662916213274,2.6185200214385986,0.001628636964596808,0.2828136384487152,0.0002216237917309627,0.10426347702741623,0.40488219261169434,0.010761032812297344,0.5649048089981079,1.457720398902893,6.021848975024113e-08,6.1346588134765625,7.329910295084119e-05,8.279208122985438e-05,0.00024948245845735073,0.2030509114265442,0.2810233235359192,0.010313672013580799,0.5520642995834351,1.4484368562698364,8.0,0.07880878448486328,0.07123678922653198,0.8542205095291138,4.739862106362125e-06,0.004337688442319632,0.6970307230949402,0.0010927161250491807,0.0047309561632573605,0.00022753389202989638,0.0007100210059434175,0.1125291958451271,,
140,model.layers.1.linear_attn.in_proj_qkv.weight,6144,1024,0.00016276041666666666,0.00011327267566230148,2.4566478729248047,0.00021568435477092862,0.2823692858219147,0.0007122440147213638,0.1875002086162567,0.26111260056495667,0.00780338142067194,0.514859676361084,1.5364570617675781,1.9480239643598907e-06,7.164985656738281,-0.00041003405931405723,0.00013258043327368796,0.00026590307243168354,0.25722336769104004,0.22122150659561157,0.009295749478042126,0.5017128586769104,1.5285685062408447,8.0,0.1054590716958046,0.09813226014375687,0.8842352032661438,-5.339516519597964e-06,0.0074380990117788315,0.29606544971466064,-0.000717860371466205,0.006765624973922968,0.005097543820738792,-0.004760027397423983,0.06150601804256439,,
140,model.layers.1.linear_attn.out_proj.weight,1024,2048,0.00048828125,0.0002049277100013569,1.4112131595611572,2.7019803383154795e-05,0.6337676048278809,0.0003313884371891618,0.12627819180488586,0.3661958575248718,0.010596871376037598,0.528340756893158,1.4355278015136719,1.8127897760678024e-07,7.321384429931641,-5.050358595326543e-06,7.716579420957714e-05,0.00030908253393135965,0.24189339578151703,0.23844653367996216,0.012175193056464195,0.5059403777122498,1.4524034261703491,,,,,,,,,,,,,,
140,model.layers.12.linear_attn.in_proj_qkv.weight,6144,1024,0.00016276041666666666,6.28112320555374e-05,2.40527606010437,-0.00020996888633817434,0.3537173569202423,0.000353440351318568,0.15915188193321228,0.25588637590408325,0.002941546496003866,0.5899600386619568,1.5529112815856934,5.99813711232855e-06,8.496254920959473,0.0005425915587693453,0.0001166888905572705,0.0004905583919025958,0.2473037987947464,0.2188786417245865,0.00900063943117857,0.5075635313987732,1.5327215194702148,8.0,0.0867113545536995,0.08026576787233353,0.8676458597183228,8.2705810200423e-06,0.006699413992464542,0.2852567434310913,0.0012345230537096224,0.0045269569382071495,0.003457894315943122,-0.006330693606287241,0.08901906758546829,,
140,model.layers.12.linear_attn.out_proj.weight,1024,2048,0.00048828125,0.00029327021911740303,2.431460380554199,-0.0005090498016215861,0.5167506337165833,6.284613482421264e-05,0.16321051120758057,0.32846251130104065,0.017861228436231613,0.5128004550933838,1.4171069860458374,4.5074319388049844e-08,4.62200403213501,5.116408283356577e-05,6.80903613101691e-05,0.00012993457494303584,0.23128560185432434,0.2557038962841034,0.017877036705613136,0.5019928812980652,1.406679391860962,,,,,,,,,,,,,,
140,model.layers.21.linear_attn.in_proj_qkv.weight,6144,1024,0.00016276041666666666,0.00011377358168829232,3.2013120651245117,8.730161061976105e-05,0.08977394551038742,0.0004822307382710278,0.1729556918144226,0.2625962495803833,0.004510568920522928,0.5910894870758057,1.5464296340942383,1.4332628779811785e-05,9.041954040527344,-0.0005309733678586781,0.000105124301626347,0.0005077461828477681,0.2381928414106369,0.22951927781105042,0.011690848506987095,0.49229663610458374,1.5272780656814575,8.0,0.0792706161737442,0.07803609222173691,0.9000943303108215,6.610475224988477e-07,3.344076685607433e-05,0.019104519858956337,0.019767714219710606,0.0015528530348092318,-0.00014538092364091426,0.004039427265524864,0.05159999802708626,,
140,model.layers.21.linear_attn.out_proj.weight,1024,2048,0.00048828125,0.0003784510772675276,2.851395606994629,-0.0005502405692823231,0.1703902930021286,0.00020644244796130806,0.14603076875209808,0.3514254093170166,0.008248845115303993,0.5346253514289856,1.478419542312622,6.081272374558466e-08,4.353837013244629,-2.726370257732924e-05,6.182102515595034e-05,0.00015326666471082717,0.21128150820732117,0.27769920229911804,0.00860133208334446,0.5383315682411194,1.46615731716156,,,,,,,,,,,,,,
160,model.layers.7.self_attn.q_proj.weight,4096,1024,0.000244140625,0.00015970104141160846,3.162984609603882,-0.0003059215086977929,0.3004424571990967,0.00229722261428833,0.1810450553894043,0.2581748068332672,0.012307684868574142,0.5434771180152893,1.5314568281173706,1.3412435464488226e-06,8.820300102233887,7.632919732714072e-05,9.55842697294429e-05,0.00045664809294976294,0.2573339343070984,0.20679771900177002,0.011798094026744366,0.49470165371894836,1.511888861656189,8.0,0.09474699944257736,0.10045751929283142,0.8199396133422852,1.1431500752223656e-05,-0.0028683727141469717,0.4983546733856201,,-0.005449304822832346,-0.0011974205262959003,-0.0023059393279254436,0.04273680970072746,0.4612343907356262,0.44810765981674194
160,model.layers.7.self_attn.k_proj.weight,512,1024,0.0009765625,0.001195516437292099,4.341620922088623,8.275824256998021e-06,0.20901666581630707,0.001726949936710298,0.1640339344739914,0.25892072916030884,0.027576753869652748,0.6783519983291626,1.3032783269882202,3.141592586075603e-08,8.581438064575195,-1.8061877199215814e-05,3.4698696254054084e-05,0.0005023779231123626,0.2759934365749359,0.19406524300575256,0.016489433124661446,0.49059274792671204,1.3351107835769653,,,,,,,,,,,,,,
160,model.layers.7.self_attn.v_proj.weight,512,1024,0.0009765625,0.0010090013965964317,2.5710842609405518,0.0005268377717584372,0.4019749164581299,0.0006758284289389849,0.15303687751293182,0.2405250370502472,0.004988608416169882,0.6928061246871948,1.4788740873336792,5.5664372666797135e-08,5.772402286529541,3.0222723580664024e-05,3.477537029539235e-05,0.0003299567906651646,0.18299521505832672,0.22829438745975494,0.005996074993163347,0.6653979420661926,1.447864294052124,,,,,,,,,,,,,,
160,model.layers.7.self_attn.o_proj.weight,1024,2048,0.00048828125,0.0002642400795593858,2.140125036239624,0.00015634762530680746,0.7029274702072144,2.8948610633960925e-05,0.14185747504234314,0.3657419681549072,0.014863607473671436,0.5396207571029663,1.43466317653656,1.1811079758672349e-07,4.5690598487854,-3.733327321242541e-05,6.91554814693518e-05,6.770368781872094e-05,0.1855344921350479,0.3038928508758545,0.012834982946515083,0.4891360104084015,1.4232640266418457,,,,,,,,,,,,,,
160,model.layers.15.self_attn.q_proj.weight,4096,1024,0.000244140625,0.0001237402466358617,2.981515884399414,6.734280032105744e-05,0.31538280844688416,0.00025109367561526597,0.22860251367092133,0.22598887979984283,0.0035648720804601908,0.4335310161113739,1.5456355810165405,1.4317520253825933e-06,7.074961185455322,-0.00046221300726756454,9.449225035496056e-05,0.0005793057498522103,0.2537767291069031,0.21806277334690094,0.014581901021301746,0.4491530656814575,1.5026583671569824,8.0,0.077750064432621,0.08237311989068985,0.8139590620994568,-3.360073151270626e-06,-0.006801719311624765,0.43405741453170776,,-0.011991229839622974,-0.0031688185408711433,-0.000550167344044894,0.054781634360551834,,
160,model.layers.15.self_attn.k_proj.weight,512,1024,0.0009765625,0.0009199380874633789,4.5281662940979,-6.705636224069167e-06,0.2670978009700775,6.52330563752912e-05,0.26440152525901794,0.22837181389331818,0.004876410122960806,0.5219593644142151,1.4587751626968384,4.080087379065844e-08,7.116049766540527,5.238725134404376e-05,3.5074815968982875e-05,7.529976574005559e-05,0.2864511013031006,0.21079742908477783,0.006028817966580391,0.4693155586719513,1.4333295822143555,,,,,,,,,,,,,,
160,model.layers.15.self_attn.v_proj.weight,512,1024,0.0009765625,0.0007512063020840287,1.9656721353530884,-0.00017771523562259972,0.23765967786312103,0.00011768140393542126,0.16824699938297272,0.27660754323005676,0.003987578209489584,0.665998101234436,1.4450721740722656,3.0582782528654207e-07,4.69326639175415,8.58689090819098e-05,3.306003782199696e-05,0.00017307930102106184,0.20066063106060028,0.22482921183109283,0.005629039369523525,0.6060562133789062,1.4374293088912964,,,,,,,,,,,,,0.4324405789375305,0.40942156314849854
160,model.layers.15.self_attn.o_proj.weight,1024,2048,0.00048828125,0.0004996077041141689,1.8816829919815063,-5.870751920156181e-05,0.435468465089798,2.971271169371903e-05,0.08917620778083801,0.4656585454940796,0.011281215585768223,0.5909295678138733,1.450863003730774,3.8388961343116534e-07,4.297381401062012,0.00021195629960857332,6.593226862605661e-05,8.704372885404155e-05,0.19301362335681915,0.30196094512939453,0.01614978536963463,0.5266222357749939,1.419999122619629,,,,,,,,,,,,,,
160,model.layers.19.self_attn.q_proj.weight,4096,1024,0.000244140625,0.00018300031661055982,2.7954318523406982,0.00048494961811229587,0.18839842081069946,0.00033207028172910213,0.220947265625,0.23727385699748993,0.0071110292337834835,0.43643105030059814,1.5283392667770386,1.1911147339560557e-06,8.306134223937988,-4.1577575757401064e-05,9.136550943367183e-05,0.000785897602327168,0.2500167489051819,0.22532768547534943,0.02101852372288704,0.44790327548980713,1.480291724205017,8.0,0.08429957181215286,0.08071868121623993,0.7675514221191406,1.3182175280235242e-06,-0.0005411471938714385,0.2743866443634033,,-0.002533095655962825,3.326177829876542e-05,0.0021361473482102156,0.07029473036527634,,
160,model.layers.19.self_attn.k_proj.weight,512,1024,0.0009765625,0.0011785425012931228,2.835244655609131,-6.987677352299215e-06,0.17811156809329987,0.00020126508024986833,0.2796280086040497,0.20388880372047424,0.010220693424344063,0.528201162815094,1.3954671621322632,4.6928573027571474e-08,9.257281303405762,6.76577037665993e-05,3.267647116445005e-05,0.0003999149485025555,0.2976236939430237,0.1957637220621109,0.016838548704981804,0.44379615783691406,1.35476815700531,,,,,,,,,,,,,,
160,model.layers.19.self_attn.v_proj.weight,512,1024,0.0009765625,0.0007229803595691919,1.524526596069336,0.0008407100103795528,0.1448337435722351,0.0002812280145008117,0.15680480003356934,0.25237226486206055,0.003421572269871831,0.6573370695114136,1.4504064321517944,9.765522008819971e-07,3.912895679473877,0.000538352585863322,3.2836054742801934e-05,0.00010297818516846746,0.18596765398979187,0.29031985998153687,0.007200584281235933,0.6422181725502014,1.4111016988754272,,,,,,,,,,,,,,
160,model.layers.19.self_attn.o_proj.weight,1024,2048,0.00048828125,0.0005014851922169328,1.4366297721862793,0.0002742038923315704,0.25964540243148804,8.326872921315953e-05,0.06743653863668442,0.5077897310256958,0.012094996869564056,0.6098284721374512,1.4536855220794678,9.933470437317737e-07,6.360256195068359,0.00027838314417749643,6.523051706608385e-05,0.00013295718235895038,0.18186786770820618,0.3168719708919525,0.011501223780214787,0.5868319272994995,1.4487844705581665,,,,,,,,,,,,,,
160,model.layers.1.mlp.gate_proj.weight,3584,1024,0.00027901785714285713,0.0002899455139413476,2.883091926574707,0.00020842529193032533,0.378791868686676,0.0003491215466056019,0.18375752866268158,0.3010248839855194,0.008339591324329376,0.5285378098487854,1.5181514024734497,6.809815289443577e-08,7.448320388793945,-6.681230843241792e-06,0.00010818059672601521,0.00013420003233477473,0.26416686177253723,0.22176222503185272,0.009668543934822083,0.4946002960205078,1.5100435018539429,,,,,,,,,,,,,0.3695460259914398,0.371638685464859
160,model.layers.1.mlp.up_proj.weight,3584,1024,0.00027901785714285713,0.00023442321980837733,2.77545428276062,0.0005558926495723426,0.6146374344825745,0.00011073446512455121,0.1750839799642563,0.3084334433078766,0.0071454476565122604,0.49969682097435,1.5137169361114502,4.290494626246755e-09,6.787352561950684,-2.987922925967723e-06,0.00010786687198560685,9.216373291565105e-05,0.257526159286499,0.2265080064535141,0.010580128990113735,0.5022472143173218,1.5111383199691772,,,,,,,,,,,,,,
160,model.layers.1.mlp.down_proj.weight,1024,3584,0.00027901785714285713,0.0002803733805194497,4.245643615722656,0.0005475182551890612,0.6205439567565918,0.0010500943753868341,0.19231107831001282,0.2744276225566864,0.014126616530120373,0.5366527438163757,1.4443997144699097,6.835227051027459e-09,7.547269821166992,-1.1987222023890354e-05,0.00010703843145165592,0.0003507154469843954,0.237624853849411,0.2448371946811676,0.014817576855421066,0.49390676617622375,1.4377167224884033,8.0,0.1253506988286972,0.11704298853874207,0.8151925802230835,4.2904528527287766e-05,0.021969135850667953,4.319302558898926,0.0019529456606270333,-0.0005588760250248015,0.0010623950511217117,-0.012352708727121353,0.023379456251859665,,
160,model.layers.12.mlp.gate_proj.weight,3584,1024,0.00027901785714285713,0.00024109841615427285,3.322841167449951,0.00014611160440836102,0.3384982943534851,0.000624016800429672,0.19493331015110016,0.24316024780273438,0.005634654778987169,0.5677693486213684,1.5277270078659058,1.2009164152004814e-07,5.266303062438965,4.013348006992601e-05,9.355654037790373e-05,0.0005083336145617068,0.25451359152793884,0.21558983623981476,0.00982099398970604,0.5039191842079163,1.509467601776123,,,,,,,,,,,,,,
160,model.layers.12.mlp.up_proj.weight,3584,1024,0.00027901785714285713,0.00024309671425726265,3.515655517578125,0.00012360443361103535,0.5263463854789734,0.00043123780051246285,0.22085174918174744,0.24610310792922974,0.007053856737911701,0.5157849788665771,1.516580581665039,6.759111048637578e-09,5.396726608276367,1.2135197380302998e-07,9.293491893913597e-05,0.0003956163418479264,0.26369309425354004,0.20869038999080658,0.010052227415144444,0.4980763792991638,1.5092991590499878,,,,,,,,,,,,,,
160,model.layers.12.mlp.down_proj.weight,1024,3584,0.00027901785714285713,0.0002655526914168149,4.580564022064209,0.00011709584214258939,0.5414717197418213,0.00014716571604367346,0.21099209785461426,0.279558002948761,0.02112581580877304,0.51634281873703,1.4017832279205322,1.046856024089493e-08,4.892261981964111,-6.765271791664418e-06,9.444900206290185e-05,0.0002375389012740925,0.23283089697360992,0.2532575726509094,0.022893067449331284,0.4987137019634247,1.3983296155929565,8.0,0.07587001472711563,0.0782051756978035,0.8443614840507507,-4.542500391835347e-05,-0.0405733585357666,2.9280223846435547,,-0.002468391787260771,-0.0034679793752729893,-0.013055779971182346,0.02199198119342327,,
160,model.layers.22.mlp.gate_proj.weight,3584,1024,0.00027901785714285713,0.0002121349098160863,2.7804770469665527,-0.00011431509483372793,0.11768543720245361,0.000478122616186738,0.17625747621059418,0.25133615732192993,0.005251954309642315,0.552074134349823,1.52462899684906,3.5244204354967223e-06,7.890021800994873,-0.0008559993584640324,8.296011219499633e-05,0.0006323143024928868,0.23176689445972443,0.22990573942661285,0.00957629643380642,0.4989004135131836,1.515547513961792,,,,,,,,,,,,,0.4746547043323517,0.49019452929496765
160,model.layers.22.mlp.up_proj.weight,3584,1024,0.00027901785714285713,0.0002343107626074925,2.8060569763183594,2.9828579499735497e-05,0.2721814811229706,0.0006757683586329222,0.17692570388317108,0.2896263301372528,0.010615738108754158,0.5681614875793457,1.5176995992660522,4.627130323342499e-08,7.174144268035889,-3.7324641652958235e-06,8.456583600491285e-05,0.0007508234702982008,0.22572799026966095,0.24297626316547394,0.01442028395831585,0.49869462847709656,1.4993906021118164,,,,,,,,,,,,,,
160,model.layers.22.mlp.down_proj.weight,1024,3584,0.00027901785714285713,0.0004031439602840692,2.5475375652313232,3.088224912062287e-05,0.24799638986587524,0.00024854359799064696,0.10480646044015884,0.39736223220825195,0.012511538341641426,0.5452679991722107,1.4439258575439453,2.054915526628065e-08,5.486252784729004,-1.2339108252490405e-05,8.654948032926768e-05,0.00016415967547800392,0.2014070600271225,0.28522780537605286,0.00889553315937519,0.5524998307228088,1.4507423639297485,8.0,0.07946509122848511,0.07787516713142395,0.8048425316810608,6.09865764999995e-07,-0.004420275334268808,0.5261677503585815,,-0.0015571964904665947,-0.0024222140200436115,0.00046543520875275135,0.09678050130605698,,
160,model.layers.1.linear_attn.in_proj_qkv.weight,6144,1024,0.00016276041666666666,0.00015913303650449961,2.3523502349853516,0.00018475613615009934,0.3230995237827301,0.0005717757157981396,0.1967557817697525,0.2531442642211914,0.007765522226691246,0.5086438655853271,1.5359662771224976,1.2347679785307264e-06,6.270389556884766,-6.574133294634521e-05,0.00013999600196257234,0.0003033670363947749,0.2523912787437439,0.22467955946922302,0.00929415412247181,0.51264888048172,1.527724027633667,8.0,0.12587809562683105,0.13007159531116486,0.7919297814369202,2.240926733065862e-06,0.013428725302219391,0.5701828598976135,0.00016687561050157904,0.005904031917452812,0.0069772121496498585,0.007471711374819279,0.06552119553089142,,
160,model.layers.1.linear_attn.out_proj.weight,1024,2048,0.00048828125,0.0006314144120551646,1.3729506731033325,0.00011242679465794936,0.7164157032966614,0.0003542240883689374,0.13733609020709991,0.3541225492954254,0.009861177764832973,0.5106289386749268,1.4568114280700684,1.3252987685064e-07,5.808069705963135,1.235810213984223e-05,8.0593723396305e-05,0.0002468235034029931,0.24904200434684753,0.23366472125053406,0.011538315564393997,0.49762943387031555,1.4439151287078857,,,,,,,,,,,,,,
160,model.layers.12.linear_attn.in_proj_qkv.weight,6144,1024,0.00016276041666666666,6.711280002491549e-05,2.703721761703491,-6.351590855047107e-05,0.2867080867290497,0.00035498445504345,0.16417758166790009,0.2596578896045685,0.0031411543022841215,0.59152752161026,1.5521167516708374,5.465669346449431e-06,7.363136291503906,0.0005226251087151468,0.00011968608305323869,0.0003237957425881177,0.24623283743858337,0.22211027145385742,0.007235379423946142,0.5102214813232422,1.5347092151641846,8.0,0.07702551037073135,0.07872425019741058,0.8180455565452576,-2.8476911211328115e-06,-0.0005969961639493704,0.2739116847515106,,-0.00038627933827228844,-0.00022816943237558007,-0.009538407437503338,0.08317197859287262,,
160,model.layers.12.linear_attn.out_proj.weight,1024,2048,0.00048828125,0.00032150762854143977,2.8541295528411865,-0.0001780069142114371,0.44690603017807007,5.597473500529304e-05,0.17191444337368011,0.32217758893966675,0.018590310588479042,0.5093877911567688,1.4327917098999023,4.091755556601129e-08,4.637378215789795,1.4859443581372034e-05,6.83665057295002e-05,0.00010567897697910666,0.2324162870645523,0.25826719403266907,0.015250971540808678,0.5073586106300354,1.4138052463531494,,,,,,,,,,,,,,
160,model.layers.21.linear_attn.in_proj_qkv.weight,6144,1024,0.00016276041666666666,8.844150579534471e-05,3.2973647117614746,0.00021583311900030822,0.08853130042552948,0.0007024884107522666,0.18185743689537048,0.25882992148399353,0.005270469468086958,0.5788095593452454,1.5438331365585327,1.0675302291929256e-05,8.158992767333984,-0.0002409880980849266,0.00011626114428509027,0.0004999833181500435,0.23906244337558746,0.22692769765853882,0.010905434377491474,0.4940701425075531,1.5259262323379517,8.0,0.08714061975479126,0.08297577500343323,0.8190923929214478,-9.637803941586753e-07,-0.0002590912044979632,0.03204958140850067,,-0.00613374263048172,-0.0018603606149554253,0.010932929813861847,0.049781545996665955,,
160,model.layers.21.linear_attn.out_proj.weight,1024,2048,0.00048828125,0.00037723439163528383,2.8918192386627197,-0.000931974733248353,0.15197300910949707,5.212859105085954e-05,0.1440407931804657,0.3691199719905853,0.005953506100922823,0.5637592077255249,1.4859365224838257,5.718126416809355e-08,4.5799360275268555,6.163515354273841e-05,6.610767013626173e-05,0.00010526415280764922,0.21476027369499207,0.27229979634284973,0.007506383117288351,0.532763659954071,1.4696002006530762,,,,,,,,,,,,,,
180,model.layers.7.self_attn.q_proj.weight,4096,1024,0.000244140625,0.00015095015987753868,3.1396291255950928,-0.00012473957031033933,0.46581634879112244,0.0013368858490139246,0.17890536785125732,0.24864646792411804,0.009067321196198463,0.5131548047065735,1.5304312705993652,1.183356630463095e-06,8.293968200683594,0.0003362188581377268,9.521509491605684e-05,0.0008083985885605216,0.26007020473480225,0.2057240903377533,0.012308068573474884,0.49865880608558655,1.5140668153762817,8.0,0.05683744698762894,0.06331318616867065,0.8851453065872192,-8.988898116513155e-06,-0.0012998743914067745,0.28671085834503174,,-0.0007333871908485889,-0.00034597390913404524,0.00027694395976141095,0.06358733028173447,0.24264825880527496,0.247737318277359
180,model.layers.7.self_attn.k_proj.weight,512,1024,0.0009765625,0.0010141584789380431,3.8255362510681152,-2.047788439085707e-05,0.3428412079811096,0.0028022201731801033,0.15810526907444,0.246322900056839,0.03929159790277481,0.6747865080833435,1.3409147262573242,2.9109015642347913e-08,6.517313003540039,-3.7145071019040188e-06,3.507877408992499e-05,0.0004769173392560333,0.25693225860595703,0.19878481328487396,0.014386972412467003,0.5342021584510803,1.3611996173858643,,,,,,,,,,,,,,
180,model.layers.7.self_attn.v_proj.weight,512,1024,0.0009765625,0.00099081767257303,1.9989041090011597,-0.00139703752938658,0.6812014579772949,0.0002934329677373171,0.15475371479988098,0.24041470885276794,0.0028972390573471785,0.6956993341445923,1.4711649417877197,5.2983796905436975e-08,5.265848636627197,6.532643601531163e-05,3.387449760339223e-05,0.00048572165542282164,0.1787521243095398,0.22402584552764893,0.005689731799066067,0.685063362121582,1.444746971130371,,,,,,,,,,,,,,
180,model.layers.7.self_attn.o_proj.weight,1024,2048,0.00048828125,0.00023335580772254616,1.9757745265960693,-0.0004265393072273582,1.1940102577209473,4.007510869996622e-05,0.14576300978660583,0.360530823469162,0.012071212753653526,0.535252571105957,1.4260863065719604,1.6167096816843696e-07,4.575353145599365,-3.4261943255842198e-06,6.766970182070509e-05,9.58991440711543e-05,0.1890738308429718,0.2916518449783325,0.021337613463401794,0.4680250585079193,1.394997477531433,,,,,,,,,,,,,,
180,model.layers.15.self_attn.q_proj.weight,4096,1024,0.000244140625,0.00013507084804587066,4.49486780166626,-0.0001794851996237412,0.41198110580444336,0.0003416216350160539,0.21773038804531097,0.23705647885799408,0.004431051667779684,0.457123339176178,1.543420433998108,1.4919870636731503e-06,9.093812942504883,-0.0002559647837188095,9.229750139638782e-05,0.0007683733128942549,0.24525192379951477,0.22467148303985596,0.013841645792126656,0.46204161643981934,1.5150121450424194,8.0,0.06548398733139038,0.061804383993148804,0.8803847432136536,-3.8646135180897545e-06,-0.0008702280465513468,0.31841564178466797,,0.001468749949708581,-0.00026430049911141396,-0.010444344952702522,0.045484509319067,,
180,model.layers.15.self_attn.k_proj.weight,512,1024,0.0009765625,0.0009188589756377041,6.124527454376221,-6.076479166949866e-06,0.34302857518196106,6.37658522464335e-05,0.24696847796440125,0.2444893717765808,0.0037278973031789064,0.5502802133560181,1.4775913953781128,4.7103586808816544e-08,8.92080020904541,4.6914279664633796e-05,3.282508987467736e-05,6.291869794949889e-05,0.2736630439758301,0.21952682733535767,0.0059958165511488914,0.4948478937149048,1.4502511024475098,,,,,,,,,,,,,,
180,model.layers.15.self_attn.v_proj.weight,512,1024,0.0009765625,0.0009585361694917083,1.964819073677063,-0.0011334805749356747,0.40357476472854614,0.00015661719953641295,0.2065858691930771,0.2394365519285202,0.008291464298963547,0.6112064719200134,1.4316834211349487,4.34729571452408e-07,5.980091094970703,0.0005189847433939576,3.2427120459033176e-05,0.0004992769099771976,0.20377077162265778,0.23015809059143066,0.007282595615833998,0.6135991811752319,1.4181476831436157,,,,,,,,,,,,,0.25433090329170227,0.25774985551834106
180,model.layers.15.self_attn.o_proj.weight,1024,2048,0.00048828125,0.000430068263085559,1.7628247737884521,-0.00036672528949566185,0.7574543952941895,2.7123478503199294e-05,0.09354180842638016,0.45284825563430786,0.00943760946393013,0.5858323574066162,1.4517940282821655,4.225519205647288e-07,5.031351566314697,0.00035018203197978437,6.54971954645589e-05,5.7439323427388445e-05,0.19217152893543243,0.3039442002773285,0.01867160201072693,0.5320532321929932,1.4107680320739746,,,,,,,,,,,,,,
180,model.layers.19.self_attn.q_proj.weight,4096,1024,0.000244140625,0.0001885270030470565,3.3213069438934326,0.0001565993734402582,0.2992968261241913,0.0004148604639340192,0.2469819337129593,0.2008144110441208,0.007179629988968372,0.38842591643333435,1.5258601903915405,1.4813077768849325e-06,8.054852485656738,-0.00045862182741984725,9.300871897721663e-05,0.0007872276473790407,0.24960511922836304,0.2241894155740738,0.019554130733013153,0.4494967460632324,1.4859012365341187,8.0,0.06383077055215836,0.06761977821588516,0.8597833514213562,-2.580986347311409e-06,-0.00038441200740635395,0.1510605365037918,,-0.0006976223667152226,-0.0007245623273774981,-0.015334466472268105,0.06028740108013153,,
180,model.layers.19.self_attn.k_proj.weight,512,1024,0.0009765625,0.001081284717656672,3.851588487625122,-1.7574875528225675e-05,0.24802781641483307,0.00035195075906813145,0.25717398524284363,0.22058922052383423,0.010788722895085812,0.5517909526824951,1.3952888250350952,4.354312821419626e-08,9.791248321533203,5.294685615808703e-05,3.322865813970566e-05,0.0010641332482919097,0.2830997109413147,0.20029136538505554,0.020218532532453537,0.4566998779773712,1.3117690086364746,,,,,,,,,,,,,,
180,model.layers.19.self_attn.v_proj.weight,512,1024,0.0009765625,0.0010311576770618558,1.5705910921096802,-0.002346353605389595,0.21502754092216492,0.0020666562486439943,0.1257234364748001,0.2644146978855133,0.009537153877317905,0.6918423175811768,1.4073708057403564,9.392233550897799e-07,3.7766411304473877,0.0003631832078099251,3.308263694634661e-05,0.00038572412449866533,0.18269668519496918,0.2908921241760254,0.007313798181712627,0.6343751549720764,1.4281947612762451,,,,,,,,,,,,,,
180,model.layers.19.self_attn.o_proj.weight,1024,2048,0.00048828125,0.0006981733604334295,1.3498079776763916,-0.0006877999985590577,0.44246798753738403,7.337497663684189e-05,0.05062321200966835,0.5308751463890076,0.007455216720700264,0.6242288947105408,1.45431649684906,1.1097382639491116e-06,6.338806629180908,0.0001312990061705932,6.561657210113481e-05,0.00011886825086548924,0.17799592018127441,0.31843847036361694,0.011714540421962738,0.5877732634544373,1.4502071142196655,,,,,,,,,,,,,,
180,model.layers.1.mlp.gate_proj.weight,3584,1024,0.00027901785714285713,0.0008638607687316835,2.685413360595703,-0.00019238624372519553,0.5568535327911377,0.00033745699329301715,0.17422239482402802,0.31241971254348755,0.008523928001523018,0.5312120318412781,1.514521598815918,1.712996464675598e-07,10.817669868469238,-4.1002171201398596e-05,9.236102050635964e-05,0.00014114285295363516,0.25982123613357544,0.2271871119737625,0.009854190051555634,0.49764201045036316,1.5086698532104492,,,,,,,,,,,,,0.22323080897331238,0.2146887332201004
180,model.layers.1.mlp.up_proj.weight,3584,1024,0.00027901785714285713,0.00023071610485203564,2.449286460876465,-0.0007834181888028979,0.9278305768966675,0.0001260246499441564,0.16125105321407318,0.333670049905777,0.007710144855082035,0.5122218132019043,1.505159616470337,8.534766671175475e-09,10.157552719116211,-5.236627657723147e-06,9.201898501487449e-05,0.00010290597128914669,0.258706271648407,0.22794216871261597,0.010033533908426762,0.49691614508628845,1.5103920698165894,,,,,,,,,,,,,,
180,model.layers.1.mlp.down_proj.weight,1024,3584,0.00027901785714285713,0.00026591107598505914,4.3781561851501465,-0.0007980045629665256,0.9092411398887634,0.0003500215243548155,0.19319696724414825,0.2713322043418884,0.011801814660429955,0.5246708989143372,1.433558464050293,7.82107179020386e-08,11.658211708068848,-3.1738640245748684e-05,9.15354466997087e-05,0.0003913047257810831,0.23648568987846375,0.24388310313224792,0.015484705567359924,0.488729327917099,1.418495774269104,8.0,0.05222000181674957,0.06099609658122063,0.8833269476890564,-3.8453486922662705e-05,-0.013145503588020802,2.0397441387176514,,-0.0051596444100141525,-0.000968306208960712,-0.006385846994817257,0.0320793092250824,,
180,model.layers.12.mlp.gate_proj.weight,3584,1024,0.00027901785714285713,0.00020852107263635844,2.9166035652160645,0.00023820223577786237,0.5465931296348572,0.0006455291877500713,0.186208575963974,0.24211697280406952,0.006194778252393007,0.5842766165733337,1.5230799913406372,1.4707869411267893e-07,7.806004047393799,5.3915020544081926e-05,8.762405923334882e-05,0.0005362674710340798,0.255634605884552,0.21526764333248138,0.011671318672597408,0.4986323118209839,1.5043423175811768,,,,,,,,,,,,,,
180,model.layers.12.mlp.up_proj.weight,3584,1024,0.00027901785714285713,0.00025235748034901917,2.4897239208221436,7.688366895308718e-05,0.9032344818115234,0.0006470060325227678,0.21631667017936707,0.247429758310318,0.008154603652656078,0.5288286805152893,1.5175472497940063,1.0582279941218076e-08,7.091236114501953,-3.0305516702355817e-05,8.725263614905998e-05,0.000511728401761502,0.2660825252532959,0.21010378003120422,0.010802819393575191,0.48992425203323364,1.5043036937713623,,,,,,,,,,,,,,
180,model.layers.12.mlp.down_proj.weight,1024,3584,0.00027901785714285713,0.00026322854682803154,4.530432224273682,7.821968756616116e-05,0.8691917061805725,0.00013607178698293865,0.2097703218460083,0.2777177095413208,0.021866662427783012,0.5125690698623657,1.419870376586914,2.128087039920956e-08,7.794529438018799,-2.9680904845008627e-05,8.761455683270469e-05,0.00018092953541781753,0.2363589107990265,0.24868462979793549,0.020537734031677246,0.4873368740081787,1.3862496614456177,8.0,0.06229977682232857,0.06355302780866623,0.8952249884605408,-2.887449227273464e-06,-0.00873345322906971,2.166085720062256,,-0.0018599254544824362,-0.0006235699402168393,-0.005118194036185741,0.0297690536826849,,
180,model.layers.22.mlp.gate_proj.weight,3584,1024,0.00027901785714285713,0.00019980537763331085,2.9094691276550293,-0.0013485548552125692,0.17305205762386322,0.0009793569333851337,0.16265363991260529,0.2737792134284973,0.006899343337863684,0.5863694548606873,1.5257644653320312,2.685439767446951e-06,8.322705268859863,-0.0005702638882212341,8.460054232273251e-05,0.0005340182106010616,0.23677648603916168,0.22620399296283722,0.00947097409516573,0.4942542016506195,1.5122045278549194,,,,,,,,,,,,,0.26884889602661133,0.2687104046344757
180,model.layers.22.mlp.up_proj.weight,3584,1024,0.00027901785714285713,0.00023291863908525556,2.7041714191436768,-0.0008536537061445415,0.4094124734401703,0.0008076208760030568,0.178216814994812,0.28800415992736816,0.010824918746948242,0.5628300309181213,1.513534426689148,3.0060345324045556e-08,7.418491840362549,-1.5054960385896266e-05,8.607170457253233e-05,0.0007568166474811733,0.22777239978313446,0.2404491901397705,0.013736709952354431,0.5015186071395874,1.5022906064987183,,,,,,,,,,,,,,
180,model.layers.22.mlp.down_proj.weight,1024,3584,0.00027901785714285713,0.00040973498835228384,2.5023646354675293,-0.0009868219494819641,0.3907212018966675,0.00012643536319956183,0.10279104858636856,0.41943785548210144,0.0069648027420043945,0.5771902799606323,1.4823325872421265,1.610350430780727e-08,6.066718578338623,-1.8551145331002772e-05,8.799876377452165e-05,0.0001721960143186152,0.19839712977409363,0.290522962808609,0.009432367980480194,0.5627108216285706,1.4590409994125366,8.0,0.063704714179039,0.06761142611503601,0.8496490716934204,-1.1977772373938933e-05,-0.0036728072445839643,0.4476598799228668,,-0.0026594046503305435,-0.000674988841637969,0.0020235967822372913,0.12854352593421936,,
180,model.layers.1.linear_attn.in_proj_qkv.weight,6144,1024,0.00016276041666666666,0.00011320474732201546,2.2302725315093994,4.137238283874467e-05,0.49202316999435425,0.0008888088050298393,0.18830350041389465,0.2646563947200775,0.009815633296966553,0.5235657691955566,1.532809853553772,2.819998144332203e-06,10.808905601501465,-0.00013935410242993385,0.00012165171938249841,0.0004728940548375249,0.25155192613601685,0.22317123413085938,0.012014316394925117,0.506372332572937,1.5191545486450195,8.0,0.0699596107006073,0.06581933796405792,0.8635921478271484,-3.2980324249365367e-06,0.0007902709185145795,0.2653690576553345,-0.004173293420863357,0.0006304606213234365,-2.997520459757652e-05,-0.005941086448729038,0.05471113324165344,,
180,model.layers.1.linear_attn.out_proj.weight,1024,2048,0.00048828125,0.0004608267918229103,1.3522175550460815,4.405022264108993e-05,1.157865047454834,0.0005005711573176086,0.12483067810535431,0.36177077889442444,0.01549581903964281,0.5159611105918884,1.4400023221969604,1.0197215516427605e-07,8.788186073303223,-2.153434070351068e-05,6.860799476271495e-05,0.00029630077187903225,0.24112163484096527,0.24145416915416718,0.012723580002784729,0.5036858916282654,1.443238615989685,,,,,,,,,,,,,,
180,model.layers.12.linear_attn.in_proj_qkv.weight,6144,1024,0.00016276041666666666,6.653278978774324e-05,2.080875873565674,-0.00017232864047400653,0.534503698348999,0.00044374028220772743,0.16330373287200928,0.24628156423568726,0.00307024666108191,0.5929617881774902,1.5511274337768555,7.013397407718003e-06,8.954365730285645,0.000154186476720497,0.00011217381688766181,0.0003586065722629428,0.24746429920196533,0.22227174043655396,0.007881233468651772,0.507725179195404,1.5380619764328003,8.0,0.06482115387916565,0.0642506405711174,0.8629190921783447,1.4426143479795428e-07,-0.0011973450891673565,0.2129960060119629,,-0.0009634551242925227,-0.0005790640134364367,0.015899967402219772,0.10867583006620407,,
180,model.layers.12.linear_attn.out_proj.weight,1024,2048,0.00048828125,0.0003050811355933547,2.217320680618286,8.177482231985778e-05,0.7413972616195679,6.0528898757183924e-05,0.16841450333595276,0.3209918141365051,0.01842688024044037,0.5033572316169739,1.4239383935928345,6.393010920646702e-08,5.416304111480713,7.957447087392211e-05,6.569027027580887e-05,0.00011928588355658576,0.23117521405220032,0.2580108642578125,0.016676802188158035,0.5058160424232483,1.405916452407837,,,,,,,,,,,,,,
180,model.layers.21.linear_attn.in_proj_qkv.weight,6144,1024,0.00016276041666666666,0.00011562528379727155,2.994041919708252,0.0003775200748350471,0.14186832308769226,0.0008410981390625238,0.1770867556333542,0.24987539649009705,0.007057427428662777,0.5685224533081055,1.5434938669204712,1.0629604730638675e-05,8.64819049835205,-0.0001699817512417212,0.00011659710435196757,0.0005717635503970087,0.2350028157234192,0.2289421558380127,0.01074683666229248,0.5001021027565002,1.5290929079055786,8.0,0.06418799608945847,0.07149524986743927,0.8634489178657532,4.7006943759697606e-07,-3.7333644286263734e-05,0.023322422057390213,,-0.0038725626654922962,-0.000332108058501035,-0.0007512737065553665,0.04054226726293564,,
180,model.layers.21.linear_attn.out_proj.weight,1024,2048,0.00048828125,0.0003732863115146756,2.5006296634674072,-7.263939187396318e-05,0.240585058927536,0.0001434127043467015,0.15370963513851166,0.33583322167396545,0.011323034763336182,0.5132834315299988,1.4473499059677124,5.094246446901707e-08,3.8942298889160156,4.9664988182485104e-05,6.829869380453601e-05,0.00013082400255370885,0.21128225326538086,0.28003138303756714,0.008714327588677406,0.5381338000297546,1.4690574407577515,,,,,,,,,,,,,,
200,model.layers.7.self_attn.q_proj.weight,4096,1024,0.000244140625,0.00018928955250885338,2.0339062213897705,-0.0003201375366188586,0.26449668407440186,0.0018712574383243918,0.17617611587047577,0.2595372498035431,0.010889502242207527,0.5220032334327698,1.5376782417297363,1.6499520825163927e-06,7.7629899978637695,-0.0004192195483483374,9.164746734313667e-05,0.0004815954598598182,0.267728328704834,0.2025604099035263,0.010917670093476772,0.48693495988845825,1.5099226236343384,8.0,0.06439261883497238,0.0716690793633461,0.8833212852478027,1.1237641956540756e-05,-0.00038009166019037366,0.11788120120763779,,-0.0028553542215377092,-0.001589096267707646,0.007803385611623526,0.05829184874892235,0.2720813453197479,0.2736690640449524
200,model.layers.7.self_attn.k_proj.weight,512,1024,0.0009765625,0.0009545101202093065,3.037034273147583,5.947154022578616e-06,0.1796310544013977,0.0006742053083144128,0.1599208265542984,0.2469109147787094,0.021360786631703377,0.702224612236023,1.3320229053497314,3.047768970532161e-08,7.3308281898498535,7.404215921269497e-06,3.233912866562605e-05,0.00020868047431576997,0.2824589014053345,0.18560932576656342,0.015552093274891376,0.5062478184700012,1.3542096614837646,,,,,,,,,,,,,,
200,model.layers.7.self_attn.v_proj.weight,512,1024,0.0009765625,0.0007820294122211635,1.8776434659957886,0.0010973321041092277,0.3373038172721863,0.0003278228687122464,0.12979698181152344,0.24828630685806274,0.003815482137724757,0.7616974115371704,1.4575589895248413,6.589347378849197e-08,4.885777950286865,-2.9400127459666692e-05,3.245269545004703e-05,0.0005977752734906971,0.1824752241373062,0.2234790176153183,0.006804476957768202,0.6814207434654236,1.4294967651367188,,,,,,,,,,,,,,
200,model.layers.7.self_attn.o_proj.weight,1024,2048,0.00048828125,0.00021248293342068791,2.0936522483825684,0.00038361205952242017,0.5245909690856934,5.085052544018254e-05,0.15367832779884338,0.33767935633659363,0.01925256848335266,0.4949856102466583,1.4280575513839722,1.9389021588267497e-07,4.3689866065979,-2.6966710720444098e-05,6.534194108098745e-05,8.240916940849274e-05,0.19251318275928497,0.29132524132728577,0.016260186210274696,0.4690268337726593,1.4131698608398438,,,,,,,,,,,,,,
200,model.layers.15.self_attn.q_proj.weight,4096,1024,0.000244140625,0.00012912867532577366,3.287339925765991,8.938210521591827e-05,0.22692307829856873,0.00024273469171021134,0.22123223543167114,0.2247164249420166,0.0032408111728727818,0.4384179413318634,1.544984221458435,1.1460205087132636e-06,8.407506942749023,-0.00012044739560224116,9.31921458686702e-05,0.0006503710756078362,0.24875785410404205,0.22131596505641937,0.013560987077653408,0.45799773931503296,1.4993137121200562,8.0,0.08315720409154892,0.07335244119167328,0.8857915997505188,2.8736155854858225e-06,0.0021175032015889883,0.13058312237262726,0.0013570773273586753,0.006094879005104303,0.0022165148984640837,0.003962563816457987,0.05107158049941063,,
200,model.layers.15.self_attn.k_proj.weight,512,1024,0.0009765625,0.0009724361589178443,5.4039387702941895,6.636123998760013e-06,0.18776632845401764,8.834696200210601e-05,0.26539450883865356,0.22741107642650604,0.0038636846002191305,0.5346836447715759,1.469704270362854,5.175699158144198e-08,12.91181755065918,6.636430771322921e-05,3.266060593887232e-05,5.5248434364330024e-05,0.28673848509788513,0.20827597379684448,0.007067559286952019,0.4827035665512085,1.4417243003845215,,,,,,,,,,,,,,
200,model.layers.15.self_attn.v_proj.weight,512,1024,0.0009765625,0.0008588717319071293,1.962618112564087,-0.0004092631279490888,0.19041810929775238,0.0002429142186883837,0.19313901662826538,0.2617782950401306,0.006395602598786354,0.6400106549263,1.44545578956604,2.3749164768105402e-07,4.547616481781006,0.0002301232743775472,3.333185668452643e-05,0.00045207428047433496,0.1993338167667389,0.24425333738327026,0.0067171440459787846,0.6177207231521606,1.4130785465240479,,,,,,,,,,,,,0.2766050398349762,0.2669716477394104
200,model.layers.15.self_attn.o_proj.weight,1024,2048,0.00048828125,0.0004086860571987927,1.9414236545562744,-0.00013755937106907368,0.3325348198413849,2.538596345402766e-05,0.10152232646942139,0.4302680194377899,0.011743203736841679,0.5585293769836426,1.4303785562515259,4.06988419854315e-07,5.134679317474365,0.00021234364248812199,6.580635817954317e-05,0.00010295218089595437,0.1970849633216858,0.2918134033679962,0.021031884476542473,0.515519380569458,1.3961938619613647,,,,,,,,,,,,,,
200,model.layers.19.self_attn.q_proj.weight,4096,1024,0.000244140625,0.0001675440726103261,3.3465285301208496,0.00010143648978555575,0.1363171935081482,0.00047074712347239256,0.24365326762199402,0.20316056907176971,0.007228965871036053,0.39119505882263184,1.5307626724243164,1.7776114873413462e-06,8.298598289489746,8.675179560668766e-05,9.03038089745678e-05,0.0003169123665429652,0.24737730622291565,0.23076148331165314,0.016740707680583,0.4598117768764496,1.4847787618637085,8.0,0.07730183005332947,0.07723725587129593,0.8788599371910095,6.02527165938227e-07,0.0004055471799802035,0.046636469662189484,0.0014857141059830298,-0.0003963020571973175,0.0007051891880109906,-0.0011344917584210634,0.05373339727520943,,
200,model.layers.19.self_attn.k_proj.weight,512,1024,0.0009765625,0.0008651227690279484,3.67854380607605,5.911326297791675e-06,0.12057735025882721,0.0016062484355643392,0.2379383146762848,0.22500519454479218,0.020863529294729233,0.562009334564209,1.343108892440796,5.3132005461975496e-08,8.098979949951172,4.2770883737830445e-05,3.212159208487719e-05,0.0008861032547429204,0.2817482650279999,0.20097222924232483,0.019921932369470596,0.450209379196167,1.3292917013168335,,,,,,,,,,,,,,
200,model.layers.19.self_attn.v_proj.weight,512,1024,0.0009765625,0.0006707215216010809,1.5974372625350952,0.0026394801679998636,0.09618902206420898,0.0024423825088888407,0.11512493342161179,0.27556899189949036,0.011841430328786373,0.7210192680358887,1.4023874998092651,8.190422136067355e-07,3.977882146835327,-0.00010676064994186163,3.234554242226295e-05,0.000360190577339381,0.19214874505996704,0.2868534028530121,0.00699641415849328,0.625863254070282,1.4299402236938477,,,,,,,,,,,,,,
200,model.layers.19.self_attn.o_proj.weight,1024,2048,0.00048828125,0.0004521020164247602,1.4654790163040161,0.0008442696998827159,0.1798112690448761,4.468590850592591e-05,0.05966532975435257,0.489148885011673,0.00870266929268837,0.581975519657135,1.4585016965866089,9.256795578949095e-07,6.085592746734619,-0.00022803092724643648,6.582432251889259e-05,0.00011142800940433517,0.1780167669057846,0.3176576793193817,0.011118804104626179,0.588043212890625,1.4365026950836182,,,,,,,,,,,,,,
200,model.layers.1.mlp.gate_proj.weight,3584,1024,0.00027901785714285713,0.0002685996296349913,2.68837833404541,-0.00037923449417576194,0.2168647050857544,0.0004512380692176521,0.17709890007972717,0.29451629519462585,0.008890611119568348,0.5090245008468628,1.5140546560287476,3.505165864226001e-07,11.444328308105469,1.6704514564480633e-05,8.366462134290487e-05,0.0001532302121631801,0.2621825635433197,0.22430294752120972,0.009788130410015583,0.4938291311264038,1.5082545280456543,,,,,,,,,,,,,0.26420173048973083,0.2718072235584259
200,model.layers.1.mlp.up_proj.weight,3584,1024,0.00027901785714285713,0.00027041297289542854,2.488210916519165,0.00010442108032293618,0.36479121446609497,0.00020272607798688114,0.15639382600784302,0.3368884027004242,0.011835653334856033,0.511375367641449,1.5119976997375488,1.8735580198381285e-08,11.135571479797363,1.7271313481614925e-05,8.349944255314767e-05,0.00018744826957117766,0.255868524312973,0.23007048666477203,0.010356472805142403,0.49893587827682495,1.5083080530166626,,,,,,,,,,,,,,
200,model.layers.1.mlp.down_proj.weight,1024,3584,0.00027901785714285713,0.00027809198945760727,4.872668743133545,0.00010537301568547264,0.3482207655906677,0.0016671556513756514,0.19287985563278198,0.2730565369129181,0.01624119281768799,0.5347044467926025,1.4297056198120117,2.395064413462933e-08,12.215229034423828,-1.0417862540634815e-05,8.397657802561298e-05,0.0002778845955617726,0.23031529784202576,0.2527296543121338,0.014854136854410172,0.5087222456932068,1.4203588962554932,8.0,0.06177246570587158,0.06906859576702118,0.8993402123451233,-2.022686749114655e-05,-0.009261555969715118,0.6498343348503113,,-0.014542829245328903,-0.002950954018160701,-0.014722375199198723,0.03411361575126648,,
200,model.layers.12.mlp.gate_proj.weight,3584,1024,0.00027901785714285713,0.00018619763432070613,2.934882402420044,0.0009542944608256221,0.24471363425254822,0.0007610612665303051,0.1847940981388092,0.24348518252372742,0.00607351353392005,0.5745295286178589,1.5290278196334839,2.5044261064977036e-07,7.353389263153076,-0.00016047713870648295,8.73783792485483e-05,0.0005176854319870472,0.2569096088409424,0.21560615301132202,0.010579247958958149,0.498484343290329,1.50697922706604,,,,,,,,,,,,,,
200,model.layers.12.mlp.up_proj.weight,3584,1024,0.00027901785714285713,0.00028538494370877743,2.724463701248169,0.0004800771130248904,0.4000909626483917,0.00036851540789939463,0.21932357549667358,0.24818049371242523,0.00783373974263668,0.5064539313316345,1.518072485923767,1.0808175687770927e-08,6.6146063804626465,1.5583247659378685e-05,8.785959653323516e-05,0.00024543734616599977,0.2658936381340027,0.21088971197605133,0.009017972275614738,0.4926760792732239,1.5122084617614746,,,,,,,,,,,,,,
200,model.layers.12.mlp.down_proj.weight,1024,3584,0.00027901785714285713,0.00025480170734226704,5.5764970779418945,0.0005171675584279001,0.3854610025882721,0.00015934086695779115,0.2082567811012268,0.2793978154659271,0.022860491648316383,0.5103079676628113,1.3955351114273071,1.2590938958112474e-08,7.768115520477295,6.032583769410849e-06,8.769139822106808e-05,0.00015194019943010062,0.23984163999557495,0.24500799179077148,0.023152833804488182,0.47960221767425537,1.3794164657592773,8.0,0.07607178390026093,0.07589283585548401,0.8963302373886108,-7.284575531230075e-06,-0.0026401174254715443,0.7598098516464233,,-0.0038646659813821316,-0.0003973712446168065,0.003412902820855379,0.03463021293282509,,
200,model.layers.22.mlp.gate_proj.weight,3584,1024,0.00027901785714285713,0.0002646292850840837,3.0661423206329346,0.00068038230529055,0.07869002223014832,0.0009464312461204827,0.1822499781847,0.25614574551582336,0.006936177145689726,0.5519684553146362,1.5244628190994263,2.67012910626363e-06,7.7689409255981445,-0.00033705210080370307,8.221290045185015e-05,0.0009289777954109013,0.23215898871421814,0.22842548787593842,0.01035318709909916,0.501121461391449,1.506134033203125,,,,,,,,,,,,,0.30228692293167114,0.30641254782676697
200,model.layers.22.mlp.up_proj.weight,3584,1024,0.00027901785714285713,0.00022067462850827724,2.6984939575195312,-1.6489684639964253e-05,0.1847563087940216,0.0010442923521623015,0.17601190507411957,0.29085680842399597,0.012965882197022438,0.5676981806755066,1.51633882522583,4.908449824370109e-08,6.917852878570557,3.961727998103015e-05,8.370765863219276e-05,0.00039997449493966997,0.22522880136966705,0.24566616117954254,0.011298869736492634,0.5071058869361877,1.5078340768814087,,,,,,,,,,,,,,
200,model.layers.22.mlp.down_proj.weight,1024,3584,0.00027901785714285713,0.00033129844814538956,2.6760640144348145,-1.991149656532798e-05,0.16386635601520538,7.97140528447926e-05,0.11037158966064453,0.3980585038661957,0.0060765547677874565,0.5548290610313416,1.4545774459838867,2.675507637661667e-08,5.592432975769043,1.1353190529916901e-05,8.487562445225194e-05,0.0002035598736256361,0.20261165499687195,0.2824307382106781,0.009985426440834999,0.5518597960472107,1.4513312578201294,8.0,0.07908109575510025,0.07708736509084702,0.8422781229019165,2.6590569177642465e-06,0.0002224313502665609,0.19976669549942017,0.011954506028838302,0.002006053924560547,6.305872375378385e-05,6.804503937019035e-05,0.1171281561255455,,
200,model.layers.1.linear_attn.in_proj_qkv.weight,6144,1024,0.00016276041666666666,0.00010897950414801016,2.586634635925293,-0.00022838999575469643,0.1809152215719223,0.0005452919867821038,0.18648682534694672,0.2680586278438568,0.006988852750509977,0.5250826478004456,1.5375765562057495,4.195622750557959e-06,11.338048934936523,4.1186267480952665e-05,0.00011071444896515459,0.0004230863996781409,0.25583016872406006,0.222472682595253,0.01069285161793232,0.5011551976203918,1.5211775302886963,8.0,0.062254227697849274,0.06846398860216141,0.880249559879303,-4.454916961549316e-06,-0.0018806109437718987,0.0853971540927887,,-0.0008479208336211741,-0.0035658571869134903,-0.015026514418423176,0.04610167816281319,,
200,model.layers.1.linear_attn.out_proj.weight,1024,2048,0.00048828125,0.0002890804607886821,1.3550773859024048,0.00011112829815829173,0.4323769807815552,0.0004422810161486268,0.1207914724946022,0.37798193097114563,0.014699523337185383,0.5354945063591003,1.4395208358764648,3.2306920161317976e-07,10.214471817016602,-1.3324969359018723e-06,6.392781506292522e-05,0.0004876326129306108,0.23921337723731995,0.24130843579769135,0.01353776827454567,0.5089994072914124,1.4363993406295776,,,,,,,,,,,,,,
200,model.layers.12.linear_attn.in_proj_qkv.weight,6144,1024,0.00016276041666666666,6.875377584947273e-05,2.5151925086975098,0.0005548516055569053,0.23739275336265564,0.00053299346473068,0.15604020655155182,0.26171907782554626,0.0037106587551534176,0.6093891859054565,1.5516433715820312,6.035205387888709e-06,7.4571452140808105,-0.0002267717500217259,0.00011612167145358399,0.00027981732273474336,0.24478496611118317,0.22351759672164917,0.007666346151381731,0.5096120834350586,1.5336395502090454,8.0,0.06842862814664841,0.06886370480060577,0.8549935221672058,-1.2512500688899308e-06,-0.0020425445400178432,0.09034110605716705,,-0.000630502006970346,-0.0033889219630509615,-0.004151538480073214,0.086844302713871,,
200,model.layers.12.linear_attn.out_proj.weight,1024,2048,0.00048828125,0.0003033179382327944,2.3419299125671387,0.0006529014790430665,0.3278157711029053,6.689246947644278e-05,0.16629666090011597,0.32968494296073914,0.018823467195034027,0.5154241919517517,1.4243965148925781,5.695139293493412e-08,5.145875453948975,5.006034189136699e-05,6.668797868769616e-05,8.520718984073028e-05,0.23383621871471405,0.25360631942749023,0.020052537322044373,0.4970869719982147,1.3911956548690796,,,,,,,,,,,,,,
200,model.layers.21.linear_attn.in_proj_qkv.weight,6144,1024,0.00016276041666666666,0.00010287794430041686,3.3435726165771484,0.00014230383385438472,0.05798397213220596,0.0010240466799587011,0.17018599808216095,0.2669893801212311,0.0059444475919008255,0.6037247776985168,1.5476163625717163,1.3262502761790529e-05,8.382718086242676,-0.00022306111350189894,0.00010879107867367566,0.0009221393265761435,0.23597700893878937,0.22826436161994934,0.014268722385168076,0.4904067814350128,1.5144999027252197,8.0,0.08623696118593216,0.08652003854513168,0.8849490284919739,4.346249937725588e-08,6.352509808493778e-05,0.007088148035109043,0.0006841783907069814,0.0035817353054881096,0.0016122834058478475,-0.003879015566781163,0.04604215919971466,,
200,model.layers.21.linear_attn.out_proj.weight,1024,2048,0.00048828125,0.0003373594954609871,3.1098809242248535,-0.0011133481748402119,0.10780232399702072,0.00011102858843514696,0.1471758633852005,0.3612598776817322,0.006724557373672724,0.5518656373023987,1.4774205684661865,8.04654689545714e-08,4.05409049987793,7.308593194466084e-05,6.468222272815183e-05,9.820830018725246e-05,0.21477322280406952,0.2739003896713257,0.008289236575365067,0.5306311249732971,1.4632346630096436,,,,,,,,,,,,,,
220,model.layers.7.self_attn.q_proj.weight,4096,1024,0.000244140625,0.0001340882881777361,3.1566431522369385,-0.000246169714955613,0.2926701307296753,0.0006252283346839249,0.17837543785572052,0.2713174521923065,0.007269843947142363,0.5467450618743896,1.5338674783706665,1.0964985222017276e-06,9.090359687805176,-0.0001979926018975675,9.820488776313141e-05,0.0012142580235376954,0.2566906809806824,0.20613691210746765,0.013724535703659058,0.49804726243019104,1.5052908658981323,8.0,0.06766489148139954,0.0655747801065445,0.876481831073761,-6.136989213700872e-06,-0.0012673824094235897,0.13610577583312988,,-0.004572579171508551,-0.0008836336201056838,0.0008812781888991594,0.05930713191628456,0.2470923215150833,0.2408662587404251
220,model.layers.7.self_attn.k_proj.weight,512,1024,0.0009765625,0.001470652874559164,3.0238044261932373,2.067657533189049e-06,0.21730618178844452,0.003718169406056404,0.14862661063671112,0.2835337221622467,0.02365017682313919,0.7062958478927612,1.3055295944213867,3.446395169248717e-08,10.041702270507812,7.973370884428732e-06,3.446677510510199e-05,0.0003830564091913402,0.26997682452201843,0.1887156218290329,0.013799703679978848,0.5099375247955322,1.3797662258148193,,,,,,,,,,,,,,
220,model.layers.7.self_attn.v_proj.weight,512,1024,0.0009765625,0.0008925526053644717,2.107041120529175,0.0017938021337613463,0.37899765372276306,0.0003992008278146386,0.15044216811656952,0.2388944923877716,0.003598249750211835,0.7200027704238892,1.485658884048462,4.462304303842757e-08,4.592670917510986,-1.6368749129469506e-05,3.579180338419974e-05,0.00037143658846616745,0.17236009240150452,0.22477512061595917,0.007514504715800285,0.6886693835258484,1.428942322731018,,,,,,,,,,,,,,
220,model.layers.7.self_attn.o_proj.weight,1024,2048,0.00048828125,0.00021589377138298005,2.0745062828063965,0.0005521540879271924,0.6408803462982178,6.164082878967747e-05,0.1483692079782486,0.3485855758190155,0.018656035885214806,0.5147799253463745,1.4161982536315918,1.5549848342288897e-07,4.505233287811279,7.242803985718638e-05,6.966810906305909e-05,0.00011180174624314532,0.18616212904453278,0.2963341474533081,0.02078370191156864,0.4781758189201355,1.3988511562347412,,,,,,,,,,,,,,
220,model.layers.15.self_attn.q_proj.weight,4096,1024,0.000244140625,0.0001286187907680869,4.088608264923096,0.00030646167579106987,0.2782733142375946,0.00043912811088375747,0.22560079395771027,0.22234858572483063,0.004801690112799406,0.4205823242664337,1.5465151071548462,1.1892445854755351e-06,8.429281234741211,-3.1697221857029945e-05,9.68934255070053e-05,0.0005425887648016214,0.2557735741138458,0.2174406200647354,0.013621682301163673,0.4469648003578186,1.5069589614868164,8.0,0.0652046725153923,0.0697597786784172,0.877007782459259,-1.4131229590930161e-06,-0.0005101484130136669,0.15668287873268127,,-0.003452590899541974,-0.0004749822255689651,0.0044729337096214294,0.05828852951526642,,
220,model.layers.15.self_attn.k_proj.weight,512,1024,0.0009765625,0.0010306069161742926,5.148508548736572,-9.93866615317529e-06,0.22920559346675873,0.00011399322102079168,0.26578086614608765,0.22083595395088196,0.004684710409492254,0.5285938382148743,1.4620106220245361,4.005178055876968e-08,10.061549186706543,-1.5489365978282876e-05,3.4827964555006474e-05,3.6657143937190995e-05,0.2912096083164215,0.20390763878822327,0.008179395459592342,0.47018516063690186,1.4280352592468262,,,,,,,,,,,,,,
220,model.layers.15.self_attn.v_proj.weight,512,1024,0.0009765625,0.0008212658576667309,1.8625743389129639,-0.002419404685497284,0.23015154898166656,7.884747174102813e-05,0.1963520050048828,0.25286003947257996,0.005066903308033943,0.6450076103210449,1.445918083190918,2.2845530622817023e-07,4.826234340667725,0.0001300510484725237,3.410304634599015e-05,0.00020314072025939822,0.19512112438678741,0.2347104251384735,0.008042081259191036,0.6193960309028625,1.421179175376892,,,,,,,,,,,,,0.23300932347774506,0.2522851824760437
220,model.layers.15.self_attn.o_proj.weight,1024,2048,0.00048828125,0.0003764271386899054,1.708998680114746,-0.0007572510512545705,0.4436202645301819,2.8800279324059375e-05,0.09361378848552704,0.4455055892467499,0.007356872316449881,0.569800615310669,1.439340353012085,3.3129384746644064e-07,4.589865207672119,-0.00015888652706053108,6.731305620633066e-05,8.151056681526825e-05,0.19160741567611694,0.30213508009910583,0.019000528380274773,0.5292959809303284,1.4057565927505493,,,,,,,,,,,,,,
220,model.layers.19.self_attn.q_proj.weight,4096,1024,0.000244140625,0.0001748688955558464,3.3689370155334473,-0.0002571420918684453,0.16770167648792267,0.0004554994811769575,0.22592337429523468,0.23450496792793274,0.007885163649916649,0.435017853975296,1.529701828956604,1.4626122037952882e-06,8.449958801269531,2.515764208510518e-06,9.325930295744911e-05,0.0006685109110549092,0.24872758984565735,0.22661460936069489,0.02010279707610607,0.45263803005218506,1.4865614175796509,8.0,0.06137515977025032,0.06589192152023315,0.8616671562194824,-4.986463864042889e-07,-0.00030845653964206576,0.0548306442797184,,-0.0039924574084579945,-0.0016238709213212132,-0.016503309831023216,0.07455029338598251,,
220,model.layers.19.self_attn.k_proj.weight,512,1024,0.0009765625,0.001099389628507197,4.106322288513184,-5.303782472765306e-06,0.1618916243314743,0.0003050753439310938,0.2571079134941101,0.2112167924642563,0.012380790896713734,0.5584927201271057,1.3821871280670166,3.9569453491594686e-08,9.80915641784668,1.9371145754121244e-06,3.3045216696336865e-05,0.0006308226729743183,0.29416823387145996,0.19194428622722626,0.018589185550808907,0.4462341070175171,1.3113932609558105,,,,,,,,,,,,,,
220,model.layers.19.self_attn.v_proj.weight,512,1024,0.0009765625,0.000653478316962719,1.597104549407959,-0.0011649944353848696,0.12916092574596405,0.0008103778818622231,0.1354842185974121,0.28157755732536316,0.004332342650741339,0.696355402469635,1.4401086568832397,8.803090736364538e-07,4.261241436004639,-3.4978911571670324e-05,3.3001022529788315e-05,0.00014166133769322187,0.18048664927482605,0.30155816674232483,0.00589204765856266,0.646199643611908,1.4417715072631836,,,,,,,,,,,,,,
220,model.layers.19.self_attn.o_proj.weight,1024,2048,0.00048828125,0.00036981343873776495,1.3692679405212402,-0.0003565268125385046,0.2538415789604187,8.396259363507852e-05,0.05727297067642212,0.5239487886428833,0.009281238541007042,0.6193013191223145,1.452911376953125,8.507911388733191e-07,5.933905601501465,-0.00010834903514478356,6.62841193843633e-05,0.00011723723582690582,0.17444831132888794,0.3261188566684723,0.011117992922663689,0.5941816568374634,1.4492113590240479,,,,,,,,,,,,,,
220,model.layers.1.mlp.gate_proj.weight,3584,1024,0.00027901785714285713,0.00042979829595424235,3.03702974319458,0.0010232183849439025,0.2571726143360138,0.00024340215895790607,0.17543324828147888,0.30422982573509216,0.007036522496491671,0.5254166722297668,1.5230474472045898,1.4294752759269613e-07,10.609649658203125,-0.0001048580088536255,9.535572462482378e-05,0.0001500926591688767,0.2611352801322937,0.22686569392681122,0.009207247756421566,0.49781641364097595,1.5120596885681152,,,,,,,,,,,,,0.2352958768606186,0.23021981120109558
220,model.layers.1.mlp.up_proj.weight,3584,1024,0.00027901785714285713,0.00021715999173466116,2.801279067993164,0.001400688081048429,0.4321751594543457,0.00015542717301286757,0.16670411825180054,0.3201126754283905,0.009175905957818031,0.503375232219696,1.5125629901885986,6.108793471071294e-09,10.014789581298828,-1.060399335983675e-05,9.52058398979716e-05,0.00021019075938966125,0.2550521194934845,0.23168572783470154,0.011249665170907974,0.503029465675354,1.5095036029815674,,,,,,,,,,,,,,
220,model.layers.1.mlp.down_proj.weight,1024,3584,0.00027901785714285713,0.00025785836623981595,5.243887901306152,0.001399893662892282,0.4298572838306427,0.00032639296841807663,0.19003936648368835,0.2820378839969635,0.01070319302380085,0.5478011965751648,1.4487007856369019,6.509234395934982e-08,11.394181251525879,-5.155382677912712e-05,9.55704745138064e-05,0.00029860521317459643,0.23335757851600647,0.25081488490104675,0.013077475130558014,0.5027902126312256,1.4329365491867065,8.0,0.057407692074775696,0.05854738876223564,0.9026058316230774,7.526161425630562e-06,0.0001281934673897922,0.6518646478652954,0.05870939899570776,0.001982058398425579,-1.180506751552457e-05,-0.0019502766663208604,0.037841733545064926,,
220,model.layers.12.mlp.gate_proj.weight,3584,1024,0.00027901785714285713,0.00019410529057495296,3.1341030597686768,0.00024500381550751626,0.3009026050567627,0.000498267647344619,0.19076159596443176,0.24167704582214355,0.005102931521832943,0.5672011375427246,1.5323333740234375,1.3200039461480628e-07,6.219401836395264,-0.0001750791270751506,9.307557047577575e-05,0.0002456120273564011,0.25697001814842224,0.21386335790157318,0.008823640644550323,0.4990072250366211,1.5113130807876587,,,,,,,,,,,,,,
220,model.layers.12.mlp.up_proj.weight,3584,1024,0.00027901785714285713,0.00029496551724150777,2.971672534942627,0.00034627047716639936,0.49219197034835815,0.0004522102535702288,0.22323676943778992,0.2466098815202713,0.00789920799434185,0.5054035186767578,1.5131186246871948,6.117323536614094e-09,5.874414920806885,6.524617219838547e-07,9.280013182433322e-05,0.0004415471339598298,0.26682448387145996,0.2076868861913681,0.010331290774047375,0.4905354678630829,1.5053002834320068,,,,,,,,,,,,,,
220,model.layers.12.mlp.down_proj.weight,1024,3584,0.00027901785714285713,0.000244595343247056,6.426996231079102,0.00036274560261517763,0.483458936214447,0.0001350592792732641,0.21316620707511902,0.2761757969856262,0.020754164084792137,0.5062437653541565,1.393386960029602,6.623499526625665e-09,5.732791900634766,5.846771728101885e-06,9.3610848125536e-05,0.00017853197641670704,0.24010923504829407,0.24373872578144073,0.02231181226670742,0.4818549156188965,1.3683056831359863,8.0,0.06353100389242172,0.06385935097932816,0.8943557143211365,-1.1801133950939402e-05,-0.004275531508028507,0.8628014922142029,,-0.0006621767533943057,-0.0008078516693785787,0.006223445292562246,0.033563416451215744,,
220,model.layers.22.mlp.gate_proj.weight,3584,1024,0.00027901785714285713,0.00024424068396911025,3.220982789993286,0.00013062484504189342,0.10160068422555923,0.0007001443882472813,0.17991559207439423,0.2614407241344452,0.006678612902760506,0.5578691959381104,1.5249727964401245,2.774424046947388e-06,8.073427200317383,5.8697267377283424e-05,8.44459718791768e-05,0.0008874837076291442,0.22957560420036316,0.2301424890756607,0.011156381107866764,0.506023108959198,1.5003247261047363,,,,,,,,,,,,,0.23525884747505188,0.2378695011138916
220,model.layers.22.mlp.up_proj.weight,3584,1024,0.00027901785714285713,0.00022069782426115125,3.2644362449645996,0.0002550586941652,0.23071570694446564,0.0006448455969803035,0.1803440898656845,0.2919357120990753,0.013340512290596962,0.567171037197113,1.5119527578353882,3.5815073573530753e-08,7.013143062591553,3.919025766663253e-05,8.619939035270363e-05,0.0004120594821870327,0.2209227979183197,0.24807171523571014,0.011256484314799309,0.5122177600860596,1.5053552389144897,,,,,,,,,,,,,,
220,model.layers.22.mlp.down_proj.weight,1024,3584,0.00027901785714285713,0.0003693935868795961,2.6804211139678955,0.000286270136712119,0.22322256863117218,0.00018582100165076554,0.11399717628955841,0.38293254375457764,0.00931068230420351,0.5329529643058777,1.4621295928955078,1.4323084940315312e-08,5.475559711456299,1.448831335437717e-05,8.785301179159433e-05,0.0002739880292210728,0.20087812840938568,0.2823024392127991,0.010433833114802837,0.5480256676673889,1.4600858688354492,8.0,0.06334400922060013,0.06826496124267578,0.8421295881271362,2.8965764613531064e-06,0.0006027785129845142,0.189363032579422,0.00480537444344424,-0.003405217779800296,0.0004074212338309735,-0.0020411976147443056,0.11254794895648956,,
220,model.layers.1.linear_attn.in_proj_qkv.weight,6144,1024,0.00016276041666666666,9.567847882863134e-05,2.3828654289245605,-9.423882147530094e-06,0.22356091439723969,0.00031060486799106,0.19044175744056702,0.2540523111820221,0.0055672661401331425,0.4993194043636322,1.5379830598831177,2.4466578452120302e-06,9.531575202941895,3.494173870421946e-05,0.00012463945313356817,0.00025539251510053873,0.25380539894104004,0.2215905636548996,0.008795585483312607,0.5078526735305786,1.5290206670761108,8.0,0.05818236991763115,0.055933330208063126,0.888746976852417,-2.5853444185486296e-07,0.00026216224068775773,0.07567206025123596,-0.0009861620085967469,0.004667277913540602,0.0007718669949099422,-0.009242700412869453,0.04447808861732483,,
220,model.layers.1.linear_attn.out_proj.weight,1024,2048,0.00048828125,0.0002410181041341275,1.3771252632141113,-0.00038979414966888726,0.5089375972747803,0.0005495427758432925,0.12246279418468475,0.3652304708957672,0.01742805913090706,0.5219523310661316,1.4331352710723877,2.759832113952143e-07,9.174001693725586,8.255700231529772e-05,7.133067992981523e-05,0.00031076703453436494,0.23943908512592316,0.2433278113603592,0.013190023601055145,0.5109461545944214,1.4460500478744507,,,,,,,,,,,,,,
220,model.layers.12.linear_attn.in_proj_qkv.weight,6144,1024,0.00016276041666666666,6.724116974510252e-05,2.5212464332580566,0.00014196634583640844,0.28911149501800537,0.0005333458539098501,0.16017164289951324,0.2615397274494171,0.003786159912124276,0.5968517065048218,1.5530532598495483,4.732709385280032e-06,7.78387451171875,-0.00034145914833061397,0.00012012379011139274,0.00031152646988630295,0.24704234302043915,0.21953178942203522,0.008723030798137188,0.5098276138305664,1.5326728820800781,8.0,0.06774532794952393,0.06704030185937881,0.8524866700172424,-5.429794782685349e-07,0.0004255876410752535,0.10020720958709717,-0.001275834695050564,0.00028597319032996893,0.00010305242176400498,-0.0012986945221200585,0.08372344821691513,,
220,model.layers.12.linear_attn.out_proj.weight,1024,2048,0.00048828125,0.00027886612224392593,2.5711820125579834,-0.00011351429566275328,0.4088829755783081,4.778862785315141e-05,0.1644018441438675,0.3377165198326111,0.015829995274543762,0.5325932502746582,1.4169858694076538,5.1162064806931085e-08,4.491664409637451,-9.22182880458422e-05,6.95866474416107e-05,0.00014220719458535314,0.23530305922031403,0.24975669384002686,0.024726977571845055,0.4908246695995331,1.3908052444458008,,,,,,,,,,,,,,
220,model.layers.21.linear_attn.in_proj_qkv.weight,6144,1024,0.00016276041666666666,0.00010583414405118674,3.138108015060425,0.0002543812443036586,0.07457324117422104,0.0006898518186062574,0.17189103364944458,0.26142629981040955,0.005275095347315073,0.5817360281944275,1.5457853078842163,1.1093502507719677e-05,9.120142936706543,0.0002443129778839648,0.00011547226313268766,0.0006209546118043363,0.23379258811473846,0.23243702948093414,0.010589431039988995,0.49832645058631897,1.5299217700958252,8.0,0.06401202082633972,0.0734676793217659,0.8608554601669312,-1.5460040003745235e-07,-2.4242050130851567e-05,0.00787656381726265,,-0.00130939029622823,-0.0006100732716731727,-0.0032937072683125734,0.04838116839528084,,
220,model.layers.21.linear_attn.out_proj.weight,1024,2048,0.00048828125,0.00036634941352531314,2.7423384189605713,0.000498048379085958,0.13981035351753235,0.00017865412519313395,0.14796237647533417,0.352943480014801,0.009294498711824417,0.5387275815010071,1.4710460901260376,1.0221660318165959e-07,4.244025230407715,-3.791767085203901e-05,6.716844654874876e-05,8.792219159658998e-05,0.2165442556142807,0.2721579372882843,0.007605055812746286,0.5314052104949951,1.4641927480697632,,,,,,,,,,,,,,
240,model.layers.7.self_attn.q_proj.weight,4096,1024,0.000244140625,0.00010462683712830767,2.803229331970215,0.0003570860717445612,0.5388928055763245,0.0007867558160796762,0.17245715856552124,0.26046523451805115,0.007338613737374544,0.555768609046936,1.5340585708618164,1.8025634744844865e-06,7.896590232849121,-0.0006707405555061996,9.266847337130457e-05,0.0007533456082455814,0.258950412273407,0.20627902448177338,0.011653684079647064,0.49802932143211365,1.5092030763626099,8.0,0.07567168772220612,0.08065798133611679,0.7173416018486023,-3.147550160065293e-05,-0.030066683888435364,0.8735195398330688,,-0.024975532665848732,-0.01805998384952545,-0.016725871711969376,0.05753795802593231,0.2683109939098358,0.27578264474868774
240,model.layers.7.self_attn.k_proj.weight,512,1024,0.0009765625,0.0011284895008429885,4.3436503410339355,2.7859599867952056e-05,0.3831471800804138,0.0012543367920443416,0.17095185816287994,0.24813798069953918,0.021370824426412582,0.6774614453315735,1.3374712467193604,4.037719492089309e-08,7.008797645568848,5.3712378758064006e-06,3.316185757284984e-05,0.00044815498404204845,0.26852843165397644,0.19074787199497223,0.016926588490605354,0.5180110931396484,1.342228889465332,,,,,,,,,,,,,,
240,model.layers.7.self_attn.v_proj.weight,512,1024,0.0009765625,0.0008358684717677534,2.0808212757110596,-0.00038773383130319417,0.6678825616836548,0.0002908401656895876,0.13913318514823914,0.25134536623954773,0.0031139368657022715,0.725186288356781,1.4769476652145386,6.129707941227025e-08,5.2351274490356445,-1.4780049241380766e-05,3.227124034310691e-05,0.00046663073590025306,0.17476238310337067,0.22715234756469727,0.006670756731182337,0.690294623374939,1.4359313249588013,,,,,,,,,,,,,,
240,model.layers.7.self_attn.o_proj.weight,1024,2048,0.00048828125,0.00024906473117880523,2.038963794708252,-0.00011436972272349522,1.0845286846160889,4.969762812834233e-05,0.15866632759571075,0.32657432556152344,0.02313103713095188,0.48823946714401245,1.407992959022522,1.8634165144248982e-07,4.843087673187256,2.589488030935172e-05,6.360890256473795e-05,0.00012459809659048915,0.19154763221740723,0.2839009761810303,0.023968806490302086,0.4554048180580139,1.404739260673523,,,,,,,,,,,,,,
240,model.layers.15.self_attn.q_proj.weight,4096,1024,0.000244140625,0.00013504041999112815,2.509748697280884,-0.00028432856197468936,0.4176633954048157,0.00021339299564715475,0.22218623757362366,0.22015364468097687,0.003171438118442893,0.43577903509140015,1.5466833114624023,1.9112831068923697e-06,7.922192096710205,-6.950621900614351e-05,8.77117709023878e-05,0.000529373821336776,0.25013914704322815,0.2238549143075943,0.012939023785293102,0.4596821963787079,1.5091527700424194,8.0,0.09449547529220581,0.09048561006784439,0.7807477116584778,1.2288921425351873e-05,0.010505717247724533,0.6180273294448853,0.0011697365477843572,0.005754092708230019,0.0041856770403683186,0.007542200852185488,0.05731493979692459,,
240,model.layers.15.self_attn.k_proj.weight,512,1024,0.0009765625,0.0010994024341925979,2.948319435119629,-9.334672540717293e-06,0.38283973932266235,0.0002627169596962631,0.21948066353797913,0.23916476964950562,0.003385740565136075,0.611785352230072,1.4570153951644897,4.97585226355568e-08,8.97806167602539,-2.5343653760501184e-05,3.2095296774059534e-05,6.598818436032161e-05,0.2752402722835541,0.2094941884279251,0.0072344462387263775,0.499676376581192,1.4372278451919556,,,,,,,,,,,,,,
240,model.layers.15.self_attn.v_proj.weight,512,1024,0.0009765625,0.0008782256045378745,1.5307737588882446,0.002412742469459772,0.38150954246520996,8.944157889345661e-05,0.1605025976896286,0.2805623710155487,0.00916074775159359,0.6900807619094849,1.42807137966156,3.617888069129549e-07,5.031221866607666,0.000328052876284346,3.096820000791922e-05,0.0005282825441099703,0.20755717158317566,0.23346109688282013,0.008066692389547825,0.6055892109870911,1.4161434173583984,,,,,,,,,,,,,0.2889280617237091,0.26126205921173096
240,model.layers.15.self_attn.o_proj.weight,1024,2048,0.00048828125,0.0004335289413575083,1.6923660039901733,0.0008763035293668509,0.6302093863487244,4.4895477913087234e-05,0.08991822600364685,0.438123881816864,0.03590839356184006,0.5593992471694946,1.4229458570480347,5.069559847470373e-07,5.4518632888793945,0.00017238955479115248,6.119804311310872e-05,8.451638859696686e-05,0.19608275592327118,0.29462119936943054,0.01869978755712509,0.518282413482666,1.4030342102050781,,,,,,,,,,,,,,
240,model.layers.19.self_attn.q_proj.weight,4096,1024,0.000244140625,0.00015688333951402456,3.192704677581787,0.00028490432305261493,0.2358660250902176,0.0006814326043240726,0.24518591165542603,0.20920446515083313,0.008384296670556068,0.4058681130409241,1.5326355695724487,1.9876322312484263e-06,8.649287223815918,0.00016640641842968762,8.849116420606151e-05,0.00036573823308572173,0.24675147235393524,0.22848597168922424,0.019748598337173462,0.45721694827079773,1.481649398803711,8.0,0.09103921055793762,0.08716340363025665,0.760381817817688,-2.1193918655626476e-06,-0.001395044382661581,0.24509280920028687,,-0.0003949453239329159,-0.0008977859979495406,-0.007402351126074791,0.03371821343898773,,
240,model.layers.19.self_attn.k_proj.weight,512,1024,0.0009765625,0.0011209218064323068,3.3283252716064453,-5.540884558286052e-06,0.26150867342948914,0.0003426291805226356,0.24749217927455902,0.22020967304706573,0.010388697497546673,0.5762144923210144,1.3613632917404175,5.6815252946762484e-08,8.895533561706543,-6.770620530005544e-05,3.205364555469714e-05,0.0007624115678481758,0.2884143590927124,0.20121318101882935,0.019721265882253647,0.4487096965312958,1.3109440803527832,,,,,,,,,,,,,,
240,model.layers.19.self_attn.v_proj.weight,512,1024,0.0009765625,0.0008184369653463364,1.6730899810791016,-0.0017410407308489084,0.17299725115299225,0.0010439039906486869,0.14900247752666473,0.253665953874588,0.005283480044454336,0.6745842099189758,1.4466785192489624,1.2970225498065702e-06,4.635116100311279,4.94735904794652e-05,3.0422621421166696e-05,0.00019858770247083157,0.19666022062301636,0.28256773948669434,0.0066238883882761,0.6248583197593689,1.4392160177230835,,,,,,,,,,,,,,
240,model.layers.19.self_attn.o_proj.weight,1024,2048,0.00048828125,0.0005139829590916634,1.5068309307098389,-0.0005582720623351634,0.3219602406024933,5.850466186529957e-05,0.0716705396771431,0.46936407685279846,0.01000222284346819,0.5797345042228699,1.456581473350525,1.465551008550392e-06,7.281790733337402,3.374274092493579e-05,6.169715197756886e-05,9.022928861668333e-05,0.18831072747707367,0.3061819076538086,0.010709465481340885,0.5723656415939331,1.4556320905685425,,,,,,,,,,,,,,
240,model.layers.1.mlp.gate_proj.weight,3584,1024,0.00027901785714285713,0.00024548431974835694,2.6530330181121826,-0.0009210749412886798,0.622779905796051,0.00016641104593873024,0.18589690327644348,0.3031269907951355,0.005925803445279598,0.5310155153274536,1.5198590755462646,3.239601937821135e-07,12.027920722961426,6.353385106194764e-05,8.67099515744485e-05,0.00011192356032552198,0.2571326196193695,0.2284858673810959,0.009082891047000885,0.5035353899002075,1.50830078125,,,,,,,,,,,,,0.2643008828163147,0.2618929445743561
240,model.layers.1.mlp.up_proj.weight,3584,1024,0.00027901785714285713,0.0004328537324909121,2.454322099685669,-0.0004186755104456097,1.0228161811828613,0.0001406656374456361,0.16930057108402252,0.3071421980857849,0.0078041632659733295,0.4886153042316437,1.5149980783462524,1.0191941512971425e-08,11.421783447265625,1.3680802112503443e-05,8.650886593386531e-05,0.00014369143173098564,0.2567404508590698,0.2284059375524521,0.009564866311848164,0.4986944794654846,1.5098692178726196,,,,,,,,,,,,,,
240,model.layers.1.mlp.down_proj.weight,1024,3584,0.00027901785714285713,0.00028522423235699534,3.9892256259918213,-0.00043310486944392323,0.9857960939407349,0.001377857755869627,0.19994300603866577,0.26232069730758667,0.016705144196748734,0.5102458000183105,1.4240554571151733,7.21537176673337e-08,13.418007850646973,4.1494200559100136e-05,8.641665044706315e-05,0.00018911190272774547,0.2336561679840088,0.25001344084739685,0.014245416037738323,0.500472903251648,1.4317569732666016,8.0,0.07926703989505768,0.08035393059253693,0.7006571888923645,-0.0002509750775061548,-0.25945815443992615,6.964080333709717,,-0.017107883468270302,-0.02352418750524521,0.008962060324847698,0.058162569999694824,,
240,model.layers.12.mlp.gate_proj.weight,3584,1024,0.00027901785714285713,0.0002055144723271951,2.3894143104553223,0.0005855263443663716,0.4856712222099304,0.0006211517029441893,0.1935337632894516,0.23467934131622314,0.00521385483443737,0.5648699402809143,1.5311329364776611,2.873121616175922e-07,7.556089401245117,-7.498622289858758e-05,8.257770969066769e-05,0.00028544283122755587,0.25876620411872864,0.21399524807929993,0.008455662056803703,0.49628984928131104,1.5166304111480713,,,,,,,,,,,,,,
240,model.layers.12.mlp.up_proj.weight,3584,1024,0.00027901785714285713,0.0002657803997863084,1.9837665557861328,0.00025553780142217875,0.8660429120063782,0.0006508557125926018,0.20184634625911713,0.2524584233760834,0.008736664429306984,0.5544397234916687,1.5129766464233398,1.4931485381453058e-08,7.015707969665527,-2.1571770048467442e-05,8.236296707764268e-05,0.00020426238188520074,0.2642296552658081,0.2128748893737793,0.009269637987017632,0.4943971037864685,1.5144227743148804,,,,,,,,,,,,,,
240,model.layers.12.mlp.down_proj.weight,1024,3584,0.00027901785714285713,0.00024206256784964353,3.6143081188201904,0.00030275239259935915,0.742193341255188,0.0001243178267031908,0.2205483764410019,0.2631112039089203,0.02636079303920269,0.4813537895679474,1.393532633781433,1.9944858209441918e-08,8.82726001739502,-6.939283139217878e-06,8.154781971825287e-05,0.00013675822992809117,0.24078644812107086,0.24452361464500427,0.022434722632169724,0.47866329550743103,1.3714470863342285,8.0,0.0917210653424263,0.08342422544956207,0.7897544503211975,9.907489584293216e-07,-0.01747988536953926,3.8740155696868896,,-0.00021494513202924281,-0.0014765143860131502,0.01449622493237257,0.041314154863357544,,
240,model.layers.22.mlp.gate_proj.weight,3584,1024,0.00027901785714285713,0.00027947218040935695,3.1322414875030518,-0.00037344289012253284,0.13097578287124634,0.001064121606759727,0.17350691556930542,0.26695409417152405,0.007238072343170643,0.5614644289016724,1.529650330543518,2.807287728501251e-06,8.338172912597656,-0.00011024063860531896,8.077068923739716e-05,0.0005886511644348502,0.2337498813867569,0.22826439142227173,0.009530728682875633,0.4993216097354889,1.5105047225952148,,,,,,,,,,,,,0.2693437933921814,0.26177939772605896
240,model.layers.22.mlp.up_proj.weight,3584,1024,0.00027901785714285713,0.00021333280892577022,2.750030994415283,-0.00034553566365502775,0.31732645630836487,0.000820397341158241,0.1739867776632309,0.29052117466926575,0.011234904639422894,0.5512102246284485,1.510109543800354,9.178048543390105e-08,7.474971294403076,4.726181578007527e-05,8.03100410848856e-05,0.00034351550857536495,0.2251545488834381,0.24395185708999634,0.01136340107768774,0.502898097038269,1.5057976245880127,,,,,,,,,,,,,,
240,model.layers.22.mlp.down_proj.weight,1024,3584,0.00027901785714285713,0.00041202831198461354,3.027101516723633,-0.0004373530391603708,0.27895036339759827,0.00021500598813872784,0.11751111596822739,0.39401647448539734,0.006822198163717985,0.5600891709327698,1.4742239713668823,4.6021060740031317e-08,5.178999900817871,3.3602216717554256e-05,8.196121780201793e-05,0.00023997911193873733,0.19953665137290955,0.28525635600090027,0.00985658634454012,0.5536773204803467,1.462517261505127,8.0,0.08549641072750092,0.08120889216661453,0.7936582565307617,1.6901207345654257e-05,0.0064942492172122,0.6682310700416565,0.0026024882600531726,0.002550921868532896,0.001379577093757689,0.007800409570336342,0.11306513100862503,,
240,model.layers.1.linear_attn.in_proj_qkv.weight,6144,1024,0.00016276041666666666,0.00011129319318570197,2.3108160495758057,-0.0001800306636141613,0.5584343671798706,0.0005850844900123775,0.1980668157339096,0.2521839439868927,0.007325019221752882,0.5045657753944397,1.5353825092315674,4.195322162559023e-06,10.905891418457031,0.0004145599959883839,0.00011310915579088032,0.0003009930078405887,0.25317299365997314,0.2242317646741867,0.009072277694940567,0.502101719379425,1.5298868417739868,8.0,0.07703589648008347,0.0790073350071907,0.6282520294189453,-4.567734868032858e-05,-0.05401996150612831,1.0958877801895142,,-0.0391707681119442,-0.03363426402211189,0.030030207708477974,0.1327635943889618,,
240,model.layers.1.linear_attn.out_proj.weight,1024,2048,0.00048828125,0.00015916551637928933,1.3543936014175415,0.00017691115499474108,1.232787013053894,0.0002540464047342539,0.1347334086894989,0.354929119348526,0.01030405331403017,0.5108250379562378,1.4491701126098633,1.9512197013682453e-07,10.891243934631348,-7.822210318408906e-05,6.469889922300354e-05,0.0002593068056739867,0.2443622201681137,0.2387433499097824,0.011938799172639847,0.5017490983009338,1.4560844898223877,,,,,,,,,,,,,,
240,model.layers.12.linear_attn.in_proj_qkv.weight,6144,1024,0.00016276041666666666,6.245596887310967e-05,2.037980318069458,0.00016058067558333278,0.5016610622406006,0.00044628867181017995,0.16473492980003357,0.24490679800510406,0.002999087329953909,0.5932605266571045,1.550108551979065,7.486596132366685e-06,8.074922561645508,0.00020328236860223114,0.00010782734170788899,0.00040926295332610607,0.2449636161327362,0.22382137179374695,0.00858333334326744,0.5121244788169861,1.5339205265045166,8.0,0.08902207762002945,0.08829227834939957,0.7448694705963135,2.909127033490222e-06,-0.0011383967939764261,0.4964751601219177,,0.0019266746239736676,-0.0013349734945222735,0.00944788008928299,0.10419466346502304,,
240,model.layers.12.linear_attn.out_proj.weight,1024,2048,0.00048828125,0.0002720214833971113,2.0621442794799805,8.283612260129303e-05,0.6542387008666992,7.745497714495286e-05,0.17228321731090546,0.31269335746765137,0.021387770771980286,0.48835018277168274,1.4154057502746582,8.503629800316048e-08,6.0146636962890625,1.5526289644185454e-05,6.17404657532461e-05,0.00015388420433737338,0.23361524939537048,0.2523569166660309,0.0239105187356472,0.49286341667175293,1.3851089477539062,,,,,,,,,,,,,,
240,model.layers.21.linear_attn.in_proj_qkv.weight,6144,1024,0.00016276041666666666,8.619907021056861e-05,2.938859224319458,-0.0002724411606322974,0.09901127964258194,0.0007583731785416603,0.1692562848329544,0.27027592062950134,0.005828318651765585,0.60543292760849,1.543684959411621,1.429434723831946e-05,9.181082725524902,0.00015185223310254514,0.00010515534813748673,0.0005789630813524127,0.23402956128120422,0.23165322840213776,0.011938279494643211,0.4933127164840698,1.523635745048523,8.0,0.07918447256088257,0.06891021877527237,0.8267887234687805,-1.6718675510674075e-07,-0.00031789462082087994,0.022025268524885178,,0.0007641785778105259,-0.005859185475856066,-0.002233231673017144,0.04962605610489845,,
240,model.layers.21.linear_attn.out_proj.weight,1024,2048,0.00048828125,0.0003555551520548761,2.98968505859375,-0.0004189155879430473,0.18132592737674713,0.0003051401290576905,0.15371806919574738,0.3425436317920685,0.011336964555084705,0.5318283438682556,1.464367389678955,1.480766655959087e-07,4.871585845947266,-8.985422027762979e-05,6.132538692327216e-05,0.00011879906378453597,0.2189704179763794,0.2704421579837799,0.00912477821111679,0.5314515233039856,1.461889624595642,,,,,,,,,,,,,,
260,model.layers.7.self_attn.q_proj.weight,4096,1024,0.000244140625,0.00013361287710722536,2.589977979660034,-0.00044323026668280363,0.3924834430217743,0.0004907541442662477,0.18561694025993347,0.25925207138061523,0.0060344273224473,0.5273289680480957,1.536249041557312,1.6417097867815755e-06,8.206501960754395,0.00020451430464163423,9.468256757827476e-05,0.00030392498592846096,0.2597833573818207,0.2048276662826538,0.00992225669324398,0.5007473230361938,1.5173810720443726,8.0,0.05581486597657204,0.05255220830440521,0.8878768086433411,-4.038138285977766e-07,0.0005613198736682534,0.47238966822624207,-0.0007194005549079049,-0.0009668103302828968,4.177257505943999e-05,0.00024531097733415663,0.04716439172625542,0.272997111082077,0.27903467416763306
260,model.layers.7.self_attn.k_proj.weight,512,1024,0.0009765625,0.0008789243292994797,2.541863203048706,-2.7419160687713884e-05,0.287650465965271,0.0004951893934048712,0.15514151751995087,0.2384442389011383,0.02364017255604267,0.711928129196167,1.3369096517562866,3.394752923213673e-08,7.848796367645264,-3.831172944046557e-05,3.4698296076385304e-05,0.0004015294834971428,0.25608015060424805,0.20074553787708282,0.015503724105656147,0.534473717212677,1.3626817464828491,,,,,,,,,,,,,,
260,model.layers.7.self_attn.v_proj.weight,512,1024,0.0009765625,0.0007691438659094274,1.6024882793426514,-0.0017820734065026045,0.6286128163337708,0.0002576430852059275,0.1196136623620987,0.2516857981681824,0.002365163993090391,0.7736695408821106,1.4699119329452515,4.271209164130596e-08,4.412765026092529,2.504353142285254e-05,3.473298056633212e-05,0.0006570842815563083,0.17028988897800446,0.22718994319438934,0.006853990722447634,0.6936559081077576,1.438075065612793,,,,,,,,,,,,,,
260,model.layers.7.self_attn.o_proj.weight,1024,2048,0.00048828125,0.0002276961604366079,1.908387303352356,-0.0006312062032520771,0.9438165426254272,4.420279583428055e-05,0.15686726570129395,0.339397668838501,0.014372912235558033,0.506296694278717,1.4316673278808594,1.5307273315556813e-07,4.016749858856201,3.223477324354462e-05,6.735435454174876e-05,6.813183426856995e-05,0.19586573541164398,0.2836209237575531,0.01570683903992176,0.45688945055007935,1.419283151626587,,,,,,,,,,,,,,
260,model.layers.15.self_attn.q_proj.weight,4096,1024,0.000244140625,0.00010331383964512497,2.4036471843719482,-0.00017564281006343663,0.45228198170661926,0.00015370889741461724,0.20450221002101898,0.24854041635990143,0.002575489692389965,0.47482261061668396,1.5495948791503906,1.6069801631601877e-06,7.642347812652588,-0.00029483207617886364,9.040592703968287e-05,0.0004212106578052044,0.24702279269695282,0.22778566181659698,0.012468164786696434,0.461206316947937,1.5079578161239624,8.0,0.07384254038333893,0.060936786234378815,0.8908650875091553,4.80690232507186e-07,0.003071490442380309,0.43176770210266113,0.00015650064407645236,0.004331517498940229,0.00037667277501896024,0.0006200790521688759,0.04786692559719086,,
260,model.layers.15.self_attn.k_proj.weight,512,1024,0.0009765625,0.00092567183310166,3.6725587844848633,4.859911769017344e-06,0.3366372883319855,8.637203427497298e-05,0.2827882766723633,0.21270160377025604,0.00394484493881464,0.5276543498039246,1.4603271484375,4.6574541556765325e-08,9.813937187194824,-3.6627898225560784e-05,3.1846939236857e-05,0.00013938925985712558,0.2879904806613922,0.2073734998703003,0.006839867681264877,0.48087644577026367,1.4349093437194824,,,,,,,,,,,,,,
260,model.layers.15.self_attn.v_proj.weight,512,1024,0.0009765625,0.0008655196288600564,1.885377049446106,-0.0024160463362932205,0.2889734208583832,0.00024145652423612773,0.19576531648635864,0.24707886576652527,0.003709608456119895,0.6279995441436768,1.4596068859100342,2.7656702172862424e-07,4.00534725189209,0.00032075674971565604,3.28891837853007e-05,0.0005829098518006504,0.19693943858146667,0.23419447243213654,0.00718891154974699,0.618327260017395,1.4177525043487549,,,,,,,,,,,,,0.26901623606681824,0.268740177154541
260,model.layers.15.self_attn.o_proj.weight,1024,2048,0.00048828125,0.0003928820660803467,1.6829575300216675,-0.0007221171981655061,0.5802191495895386,2.3749205865897238e-05,0.09680986404418945,0.44319722056388855,0.006679346784949303,0.5726629495620728,1.4489563703536987,3.589880464005546e-07,4.1133341789245605,0.0002244733477709815,6.579094770131633e-05,6.192184810061008e-05,0.19093650579452515,0.2985984683036804,0.020647713914513588,0.5262318253517151,1.4293826818466187,,,,,,,,,,,,,,
260,model.layers.19.self_attn.q_proj.weight,4096,1024,0.000244140625,0.00017292179109063,3.273130178451538,-0.0006879519787617028,0.23519842326641083,0.0003662914386950433,0.22496281564235687,0.2299196571111679,0.006844647694379091,0.43002375960350037,1.5327587127685547,1.4488516626443015e-06,7.627439022064209,6.530770770041272e-05,9.205335663864389e-05,0.00038853808655403554,0.24091410636901855,0.23341597616672516,0.019670775160193443,0.4658886790275574,1.4834460020065308,8.0,0.07333380728960037,0.060214363038539886,0.8644381761550903,4.916850230074488e-06,7.492526492569596e-05,0.21715818345546722,0.0656233946580045,0.004130986053496599,-0.00029480052762664855,-0.01435705553740263,0.05480704829096794,,
260,model.layers.19.self_attn.k_proj.weight,512,1024,0.0009765625,0.001135335536673665,3.2783548831939697,-1.7847326034825528e-06,0.23456798493862152,0.0002822395181283355,0.25147318840026855,0.23174074292182922,0.01087619923055172,0.5562294721603394,1.3779964447021484,4.409891118939413e-08,7.416914939880371,-2.9622151487274095e-05,3.3065844036173075e-05,0.00022068560065235943,0.28101956844329834,0.20324291288852692,0.015421322546899319,0.4591808617115021,1.35941743850708,,,,,,,,,,,,,,
260,model.layers.19.self_attn.v_proj.weight,512,1024,0.0009765625,0.0006822806899435818,1.6022708415985107,0.0008923986461013556,0.16843518614768982,0.0010200549149885774,0.129183828830719,0.29572269320487976,0.005003756377846003,0.7037306427955627,1.434531569480896,8.842234251460468e-07,3.89638614654541,-0.0001937565830303356,3.2357860618503764e-05,0.00010190613102167845,0.18440251052379608,0.29250067472457886,0.005568377673625946,0.6301897168159485,1.4256041049957275,,,,,,,,,,,,,,
260,model.layers.19.self_attn.o_proj.weight,1024,2048,0.00048828125,0.0005091904895380139,1.4677647352218628,0.00030911676003597677,0.28872033953666687,0.00010438333993079141,0.06681001931428909,0.49620264768600464,0.011747049167752266,0.6061107516288757,1.4408351182937622,1.1636935823844397e-06,5.976808547973633,7.639638170076068e-06,6.402549479389563e-05,0.00013358476280700415,0.18204118311405182,0.315311074256897,0.01263607107102871,0.5813009142875671,1.443782091140747,,,,,,,,,,,,,,
260,model.layers.1.mlp.gate_proj.weight,3584,1024,0.00027901785714285713,0.00020644850155804306,2.6512820720672607,0.000896465266123414,0.4324747323989868,0.00042940909042954445,0.1855509728193283,0.28941741585731506,0.007180286571383476,0.5198186039924622,1.519411325454712,2.773596747829288e-07,10.977599143981934,-9.30377864278853e-05,9.225211397279054e-05,0.00017412488523405045,0.2602081596851349,0.22460195422172546,0.009496076963841915,0.49705755710601807,1.5094388723373413,,,,,,,,,,,,,0.3521527349948883,0.3552553653717041
260,model.layers.1.mlp.up_proj.weight,3584,1024,0.00027901785714285713,0.0004560053057502955,2.564199686050415,0.000817204883787781,0.7225770354270935,0.00017639430006965995,0.16539286077022552,0.32527753710746765,0.008741515688598156,0.5110355019569397,1.5120872259140015,8.245732097122982e-09,9.793641090393066,7.118122198335186e-07,9.249315917259082e-05,0.00018562027253210545,0.2577097713947296,0.2280758023262024,0.01146774087101221,0.49669599533081055,1.5054458379745483,,,,,,,,,,,,,,
260,model.layers.1.mlp.down_proj.weight,1024,3584,0.00027901785714285713,0.0002850023447535932,4.5233941078186035,0.0008504066499881446,0.6925300359725952,0.0007755326805636287,0.19829171895980835,0.27582255005836487,0.012282898649573326,0.5292806625366211,1.4443035125732422,3.1137570744022014e-08,11.799670219421387,-1.0267545803799294e-05,9.193564619636163e-05,0.0003973465063609183,0.23361702263355255,0.24968668818473816,0.014400643296539783,0.49862587451934814,1.4297536611557007,8.0,0.07752380520105362,0.06674086302518845,0.8916829824447632,3.324490535305813e-06,-0.028370382264256477,3.8379359245300293,,0.0001185744913527742,-0.0014279211172834039,-0.0006238181958906353,0.025762291625142097,,
260,model.layers.12.mlp.gate_proj.weight,3584,1024,0.00027901785714285713,0.00019550368597265333,2.607539176940918,0.00012650602729991078,0.4328587055206299,0.0006758206291124225,0.18761922419071198,0.24025963246822357,0.006270711310207844,0.5770741105079651,1.5261452198028564,1.982845674319833e-07,6.596155166625977,-9.522284381091595e-05,8.561840513721108e-05,0.00046788074541836977,0.25519859790802,0.21450482308864594,0.009902353398501873,0.5036735534667969,1.511688232421875,,,,,,,,,,,,,,
260,model.layers.12.mlp.up_proj.weight,3584,1024,0.00027901785714285713,0.00025655076024122536,2.5067241191864014,0.0004099068755749613,0.690929114818573,0.00029361204360611737,0.22102215886116028,0.24498148262500763,0.007068059407174587,0.5141676068305969,1.510042428970337,1.0838489217235292e-08,5.898667335510254,-1.2260163202881813e-05,8.653041732031852e-05,0.0002252500707982108,0.2612919807434082,0.21151281893253326,0.008871672675013542,0.5012298226356506,1.5152405500411987,,,,,,,,,,,,,,
260,model.layers.12.mlp.down_proj.weight,1024,3584,0.00027901785714285713,0.0002613792894408107,4.367447376251221,0.0004282010195311159,0.6852045059204102,0.0001804727507987991,0.2155299037694931,0.2716291546821594,0.022983549162745476,0.5019279718399048,1.3905805349349976,1.390837578441051e-08,6.754729270935059,-3.096195723628625e-05,8.612126839580014e-05,0.00016972159210126847,0.23941084742546082,0.24406369030475616,0.025811906903982162,0.4781990647315979,1.3653041124343872,8.0,0.05718359723687172,0.05188559740781784,0.8979867100715637,6.425831816159189e-05,0.009733430109918118,3.2661633491516113,0.006601816362364826,0.003434304613620043,0.00030615567811764777,0.013070817105472088,0.03690413013100624,,
260,model.layers.22.mlp.gate_proj.weight,3584,1024,0.00027901785714285713,0.00025289435870945454,3.02714467048645,-0.0005660178721882403,0.12515118718147278,0.0009213931043632329,0.18424399197101593,0.25569474697113037,0.006896963343024254,0.5436989665031433,1.5259491205215454,3.41073041454365e-06,7.422610282897949,-0.0004518269270192832,8.140454156091437e-05,0.0011400374351069331,0.2332337498664856,0.22921589016914368,0.011066662147641182,0.5020719170570374,1.5079350471496582,,,,,,,,,,,,,0.2705767750740051,0.27669960260391235
260,model.layers.22.mlp.up_proj.weight,3584,1024,0.00027901785714285713,0.0003652447776403278,2.913304328918457,-8.95218036021106e-05,0.3053002655506134,0.0007559723453596234,0.17590302228927612,0.2952825129032135,0.011708938516676426,0.5750775933265686,1.511484980583191,4.966981137499715e-08,6.8838419914245605,5.528898327611387e-06,8.33989106467925e-05,0.0006821833667345345,0.2246130406856537,0.24526341259479523,0.013870066963136196,0.507206916809082,1.4971359968185425,,,,,,,,,,,,,,
260,model.layers.22.mlp.down_proj.weight,1024,3584,0.00027901785714285713,0.00037408614298328757,2.647484302520752,-0.00011556446406757459,0.2788478434085846,0.0002797485503833741,0.12072108685970306,0.3921680450439453,0.009396618232131004,0.5546610951423645,1.4687515497207642,2.5051974716916448e-08,5.699898719787598,-1.5332203702200786e-06,8.491488551953807e-05,0.0001539016520837322,0.20425429940223694,0.28186914324760437,0.008863091468811035,0.550885021686554,1.4570261240005493,8.0,0.06703127920627594,0.06651361286640167,0.8632124662399292,-1.1823329259641469e-05,-0.00021435110829770565,0.4630913734436035,,0.0011370715219527483,0.0008546917815692723,0.005753391422331333,0.10650111734867096,,
260,model.layers.1.linear_attn.in_proj_qkv.weight,6144,1024,0.00016276041666666666,0.00017206693883053958,2.560372829437256,-4.705408355221152e-05,0.37876367568969727,0.0005445978022180498,0.18812890350818634,0.26889124512672424,0.007425705902278423,0.5221205949783325,1.5326926708221436,3.081413296968094e-06,8.647788047790527,0.00010909897537203506,0.00011938503303099424,0.00035512945032678545,0.255513459444046,0.22299067676067352,0.010228203609585762,0.5024330019950867,1.527367115020752,8.0,0.08205456286668777,0.0797240138053894,0.8654101490974426,-4.461092430574354e-06,-0.009010096080601215,0.5264438390731812,,-0.003960379399359226,-0.003520810045301914,-0.007229743059724569,0.03685909882187843,,
260,model.layers.1.linear_attn.out_proj.weight,1024,2048,0.00048828125,0.00045250673429109156,1.3623762130737305,1.081340087694116e-05,0.8201310634613037,0.0005396630731411278,0.13313862681388855,0.3566201329231262,0.01465535070747137,0.5149610638618469,1.4426929950714111,1.692665563268747e-07,9.275201797485352,-7.802982872817665e-05,6.893886893521994e-05,0.00033877789974212646,0.2430448979139328,0.23729903995990753,0.013540932908654213,0.5023434162139893,1.4319299459457397,,,,,,,,,,,,,,
260,model.layers.12.linear_attn.in_proj_qkv.weight,6144,1024,0.00016276041666666666,6.838601984782144e-05,2.2023801803588867,-4.806613287655637e-05,0.43689867854118347,0.0006068975199013948,0.16299903392791748,0.2530682682991028,0.003899881849065423,0.5927453637123108,1.5502227544784546,5.893995421502041e-06,7.7646379470825195,0.00020792477880604565,0.00011407604324631393,0.000331444782204926,0.2466045767068863,0.2234371304512024,0.008632772602140903,0.5089450478553772,1.5353292226791382,8.0,0.053809601813554764,0.05199418216943741,0.8526349663734436,7.479044143110514e-06,0.0036920588463544846,0.3767366409301758,0.0020257109797952636,0.006289566867053509,0.0018497542478144169,-0.006209761835634708,0.08044970035552979,,
260,model.layers.12.linear_attn.out_proj.weight,1024,2048,0.00048828125,0.0002902150445152074,2.1823627948760986,0.0005807491252198815,0.5808369517326355,5.138711640029214e-05,0.1758047193288803,0.31311818957328796,0.020589685067534447,0.4962501525878906,1.4170680046081543,7.065143847739819e-08,4.734046936035156,-5.926865924266167e-05,6.507712532766163e-05,8.797045302344486e-05,0.23441454768180847,0.2545531392097473,0.015653779730200768,0.4968239367008209,1.4019206762313843,,,,,,,,,,,,,,
260,model.layers.21.linear_attn.in_proj_qkv.weight,6144,1024,0.00016276041666666666,0.0001034755478031002,3.173849105834961,-0.0005736825405620039,0.09907843172550201,0.000257710024015978,0.1763799786567688,0.2669128179550171,0.0039984798058867455,0.5869541168212891,1.5463409423828125,1.2605283700395375e-05,8.839287757873535,0.00020794763986486942,0.00010993569594575092,0.0005593893001787364,0.23547481000423431,0.23249898850917816,0.010816333815455437,0.495787113904953,1.5242027044296265,8.0,0.06294108182191849,0.06381048262119293,0.8869544863700867,3.920143001323595e-07,0.0001500001671956852,0.02023351937532425,0.002613425754525665,0.0002517573593650013,0.0013748562196269631,-0.0013043624348938465,0.054170042276382446,,
260,model.layers.21.linear_attn.out_proj.weight,1024,2048,0.00048828125,0.0003791486087720841,2.844285011291504,0.0004921019426546991,0.17480212450027466,0.0001049538332154043,0.1480948030948639,0.3614444434642792,0.00633915513753891,0.554837703704834,1.4723643064498901,5.778744949225256e-08,4.4995341300964355,6.849321653135121e-05,6.342565029626712e-05,9.908303036354482e-05,0.21583214402198792,0.27460944652557373,0.008281344547867775,0.5317984819412231,1.4628580808639526,,,,,,,,,,,,,,
280,model.layers.7.self_attn.q_proj.weight,4096,1024,0.000244140625,0.00020579631382133812,2.7699759006500244,0.0007809696835465729,0.4576793313026428,0.0011280183680355549,0.18143180012702942,0.255623996257782,0.009063027799129486,0.5206887722015381,1.5345277786254883,1.7692528899715398e-06,8.665310859680176,-0.00037906167563050985,9.227474947692826e-05,0.00037552323192358017,0.2629944682121277,0.20372754335403442,0.009935813024640083,0.49257731437683105,1.511889100074768,8.0,0.11089256405830383,0.106069415807724,0.7998225092887878,4.9257946557190735e-06,0.008696293458342552,0.2166816145181656,0.0005664246128899487,0.022529277950525284,0.016178561374545097,0.007041108328849077,0.0815504714846611,0.26991504430770874,0.2832593619823456
280,model.layers.7.self_attn.k_proj.weight,512,1024,0.0009765625,0.001523671206086874,2.5864460468292236,-8.704733772901818e-06,0.3554760813713074,0.002160564996302128,0.14862443506717682,0.2712259292602539,0.037427522242069244,0.6906057596206665,1.3145153522491455,4.0926540378904974e-08,6.929802894592285,2.3322858396568336e-05,3.18430938932579e-05,0.000847898714710027,0.25888052582740784,0.19500014185905457,0.02108023129403591,0.5247492790222168,1.328919768333435,,,,,,,,,,,,,,
280,model.layers.7.self_attn.v_proj.weight,512,1024,0.0009765625,0.0008322138455696404,2.1170237064361572,-0.0010289979400113225,0.6245414018630981,0.0002628518850542605,0.15096276998519897,0.24591228365898132,0.002620202023535967,0.7101292014122009,1.4781122207641602,6.147418218915846e-08,4.985696315765381,-7.99453555373475e-05,3.356194429215975e-05,0.0005328132538124919,0.17891307175159454,0.22188502550125122,0.0064737494103610516,0.6788187026977539,1.439880609512329,,,,,,,,,,,,,,
280,model.layers.7.self_attn.o_proj.weight,1024,2048,0.00048828125,0.0002648079243954271,2.054520606994629,-0.00031213066540658474,1.090825080871582,2.142095399904065e-05,0.14963658154010773,0.3623165786266327,0.010824574157595634,0.540054202079773,1.438067078590393,1.3552070754485612e-07,4.362072944641113,3.7942769267829135e-05,6.71386587782763e-05,0.00012920147855766118,0.19346299767494202,0.28703033924102783,0.022175293415784836,0.46073952317237854,1.389778733253479,,,,,,,,,,,,,,
280,model.layers.15.self_attn.q_proj.weight,4096,1024,0.000244140625,0.00011945240112254396,2.653987169265747,0.0006202856893651187,0.49765288829803467,0.00013456134183797985,0.20720122754573822,0.24450284242630005,0.0030836276710033417,0.45691195130348206,1.5476094484329224,1.5888618918324937e-06,8.999651908874512,-0.00028044823557138443,9.075474372366443e-05,0.000472323881695047,0.2452932745218277,0.22686469554901123,0.013481548987329006,0.46435457468032837,1.5004682540893555,8.0,0.09429006278514862,0.09269444644451141,0.7984316945075989,-3.5678353924595285e-06,0.0028606755658984184,0.2091991901397705,-0.0012472002889775517,0.0018008769256994128,0.004930418450385332,0.0024659596383571625,0.0536603182554245,,
280,model.layers.15.self_attn.k_proj.weight,512,1024,0.0009765625,0.0009015187970362604,4.068665504455566,-7.91557613410987e-06,0.3992016613483429,7.3617734415165614e-06,0.25807979702949524,0.22737661004066467,0.0032978705130517483,0.5436329245567322,1.4797219038009644,5.663222779617172e-08,14.412582397460938,-2.449295971018728e-05,3.12691081489902e-05,4.108315988560207e-05,0.2762848734855652,0.21694400906562805,0.00745587982237339,0.4833352565765381,1.437196969985962,,,,,,,,,,,,,,
280,model.layers.15.self_attn.v_proj.weight,512,1024,0.0009765625,0.0009290413581766188,1.7968932390213013,-0.00036921718856319785,0.4087960422039032,6.733101326972246e-05,0.18347668647766113,0.26276472210884094,0.0053998748771846294,0.6483678221702576,1.4587421417236328,2.6916964657175413e-07,4.677469253540039,0.0002578941348474473,3.2925392588367686e-05,0.0004047992406412959,0.19523267447948456,0.24606944620609283,0.007165048271417618,0.6261558532714844,1.4294854402542114,,,,,,,,,,,,,0.20848189294338226,0.22257594764232635
280,model.layers.15.self_attn.o_proj.weight,1024,2048,0.00048828125,0.0003787980240304023,1.6824504137039185,-0.0001189688773592934,0.7706980109214783,2.5844503397820517e-05,0.08762609958648682,0.45259177684783936,0.007783481851220131,0.5704475045204163,1.455552339553833,3.426109742576955e-07,4.712376117706299,0.00010839243623195216,6.605711678275838e-05,6.919254519743845e-05,0.1894107460975647,0.3064531683921814,0.016504112631082535,0.5350697040557861,1.4332326650619507,,,,,,,,,,,,,,
280,model.layers.19.self_attn.q_proj.weight,4096,1024,0.000244140625,0.00018201630155090243,2.2356979846954346,-0.0007852984126657248,0.3349775969982147,0.00023489487648475915,0.21529361605644226,0.23930303752422333,0.005298958625644445,0.4340316951274872,1.5317903757095337,1.5200720326902228e-06,7.522274971008301,0.00011498119420139119,9.079241863219067e-05,0.0005520805716514587,0.24056556820869446,0.23582637310028076,0.017946457490324974,0.4640217423439026,1.4906052350997925,8.0,0.08506473898887634,0.09565456956624985,0.7811020016670227,4.232559263073199e-07,0.0007750483928248286,0.09459234774112701,0.0005461025791753128,-0.005039092153310776,0.003877482144162059,0.0059696463868021965,0.08927711844444275,,
280,model.layers.19.self_attn.k_proj.weight,512,1024,0.0009765625,0.0011749635450541973,3.317497730255127,-1.5254769095918164e-05,0.3241618573665619,0.0007831066031940281,0.22096025943756104,0.2574436664581299,0.012699024751782417,0.575173020362854,1.3550961017608643,4.267080555564462e-08,8.356340408325195,5.378177957027219e-05,3.288345396867953e-05,0.00024821332772262394,0.28256160020828247,0.20365719497203827,0.016534751281142235,0.44896790385246277,1.3372937440872192,,,,,,,,,,,,,,
280,model.layers.19.self_attn.v_proj.weight,512,1024,0.0009765625,0.0008573841187171638,1.5555800199508667,0.0038514425978064537,0.2181493639945984,0.000955616997089237,0.12129487097263336,0.28463900089263916,0.005052902270108461,0.719194233417511,1.4331234693527222,9.353346399620932e-07,3.9890754222869873,-0.00011125371383968741,3.250651934649795e-05,0.00015461730072274804,0.18369130790233612,0.3003387749195099,0.006293049547821283,0.6375654339790344,1.4275245666503906,,,,,,,,,,,,,,
280,model.layers.19.self_attn.o_proj.weight,1024,2048,0.00048828125,0.00043260640813969076,1.421861171722412,0.0011557444231584668,0.43328171968460083,3.8411693822126836e-05,0.05497075244784355,0.5191899538040161,0.005530661437660456,0.6200949549674988,1.478719711303711,1.054938593370025e-06,5.8792924880981445,-4.341186649980955e-05,6.484029290731996e-05,0.00011637255374807864,0.17139922082424164,0.32782796025276184,0.010539858601987362,0.6032130718231201,1.4527736902236938,,,,,,,,,,,,,,
280,model.layers.1.mlp.gate_proj.weight,3584,1024,0.00027901785714285713,0.00031568799749948084,2.78403902053833,0.00029241363517940044,0.5447975397109985,0.00030624016653746367,0.17916667461395264,0.30474990606307983,0.00749812601134181,0.523891031742096,1.5200647115707397,1.9316638599775615e-07,8.616569519042969,6.673923053313047e-05,9.502306784270331e-05,0.00018330027523916215,0.25962260365486145,0.22648173570632935,0.009435434825718403,0.5029052495956421,1.508745551109314,,,,,,,,,,,,,0.25703200697898865,0.24950198829174042
280,model.layers.1.mlp.up_proj.weight,3584,1024,0.00027901785714285713,0.0002789276768453419,2.5508475303649902,0.00047421077033504844,0.8975864052772522,0.00016928200784604996,0.1692037135362625,0.3238665759563446,0.00861580390483141,0.5076680183410645,1.5135940313339233,6.8089343052690765e-09,7.704564094543457,2.466967998770997e-07,9.477240382693708e-05,0.00017106442828662694,0.25986236333847046,0.22522684931755066,0.010348380543291569,0.4962252676486969,1.5128782987594604,,,,,,,,,,,,,,
280,model.layers.1.mlp.down_proj.weight,1024,3584,0.00027901785714285713,0.0002716752060223371,4.539621829986572,0.0004824025381822139,0.8724586367607117,0.0012757860822603106,0.19567258656024933,0.2703583836555481,0.01587953232228756,0.5252174139022827,1.4167722463607788,5.669952685138924e-08,8.340364456176758,1.9884890207322314e-05,9.461087756790221e-05,0.0006047658971510828,0.23504306375980377,0.24513807892799377,0.017046073451638222,0.49459606409072876,1.4233919382095337,8.0,0.11421866714954376,0.11059422791004181,0.8019606471061707,3.768795431824401e-05,0.06070931255817413,1.3082783222198486,0.0006207936267130332,0.023439109325408936,0.021540803834795952,-0.013957860879600048,0.048936210572719574,,
280,model.layers.12.mlp.gate_proj.weight,3584,1024,0.00027901785714285713,0.00020654966647271067,3.195039749145508,0.00026958080707117915,0.5591471791267395,0.0009842498693615198,0.18555979430675507,0.24583633244037628,0.006826127413660288,0.5886474251747131,1.5292670726776123,2.560150846875331e-07,7.429413318634033,2.424502235953696e-05,8.548818732379004e-05,0.00027755877817980945,0.2564014792442322,0.21539850533008575,0.009585793130099773,0.4977869391441345,1.5083897113800049,,,,,,,,,,,,,,
280,model.layers.12.mlp.up_proj.weight,3584,1024,0.00027901785714285713,0.00028032547561451793,2.9949095249176025,9.932734246831387e-05,0.8867550492286682,0.0003050507220905274,0.2217966765165329,0.24709108471870422,0.007137408945709467,0.5199090838432312,1.5165939331054688,1.0353662815987263e-08,6.783067226409912,-7.596490377181908e-06,8.533596701454371e-05,0.00044591265032067895,0.2638217508792877,0.21078039705753326,0.009935817681252956,0.4943040609359741,1.5066111087799072,,,,,,,,,,,,,,
280,model.layers.12.mlp.down_proj.weight,1024,3584,0.00027901785714285713,0.0002623975742608309,5.024028301239014,0.00010262652358505875,0.8935182094573975,0.00014670043310616165,0.21246175467967987,0.2777954638004303,0.018357068300247192,0.5126239657402039,1.395850419998169,2.1357214663453306e-08,7.558897495269775,-3.92652909795288e-05,8.592224912717938e-05,0.0001850684202509001,0.23364956676959991,0.2525455057621002,0.02037384733557701,0.49474456906318665,1.4045147895812988,8.0,0.09277397394180298,0.09678518772125244,0.7975394129753113,1.5069581422721967e-05,0.013718688860535622,1.3955214023590088,0.0010984709673001216,0.001132054952904582,0.004185818135738373,0.010383049957454205,0.03674478828907013,,
280,model.layers.22.mlp.gate_proj.weight,3584,1024,0.00027901785714285713,0.0002855122147593647,2.813108205795288,-0.0013727083569392562,0.19635747373104095,0.0007285633473657072,0.18163642287254333,0.2579062879085541,0.006190105341374874,0.5507752895355225,1.5233776569366455,2.908891019615112e-06,8.192278861999512,0.0002713432186283171,8.147271728375927e-05,0.0007033584988676012,0.23333191871643066,0.226806640625,0.010023463517427444,0.49824199080467224,1.511451244354248,,,,,,,,,,,,,0.2368515580892563,0.23834344744682312
280,model.layers.22.mlp.up_proj.weight,3584,1024,0.00027901785714285713,0.00024344841949641705,3.025416374206543,-0.00028520822525024414,0.4298100769519806,0.0008106365567073226,0.18055982887744904,0.29357266426086426,0.01326912734657526,0.5628060102462769,1.5123001337051392,4.677936260577553e-08,7.717486381530762,3.0030561902094632e-05,8.3649400039576e-05,0.0003764848515857011,0.22373747825622559,0.24575959146022797,0.011731117032468319,0.5049110054969788,1.5088192224502563,,,,,,,,,,,,,,
280,model.layers.22.mlp.down_proj.weight,1024,3584,0.00027901785714285713,0.0004152367473579943,3.012084484100342,-0.0003399538400117308,0.39984211325645447,0.00021413325157482177,0.10914938896894455,0.4134000241756439,0.006392213981598616,0.5934691429138184,1.4802515506744385,3.983979013355565e-08,6.467734336853027,4.832737613469362e-05,8.494055509800091e-05,0.00019800756126642227,0.1981477290391922,0.28772109746932983,0.008734488859772682,0.5601264238357544,1.462213397026062,8.0,0.100807785987854,0.09353825449943542,0.7763394713401794,1.2994746612093877e-06,0.0004361814062576741,0.2089565098285675,0.002979206913835578,0.004610805306583643,0.0015653978334739804,-0.0075165037997066975,0.11111108213663101,,
280,model.layers.1.linear_attn.in_proj_qkv.weight,6144,1024,0.00016276041666666666,0.00011935419024666771,2.147097110748291,-2.6988491299562156e-05,0.5075502991676331,0.0006344254361465573,0.18818378448486328,0.2607337534427643,0.0066612535156309605,0.5102687478065491,1.5369948148727417,2.3760167096043006e-06,7.461714267730713,3.866611564262712e-07,0.00012525870988611132,0.00036037492100149393,0.2563905119895935,0.2210138440132141,0.008844856172800064,0.5030664205551147,1.529956579208374,8.0,0.1099996268749237,0.12157498300075531,0.7873457074165344,3.1662282253819285e-06,0.00997550506144762,0.19530247151851654,0.0003174002926045785,0.0023523743730038404,0.025779500603675842,-0.01724895089864731,0.08493804186582565,,
280,model.layers.1.linear_attn.out_proj.weight,1024,2048,0.00048828125,0.0005659430171363056,1.3755178451538086,-0.0002921454142779112,1.0702754259109497,0.000350669288309291,0.12992946803569794,0.36725401878356934,0.012934856116771698,0.5196746587753296,1.4552544355392456,1.4035654771760164e-07,7.143316268920898,-8.502141099597793e-06,7.066686521284282e-05,0.0003070690727327019,0.2450973093509674,0.23647232353687286,0.013242734596133232,0.5006127953529358,1.4342392683029175,,,,,,,,,,,,,,
280,model.layers.12.linear_attn.in_proj_qkv.weight,6144,1024,0.00016276041666666666,7.890108827268705e-05,2.5408401489257812,-0.00044760265154764056,0.5103334784507751,0.000293094344669953,0.15165546536445618,0.2661184072494507,0.002935014897957444,0.6199617385864258,1.5510021448135376,6.513876087410608e-06,8.061162948608398,-0.00010381928586866707,0.00011298030585749075,0.0004465536621864885,0.24574311077594757,0.2231142520904541,0.008201586082577705,0.5110068321228027,1.5318654775619507,8.0,0.09966282546520233,0.09792782366275787,0.7717627882957458,3.789344873439404e-06,0.0029080016538500786,0.15870778262615204,0.001303075212636988,0.01060800813138485,0.006995018571615219,-0.016368133947253227,0.0992124080657959,,
280,model.layers.12.linear_attn.out_proj.weight,1024,2048,0.00048828125,0.00030413095373660326,2.427746057510376,0.00014091616321820766,0.763008713722229,3.645076139946468e-05,0.17267708480358124,0.3267926573753357,0.011781889013946056,0.5227344632148743,1.431668758392334,5.376443112936613e-08,5.340573787689209,-3.250396912335418e-05,6.516731809824705e-05,0.00012123427586629987,0.2304588258266449,0.25627976655960083,0.021014779806137085,0.5033926963806152,1.4068354368209839,,,,,,,,,,,,,,
280,model.layers.21.linear_attn.in_proj_qkv.weight,6144,1024,0.00016276041666666666,9.192820289172232e-05,2.942460060119629,-0.0001690308708930388,0.15683786571025848,0.0011810287833213806,0.1833709329366684,0.2572616636753082,0.0071817077696323395,0.5628231167793274,1.5422680377960205,1.2284069271117914e-05,9.119356155395508,-0.00032041638041846454,0.0001121872483054176,0.0004921066574752331,0.23898623883724213,0.22860069572925568,0.011231881566345692,0.4840160310268402,1.5210304260253906,8.0,0.10081391036510468,0.10667189955711365,0.7179547548294067,-4.719426272004057e-07,8.91935414983891e-05,0.023663008585572243,-0.005291219737125578,-6.853907689219341e-05,0.0011627620551735163,0.01669708453118801,0.05125607177615166,,
280,model.layers.21.linear_attn.out_proj.weight,1024,2048,0.00048828125,0.0003544018545653671,2.729943037033081,0.000643645238596946,0.2540839612483978,0.00012305015115998685,0.1545715034008026,0.34439748525619507,0.006681211292743683,0.5314174890518188,1.4792757034301758,8.104770188310795e-08,4.693334579467773,1.5770490335853538e-06,6.376317469403148e-05,0.0001226364547619596,0.21815526485443115,0.26963141560554504,0.008399159647524357,0.5287461876869202,1.4686778783798218,,,,,,,,,,,,,,
300,model.layers.7.self_attn.q_proj.weight,4096,1024,0.000244140625,0.00012907425116281956,2.906785249710083,0.0004456513561308384,0.4627988040447235,0.0007080710493028164,0.17838749289512634,0.26821064949035645,0.008207738399505615,0.5274431109428406,1.534265160560608,1.4073960983296274e-06,7.890090465545654,0.00014455398195423186,9.614304144633934e-05,0.00043216272024437785,0.25932610034942627,0.20561841130256653,0.010275485925376415,0.4954945743083954,1.5137195587158203,8.0,0.07675700634717941,0.07782415300607681,0.8662121891975403,-1.018688089970965e-05,9.83705249382183e-05,0.3612081706523895,-0.10355623197200106,-0.00021319437655620277,-2.95842437481042e-05,-0.005065306555479765,0.05913359671831131,0.23271340131759644,0.22887606918811798
300,model.layers.7.self_attn.k_proj.weight,512,1024,0.0009765625,0.0009356548544019461,3.312772274017334,-3.0350720408023335e-05,0.35788047313690186,0.0006198266055434942,0.14799413084983826,0.2708457410335541,0.02933112159371376,0.7038665413856506,1.3158992528915405,4.2875420547261456e-08,7.349891185760498,3.377380198799074e-05,3.506322900648229e-05,0.0004086629778612405,0.2586051821708679,0.20033200085163116,0.017165865749120712,0.5287033915519714,1.3415186405181885,,,,,,,,,,,,,,
300,model.layers.7.self_attn.v_proj.weight,512,1024,0.0009765625,0.0008017175714485347,1.8366273641586304,-0.00017935903451871127,0.6750162839889526,0.0004885327653028071,0.1257573664188385,0.26029226183891296,0.004786764737218618,0.7624853849411011,1.4618756771087646,5.4507953706206536e-08,5.04503059387207,8.768123734625988e-06,3.555598232196644e-05,0.0005949954502284527,0.16610239446163177,0.23640398681163788,0.007402942515909672,0.7005792260169983,1.4262621402740479,,,,,,,,,,,,,,
300,model.layers.7.self_attn.o_proj.weight,1024,2048,0.00048828125,0.00023052559117786586,2.0861144065856934,-5.7639390433905646e-05,1.0308696031570435,4.66536330350209e-05,0.15079867839813232,0.34787195920944214,0.018474029377102852,0.5155737400054932,1.4176092147827148,1.1669754940157873e-07,4.533613681793213,7.24088167771697e-05,6.880062574055046e-05,8.618106949143112e-05,0.18773621320724487,0.2956784963607788,0.01771911419928074,0.476451575756073,1.4129397869110107,,,,,,,,,,,,,,
300,model.layers.15.self_attn.q_proj.weight,4096,1024,0.000244140625,0.00012210276327095926,2.762030601501465,-0.0004986876156181097,0.47762632369995117,0.0003624608798418194,0.21449661254882812,0.23898884654045105,0.00387562601827085,0.4594665765762329,1.5478498935699463,1.5318497617045068e-06,7.71331262588501,0.00038625914021395147,9.364179277326912e-05,0.0003291610046289861,0.2529674470424652,0.22215895354747772,0.012299388647079468,0.45422443747520447,1.5128446817398071,8.0,0.08661690354347229,0.08325760811567307,0.8679071068763733,9.373379725730047e-07,0.002395481104031205,0.3723474442958832,0.0003912942460684066,0.007219002582132816,0.0005200888845138252,5.2258204959798604e-05,0.047198813408613205,,
300,model.layers.15.self_attn.k_proj.weight,512,1024,0.0009765625,0.000899352366104722,4.251239776611328,-9.006384971144143e-06,0.40801194310188293,0.000103530335763935,0.2672536075115204,0.22317573428153992,0.004410520661622286,0.526548445224762,1.4534326791763306,4.425641719763007e-08,9.924346923828125,-2.738327020779252e-05,3.402990478207357e-05,6.36922413832508e-05,0.2768682837486267,0.2115555852651596,0.006797237321734428,0.49172845482826233,1.445693850517273,,,,,,,,,,,,,,
300,model.layers.15.self_attn.v_proj.weight,512,1024,0.0009765625,0.0008455044007860124,1.8827693462371826,-0.0023965714499354362,0.35417240858078003,9.108219819609076e-05,0.1789538860321045,0.2629281282424927,0.003667418146505952,0.6617364883422852,1.4708855152130127,2.772762286440411e-07,4.477198123931885,0.00010915817983914167,3.321625990793109e-05,0.0003028444480150938,0.1964740753173828,0.23854093253612518,0.008557912893593311,0.6208062171936035,1.4265415668487549,,,,,,,,,,,,,0.18957483768463135,0.21324408054351807
300,model.layers.15.self_attn.o_proj.weight,1024,2048,0.00048828125,0.00043094123248010874,1.8411353826522827,-0.0007746316259726882,0.6534597277641296,2.1260242647258565e-05,0.09544147551059723,0.44510790705680847,0.008031558245420456,0.5733219981193542,1.4438918828964233,3.8692334669576667e-07,4.509672164916992,-8.929162140702829e-05,6.616512837354094e-05,0.00011856992932735011,0.19162826240062714,0.3010282814502716,0.017383547499775887,0.5231723189353943,1.410094141960144,,,,,,,,,,,,,,
300,model.layers.19.self_attn.q_proj.weight,4096,1024,0.000244140625,0.00016326707554981112,2.827310800552368,-0.00046184792881831527,0.24206343293190002,0.0002332471776753664,0.21871307492256165,0.24618639051914215,0.007077372632920742,0.4522557854652405,1.5287548303604126,1.7220270365214674e-06,7.616194725036621,-0.00024776015197858214,9.04851985978894e-05,0.000608515169005841,0.24553249776363373,0.22993914783000946,0.019428104162216187,0.4553421139717102,1.4846820831298828,8.0,0.0856434628367424,0.08511663228273392,0.8551378846168518,-1.204212594529963e-06,0.0002378420758759603,0.10842733830213547,-0.0050630763715583515,0.005337056703865528,0.00029291195096448064,0.0025975073222070932,0.05883456766605377,,
300,model.layers.19.self_attn.k_proj.weight,512,1024,0.0009765625,0.001075429143384099,3.58890700340271,-1.5457446352229454e-05,0.24113993346691132,0.0005517425015568733,0.23950240015983582,0.22619357705116272,0.013397930189967155,0.5666452646255493,1.3375122547149658,5.050667795103436e-08,8.105478286743164,7.41111216484569e-05,3.328679667902179e-05,0.00144437444396317,0.28410202264785767,0.19719769060611725,0.021073054522275925,0.45005926489830017,1.2810592651367188,,,,,,,,,,,,,,
300,model.layers.19.self_attn.v_proj.weight,512,1024,0.0009765625,0.0007370786042883992,1.6507207155227661,-0.0024573495611548424,0.18010500073432922,0.00043832408846355975,0.15630356967449188,0.26078513264656067,0.00433905515819788,0.6673282980918884,1.4551652669906616,9.991964589062263e-07,3.919318675994873,0.0005102477152831852,3.294056295999326e-05,0.0005006804130971432,0.18892903625965118,0.28424710035324097,0.007637277245521545,0.6274067163467407,1.4222577810287476,,,,,,,,,,,,,,
300,model.layers.19.self_attn.o_proj.weight,1024,2048,0.00048828125,0.0005320206983014941,1.4146859645843506,-0.0007515707402490079,0.35004642605781555,6.275135092437267e-05,0.061726365238428116,0.5410898327827454,0.009930296801030636,0.64036625623703,1.447340965270996,1.2228352943566279e-06,6.2933149337768555,0.000344374479027465,6.383293657563627e-05,8.208096551243216e-05,0.18130217492580414,0.3181231915950775,0.011130117811262608,0.5856662392616272,1.4489554166793823,,,,,,,,,,,,,,
300,model.layers.1.mlp.gate_proj.weight,3584,1024,0.00027901785714285713,0.0002911618212237954,2.8879454135894775,8.280147449113429e-05,0.42554864287376404,0.0002746251702774316,0.17432908713817596,0.3066748380661011,0.007570652291178703,0.5276224613189697,1.5126851797103882,2.235799030358976e-07,9.01594066619873,-0.00011586883192649111,9.306624269811437e-05,0.00012748698645737022,0.25852853059768677,0.2274743616580963,0.00949620921164751,0.5019721984863281,1.5114232301712036,,,,,,,,,,,,,0.20890924334526062,0.19617076218128204
300,model.layers.1.mlp.up_proj.weight,3584,1024,0.00027901785714285713,0.00042570303776301444,2.741434097290039,0.00031433653202839196,0.7028815150260925,9.118436719290912e-05,0.1666320562362671,0.31918323040008545,0.006938975304365158,0.5014134645462036,1.5194904804229736,8.626106939857436e-09,8.389474868774414,-1.9773986423388124e-05,9.333669004263356e-05,0.00013000179023947567,0.26000842452049255,0.22594670951366425,0.009262354113161564,0.4962698519229889,1.5132652521133423,,,,,,,,,,,,,,
300,model.layers.1.mlp.down_proj.weight,1024,3584,0.00027901785714285713,0.0002521777932997793,4.960206031799316,0.0003163806686643511,0.6924110651016235,0.0004666896420530975,0.1907520890235901,0.27899935841560364,0.011097325943410397,0.5442469120025635,1.4545543193817139,8.413254981576301e-09,9.57105827331543,-1.8655267922440544e-05,9.255867917090654e-05,0.0003738722007256001,0.23483560979366302,0.24898165464401245,0.01345838326960802,0.5005881786346436,1.4346779584884644,8.0,0.06960369646549225,0.06918260455131531,0.8872307538986206,-5.5322096159216017e-05,-0.018565285950899124,1.9388638734817505,,-0.001726599526591599,-0.0019801966845989227,-0.0034403358586132526,0.042425740510225296,,
300,model.layers.12.mlp.gate_proj.weight,3584,1024,0.00027901785714285713,0.00019917382451239973,2.976097822189331,0.0001787185319699347,0.4877844750881195,0.0007091228035278618,0.18764758110046387,0.2435840219259262,0.005857394076883793,0.5741851329803467,1.529880404472351,2.11863778076804e-07,6.199766635894775,6.26426867711416e-07,9.002553997561336e-05,0.0004938669153489172,0.2541302740573883,0.2165929675102234,0.010139469988644123,0.5038682818412781,1.513952612876892,,,,,,,,,,,,,,
300,model.layers.12.mlp.up_proj.weight,3584,1024,0.00027901785714285713,0.0002241433394374326,2.671457290649414,0.00022486349917016923,0.7883437871932983,0.0003397433611098677,0.22767069935798645,0.23838602006435394,0.007013528607785702,0.4951202869415283,1.5133535861968994,1.0931046290352242e-08,5.680181503295898,-2.042997039097827e-05,9.082974429475144e-05,0.00040110587724484503,0.26213791966438293,0.21095605194568634,0.00940695870667696,0.4966042935848236,1.511493444442749,,,,,,,,,,,,,,
300,model.layers.12.mlp.down_proj.weight,1024,3584,0.00027901785714285713,0.00025463729980401695,5.189693450927734,0.0002469211467541754,0.7563601732254028,0.00014183191524352878,0.21570225059986115,0.2701345682144165,0.02387983351945877,0.5018255114555359,1.3817991018295288,7.86084708437329e-09,5.513928413391113,-9.141622285824269e-06,9.081880853045732e-05,0.0001689655618974939,0.2468215823173523,0.2371019870042801,0.025896653532981873,0.46766722202301025,1.3671904802322388,8.0,0.07349969446659088,0.07412786781787872,0.8843212723731995,-1.0103882232215255e-05,-0.0032015484757721424,2.018132209777832,,0.0015757447108626366,-0.00026037244242616,-0.005413028411567211,0.03693880885839462,,
300,model.layers.22.mlp.gate_proj.weight,3584,1024,0.00027901785714285713,0.00019564913236536086,2.8602311611175537,0.0002325810637557879,0.14636655151844025,0.000726416939869523,0.18017879128456116,0.25844013690948486,0.006979112513363361,0.5549519062042236,1.5237855911254883,2.7407434117776575e-06,7.601960182189941,0.0003590720007196069,8.164665632648394e-05,0.0005505052977241576,0.23114201426506042,0.22871772944927216,0.010057870298624039,0.5028519034385681,1.505365252494812,,,,,,,,,,,,,0.19195708632469177,0.2061311900615692
300,model.layers.22.mlp.up_proj.weight,3584,1024,0.00027901785714285713,0.0002581172448117286,2.9326984882354736,0.0003092314873356372,0.33198732137680054,0.0008182853343896568,0.16749419271945953,0.30422818660736084,0.01230284757912159,0.5863678455352783,1.511883020401001,5.629896904224552e-08,7.282527446746826,-4.812134284293279e-05,8.295026054838672e-05,0.00041089465958066285,0.22156357765197754,0.24749217927455902,0.01157164853066206,0.5080229640007019,1.5075998306274414,,,,,,,,,,,,,,
300,model.layers.22.mlp.down_proj.weight,1024,3584,0.00027901785714285713,0.00032411571010015905,2.737954616546631,0.00036521852598525584,0.30883535742759705,0.0002086911554215476,0.11332400888204575,0.40419936180114746,0.006753547582775354,0.5736331939697266,1.4840047359466553,2.7915561418012658e-08,5.444893836975098,-4.774771514348686e-05,8.382152009289712e-05,0.00024112893152050674,0.20294222235679626,0.2799336016178131,0.00977926142513752,0.5437290072441101,1.4556382894515991,8.0,0.06541507691144943,0.0756271556019783,0.8285630941390991,-6.4765058596094605e-06,-0.0015231617726385593,0.4038853645324707,,-0.004235945176333189,-0.0001989302400033921,-0.003457292914390564,0.09599513560533524,,
300,model.layers.1.linear_attn.in_proj_qkv.weight,6144,1024,0.00016276041666666666,0.00014747458044439554,2.414132833480835,0.0004398670862428844,0.3662794828414917,0.00025861826725304127,0.18682420253753662,0.2641634941101074,0.005741436500102282,0.5194514393806458,1.537350058555603,3.0601238449889934e-06,7.878389835357666,-0.0002170778316212818,0.00011871127935592085,0.00022956798784434795,0.2519785761833191,0.22443968057632446,0.00970145408064127,0.5089595317840576,1.525172233581543,8.0,0.07414023578166962,0.06370291858911514,0.870108962059021,4.366388566268142e-06,-0.004876172170042992,0.2579188346862793,,-0.0002870549215003848,-0.0041318535804748535,-0.014064117334783077,0.08313282579183578,,
300,model.layers.1.linear_attn.out_proj.weight,1024,2048,0.00048828125,0.00022014990099705756,1.359703540802002,0.00017151396605186164,0.847365140914917,0.0005361538496799767,0.12626248598098755,0.36001506447792053,0.012222127057611942,0.5157127380371094,1.4533519744873047,2.2099496277405706e-07,7.742518424987793,3.1398369173984975e-05,6.966941873542964e-05,0.0003846056933980435,0.24137207865715027,0.2398698776960373,0.012164507992565632,0.5069357752799988,1.4533324241638184,,,,,,,,,,,,,,
300,model.layers.12.linear_attn.in_proj_qkv.weight,6144,1024,0.00016276041666666666,7.048499537631869e-05,2.5984575748443604,-3.101234324276447e-05,0.4665626883506775,0.0003968974342569709,0.1584688127040863,0.2552106976509094,0.003209622111171484,0.6038806438446045,1.5529208183288574,5.5927439461811446e-06,7.179777145385742,0.0007973643369041383,0.00012252786837052554,0.0004799944581463933,0.24389655888080597,0.22424562275409698,0.008576673455536366,0.5127918124198914,1.5339199304580688,8.0,0.07074273377656937,0.07428954541683197,0.8408898115158081,-3.6688898035208695e-06,-0.0024386297445744276,0.22645732760429382,,0.0026311224792152643,-0.0008243140182457864,-0.012284498661756516,0.07736510038375854,,
300,model.layers.12.linear_attn.out_proj.weight,1024,2048,0.00048828125,0.0003084354102611542,2.3727641105651855,0.0005458109080791473,0.6596605181694031,4.533884202828631e-05,0.17195120453834534,0.31975576281547546,0.018151720985770226,0.5029442310333252,1.4137060642242432,4.593208302594576e-08,4.322829246520996,3.5030025173909962e-06,6.852249498479068e-05,0.00017752379062585533,0.23996593058109283,0.24650295078754425,0.021569255739450455,0.48426443338394165,1.4039291143417358,,,,,,,,,,,,,,
300,model.layers.21.linear_attn.in_proj_qkv.weight,6144,1024,0.00016276041666666666,0.00010338973515899852,3.373857021331787,-0.00040319786057807505,0.11506544053554535,0.0006471196538768709,0.18793661892414093,0.24918298423290253,0.005587714724242687,0.563910186290741,1.5425465106964111,1.319875900662737e-05,8.964897155761719,-0.00012805438018403947,0.00010717279656091705,0.00043548736721277237,0.23783278465270996,0.23177596926689148,0.0101946871727705,0.4923109710216522,1.5290778875350952,8.0,0.08617918193340302,0.0838254764676094,0.8685517311096191,2.696382352951332e-07,0.00014113234647084028,0.015055546537041664,0.0019105346296417161,0.006960202939808369,0.0020281809847801924,0.00207267003133893,0.0524437315762043,,
300,model.layers.21.linear_attn.out_proj.weight,1024,2048,0.00048828125,0.0004080737417098135,2.48368501663208,0.0013365390477702022,0.20222145318984985,0.00012402076390571892,0.1463909149169922,0.36585119366645813,0.008625231683254242,0.5611868500709534,1.4615036249160767,1.0031347130734503e-07,4.3335490226745605,-3.983567876275629e-05,6.347013550112024e-05,0.00014711645781062543,0.21681742370128632,0.2678685486316681,0.01322514284402132,0.5216436982154846,1.4519461393356323,,,,,,,,,,,,,,
